index,subject_id,filename,path,label,true_label,classifier_pred,classifier_conf,classifier_correct,tta_original_pred,tta_original_conf,tta_original_correct,tta_rot3_pred,tta_rot3_conf,tta_rot3_correct,tta_rot-3_pred,tta_rot-3_conf,tta_rot-3_correct,tta_shiftx3_pred,tta_shiftx3_conf,tta_shiftx3_correct,tta_shiftx-3_pred,tta_shiftx-3_conf,tta_shiftx-3_correct,tta_shifty3_pred,tta_shifty3_conf,tta_shifty3_correct,tta_shifty-3_pred,tta_shifty-3_conf,tta_shifty-3_correct,tta_scale102_pred,tta_scale102_conf,tta_scale102_correct,tta_scale98_pred,tta_scale98_conf,tta_scale98_correct,tta_avg_pred,tta_avg_conf,tta_avg_correct,baseline_correct,focus_error
0,1,1_10.bmp,preprocessed_results\1\1_10.bmp,0,0,0,0.8631633520126343,True,0,0.8631633520126343,True,0,0.858763575553894,True,0,0.8734009265899658,True,0,0.8063907027244568,True,0,0.8617275357246399,True,0,0.8604240417480469,True,0,0.8268205523490906,True,0,0.8525338172912598,True,0,0.865414559841156,True,0,0.8550022840499878,True,True,False
1,2,2_9.bmp,preprocessed_results\2\2_9.bmp,1,1,1,0.8465989828109741,True,1,0.8465989828109741,True,1,0.8670070767402649,True,1,0.8699028491973877,True,1,0.8719347715377808,True,1,0.8412224650382996,True,1,0.8318316340446472,True,1,0.8806235790252686,True,1,0.8613294363021851,True,1,0.8667259812355042,True,1,0.8620074391365051,True,True,False
2,3,3_8.bmp,preprocessed_results\3\3_8.bmp,2,2,2,0.8064694404602051,True,2,0.8064694404602051,True,2,0.7271496653556824,True,2,0.874126136302948,True,2,0.8120327591896057,True,2,0.7750173211097717,True,2,0.8131622672080994,True,2,0.7865280508995056,True,2,0.793254554271698,True,2,0.8182434439659119,True,2,0.8063482046127319,True,True,False
3,4,4_6.bmp,preprocessed_results\4\4_6.bmp,3,3,3,0.9398890137672424,True,3,0.9398890137672424,True,3,0.9438937902450562,True,3,0.9530061483383179,True,3,0.9485781788825989,True,3,0.9501098394393921,True,3,0.9418069124221802,True,3,0.9620950818061829,True,3,0.9420731067657471,True,3,0.9596272110939026,True,3,0.950651228427887,True,True,False
4,5,5_10.bmp,preprocessed_results\5\5_10.bmp,4,4,4,0.8858635425567627,True,4,0.8858635425567627,True,4,0.8649012446403503,True,4,0.9295108914375305,True,4,0.8954398036003113,True,4,0.9020476341247559,True,4,0.8938199877738953,True,4,0.8633989691734314,True,4,0.879196047782898,True,4,0.8742929100990295,True,4,0.8914992809295654,True,True,False
5,6,6_6.bmp,preprocessed_results\6\6_6.bmp,5,5,5,0.676199197769165,True,5,0.676199197769165,True,5,0.663669764995575,True,5,0.682756245136261,True,5,0.5945258736610413,True,5,0.6010558009147644,True,5,0.6913955807685852,True,5,0.7390052080154419,True,5,0.6299319863319397,True,5,0.64702969789505,True,5,0.6632860898971558,True,True,False
6,7,7_10.bmp,preprocessed_results\7\7_10.bmp,6,6,6,0.9071363210678101,True,6,0.9071363210678101,True,6,0.9193421006202698,True,6,0.8279454708099365,True,6,0.8940814137458801,True,6,0.9275751113891602,True,6,0.8751220703125,True,6,0.8879197835922241,True,6,0.8723854422569275,True,6,0.8700659871101379,True,6,0.892375111579895,True,True,False
7,8,8_4.bmp,preprocessed_results\8\8_4.bmp,7,7,7,0.6113207340240479,True,7,0.6113207340240479,True,7,0.7453089952468872,True,7,0.6994051337242126,True,7,0.654186487197876,True,7,0.6221340298652649,True,7,0.7296743988990784,True,7,0.733037531375885,True,7,0.5599481463432312,True,7,0.5908144116401672,True,7,0.6686826944351196,True,True,False
8,9,9_10.bmp,preprocessed_results\9\9_10.bmp,8,8,8,0.6330338716506958,True,8,0.6330338716506958,True,8,0.5538583397865295,True,8,0.6295321583747864,True,8,0.6448757648468018,True,8,0.6015844345092773,True,8,0.5173002481460571,True,8,0.6327846050262451,True,8,0.5386455655097961,True,8,0.638981819152832,True,8,0.6047013401985168,True,True,False
9,10,10_5.bmp,preprocessed_results\10\10_5.bmp,9,9,9,0.8471059203147888,True,9,0.8471059203147888,True,9,0.8867557048797607,True,9,0.8815969824790955,True,9,0.7382782101631165,True,9,0.7903921604156494,True,9,0.8255364894866943,True,9,0.8318221569061279,True,9,0.8497709035873413,True,9,0.8486478924751282,True,9,0.8416721820831299,True,True,False
10,11,11_3.bmp,preprocessed_results\11\11_3.bmp,10,10,10,0.9531998038291931,True,10,0.9531998038291931,True,10,0.9529712796211243,True,10,0.9515668749809265,True,10,0.9566717743873596,True,10,0.954048752784729,True,10,0.9462398290634155,True,10,0.942589282989502,True,10,0.9493154287338257,True,10,0.9455313086509705,True,10,0.9513167142868042,True,True,False
11,12,12_2.bmp,preprocessed_results\12\12_2.bmp,11,11,11,0.9114067554473877,True,11,0.9114067554473877,True,11,0.9235565662384033,True,11,0.9099661707878113,True,11,0.9192464351654053,True,11,0.9300832748413086,True,11,0.880692720413208,True,11,0.9061691164970398,True,11,0.8890555500984192,True,11,0.9031527042388916,True,11,0.9106635451316833,True,True,False
12,13,13_2.bmp,preprocessed_results\13\13_2.bmp,12,12,12,0.4664141535758972,True,12,0.4664141535758972,True,12,0.518824577331543,True,12,0.2213125079870224,True,12,0.45254218578338623,True,12,0.4242405593395233,True,12,0.5628007650375366,True,12,0.6199392080307007,True,12,0.4809897840023041,True,12,0.525967001914978,True,12,0.4775172173976898,True,True,False
13,14,14_6.bmp,preprocessed_results\14\14_6.bmp,13,13,13,0.7113608717918396,True,13,0.7113608717918396,True,13,0.7456498742103577,True,13,0.7725346088409424,True,13,0.6742949485778809,True,13,0.5915866494178772,True,13,0.5910420417785645,True,13,0.7532397508621216,True,13,0.6907430291175842,True,13,0.7278946042060852,True,13,0.7026886940002441,True,True,False
14,15,15_10.bmp,preprocessed_results\15\15_10.bmp,14,14,14,0.68983393907547,True,14,0.68983393907547,True,14,0.7522519826889038,True,14,0.8204656839370728,True,14,0.7350472807884216,True,14,0.8195528984069824,True,14,0.7896297574043274,True,14,0.8630949258804321,True,14,0.7484356760978699,True,14,0.7483156323432922,True,14,0.784755527973175,True,True,False
15,16,16_2.bmp,preprocessed_results\16\16_2.bmp,15,15,15,0.9390303492546082,True,15,0.9390303492546082,True,15,0.9325984120368958,True,15,0.9465042948722839,True,15,0.9321699738502502,True,15,0.9473625421524048,True,15,0.9201156497001648,True,15,0.9627072215080261,True,15,0.9277957677841187,True,15,0.9292039275169373,True,15,0.9397704601287842,True,True,False
16,17,17_4.bmp,preprocessed_results\17\17_4.bmp,16,16,16,0.34057164192199707,True,16,0.34057164192199707,True,16,0.26399022340774536,True,16,0.37443968653678894,True,16,0.263653039932251,True,16,0.3086194694042206,True,16,0.40725111961364746,True,16,0.3225259482860565,True,16,0.28998687863349915,True,16,0.3037037253379822,True,16,0.3230196535587311,True,True,False
17,18,18_7.bmp,preprocessed_results\18\18_7.bmp,17,17,17,0.7959723472595215,True,17,0.7959723472595215,True,17,0.7850412130355835,True,17,0.8158881664276123,True,17,0.8440529704093933,True,17,0.7298044562339783,True,17,0.7247873544692993,True,17,0.7052724361419678,True,17,0.758853018283844,True,17,0.7387369275093079,True,17,0.7732498645782471,True,True,False
18,19,19_10.bmp,preprocessed_results\19\19_10.bmp,18,18,18,0.880692720413208,True,18,0.880692720413208,True,18,0.8722752928733826,True,18,0.8483269214630127,True,18,0.8880850672721863,True,18,0.9012422561645508,True,18,0.8212005496025085,True,18,0.8795261383056641,True,18,0.8208664059638977,True,18,0.8165817260742188,True,18,0.8629196882247925,True,True,False
19,20,20_8.bmp,preprocessed_results\20\20_8.bmp,19,19,19,0.6618437767028809,True,19,0.6618437767028809,True,19,0.8003873229026794,True,19,0.7232416868209839,True,19,0.7733128666877747,True,19,0.7449591755867004,True,19,0.6500093340873718,True,19,0.7000792622566223,True,19,0.7993277311325073,True,19,0.7106435894966125,True,19,0.7368090748786926,True,True,False
20,21,21_4.bmp,preprocessed_results\21\21_4.bmp,20,20,20,0.9394803643226624,True,20,0.9394803643226624,True,20,0.9572926163673401,True,20,0.9270225167274475,True,20,0.9451500177383423,True,20,0.936107873916626,True,20,0.9407070279121399,True,20,0.9328005313873291,True,20,0.9134295582771301,True,20,0.9371668100357056,True,20,0.9388585090637207,True,True,False
21,22,22_10.bmp,preprocessed_results\22\22_10.bmp,21,21,21,0.8600710034370422,True,21,0.8600710034370422,True,21,0.8878344297409058,True,21,0.8049297332763672,True,21,0.9036458134651184,True,21,0.8422428965568542,True,21,0.8036139011383057,True,21,0.8430910706520081,True,21,0.8431729674339294,True,21,0.8273246884346008,True,21,0.8521762490272522,True,True,False
22,23,23_1.bmp,preprocessed_results\23\23_1.bmp,22,22,22,0.6504406929016113,True,22,0.6504406929016113,True,22,0.7432417869567871,True,22,0.6857545971870422,True,22,0.7059882879257202,True,22,0.733619213104248,True,22,0.7175965905189514,True,22,0.6948572993278503,True,22,0.6927907466888428,True,22,0.7241654992103577,True,22,0.7091299891471863,True,True,False
23,24,24_3.bmp,preprocessed_results\24\24_3.bmp,23,23,23,0.8823447823524475,True,23,0.8823447823524475,True,23,0.8774849772453308,True,23,0.8343327045440674,True,23,0.9095069169998169,True,23,0.9342843890190125,True,23,0.9053536653518677,True,23,0.9008881449699402,True,23,0.8795954585075378,True,23,0.914253830909729,True,23,0.8979212045669556,True,True,False
24,25,25_6.bmp,preprocessed_results\25\25_6.bmp,24,24,24,0.8627546429634094,True,24,0.8627546429634094,True,24,0.7938583493232727,True,24,0.8837642669677734,True,24,0.8850041031837463,True,24,0.8664983510971069,True,24,0.8550446629524231,True,24,0.8594661355018616,True,24,0.8515878915786743,True,24,0.8984438180923462,True,24,0.8668696284294128,True,True,False
25,26,26_7.bmp,preprocessed_results\26\26_7.bmp,25,25,25,0.2703947126865387,True,25,0.2703947126865387,True,25,0.3081827759742737,True,25,0.4406411945819855,True,25,0.3044222593307495,True,25,0.35016778111457825,True,25,0.2616194784641266,True,25,0.3531745970249176,True,25,0.33592626452445984,True,25,0.25315794348716736,True,25,0.32231879234313965,True,True,False
26,27,27_3.bmp,preprocessed_results\27\27_3.bmp,26,26,26,0.8684828281402588,True,26,0.8684828281402588,True,26,0.8480507135391235,True,26,0.90785813331604,True,26,0.8839306831359863,True,26,0.8881629705429077,True,26,0.8726204037666321,True,26,0.8493529558181763,True,26,0.8541788458824158,True,26,0.8571012020111084,True,26,0.8734280467033386,True,True,False
27,28,28_10.bmp,preprocessed_results\28\28_10.bmp,27,27,27,0.9185556173324585,True,27,0.9185556173324585,True,27,0.9285128712654114,True,27,0.9122586846351624,True,27,0.9258437156677246,True,27,0.9437857270240784,True,27,0.9221910834312439,True,27,0.941824734210968,True,27,0.93549644947052,True,27,0.942999541759491,True,27,0.9319698214530945,True,True,False
28,29,29_2.bmp,preprocessed_results\29\29_2.bmp,28,28,28,0.7608127593994141,True,28,0.7608127593994141,True,28,0.7787391543388367,True,28,0.8080542087554932,True,28,0.7571227550506592,True,28,0.853838324546814,True,28,0.8411333560943604,True,28,0.7242929339408875,True,28,0.7267704606056213,True,28,0.7876726388931274,True,28,0.7886298894882202,True,True,False
29,30,30_1.bmp,preprocessed_results\30\30_1.bmp,29,29,29,0.8694574236869812,True,29,0.8694574236869812,True,29,0.9022835493087769,True,29,0.8794670104980469,True,29,0.9036864638328552,True,29,0.8595548272132874,True,29,0.9112192392349243,True,29,0.8985607028007507,True,29,0.8891758918762207,True,29,0.9017773270606995,True,29,0.8931314945220947,True,True,False
30,31,31_2.bmp,preprocessed_results\31\31_2.bmp,30,30,30,0.7716529965400696,True,30,0.7716529965400696,True,30,0.6762530207633972,True,30,0.7193760871887207,True,30,0.7844927310943604,True,30,0.7443432807922363,True,30,0.6945545673370361,True,30,0.7373286485671997,True,30,0.7970530390739441,True,30,0.7346521615982056,True,30,0.7457828521728516,True,True,False
31,32,32_1.bmp,preprocessed_results\32\32_1.bmp,31,31,31,0.8517524003982544,True,31,0.8517524003982544,True,31,0.8692845702171326,True,31,0.8589003086090088,True,31,0.832948625087738,True,31,0.8833914399147034,True,31,0.8054612874984741,True,31,0.8170058727264404,True,31,0.8365656137466431,True,31,0.8558259010314941,True,31,0.8500241041183472,True,True,False
32,33,33_2.bmp,preprocessed_results\33\33_2.bmp,32,32,32,0.8976350426673889,True,32,0.8976350426673889,True,32,0.9065965414047241,True,32,0.924401581287384,True,32,0.865912675857544,True,32,0.9048070311546326,True,32,0.8387632369995117,True,32,0.8782278299331665,True,32,0.9060345888137817,True,32,0.8789021968841553,True,32,0.8937408924102783,True,True,False
33,34,34_9.bmp,preprocessed_results\34\34_9.bmp,33,33,33,0.8977234363555908,True,33,0.8977234363555908,True,33,0.936223566532135,True,33,0.9140492081642151,True,33,0.8917471170425415,True,33,0.9165068864822388,True,33,0.9360220432281494,True,33,0.9361473917961121,True,33,0.8928424119949341,True,33,0.9122479557991028,True,33,0.917357325553894,True,True,False
34,35,35_5.bmp,preprocessed_results\35\35_5.bmp,34,34,34,0.7228754162788391,True,34,0.7228754162788391,True,34,0.6934441328048706,True,34,0.6561304330825806,True,34,0.7917413711547852,True,34,0.6851519346237183,True,34,0.7449844479560852,True,34,0.6641401648521423,True,34,0.7352591753005981,True,34,0.6651520729064941,True,34,0.7118402719497681,True,True,False
35,36,36_1.bmp,preprocessed_results\36\36_1.bmp,35,35,35,0.7176422476768494,True,35,0.7176422476768494,True,35,0.7358059883117676,True,35,0.6923902630805969,True,35,0.7417159676551819,True,35,0.7529028654098511,True,35,0.7236647605895996,True,35,0.7111639380455017,True,35,0.69123774766922,True,35,0.6535696983337402,True,35,0.7170408368110657,True,True,False
36,37,37_10.bmp,preprocessed_results\37\37_10.bmp,36,36,36,0.49501994252204895,True,36,0.49501994252204895,True,36,0.4855811297893524,True,36,0.5134868025779724,True,36,0.48766934871673584,True,36,0.6358631253242493,True,36,0.2780604958534241,True,36,0.44372129440307617,True,36,0.5803537368774414,True,36,0.4888973832130432,True,36,0.494289755821228,True,True,False
37,38,38_8.bmp,preprocessed_results\38\38_8.bmp,37,37,37,0.15391963720321655,True,37,0.15391963720321655,True,37,0.12390445172786713,True,37,0.09832034260034561,True,37,0.13838332891464233,True,37,0.10813675075769424,True,37,0.09982909262180328,True,37,0.11405335366725922,True,37,0.17072832584381104,True,37,0.1321624368429184,True,37,0.12742118537425995,True,True,False
38,39,39_4.bmp,preprocessed_results\39\39_4.bmp,38,38,38,0.25514134764671326,True,38,0.25514134764671326,True,38,0.3489784896373749,True,38,0.3242863416671753,True,38,0.2853603959083557,True,38,0.28512483835220337,True,38,0.32667747139930725,True,38,0.3560604155063629,True,38,0.3725984990596771,True,38,0.27841055393218994,True,38,0.318915456533432,True,True,False
39,40,40_4.bmp,preprocessed_results\40\40_4.bmp,39,39,39,0.6981061697006226,True,39,0.6981061697006226,True,39,0.6746808290481567,True,39,0.6075294613838196,True,39,0.5253345370292664,True,39,0.7725345492362976,True,39,0.6786439418792725,True,39,0.7488446831703186,True,39,0.6485804915428162,True,39,0.6875818967819214,True,39,0.6802982687950134,True,True,False
40,41,41_2.bmp,preprocessed_results\41\41_2.bmp,40,40,40,0.7178331017494202,True,40,0.7178331017494202,True,40,0.5440385937690735,True,40,0.6799495816230774,True,40,0.7448849081993103,True,40,0.7193363904953003,True,40,0.5344855785369873,True,40,0.5302658677101135,True,40,0.6178242564201355,True,40,0.6532120108604431,True,40,0.6479426622390747,True,True,False
41,42,42_10.bmp,preprocessed_results\42\42_10.bmp,41,41,41,0.8731642961502075,True,41,0.8731642961502075,True,41,0.9262049794197083,True,41,0.9229627251625061,True,41,0.8912315368652344,True,41,0.9075473546981812,True,41,0.9021146297454834,True,41,0.8633548021316528,True,41,0.8648428320884705,True,41,0.9223043322563171,True,41,0.9018765091896057,True,True,False
42,43,43_1.bmp,preprocessed_results\43\43_1.bmp,42,42,42,0.7576074004173279,True,42,0.7576074004173279,True,42,0.6849125027656555,True,42,0.8509687185287476,True,42,0.788994550704956,True,42,0.742222249507904,True,42,0.736885130405426,True,42,0.794927716255188,True,42,0.7803031802177429,True,42,0.8057291507720947,True,42,0.7794256806373596,True,True,False
43,44,44_10.bmp,preprocessed_results\44\44_10.bmp,43,43,43,0.8136894702911377,True,43,0.8136894702911377,True,43,0.7704675793647766,True,43,0.6938635110855103,True,43,0.8502063155174255,True,43,0.8028521537780762,True,43,0.7710781097412109,True,43,0.7411835789680481,True,43,0.848359227180481,True,43,0.8190965056419373,True,43,0.7978578209877014,True,True,False
44,45,45_6.bmp,preprocessed_results\45\45_6.bmp,44,44,44,0.40634503960609436,True,44,0.40634503960609436,True,44,0.49744588136672974,True,44,0.49598199129104614,True,44,0.5440576672554016,True,44,0.4733670651912689,True,44,0.4236103296279907,True,44,0.5120054483413696,True,44,0.5586451888084412,True,44,0.48347052931785583,True,44,0.49608999490737915,True,True,False
45,46,46_10.bmp,preprocessed_results\46\46_10.bmp,45,45,45,0.4744769334793091,True,45,0.4744769334793091,True,45,0.4990446865558624,True,45,0.4746769666671753,True,45,0.5364757776260376,True,45,0.4475296139717102,True,45,0.5522034168243408,True,45,0.5408959984779358,True,45,0.3643207848072052,True,45,0.5009262561798096,True,45,0.49432894587516785,True,True,False
46,47,47_4.bmp,preprocessed_results\47\47_4.bmp,46,46,46,0.7765249013900757,True,46,0.7765249013900757,True,46,0.7543943524360657,True,46,0.8527413606643677,True,46,0.7226717472076416,True,46,0.8395342826843262,True,46,0.8329659700393677,True,46,0.8218585252761841,True,46,0.7561586499214172,True,46,0.7840702533721924,True,46,0.7995765805244446,True,True,False
47,48,48_10.bmp,preprocessed_results\48\48_10.bmp,47,47,47,0.5440671443939209,True,47,0.5440671443939209,True,47,0.7575826644897461,True,47,0.4973243176937103,True,47,0.5998142957687378,True,47,0.6288099884986877,True,47,0.6558375954627991,True,47,0.509095311164856,True,47,0.5690310001373291,True,47,0.6392531991004944,True,47,0.6096280217170715,True,True,False
48,49,49_4.bmp,preprocessed_results\49\49_4.bmp,48,48,48,0.7063506841659546,True,48,0.7063506841659546,True,48,0.7724873423576355,True,48,0.7275980114936829,True,48,0.6708369255065918,True,48,0.7799792289733887,True,48,0.7631323933601379,True,48,0.7832434177398682,True,48,0.7442107200622559,True,48,0.7700786590576172,True,48,0.7519178986549377,True,True,False
49,50,50_6.bmp,preprocessed_results\50\50_6.bmp,49,49,49,0.752548098564148,True,49,0.752548098564148,True,49,0.6790990233421326,True,49,0.6693018078804016,True,49,0.7905559539794922,True,49,0.8032689094543457,True,49,0.6018869280815125,True,49,0.7347072958946228,True,49,0.735933780670166,True,49,0.7458490133285522,True,49,0.7332556247711182,True,True,False
50,51,51_1.bmp,preprocessed_results\51\51_1.bmp,50,50,50,0.1032743901014328,True,50,0.1032743901014328,True,50,0.11873217672109604,True,50,0.09758130460977554,True,50,0.14264684915542603,True,50,0.09897464513778687,True,50,0.152787446975708,True,50,0.10700861364603043,True,50,0.11612646281719208,True,50,0.10708343982696533,True,50,0.11634186655282974,True,True,False
51,52,52_10.bmp,preprocessed_results\52\52_10.bmp,51,51,51,0.8671277761459351,True,51,0.8671277761459351,True,51,0.8468768000602722,True,51,0.9084851741790771,True,51,0.8323396444320679,True,51,0.8718165159225464,True,51,0.8531286120414734,True,51,0.9126939177513123,True,51,0.8356392979621887,True,51,0.8881985545158386,True,51,0.8731577396392822,True,True,False
52,53,53_8.bmp,preprocessed_results\53\53_8.bmp,52,52,52,0.48471176624298096,True,52,0.48471176624298096,True,52,0.47407588362693787,True,52,0.4805464446544647,True,52,0.5327398777008057,True,52,0.5184655785560608,True,52,0.4667723774909973,True,52,0.581821084022522,True,52,0.5990513563156128,True,52,0.3949732184410095,True,52,0.5085828304290771,True,True,False
53,54,54_6.bmp,preprocessed_results\54\54_6.bmp,53,53,53,0.9725531339645386,True,53,0.9725531339645386,True,53,0.9456045031547546,True,53,0.9729486107826233,True,53,0.9756525754928589,True,53,0.9692401885986328,True,53,0.9559732675552368,True,53,0.9566314220428467,True,53,0.9658344388008118,True,53,0.9561946988105774,True,53,0.9651925563812256,True,True,False
54,55,55_7.bmp,preprocessed_results\55\55_7.bmp,54,54,54,0.8485325574874878,True,54,0.8485325574874878,True,54,0.824592649936676,True,54,0.8498818874359131,True,54,0.8649418354034424,True,54,0.8633130788803101,True,54,0.8504467010498047,True,54,0.8084469437599182,True,54,0.8516772389411926,True,54,0.8147165179252625,True,54,0.8462070822715759,True,True,False
55,56,56_10.bmp,preprocessed_results\56\56_10.bmp,55,55,55,0.9509603977203369,True,55,0.9509603977203369,True,55,0.9581342339515686,True,55,0.9690098762512207,True,55,0.9676876068115234,True,55,0.9483019709587097,True,55,0.9574824571609497,True,55,0.9365355372428894,True,55,0.9571738839149475,True,55,0.9609599709510803,True,55,0.9579237103462219,True,True,False
56,57,57_1.bmp,preprocessed_results\57\57_1.bmp,56,56,56,0.6699109673500061,True,56,0.6699109673500061,True,56,0.6286823749542236,True,56,0.6023190021514893,True,56,0.7375501990318298,True,56,0.5992318987846375,True,56,0.6718493103981018,True,56,0.6040734052658081,True,56,0.6489791870117188,True,56,0.6465242505073547,True,56,0.6509885787963867,True,True,False
57,58,58_6.bmp,preprocessed_results\58\58_6.bmp,57,57,57,0.90452641248703,True,57,0.90452641248703,True,57,0.8945168256759644,True,57,0.9056828022003174,True,57,0.9168984889984131,True,57,0.8963170647621155,True,57,0.885129451751709,True,57,0.9098643660545349,True,57,0.9027721881866455,True,57,0.9333948493003845,True,57,0.907992422580719,True,True,False
58,59,59_2.bmp,preprocessed_results\59\59_2.bmp,58,58,58,0.7660346031188965,True,58,0.7660346031188965,True,58,0.7159256935119629,True,58,0.7996639013290405,True,58,0.8114900588989258,True,58,0.7670931220054626,True,58,0.6371657848358154,True,58,0.7322878241539001,True,58,0.7895824909210205,True,58,0.6795501112937927,True,58,0.7511643171310425,True,True,False
59,60,60_7.bmp,preprocessed_results\60\60_7.bmp,59,59,59,0.3707946836948395,True,59,0.3707946836948395,True,59,0.5367783904075623,True,59,0.36119309067726135,True,59,0.27584928274154663,True,59,0.32838696241378784,True,59,0.3660636842250824,True,59,0.30684325098991394,True,59,0.4168245494365692,True,59,0.3781590163707733,True,59,0.37246471643447876,True,True,False
60,61,61_2.bmp,preprocessed_results\61\61_2.bmp,60,60,60,0.8531892895698547,True,60,0.8531892895698547,True,60,0.843065083026886,True,60,0.8228063583374023,True,60,0.8378767371177673,True,60,0.8056292533874512,True,60,0.7401458024978638,True,60,0.8226730823516846,True,60,0.8265827298164368,True,60,0.8292087912559509,True,60,0.8244999051094055,True,True,False
61,62,62_4.bmp,preprocessed_results\62\62_4.bmp,61,61,61,0.9455268979072571,True,61,0.9455268979072571,True,61,0.9445305466651917,True,61,0.934508204460144,True,61,0.9408819675445557,True,61,0.9502638578414917,True,61,0.9651994109153748,True,61,0.9496044516563416,True,61,0.9533955454826355,True,61,0.9459784626960754,True,61,0.9493037462234497,True,True,False
62,63,63_8.bmp,preprocessed_results\63\63_8.bmp,62,62,62,0.6609289050102234,True,62,0.6609289050102234,True,62,0.733362078666687,True,62,0.6711334586143494,True,62,0.6668441295623779,True,62,0.6312815546989441,True,62,0.6650397181510925,True,62,0.6936006546020508,True,62,0.602922797203064,True,62,0.708805501461029,True,62,0.6756038069725037,True,True,False
63,64,64_10.bmp,preprocessed_results\64\64_10.bmp,63,63,63,0.7415394186973572,True,63,0.7415394186973572,True,63,0.7899209856987,True,63,0.7434024214744568,True,63,0.6788583397865295,True,63,0.717854380607605,True,63,0.9049983620643616,True,63,0.7482386827468872,True,63,0.8006551265716553,True,63,0.8131847977638245,True,63,0.7854729890823364,True,True,False
64,65,65_6.bmp,preprocessed_results\65\65_6.bmp,64,64,64,0.36047104001045227,True,64,0.36047104001045227,True,64,0.4978936016559601,True,64,0.49896764755249023,True,64,0.5023054480552673,True,64,0.4699530303478241,True,64,0.40902483463287354,True,64,0.4236314296722412,True,64,0.49634888768196106,True,64,0.306887149810791,True,64,0.44412314891815186,True,True,False
65,66,66_4.bmp,preprocessed_results\66\66_4.bmp,65,65,65,0.8434596061706543,True,65,0.8434596061706543,True,65,0.8563859462738037,True,65,0.7832357287406921,True,65,0.8400256633758545,True,65,0.8707352876663208,True,65,0.8048571348190308,True,65,0.7636683583259583,True,65,0.8273297548294067,True,65,0.8443199992179871,True,65,0.8314942717552185,True,True,False
66,67,67_4.bmp,preprocessed_results\67\67_4.bmp,66,66,66,0.64483642578125,True,66,0.64483642578125,True,66,0.7308992743492126,True,66,0.7086300253868103,True,66,0.7523729801177979,True,66,0.6306949257850647,True,66,0.7497315406799316,True,66,0.6894077658653259,True,66,0.6184453964233398,True,66,0.8170204758644104,True,66,0.713212788105011,True,True,False
67,68,68_7.bmp,preprocessed_results\68\68_7.bmp,67,67,67,0.6974768042564392,True,67,0.6974768042564392,True,67,0.7882714867591858,True,67,0.7261176109313965,True,67,0.6804608106613159,True,67,0.7668154835700989,True,67,0.674193799495697,True,67,0.6945019960403442,True,67,0.7277825474739075,True,67,0.6171523332595825,True,67,0.7155130505561829,True,True,False
68,69,69_2.bmp,preprocessed_results\69\69_2.bmp,68,68,68,0.06657788902521133,True,68,0.06657788902521133,True,68,0.06499459594488144,True,68,0.06988834589719772,True,68,0.05554081127047539,True,68,0.05647376924753189,True,68,0.08269631862640381,True,68,0.05371837317943573,True,68,0.06373561918735504,True,68,0.05844082310795784,True,68,0.0638834536075592,True,True,False
69,70,70_5.bmp,preprocessed_results\70\70_5.bmp,69,69,69,0.8862303495407104,True,69,0.8862303495407104,True,69,0.8628842830657959,True,69,0.9032598733901978,True,69,0.8922045230865479,True,69,0.8791577816009521,True,69,0.8727544546127319,True,69,0.9033247828483582,True,69,0.852938711643219,True,69,0.9191831350326538,True,69,0.8890349268913269,True,True,False
70,71,71_8.bmp,preprocessed_results\71\71_8.bmp,70,70,70,0.8438364863395691,True,70,0.8438364863395691,True,70,0.7941036224365234,True,70,0.8554205298423767,True,70,0.840621292591095,True,70,0.8935601711273193,True,70,0.7636508345603943,True,70,0.870721697807312,True,70,0.8795995116233826,True,70,0.8219089508056641,True,70,0.8473345637321472,True,True,False
71,72,72_3.bmp,preprocessed_results\72\72_3.bmp,71,71,71,0.8158780336380005,True,71,0.8158780336380005,True,71,0.8362222909927368,True,71,0.9068268537521362,True,71,0.8605767488479614,True,71,0.7906131744384766,True,71,0.7863124012947083,True,71,0.8260326981544495,True,71,0.8555634617805481,True,71,0.8000099062919617,True,71,0.8383653163909912,True,True,False
72,73,73_7.bmp,preprocessed_results\73\73_7.bmp,72,72,72,0.8700188994407654,True,72,0.8700188994407654,True,72,0.9021015167236328,True,72,0.9272155165672302,True,72,0.8684337735176086,True,72,0.8443792462348938,True,72,0.9121184945106506,True,72,0.8954325914382935,True,72,0.9389652013778687,True,72,0.8765852451324463,True,72,0.8986119627952576,True,True,False
73,74,74_10.bmp,preprocessed_results\74\74_10.bmp,73,73,73,0.9532715082168579,True,73,0.9532715082168579,True,73,0.9359948635101318,True,73,0.965243935585022,True,73,0.9594861268997192,True,73,0.9294098615646362,True,73,0.9115413427352905,True,73,0.9566193222999573,True,73,0.9666600227355957,True,73,0.931341826915741,True,73,0.9497734308242798,True,True,False
74,75,75_10.bmp,preprocessed_results\75\75_10.bmp,74,74,74,0.8325760364532471,True,74,0.8325760364532471,True,74,0.838917076587677,True,74,0.9106138944625854,True,74,0.8619699478149414,True,74,0.9043353796005249,True,74,0.8052423596382141,True,74,0.8400963544845581,True,74,0.8673221468925476,True,74,0.8667390942573547,True,74,0.8635656833648682,True,True,False
75,76,76_5.bmp,preprocessed_results\76\76_5.bmp,75,75,75,0.12419352680444717,True,75,0.12419352680444717,True,75,0.07936540246009827,True,75,0.0629916563630104,True,75,0.12949450314044952,True,75,0.1127634346485138,True,75,0.11785716563463211,True,75,0.13260065019130707,True,75,0.11212346702814102,True,75,0.09075109660625458,True,75,0.10661884397268295,True,True,False
76,77,77_7.bmp,preprocessed_results\77\77_7.bmp,76,76,76,0.6664981245994568,True,76,0.6664981245994568,True,76,0.4426945745944977,True,76,0.5748216509819031,True,76,0.6562313437461853,True,76,0.6775006055831909,True,76,0.6625725030899048,True,76,0.46560680866241455,True,76,0.617540717124939,True,76,0.44564005732536316,True,76,0.5882695913314819,True,True,False
77,78,78_8.bmp,preprocessed_results\78\78_8.bmp,77,77,77,0.7061053514480591,True,77,0.7061053514480591,True,77,0.5163283944129944,True,77,0.5184068083763123,True,77,0.6445388197898865,True,77,0.6087501645088196,True,77,0.530007541179657,True,77,0.5804235339164734,True,77,0.6037977337837219,True,77,0.5195825695991516,True,77,0.5891934037208557,True,True,False
78,79,79_10.bmp,preprocessed_results\79\79_10.bmp,78,78,78,0.9349691867828369,True,78,0.9349691867828369,True,78,0.9376257061958313,True,78,0.9466161131858826,True,78,0.9448928833007812,True,78,0.93825364112854,True,78,0.9573344588279724,True,78,0.9372583031654358,True,78,0.9063020944595337,True,78,0.9411723613739014,True,78,0.9407467842102051,True,True,False
79,80,80_7.bmp,preprocessed_results\80\80_7.bmp,79,79,79,0.8685833811759949,True,79,0.8685833811759949,True,79,0.8554133772850037,True,79,0.7226381301879883,True,79,0.8692745566368103,True,79,0.8368096947669983,True,79,0.8268187642097473,True,79,0.8411740064620972,True,79,0.8685837388038635,True,79,0.8644111752510071,True,79,0.8471741080284119,True,True,False
80,81,81_9.bmp,preprocessed_results\81\81_9.bmp,80,80,80,0.7947043776512146,True,80,0.7947043776512146,True,80,0.7406327128410339,True,80,0.714887797832489,True,80,0.7847927212715149,True,80,0.7580623030662537,True,80,0.7315081357955933,True,80,0.7189647555351257,True,80,0.7478669881820679,True,80,0.7337052226066589,True,80,0.7514172196388245,True,True,False
81,82,82_7.bmp,preprocessed_results\82\82_7.bmp,81,81,81,0.9209654927253723,True,81,0.9209654927253723,True,81,0.8998448252677917,True,81,0.8880172371864319,True,81,0.9212880730628967,True,81,0.9406285285949707,True,81,0.9364093542098999,True,81,0.9009873867034912,True,81,0.9255967140197754,True,81,0.918160080909729,True,81,0.9197507500648499,True,True,False
82,83,83_4.bmp,preprocessed_results\83\83_4.bmp,82,82,82,0.7170032262802124,True,82,0.7170032262802124,True,82,0.6656665205955505,True,82,0.6407402753829956,True,82,0.4619472324848175,True,82,0.682186484336853,True,82,0.6247626543045044,True,82,0.5169564485549927,True,82,0.622700035572052,True,82,0.4068959951400757,True,82,0.604939341545105,True,True,False
83,84,84_6.bmp,preprocessed_results\84\84_6.bmp,83,83,83,0.13246460258960724,True,83,0.13246460258960724,True,83,0.15606127679347992,True,83,0.09860367327928543,True,83,0.10270073264837265,True,83,0.08957478404045105,True,83,0.21223008632659912,True,83,0.19884514808654785,True,83,0.12861298024654388,True,83,0.11422121524810791,True,83,0.1357804834842682,True,True,False
84,85,85_3.bmp,preprocessed_results\85\85_3.bmp,84,84,84,0.9490369558334351,True,84,0.9490369558334351,True,84,0.9516736268997192,True,84,0.9563847184181213,True,84,0.9482874870300293,True,84,0.9547579288482666,True,84,0.9354474544525146,True,84,0.9528673887252808,True,84,0.9440550804138184,True,84,0.9384641051292419,True,84,0.949497401714325,True,True,False
85,86,86_7.bmp,preprocessed_results\86\86_7.bmp,85,85,85,0.2763306200504303,True,85,0.2763306200504303,True,85,0.2404232621192932,True,85,0.33626410365104675,True,85,0.25601112842559814,True,85,0.24994133412837982,True,85,0.35364896059036255,True,85,0.297315776348114,True,85,0.27116233110427856,True,85,0.27566513419151306,True,85,0.28761300444602966,True,True,False
86,87,87_4.bmp,preprocessed_results\87\87_4.bmp,86,86,86,0.8595315217971802,True,86,0.8595315217971802,True,86,0.8649064898490906,True,86,0.861090898513794,True,86,0.8568025231361389,True,86,0.8479822874069214,True,86,0.8774675130844116,True,86,0.8326084017753601,True,86,0.8520633578300476,True,86,0.8816702365875244,True,86,0.8622535467147827,True,True,False
87,88,88_7.bmp,preprocessed_results\88\88_7.bmp,87,87,87,0.7251014113426208,True,87,0.7251014113426208,True,87,0.8197545409202576,True,87,0.779722273349762,True,87,0.7567694783210754,True,87,0.7623711824417114,True,87,0.5572537183761597,True,87,0.6851196885108948,True,87,0.684241533279419,True,87,0.7329937815666199,True,87,0.7330744862556458,True,True,False
88,89,89_2.bmp,preprocessed_results\89\89_2.bmp,88,88,88,0.803765594959259,True,88,0.803765594959259,True,88,0.8448980450630188,True,88,0.8559252023696899,True,88,0.7856394052505493,True,88,0.7044252753257751,True,88,0.8289822936058044,True,88,0.8881728649139404,True,88,0.8202270269393921,True,88,0.8138142228126526,True,88,0.8244181275367737,True,True,False
89,90,90_10.bmp,preprocessed_results\90\90_10.bmp,89,89,89,0.14384889602661133,True,89,0.14384889602661133,True,89,0.21547576785087585,True,89,0.17296957969665527,True,89,0.25572469830513,True,89,0.1253066062927246,True,89,0.14747704565525055,True,89,0.15756215155124664,True,89,0.1303378790616989,True,89,0.2626309096813202,True,89,0.1785862147808075,True,True,False
90,91,91_8.bmp,preprocessed_results\91\91_8.bmp,90,90,90,0.9119883179664612,True,90,0.9119883179664612,True,90,0.8929488658905029,True,90,0.9151507616043091,True,90,0.8998618125915527,True,90,0.9079039692878723,True,90,0.8557508587837219,True,90,0.8962092399597168,True,90,0.9031127691268921,True,90,0.9062997698783875,True,90,0.9014801383018494,True,True,False
91,92,92_9.bmp,preprocessed_results\92\92_9.bmp,91,91,91,0.7361910343170166,True,91,0.7361910343170166,True,91,0.7708864808082581,True,91,0.7850951552391052,True,91,0.7490541934967041,True,91,0.7559615969657898,True,91,0.8196995854377747,True,91,0.7161390781402588,True,91,0.7288661003112793,True,91,0.7325300574302673,True,91,0.760453462600708,True,True,False
92,93,93_4.bmp,preprocessed_results\93\93_4.bmp,92,92,92,0.6905696988105774,True,92,0.6905696988105774,True,92,0.7018608450889587,True,92,0.6950898766517639,True,92,0.7590084075927734,True,92,0.6595457196235657,True,92,0.7389399409294128,True,92,0.6139176487922668,True,92,0.734126627445221,True,92,0.6139777302742004,True,92,0.6974678635597229,True,True,False
93,94,94_6.bmp,preprocessed_results\94\94_6.bmp,93,93,93,0.6772571206092834,True,93,0.6772571206092834,True,93,0.6644195318222046,True,93,0.5917845964431763,True,93,0.7141770124435425,True,93,0.6584779620170593,True,93,0.59771728515625,True,93,0.6393836736679077,True,93,0.6192447543144226,True,93,0.8114671111106873,True,93,0.6718544960021973,True,True,False
94,95,95_7.bmp,preprocessed_results\95\95_7.bmp,94,94,94,0.9168914556503296,True,94,0.9168914556503296,True,94,0.9074786901473999,True,94,0.9237767457962036,True,94,0.9136759638786316,True,94,0.9201291799545288,True,94,0.9011955857276917,True,94,0.8715994954109192,True,94,0.9269067645072937,True,94,0.8739374876022339,True,94,0.9091112017631531,True,True,False
95,96,96_8.bmp,preprocessed_results\96\96_8.bmp,95,95,95,0.9012727737426758,True,95,0.9012727737426758,True,95,0.8655875325202942,True,95,0.9171616435050964,True,95,0.9191442131996155,True,95,0.9482538104057312,True,95,0.8669406771659851,True,95,0.8295225501060486,True,95,0.9283801317214966,True,95,0.8832657337188721,True,95,0.9038021564483643,True,True,False
96,97,97_9.bmp,preprocessed_results\97\97_9.bmp,96,96,96,0.3567577004432678,True,96,0.3567577004432678,True,96,0.25779494643211365,True,96,0.44904452562332153,True,96,0.4506133794784546,True,96,0.29634082317352295,True,96,0.2994188070297241,True,96,0.4227173328399658,True,96,0.3427395224571228,True,96,0.44433456659317017,True,96,0.3713551163673401,True,True,False
97,98,98_7.bmp,preprocessed_results\98\98_7.bmp,97,97,97,0.7338079810142517,True,97,0.7338079810142517,True,97,0.796617329120636,True,97,0.8342182636260986,True,97,0.8213539719581604,True,97,0.7968212366104126,True,97,0.6122699975967407,True,97,0.7145300507545471,True,97,0.800316572189331,True,97,0.6866096258163452,True,97,0.7638239860534668,True,True,False
98,99,99_3.bmp,preprocessed_results\99\99_3.bmp,98,98,98,0.8129511475563049,True,98,0.8129511475563049,True,98,0.7743383646011353,True,98,0.7538025379180908,True,98,0.7496716976165771,True,98,0.7438024282455444,True,98,0.7925453782081604,True,98,0.8064264059066772,True,98,0.7704688310623169,True,98,0.8160899877548218,True,98,0.7850987315177917,True,True,False
99,100,100_4.bmp,preprocessed_results\100\100_4.bmp,99,99,99,0.8823524713516235,True,99,0.8823524713516235,True,99,0.9299742579460144,True,99,0.9171614646911621,True,99,0.8995572328567505,True,99,0.920248806476593,True,99,0.8884655833244324,True,99,0.8510395884513855,True,99,0.8853673934936523,True,99,0.8898031115531921,True,99,0.9003044366836548,True,True,False
100,101,101_5.bmp,preprocessed_results\101\101_5.bmp,100,100,100,0.8051997423171997,True,100,0.8051997423171997,True,100,0.7378139495849609,True,100,0.8350573778152466,True,100,0.6499262452125549,True,100,0.7673149108886719,True,100,0.8298168778419495,True,100,0.7984511852264404,True,100,0.7575637698173523,True,100,0.8222960829734802,True,100,0.7873498797416687,True,True,False
101,102,102_4.bmp,preprocessed_results\102\102_4.bmp,101,101,101,0.9545896053314209,True,101,0.9545896053314209,True,101,0.9695945382118225,True,101,0.9260767698287964,True,101,0.9423094391822815,True,101,0.9497454762458801,True,101,0.9368859529495239,True,101,0.9628196954727173,True,101,0.9596347808837891,True,101,0.9599062204360962,True,101,0.9544589519500732,True,True,False
102,103,103_6.bmp,preprocessed_results\103\103_6.bmp,102,102,102,0.5618621706962585,True,102,0.5618621706962585,True,102,0.6705756783485413,True,102,0.4628707766532898,True,102,0.6496740579605103,True,102,0.5790055990219116,True,102,0.620524525642395,True,102,0.6711066365242004,True,102,0.5859869122505188,True,102,0.7267935276031494,True,102,0.6214609742164612,True,True,False
103,104,104_8.bmp,preprocessed_results\104\104_8.bmp,103,103,103,0.6170749068260193,True,103,0.6170749068260193,True,103,0.5876209139823914,True,103,0.5037158727645874,True,103,0.54998779296875,True,103,0.6037009954452515,True,103,0.644411027431488,True,103,0.6255072951316833,True,103,0.5180552005767822,True,103,0.6189027428627014,True,103,0.5897040963172913,True,True,False
104,105,105_4.bmp,preprocessed_results\105\105_4.bmp,104,104,104,0.7743268609046936,True,104,0.7743268609046936,True,104,0.7912753820419312,True,104,0.8145027756690979,True,104,0.7856448888778687,True,104,0.7067244052886963,True,104,0.8468548655509949,True,104,0.839874804019928,True,104,0.7643712759017944,True,104,0.8265675902366638,True,104,0.8007283806800842,True,True,False
105,106,106_4.bmp,preprocessed_results\106\106_4.bmp,105,105,105,0.6369590759277344,True,105,0.6369590759277344,True,105,0.6324995160102844,True,105,0.7340019941329956,True,105,0.651217520236969,True,105,0.5607644319534302,True,105,0.7293747663497925,True,105,0.6690613031387329,True,105,0.6524888277053833,True,105,0.5997995138168335,True,105,0.6597869992256165,True,True,False
106,107,107_10.bmp,preprocessed_results\107\107_10.bmp,106,106,106,0.6763492226600647,True,106,0.6763492226600647,True,106,0.7708214521408081,True,106,0.6166924238204956,True,106,0.8123643398284912,True,106,0.5995703339576721,True,106,0.7592031955718994,True,106,0.6896558403968811,True,106,0.6265350580215454,True,106,0.6746900081634521,True,106,0.7028694152832031,True,True,False
107,108,108_7.bmp,preprocessed_results\108\108_7.bmp,107,107,107,0.9411050081253052,True,107,0.9411050081253052,True,107,0.9546335935592651,True,107,0.9522972106933594,True,107,0.9510534405708313,True,107,0.9331790804862976,True,107,0.9295681715011597,True,107,0.9410512447357178,True,107,0.9529535174369812,True,107,0.8563055396080017,True,107,0.9404917359352112,True,True,False
108,109,109_10.bmp,preprocessed_results\109\109_10.bmp,108,108,108,0.9137986898422241,True,108,0.9137986898422241,True,108,0.9161869883537292,True,108,0.9097188115119934,True,108,0.913025975227356,True,108,0.9164901971817017,True,108,0.9024350047111511,True,108,0.9014922380447388,True,108,0.8598722219467163,True,108,0.9182589054107666,True,108,0.9080640077590942,True,True,False
109,110,110_9.bmp,preprocessed_results\110\110_9.bmp,109,109,109,0.7459663152694702,True,109,0.7459663152694702,True,109,0.77720707654953,True,109,0.8000465631484985,True,109,0.8215848207473755,True,109,0.7773273587226868,True,109,0.778722882270813,True,109,0.7506561875343323,True,109,0.8347901105880737,True,109,0.6884177327156067,True,109,0.7805047035217285,True,True,False
110,111,111_7.bmp,preprocessed_results\111\111_7.bmp,110,110,110,0.9081689119338989,True,110,0.9081689119338989,True,110,0.9203670024871826,True,110,0.9054670333862305,True,110,0.892081081867218,True,110,0.9136370420455933,True,110,0.8962485790252686,True,110,0.8745354413986206,True,110,0.904523491859436,True,110,0.8979915976524353,True,110,0.9036420583724976,True,True,False
111,112,112_1.bmp,preprocessed_results\112\112_1.bmp,111,111,111,0.8779328465461731,True,111,0.8779328465461731,True,111,0.8684452772140503,True,111,0.8839682936668396,True,111,0.8374680876731873,True,111,0.8577182292938232,True,111,0.8914740085601807,True,111,0.8276362419128418,True,111,0.915310263633728,True,111,0.8680880069732666,True,111,0.8743868470191956,True,True,False
112,113,113_2.bmp,preprocessed_results\113\113_2.bmp,112,112,112,0.8939965963363647,True,112,0.8939965963363647,True,112,0.9089696407318115,True,112,0.9302113652229309,True,112,0.9436039328575134,True,112,0.9163622260093689,True,112,0.844050943851471,True,112,0.9244329929351807,True,112,0.9329242706298828,True,112,0.9044955968856812,True,112,0.9159345626831055,True,True,False
113,114,114_1.bmp,preprocessed_results\114\114_1.bmp,113,113,113,0.8663328886032104,True,113,0.8663328886032104,True,113,0.8614275455474854,True,113,0.7966436743736267,True,113,0.8250539302825928,True,113,0.8401563167572021,True,113,0.8534944653511047,True,113,0.8432294726371765,True,113,0.8444401025772095,True,113,0.8470360636711121,True,113,0.8476174473762512,True,True,False
114,115,115_5.bmp,preprocessed_results\115\115_5.bmp,114,114,114,0.885643482208252,True,114,0.885643482208252,True,114,0.8554580807685852,True,114,0.8727307915687561,True,114,0.8653153777122498,True,114,0.8385862708091736,True,114,0.8783376216888428,True,114,0.8102431893348694,True,114,0.8830977082252502,True,114,0.8137111663818359,True,114,0.8614369034767151,True,True,False
115,116,116_8.bmp,preprocessed_results\116\116_8.bmp,115,115,115,0.6770203113555908,True,115,0.6770203113555908,True,115,0.8205845952033997,True,115,0.791315495967865,True,115,0.7159134149551392,True,115,0.5607131719589233,True,115,0.7416840195655823,True,115,0.741114616394043,True,115,0.7094273567199707,True,115,0.6317238807678223,True,115,0.7198396325111389,True,True,False
116,117,117_6.bmp,preprocessed_results\117\117_6.bmp,116,116,116,0.7850069403648376,True,116,0.7850069403648376,True,116,0.8311604261398315,True,116,0.7975962162017822,True,116,0.7252957820892334,True,116,0.8002411127090454,True,116,0.8194848895072937,True,116,0.8230323791503906,True,116,0.7414667010307312,True,116,0.7866656184196472,True,116,0.795242190361023,True,True,False
117,118,118_1.bmp,preprocessed_results\118\118_1.bmp,117,117,117,0.4283372461795807,True,117,0.4283372461795807,True,117,0.44307786226272583,True,117,0.4829712510108948,True,117,0.4139651358127594,True,117,0.43515142798423767,True,117,0.4725077152252197,True,117,0.42115962505340576,True,117,0.3851684629917145,True,117,0.3922656774520874,True,117,0.4335956275463104,True,True,False
118,119,119_9.bmp,preprocessed_results\119\119_9.bmp,118,118,118,0.5939656496047974,True,118,0.5939656496047974,True,118,0.7820101976394653,True,118,0.5681816935539246,True,118,0.6647028923034668,True,118,0.7302422523498535,True,118,0.5867818593978882,True,118,0.6501665115356445,True,118,0.6903145909309387,True,118,0.7210830450057983,True,118,0.6756169199943542,True,True,False
119,120,120_7.bmp,preprocessed_results\120\120_7.bmp,119,119,119,0.7792988419532776,True,119,0.7792988419532776,True,119,0.6961491703987122,True,119,0.7675683498382568,True,119,0.7063072919845581,True,119,0.699951708316803,True,119,0.761090099811554,True,119,0.7151748538017273,True,119,0.823521614074707,True,119,0.8060193061828613,True,119,0.7577128410339355,True,True,False
120,121,121_7.bmp,preprocessed_results\121\121_7.bmp,120,120,120,0.7314594388008118,True,120,0.7314594388008118,True,120,0.7461518049240112,True,120,0.7630299925804138,True,120,0.7050992250442505,True,120,0.7266266942024231,True,120,0.7800928950309753,True,120,0.6898019313812256,True,120,0.7205566763877869,True,120,0.7943577766418457,True,120,0.7451785206794739,True,True,False
121,122,122_4.bmp,preprocessed_results\122\122_4.bmp,121,121,121,0.8678409457206726,True,121,0.8678409457206726,True,121,0.9115501046180725,True,121,0.869513213634491,True,121,0.8956095576286316,True,121,0.8626130819320679,True,121,0.8437476754188538,True,121,0.8430448174476624,True,121,0.843198299407959,True,121,0.883041501045227,True,121,0.8729432225227356,True,True,False
122,123,123_9.bmp,preprocessed_results\123\123_9.bmp,122,122,122,0.9131482243537903,True,122,0.9131482243537903,True,122,0.8948339223861694,True,122,0.8998162150382996,True,122,0.9222137928009033,True,122,0.8991539478302002,True,122,0.9232214689254761,True,122,0.9216666221618652,True,122,0.9140126705169678,True,122,0.9220089316368103,True,122,0.9146422743797302,True,True,False
123,124,124_9.bmp,preprocessed_results\124\124_9.bmp,123,123,123,0.8126758933067322,True,123,0.8126758933067322,True,123,0.7735835313796997,True,123,0.8313592672348022,True,123,0.8174886107444763,True,123,0.8519896268844604,True,123,0.7882675528526306,True,123,0.8049945831298828,True,123,0.8086147904396057,True,123,0.7978511452674866,True,123,0.8150939345359802,True,True,False
124,125,125_9.bmp,preprocessed_results\125\125_9.bmp,124,124,124,0.4893262982368469,True,124,0.4893262982368469,True,124,0.433074951171875,True,124,0.5181376934051514,True,124,0.5157606601715088,True,124,0.46499890089035034,True,124,0.4248175024986267,True,124,0.4278569221496582,True,124,0.5071650743484497,True,124,0.4139666259288788,True,124,0.4710491895675659,True,True,False
125,126,126_9.bmp,preprocessed_results\126\126_9.bmp,125,125,125,0.9177438020706177,True,125,0.9177438020706177,True,125,0.9059551954269409,True,125,0.8942471742630005,True,125,0.9164131879806519,True,125,0.9137880206108093,True,125,0.8960045576095581,True,125,0.9044256806373596,True,125,0.8971795439720154,True,125,0.9007889628410339,True,125,0.9081153869628906,True,True,False
126,127,127_2.bmp,preprocessed_results\127\127_2.bmp,126,126,126,0.7141808867454529,True,126,0.7141808867454529,True,126,0.6937571167945862,True,126,0.7537082433700562,True,126,0.6991173624992371,True,126,0.7907983064651489,True,126,0.7034763693809509,True,126,0.8786137700080872,True,126,0.7330477833747864,True,126,0.6820878386497498,True,126,0.7495065927505493,True,True,False
127,128,128_4.bmp,preprocessed_results\128\128_4.bmp,127,127,127,0.8992472290992737,True,127,0.8992472290992737,True,127,0.9183822274208069,True,127,0.9090543389320374,True,127,0.9227342009544373,True,127,0.8789459466934204,True,127,0.9066420793533325,True,127,0.9143375158309937,True,127,0.9120867848396301,True,127,0.8986648917198181,True,127,0.9086689352989197,True,True,False
128,129,129_8.bmp,preprocessed_results\129\129_8.bmp,128,128,128,0.9681828022003174,True,128,0.9681828022003174,True,128,0.9634970426559448,True,128,0.9643998146057129,True,128,0.9650550484657288,True,128,0.9586308002471924,True,128,0.9644182324409485,True,128,0.9644715785980225,True,128,0.9670295119285583,True,128,0.9674358367919922,True,128,0.9655260443687439,True,True,False
129,130,130_7.bmp,preprocessed_results\130\130_7.bmp,129,129,129,0.6680905818939209,True,129,0.6680905818939209,True,129,0.6207354068756104,True,129,0.516616702079773,True,129,0.6327048540115356,True,129,0.6574460864067078,True,129,0.6125200390815735,True,129,0.648790717124939,True,129,0.6114712953567505,True,129,0.6820858120918274,True,129,0.6317102909088135,True,True,False
130,131,131_7.bmp,preprocessed_results\131\131_7.bmp,130,130,130,0.8091608881950378,True,130,0.8091608881950378,True,130,0.8320527672767639,True,130,0.7759031057357788,True,130,0.8484956622123718,True,130,0.8030075430870056,True,130,0.8161331415176392,True,130,0.7519562244415283,True,130,0.8072924613952637,True,130,0.7859970927238464,True,130,0.8077424168586731,True,True,False
131,132,132_6.bmp,preprocessed_results\132\132_6.bmp,131,131,131,0.9578326940536499,True,131,0.9578326940536499,True,131,0.9575798511505127,True,131,0.9594917297363281,True,131,0.9515541195869446,True,131,0.9709996581077576,True,131,0.9669817090034485,True,131,0.9593080878257751,True,131,0.9665136933326721,True,131,0.9521013498306274,True,131,0.9620826244354248,True,True,False
132,133,133_3.bmp,preprocessed_results\133\133_3.bmp,132,132,132,0.9017687439918518,True,132,0.9017687439918518,True,132,0.9164695739746094,True,132,0.9302997589111328,True,132,0.922086775302887,True,132,0.939527690410614,True,132,0.8996836543083191,True,132,0.9103220105171204,True,132,0.9086805582046509,True,132,0.8920727372169495,True,132,0.9158546924591064,True,True,False
133,134,134_6.bmp,preprocessed_results\134\134_6.bmp,133,133,133,0.8012570738792419,True,133,0.8012570738792419,True,133,0.8805878162384033,True,133,0.8460622429847717,True,133,0.8308472633361816,True,133,0.8101098537445068,True,133,0.8678907752037048,True,133,0.7881645560264587,True,133,0.8132451176643372,True,133,0.8541777729988098,True,133,0.8379082083702087,True,True,False
134,135,135_3.bmp,preprocessed_results\135\135_3.bmp,134,134,134,0.556259036064148,True,134,0.556259036064148,True,134,0.5569262504577637,True,134,0.5444404482841492,True,134,0.5941289663314819,True,134,0.5326319336891174,True,134,0.5553679466247559,True,134,0.6554103493690491,True,134,0.6264815330505371,True,134,0.5544929504394531,True,134,0.5790969133377075,True,True,False
135,136,136_1.bmp,preprocessed_results\136\136_1.bmp,135,135,135,0.913929283618927,True,135,0.913929283618927,True,135,0.9275984764099121,True,135,0.9202802181243896,True,135,0.9063071608543396,True,135,0.8796412944793701,True,135,0.8955873847007751,True,135,0.9340190291404724,True,135,0.8908058404922485,True,135,0.8812150955200195,True,135,0.9088222980499268,True,True,False
136,137,137_9.bmp,preprocessed_results\137\137_9.bmp,136,136,136,0.6461436748504639,True,136,0.6461436748504639,True,136,0.7049146294593811,True,136,0.6661946177482605,True,136,0.730407178401947,True,136,0.7431020736694336,True,136,0.7412684559822083,True,136,0.6511685848236084,True,136,0.73280930519104,True,136,0.7033134698867798,True,136,0.7075995802879333,True,True,False
137,138,138_10.bmp,preprocessed_results\138\138_10.bmp,137,137,137,0.9231844544410706,True,137,0.9231844544410706,True,137,0.9363487362861633,True,137,0.8989449143409729,True,137,0.9226004481315613,True,137,0.9158504009246826,True,137,0.9244707822799683,True,137,0.8792259693145752,True,137,0.8963146805763245,True,137,0.9319928884506226,True,137,0.9182184934616089,True,True,False
138,139,139_4.bmp,preprocessed_results\139\139_4.bmp,138,138,138,0.8119584321975708,True,138,0.8119584321975708,True,138,0.8619933128356934,True,138,0.8907716870307922,True,138,0.899362325668335,True,138,0.8681498169898987,True,138,0.8109799027442932,True,138,0.8153110146522522,True,138,0.8564589619636536,True,138,0.8999268412590027,True,138,0.8639788031578064,True,True,False
139,140,140_2.bmp,preprocessed_results\140\140_2.bmp,139,139,139,0.3606409728527069,True,139,0.3606409728527069,True,139,0.32687923312187195,True,139,0.34370818734169006,True,139,0.38760438561439514,True,139,0.3161361813545227,True,139,0.3759262263774872,True,139,0.3779601454734802,True,139,0.416395902633667,True,139,0.31185588240623474,True,139,0.3614327907562256,True,True,False
140,141,141_4.bmp,preprocessed_results\141\141_4.bmp,140,140,140,0.09681278467178345,True,140,0.09681278467178345,True,140,0.11518364399671555,True,140,0.09520434588193893,True,140,0.1280370056629181,True,140,0.09102481603622437,True,140,0.11902061104774475,True,140,0.13769909739494324,True,140,0.0689573660492897,True,140,0.13330276310443878,True,140,0.11020592600107193,True,True,False
141,142,142_7.bmp,preprocessed_results\142\142_7.bmp,141,141,141,0.792802095413208,True,141,0.792802095413208,True,141,0.7493063807487488,True,141,0.6054660677909851,True,141,0.7932008504867554,True,141,0.7290047407150269,True,141,0.7531562447547913,True,141,0.6818912625312805,True,141,0.756165087223053,True,141,0.5855706930160522,True,141,0.7254515886306763,True,True,False
142,143,143_9.bmp,preprocessed_results\143\143_9.bmp,142,142,142,0.9677585959434509,True,142,0.9677585959434509,True,142,0.9583396911621094,True,142,0.9726160168647766,True,142,0.9533606767654419,True,142,0.9539376497268677,True,142,0.959062397480011,True,142,0.9616071581840515,True,142,0.9633930325508118,True,142,0.9663196206092834,True,142,0.9630814790725708,True,True,False
143,144,144_6.bmp,preprocessed_results\144\144_6.bmp,143,143,143,0.7581901550292969,True,143,0.7581901550292969,True,143,0.8442209959030151,True,143,0.6893308162689209,True,143,0.7414137721061707,True,143,0.7233052253723145,True,143,0.7492424845695496,True,143,0.7371907830238342,True,143,0.7549221515655518,True,143,0.6233513951301575,True,143,0.7433983683586121,True,True,False
144,145,145_10.bmp,preprocessed_results\145\145_10.bmp,144,144,144,0.8683398365974426,True,144,0.8683398365974426,True,144,0.8687710165977478,True,144,0.8896483182907104,True,144,0.8038012385368347,True,144,0.787987470626831,True,144,0.8815402984619141,True,144,0.8222454190254211,True,144,0.8922805786132812,True,144,0.8666484951972961,True,144,0.8602818250656128,True,True,False
145,146,146_7.bmp,preprocessed_results\146\146_7.bmp,145,145,145,0.9414427280426025,True,145,0.9414427280426025,True,145,0.9125974178314209,True,145,0.9391597509384155,True,145,0.9207351207733154,True,145,0.8839247822761536,True,145,0.9449965953826904,True,145,0.9277705550193787,True,145,0.9154409170150757,True,145,0.907794177532196,True,145,0.9246416687965393,True,True,False
146,147,147_3.bmp,preprocessed_results\147\147_3.bmp,146,146,146,0.9466804265975952,True,146,0.9466804265975952,True,146,0.9236658811569214,True,146,0.9617980122566223,True,146,0.9343706965446472,True,146,0.9637949466705322,True,146,0.9220016598701477,True,146,0.9478878974914551,True,146,0.9603967070579529,True,146,0.9556381702423096,True,146,0.9496641159057617,True,True,False
147,148,148_5.bmp,preprocessed_results\148\148_5.bmp,147,147,147,0.8453212380409241,True,147,0.8453212380409241,True,147,0.8133267164230347,True,147,0.8178055882453918,True,147,0.7442882657051086,True,147,0.7590517997741699,True,147,0.8917859792709351,True,147,0.8569682240486145,True,147,0.8189746737480164,True,147,0.8618848323822021,True,147,0.831143856048584,True,True,False
148,149,149_10.bmp,preprocessed_results\149\149_10.bmp,148,148,148,0.9226207137107849,True,148,0.9226207137107849,True,148,0.9116577506065369,True,148,0.9424927830696106,True,148,0.9270837306976318,True,148,0.9422431588172913,True,148,0.9331279993057251,True,148,0.9400538206100464,True,148,0.8994123935699463,True,148,0.8925847411155701,True,148,0.9266955852508545,True,True,False
149,150,150_9.bmp,preprocessed_results\150\150_9.bmp,149,149,149,0.6511242985725403,True,149,0.6511242985725403,True,149,0.6219759583473206,True,149,0.6550039052963257,True,149,0.632083535194397,True,149,0.6931095123291016,True,149,0.6522398591041565,True,149,0.5790677666664124,True,149,0.6835843324661255,True,149,0.6740695238113403,True,149,0.6552804112434387,True,True,False
150,151,151_1.bmp,preprocessed_results\151\151_1.bmp,150,150,150,0.9696192741394043,True,150,0.9696192741394043,True,150,0.9727578163146973,True,150,0.9764951467514038,True,150,0.96291583776474,True,150,0.9718600511550903,True,150,0.9588966369628906,True,150,0.967159628868103,True,150,0.9696298241615295,True,150,0.9565097689628601,True,150,0.9684399962425232,True,True,False
151,152,152_3.bmp,preprocessed_results\152\152_3.bmp,151,151,151,0.9410602450370789,True,151,0.9410602450370789,True,151,0.9512267708778381,True,151,0.9325771331787109,True,151,0.9341778755187988,True,151,0.9240496754646301,True,151,0.9389475584030151,True,151,0.9541229605674744,True,151,0.935198187828064,True,151,0.930463969707489,True,151,0.939942479133606,True,True,False
152,153,153_6.bmp,preprocessed_results\153\153_6.bmp,152,152,152,0.9236617088317871,True,152,0.9236617088317871,True,152,0.9336469769477844,True,152,0.9417487382888794,True,152,0.9405232667922974,True,152,0.9417763352394104,True,152,0.9332459568977356,True,152,0.897422194480896,True,152,0.9487349390983582,True,152,0.9017435312271118,True,152,0.9323112964630127,True,True,False
153,154,154_4.bmp,preprocessed_results\154\154_4.bmp,153,153,153,0.9215909242630005,True,153,0.9215909242630005,True,153,0.9211872816085815,True,153,0.9083665609359741,True,153,0.8995604515075684,True,153,0.9093087911605835,True,153,0.925288200378418,True,153,0.8999068140983582,True,153,0.9462246298789978,True,153,0.8549326062202454,True,153,0.9139004349708557,True,True,False
154,155,155_1.bmp,preprocessed_results\155\155_1.bmp,154,154,154,0.7893965840339661,True,154,0.7893965840339661,True,154,0.7681902647018433,True,154,0.7622429728507996,True,154,0.6877140998840332,True,154,0.6302472352981567,True,154,0.6048987507820129,True,154,0.6015570163726807,True,154,0.6607267260551453,True,154,0.6051361560821533,True,154,0.6917944550514221,True,True,False
155,156,156_4.bmp,preprocessed_results\156\156_4.bmp,155,155,155,0.8509588241577148,True,155,0.8509588241577148,True,155,0.8779039978981018,True,155,0.8609845042228699,True,155,0.7961640954017639,True,155,0.8857094049453735,True,155,0.8215882778167725,True,155,0.8596609234809875,True,155,0.8914518356323242,True,155,0.8109225034713745,True,155,0.8558984994888306,True,True,False
156,157,157_4.bmp,preprocessed_results\157\157_4.bmp,156,156,156,0.9633311033248901,True,156,0.9633311033248901,True,156,0.94674152135849,True,156,0.9523741602897644,True,156,0.958389163017273,True,156,0.9537227749824524,True,156,0.9634272456169128,True,156,0.956917405128479,True,156,0.9510213136672974,True,156,0.9560686945915222,True,156,0.9574322700500488,True,True,False
157,158,158_8.bmp,preprocessed_results\158\158_8.bmp,157,157,157,0.5658396482467651,True,157,0.5658396482467651,True,157,0.6243072748184204,True,157,0.6169242858886719,True,157,0.6354871988296509,True,157,0.6206024885177612,True,157,0.5231853127479553,True,157,0.5786656141281128,True,157,0.624706506729126,True,157,0.5131120085716248,True,157,0.5936592221260071,True,True,False
158,159,159_1.bmp,preprocessed_results\159\159_1.bmp,158,158,158,0.5248377919197083,True,158,0.5248377919197083,True,158,0.5463265776634216,True,158,0.4492080509662628,True,158,0.4456416070461273,True,158,0.5487154722213745,True,158,0.43387824296951294,True,158,0.4500620365142822,True,158,0.5813455581665039,True,158,0.5146932601928711,True,158,0.5075521469116211,True,True,False
159,160,160_2.bmp,preprocessed_results\160\160_2.bmp,159,159,159,0.8864588737487793,True,159,0.8864588737487793,True,159,0.8897767663002014,True,159,0.8840625882148743,True,159,0.9038602709770203,True,159,0.8713046312332153,True,159,0.8679788708686829,True,159,0.8847516179084778,True,159,0.8786719441413879,True,159,0.8803514242172241,True,159,0.8851140141487122,True,True,False
160,161,161_2.bmp,preprocessed_results\161\161_2.bmp,160,160,160,0.9017195105552673,True,160,0.9017195105552673,True,160,0.8801906704902649,True,160,0.9176950454711914,True,160,0.8985471725463867,True,160,0.8995888233184814,True,160,0.9096599221229553,True,160,0.927303671836853,True,160,0.8902984261512756,True,160,0.8731624484062195,True,160,0.9027628898620605,True,True,False
161,162,162_1.bmp,preprocessed_results\162\162_1.bmp,161,161,161,0.8863945007324219,True,161,0.8863945007324219,True,161,0.9351770281791687,True,161,0.9213717579841614,True,161,0.8554080128669739,True,161,0.8452281355857849,True,161,0.9200802445411682,True,161,0.8983742594718933,True,161,0.9135452508926392,True,161,0.8945981860160828,True,161,0.9019989371299744,True,True,False
162,163,163_6.bmp,preprocessed_results\163\163_6.bmp,162,162,162,0.9492279887199402,True,162,0.9492279887199402,True,162,0.9415274858474731,True,162,0.9416598081588745,True,162,0.927432656288147,True,162,0.9447095394134521,True,162,0.951565146446228,True,162,0.955285370349884,True,162,0.9369184970855713,True,162,0.9364331960678101,True,162,0.9443432688713074,True,True,False
163,164,164_5.bmp,preprocessed_results\164\164_5.bmp,163,163,163,0.8984187841415405,True,163,0.8984187841415405,True,163,0.8702743053436279,True,163,0.9033560752868652,True,163,0.8495461344718933,True,163,0.8379066586494446,True,163,0.9164400100708008,True,163,0.8723880052566528,True,163,0.91060471534729,True,163,0.8704089522361755,True,163,0.8860936760902405,True,True,False
164,165,165_8.bmp,preprocessed_results\165\165_8.bmp,164,164,164,0.8928000330924988,True,164,0.8928000330924988,True,164,0.8675216436386108,True,164,0.9198693633079529,True,164,0.8822993040084839,True,164,0.8788111805915833,True,164,0.8993034362792969,True,164,0.888595461845398,True,164,0.8381494879722595,True,164,0.8982154130935669,True,164,0.8890409469604492,True,True,False
165,166,166_10.bmp,preprocessed_results\166\166_10.bmp,165,165,165,0.8527926802635193,True,165,0.8527926802635193,True,165,0.8180564641952515,True,165,0.851203441619873,True,165,0.8278869986534119,True,165,0.8278473615646362,True,165,0.8232528567314148,True,165,0.7943938970565796,True,165,0.8430197238922119,True,165,0.7902126908302307,True,165,0.8285815715789795,True,True,False
166,167,167_3.bmp,preprocessed_results\167\167_3.bmp,166,166,166,0.8802018761634827,True,166,0.8802018761634827,True,166,0.9249354004859924,True,166,0.9124904870986938,True,166,0.8610104918479919,True,166,0.8793091177940369,True,166,0.8467448353767395,True,166,0.8486620187759399,True,166,0.849444568157196,True,166,0.8541206121444702,True,166,0.8783782720565796,True,True,False
167,168,168_2.bmp,preprocessed_results\168\168_2.bmp,167,167,167,0.9491699934005737,True,167,0.9491699934005737,True,167,0.9564444422721863,True,167,0.9589687585830688,True,167,0.9357428550720215,True,167,0.9400899410247803,True,167,0.9424742460250854,True,167,0.9335233569145203,True,167,0.9514555931091309,True,167,0.9408850073814392,True,167,0.9469369053840637,True,True,False
168,169,169_5.bmp,preprocessed_results\169\169_5.bmp,168,168,168,0.8242639899253845,True,168,0.8242639899253845,True,168,0.8254425525665283,True,168,0.8380084037780762,True,168,0.8421757817268372,True,168,0.8466963171958923,True,168,0.8253818154335022,True,168,0.867332398891449,True,168,0.8205823302268982,True,168,0.8433968424797058,True,168,0.8394286036491394,True,True,False
169,170,170_5.bmp,preprocessed_results\170\170_5.bmp,169,169,169,0.8650164604187012,True,169,0.8650164604187012,True,169,0.9029784798622131,True,169,0.8756415247917175,True,169,0.8777945637702942,True,169,0.8794442415237427,True,169,0.8959612250328064,True,169,0.881645679473877,True,169,0.9212169647216797,True,169,0.87834632396698,True,169,0.8896998763084412,True,True,False
170,171,171_4.bmp,preprocessed_results\171\171_4.bmp,170,170,170,0.9142919778823853,True,170,0.9142919778823853,True,170,0.9294834733009338,True,170,0.9153292179107666,True,170,0.8840304017066956,True,170,0.9210500717163086,True,170,0.9468465447425842,True,170,0.9084529280662537,True,170,0.941044807434082,True,170,0.9191522598266602,True,170,0.9231520891189575,True,True,False
171,172,172_7.bmp,preprocessed_results\172\172_7.bmp,171,171,171,0.7902704477310181,True,171,0.7902704477310181,True,171,0.7526366114616394,True,171,0.8230250477790833,True,171,0.8193182349205017,True,171,0.8725488781929016,True,171,0.8374968767166138,True,171,0.7250771522521973,True,171,0.7818410396575928,True,171,0.8807041049003601,True,171,0.816646158695221,True,True,False
172,173,173_10.bmp,preprocessed_results\173\173_10.bmp,172,172,172,0.9509857296943665,True,172,0.9509857296943665,True,172,0.9536009430885315,True,172,0.9547492265701294,True,172,0.945026159286499,True,172,0.9402820467948914,True,172,0.9451000690460205,True,172,0.944169819355011,True,172,0.9271915555000305,True,172,0.9548931121826172,True,172,0.9474962949752808,True,True,False
173,174,174_7.bmp,preprocessed_results\174\174_7.bmp,173,173,173,0.7547030448913574,True,173,0.7547030448913574,True,173,0.7752495408058167,True,173,0.6393661499023438,True,173,0.5741514563560486,True,173,0.7771826982498169,True,173,0.7206131815910339,True,173,0.7175596356391907,True,173,0.621990978717804,True,173,0.6773998141288757,True,173,0.7034385800361633,True,True,False
174,175,175_9.bmp,preprocessed_results\175\175_9.bmp,174,174,174,0.9097277522087097,True,174,0.9097277522087097,True,174,0.8510509133338928,True,174,0.9088612198829651,True,174,0.8768328428268433,True,174,0.8871712684631348,True,174,0.8927651643753052,True,174,0.911540687084198,True,174,0.9040106534957886,True,174,0.8902501463890076,True,174,0.8955303430557251,True,True,False
175,176,176_9.bmp,preprocessed_results\176\176_9.bmp,175,175,175,0.8566604852676392,True,175,0.8566604852676392,True,175,0.8986766338348389,True,175,0.7917473912239075,True,175,0.8530834913253784,True,175,0.9071771502494812,True,175,0.8576677441596985,True,175,0.8477346301078796,True,175,0.8570978045463562,True,175,0.7364825010299683,True,175,0.8544575572013855,True,True,False
176,177,177_2.bmp,preprocessed_results\177\177_2.bmp,176,176,176,0.7974705100059509,True,176,0.7974705100059509,True,176,0.7335599660873413,True,176,0.8432347178459167,True,176,0.7391948699951172,True,176,0.7848762273788452,True,176,0.8544660806655884,True,176,0.8904133439064026,True,176,0.7475788593292236,True,176,0.796024739742279,True,176,0.807432234287262,True,True,False
177,178,178_6.bmp,preprocessed_results\178\178_6.bmp,177,177,177,0.389075368642807,True,177,0.389075368642807,True,177,0.35587507486343384,True,177,0.3079145550727844,True,177,0.3955247402191162,True,177,0.3492770493030548,True,177,0.2584080994129181,True,177,0.4805665910243988,True,177,0.40099966526031494,True,177,0.29250895977020264,True,177,0.36228105425834656,True,True,False
178,179,179_7.bmp,preprocessed_results\179\179_7.bmp,178,178,178,0.6486417651176453,True,178,0.6486417651176453,True,178,0.7725750207901001,True,178,0.646517813205719,True,178,0.6856599450111389,True,178,0.38732120394706726,True,178,0.69657963514328,True,178,0.5365595817565918,True,178,0.645478367805481,True,178,0.5181484818458557,True,178,0.6274181008338928,True,True,False
179,180,180_5.bmp,preprocessed_results\180\180_5.bmp,179,179,179,0.5399494171142578,True,179,0.5399494171142578,True,179,0.7882789969444275,True,179,0.6688246726989746,True,179,0.42995092272758484,True,179,0.5694296956062317,True,179,0.511183500289917,True,179,0.7275800108909607,True,179,0.5642235279083252,True,179,0.7250897288322449,True,179,0.6288792490959167,True,True,False
180,181,181_1.bmp,preprocessed_results\181\181_1.bmp,180,180,180,0.8198620676994324,True,180,0.8198620676994324,True,180,0.7596937417984009,True,180,0.7955617904663086,True,180,0.7877689599990845,True,180,0.8787820339202881,True,180,0.7753286361694336,True,180,0.7694260478019714,True,180,0.77866131067276,True,180,0.7482519745826721,True,180,0.7962266206741333,True,True,False
181,182,182_7.bmp,preprocessed_results\182\182_7.bmp,181,181,181,0.8398863077163696,True,181,0.8398863077163696,True,181,0.8952630758285522,True,181,0.8574753999710083,True,181,0.7578335404396057,True,181,0.8454511761665344,True,181,0.8660587072372437,True,181,0.8663238883018494,True,181,0.8724339008331299,True,181,0.8355734944343567,True,181,0.8544110059738159,True,True,False
182,183,183_7.bmp,preprocessed_results\183\183_7.bmp,182,182,182,0.9510960578918457,True,182,0.9510960578918457,True,182,0.9641942977905273,True,182,0.9710758924484253,True,182,0.9613304734230042,True,182,0.9459392428398132,True,182,0.9415667057037354,True,182,0.9462077617645264,True,182,0.9638158679008484,True,182,0.9639067649841309,True,182,0.9583163857460022,True,True,False
183,184,184_4.bmp,preprocessed_results\184\184_4.bmp,183,183,183,0.86472088098526,True,183,0.86472088098526,True,183,0.8695214986801147,True,183,0.895626425743103,True,183,0.8990815281867981,True,183,0.9120895266532898,True,183,0.8563175201416016,True,183,0.8611401915550232,True,183,0.8852999806404114,True,183,0.8904255032539368,True,183,0.8853325247764587,True,True,False
184,185,185_4.bmp,preprocessed_results\185\185_4.bmp,184,184,184,0.9727534055709839,True,184,0.9727534055709839,True,184,0.9696986675262451,True,184,0.9729146361351013,True,184,0.978905439376831,True,184,0.9765893816947937,True,184,0.9797006845474243,True,184,0.9819736480712891,True,184,0.9754250049591064,True,184,0.9752190709114075,True,184,0.9765245914459229,True,True,False
185,186,186_3.bmp,preprocessed_results\186\186_3.bmp,185,185,185,0.5050879120826721,True,185,0.5050879120826721,True,185,0.5998252630233765,True,185,0.5830426812171936,True,185,0.5191487669944763,True,185,0.5103923678398132,True,185,0.5488230586051941,True,185,0.4803137183189392,True,185,0.6124315857887268,True,185,0.5180673599243164,True,185,0.5467109084129333,True,True,False
186,187,187_3.bmp,preprocessed_results\187\187_3.bmp,186,186,186,0.8846266865730286,True,186,0.8846266865730286,True,186,0.8706890344619751,True,186,0.8753752112388611,True,186,0.8269276022911072,True,186,0.865085244178772,True,186,0.9068343639373779,True,186,0.9025910496711731,True,186,0.861435055732727,True,186,0.8600279092788696,True,186,0.87671959400177,True,True,False
187,188,188_2.bmp,preprocessed_results\188\188_2.bmp,187,187,187,0.9209112524986267,True,187,0.9209112524986267,True,187,0.904207706451416,True,187,0.8863286375999451,True,187,0.9285595417022705,True,187,0.8960696458816528,True,187,0.9207412004470825,True,187,0.8963581323623657,True,187,0.9000630974769592,True,187,0.9152743816375732,True,187,0.91007399559021,True,True,False
188,189,189_10.bmp,preprocessed_results\189\189_10.bmp,188,188,188,0.7061735391616821,True,188,0.7061735391616821,True,188,0.7296649217605591,True,188,0.7395121455192566,True,188,0.7390586733818054,True,188,0.7971209287643433,True,188,0.7775435447692871,True,188,0.7682868242263794,True,188,0.6561185121536255,True,188,0.7399463057518005,True,188,0.7440139651298523,True,True,False
189,190,190_3.bmp,preprocessed_results\190\190_3.bmp,189,189,189,0.866232693195343,True,189,0.866232693195343,True,189,0.8190418481826782,True,189,0.821761965751648,True,189,0.8425180315971375,True,189,0.875186562538147,True,189,0.859049916267395,True,189,0.8702683448791504,True,189,0.8416638970375061,True,189,0.8872449994087219,True,189,0.858139157295227,True,True,False
190,191,191_7.bmp,preprocessed_results\191\191_7.bmp,190,190,190,0.7709612250328064,True,190,0.7709612250328064,True,190,0.7214007377624512,True,190,0.6847583055496216,True,190,0.7854880094528198,True,190,0.7382198572158813,True,190,0.7503568530082703,True,190,0.8121566772460938,True,190,0.7731399536132812,True,190,0.8502116203308105,True,190,0.7724617123603821,True,True,False
191,192,192_4.bmp,preprocessed_results\192\192_4.bmp,191,191,191,0.8959282040596008,True,191,0.8959282040596008,True,191,0.9314348101615906,True,191,0.8992898464202881,True,191,0.8845289349555969,True,191,0.8791303038597107,True,191,0.8421812057495117,True,191,0.8968013525009155,True,191,0.885100781917572,True,191,0.8866081833839417,True,191,0.8942699432373047,True,True,False
192,193,193_8.bmp,preprocessed_results\193\193_8.bmp,192,192,192,0.9281956553459167,True,192,0.9281956553459167,True,192,0.9270775318145752,True,192,0.9596996307373047,True,192,0.9235537052154541,True,192,0.9518091082572937,True,192,0.9145530462265015,True,192,0.9073002934455872,True,192,0.923822820186615,True,192,0.9445959329605103,True,192,0.9347952604293823,True,True,False
193,194,194_1.bmp,preprocessed_results\194\194_1.bmp,193,193,193,0.3272334039211273,True,193,0.3272334039211273,True,193,0.3283563256263733,True,193,0.2978993058204651,True,193,0.3043389320373535,True,193,0.3496236503124237,True,193,0.4384656846523285,True,193,0.36652955412864685,True,193,0.29716452956199646,True,193,0.33645620942115784,True,193,0.34182626008987427,True,True,False
194,195,195_3.bmp,preprocessed_results\195\195_3.bmp,194,194,194,0.9491783976554871,True,194,0.9491783976554871,True,194,0.9333905577659607,True,194,0.92916339635849,True,194,0.9611725807189941,True,194,0.948884129524231,True,194,0.9236971139907837,True,194,0.9230167865753174,True,194,0.9512540102005005,True,194,0.9500673413276672,True,194,0.9434025287628174,True,True,False
195,196,196_7.bmp,preprocessed_results\196\196_7.bmp,195,195,195,0.9796812534332275,True,195,0.9796812534332275,True,195,0.9695004224777222,True,195,0.9658015966415405,True,195,0.9757265448570251,True,195,0.9842674136161804,True,195,0.9793287515640259,True,195,0.9845784902572632,True,195,0.9695419669151306,True,195,0.9774174690246582,True,195,0.9775051474571228,True,True,False
196,197,197_3.bmp,preprocessed_results\197\197_3.bmp,196,196,196,0.7183534502983093,True,196,0.7183534502983093,True,196,0.7252964377403259,True,196,0.7816292643547058,True,196,0.776435911655426,True,196,0.7200473546981812,True,196,0.7511417865753174,True,196,0.7620401978492737,True,196,0.7733216285705566,True,196,0.7648467421531677,True,196,0.7584150433540344,True,True,False
197,198,198_4.bmp,preprocessed_results\198\198_4.bmp,197,197,197,0.8406845927238464,True,197,0.8406845927238464,True,197,0.8633023500442505,True,197,0.8759384155273438,True,197,0.7777478694915771,True,197,0.7944682836532593,True,197,0.8609266877174377,True,197,0.7832972407341003,True,197,0.8122084736824036,True,197,0.905900239944458,True,197,0.8450933694839478,True,True,False
198,199,199_5.bmp,preprocessed_results\199\199_5.bmp,198,198,198,0.8384844660758972,True,198,0.8384844660758972,True,198,0.7989817261695862,True,198,0.8582514524459839,True,198,0.8492412567138672,True,198,0.8244295716285706,True,198,0.8226231932640076,True,198,0.8184051513671875,True,198,0.8556689023971558,True,198,0.7942335605621338,True,198,0.8326847553253174,True,True,False
199,200,200_7.bmp,preprocessed_results\200\200_7.bmp,199,199,199,0.22026367485523224,True,199,0.22026367485523224,True,199,0.24443663656711578,True,199,0.28366029262542725,True,199,0.1811157912015915,True,199,0.2225116491317749,True,269,0.15848645567893982,False,199,0.1951564997434616,True,199,0.206645667552948,True,199,0.2490624338388443,True,199,0.22002370655536652,True,True,False
200,201,201_8.bmp,preprocessed_results\201\201_8.bmp,200,200,200,0.8562176823616028,True,200,0.8562176823616028,True,200,0.7398573756217957,True,200,0.8329516053199768,True,200,0.8446337580680847,True,200,0.8501744866371155,True,200,0.8336216807365417,True,200,0.8826323747634888,True,200,0.8505832552909851,True,200,0.8607932925224304,True,200,0.8442051410675049,True,True,False
201,202,202_9.bmp,preprocessed_results\202\202_9.bmp,201,201,201,0.7038236260414124,True,201,0.7038236260414124,True,201,0.6553072929382324,True,201,0.6686102747917175,True,201,0.809771716594696,True,201,0.7693946361541748,True,201,0.6398399472236633,True,201,0.5770912170410156,True,201,0.6538963317871094,True,201,0.7627556324005127,True,201,0.7047690153121948,True,True,False
202,203,203_9.bmp,preprocessed_results\203\203_9.bmp,202,202,202,0.7675122022628784,True,202,0.7675122022628784,True,202,0.7760034203529358,True,202,0.7660245895385742,True,202,0.8053366541862488,True,202,0.8215762972831726,True,202,0.7782201170921326,True,202,0.6411380767822266,True,202,0.7660843729972839,True,202,0.7799930572509766,True,202,0.7731172442436218,True,True,False
203,204,204_1.bmp,preprocessed_results\204\204_1.bmp,203,203,203,0.9342358112335205,True,203,0.9342358112335205,True,203,0.9331260323524475,True,203,0.9528993964195251,True,203,0.9366503953933716,True,203,0.9266152381896973,True,203,0.9338730573654175,True,203,0.9512764811515808,True,203,0.9256519675254822,True,203,0.9469148516654968,True,203,0.9396108388900757,True,True,False
204,205,205_5.bmp,preprocessed_results\205\205_5.bmp,204,204,204,0.6893191933631897,True,204,0.6893191933631897,True,204,0.7204108834266663,True,204,0.7210016250610352,True,204,0.798557698726654,True,204,0.7519059181213379,True,204,0.6292644143104553,True,204,0.637001633644104,True,204,0.7592260241508484,True,204,0.5601221919059753,True,204,0.7068790793418884,True,True,False
205,206,206_10.bmp,preprocessed_results\206\206_10.bmp,205,205,205,0.5236297845840454,True,205,0.5236297845840454,True,205,0.4031156301498413,True,205,0.5050371885299683,True,205,0.41157591342926025,True,205,0.4471137225627899,True,205,0.528517484664917,True,205,0.4503602981567383,True,205,0.5196565985679626,True,205,0.5199081897735596,True,205,0.4862053096294403,True,True,False
206,207,207_2.bmp,preprocessed_results\207\207_2.bmp,206,206,206,0.9633569717407227,True,206,0.9633569717407227,True,206,0.9718724489212036,True,206,0.9634580612182617,True,206,0.9518553614616394,True,206,0.9524112939834595,True,206,0.9719388484954834,True,206,0.951808512210846,True,206,0.9615996479988098,True,206,0.9686607718467712,True,206,0.963585376739502,True,True,False
207,208,208_3.bmp,preprocessed_results\208\208_3.bmp,207,207,207,0.7528042793273926,True,207,0.7528042793273926,True,207,0.7007032036781311,True,207,0.6429218649864197,True,207,0.6872548460960388,True,207,0.7210389971733093,True,207,0.8122590780258179,True,207,0.7128815650939941,True,207,0.7187814712524414,True,207,0.7053192257881165,True,207,0.7235115170478821,True,True,False
208,209,209_7.bmp,preprocessed_results\209\209_7.bmp,208,208,208,0.46598830819129944,True,208,0.46598830819129944,True,208,0.5004427433013916,True,208,0.521772563457489,True,208,0.49528005719184875,True,208,0.3981061279773712,True,208,0.5351875424385071,True,208,0.5170078277587891,True,208,0.509994387626648,True,208,0.4426012933254242,True,208,0.49183759093284607,True,True,False
209,210,210_2.bmp,preprocessed_results\210\210_2.bmp,209,209,209,0.9066709876060486,True,209,0.9066709876060486,True,209,0.91493159532547,True,209,0.9227720499038696,True,209,0.8901873826980591,True,209,0.8710610270500183,True,209,0.8859812021255493,True,209,0.9149938821792603,True,209,0.9216629862785339,True,209,0.8956992626190186,True,209,0.905189573764801,True,True,False
210,211,211_5.bmp,preprocessed_results\211\211_5.bmp,210,210,210,0.8541789650917053,True,210,0.8541789650917053,True,210,0.820923388004303,True,210,0.8239109516143799,True,210,0.8562996983528137,True,210,0.8522997498512268,True,210,0.8191854953765869,True,210,0.8547826409339905,True,210,0.9039015769958496,True,210,0.8875835537910461,True,210,0.8577982187271118,True,True,False
211,212,212_6.bmp,preprocessed_results\212\212_6.bmp,211,211,211,0.6702296137809753,True,211,0.6702296137809753,True,211,0.6012226343154907,True,211,0.522283136844635,True,211,0.648914635181427,True,211,0.8031502366065979,True,211,0.675046443939209,True,211,0.6839982271194458,True,211,0.5157694816589355,True,211,0.7438597083091736,True,211,0.6623360514640808,True,True,False
212,213,213_10.bmp,preprocessed_results\213\213_10.bmp,212,212,212,0.8937548398971558,True,212,0.8937548398971558,True,212,0.9140251278877258,True,212,0.9113080501556396,True,212,0.9004787802696228,True,212,0.9337095618247986,True,212,0.8933581709861755,True,212,0.8941254615783691,True,212,0.9034352898597717,True,212,0.8280398845672607,True,212,0.9013087749481201,True,True,False
213,214,214_2.bmp,preprocessed_results\214\214_2.bmp,213,213,213,0.8985698819160461,True,213,0.8985698819160461,True,213,0.7994610667228699,True,213,0.8872271180152893,True,213,0.8592516779899597,True,213,0.9132488369941711,True,213,0.8974413871765137,True,213,0.7416848540306091,True,213,0.9144611358642578,True,213,0.8631414175033569,True,213,0.8736608028411865,True,True,False
214,215,215_2.bmp,preprocessed_results\215\215_2.bmp,214,214,214,0.7163255214691162,True,214,0.7163255214691162,True,214,0.7172395586967468,True,214,0.730600893497467,True,214,0.6866366267204285,True,214,0.7441108822822571,True,214,0.8160809874534607,True,214,0.7890055775642395,True,214,0.7610368728637695,True,214,0.6963648200035095,True,214,0.7454997897148132,True,True,False
215,216,216_8.bmp,preprocessed_results\216\216_8.bmp,215,215,215,0.9233099818229675,True,215,0.9233099818229675,True,215,0.9453928470611572,True,215,0.9547711610794067,True,215,0.9341745376586914,True,215,0.9581722021102905,True,215,0.9383236765861511,True,215,0.9444367289543152,True,215,0.9291012287139893,True,215,0.9144777059555054,True,215,0.9404543042182922,True,True,False
216,217,217_9.bmp,preprocessed_results\217\217_9.bmp,216,216,216,0.9215377569198608,True,216,0.9215377569198608,True,216,0.8996326923370361,True,216,0.9112281799316406,True,216,0.8958364725112915,True,216,0.9071791172027588,True,216,0.9274539947509766,True,216,0.9271901249885559,True,216,0.9105443358421326,True,216,0.9214874505996704,True,216,0.915605366230011,True,True,False
217,218,218_1.bmp,preprocessed_results\218\218_1.bmp,217,217,217,0.9292387366294861,True,217,0.9292387366294861,True,217,0.9048410058021545,True,217,0.9037966728210449,True,217,0.8714263439178467,True,217,0.9183576703071594,True,217,0.9049376249313354,True,217,0.9192055463790894,True,217,0.8577104210853577,True,217,0.8980592489242554,True,217,0.9041768908500671,True,True,False
218,219,219_9.bmp,preprocessed_results\219\219_9.bmp,218,218,218,0.4407399594783783,True,218,0.4407399594783783,True,218,0.2464229017496109,True,218,0.2667231559753418,True,218,0.50350022315979,True,218,0.46758976578712463,True,218,0.2436940222978592,True,218,0.3834829330444336,True,218,0.29017847776412964,True,218,0.33846843242645264,True,218,0.3528306782245636,True,True,False
219,220,220_6.bmp,preprocessed_results\220\220_6.bmp,219,219,219,0.9074179530143738,True,219,0.9074179530143738,True,219,0.8954253792762756,True,219,0.9101547598838806,True,219,0.8820210695266724,True,219,0.8955792784690857,True,219,0.9091541171073914,True,219,0.8987311124801636,True,219,0.8820077180862427,True,219,0.9047329425811768,True,219,0.9005294442176819,True,True,False
220,221,221_7.bmp,preprocessed_results\221\221_7.bmp,220,220,220,0.8984814286231995,True,220,0.8984814286231995,True,220,0.9208731055259705,True,220,0.8814859986305237,True,220,0.8536844253540039,True,220,0.930830180644989,True,220,0.8268407583236694,True,220,0.9103063941001892,True,220,0.9136667847633362,True,220,0.8889794945716858,True,220,0.8970958590507507,True,True,False
221,222,222_5.bmp,preprocessed_results\222\222_5.bmp,221,221,221,0.774318516254425,True,221,0.774318516254425,True,221,0.7209681868553162,True,221,0.7986272573471069,True,221,0.7887448072433472,True,221,0.6755490899085999,True,221,0.8328069448471069,True,221,0.7875948548316956,True,221,0.7907162308692932,True,221,0.8136656284332275,True,221,0.7813955545425415,True,True,False
222,223,223_7.bmp,preprocessed_results\223\223_7.bmp,222,222,222,0.6721205115318298,True,222,0.6721205115318298,True,222,0.7114660143852234,True,222,0.679702877998352,True,222,0.6751449704170227,True,222,0.7547661662101746,True,222,0.6068655848503113,True,222,0.6643992066383362,True,222,0.667865514755249,True,222,0.8040194511413574,True,222,0.6999872326850891,True,True,False
223,224,224_6.bmp,preprocessed_results\224\224_6.bmp,223,223,223,0.8405559659004211,True,223,0.8405559659004211,True,223,0.7608271837234497,True,223,0.8206857442855835,True,223,0.854221761226654,True,223,0.8003609776496887,True,223,0.8107183575630188,True,223,0.7897588014602661,True,223,0.8225528597831726,True,223,0.8391258120536804,True,223,0.8191497921943665,True,True,False
224,225,225_7.bmp,preprocessed_results\225\225_7.bmp,224,224,224,0.07897482067346573,True,224,0.07897482067346573,True,224,0.10115432739257812,True,224,0.14331914484500885,True,224,0.0853378176689148,True,224,0.08204413950443268,True,224,0.10169586539268494,True,224,0.09384792298078537,True,224,0.07050862908363342,True,224,0.08455425500869751,True,224,0.09296455979347229,True,True,False
225,226,226_8.bmp,preprocessed_results\226\226_8.bmp,225,225,225,0.924737274646759,True,225,0.924737274646759,True,225,0.90488600730896,True,225,0.9038981795310974,True,225,0.9038035273551941,True,225,0.9045910835266113,True,225,0.8915091156959534,True,225,0.8725671172142029,True,225,0.912885308265686,True,225,0.8984172344207764,True,225,0.9041441679000854,True,True,False
226,227,227_7.bmp,preprocessed_results\227\227_7.bmp,226,226,226,0.7297199368476868,True,226,0.7297199368476868,True,226,0.784508466720581,True,226,0.8315383791923523,True,226,0.8212823271751404,True,226,0.7800837755203247,True,226,0.7136921286582947,True,226,0.7839698791503906,True,226,0.8154112100601196,True,226,0.784972608089447,True,226,0.7881028056144714,True,True,False
227,228,228_5.bmp,preprocessed_results\228\228_5.bmp,227,227,227,0.7491526007652283,True,227,0.7491526007652283,True,227,0.8066157102584839,True,227,0.8368696570396423,True,227,0.7023891806602478,True,227,0.7780206203460693,True,227,0.7787452340126038,True,227,0.7145925760269165,True,227,0.691556990146637,True,227,0.7651436924934387,True,227,0.7660129070281982,True,True,False
228,229,229_10.bmp,preprocessed_results\229\229_10.bmp,228,228,228,0.8441101312637329,True,228,0.8441101312637329,True,228,0.8151437640190125,True,228,0.8401409387588501,True,228,0.7969232201576233,True,228,0.8252286911010742,True,228,0.8375946879386902,True,228,0.7848650813102722,True,228,0.7891539931297302,True,228,0.8061733841896057,True,228,0.8192915916442871,True,True,False
229,230,230_6.bmp,preprocessed_results\230\230_6.bmp,229,229,229,0.9282673597335815,True,229,0.9282673597335815,True,229,0.9134411811828613,True,229,0.9106470346450806,True,229,0.9058494567871094,True,229,0.9172030687332153,True,229,0.9248156547546387,True,229,0.9086096882820129,True,229,0.9173811078071594,True,229,0.9099690318107605,True,229,0.9165334105491638,True,True,False
230,231,231_8.bmp,preprocessed_results\231\231_8.bmp,230,230,230,0.9308968782424927,True,230,0.9308968782424927,True,230,0.9445933699607849,True,230,0.9171660542488098,True,230,0.938965380191803,True,230,0.9158718585968018,True,230,0.9206298589706421,True,230,0.9433498978614807,True,230,0.9217987060546875,True,230,0.9369467496871948,True,230,0.9323849678039551,True,True,False
231,232,232_2.bmp,preprocessed_results\232\232_2.bmp,231,231,231,0.08680534362792969,True,231,0.08680534362792969,True,231,0.08613945543766022,True,231,0.08362140506505966,True,231,0.05113038048148155,True,231,0.054340194910764694,True,231,0.07222476601600647,True,231,0.05639360472559929,True,231,0.055763062089681625,True,231,0.09250178188085556,True,231,0.07109224051237106,True,True,False
232,233,233_9.bmp,preprocessed_results\233\233_9.bmp,232,232,232,0.8511786460876465,True,232,0.8511786460876465,True,232,0.8989424109458923,True,232,0.918681263923645,True,232,0.8627990484237671,True,232,0.8740454912185669,True,232,0.9122927784919739,True,232,0.8966235518455505,True,232,0.8943286538124084,True,232,0.8726367950439453,True,232,0.890318751335144,True,True,False
233,234,234_5.bmp,preprocessed_results\234\234_5.bmp,233,233,233,0.9370073676109314,True,233,0.9370073676109314,True,233,0.9283391237258911,True,233,0.9468963742256165,True,233,0.9214283227920532,True,233,0.9112799167633057,True,233,0.9152061939239502,True,233,0.9171951413154602,True,233,0.9321316480636597,True,233,0.9358590245246887,True,233,0.9290785789489746,True,True,False
234,235,235_1.bmp,preprocessed_results\235\235_1.bmp,234,234,234,0.6739146113395691,True,234,0.6739146113395691,True,234,0.6093218326568604,True,234,0.5668177604675293,True,234,0.6809754967689514,True,234,0.7287046909332275,True,234,0.59922856092453,True,234,0.5390479564666748,True,234,0.6555785536766052,True,234,0.5547776222229004,True,234,0.6321382522583008,True,True,False
235,236,236_1.bmp,preprocessed_results\236\236_1.bmp,235,235,235,0.5549928545951843,True,235,0.5549928545951843,True,235,0.6371415257453918,True,235,0.6537445187568665,True,235,0.6269993782043457,True,235,0.6011810302734375,True,235,0.7618123292922974,True,235,0.6548967361450195,True,235,0.7681987881660461,True,235,0.7128088474273682,True,235,0.6712537407875061,True,True,False
236,237,237_3.bmp,preprocessed_results\237\237_3.bmp,236,236,236,0.17255593836307526,True,236,0.17255593836307526,True,236,0.11505734175443649,True,236,0.13725686073303223,True,236,0.18255241215229034,True,236,0.23263293504714966,True,236,0.11662006378173828,True,236,0.2330644577741623,True,236,0.18471163511276245,True,627,0.14052025973796844,False,236,0.1588355451822281,True,True,False
237,238,238_8.bmp,preprocessed_results\238\238_8.bmp,237,237,237,0.7659730315208435,True,237,0.7659730315208435,True,237,0.8094749450683594,True,237,0.7446805834770203,True,237,0.7531396746635437,True,237,0.8008613586425781,True,237,0.7843551635742188,True,237,0.8009944558143616,True,237,0.800645112991333,True,237,0.8065866231918335,True,237,0.7888253927230835,True,True,False
238,239,239_8.bmp,preprocessed_results\239\239_8.bmp,238,238,238,0.7885953187942505,True,238,0.7885953187942505,True,238,0.7563698887825012,True,238,0.8297300934791565,True,238,0.7864134907722473,True,238,0.8438626527786255,True,238,0.8490781784057617,True,238,0.815877377986908,True,238,0.8337695598602295,True,238,0.7410608530044556,True,238,0.8098609447479248,True,True,False
239,240,240_3.bmp,preprocessed_results\240\240_3.bmp,239,239,239,0.7304799556732178,True,239,0.7304799556732178,True,239,0.6924565434455872,True,239,0.7737905979156494,True,239,0.7245703339576721,True,239,0.7642448544502258,True,239,0.7692591547966003,True,239,0.6794250011444092,True,239,0.7371190190315247,True,239,0.7135244607925415,True,239,0.7358031272888184,True,True,False
240,241,241_8.bmp,preprocessed_results\241\241_8.bmp,240,240,240,0.8241392970085144,True,240,0.8241392970085144,True,240,0.8549703359603882,True,240,0.8597937822341919,True,240,0.7877323031425476,True,240,0.8267545700073242,True,240,0.7906748056411743,True,240,0.7514320015907288,True,240,0.8622154593467712,True,240,0.8223809599876404,True,240,0.8258237838745117,True,True,False
241,242,242_2.bmp,preprocessed_results\242\242_2.bmp,241,241,241,0.3674670457839966,True,241,0.3674670457839966,True,241,0.4036370515823364,True,241,0.37261268496513367,True,241,0.3382355868816376,True,241,0.2876381278038025,True,241,0.3099784255027771,True,241,0.34317687153816223,True,241,0.3219703733921051,True,241,0.3659551739692688,True,241,0.3492680788040161,True,True,False
242,243,243_7.bmp,preprocessed_results\243\243_7.bmp,242,242,242,0.9347808957099915,True,242,0.9347808957099915,True,242,0.9243198037147522,True,242,0.932123064994812,True,242,0.9279043674468994,True,242,0.9320816397666931,True,242,0.9207327961921692,True,242,0.926452100276947,True,242,0.9421667456626892,True,242,0.9286274909973145,True,242,0.9312476515769958,True,True,False
243,244,244_9.bmp,preprocessed_results\244\244_9.bmp,243,243,243,0.940468966960907,True,243,0.940468966960907,True,243,0.9591947793960571,True,243,0.946222722530365,True,243,0.9439272880554199,True,243,0.9361074566841125,True,243,0.9432758688926697,True,243,0.9253008365631104,True,243,0.9329480528831482,True,243,0.9570071697235107,True,243,0.9447497725486755,True,True,False
244,245,245_1.bmp,preprocessed_results\245\245_1.bmp,244,244,244,0.8762189149856567,True,244,0.8762189149856567,True,244,0.9220895171165466,True,244,0.8902157545089722,True,244,0.9072553515434265,True,244,0.9243696331977844,True,244,0.8982426524162292,True,244,0.9206496477127075,True,244,0.9090498089790344,True,244,0.8856710195541382,True,244,0.9069912433624268,True,True,False
245,246,246_1.bmp,preprocessed_results\246\246_1.bmp,245,245,245,0.7151865363121033,True,245,0.7151865363121033,True,245,0.7776587009429932,True,245,0.7897267937660217,True,245,0.7554545402526855,True,245,0.7507706880569458,True,245,0.7695705890655518,True,245,0.7297821640968323,True,245,0.7918562889099121,True,245,0.6794328689575195,True,245,0.7561827301979065,True,True,False
246,247,247_4.bmp,preprocessed_results\247\247_4.bmp,246,246,246,0.7636836767196655,True,246,0.7636836767196655,True,246,0.5483115911483765,True,246,0.819537341594696,True,246,0.7284778952598572,True,246,0.7182753086090088,True,246,0.6315978765487671,True,246,0.8312719464302063,True,246,0.7794087529182434,True,246,0.6828951239585876,True,246,0.7354580760002136,True,True,False
247,248,248_2.bmp,preprocessed_results\248\248_2.bmp,247,247,247,0.6171973943710327,True,247,0.6171973943710327,True,247,0.6391735076904297,True,247,0.5274258255958557,True,247,0.615657389163971,True,247,0.6416332721710205,True,247,0.6793599724769592,True,247,0.7409597039222717,True,247,0.634978711605072,True,247,0.7663660049438477,True,247,0.6612433791160583,True,True,False
248,249,249_1.bmp,preprocessed_results\249\249_1.bmp,248,248,248,0.8507334589958191,True,248,0.8507334589958191,True,248,0.8414855003356934,True,248,0.8407829999923706,True,248,0.9040055871009827,True,248,0.8751645684242249,True,248,0.8798258304595947,True,248,0.8355913758277893,True,248,0.8950861692428589,True,248,0.8070297837257385,True,248,0.863643229007721,True,True,False
249,250,250_8.bmp,preprocessed_results\250\250_8.bmp,249,249,249,0.8355435132980347,True,249,0.8355435132980347,True,249,0.8843958377838135,True,249,0.9014586210250854,True,249,0.8996505737304688,True,249,0.8716440200805664,True,249,0.9015205502510071,True,249,0.8549581170082092,True,249,0.8567235469818115,True,249,0.8605040311813354,True,249,0.8779152035713196,True,True,False
250,251,251_5.bmp,preprocessed_results\251\251_5.bmp,250,250,250,0.9614355564117432,True,250,0.9614355564117432,True,250,0.9473604559898376,True,250,0.9665380716323853,True,250,0.9485177993774414,True,250,0.9620124101638794,True,250,0.9584000110626221,True,250,0.9644027948379517,True,250,0.9443599581718445,True,250,0.957869827747345,True,250,0.9580099582672119,True,True,False
251,252,252_4.bmp,preprocessed_results\252\252_4.bmp,251,251,251,0.6207718253135681,True,251,0.6207718253135681,True,251,0.5889794230461121,True,251,0.4750978648662567,True,251,0.643127977848053,True,251,0.5719284415245056,True,251,0.5292088389396667,True,251,0.5332096219062805,True,251,0.5804863572120667,True,251,0.5544237494468689,True,251,0.5713385343551636,True,True,False
252,253,253_10.bmp,preprocessed_results\253\253_10.bmp,252,252,252,0.7517505884170532,True,252,0.7517505884170532,True,252,0.7401118278503418,True,252,0.7070901393890381,True,252,0.6577726602554321,True,252,0.7541919946670532,True,252,0.7905324101448059,True,252,0.7667796015739441,True,252,0.7617611885070801,True,252,0.6382200121879578,True,252,0.7378989458084106,True,True,False
253,254,254_4.bmp,preprocessed_results\254\254_4.bmp,253,253,253,0.09436564892530441,True,253,0.09436564892530441,True,253,0.09449318051338196,True,187,0.05951489135622978,False,253,0.09004700928926468,True,187,0.06187360733747482,False,253,0.09607557952404022,True,187,0.12143862247467041,False,187,0.05746665969491005,False,253,0.08843111246824265,True,253,0.07324393838644028,True,True,False
254,255,255_4.bmp,preprocessed_results\255\255_4.bmp,254,254,254,0.8024223446846008,True,254,0.8024223446846008,True,254,0.8249977827072144,True,254,0.8438718914985657,True,254,0.8506097793579102,True,254,0.8554476499557495,True,254,0.8202357888221741,True,254,0.7992172837257385,True,254,0.8186614513397217,True,254,0.8537338972091675,True,254,0.8351867198944092,True,True,False
255,256,256_6.bmp,preprocessed_results\256\256_6.bmp,255,255,255,0.8606265783309937,True,255,0.8606265783309937,True,255,0.9185779094696045,True,255,0.8545082211494446,True,255,0.8864936232566833,True,255,0.8695842623710632,True,255,0.8963512182235718,True,255,0.8938598036766052,True,255,0.8534143567085266,True,255,0.8853716850280762,True,255,0.8832075595855713,True,True,False
256,257,257_3.bmp,preprocessed_results\257\257_3.bmp,256,256,256,0.9095916748046875,True,256,0.9095916748046875,True,256,0.9075236916542053,True,256,0.8929986357688904,True,256,0.8997602462768555,True,256,0.8804362416267395,True,256,0.8975344300270081,True,256,0.8978989124298096,True,256,0.9105859398841858,True,256,0.9105144739151001,True,256,0.9028267860412598,True,True,False
257,258,258_8.bmp,preprocessed_results\258\258_8.bmp,257,257,257,0.9242985248565674,True,257,0.9242985248565674,True,257,0.9534213542938232,True,257,0.9292035698890686,True,257,0.9040091037750244,True,257,0.9236741065979004,True,257,0.9315165281295776,True,257,0.9100190997123718,True,257,0.9319037199020386,True,257,0.92327481508255,True,257,0.9283843636512756,True,True,False
258,259,259_10.bmp,preprocessed_results\259\259_10.bmp,258,258,258,0.8449456095695496,True,258,0.8449456095695496,True,258,0.8518280982971191,True,258,0.8899217247962952,True,258,0.8480623364448547,True,258,0.8647646307945251,True,258,0.8265148997306824,True,258,0.8003092408180237,True,258,0.8445133566856384,True,258,0.8520872592926025,True,258,0.8507793545722961,True,True,False
259,260,260_2.bmp,preprocessed_results\260\260_2.bmp,259,259,259,0.6010006666183472,True,259,0.6010006666183472,True,259,0.7156699895858765,True,259,0.688136875629425,True,259,0.5659635663032532,True,259,0.6821298599243164,True,259,0.5921311974525452,True,259,0.5220876336097717,True,259,0.5920162200927734,True,259,0.713107168674469,True,259,0.637697160243988,True,True,False
260,261,261_1.bmp,preprocessed_results\261\261_1.bmp,260,260,260,0.9189315438270569,True,260,0.9189315438270569,True,260,0.9081621766090393,True,260,0.9198875427246094,True,260,0.9297175407409668,True,260,0.9305283427238464,True,260,0.877451479434967,True,260,0.905810534954071,True,260,0.8506801724433899,True,260,0.9146992564201355,True,260,0.9103684425354004,True,True,False
261,262,262_4.bmp,preprocessed_results\262\262_4.bmp,261,261,261,0.9138661026954651,True,261,0.9138661026954651,True,261,0.9274446368217468,True,261,0.9187411069869995,True,261,0.9161032438278198,True,261,0.8926703333854675,True,261,0.9348002076148987,True,261,0.8952692151069641,True,261,0.8807927966117859,True,261,0.9253019690513611,True,261,0.9141632914543152,True,True,False
262,263,263_5.bmp,preprocessed_results\263\263_5.bmp,262,262,262,0.9302691221237183,True,262,0.9302691221237183,True,262,0.9482200741767883,True,262,0.9481214880943298,True,262,0.9455692172050476,True,262,0.9579628705978394,True,262,0.9287983179092407,True,262,0.9365742206573486,True,262,0.9324254989624023,True,262,0.9278551936149597,True,262,0.9417639374732971,True,True,False
263,264,264_2.bmp,preprocessed_results\264\264_2.bmp,263,263,263,0.8814488053321838,True,263,0.8814488053321838,True,263,0.8802080154418945,True,263,0.9120947122573853,True,263,0.856805145740509,True,263,0.8756394982337952,True,263,0.9165381193161011,True,263,0.8893747925758362,True,263,0.883126437664032,True,263,0.7824203372001648,True,263,0.8820198774337769,True,True,False
264,265,265_5.bmp,preprocessed_results\265\265_5.bmp,264,264,264,0.773732602596283,True,264,0.773732602596283,True,264,0.7469893097877502,True,264,0.732317328453064,True,264,0.6923485398292542,True,264,0.7675493955612183,True,264,0.8055099248886108,True,264,0.7712129354476929,True,264,0.7766056656837463,True,264,0.6601657271385193,True,264,0.7532559633255005,True,True,False
265,266,266_1.bmp,preprocessed_results\266\266_1.bmp,265,265,265,0.808495819568634,True,265,0.808495819568634,True,265,0.7742399573326111,True,265,0.8377183079719543,True,265,0.7605241537094116,True,265,0.7896788120269775,True,265,0.6699317693710327,True,265,0.795449435710907,True,265,0.8532119393348694,True,265,0.7759093642234802,True,265,0.7924140095710754,True,True,False
266,267,267_3.bmp,preprocessed_results\267\267_3.bmp,266,266,266,0.733893632888794,True,266,0.733893632888794,True,266,0.8068375587463379,True,266,0.6301636695861816,True,266,0.7005978226661682,True,266,0.7487183213233948,True,266,0.8255770206451416,True,266,0.7257955074310303,True,266,0.7624744176864624,True,266,0.717851459980011,True,266,0.7466110587120056,True,True,False
267,268,268_1.bmp,preprocessed_results\268\268_1.bmp,267,267,267,0.975272536277771,True,267,0.975272536277771,True,267,0.9730008244514465,True,267,0.9670312404632568,True,267,0.9696425795555115,True,267,0.9638890624046326,True,267,0.9546685814857483,True,267,0.954135537147522,True,267,0.9798494577407837,True,267,0.9615802764892578,True,267,0.9684746861457825,True,True,False
268,269,269_7.bmp,preprocessed_results\269\269_7.bmp,268,268,268,0.9453213810920715,True,268,0.9453213810920715,True,268,0.9093560576438904,True,268,0.9202662706375122,True,268,0.9577503800392151,True,268,0.959663450717926,True,268,0.9467873573303223,True,268,0.9281964898109436,True,268,0.937458336353302,True,268,0.9611274600028992,True,268,0.9444631934165955,True,True,False
269,270,270_1.bmp,preprocessed_results\270\270_1.bmp,269,269,269,0.6629092693328857,True,269,0.6629092693328857,True,269,0.5151992440223694,True,269,0.597640335559845,True,269,0.6453131437301636,True,269,0.5747619271278381,True,269,0.5491392016410828,True,269,0.7144213914871216,True,269,0.6409099102020264,True,269,0.7427614331245422,True,269,0.6376023888587952,True,True,False
270,271,271_3.bmp,preprocessed_results\271\271_3.bmp,270,270,270,0.8743582367897034,True,270,0.8743582367897034,True,270,0.9213662147521973,True,270,0.8731416463851929,True,270,0.8594810366630554,True,270,0.8662841320037842,True,270,0.8609495759010315,True,270,0.8870333433151245,True,270,0.9114812612533569,True,270,0.8591834902763367,True,270,0.8820849657058716,True,True,False
271,272,272_1.bmp,preprocessed_results\272\272_1.bmp,271,271,271,0.7737298607826233,True,271,0.7737298607826233,True,271,0.6391002535820007,True,271,0.7809422016143799,True,271,0.7140244841575623,True,271,0.7061053514480591,True,271,0.5882747769355774,True,271,0.587401270866394,True,271,0.7880410552024841,True,271,0.7299479246139526,True,271,0.7088882923126221,True,True,False
272,273,273_6.bmp,preprocessed_results\273\273_6.bmp,272,272,272,0.8611441850662231,True,272,0.8611441850662231,True,272,0.8652417659759521,True,272,0.8664478659629822,True,272,0.8571885228157043,True,272,0.8942239880561829,True,272,0.8610826134681702,True,272,0.8906456828117371,True,272,0.8499647974967957,True,272,0.8683485388755798,True,272,0.8734614253044128,True,True,False
273,274,274_2.bmp,preprocessed_results\274\274_2.bmp,273,273,273,0.8617292046546936,True,273,0.8617292046546936,True,273,0.8810158967971802,True,273,0.8315373063087463,True,273,0.8584845662117004,True,273,0.8383710980415344,True,273,0.846807062625885,True,273,0.8982242345809937,True,273,0.8759011626243591,True,273,0.7764300107955933,True,273,0.8563182353973389,True,True,False
274,275,275_8.bmp,preprocessed_results\275\275_8.bmp,274,274,274,0.7598181366920471,True,274,0.7598181366920471,True,274,0.8372026085853577,True,274,0.6210936307907104,True,274,0.6620489358901978,True,274,0.6950461864471436,True,274,0.7764694094657898,True,274,0.6633831262588501,True,274,0.7485939264297485,True,274,0.88074791431427,True,274,0.7535717487335205,True,True,False
275,276,276_3.bmp,preprocessed_results\276\276_3.bmp,275,275,275,0.8852100372314453,True,275,0.8852100372314453,True,275,0.8795241117477417,True,275,0.8323127627372742,True,275,0.8585713505744934,True,275,0.856563925743103,True,275,0.8323684930801392,True,275,0.8488791584968567,True,275,0.8622604608535767,True,275,0.8550346493721008,True,275,0.8598369359970093,True,True,False
276,277,277_6.bmp,preprocessed_results\277\277_6.bmp,276,276,42,0.10134580731391907,False,42,0.10134580731391907,False,42,0.10121454298496246,False,329,0.07933151721954346,False,329,0.0946090817451477,False,329,0.08259275555610657,False,42,0.14780715107917786,False,42,0.1481536626815796,False,42,0.1075475811958313,False,329,0.0960686206817627,False,42,0.10266164690256119,False,False,True
277,278,278_5.bmp,preprocessed_results\278\278_5.bmp,277,277,277,0.6836497187614441,True,277,0.6836497187614441,True,277,0.7272024154663086,True,277,0.6493899822235107,True,277,0.7699876427650452,True,277,0.7154368162155151,True,277,0.6657101511955261,True,277,0.6151430010795593,True,277,0.6880754828453064,True,277,0.7091999650001526,True,277,0.6964768171310425,True,True,False
278,279,279_6.bmp,preprocessed_results\279\279_6.bmp,278,278,278,0.3376859128475189,True,278,0.3376859128475189,True,278,0.43577441573143005,True,278,0.306793749332428,True,278,0.39584118127822876,True,278,0.2967451512813568,True,278,0.25431621074676514,True,278,0.2237764447927475,True,278,0.3660597503185272,True,278,0.29897746443748474,True,278,0.32552364468574524,True,True,False
279,280,280_4.bmp,preprocessed_results\280\280_4.bmp,279,279,279,0.9249584078788757,True,279,0.9249584078788757,True,279,0.9335797429084778,True,279,0.9258548617362976,True,279,0.9235016703605652,True,279,0.9211261868476868,True,279,0.9101157784461975,True,279,0.8908998370170593,True,279,0.9105544686317444,True,279,0.935275137424469,True,279,0.9224206805229187,True,True,False
280,281,281_5.bmp,preprocessed_results\281\281_5.bmp,280,280,280,0.927919864654541,True,280,0.927919864654541,True,280,0.8907051086425781,True,280,0.932574987411499,True,280,0.9293085336685181,True,280,0.9345020651817322,True,280,0.9167899489402771,True,280,0.9371788501739502,True,280,0.9137893319129944,True,280,0.9233117699623108,True,280,0.9255401492118835,True,True,False
281,282,282_1.bmp,preprocessed_results\282\282_1.bmp,281,281,281,0.9335691332817078,True,281,0.9335691332817078,True,281,0.8986754417419434,True,281,0.9403731226921082,True,281,0.9380261301994324,True,281,0.9123130440711975,True,281,0.9495803713798523,True,281,0.9420180916786194,True,281,0.9244837164878845,True,281,0.919837474822998,True,281,0.9318298101425171,True,True,False
282,283,283_9.bmp,preprocessed_results\283\283_9.bmp,282,282,282,0.6900816559791565,True,282,0.6900816559791565,True,282,0.728130578994751,True,282,0.4921197295188904,True,282,0.6258403062820435,True,282,0.7380183339118958,True,282,0.6259638071060181,True,282,0.6407445669174194,True,282,0.7250162363052368,True,282,0.6932864785194397,True,282,0.6686007976531982,True,True,False
283,284,284_7.bmp,preprocessed_results\284\284_7.bmp,283,283,283,0.8758782148361206,True,283,0.8758782148361206,True,283,0.8388245701789856,True,283,0.8938121199607849,True,283,0.8501949310302734,True,283,0.8868704438209534,True,283,0.9078547954559326,True,283,0.9090059995651245,True,283,0.9171326756477356,True,283,0.854913592338562,True,283,0.8867505788803101,True,True,False
284,285,285_8.bmp,preprocessed_results\285\285_8.bmp,284,284,284,0.5657333135604858,True,284,0.5657333135604858,True,284,0.5240784287452698,True,284,0.530706524848938,True,284,0.5967039465904236,True,284,0.5677977800369263,True,284,0.6055023670196533,True,284,0.6393899917602539,True,284,0.5058659315109253,True,284,0.6686074137687683,True,284,0.5839518308639526,True,True,False
285,286,286_3.bmp,preprocessed_results\286\286_3.bmp,285,285,285,0.7745787501335144,True,285,0.7745787501335144,True,285,0.7550077438354492,True,285,0.8428060412406921,True,285,0.7870405316352844,True,285,0.8144561052322388,True,285,0.7435738444328308,True,285,0.8041476011276245,True,285,0.7467541098594666,True,285,0.8621049523353577,True,285,0.7989778518676758,True,True,False
286,287,287_9.bmp,preprocessed_results\287\287_9.bmp,286,286,286,0.8558594584465027,True,286,0.8558594584465027,True,286,0.8577855825424194,True,286,0.8501455187797546,True,286,0.8610771298408508,True,286,0.8819799423217773,True,286,0.8085253834724426,True,286,0.7058560848236084,True,286,0.8193060159683228,True,286,0.8470744490623474,True,286,0.8399591445922852,True,True,False
287,288,288_8.bmp,preprocessed_results\288\288_8.bmp,287,287,287,0.4085720181465149,True,287,0.4085720181465149,True,287,0.41598400473594666,True,287,0.3683815896511078,True,287,0.4629765748977661,True,287,0.44570496678352356,True,287,0.3007039725780487,True,287,0.2996285855770111,True,287,0.39985373616218567,True,287,0.3969647288322449,True,287,0.3911752998828888,True,True,False
288,289,289_8.bmp,preprocessed_results\289\289_8.bmp,288,288,288,0.9511529803276062,True,288,0.9511529803276062,True,288,0.9272223114967346,True,288,0.9381089806556702,True,288,0.9495601654052734,True,288,0.9365148544311523,True,288,0.9592987298965454,True,288,0.9499973058700562,True,288,0.9363958835601807,True,288,0.9342312216758728,True,288,0.944526195526123,True,True,False
289,290,290_6.bmp,preprocessed_results\290\290_6.bmp,289,289,289,0.6524512767791748,True,289,0.6524512767791748,True,289,0.7153847813606262,True,289,0.6554849743843079,True,289,0.7283178567886353,True,289,0.7326288223266602,True,289,0.7501411437988281,True,289,0.6728416085243225,True,289,0.6387958526611328,True,289,0.7634117007255554,True,289,0.7071385383605957,True,True,False
290,291,291_4.bmp,preprocessed_results\291\291_4.bmp,290,290,290,0.9396135807037354,True,290,0.9396135807037354,True,290,0.9256735444068909,True,290,0.8849921822547913,True,290,0.9176514744758606,True,290,0.9398978352546692,True,290,0.9038748741149902,True,290,0.9073579907417297,True,290,0.9503442645072937,True,290,0.9076471328735352,True,290,0.924050509929657,True,True,False
291,292,292_1.bmp,preprocessed_results\292\292_1.bmp,291,291,291,0.8687628507614136,True,291,0.8687628507614136,True,291,0.8535229563713074,True,291,0.8735812902450562,True,291,0.8977743983268738,True,291,0.8867321610450745,True,291,0.8624976277351379,True,291,0.8590254783630371,True,291,0.8522947430610657,True,291,0.8558599948883057,True,291,0.8714494109153748,True,True,False
292,293,293_8.bmp,preprocessed_results\293\293_8.bmp,292,292,292,0.8832783102989197,True,292,0.8832783102989197,True,292,0.8513852953910828,True,292,0.8772136569023132,True,292,0.8498241305351257,True,292,0.872337818145752,True,292,0.8523861169815063,True,292,0.8015674948692322,True,292,0.8270595669746399,True,292,0.8461812138557434,True,292,0.8549002408981323,True,True,False
293,294,294_10.bmp,preprocessed_results\294\294_10.bmp,293,293,293,0.9233390092849731,True,293,0.9233390092849731,True,293,0.924058735370636,True,293,0.9333860278129578,True,293,0.9024189710617065,True,293,0.8396681547164917,True,293,0.9278116822242737,True,293,0.905553936958313,True,293,0.9168058037757874,True,293,0.9091730713844299,True,293,0.9138023853302002,True,True,False
294,295,295_6.bmp,preprocessed_results\295\295_6.bmp,294,294,294,0.7788712978363037,True,294,0.7788712978363037,True,294,0.6960562467575073,True,294,0.7702797055244446,True,294,0.796573281288147,True,294,0.7752618193626404,True,294,0.7069311141967773,True,294,0.8017812967300415,True,294,0.726598858833313,True,294,0.7533385753631592,True,294,0.7620568871498108,True,True,False
295,296,296_6.bmp,preprocessed_results\296\296_6.bmp,295,295,295,0.5161544680595398,True,295,0.5161544680595398,True,295,0.6567229628562927,True,295,0.5855167508125305,True,295,0.6497567892074585,True,295,0.6364807486534119,True,295,0.7555947303771973,True,295,0.6462362408638,True,295,0.6907439231872559,True,295,0.6295379400253296,True,295,0.6478587985038757,True,True,False
296,297,297_3.bmp,preprocessed_results\297\297_3.bmp,296,296,296,0.9617287516593933,True,296,0.9617287516593933,True,296,0.9388251304626465,True,296,0.9527106881141663,True,296,0.9297863841056824,True,296,0.9345338940620422,True,296,0.9526737928390503,True,296,0.9536727070808411,True,296,0.9426944255828857,True,296,0.955882728099823,True,296,0.9491035342216492,True,True,False
297,298,298_4.bmp,preprocessed_results\298\298_4.bmp,297,297,297,0.4849400818347931,True,297,0.4849400818347931,True,297,0.3957537114620209,True,297,0.5306235551834106,True,297,0.5318371653556824,True,297,0.44000443816185,True,297,0.6315673589706421,True,297,0.5344472527503967,True,297,0.5519358515739441,True,297,0.47835099697113037,True,297,0.5148344039916992,True,True,False
298,299,299_9.bmp,preprocessed_results\299\299_9.bmp,298,298,298,0.9421871900558472,True,298,0.9421871900558472,True,298,0.9472423791885376,True,298,0.951202929019928,True,298,0.9362046718597412,True,298,0.9450365304946899,True,298,0.8997424840927124,True,298,0.9198598861694336,True,298,0.9357245564460754,True,298,0.9251005053520203,True,298,0.9363527297973633,True,True,False
299,300,300_10.bmp,preprocessed_results\300\300_10.bmp,299,299,299,0.5514247417449951,True,299,0.5514247417449951,True,299,0.6425899267196655,True,299,0.5248585343360901,True,299,0.6687664985656738,True,299,0.6193921566009521,True,299,0.6575811505317688,True,299,0.6463286280632019,True,299,0.6434605717658997,True,299,0.6243233680725098,True,299,0.6273729205131531,True,True,False
300,301,301_10.bmp,preprocessed_results\301\301_10.bmp,300,300,300,0.9201185703277588,True,300,0.9201185703277588,True,300,0.9360218048095703,True,300,0.9178401231765747,True,300,0.943665623664856,True,300,0.943005383014679,True,300,0.9008316993713379,True,300,0.8785015344619751,True,300,0.9065676331520081,True,300,0.9074960947036743,True,300,0.9205836057662964,True,True,False
301,302,302_10.bmp,preprocessed_results\302\302_10.bmp,301,301,301,0.29672273993492126,True,301,0.29672273993492126,True,301,0.34007352590560913,True,301,0.30711618065834045,True,301,0.31981343030929565,True,301,0.27042320370674133,True,301,0.3339282274246216,True,301,0.33381402492523193,True,301,0.24484576284885406,True,301,0.3452989459037781,True,301,0.3132609724998474,True,True,False
302,303,303_10.bmp,preprocessed_results\303\303_10.bmp,302,302,302,0.7884894013404846,True,302,0.7884894013404846,True,302,0.8471322059631348,True,302,0.7707195281982422,True,302,0.7999716401100159,True,302,0.821616530418396,True,302,0.7555439472198486,True,302,0.806067705154419,True,302,0.7848331332206726,True,302,0.7565800547599792,True,302,0.7971274852752686,True,True,False
303,304,304_6.bmp,preprocessed_results\304\304_6.bmp,303,303,303,0.7988412976264954,True,303,0.7988412976264954,True,303,0.7134494781494141,True,303,0.7255616188049316,True,303,0.7540726661682129,True,303,0.7078186869621277,True,303,0.7879390120506287,True,303,0.8180641531944275,True,303,0.8125752806663513,True,303,0.7949448823928833,True,303,0.7738487124443054,True,True,False
304,305,305_2.bmp,preprocessed_results\305\305_2.bmp,304,304,304,0.8606100678443909,True,304,0.8606100678443909,True,304,0.8652665615081787,True,304,0.8747960925102234,True,304,0.8523612022399902,True,304,0.8745192289352417,True,304,0.8631483316421509,True,304,0.9052099585533142,True,304,0.8778893947601318,True,304,0.8560491800308228,True,304,0.8736478090286255,True,True,False
305,306,306_6.bmp,preprocessed_results\306\306_6.bmp,305,305,305,0.6424600481987,True,305,0.6424600481987,True,305,0.6239132881164551,True,305,0.5628476738929749,True,305,0.5368989706039429,True,305,0.6326736211776733,True,305,0.62530517578125,True,305,0.6021202206611633,True,305,0.6732051372528076,True,305,0.6517987847328186,True,305,0.6258441209793091,True,True,False
306,307,307_7.bmp,preprocessed_results\307\307_7.bmp,306,306,306,0.9611066579818726,True,306,0.9611066579818726,True,306,0.9557304978370667,True,306,0.9603756666183472,True,306,0.9675713777542114,True,306,0.9480133652687073,True,306,0.948249101638794,True,306,0.9420733451843262,True,306,0.9546754360198975,True,306,0.9417569637298584,True,306,0.954910933971405,True,True,False
307,308,308_9.bmp,preprocessed_results\308\308_9.bmp,307,307,307,0.9182447195053101,True,307,0.9182447195053101,True,307,0.9078824520111084,True,307,0.9097722768783569,True,307,0.9171128869056702,True,307,0.9162402153015137,True,307,0.9312971830368042,True,307,0.9324139952659607,True,307,0.9034619331359863,True,307,0.9241651296615601,True,307,0.9194985032081604,True,True,False
308,309,309_9.bmp,preprocessed_results\309\309_9.bmp,308,308,308,0.9551700353622437,True,308,0.9551700353622437,True,308,0.9510464072227478,True,308,0.9248014092445374,True,308,0.9512320160865784,True,308,0.9633916020393372,True,308,0.9189702868461609,True,308,0.9699925184249878,True,308,0.9588247537612915,True,308,0.9551759362220764,True,308,0.9527677893638611,True,True,False
309,310,310_9.bmp,preprocessed_results\310\310_9.bmp,309,309,309,0.9296568632125854,True,309,0.9296568632125854,True,309,0.9199498891830444,True,309,0.9276807308197021,True,309,0.9238277077674866,True,309,0.9381446242332458,True,309,0.9089590907096863,True,309,0.9481925368309021,True,309,0.9402660727500916,True,309,0.9035554528236389,True,309,0.9289960861206055,True,True,False
310,311,311_9.bmp,preprocessed_results\311\311_9.bmp,310,310,310,0.46865329146385193,True,310,0.46865329146385193,True,310,0.4253038465976715,True,310,0.5792117714881897,True,310,0.4287826716899872,True,310,0.46592211723327637,True,310,0.41629117727279663,True,310,0.5275110006332397,True,310,0.41452088952064514,True,310,0.5544819235801697,True,310,0.4815250337123871,True,True,False
311,312,312_7.bmp,preprocessed_results\312\312_7.bmp,311,311,311,0.7570711374282837,True,311,0.7570711374282837,True,311,0.7725429534912109,True,311,0.7244812250137329,True,311,0.6772506237030029,True,311,0.7142407298088074,True,311,0.6783786416053772,True,311,0.7319598197937012,True,311,0.7656576037406921,True,311,0.7507417798042297,True,311,0.7362414002418518,True,True,False
312,313,313_3.bmp,preprocessed_results\313\313_3.bmp,312,312,312,0.9451231956481934,True,312,0.9451231956481934,True,312,0.9208250045776367,True,312,0.9190693497657776,True,312,0.9382798075675964,True,312,0.9177126884460449,True,312,0.9100813865661621,True,312,0.9359164834022522,True,312,0.9463954567909241,True,312,0.9225758910179138,True,312,0.9307533502578735,True,True,False
313,314,314_9.bmp,preprocessed_results\314\314_9.bmp,313,313,313,0.9296590089797974,True,313,0.9296590089797974,True,313,0.9578899145126343,True,313,0.9303767681121826,True,313,0.9291173815727234,True,313,0.9106537103652954,True,313,0.9246484637260437,True,313,0.9260707497596741,True,313,0.9244009852409363,True,313,0.9080640077590942,True,313,0.9292916655540466,True,True,False
314,315,315_5.bmp,preprocessed_results\315\315_5.bmp,314,314,314,0.8506281971931458,True,314,0.8506281971931458,True,314,0.8023085594177246,True,314,0.8713565468788147,True,314,0.839266836643219,True,314,0.7846754789352417,True,314,0.81181800365448,True,314,0.8890348076820374,True,314,0.8201006650924683,True,314,0.8102422952651978,True,314,0.837477445602417,True,True,False
315,316,316_1.bmp,preprocessed_results\316\316_1.bmp,315,315,315,0.9210299253463745,True,315,0.9210299253463745,True,315,0.932894229888916,True,315,0.8943634629249573,True,315,0.8442047238349915,True,315,0.892967700958252,True,315,0.935920238494873,True,315,0.8692898750305176,True,315,0.9340639710426331,True,315,0.9237197041511536,True,315,0.9115935564041138,True,True,False
316,317,317_6.bmp,preprocessed_results\317\317_6.bmp,316,316,316,0.8136016130447388,True,316,0.8136016130447388,True,316,0.8473429679870605,True,316,0.8399639129638672,True,316,0.8412233591079712,True,316,0.758186399936676,True,316,0.8742735981941223,True,316,0.8346149325370789,True,316,0.782992422580719,True,316,0.8382037878036499,True,316,0.8305400609970093,True,True,False
317,318,318_10.bmp,preprocessed_results\318\318_10.bmp,317,317,317,0.7807546854019165,True,317,0.7807546854019165,True,317,0.8257357478141785,True,317,0.6714978814125061,True,317,0.7136157751083374,True,317,0.7431460022926331,True,317,0.8124999403953552,True,317,0.8425683379173279,True,317,0.7960740327835083,True,317,0.7723410725593567,True,317,0.780077338218689,True,True,False
318,319,319_5.bmp,preprocessed_results\319\319_5.bmp,318,318,318,0.8854559063911438,True,318,0.8854559063911438,True,318,0.8755071759223938,True,318,0.8938804864883423,True,318,0.8936588168144226,True,318,0.8663203120231628,True,318,0.891883909702301,True,318,0.8787451982498169,True,318,0.9090048670768738,True,318,0.8908352255821228,True,318,0.8895120024681091,True,True,False
319,320,320_1.bmp,preprocessed_results\320\320_1.bmp,319,319,319,0.813689649105072,True,319,0.813689649105072,True,319,0.8249412178993225,True,319,0.7865056991577148,True,319,0.8062790036201477,True,319,0.824836254119873,True,319,0.7905946969985962,True,319,0.8716834187507629,True,319,0.8075089454650879,True,319,0.7638224363327026,True,319,0.8154272437095642,True,True,False
320,321,321_8.bmp,preprocessed_results\321\321_8.bmp,320,320,320,0.4736202657222748,True,320,0.4736202657222748,True,320,0.6206749677658081,True,320,0.452326238155365,True,320,0.5561119914054871,True,320,0.4921834170818329,True,320,0.5135192275047302,True,320,0.5137690305709839,True,320,0.5118436813354492,True,320,0.4745768904685974,True,320,0.5192694067955017,True,True,False
321,322,322_2.bmp,preprocessed_results\322\322_2.bmp,321,321,321,0.21461501717567444,True,321,0.21461501717567444,True,321,0.16966012120246887,True,321,0.16200079023838043,True,321,0.2431553304195404,True,321,0.13969165086746216,True,320,0.21966345608234406,False,321,0.1680910289287567,True,321,0.19073356688022614,True,321,0.2624529302120209,True,321,0.19405990839004517,True,True,False
322,323,323_6.bmp,preprocessed_results\323\323_6.bmp,322,322,322,0.7709248661994934,True,322,0.7709248661994934,True,322,0.7325530052185059,True,322,0.814055860042572,True,322,0.7202776670455933,True,322,0.7518247365951538,True,322,0.7837647795677185,True,322,0.6961480975151062,True,322,0.7602456212043762,True,322,0.7029125690460205,True,322,0.7531373500823975,True,True,False
323,324,324_5.bmp,preprocessed_results\324\324_5.bmp,323,323,323,0.4120597243309021,True,323,0.4120597243309021,True,323,0.331309974193573,True,323,0.47146373987197876,True,323,0.37016013264656067,True,323,0.31739017367362976,True,323,0.29602134227752686,True,323,0.4040500819683075,True,323,0.329850971698761,True,323,0.34999310970306396,True,323,0.36883747577667236,True,True,False
324,325,325_9.bmp,preprocessed_results\325\325_9.bmp,324,324,324,0.25941646099090576,True,324,0.25941646099090576,True,324,0.32028305530548096,True,324,0.3162100315093994,True,324,0.3197634518146515,True,324,0.34190604090690613,True,324,0.28303003311157227,True,324,0.3158714473247528,True,324,0.30517640709877014,True,324,0.24155357480049133,True,324,0.30428194999694824,True,True,False
325,326,326_4.bmp,preprocessed_results\326\326_4.bmp,325,325,325,0.9565929770469666,True,325,0.9565929770469666,True,325,0.9588153958320618,True,325,0.9581063389778137,True,325,0.9451364874839783,True,325,0.9415273666381836,True,325,0.9415441751480103,True,325,0.931797206401825,True,325,0.9237599968910217,True,325,0.9628708362579346,True,325,0.9494392275810242,True,True,False
326,327,327_5.bmp,preprocessed_results\327\327_5.bmp,326,326,326,0.7614912390708923,True,326,0.7614912390708923,True,326,0.7319186925888062,True,326,0.658477783203125,True,326,0.6983522176742554,True,326,0.7592326998710632,True,326,0.7971646189689636,True,326,0.7771441340446472,True,326,0.7817507982254028,True,326,0.7134156227111816,True,326,0.7494277358055115,True,True,False
327,328,328_7.bmp,preprocessed_results\328\328_7.bmp,327,327,327,0.5780977010726929,True,327,0.5780977010726929,True,327,0.5233337879180908,True,327,0.4985591769218445,True,327,0.5014724135398865,True,327,0.5772539973258972,True,327,0.4935460090637207,True,327,0.5920553803443909,True,327,0.4107295870780945,True,327,0.6364436745643616,True,327,0.539496660232544,True,True,False
328,329,329_5.bmp,preprocessed_results\329\329_5.bmp,328,328,328,0.8605260252952576,True,328,0.8605260252952576,True,328,0.8406169414520264,True,328,0.814895749092102,True,328,0.8247503638267517,True,328,0.827971339225769,True,328,0.8389759063720703,True,328,0.8129299879074097,True,328,0.8538620471954346,True,328,0.8308403491973877,True,328,0.8371176719665527,True,True,False
329,330,330_6.bmp,preprocessed_results\330\330_6.bmp,329,329,329,0.8631454110145569,True,329,0.8631454110145569,True,329,0.9397079944610596,True,329,0.9232774376869202,True,329,0.9453327655792236,True,329,0.8792595863342285,True,329,0.8932234644889832,True,329,0.9135656356811523,True,329,0.8924611210823059,True,329,0.9191381335258484,True,329,0.9129154086112976,True,True,False
330,331,331_7.bmp,preprocessed_results\331\331_7.bmp,330,330,330,0.9153945446014404,True,330,0.9153945446014404,True,330,0.9238967895507812,True,330,0.9250565767288208,True,330,0.8752639889717102,True,330,0.9100633263587952,True,330,0.9050261974334717,True,330,0.9109282493591309,True,330,0.9104965925216675,True,330,0.9118745923042297,True,330,0.9120836853981018,True,True,False
331,332,332_3.bmp,preprocessed_results\332\332_3.bmp,331,331,331,0.9069514274597168,True,331,0.9069514274597168,True,331,0.8890138268470764,True,331,0.8688579201698303,True,331,0.8614370822906494,True,331,0.8928051590919495,True,331,0.8994321823120117,True,331,0.9305408596992493,True,331,0.9131843447685242,True,331,0.8375356793403625,True,331,0.893185019493103,True,True,False
332,333,333_9.bmp,preprocessed_results\333\333_9.bmp,332,332,332,0.7908936738967896,True,332,0.7908936738967896,True,332,0.6432170867919922,True,332,0.7551360726356506,True,332,0.7466434836387634,True,332,0.8511013388633728,True,332,0.71880704164505,True,332,0.7278481125831604,True,332,0.8035483956336975,True,332,0.738959550857544,True,332,0.7602538466453552,True,True,False
333,334,334_8.bmp,preprocessed_results\334\334_8.bmp,333,333,333,0.47412922978401184,True,333,0.47412922978401184,True,333,0.48338109254837036,True,333,0.389178603887558,True,333,0.3441193699836731,True,333,0.33763277530670166,True,333,0.45593130588531494,True,333,0.42094317078590393,True,333,0.4152876138687134,True,333,0.3290708661079407,True,333,0.40930768847465515,True,True,False
334,335,335_4.bmp,preprocessed_results\335\335_4.bmp,334,334,334,0.8117282390594482,True,334,0.8117282390594482,True,334,0.8318507075309753,True,334,0.8232972025871277,True,334,0.8212540745735168,True,334,0.8310061097145081,True,334,0.8563244342803955,True,334,0.8633354306221008,True,334,0.8303467631340027,True,334,0.7977062463760376,True,334,0.8339866399765015,True,True,False
335,336,336_9.bmp,preprocessed_results\336\336_9.bmp,335,335,335,0.9106012582778931,True,335,0.9106012582778931,True,335,0.9408295154571533,True,335,0.9092879891395569,True,335,0.9350953698158264,True,335,0.9210510849952698,True,335,0.8769857287406921,True,335,0.8739500641822815,True,335,0.931598424911499,True,335,0.9331603646278381,True,335,0.9198873043060303,True,True,False
336,337,337_8.bmp,preprocessed_results\337\337_8.bmp,336,336,336,0.7585862278938293,True,336,0.7585862278938293,True,336,0.8392458558082581,True,336,0.7141434550285339,True,336,0.7228597402572632,True,336,0.6438035368919373,True,336,0.6863545179367065,True,336,0.8021085262298584,True,336,0.7470980286598206,True,336,0.7532789707183838,True,336,0.7481599450111389,True,True,False
337,338,338_8.bmp,preprocessed_results\338\338_8.bmp,337,337,337,0.7600356340408325,True,337,0.7600356340408325,True,337,0.800592303276062,True,337,0.7191900610923767,True,337,0.7838754653930664,True,337,0.757562518119812,True,337,0.794253408908844,True,337,0.7512682676315308,True,337,0.8134679198265076,True,337,0.7732722163200378,True,337,0.7758468389511108,True,True,False
338,339,339_2.bmp,preprocessed_results\339\339_2.bmp,338,338,338,0.9367303848266602,True,338,0.9367303848266602,True,338,0.930099368095398,True,338,0.9355630278587341,True,338,0.9451794028282166,True,338,0.9245426058769226,True,338,0.9480333924293518,True,338,0.9316089153289795,True,338,0.9490540623664856,True,338,0.9313380122184753,True,338,0.9383561015129089,True,True,False
339,340,340_9.bmp,preprocessed_results\340\340_9.bmp,339,339,339,0.7931557297706604,True,339,0.7931557297706604,True,339,0.8777255415916443,True,339,0.878624439239502,True,339,0.7896772623062134,True,339,0.7262946963310242,True,339,0.8894546627998352,True,339,0.7982839345932007,True,339,0.7322913408279419,True,339,0.8493233323097229,True,339,0.8268703818321228,True,True,False
340,341,341_5.bmp,preprocessed_results\341\341_5.bmp,340,340,340,0.9649835824966431,True,340,0.9649835824966431,True,340,0.9579631090164185,True,340,0.9587852954864502,True,340,0.971978485584259,True,340,0.9622377753257751,True,340,0.9723705649375916,True,340,0.9696715474128723,True,340,0.9652037620544434,True,340,0.9618932008743286,True,340,0.9660172462463379,True,True,False
341,342,342_5.bmp,preprocessed_results\342\342_5.bmp,341,341,341,0.7889324426651001,True,341,0.7889324426651001,True,341,0.6583875417709351,True,341,0.6179074645042419,True,341,0.8091077208518982,True,341,0.741448163986206,True,341,0.6043161749839783,True,341,0.8309777975082397,True,341,0.7221577167510986,True,341,0.7832880020141602,True,341,0.7410898804664612,True,True,False
342,343,343_4.bmp,preprocessed_results\343\343_4.bmp,342,342,342,0.9449790120124817,True,342,0.9449790120124817,True,342,0.9573487043380737,True,342,0.9472247362136841,True,342,0.9288287162780762,True,342,0.9262896776199341,True,342,0.9558179378509521,True,342,0.9157301187515259,True,342,0.9514505863189697,True,342,0.9498420357704163,True,342,0.9445133805274963,True,True,False
343,344,344_7.bmp,preprocessed_results\344\344_7.bmp,343,343,343,0.08569981902837753,True,343,0.08569981902837753,True,343,0.15895292162895203,True,343,0.15427258610725403,True,343,0.14366237819194794,True,343,0.07057897001504898,True,343,0.12835022807121277,True,343,0.24658915400505066,True,343,0.14107224345207214,True,343,0.2033599317073822,True,343,0.14353857934474945,True,True,False
344,345,345_3.bmp,preprocessed_results\345\345_3.bmp,344,344,344,0.9023331999778748,True,344,0.9023331999778748,True,344,0.8760944604873657,True,344,0.8164405822753906,True,344,0.8649294972419739,True,344,0.896168053150177,True,344,0.9033201932907104,True,344,0.8694688081741333,True,344,0.8518984317779541,True,344,0.8213030695915222,True,344,0.8724174499511719,True,True,False
345,346,346_5.bmp,preprocessed_results\346\346_5.bmp,345,345,345,0.9068164229393005,True,345,0.9068164229393005,True,345,0.928627610206604,True,345,0.9223738312721252,True,345,0.9153671860694885,True,345,0.8863387107849121,True,345,0.9200935363769531,True,345,0.9454959034919739,True,345,0.9339200258255005,True,345,0.934781014919281,True,345,0.9248229265213013,True,True,False
346,347,347_10.bmp,preprocessed_results\347\347_10.bmp,346,346,346,0.7078376412391663,True,346,0.7078376412391663,True,346,0.6689643263816833,True,346,0.6852288842201233,True,346,0.6213900446891785,True,346,0.7069829702377319,True,346,0.5020824670791626,True,346,0.6470310688018799,True,346,0.6865405440330505,True,346,0.6702967286109924,True,346,0.660818338394165,True,True,False
347,348,348_1.bmp,preprocessed_results\348\348_1.bmp,347,347,347,0.9365801215171814,True,347,0.9365801215171814,True,347,0.941320538520813,True,347,0.9432195425033569,True,347,0.94925457239151,True,347,0.9337164759635925,True,347,0.8921591639518738,True,347,0.9582961201667786,True,347,0.9329271912574768,True,347,0.9309126138687134,True,347,0.9382684826850891,True,True,False
348,349,349_3.bmp,preprocessed_results\349\349_3.bmp,348,348,348,0.17941626906394958,True,348,0.17941626906394958,True,348,0.12588626146316528,True,348,0.1485103815793991,True,348,0.10442694276571274,True,348,0.09598753601312637,True,348,0.12240706384181976,True,348,0.100764699280262,True,348,0.14028328657150269,True,348,0.07806991040706635,True,348,0.12116558104753494,True,True,False
349,350,350_2.bmp,preprocessed_results\350\350_2.bmp,349,349,349,0.9013633131980896,True,349,0.9013633131980896,True,349,0.8932787179946899,True,349,0.9110732674598694,True,349,0.8939056396484375,True,349,0.9235079884529114,True,349,0.9158877730369568,True,349,0.9347983002662659,True,349,0.8953167200088501,True,349,0.93039470911026,True,349,0.9137077927589417,True,True,False
350,351,351_9.bmp,preprocessed_results\351\351_9.bmp,350,350,350,0.7054172158241272,True,350,0.7054172158241272,True,350,0.7985911965370178,True,350,0.8281765580177307,True,350,0.7399905323982239,True,350,0.7927097678184509,True,350,0.7850326895713806,True,350,0.7252323627471924,True,350,0.8051655292510986,True,350,0.6929965615272522,True,350,0.7691202163696289,True,True,False
351,352,352_3.bmp,preprocessed_results\352\352_3.bmp,351,351,351,0.8304929733276367,True,351,0.8304929733276367,True,351,0.8321599364280701,True,351,0.7618592977523804,True,351,0.8523077368736267,True,351,0.84154212474823,True,351,0.7989441156387329,True,351,0.8449975252151489,True,351,0.7710184454917908,True,351,0.8772796988487244,True,351,0.8292714953422546,True,True,False
352,353,353_5.bmp,preprocessed_results\353\353_5.bmp,352,352,352,0.8819381594657898,True,352,0.8819381594657898,True,352,0.8934180736541748,True,352,0.8692693114280701,True,352,0.8859073519706726,True,352,0.8899084329605103,True,352,0.8462392687797546,True,352,0.910510241985321,True,352,0.9002629518508911,True,352,0.8981862664222717,True,352,0.8896670937538147,True,True,False
353,354,354_1.bmp,preprocessed_results\354\354_1.bmp,353,353,353,0.4828701317310333,True,353,0.4828701317310333,True,353,0.4736337661743164,True,353,0.3892925977706909,True,353,0.4669090211391449,True,353,0.4363177716732025,True,353,0.585771381855011,True,353,0.3483875095844269,True,353,0.4535733163356781,True,353,0.43956202268600464,True,353,0.4573359191417694,True,True,False
354,355,355_4.bmp,preprocessed_results\355\355_4.bmp,354,354,354,0.8756176233291626,True,354,0.8756176233291626,True,354,0.8948895931243896,True,354,0.9195072650909424,True,354,0.8872815370559692,True,354,0.8710120320320129,True,354,0.9293671250343323,True,354,0.9272310137748718,True,354,0.9040303826332092,True,354,0.9207889437675476,True,354,0.9065880179405212,True,True,False
355,356,356_8.bmp,preprocessed_results\356\356_8.bmp,355,355,355,0.9221476316452026,True,355,0.9221476316452026,True,355,0.9349763989448547,True,355,0.9216492176055908,True,355,0.9250363707542419,True,355,0.8962650299072266,True,355,0.9146930575370789,True,355,0.8738664984703064,True,355,0.9146376252174377,True,355,0.8993642926216125,True,355,0.9144823551177979,True,True,False
356,357,357_7.bmp,preprocessed_results\357\357_7.bmp,356,356,356,0.9141984581947327,True,356,0.9141984581947327,True,356,0.8364783525466919,True,356,0.8669664859771729,True,356,0.8406409621238708,True,356,0.8859239816665649,True,356,0.8828058838844299,True,356,0.8858644366264343,True,356,0.920962393283844,True,356,0.911169171333313,True,356,0.8881651759147644,True,True,False
357,358,358_1.bmp,preprocessed_results\358\358_1.bmp,357,357,357,0.8699209690093994,True,357,0.8699209690093994,True,357,0.8967520594596863,True,357,0.9032363295555115,True,357,0.9037297964096069,True,357,0.9079803228378296,True,357,0.8712692260742188,True,357,0.8356598615646362,True,357,0.8912566900253296,True,357,0.8858901262283325,True,357,0.8892937302589417,True,True,False
358,359,359_10.bmp,preprocessed_results\359\359_10.bmp,358,358,358,0.8379817008972168,True,358,0.8379817008972168,True,358,0.8809082508087158,True,358,0.9084828495979309,True,358,0.8787621259689331,True,358,0.8656066656112671,True,358,0.9022864699363708,True,358,0.8711236715316772,True,358,0.856719970703125,True,358,0.8251447677612305,True,358,0.8735448122024536,True,True,False
359,360,360_2.bmp,preprocessed_results\360\360_2.bmp,359,359,359,0.7949811220169067,True,359,0.7949811220169067,True,359,0.8541725277900696,True,359,0.8512827157974243,True,359,0.8364564776420593,True,359,0.839171826839447,True,359,0.7897975444793701,True,359,0.8360325694084167,True,359,0.851403534412384,True,359,0.798905074596405,True,359,0.8317869305610657,True,True,False
360,361,361_3.bmp,preprocessed_results\361\361_3.bmp,360,360,360,0.8327143788337708,True,360,0.8327143788337708,True,360,0.7954899668693542,True,360,0.8200562000274658,True,360,0.8154250979423523,True,360,0.8239639401435852,True,360,0.8389644026756287,True,360,0.7362733483314514,True,360,0.8444424867630005,True,360,0.7780524492263794,True,360,0.8160011172294617,True,True,False
361,362,362_4.bmp,preprocessed_results\362\362_4.bmp,361,361,361,0.919559895992279,True,361,0.919559895992279,True,361,0.9136279225349426,True,361,0.8859041929244995,True,361,0.8771334886550903,True,361,0.9014722108840942,True,361,0.9316348433494568,True,361,0.896268904209137,True,361,0.9252548217773438,True,361,0.9179772138595581,True,361,0.9109525680541992,True,True,False
362,363,363_5.bmp,preprocessed_results\363\363_5.bmp,362,362,362,0.9131269454956055,True,362,0.9131269454956055,True,362,0.8984927535057068,True,362,0.906610906124115,True,362,0.8833224773406982,True,362,0.8894703388214111,True,362,0.900945782661438,True,362,0.9442377090454102,True,362,0.9034436345100403,True,362,0.8604851961135864,True,362,0.9040203094482422,True,True,False
363,364,364_1.bmp,preprocessed_results\364\364_1.bmp,363,363,363,0.7914617657661438,True,363,0.7914617657661438,True,363,0.8243328332901001,True,363,0.7691648602485657,True,363,0.7978990077972412,True,363,0.7416458129882812,True,363,0.7977760434150696,True,363,0.8302502632141113,True,363,0.8423254489898682,True,363,0.8161429166793823,True,363,0.8060588836669922,True,True,False
364,365,365_7.bmp,preprocessed_results\365\365_7.bmp,364,364,364,0.8582615256309509,True,364,0.8582615256309509,True,364,0.8420974016189575,True,364,0.8360969424247742,True,364,0.8072581887245178,True,364,0.8640514612197876,True,364,0.7999701499938965,True,364,0.882426381111145,True,364,0.8608962297439575,True,364,0.8498661518096924,True,364,0.8482487797737122,True,True,False
365,366,366_4.bmp,preprocessed_results\366\366_4.bmp,365,365,365,0.9038686752319336,True,365,0.9038686752319336,True,365,0.9400987029075623,True,365,0.9324848055839539,True,365,0.8936904072761536,True,365,0.9353452920913696,True,365,0.9221454858779907,True,365,0.9294494986534119,True,365,0.9273678660392761,True,365,0.9431329369544983,True,365,0.9280403852462769,True,True,False
366,367,367_3.bmp,preprocessed_results\367\367_3.bmp,366,366,366,0.7723903656005859,True,366,0.7723903656005859,True,366,0.7882829904556274,True,366,0.701170027256012,True,366,0.6851380467414856,True,366,0.7609493732452393,True,366,0.6186102032661438,True,366,0.7661491632461548,True,366,0.8022609949111938,True,366,0.7474953532218933,True,366,0.7458058595657349,True,True,False
367,368,368_3.bmp,preprocessed_results\368\368_3.bmp,367,367,367,0.949081301689148,True,367,0.949081301689148,True,367,0.9412312507629395,True,367,0.9464026093482971,True,367,0.935283362865448,True,367,0.9444233179092407,True,367,0.9454261064529419,True,367,0.9317508339881897,True,367,0.943764865398407,True,367,0.9249394536018372,True,367,0.9415269494056702,True,True,False
368,369,369_10.bmp,preprocessed_results\369\369_10.bmp,368,368,368,0.8792096376419067,True,368,0.8792096376419067,True,368,0.8556236028671265,True,368,0.8670608401298523,True,368,0.9047052264213562,True,368,0.8848281502723694,True,368,0.8256456255912781,True,368,0.8741946816444397,True,368,0.8639254570007324,True,368,0.9126222133636475,True,368,0.8788637518882751,True,True,False
369,370,370_7.bmp,preprocessed_results\370\370_7.bmp,369,369,369,0.9660191535949707,True,369,0.9660191535949707,True,369,0.9686512351036072,True,369,0.9628620147705078,True,369,0.9586187601089478,True,369,0.9630309343338013,True,369,0.9597825407981873,True,369,0.9661704897880554,True,369,0.9634239077568054,True,369,0.9627195000648499,True,369,0.9642332196235657,True,True,False
370,371,371_3.bmp,preprocessed_results\371\371_3.bmp,370,370,370,0.871731162071228,True,370,0.871731162071228,True,370,0.8803876042366028,True,370,0.8732893466949463,True,370,0.8398064374923706,True,370,0.867868185043335,True,370,0.88387531042099,True,370,0.8893250226974487,True,370,0.8606572151184082,True,370,0.8272566199302673,True,370,0.8687751889228821,True,True,False
371,372,372_3.bmp,preprocessed_results\372\372_3.bmp,371,371,371,0.8942990303039551,True,371,0.8942990303039551,True,371,0.9176898002624512,True,371,0.9359463453292847,True,371,0.8528719544410706,True,371,0.866869330406189,True,371,0.8402146100997925,True,371,0.9062679409980774,True,371,0.8931264281272888,True,371,0.9205933809280396,True,371,0.8981056213378906,True,True,False
372,373,373_1.bmp,preprocessed_results\373\373_1.bmp,372,372,372,0.8525375723838806,True,372,0.8525375723838806,True,372,0.9187159538269043,True,372,0.9060884714126587,True,372,0.8386098742485046,True,372,0.8711894154548645,True,372,0.7952160835266113,True,372,0.8387986421585083,True,372,0.8445093035697937,True,372,0.8471925258636475,True,372,0.864443838596344,True,True,False
373,374,374_8.bmp,preprocessed_results\374\374_8.bmp,373,373,373,0.9152823090553284,True,373,0.9152823090553284,True,373,0.9371470808982849,True,373,0.917289137840271,True,373,0.8783144950866699,True,373,0.9016138315200806,True,373,0.9162495136260986,True,373,0.9123439192771912,True,373,0.9227898120880127,True,373,0.884770929813385,True,373,0.9120173454284668,True,True,False
374,375,375_3.bmp,preprocessed_results\375\375_3.bmp,374,374,374,0.9588135480880737,True,374,0.9588135480880737,True,374,0.9440661072731018,True,374,0.9595463871955872,True,374,0.9376619458198547,True,374,0.9600585699081421,True,374,0.9438040852546692,True,374,0.9587699174880981,True,374,0.9320012927055359,True,374,0.9616625905036926,True,374,0.9527759552001953,True,True,False
375,376,376_8.bmp,preprocessed_results\376\376_8.bmp,375,375,375,0.7322019934654236,True,375,0.7322019934654236,True,375,0.7188690900802612,True,375,0.7541171908378601,True,375,0.8226158618927002,True,375,0.7037456631660461,True,375,0.7433405518531799,True,375,0.6778759360313416,True,375,0.7776626348495483,True,375,0.7492510080337524,True,375,0.7480951547622681,True,True,False
376,377,377_3.bmp,preprocessed_results\377\377_3.bmp,376,376,376,0.6023590564727783,True,376,0.6023590564727783,True,376,0.5687295198440552,True,376,0.6446630954742432,True,376,0.6666615605354309,True,376,0.6591737866401672,True,376,0.5736924409866333,True,376,0.5095627903938293,True,376,0.578235387802124,True,376,0.5301605463027954,True,376,0.5997345447540283,True,True,False
377,378,378_4.bmp,preprocessed_results\378\378_4.bmp,377,377,377,0.940472424030304,True,377,0.940472424030304,True,377,0.9431008100509644,True,377,0.9356616139411926,True,377,0.9425973296165466,True,377,0.9327907562255859,True,377,0.921181321144104,True,377,0.9484374523162842,True,377,0.948214054107666,True,377,0.9399736523628235,True,377,0.9404540061950684,True,True,False
378,379,379_2.bmp,preprocessed_results\379\379_2.bmp,378,378,378,0.853624165058136,True,378,0.853624165058136,True,378,0.7762017846107483,True,378,0.6716649532318115,True,378,0.7991293668746948,True,378,0.8204939365386963,True,378,0.7815266847610474,True,378,0.8460536003112793,True,378,0.8213187456130981,True,378,0.7836405038833618,True,378,0.803531289100647,True,True,False
379,380,380_4.bmp,preprocessed_results\380\380_4.bmp,379,379,379,0.9047906398773193,True,379,0.9047906398773193,True,379,0.8960881233215332,True,379,0.8989594578742981,True,379,0.8877186179161072,True,379,0.8979352116584778,True,379,0.9079896807670593,True,379,0.9062976837158203,True,379,0.885414183139801,True,379,0.9116014838218689,True,379,0.9013144969940186,True,True,False
380,381,381_9.bmp,preprocessed_results\381\381_9.bmp,380,380,380,0.6481752395629883,True,380,0.6481752395629883,True,380,0.8070424795150757,True,380,0.6698192358016968,True,380,0.724920928478241,True,380,0.6762243509292603,True,380,0.7666895985603333,True,380,0.7507440447807312,True,380,0.7108462452888489,True,380,0.7545107007026672,True,380,0.7308611273765564,True,True,False
381,382,382_5.bmp,preprocessed_results\382\382_5.bmp,381,381,381,0.9503632187843323,True,381,0.9503632187843323,True,381,0.9621544480323792,True,381,0.9437004327774048,True,381,0.9595071077346802,True,381,0.9525166153907776,True,381,0.9462113976478577,True,381,0.9460293650627136,True,381,0.9447787404060364,True,381,0.9413401484489441,True,381,0.9509838819503784,True,True,False
382,383,383_7.bmp,preprocessed_results\383\383_7.bmp,382,382,382,0.615206778049469,True,382,0.615206778049469,True,382,0.5933064222335815,True,382,0.5844672322273254,True,382,0.6915354132652283,True,382,0.5746753811836243,True,382,0.6983208656311035,True,382,0.6368997693061829,True,382,0.5346014499664307,True,382,0.4794120788574219,True,382,0.607253909111023,True,True,False
383,384,384_1.bmp,preprocessed_results\384\384_1.bmp,383,383,383,0.7693126201629639,True,383,0.7693126201629639,True,383,0.7625938057899475,True,383,0.7713637948036194,True,383,0.7450674772262573,True,383,0.7613978385925293,True,383,0.7446138262748718,True,383,0.7589144706726074,True,383,0.7302531599998474,True,383,0.7837807536125183,True,383,0.762232780456543,True,True,False
384,385,385_10.bmp,preprocessed_results\385\385_10.bmp,384,384,384,0.4068068563938141,True,384,0.4068068563938141,True,384,0.2574200928211212,True,384,0.5990889668464661,True,384,0.45679971575737,True,384,0.5001905560493469,True,384,0.39191532135009766,True,384,0.43156898021698,True,384,0.4961837828159332,True,384,0.3480257987976074,True,384,0.43410542607307434,True,True,False
385,386,386_10.bmp,preprocessed_results\386\386_10.bmp,385,385,385,0.9447787404060364,True,385,0.9447787404060364,True,385,0.9411726593971252,True,385,0.9393794536590576,True,385,0.92926424741745,True,385,0.9216489195823669,True,385,0.9367238879203796,True,385,0.9352679252624512,True,385,0.9490000605583191,True,385,0.9486621618270874,True,385,0.940172553062439,True,True,False
386,387,387_7.bmp,preprocessed_results\387\387_7.bmp,386,386,386,0.9425022006034851,True,386,0.9425022006034851,True,386,0.9402806758880615,True,386,0.9455816149711609,True,386,0.9364191889762878,True,386,0.9502210021018982,True,386,0.9536778926849365,True,386,0.9416630864143372,True,386,0.9445235133171082,True,386,0.9434024095535278,True,386,0.9455146789550781,True,True,False
387,388,388_4.bmp,preprocessed_results\388\388_4.bmp,387,387,387,0.929755687713623,True,387,0.929755687713623,True,387,0.931638777256012,True,387,0.9222767949104309,True,387,0.9461631774902344,True,387,0.9432039856910706,True,387,0.9359047412872314,True,387,0.9235061407089233,True,387,0.9377013444900513,True,387,0.9227398633956909,True,387,0.9340278506278992,True,True,False
388,389,389_7.bmp,preprocessed_results\389\389_7.bmp,388,388,388,0.8800815343856812,True,388,0.8800815343856812,True,388,0.9213851094245911,True,388,0.931464672088623,True,388,0.7739956974983215,True,388,0.8658047318458557,True,388,0.9090697169303894,True,388,0.9400035738945007,True,388,0.9238446354866028,True,388,0.8914094567298889,True,388,0.9022025465965271,True,True,False
389,390,390_3.bmp,preprocessed_results\390\390_3.bmp,389,389,389,0.9552785754203796,True,389,0.9552785754203796,True,389,0.9657415747642517,True,389,0.954380214214325,True,389,0.9516307711601257,True,389,0.9539484977722168,True,389,0.9358616471290588,True,389,0.9423046708106995,True,389,0.9589080214500427,True,389,0.9472236633300781,True,389,0.9533281326293945,True,True,False
390,391,391_7.bmp,preprocessed_results\391\391_7.bmp,390,390,390,0.8931577205657959,True,390,0.8931577205657959,True,390,0.9364176392555237,True,390,0.8927382826805115,True,390,0.8977141976356506,True,390,0.9178817868232727,True,390,0.8844922184944153,True,390,0.8817207217216492,True,390,0.880804717540741,True,390,0.907352089881897,True,390,0.9020566344261169,True,True,False
391,392,392_2.bmp,preprocessed_results\392\392_2.bmp,391,391,391,0.8916427493095398,True,391,0.8916427493095398,True,391,0.9176503419876099,True,391,0.8736546039581299,True,391,0.9073965549468994,True,391,0.9196935892105103,True,391,0.8569460511207581,True,391,0.8807916641235352,True,391,0.8918909430503845,True,391,0.8890910744667053,True,391,0.8956397175788879,True,True,False
392,393,393_8.bmp,preprocessed_results\393\393_8.bmp,392,392,392,0.682584822177887,True,392,0.682584822177887,True,392,0.7605598568916321,True,392,0.7304535508155823,True,392,0.754349946975708,True,392,0.7459788918495178,True,392,0.7024037837982178,True,392,0.7271308302879333,True,392,0.7339322566986084,True,392,0.7710890173912048,True,392,0.7387250065803528,True,True,False
393,394,394_3.bmp,preprocessed_results\394\394_3.bmp,393,393,393,0.8743509650230408,True,393,0.8743509650230408,True,393,0.8702852129936218,True,393,0.9140799641609192,True,393,0.9134032726287842,True,393,0.879906415939331,True,393,0.8981093168258667,True,393,0.9079799652099609,True,393,0.9247463345527649,True,393,0.8922724723815918,True,393,0.9002301096916199,True,True,False
394,395,395_5.bmp,preprocessed_results\395\395_5.bmp,394,394,394,0.9141271114349365,True,394,0.9141271114349365,True,394,0.9138961434364319,True,394,0.8999488949775696,True,394,0.9030841588973999,True,394,0.8845558762550354,True,394,0.9189717769622803,True,394,0.8638967275619507,True,394,0.8935697674751282,True,394,0.9127761125564575,True,394,0.9029656052589417,True,True,False
395,396,396_2.bmp,preprocessed_results\396\396_2.bmp,395,395,395,0.8944260478019714,True,395,0.8944260478019714,True,395,0.9327942132949829,True,395,0.9280900955200195,True,395,0.9048416018486023,True,395,0.917997419834137,True,395,0.928510308265686,True,395,0.9075261354446411,True,395,0.8963204026222229,True,395,0.8921970725059509,True,395,0.9139344692230225,True,True,False
396,397,397_1.bmp,preprocessed_results\397\397_1.bmp,396,396,396,0.9420080184936523,True,396,0.9420080184936523,True,396,0.9483314156532288,True,396,0.9469118714332581,True,396,0.9283031821250916,True,396,0.9403307437896729,True,396,0.9466949105262756,True,396,0.9350485801696777,True,396,0.9508935809135437,True,396,0.9319813847541809,True,396,0.9426394701004028,True,True,False
397,398,398_1.bmp,preprocessed_results\398\398_1.bmp,397,397,397,0.8128697872161865,True,397,0.8128697872161865,True,397,0.8048439025878906,True,397,0.8473936319351196,True,397,0.8594782948493958,True,397,0.8579714894294739,True,397,0.8574670553207397,True,397,0.7981062531471252,True,397,0.8306866884231567,True,397,0.8063971996307373,True,397,0.8342885375022888,True,True,False
398,399,399_6.bmp,preprocessed_results\399\399_6.bmp,398,398,398,0.931533694267273,True,398,0.931533694267273,True,398,0.9440910816192627,True,398,0.9271862506866455,True,398,0.9159740209579468,True,398,0.9503867030143738,True,398,0.9696416258811951,True,398,0.9444149136543274,True,398,0.9474932551383972,True,398,0.9355723261833191,True,398,0.9436760544776917,True,True,False
399,400,400_7.bmp,preprocessed_results\400\400_7.bmp,399,399,399,0.8235196471214294,True,399,0.8235196471214294,True,399,0.8437450528144836,True,399,0.8250893950462341,True,399,0.8545174598693848,True,399,0.8175763487815857,True,399,0.7760473489761353,True,399,0.7491031289100647,True,399,0.8151999711990356,True,399,0.7746338248252869,True,399,0.8140679001808167,True,True,False
400,401,401_6.bmp,preprocessed_results\401\401_6.bmp,400,400,400,0.6670745015144348,True,400,0.6670745015144348,True,400,0.6102201342582703,True,400,0.5089600682258606,True,400,0.6275511384010315,True,400,0.6952919960021973,True,400,0.586704671382904,True,400,0.6343547105789185,True,400,0.6447917222976685,True,400,0.7059318423271179,True,400,0.6366404891014099,True,True,False
401,402,402_2.bmp,preprocessed_results\402\402_2.bmp,401,401,401,0.5270774960517883,True,401,0.5270774960517883,True,401,0.5796197056770325,True,401,0.38251855969429016,True,401,0.47522488236427307,True,401,0.3914388418197632,True,401,0.4696386754512787,True,401,0.49679529666900635,True,401,0.5021015405654907,True,401,0.5819481611251831,True,401,0.4960716962814331,True,True,False
402,403,403_10.bmp,preprocessed_results\403\403_10.bmp,402,402,402,0.40834036469459534,True,402,0.40834036469459534,True,402,0.4832119047641754,True,402,0.5530129671096802,True,402,0.46188777685165405,True,402,0.42435020208358765,True,402,0.5632367730140686,True,402,0.5385801196098328,True,402,0.45857521891593933,True,402,0.48747140169143677,True,402,0.4905090928077698,True,True,False
403,404,404_4.bmp,preprocessed_results\404\404_4.bmp,403,403,403,0.8745799660682678,True,403,0.8745799660682678,True,403,0.9125818014144897,True,403,0.8731846213340759,True,403,0.8674452900886536,True,403,0.8791370391845703,True,403,0.8725658655166626,True,403,0.895083487033844,True,403,0.8594772815704346,True,403,0.9014348983764648,True,403,0.8849597573280334,True,True,False
404,405,405_1.bmp,preprocessed_results\405\405_1.bmp,404,404,404,0.6441421508789062,True,404,0.6441421508789062,True,404,0.6052401661872864,True,404,0.7015526294708252,True,404,0.6259442567825317,True,404,0.6127979755401611,True,404,0.6466900110244751,True,404,0.5777340531349182,True,404,0.6113686561584473,True,404,0.6442227363586426,True,404,0.6355794072151184,True,True,False
405,406,406_5.bmp,preprocessed_results\406\406_5.bmp,405,405,405,0.9101009368896484,True,405,0.9101009368896484,True,405,0.9207926392555237,True,405,0.9416391849517822,True,405,0.9108242988586426,True,405,0.8799612522125244,True,405,0.9242826104164124,True,405,0.928665041923523,True,405,0.8798291683197021,True,405,0.9101622700691223,True,405,0.9152131676673889,True,True,False
406,407,407_10.bmp,preprocessed_results\407\407_10.bmp,406,406,406,0.8797358870506287,True,406,0.8797358870506287,True,406,0.9316965341567993,True,406,0.892520546913147,True,406,0.8840965628623962,True,406,0.8867161870002747,True,406,0.9121156334877014,True,406,0.8888418078422546,True,406,0.8909576535224915,True,406,0.8809269070625305,True,406,0.8973417282104492,True,True,False
407,408,408_2.bmp,preprocessed_results\408\408_2.bmp,407,407,407,0.968853771686554,True,407,0.968853771686554,True,407,0.9596895575523376,True,407,0.9625890254974365,True,407,0.9710010290145874,True,407,0.9687707424163818,True,407,0.97566819190979,True,407,0.9537508487701416,True,407,0.9781152606010437,True,407,0.953214168548584,True,407,0.9675093293190002,True,True,False
408,409,409_1.bmp,preprocessed_results\409\409_1.bmp,408,408,408,0.8779466152191162,True,408,0.8779466152191162,True,408,0.9074435830116272,True,408,0.8966785669326782,True,408,0.9056701064109802,True,408,0.9217068552970886,True,408,0.924689531326294,True,408,0.9217772483825684,True,408,0.8909620046615601,True,408,0.8989167809486389,True,408,0.9073175191879272,True,True,False
409,410,410_3.bmp,preprocessed_results\410\410_3.bmp,409,409,409,0.3015139698982239,True,409,0.3015139698982239,True,409,0.34738677740097046,True,409,0.5118790864944458,True,409,0.3909260034561157,True,409,0.36983242630958557,True,409,0.34650304913520813,True,409,0.35307252407073975,True,409,0.3690500557422638,True,409,0.48312708735466003,True,409,0.3896671235561371,True,True,False
410,411,411_4.bmp,preprocessed_results\411\411_4.bmp,410,410,410,0.9022444486618042,True,410,0.9022444486618042,True,410,0.9307286739349365,True,410,0.9391551613807678,True,410,0.9048507213592529,True,410,0.9096959829330444,True,410,0.9129171967506409,True,410,0.9353758692741394,True,410,0.904560387134552,True,410,0.922694206237793,True,410,0.920242965221405,True,True,False
411,412,412_5.bmp,preprocessed_results\412\412_5.bmp,411,411,411,0.8868774175643921,True,411,0.8868774175643921,True,411,0.9263218641281128,True,411,0.9073903560638428,True,411,0.92329341173172,True,411,0.9220812320709229,True,411,0.9161261320114136,True,411,0.9208205342292786,True,411,0.8963558673858643,True,411,0.920163631439209,True,411,0.9151995182037354,True,True,False
412,413,413_1.bmp,preprocessed_results\413\413_1.bmp,412,412,412,0.6041133999824524,True,412,0.6041133999824524,True,412,0.5497775673866272,True,412,0.40060773491859436,True,412,0.5620821118354797,True,412,0.4496297240257263,True,412,0.44819319248199463,True,412,0.48424750566482544,True,412,0.46251460909843445,True,412,0.46227455139160156,True,412,0.49854719638824463,True,True,False
413,414,414_6.bmp,preprocessed_results\414\414_6.bmp,413,413,413,0.9065448641777039,True,413,0.9065448641777039,True,413,0.9018166065216064,True,413,0.8889504671096802,True,413,0.8834026455879211,True,413,0.9021076560020447,True,413,0.9254794716835022,True,413,0.8940281271934509,True,413,0.9048556089401245,True,413,0.9018226265907288,True,413,0.903171956539154,True,True,False
414,415,415_6.bmp,preprocessed_results\415\415_6.bmp,414,414,414,0.7197628617286682,True,414,0.7197628617286682,True,414,0.8031100630760193,True,414,0.8231145143508911,True,414,0.7076624631881714,True,414,0.7604317665100098,True,414,0.8011555075645447,True,414,0.8140067458152771,True,414,0.7953823208808899,True,414,0.7907617092132568,True,414,0.7850830554962158,True,True,False
415,416,416_3.bmp,preprocessed_results\416\416_3.bmp,415,415,415,0.9151996374130249,True,415,0.9151996374130249,True,415,0.864547073841095,True,415,0.8367913961410522,True,415,0.8644036650657654,True,415,0.8895756006240845,True,415,0.788569986820221,True,415,0.8135783076286316,True,415,0.8530442118644714,True,415,0.761375904083252,True,415,0.8522026538848877,True,True,False
416,417,417_8.bmp,preprocessed_results\417\417_8.bmp,416,416,416,0.9609304666519165,True,416,0.9609304666519165,True,416,0.9642715454101562,True,416,0.9537584781646729,True,416,0.9499719142913818,True,416,0.9650912880897522,True,416,0.9704481363296509,True,416,0.9602609276771545,True,416,0.9621548652648926,True,416,0.9584380388259888,True,416,0.961503803730011,True,True,False
417,418,418_9.bmp,preprocessed_results\418\418_9.bmp,417,417,417,0.9089527726173401,True,417,0.9089527726173401,True,417,0.9238306879997253,True,417,0.8986800909042358,True,417,0.924730658531189,True,417,0.9060760736465454,True,417,0.944138765335083,True,417,0.9527359008789062,True,417,0.9085867404937744,True,417,0.9086576104164124,True,417,0.9229884147644043,True,True,False
418,419,419_10.bmp,preprocessed_results\419\419_10.bmp,418,418,418,0.9246550798416138,True,418,0.9246550798416138,True,418,0.922306478023529,True,418,0.9380406737327576,True,418,0.9152792096138,True,418,0.931157112121582,True,418,0.9264405369758606,True,418,0.9398697018623352,True,418,0.9166866540908813,True,418,0.930109977722168,True,418,0.9285351037979126,True,True,False
419,420,420_10.bmp,preprocessed_results\420\420_10.bmp,419,419,419,0.8052642941474915,True,419,0.8052642941474915,True,419,0.8543633818626404,True,419,0.8580420613288879,True,419,0.8314294815063477,True,419,0.8082982897758484,True,419,0.8368692398071289,True,419,0.7867539525032043,True,419,0.7862098813056946,True,419,0.839758574962616,True,419,0.8265219926834106,True,True,False
420,421,421_10.bmp,preprocessed_results\421\421_10.bmp,420,420,420,0.6009685397148132,True,420,0.6009685397148132,True,420,0.44539251923561096,True,420,0.4596574604511261,True,420,0.6212907433509827,True,420,0.5853606462478638,True,420,0.5959692597389221,True,420,0.5044655203819275,True,420,0.528978705406189,True,420,0.4720095098018646,True,420,0.5409956574440002,True,True,False
421,422,422_10.bmp,preprocessed_results\422\422_10.bmp,421,421,421,0.6340695023536682,True,421,0.6340695023536682,True,421,0.7038542032241821,True,421,0.6812009811401367,True,421,0.615475058555603,True,421,0.5814253687858582,True,421,0.6001304388046265,True,421,0.65321284532547,True,421,0.7073459029197693,True,421,0.5261200070381165,True,421,0.6389691233634949,True,True,False
422,423,423_4.bmp,preprocessed_results\423\423_4.bmp,422,422,422,0.9251903295516968,True,422,0.9251903295516968,True,422,0.9473025798797607,True,422,0.9268701076507568,True,422,0.9487661719322205,True,422,0.9380547404289246,True,422,0.9306917786598206,True,422,0.9262945652008057,True,422,0.9305719137191772,True,422,0.9450514912605286,True,422,0.937035322189331,True,True,False
423,424,424_1.bmp,preprocessed_results\424\424_1.bmp,423,423,423,0.4977467656135559,True,423,0.4977467656135559,True,423,0.6356514096260071,True,423,0.4891713559627533,True,423,0.5489007234573364,True,423,0.5577108860015869,True,423,0.49928557872772217,True,423,0.555886447429657,True,423,0.5070059299468994,True,423,0.5285579562187195,True,423,0.5411688685417175,True,True,False
424,425,425_5.bmp,preprocessed_results\425\425_5.bmp,424,424,424,0.9435084462165833,True,424,0.9435084462165833,True,424,0.9396549463272095,True,424,0.9330981969833374,True,424,0.9429867267608643,True,424,0.9530845284461975,True,424,0.931442379951477,True,424,0.9441649317741394,True,424,0.9346661567687988,True,424,0.9551958441734314,True,424,0.9431689977645874,True,True,False
425,426,426_4.bmp,preprocessed_results\426\426_4.bmp,425,425,425,0.8840591907501221,True,425,0.8840591907501221,True,425,0.8704077005386353,True,425,0.9024938344955444,True,425,0.8472339510917664,True,425,0.8668607473373413,True,425,0.912496030330658,True,425,0.8972059488296509,True,425,0.896201491355896,True,425,0.8765904903411865,True,425,0.8867159485816956,True,True,False
426,427,427_7.bmp,preprocessed_results\427\427_7.bmp,426,426,426,0.8768694996833801,True,426,0.8768694996833801,True,426,0.9397727251052856,True,426,0.9064064621925354,True,426,0.8780390024185181,True,426,0.9154385924339294,True,426,0.8996749520301819,True,426,0.9161079525947571,True,426,0.9124046564102173,True,426,0.9129048585891724,True,426,0.9096945524215698,True,True,False
427,428,428_3.bmp,preprocessed_results\428\428_3.bmp,427,427,427,0.9508642554283142,True,427,0.9508642554283142,True,427,0.938627302646637,True,427,0.951444149017334,True,427,0.9430051445960999,True,427,0.94669109582901,True,427,0.9324622750282288,True,427,0.9303624033927917,True,427,0.9348240494728088,True,427,0.9529106616973877,True,427,0.9436641335487366,True,True,False
428,429,429_10.bmp,preprocessed_results\429\429_10.bmp,428,428,428,0.928473949432373,True,428,0.928473949432373,True,428,0.9557719826698303,True,428,0.9338902831077576,True,428,0.9149284958839417,True,428,0.9078625440597534,True,428,0.9007206559181213,True,428,0.9404225945472717,True,428,0.9190248847007751,True,428,0.8620336651802063,True,428,0.9229736924171448,True,True,False
429,430,430_3.bmp,preprocessed_results\430\430_3.bmp,429,429,429,0.9245137572288513,True,429,0.9245137572288513,True,429,0.945935070514679,True,429,0.9560792446136475,True,429,0.9374251365661621,True,429,0.9195505380630493,True,429,0.9303749799728394,True,429,0.9490178823471069,True,429,0.9310909509658813,True,429,0.9485539793968201,True,429,0.9402785897254944,True,True,False
430,431,431_4.bmp,preprocessed_results\431\431_4.bmp,430,430,430,0.936150312423706,True,430,0.936150312423706,True,430,0.9367992281913757,True,430,0.9524992108345032,True,430,0.9506644606590271,True,430,0.9555421471595764,True,430,0.9424840807914734,True,430,0.9210355877876282,True,430,0.9402880668640137,True,430,0.9334133267402649,True,430,0.9427601099014282,True,True,False
431,432,432_7.bmp,preprocessed_results\432\432_7.bmp,431,431,431,0.9601826667785645,True,431,0.9601826667785645,True,431,0.9467496275901794,True,431,0.9575605988502502,True,431,0.9586560726165771,True,431,0.9487537145614624,True,431,0.9550419449806213,True,431,0.9193967580795288,True,431,0.9508147835731506,True,431,0.9334871768951416,True,431,0.9499739408493042,True,True,False
432,433,433_4.bmp,preprocessed_results\433\433_4.bmp,432,432,432,0.8862349390983582,True,432,0.8862349390983582,True,432,0.8997099995613098,True,432,0.9010953307151794,True,432,0.9045246839523315,True,432,0.9095141291618347,True,432,0.8786362409591675,True,432,0.9110426306724548,True,432,0.8827686309814453,True,432,0.850583016872406,True,432,0.894119143486023,True,True,False
433,434,434_3.bmp,preprocessed_results\434\434_3.bmp,433,433,433,0.9374946355819702,True,433,0.9374946355819702,True,433,0.9509313702583313,True,433,0.963344156742096,True,433,0.9480969309806824,True,433,0.9525523781776428,True,433,0.9179978370666504,True,433,0.959859311580658,True,433,0.959686815738678,True,433,0.9621400833129883,True,433,0.9531608819961548,True,True,False
434,435,435_7.bmp,preprocessed_results\435\435_7.bmp,434,434,434,0.9253080487251282,True,434,0.9253080487251282,True,434,0.8876351118087769,True,434,0.9337474703788757,True,434,0.9208894968032837,True,434,0.8999433517456055,True,434,0.9281111359596252,True,434,0.9203556180000305,True,434,0.9298660755157471,True,434,0.9439100623130798,True,434,0.9237227439880371,True,True,False
435,436,436_4.bmp,preprocessed_results\436\436_4.bmp,435,435,435,0.9328705668449402,True,435,0.9328705668449402,True,435,0.9100459814071655,True,435,0.8347590565681458,True,435,0.8914611339569092,True,435,0.9208935499191284,True,435,0.8879014849662781,True,435,0.8598679900169373,True,435,0.9071869254112244,True,435,0.8647403120994568,True,435,0.895603358745575,True,True,False
436,437,437_4.bmp,preprocessed_results\437\437_4.bmp,436,436,436,0.8655444383621216,True,436,0.8655444383621216,True,436,0.8823595643043518,True,436,0.9035534262657166,True,436,0.8906751275062561,True,436,0.8723180294036865,True,436,0.8976646661758423,True,436,0.8862500190734863,True,436,0.9008942246437073,True,436,0.8820952773094177,True,436,0.889378011226654,True,True,False
437,438,438_4.bmp,preprocessed_results\438\438_4.bmp,437,437,437,0.8520256280899048,True,437,0.8520256280899048,True,437,0.868165910243988,True,437,0.8982024192810059,True,437,0.8360023498535156,True,437,0.8852449059486389,True,437,0.8764597773551941,True,437,0.8846291303634644,True,437,0.8463242650032043,True,437,0.8684231638908386,True,437,0.870860755443573,True,True,False
438,439,439_4.bmp,preprocessed_results\439\439_4.bmp,438,438,438,0.867640495300293,True,438,0.867640495300293,True,438,0.8750321865081787,True,438,0.8652365803718567,True,438,0.8819265961647034,True,438,0.8575318455696106,True,438,0.838535726070404,True,438,0.8362594246864319,True,438,0.8673158884048462,True,438,0.8669379949569702,True,438,0.86419278383255,True,True,False
439,440,440_2.bmp,preprocessed_results\440\440_2.bmp,439,439,439,0.9505851864814758,True,439,0.9505851864814758,True,439,0.9742403626441956,True,439,0.9679827094078064,True,439,0.959953248500824,True,439,0.9364886283874512,True,439,0.9710319638252258,True,439,0.9684655070304871,True,439,0.9553463459014893,True,439,0.9534070491790771,True,439,0.9619195461273193,True,True,False
440,441,441_9.bmp,preprocessed_results\441\441_9.bmp,440,440,440,0.6084520220756531,True,440,0.6084520220756531,True,440,0.5039801597595215,True,440,0.6484318375587463,True,440,0.5250062942504883,True,440,0.5242617130279541,True,440,0.6562384366989136,True,440,0.5983036756515503,True,440,0.6317022442817688,True,440,0.6213117241859436,True,440,0.5963213443756104,True,True,False
441,442,442_8.bmp,preprocessed_results\442\442_8.bmp,441,441,441,0.8956321477890015,True,441,0.8956321477890015,True,441,0.9245814085006714,True,441,0.8712878823280334,True,441,0.9013102650642395,True,441,0.9014992117881775,True,441,0.9048997759819031,True,441,0.84445720911026,True,441,0.8856092691421509,True,441,0.882220983505249,True,441,0.8942911028862,True,True,False
442,443,443_7.bmp,preprocessed_results\443\443_7.bmp,442,442,442,0.9331651926040649,True,442,0.9331651926040649,True,442,0.9311485290527344,True,442,0.9527618885040283,True,442,0.9397435784339905,True,442,0.930725634098053,True,442,0.927058219909668,True,442,0.9460780024528503,True,442,0.947227954864502,True,442,0.9422699213027954,True,442,0.9406708478927612,True,True,False
443,444,444_3.bmp,preprocessed_results\444\444_3.bmp,443,443,443,0.8972198367118835,True,443,0.8972198367118835,True,443,0.8843587636947632,True,443,0.9249696731567383,True,443,0.9326549172401428,True,443,0.8798165321350098,True,443,0.8470982313156128,True,443,0.9103642702102661,True,443,0.906423807144165,True,443,0.8855828046798706,True,443,0.9018372893333435,True,True,False
444,445,445_9.bmp,preprocessed_results\445\445_9.bmp,444,444,444,0.8985384106636047,True,444,0.8985384106636047,True,444,0.9001120924949646,True,444,0.8903234601020813,True,444,0.9031367897987366,True,444,0.9215959906578064,True,444,0.9061607122421265,True,444,0.8772407174110413,True,444,0.9047197699546814,True,444,0.9077043533325195,True,444,0.9030125141143799,True,True,False
445,446,446_7.bmp,preprocessed_results\446\446_7.bmp,445,445,445,0.9578248262405396,True,445,0.9578248262405396,True,445,0.9562690258026123,True,445,0.9634538888931274,True,445,0.9560825228691101,True,445,0.9590165615081787,True,445,0.953786313533783,True,445,0.9595264196395874,True,445,0.9634004235267639,True,445,0.9561867117881775,True,445,0.9590740203857422,True,True,False
446,447,447_2.bmp,preprocessed_results\447\447_2.bmp,446,446,446,0.8044610023498535,True,446,0.8044610023498535,True,446,0.8214982151985168,True,446,0.7763756513595581,True,446,0.8205379247665405,True,446,0.7966848611831665,True,446,0.7582718729972839,True,446,0.776793360710144,True,446,0.8210397362709045,True,446,0.7647842764854431,True,446,0.7972880005836487,True,True,False
447,448,448_2.bmp,preprocessed_results\448\448_2.bmp,447,447,447,0.8877441883087158,True,447,0.8877441883087158,True,447,0.9177547693252563,True,447,0.927108883857727,True,447,0.889801561832428,True,447,0.9383508563041687,True,447,0.8969566822052002,True,447,0.9231792688369751,True,447,0.914484441280365,True,447,0.9171591401100159,True,447,0.9152269959449768,True,True,False
448,449,449_1.bmp,preprocessed_results\449\449_1.bmp,448,448,448,0.2930625379085541,True,448,0.2930625379085541,True,448,0.29169216752052307,True,448,0.3047987222671509,True,448,0.3567803204059601,True,448,0.2446216642856598,True,448,0.2733982503414154,True,448,0.25753307342529297,True,448,0.30317044258117676,True,448,0.3648912310600281,True,448,0.30182069540023804,True,True,False
449,450,450_2.bmp,preprocessed_results\450\450_2.bmp,449,449,449,0.9389869570732117,True,449,0.9389869570732117,True,449,0.9399835467338562,True,449,0.9350789189338684,True,449,0.9244865775108337,True,449,0.958800733089447,True,449,0.9386434555053711,True,449,0.936737596988678,True,449,0.944493293762207,True,449,0.9382091760635376,True,449,0.941154420375824,True,True,False
450,451,451_8.bmp,preprocessed_results\451\451_8.bmp,450,450,450,0.4960936903953552,True,450,0.4960936903953552,True,450,0.4712039828300476,True,450,0.354020893573761,True,450,0.3859880566596985,True,450,0.4402639865875244,True,450,0.48722153902053833,True,450,0.4974084198474884,True,450,0.3976399004459381,True,450,0.44247838854789734,True,450,0.44462424516677856,True,True,False
451,452,452_3.bmp,preprocessed_results\452\452_3.bmp,451,451,451,0.8552971482276917,True,451,0.8552971482276917,True,451,0.8363854289054871,True,451,0.8681954145431519,True,451,0.8604658246040344,True,451,0.8153972029685974,True,451,0.8688804507255554,True,451,0.8341320157051086,True,451,0.8412011861801147,True,451,0.7813265919685364,True,451,0.8436833024024963,True,True,False
452,453,453_2.bmp,preprocessed_results\453\453_2.bmp,452,452,452,0.8951922059059143,True,452,0.8951922059059143,True,452,0.9275764226913452,True,452,0.9085962176322937,True,452,0.9179714918136597,True,452,0.9106267690658569,True,452,0.8992308378219604,True,452,0.9076106548309326,True,452,0.9267711639404297,True,452,0.9285649061203003,True,452,0.915762722492218,True,True,False
453,454,454_5.bmp,preprocessed_results\454\454_5.bmp,453,453,453,0.9093818068504333,True,453,0.9093818068504333,True,453,0.8828667402267456,True,453,0.9612533450126648,True,453,0.9147148132324219,True,453,0.895098090171814,True,453,0.9426205158233643,True,453,0.93074631690979,True,453,0.9261265397071838,True,453,0.9159780740737915,True,453,0.9245138764381409,True,True,False
454,455,455_3.bmp,preprocessed_results\455\455_3.bmp,454,454,454,0.8661888241767883,True,454,0.8661888241767883,True,454,0.8485183715820312,True,454,0.8975770473480225,True,454,0.8579502105712891,True,454,0.8942106366157532,True,454,0.8845003247261047,True,454,0.8987558484077454,True,454,0.853841245174408,True,454,0.8693360090255737,True,454,0.8785814046859741,True,True,False
455,456,456_1.bmp,preprocessed_results\456\456_1.bmp,455,455,455,0.5673063397407532,True,455,0.5673063397407532,True,455,0.5628777742385864,True,455,0.5867299437522888,True,455,0.551112949848175,True,455,0.4833448827266693,True,455,0.5009445548057556,True,455,0.6343986988067627,True,455,0.49602386355400085,True,455,0.4823010563850403,True,455,0.5454292893409729,True,True,False
456,457,457_10.bmp,preprocessed_results\457\457_10.bmp,456,456,456,0.5255649089813232,True,456,0.5255649089813232,True,456,0.5433828234672546,True,456,0.4299851953983307,True,456,0.4410586953163147,True,456,0.4588136672973633,True,456,0.47044050693511963,True,456,0.4615977108478546,True,456,0.4961538314819336,True,456,0.46356621384620667,True,456,0.48049381375312805,True,True,False
457,458,458_8.bmp,preprocessed_results\458\458_8.bmp,457,457,457,0.9351403117179871,True,457,0.9351403117179871,True,457,0.9308287501335144,True,457,0.9520719647407532,True,457,0.9275640249252319,True,457,0.9276167750358582,True,457,0.9366408586502075,True,457,0.9323917031288147,True,457,0.9354079961776733,True,457,0.9344697594642639,True,457,0.935908854007721,True,True,False
458,459,459_10.bmp,preprocessed_results\459\459_10.bmp,458,458,458,0.7470177412033081,True,458,0.7470177412033081,True,458,0.7554176449775696,True,458,0.8350464105606079,True,458,0.7898528575897217,True,458,0.8108398914337158,True,458,0.7669358849525452,True,458,0.8008347749710083,True,458,0.7399927973747253,True,458,0.8214077949523926,True,458,0.7910202145576477,True,True,False
459,460,460_4.bmp,preprocessed_results\460\460_4.bmp,459,459,459,0.609452486038208,True,459,0.609452486038208,True,459,0.6634695529937744,True,459,0.4983051121234894,True,459,0.5004671216011047,True,459,0.6715492010116577,True,459,0.6025725603103638,True,459,0.5349718332290649,True,459,0.5721049904823303,True,459,0.5420502424240112,True,459,0.588995099067688,True,True,False
460,461,461_5.bmp,preprocessed_results\461\461_5.bmp,460,460,460,0.9642348885536194,True,460,0.9642348885536194,True,460,0.9574010372161865,True,460,0.958625316619873,True,460,0.9709808826446533,True,460,0.9709290862083435,True,460,0.9429070949554443,True,460,0.9603838324546814,True,460,0.9440428614616394,True,460,0.9617266654968262,True,460,0.9608839154243469,True,True,False
461,462,462_5.bmp,preprocessed_results\462\462_5.bmp,461,461,461,0.733235776424408,True,461,0.733235776424408,True,461,0.7678316831588745,True,461,0.7437891364097595,True,461,0.7784115672111511,True,461,0.7987274527549744,True,461,0.7689589858055115,True,461,0.755233645439148,True,461,0.8080496191978455,True,461,0.7827886343002319,True,461,0.7753270864486694,True,True,False
462,463,463_2.bmp,preprocessed_results\463\463_2.bmp,462,462,462,0.9215625524520874,True,462,0.9215625524520874,True,462,0.940645694732666,True,462,0.8976839780807495,True,462,0.9006968140602112,True,462,0.9350557923316956,True,462,0.9333571195602417,True,462,0.9052976965904236,True,462,0.9145752787590027,True,462,0.9258548617362976,True,462,0.9220433235168457,True,True,False
463,464,464_7.bmp,preprocessed_results\464\464_7.bmp,463,463,463,0.9359139800071716,True,463,0.9359139800071716,True,463,0.9309809803962708,True,463,0.9386906623840332,True,463,0.9344437718391418,True,463,0.9235924482345581,True,463,0.875333309173584,True,463,0.9318809509277344,True,463,0.9285457730293274,True,463,0.9350799918174744,True,463,0.9289714097976685,True,True,False
464,465,465_5.bmp,preprocessed_results\465\465_5.bmp,464,464,464,0.916532039642334,True,464,0.916532039642334,True,464,0.9229027032852173,True,464,0.922663152217865,True,464,0.9134572744369507,True,464,0.9107626080513,True,464,0.9264233708381653,True,464,0.948459267616272,True,464,0.9171655774116516,True,464,0.8947040438652039,True,464,0.921257734298706,True,True,False
465,466,466_2.bmp,preprocessed_results\466\466_2.bmp,465,465,465,0.9024603366851807,True,465,0.9024603366851807,True,465,0.8945205807685852,True,465,0.9282839894294739,True,465,0.9187982678413391,True,465,0.8955720067024231,True,465,0.9082145094871521,True,465,0.8970962762832642,True,465,0.9042872190475464,True,465,0.9083072543144226,True,465,0.9079887866973877,True,True,False
466,467,467_2.bmp,preprocessed_results\467\467_2.bmp,466,466,466,0.9350406527519226,True,466,0.9350406527519226,True,466,0.9248599410057068,True,466,0.8983861804008484,True,466,0.9268423318862915,True,466,0.9404411315917969,True,466,0.9198232889175415,True,466,0.9156549572944641,True,466,0.9361416697502136,True,466,0.9109708666801453,True,466,0.9252230525016785,True,True,False
467,468,468_6.bmp,preprocessed_results\468\468_6.bmp,467,467,467,0.9500911235809326,True,467,0.9500911235809326,True,467,0.9478334188461304,True,467,0.9571545720100403,True,467,0.9314605593681335,True,467,0.9223930835723877,True,467,0.9419825673103333,True,467,0.9374027252197266,True,467,0.9373616576194763,True,467,0.933269739151001,True,467,0.9421316981315613,True,True,False
468,469,469_9.bmp,preprocessed_results\469\469_9.bmp,468,468,468,0.8912610411643982,True,468,0.8912610411643982,True,468,0.9062631130218506,True,468,0.8211347460746765,True,468,0.8974461555480957,True,468,0.9084556102752686,True,468,0.9263076782226562,True,468,0.9055860042572021,True,468,0.8973419070243835,True,468,0.9029803276062012,True,468,0.8996580839157104,True,True,False
469,470,470_2.bmp,preprocessed_results\470\470_2.bmp,469,469,469,0.9424669742584229,True,469,0.9424669742584229,True,469,0.9519185423851013,True,469,0.9276517033576965,True,469,0.9048196077346802,True,469,0.9191485047340393,True,469,0.9067988991737366,True,469,0.9330925941467285,True,469,0.9208350777626038,True,469,0.9196074604988098,True,469,0.9278451204299927,True,True,False
470,471,471_5.bmp,preprocessed_results\471\471_5.bmp,470,470,470,0.8799974322319031,True,470,0.8799974322319031,True,470,0.8654994964599609,True,470,0.8674625158309937,True,470,0.8794628977775574,True,470,0.8840408325195312,True,470,0.9017050266265869,True,470,0.8599147200584412,True,470,0.9033589363098145,True,470,0.8887794613838196,True,470,0.8834611177444458,True,True,False
471,472,472_7.bmp,preprocessed_results\472\472_7.bmp,471,471,471,0.9442548155784607,True,471,0.9442548155784607,True,471,0.9402836561203003,True,471,0.9399057626724243,True,471,0.9336585998535156,True,471,0.9321991801261902,True,471,0.9307987689971924,True,471,0.9504023194313049,True,471,0.9532283544540405,True,471,0.9218119978904724,True,471,0.9402584433555603,True,True,False
472,473,473_8.bmp,preprocessed_results\473\473_8.bmp,472,472,472,0.9656121730804443,True,472,0.9656121730804443,True,472,0.9607943296432495,True,472,0.9592781066894531,True,472,0.9566991329193115,True,472,0.9510507583618164,True,472,0.9456799626350403,True,472,0.921640932559967,True,472,0.9609584808349609,True,472,0.950293779373169,True,472,0.9545809030532837,True,True,False
473,474,474_5.bmp,preprocessed_results\474\474_5.bmp,473,473,473,0.92055743932724,True,473,0.92055743932724,True,473,0.9420492053031921,True,473,0.9311735033988953,True,473,0.9104787707328796,True,473,0.9446897506713867,True,473,0.9025350213050842,True,473,0.9276028871536255,True,473,0.885518491268158,True,473,0.9323742985725403,True,473,0.9257287979125977,True,True,False
474,475,475_10.bmp,preprocessed_results\475\475_10.bmp,474,474,474,0.9401839375495911,True,474,0.9401839375495911,True,474,0.9239106774330139,True,474,0.9598019123077393,True,474,0.9378854632377625,True,474,0.9313720464706421,True,474,0.9425041079521179,True,474,0.932948887348175,True,474,0.9244667887687683,True,474,0.9352273941040039,True,474,0.9383574724197388,True,True,False
475,476,476_5.bmp,preprocessed_results\476\476_5.bmp,475,475,475,0.9350100159645081,True,475,0.9350100159645081,True,475,0.9357839822769165,True,475,0.9102033376693726,True,475,0.9136844277381897,True,475,0.9184242486953735,True,475,0.9129730463027954,True,475,0.9012041091918945,True,475,0.9307718276977539,True,475,0.8950836062431335,True,475,0.9195763468742371,True,True,False
476,477,477_1.bmp,preprocessed_results\477\477_1.bmp,476,476,476,0.6467407941818237,True,476,0.6467407941818237,True,476,0.6553462147712708,True,476,0.42468971014022827,True,476,0.6480596661567688,True,476,0.6337099671363831,True,476,0.5084540247917175,True,476,0.6883375644683838,True,476,0.6561380624771118,True,476,0.6758066415786743,True,476,0.6207029819488525,True,True,False
477,478,478_7.bmp,preprocessed_results\478\478_7.bmp,477,477,477,0.9133098721504211,True,477,0.9133098721504211,True,477,0.9421102404594421,True,477,0.9326995015144348,True,477,0.9357184171676636,True,477,0.9313502311706543,True,477,0.9286395311355591,True,477,0.9090340733528137,True,477,0.9334434270858765,True,477,0.9037824869155884,True,477,0.9272977709770203,True,True,False
478,479,479_5.bmp,preprocessed_results\479\479_5.bmp,478,478,478,0.9363969564437866,True,478,0.9363969564437866,True,478,0.9218343496322632,True,478,0.9308757185935974,True,478,0.9544196128845215,True,478,0.9432708024978638,True,478,0.9410683512687683,True,478,0.923311173915863,True,478,0.9234724640846252,True,478,0.9148368835449219,True,478,0.9341379404067993,True,True,False
479,480,480_4.bmp,preprocessed_results\480\480_4.bmp,479,479,479,0.9587947130203247,True,479,0.9587947130203247,True,479,0.9608803987503052,True,479,0.9455481171607971,True,479,0.960686981678009,True,479,0.9663122892379761,True,479,0.9618321061134338,True,479,0.9492533802986145,True,479,0.9566817283630371,True,479,0.9492169618606567,True,479,0.9576418995857239,True,True,False
480,481,481_6.bmp,preprocessed_results\481\481_6.bmp,480,480,480,0.8848357796669006,True,480,0.8848357796669006,True,480,0.8643677830696106,True,480,0.8997066020965576,True,480,0.8987999558448792,True,480,0.8869675397872925,True,480,0.9203983545303345,True,480,0.9040282368659973,True,480,0.9136354923248291,True,480,0.900827169418335,True,480,0.899559736251831,True,True,False
481,482,482_7.bmp,preprocessed_results\482\482_7.bmp,481,481,481,0.8819217681884766,True,481,0.8819217681884766,True,481,0.9060726165771484,True,481,0.8690742254257202,True,481,0.8476116061210632,True,481,0.8926274180412292,True,481,0.8925727009773254,True,481,0.9155908823013306,True,481,0.8780759572982788,True,481,0.8551748991012573,True,481,0.8848949670791626,True,True,False
482,483,483_9.bmp,preprocessed_results\483\483_9.bmp,482,482,482,0.9346175193786621,True,482,0.9346175193786621,True,482,0.9635058045387268,True,482,0.9691952466964722,True,482,0.9390875697135925,True,482,0.9700788855552673,True,482,0.9626203775405884,True,482,0.9402806162834167,True,482,0.9735307693481445,True,482,0.9266754388809204,True,482,0.9570463299751282,True,True,False
483,484,484_9.bmp,preprocessed_results\484\484_9.bmp,483,483,483,0.9623305797576904,True,483,0.9623305797576904,True,483,0.9678603410720825,True,483,0.9500492215156555,True,483,0.9631235003471375,True,483,0.9552571773529053,True,483,0.9480065107345581,True,483,0.9537765979766846,True,483,0.9713395833969116,True,483,0.9470217823982239,True,483,0.9590450525283813,True,True,False
484,485,485_9.bmp,preprocessed_results\485\485_9.bmp,484,484,484,0.896120548248291,True,484,0.896120548248291,True,484,0.8842228651046753,True,484,0.9176534414291382,True,484,0.8796091079711914,True,484,0.9053159952163696,True,484,0.8867684602737427,True,484,0.9020648002624512,True,484,0.9079318046569824,True,484,0.9017449021339417,True,484,0.8996357917785645,True,True,False
485,486,486_4.bmp,preprocessed_results\486\486_4.bmp,485,485,485,0.9181650280952454,True,485,0.9181650280952454,True,485,0.9108838438987732,True,485,0.9279764294624329,True,485,0.9128237366676331,True,485,0.923231840133667,True,485,0.9368997812271118,True,485,0.9130498170852661,True,485,0.9321246147155762,True,485,0.9101054668426514,True,485,0.9222577810287476,True,True,False
486,487,487_8.bmp,preprocessed_results\487\487_8.bmp,486,486,486,0.6903749704360962,True,486,0.6903749704360962,True,486,0.6724873185157776,True,486,0.7044777274131775,True,486,0.6481507420539856,True,486,0.6334013938903809,True,486,0.6769219040870667,True,486,0.7115135192871094,True,486,0.7217629551887512,True,486,0.5888270735740662,True,486,0.6768100261688232,True,True,False
487,488,488_2.bmp,preprocessed_results\488\488_2.bmp,487,487,487,0.8513200283050537,True,487,0.8513200283050537,True,487,0.8539049029350281,True,487,0.8178545236587524,True,487,0.7949490547180176,True,487,0.7917237877845764,True,487,0.7985262870788574,True,487,0.8784943222999573,True,487,0.76848304271698,True,487,0.8583922386169434,True,487,0.8288458585739136,True,True,False
488,489,489_8.bmp,preprocessed_results\489\489_8.bmp,488,488,488,0.9398619532585144,True,488,0.9398619532585144,True,488,0.9380333423614502,True,488,0.949167013168335,True,488,0.9368434548377991,True,488,0.9496740102767944,True,488,0.9437118172645569,True,488,0.9466022253036499,True,488,0.9329479336738586,True,488,0.9512909054756165,True,488,0.9446274042129517,True,True,False
489,490,490_2.bmp,preprocessed_results\490\490_2.bmp,489,489,489,0.9264730215072632,True,489,0.9264730215072632,True,489,0.9237106442451477,True,489,0.9185676574707031,True,489,0.9273110628128052,True,489,0.9330110549926758,True,489,0.9501115679740906,True,489,0.9286711812019348,True,489,0.9271994233131409,True,489,0.916224479675293,True,489,0.929395318031311,True,True,False
490,491,491_2.bmp,preprocessed_results\491\491_2.bmp,490,490,490,0.8789616823196411,True,490,0.8789616823196411,True,490,0.8908450603485107,True,490,0.8860249519348145,True,490,0.8935310244560242,True,490,0.8868588209152222,True,490,0.8869849443435669,True,490,0.8611845970153809,True,490,0.9093371629714966,True,490,0.847770094871521,True,490,0.8846076726913452,True,True,False
491,492,492_9.bmp,preprocessed_results\492\492_9.bmp,491,491,491,0.8786917924880981,True,491,0.8786917924880981,True,491,0.8664276599884033,True,491,0.8867926597595215,True,491,0.8357176780700684,True,491,0.8671259880065918,True,491,0.8591654300689697,True,491,0.8644011616706848,True,491,0.8778455853462219,True,491,0.8188876509666443,True,491,0.8649364113807678,True,True,False
492,493,493_1.bmp,preprocessed_results\493\493_1.bmp,492,492,492,0.5050460696220398,True,492,0.5050460696220398,True,492,0.5019791722297668,True,492,0.547559916973114,True,492,0.5143223404884338,True,492,0.551853358745575,True,492,0.4511806070804596,True,492,0.5420674681663513,True,492,0.4925477206707001,True,492,0.5408715605735779,True,492,0.5198508501052856,True,True,False
493,494,494_3.bmp,preprocessed_results\494\494_3.bmp,493,493,493,0.9112154245376587,True,493,0.9112154245376587,True,493,0.90435391664505,True,493,0.9062419533729553,True,493,0.8980589509010315,True,493,0.9033958911895752,True,493,0.8980346322059631,True,493,0.9032022356987,True,493,0.915823221206665,True,493,0.896293044090271,True,493,0.9051446318626404,True,True,False
494,495,495_4.bmp,preprocessed_results\495\495_4.bmp,494,494,494,0.880497395992279,True,494,0.880497395992279,True,494,0.8958818912506104,True,494,0.9204567074775696,True,494,0.9238728284835815,True,494,0.9062460064888,True,494,0.9450804591178894,True,494,0.9424120783805847,True,494,0.9294230341911316,True,494,0.9451034665107727,True,494,0.925105631351471,True,True,False
495,496,496_6.bmp,preprocessed_results\496\496_6.bmp,495,495,495,0.9249207973480225,True,495,0.9249207973480225,True,495,0.930846095085144,True,495,0.9393126964569092,True,495,0.8946917057037354,True,495,0.932157039642334,True,495,0.8996539115905762,True,495,0.9307495355606079,True,495,0.9295061230659485,True,495,0.9085052609443665,True,495,0.9238243699073792,True,True,False
496,497,497_1.bmp,preprocessed_results\497\497_1.bmp,496,496,496,0.2358301281929016,True,496,0.2358301281929016,True,496,0.2914966940879822,True,497,0.19114261865615845,False,497,0.23792080581188202,False,496,0.17918972671031952,True,497,0.23530571162700653,False,496,0.23819707334041595,True,496,0.1992110013961792,True,497,0.20331406593322754,False,496,0.20452281832695007,True,True,False
497,498,498_9.bmp,preprocessed_results\498\498_9.bmp,497,497,497,0.864100992679596,True,497,0.864100992679596,True,497,0.7902269959449768,True,497,0.8695667386054993,True,497,0.8553138971328735,True,497,0.8822684288024902,True,497,0.8657388091087341,True,497,0.8886255025863647,True,497,0.8190939426422119,True,497,0.8984775543212891,True,497,0.8643452525138855,True,True,False
498,499,499_8.bmp,preprocessed_results\499\499_8.bmp,498,498,498,0.9179995059967041,True,498,0.9179995059967041,True,498,0.9330101013183594,True,498,0.9541460871696472,True,498,0.9322224855422974,True,498,0.9296137094497681,True,498,0.9040416479110718,True,498,0.8563231229782104,True,498,0.924609363079071,True,498,0.9255430698394775,True,498,0.9245272874832153,True,True,False
499,500,500_10.bmp,preprocessed_results\500\500_10.bmp,499,499,499,0.9224064946174622,True,499,0.9224064946174622,True,499,0.9017820358276367,True,499,0.9346409440040588,True,499,0.9403813481330872,True,499,0.9250493049621582,True,499,0.8984488248825073,True,499,0.8911715149879456,True,499,0.9147698879241943,True,499,0.9059130549430847,True,499,0.9177410006523132,True,True,False
500,501,501_3.bmp,preprocessed_results\501\501_3.bmp,500,500,500,0.8845130205154419,True,500,0.8845130205154419,True,500,0.8968545794487,True,500,0.8985849022865295,True,500,0.9170853495597839,True,500,0.9025313258171082,True,500,0.8706885576248169,True,500,0.8773676753044128,True,500,0.8944656252861023,True,500,0.8911243677139282,True,500,0.8959084749221802,True,True,False
501,502,502_7.bmp,preprocessed_results\502\502_7.bmp,501,501,501,0.7955853939056396,True,501,0.7955853939056396,True,501,0.8266533613204956,True,501,0.8390141725540161,True,501,0.7917551398277283,True,501,0.8258135318756104,True,501,0.7903625965118408,True,501,0.8671135902404785,True,501,0.8729569911956787,True,501,0.8317464590072632,True,501,0.8319611549377441,True,True,False
502,503,503_4.bmp,preprocessed_results\503\503_4.bmp,502,502,502,0.935890257358551,True,502,0.935890257358551,True,502,0.8984718918800354,True,502,0.9315910935401917,True,502,0.9329970479011536,True,502,0.935805082321167,True,502,0.9222692847251892,True,502,0.929832935333252,True,502,0.940419614315033,True,502,0.9173110723495483,True,502,0.9288085699081421,True,True,False
503,504,504_4.bmp,preprocessed_results\504\504_4.bmp,503,503,482,0.11791667342185974,False,482,0.11791667342185974,False,482,0.13793882727622986,False,482,0.13738097250461578,False,482,0.1583346724510193,False,482,0.09442578256130219,False,482,0.11748825758695602,False,482,0.09449973702430725,False,482,0.093821220099926,False,482,0.09159162640571594,False,482,0.11747050285339355,False,False,True
504,505,505_10.bmp,preprocessed_results\505\505_10.bmp,504,504,504,0.8975831866264343,True,504,0.8975831866264343,True,504,0.8593793511390686,True,504,0.9285433292388916,True,504,0.9011141657829285,True,504,0.911196768283844,True,504,0.9147259593009949,True,504,0.9049234986305237,True,504,0.92442786693573,True,504,0.9048044681549072,True,504,0.907792866230011,True,True,False
505,506,506_10.bmp,preprocessed_results\506\506_10.bmp,505,505,505,0.9472986459732056,True,505,0.9472986459732056,True,505,0.9191276431083679,True,505,0.9233737587928772,True,505,0.9461546540260315,True,505,0.9441505670547485,True,505,0.9131525158882141,True,505,0.8976336121559143,True,505,0.9352102875709534,True,505,0.9044799208641052,True,505,0.928952693939209,True,True,False
506,507,507_1.bmp,preprocessed_results\507\507_1.bmp,506,506,506,0.7465325593948364,True,506,0.7465325593948364,True,506,0.6985313296318054,True,506,0.8548464179039001,True,506,0.7684421539306641,True,506,0.6967626810073853,True,506,0.8790544867515564,True,506,0.8055567741394043,True,506,0.7694180607795715,True,506,0.7939575910568237,True,506,0.7889353632926941,True,True,False
507,508,508_6.bmp,preprocessed_results\508\508_6.bmp,507,507,507,0.8118427395820618,True,507,0.8118427395820618,True,507,0.8840161561965942,True,507,0.8380180597305298,True,507,0.8470046520233154,True,507,0.8006055951118469,True,507,0.8307390213012695,True,507,0.849302351474762,True,507,0.8297231197357178,True,507,0.8646053671836853,True,507,0.8426520824432373,True,True,False
508,509,509_8.bmp,preprocessed_results\509\509_8.bmp,508,508,508,0.9369224905967712,True,508,0.9369224905967712,True,508,0.9443185329437256,True,508,0.9521132707595825,True,508,0.9305122494697571,True,508,0.9464746713638306,True,508,0.9335045218467712,True,508,0.9361758232116699,True,508,0.9448884129524231,True,508,0.9405937194824219,True,508,0.9417746067047119,True,True,False
509,510,510_5.bmp,preprocessed_results\510\510_5.bmp,509,509,509,0.8272790312767029,True,509,0.8272790312767029,True,509,0.8644838333129883,True,509,0.8404679298400879,True,509,0.8604170083999634,True,509,0.8880978226661682,True,509,0.8400788903236389,True,509,0.8664155602455139,True,509,0.8568642735481262,True,509,0.8521969318389893,True,509,0.8575450778007507,True,True,False
510,511,511_6.bmp,preprocessed_results\511\511_6.bmp,510,510,510,0.8395172953605652,True,510,0.8395172953605652,True,510,0.887488603591919,True,510,0.9010515809059143,True,510,0.8661538362503052,True,510,0.8433068990707397,True,510,0.8743236064910889,True,510,0.8954319357872009,True,510,0.8808494210243225,True,510,0.8679449558258057,True,510,0.8766408562660217,True,True,False
511,512,512_8.bmp,preprocessed_results\512\512_8.bmp,511,511,511,0.8728386759757996,True,511,0.8728386759757996,True,511,0.8960637450218201,True,511,0.9182240962982178,True,511,0.8689100742340088,True,511,0.9146553874015808,True,511,0.8707917928695679,True,511,0.87668776512146,True,511,0.9118925333023071,True,511,0.8863297700881958,True,511,0.893802285194397,True,True,False
512,513,513_10.bmp,preprocessed_results\513\513_10.bmp,512,512,512,0.938123881816864,True,512,0.938123881816864,True,512,0.9239547252655029,True,512,0.9388971924781799,True,512,0.9365290999412537,True,512,0.9316267967224121,True,512,0.9310515522956848,True,512,0.9540271162986755,True,512,0.9427910447120667,True,512,0.9433268904685974,True,512,0.9392486214637756,True,True,False
513,514,514_5.bmp,preprocessed_results\514\514_5.bmp,513,513,513,0.9379093647003174,True,513,0.9379093647003174,True,513,0.9511399269104004,True,513,0.9219840168952942,True,513,0.9318346977233887,True,513,0.9158700704574585,True,513,0.9437586069107056,True,513,0.9326103329658508,True,513,0.9339945912361145,True,513,0.9353652596473694,True,513,0.9355392456054688,True,True,False
514,515,515_9.bmp,preprocessed_results\515\515_9.bmp,514,514,514,0.9348867535591125,True,514,0.9348867535591125,True,514,0.9225809574127197,True,514,0.9402180910110474,True,514,0.9338098168373108,True,514,0.9325659871101379,True,514,0.889812171459198,True,514,0.8895231485366821,True,514,0.9205052852630615,True,514,0.9094829559326172,True,514,0.9222251772880554,True,True,False
515,516,516_8.bmp,preprocessed_results\516\516_8.bmp,515,515,515,0.6471938490867615,True,515,0.6471938490867615,True,515,0.6688844561576843,True,515,0.6518348455429077,True,515,0.5799985527992249,True,515,0.5589656829833984,True,515,0.7110374569892883,True,515,0.558623731136322,True,515,0.6153444647789001,True,515,0.6099334955215454,True,515,0.6290351748466492,True,True,False
516,517,517_5.bmp,preprocessed_results\517\517_5.bmp,516,516,516,0.9276729822158813,True,516,0.9276729822158813,True,516,0.9339855313301086,True,516,0.9189765453338623,True,516,0.9273741245269775,True,516,0.9341822266578674,True,516,0.9032106995582581,True,516,0.9133939146995544,True,516,0.9206061959266663,True,516,0.9052813649177551,True,516,0.9224552512168884,True,True,False
517,518,518_3.bmp,preprocessed_results\518\518_3.bmp,517,517,517,0.9386571645736694,True,517,0.9386571645736694,True,517,0.9326077699661255,True,517,0.9345888495445251,True,517,0.9190163016319275,True,517,0.9206216931343079,True,517,0.9237076640129089,True,517,0.9190057516098022,True,517,0.9242594242095947,True,517,0.926934003829956,True,517,0.9280024766921997,True,True,False
518,519,519_9.bmp,preprocessed_results\519\519_9.bmp,518,518,518,0.8953348398208618,True,518,0.8953348398208618,True,518,0.9259858131408691,True,518,0.9305655360221863,True,518,0.901100754737854,True,518,0.9065207839012146,True,518,0.8855492472648621,True,518,0.9463132619857788,True,518,0.9246669411659241,True,518,0.9283670783042908,True,518,0.9199684262275696,True,True,False
519,520,520_6.bmp,preprocessed_results\520\520_6.bmp,519,519,519,0.857207179069519,True,519,0.857207179069519,True,519,0.8790052533149719,True,519,0.7688030004501343,True,519,0.8517472147941589,True,519,0.8814066648483276,True,519,0.8206751346588135,True,519,0.8443024754524231,True,519,0.8304422497749329,True,519,0.8314617872238159,True,519,0.845759391784668,True,True,False
520,521,521_5.bmp,preprocessed_results\521\521_5.bmp,520,520,520,0.9564623236656189,True,520,0.9564623236656189,True,520,0.9479398727416992,True,520,0.9530373215675354,True,520,0.9435492753982544,True,520,0.9466201663017273,True,520,0.9342623353004456,True,520,0.9573912024497986,True,520,0.9577081799507141,True,520,0.9454193115234375,True,520,0.950283944606781,True,True,False
521,522,522_8.bmp,preprocessed_results\522\522_8.bmp,521,521,521,0.9320698380470276,True,521,0.9320698380470276,True,521,0.928641676902771,True,521,0.9177090525627136,True,521,0.8988984227180481,True,521,0.9399837851524353,True,521,0.9192845821380615,True,521,0.9377956390380859,True,521,0.9298170804977417,True,521,0.9231243133544922,True,521,0.9269853234291077,True,True,False
522,523,523_9.bmp,preprocessed_results\523\523_9.bmp,522,522,522,0.937221884727478,True,522,0.937221884727478,True,522,0.9058077931404114,True,522,0.9409180283546448,True,522,0.9250634908676147,True,522,0.9418138861656189,True,522,0.8973571062088013,True,522,0.9403966665267944,True,522,0.9281277656555176,True,522,0.922882616519928,True,522,0.9298714995384216,True,True,False
523,524,524_5.bmp,preprocessed_results\524\524_5.bmp,523,523,523,0.954440176486969,True,523,0.954440176486969,True,523,0.9562526941299438,True,523,0.9589276313781738,True,523,0.9432284832000732,True,523,0.9625555276870728,True,523,0.9383021593093872,True,523,0.9325027465820312,True,523,0.9423171281814575,True,523,0.9590675234794617,True,523,0.9516350626945496,True,True,False
524,525,525_6.bmp,preprocessed_results\525\525_6.bmp,524,524,524,0.9670655727386475,True,524,0.9670655727386475,True,524,0.9640730619430542,True,524,0.9550319314002991,True,524,0.9654164910316467,True,524,0.9640251994132996,True,524,0.9557372331619263,True,524,0.9596189856529236,True,524,0.9646098613739014,True,524,0.9572756290435791,True,524,0.9622056484222412,True,True,False
525,526,526_7.bmp,preprocessed_results\526\526_7.bmp,525,525,525,0.87947678565979,True,525,0.87947678565979,True,525,0.9385277628898621,True,525,0.923497200012207,True,525,0.9134645462036133,True,525,0.8998851776123047,True,525,0.8938400745391846,True,525,0.8814413547515869,True,525,0.9092488288879395,True,525,0.9166454076766968,True,525,0.9096988439559937,True,True,False
526,527,527_3.bmp,preprocessed_results\527\527_3.bmp,526,526,526,0.941284716129303,True,526,0.941284716129303,True,526,0.9334478974342346,True,526,0.939235270023346,True,526,0.9359738826751709,True,526,0.9461018443107605,True,526,0.919590175151825,True,526,0.9329994320869446,True,526,0.9378021955490112,True,526,0.9436228275299072,True,526,0.9377754926681519,True,True,False
527,528,528_8.bmp,preprocessed_results\528\528_8.bmp,527,527,527,0.9315356612205505,True,527,0.9315356612205505,True,527,0.9555774331092834,True,527,0.9353407025337219,True,527,0.9417632222175598,True,527,0.9357592463493347,True,527,0.9472969174385071,True,527,0.9575464725494385,True,527,0.9341915845870972,True,527,0.940668523311615,True,527,0.9436469674110413,True,True,False
528,529,529_10.bmp,preprocessed_results\529\529_10.bmp,528,528,528,0.9074152708053589,True,528,0.9074152708053589,True,528,0.9048883318901062,True,528,0.8816230297088623,True,528,0.8746168613433838,True,528,0.9240617752075195,True,528,0.8307382464408875,True,528,0.8760156631469727,True,528,0.8834346532821655,True,528,0.9075713157653809,True,528,0.8926223516464233,True,True,False
529,530,530_5.bmp,preprocessed_results\530\530_5.bmp,529,529,529,0.9205325841903687,True,529,0.9205325841903687,True,529,0.9200154542922974,True,529,0.8986415863037109,True,529,0.8724142909049988,True,529,0.9095550775527954,True,529,0.9274360537528992,True,529,0.9424847364425659,True,529,0.9092246294021606,True,529,0.9073296189308167,True,529,0.9153649210929871,True,True,False
530,531,531_7.bmp,preprocessed_results\531\531_7.bmp,530,530,530,0.8406364917755127,True,530,0.8406364917755127,True,530,0.8370193839073181,True,530,0.8085452914237976,True,530,0.8326128721237183,True,530,0.8974786996841431,True,530,0.8295871615409851,True,530,0.8085702061653137,True,530,0.8991495966911316,True,530,0.7949292659759521,True,530,0.8455445170402527,True,True,False
531,532,532_8.bmp,preprocessed_results\532\532_8.bmp,531,531,531,0.9106698632240295,True,531,0.9106698632240295,True,531,0.8986396789550781,True,531,0.9152386784553528,True,531,0.9170340895652771,True,531,0.9213417172431946,True,531,0.9320222735404968,True,531,0.9181137681007385,True,531,0.9362244009971619,True,531,0.8995384573936462,True,531,0.9190385341644287,True,True,False
532,533,533_3.bmp,preprocessed_results\533\533_3.bmp,532,532,532,0.900762140750885,True,532,0.900762140750885,True,532,0.8978170156478882,True,532,0.8955590724945068,True,532,0.8912255764007568,True,532,0.8672405481338501,True,532,0.904848039150238,True,532,0.8280832171440125,True,532,0.9076006412506104,True,532,0.8526135683059692,True,532,0.8865737915039062,True,True,False
533,534,534_9.bmp,preprocessed_results\534\534_9.bmp,533,533,533,0.9354630708694458,True,533,0.9354630708694458,True,533,0.948238730430603,True,533,0.9222652316093445,True,533,0.90590900182724,True,533,0.9222330451011658,True,533,0.9370248317718506,True,533,0.936007022857666,True,533,0.9405212998390198,True,533,0.9295763969421387,True,533,0.9330917596817017,True,True,False
534,535,535_2.bmp,preprocessed_results\535\535_2.bmp,534,534,534,0.2514825165271759,True,534,0.2514825165271759,True,534,0.28665971755981445,True,534,0.271541953086853,True,534,0.34903258085250854,True,534,0.38932937383651733,True,534,0.23349159955978394,True,534,0.259907990694046,True,534,0.30458492040634155,True,534,0.34791070222854614,True,534,0.3009498417377472,True,True,False
535,536,536_8.bmp,preprocessed_results\536\536_8.bmp,535,535,535,0.8719635605812073,True,535,0.8719635605812073,True,535,0.8748349547386169,True,535,0.8668660521507263,True,535,0.9086071252822876,True,535,0.8795443177223206,True,535,0.9051792025566101,True,535,0.8554943203926086,True,535,0.8846991658210754,True,535,0.8660810589790344,True,535,0.8820012211799622,True,True,False
536,537,537_9.bmp,preprocessed_results\537\537_9.bmp,536,536,536,0.916235089302063,True,536,0.916235089302063,True,536,0.9229487180709839,True,536,0.9425443410873413,True,536,0.9396812915802002,True,536,0.906326174736023,True,536,0.9413437843322754,True,536,0.9524337649345398,True,536,0.9252406358718872,True,536,0.9347464442253113,True,536,0.9334671497344971,True,True,False
537,538,538_9.bmp,preprocessed_results\538\538_9.bmp,537,537,537,0.9659278392791748,True,537,0.9659278392791748,True,537,0.9720621705055237,True,537,0.9604641199111938,True,537,0.9676024317741394,True,537,0.9601852893829346,True,537,0.9697449207305908,True,537,0.9469160437583923,True,537,0.9614447355270386,True,537,0.9655951857566833,True,537,0.964549720287323,True,True,False
538,539,539_3.bmp,preprocessed_results\539\539_3.bmp,538,538,538,0.9060764312744141,True,538,0.9060764312744141,True,538,0.8901302814483643,True,538,0.8903103470802307,True,538,0.8573427796363831,True,538,0.8793454170227051,True,538,0.9135379791259766,True,538,0.8895391821861267,True,538,0.9160560369491577,True,538,0.8315812349319458,True,538,0.8905930519104004,True,True,False
539,540,540_2.bmp,preprocessed_results\540\540_2.bmp,539,539,539,0.8170538544654846,True,539,0.8170538544654846,True,539,0.8566173911094666,True,539,0.8269158601760864,True,539,0.8494729399681091,True,539,0.852369487285614,True,539,0.8249732255935669,True,539,0.8171645998954773,True,539,0.8303869366645813,True,539,0.7922589182853699,True,539,0.8331621289253235,True,True,False
540,541,541_10.bmp,preprocessed_results\541\541_10.bmp,540,540,540,0.9220591187477112,True,540,0.9220591187477112,True,540,0.9163216948509216,True,540,0.9277974963188171,True,540,0.8970471620559692,True,540,0.9037374258041382,True,540,0.921607494354248,True,540,0.9221482872962952,True,540,0.9361270070075989,True,540,0.9210734963417053,True,540,0.9209572076797485,True,True,False
541,542,542_5.bmp,preprocessed_results\542\542_5.bmp,541,541,541,0.9280883073806763,True,541,0.9280883073806763,True,541,0.9257856607437134,True,541,0.9517450928688049,True,541,0.8985337615013123,True,541,0.918834388256073,True,541,0.9555769562721252,True,541,0.9414529800415039,True,541,0.934826672077179,True,541,0.8997748494148254,True,541,0.9316062927246094,True,True,False
542,543,543_6.bmp,preprocessed_results\543\543_6.bmp,542,542,542,0.9428285956382751,True,542,0.9428285956382751,True,542,0.9419174790382385,True,542,0.9321506023406982,True,542,0.9441563487052917,True,542,0.9365323185920715,True,542,0.9535080194473267,True,542,0.9297820329666138,True,542,0.9322113394737244,True,542,0.9402032494544983,True,542,0.9409481287002563,True,True,False
543,544,544_4.bmp,preprocessed_results\544\544_4.bmp,543,543,543,0.6245864629745483,True,543,0.6245864629745483,True,543,0.6315792798995972,True,543,0.6880505084991455,True,543,0.5573047995567322,True,543,0.5413970351219177,True,543,0.588707685470581,True,543,0.6286910176277161,True,543,0.661142110824585,True,543,0.5818958878517151,True,543,0.616679847240448,True,True,False
544,545,545_6.bmp,preprocessed_results\545\545_6.bmp,544,544,544,0.9181771874427795,True,544,0.9181771874427795,True,544,0.8947983384132385,True,544,0.9156490564346313,True,544,0.9238705635070801,True,544,0.8866223692893982,True,544,0.9172201156616211,True,544,0.9317085146903992,True,544,0.9170295000076294,True,544,0.8953554034233093,True,544,0.9133946299552917,True,True,False
545,546,546_4.bmp,preprocessed_results\546\546_4.bmp,545,545,545,0.9426813125610352,True,545,0.9426813125610352,True,545,0.9369522929191589,True,545,0.9296902418136597,True,545,0.9341985583305359,True,545,0.9264543652534485,True,545,0.9367896914482117,True,545,0.94643634557724,True,545,0.9325639009475708,True,545,0.9335336089134216,True,545,0.9367007613182068,True,True,False
546,547,547_3.bmp,preprocessed_results\547\547_3.bmp,546,546,546,0.8444034457206726,True,546,0.8444034457206726,True,546,0.8377742767333984,True,546,0.8345062732696533,True,546,0.8054903745651245,True,546,0.8162997364997864,True,546,0.8252782821655273,True,546,0.8709211349487305,True,546,0.8713954091072083,True,546,0.8434984683990479,True,546,0.8424535393714905,True,True,False
547,548,548_9.bmp,preprocessed_results\548\548_9.bmp,547,547,547,0.7614355683326721,True,547,0.7614355683326721,True,547,0.7805238962173462,True,547,0.7761567831039429,True,547,0.6751662492752075,True,547,0.6667077541351318,True,547,0.7820101380348206,True,547,0.7351871728897095,True,547,0.6998456716537476,True,547,0.7196762561798096,True,547,0.7382975220680237,True,True,False
548,549,549_10.bmp,preprocessed_results\549\549_10.bmp,548,548,548,0.9389840364456177,True,548,0.9389840364456177,True,548,0.9387710094451904,True,548,0.9442930221557617,True,548,0.9417591094970703,True,548,0.9264147877693176,True,548,0.9391321539878845,True,548,0.9427149891853333,True,548,0.9331313371658325,True,548,0.9187682867050171,True,548,0.9368268251419067,True,True,False
549,550,550_1.bmp,preprocessed_results\550\550_1.bmp,549,549,549,0.578486979007721,True,549,0.578486979007721,True,549,0.557895839214325,True,549,0.6070016622543335,True,549,0.38812220096588135,True,549,0.4435807466506958,True,549,0.5247656106948853,True,549,0.5800561904907227,True,549,0.5794099569320679,True,549,0.5204833149909973,True,549,0.5352511405944824,True,True,False
550,551,551_3.bmp,preprocessed_results\551\551_3.bmp,550,550,550,0.881470263004303,True,550,0.881470263004303,True,550,0.876791775226593,True,550,0.9109863042831421,True,550,0.854814350605011,True,550,0.8969217538833618,True,550,0.8017958402633667,True,550,0.8533060550689697,True,550,0.8694291710853577,True,550,0.8779352307319641,True,550,0.8739153146743774,True,True,False
551,552,552_9.bmp,preprocessed_results\552\552_9.bmp,551,551,551,0.9114285707473755,True,551,0.9114285707473755,True,551,0.930829644203186,True,551,0.9388704895973206,True,551,0.9157956838607788,True,551,0.9234803915023804,True,551,0.9367763996124268,True,551,0.9200338125228882,True,551,0.943789005279541,True,551,0.911994457244873,True,551,0.9279000759124756,True,True,False
552,553,553_3.bmp,preprocessed_results\553\553_3.bmp,552,552,552,0.8997983932495117,True,552,0.8997983932495117,True,552,0.9151583909988403,True,552,0.9188884496688843,True,552,0.8793213367462158,True,552,0.8879497647285461,True,552,0.9187895059585571,True,552,0.8969259858131409,True,552,0.909069299697876,True,552,0.8765478134155273,True,552,0.9026786684989929,True,True,False
553,554,554_2.bmp,preprocessed_results\554\554_2.bmp,553,553,553,0.8618094325065613,True,553,0.8618094325065613,True,553,0.914566695690155,True,553,0.8937750458717346,True,553,0.9236074090003967,True,553,0.9088724255561829,True,553,0.8892400860786438,True,553,0.8956136107444763,True,553,0.8829113841056824,True,553,0.8805927038192749,True,553,0.8983802199363708,True,True,False
554,555,555_8.bmp,preprocessed_results\555\555_8.bmp,554,554,554,0.92357337474823,True,554,0.92357337474823,True,554,0.907605767250061,True,554,0.8815479278564453,True,554,0.8877332806587219,True,554,0.8752338290214539,True,554,0.936560332775116,True,554,0.9092023372650146,True,554,0.9032672047615051,True,554,0.9130178689956665,True,554,0.9071692824363708,True,True,False
555,556,556_3.bmp,preprocessed_results\556\556_3.bmp,555,555,555,0.949311375617981,True,555,0.949311375617981,True,555,0.9469812512397766,True,555,0.9432694315910339,True,555,0.9462962746620178,True,555,0.9396303296089172,True,555,0.9613531231880188,True,555,0.9544020295143127,True,555,0.9485822916030884,True,555,0.9516358375549316,True,555,0.950265109539032,True,True,False
556,557,557_8.bmp,preprocessed_results\557\557_8.bmp,556,556,556,0.9371751546859741,True,556,0.9371751546859741,True,556,0.9405128359794617,True,556,0.933296263217926,True,556,0.9244710803031921,True,556,0.9301931262016296,True,556,0.9146432876586914,True,556,0.9241064786911011,True,556,0.9415098428726196,True,556,0.9420257210731506,True,556,0.9332160353660583,True,True,False
557,558,558_8.bmp,preprocessed_results\558\558_8.bmp,557,557,557,0.9377214908599854,True,557,0.9377214908599854,True,557,0.9525103569030762,True,557,0.9350903630256653,True,557,0.9281436800956726,True,557,0.9488081932067871,True,557,0.9246292114257812,True,557,0.9266230463981628,True,557,0.9313147664070129,True,557,0.9121710062026978,True,557,0.9348892569541931,True,True,False
558,559,559_7.bmp,preprocessed_results\559\559_7.bmp,558,558,558,0.875536322593689,True,558,0.875536322593689,True,558,0.9270575046539307,True,558,0.9259978532791138,True,558,0.9263575077056885,True,558,0.9007443785667419,True,558,0.9356456995010376,True,558,0.9150018692016602,True,558,0.9111926555633545,True,558,0.8866957426071167,True,558,0.9145937561988831,True,True,False
559,560,560_3.bmp,preprocessed_results\560\560_3.bmp,559,559,559,0.9561857581138611,True,559,0.9561857581138611,True,559,0.9511311054229736,True,559,0.9616659283638,True,559,0.9488029479980469,True,559,0.9526562690734863,True,559,0.9435535669326782,True,559,0.9314684271812439,True,559,0.9651757478713989,True,559,0.9327439069747925,True,559,0.9511111378669739,True,True,False
560,561,561_3.bmp,preprocessed_results\561\561_3.bmp,560,560,560,0.9643889665603638,True,560,0.9643889665603638,True,560,0.9655850529670715,True,560,0.9597226977348328,True,560,0.9595139026641846,True,560,0.9527149796485901,True,560,0.9488191604614258,True,560,0.9253302216529846,True,560,0.9586511850357056,True,560,0.9547563791275024,True,560,0.9561528563499451,True,True,False
561,562,562_7.bmp,preprocessed_results\562\562_7.bmp,561,561,561,0.9388521313667297,True,561,0.9388521313667297,True,561,0.9444754719734192,True,561,0.9528822898864746,True,561,0.9309576749801636,True,561,0.9114729166030884,True,561,0.9244877099990845,True,561,0.9156564474105835,True,561,0.941358208656311,True,561,0.9431685209274292,True,561,0.9362558722496033,True,True,False
562,563,563_7.bmp,preprocessed_results\563\563_7.bmp,562,562,562,0.9381623864173889,True,562,0.9381623864173889,True,562,0.9074082374572754,True,562,0.9370306134223938,True,562,0.9369333386421204,True,562,0.9416027665138245,True,562,0.9420431852340698,True,562,0.9147244095802307,True,562,0.9497184157371521,True,562,0.9311613440513611,True,562,0.9353015422821045,True,True,False
563,564,564_3.bmp,preprocessed_results\564\564_3.bmp,563,563,563,0.8930965065956116,True,563,0.8930965065956116,True,563,0.8926053643226624,True,563,0.9218687415122986,True,563,0.8876243233680725,True,563,0.8946598172187805,True,563,0.9031554460525513,True,563,0.9218311309814453,True,563,0.8940544724464417,True,563,0.9045336246490479,True,563,0.9032963514328003,True,True,False
564,565,565_9.bmp,preprocessed_results\565\565_9.bmp,564,564,564,0.8499021530151367,True,564,0.8499021530151367,True,564,0.8350593447685242,True,564,0.8133817911148071,True,564,0.8030645847320557,True,564,0.830621063709259,True,564,0.7989312410354614,True,564,0.8705095648765564,True,564,0.7863569855690002,True,564,0.8691912889480591,True,564,0.8325493335723877,True,True,False
565,566,566_7.bmp,preprocessed_results\566\566_7.bmp,565,565,565,0.9180349707603455,True,565,0.9180349707603455,True,565,0.916463315486908,True,565,0.9030655026435852,True,565,0.9388693571090698,True,565,0.9252605438232422,True,565,0.9374393820762634,True,565,0.9114498496055603,True,565,0.9415593147277832,True,565,0.9198920726776123,True,565,0.9257326722145081,True,True,False
566,567,567_7.bmp,preprocessed_results\567\567_7.bmp,566,566,566,0.8306581974029541,True,566,0.8306581974029541,True,566,0.8504012823104858,True,566,0.8178874850273132,True,566,0.8104470372200012,True,566,0.8758034110069275,True,566,0.885441780090332,True,566,0.8218083381652832,True,566,0.8469600081443787,True,566,0.8045116662979126,True,566,0.8435275554656982,True,True,False
567,568,568_8.bmp,preprocessed_results\568\568_8.bmp,567,567,567,0.8990879058837891,True,567,0.8990879058837891,True,567,0.9072331786155701,True,567,0.910422682762146,True,567,0.8696218729019165,True,567,0.9018645882606506,True,567,0.9137492179870605,True,567,0.9058083891868591,True,567,0.9102634191513062,True,567,0.9014455676078796,True,567,0.9045875072479248,True,True,False
568,569,569_5.bmp,preprocessed_results\569\569_5.bmp,568,568,568,0.5639848709106445,True,568,0.5639848709106445,True,568,0.5849162936210632,True,568,0.6219708323478699,True,568,0.5009341239929199,True,568,0.509361207485199,True,568,0.42483630776405334,True,568,0.36577826738357544,True,568,0.568790853023529,True,568,0.43214407563209534,True,568,0.5148429274559021,True,True,False
569,570,570_9.bmp,preprocessed_results\570\570_9.bmp,569,569,569,0.9389618039131165,True,569,0.9389618039131165,True,569,0.945165753364563,True,569,0.943504273891449,True,569,0.9314888715744019,True,569,0.9203178286552429,True,569,0.9064114093780518,True,569,0.9449986815452576,True,569,0.9440659880638123,True,569,0.9140726923942566,True,569,0.9347057938575745,True,True,False
570,571,571_5.bmp,preprocessed_results\571\571_5.bmp,570,570,570,0.8938186764717102,True,570,0.8938186764717102,True,570,0.8876755833625793,True,570,0.9266321659088135,True,570,0.8243581056594849,True,570,0.840549886226654,True,570,0.9086294770240784,True,570,0.8728050589561462,True,570,0.9108713865280151,True,570,0.8489530682563782,True,570,0.8846954703330994,True,True,False
571,572,572_10.bmp,preprocessed_results\572\572_10.bmp,571,571,571,0.9361287951469421,True,571,0.9361287951469421,True,571,0.9347836971282959,True,571,0.9299859404563904,True,571,0.9190790057182312,True,571,0.9265217781066895,True,571,0.9212307929992676,True,571,0.9183478355407715,True,571,0.9243913888931274,True,571,0.9284360408782959,True,571,0.9277185201644897,True,True,False
572,573,573_7.bmp,preprocessed_results\573\573_7.bmp,572,572,572,0.939102292060852,True,572,0.939102292060852,True,572,0.9284756779670715,True,572,0.9476816654205322,True,572,0.9254290461540222,True,572,0.9564820528030396,True,572,0.9333356618881226,True,572,0.922486424446106,True,572,0.9393172860145569,True,572,0.923686146736145,True,572,0.9375499486923218,True,True,False
573,574,574_4.bmp,preprocessed_results\574\574_4.bmp,573,573,573,0.9526016116142273,True,573,0.9526016116142273,True,573,0.942962110042572,True,573,0.962339460849762,True,573,0.9483112692832947,True,573,0.9544863104820251,True,573,0.9364956021308899,True,573,0.9444532990455627,True,573,0.9523863792419434,True,573,0.9361274242401123,True,573,0.9490033388137817,True,True,False
574,575,575_7.bmp,preprocessed_results\575\575_7.bmp,574,574,574,0.7789828777313232,True,574,0.7789828777313232,True,574,0.7084431052207947,True,574,0.7606549859046936,True,574,0.7449792623519897,True,574,0.7663995623588562,True,574,0.7626795172691345,True,574,0.8192306160926819,True,574,0.7828683257102966,True,574,0.7412511706352234,True,574,0.7670345902442932,True,True,False
575,576,576_5.bmp,preprocessed_results\576\576_5.bmp,575,575,575,0.7329251766204834,True,575,0.7329251766204834,True,575,0.6215206980705261,True,575,0.7577676177024841,True,575,0.661563515663147,True,575,0.6856142282485962,True,575,0.7603449821472168,True,575,0.7336675524711609,True,575,0.6836225986480713,True,575,0.550682008266449,True,575,0.6967480778694153,True,True,False
576,577,577_4.bmp,preprocessed_results\577\577_4.bmp,576,576,576,0.8135097026824951,True,576,0.8135097026824951,True,576,0.8029413819313049,True,576,0.7468370795249939,True,576,0.8063448071479797,True,576,0.7992846965789795,True,576,0.6846354007720947,True,576,0.6708097457885742,True,576,0.8242253661155701,True,576,0.837410569190979,True,576,0.7838377356529236,True,True,False
577,578,578_9.bmp,preprocessed_results\578\578_9.bmp,577,577,577,0.7657738924026489,True,577,0.7657738924026489,True,577,0.7802404761314392,True,577,0.7119441628456116,True,577,0.8364952206611633,True,577,0.7625075578689575,True,577,0.8046232461929321,True,577,0.7047377824783325,True,577,0.7703291773796082,True,577,0.7026000618934631,True,577,0.7663454413414001,True,True,False
578,579,579_10.bmp,preprocessed_results\579\579_10.bmp,578,578,578,0.9243647456169128,True,578,0.9243647456169128,True,578,0.934920072555542,True,578,0.9324378371238708,True,578,0.9265432953834534,True,578,0.9344502091407776,True,578,0.9058039784431458,True,578,0.9001520872116089,True,578,0.9341939687728882,True,578,0.941368818283081,True,578,0.927868664264679,True,True,False
579,580,580_4.bmp,preprocessed_results\580\580_4.bmp,579,579,579,0.8435549139976501,True,579,0.8435549139976501,True,579,0.8565380573272705,True,579,0.8261687755584717,True,579,0.8075410723686218,True,579,0.8631706237792969,True,579,0.793371856212616,True,579,0.8498373031616211,True,579,0.844565749168396,True,579,0.865432620048523,True,579,0.8426516652107239,True,True,False
580,581,581_2.bmp,preprocessed_results\581\581_2.bmp,580,580,580,0.9491022825241089,True,580,0.9491022825241089,True,580,0.9641895294189453,True,580,0.9522424936294556,True,580,0.9465632438659668,True,580,0.9568338990211487,True,580,0.9348374605178833,True,580,0.9635151028633118,True,580,0.9487691521644592,True,580,0.9547926783561707,True,580,0.9538441300392151,True,True,False
581,582,582_6.bmp,preprocessed_results\582\582_6.bmp,581,581,581,0.8501110672950745,True,581,0.8501110672950745,True,581,0.8948912620544434,True,581,0.9289100766181946,True,581,0.8707342147827148,True,581,0.8993499875068665,True,581,0.8523005843162537,True,581,0.9316397309303284,True,581,0.9118243455886841,True,581,0.8805980682373047,True,581,0.8964463472366333,True,True,False
582,583,583_8.bmp,preprocessed_results\583\583_8.bmp,582,582,582,0.8912059664726257,True,582,0.8912059664726257,True,582,0.8797855973243713,True,582,0.9291265606880188,True,582,0.8738045692443848,True,582,0.8956565260887146,True,582,0.8813486099243164,True,582,0.9111574292182922,True,582,0.906287670135498,True,582,0.9056247472763062,True,582,0.8998337984085083,True,True,False
583,584,584_4.bmp,preprocessed_results\584\584_4.bmp,583,583,583,0.8764650225639343,True,583,0.8764650225639343,True,583,0.8230203986167908,True,583,0.8761821389198303,True,583,0.8611488938331604,True,583,0.8941338062286377,True,583,0.843718945980072,True,583,0.7798320651054382,True,583,0.8784209489822388,True,583,0.884811282157898,True,583,0.8627997040748596,True,True,False
584,585,585_1.bmp,preprocessed_results\585\585_1.bmp,584,584,584,0.9189109206199646,True,584,0.9189109206199646,True,584,0.9126350283622742,True,584,0.939378023147583,True,584,0.9281983375549316,True,584,0.9393853545188904,True,584,0.9251385927200317,True,584,0.9374909400939941,True,584,0.9393664598464966,True,584,0.9242734909057617,True,584,0.9308958649635315,True,True,False
585,586,586_8.bmp,preprocessed_results\586\586_8.bmp,585,585,585,0.8847898244857788,True,585,0.8847898244857788,True,585,0.911056637763977,True,585,0.9116506576538086,True,585,0.8790924549102783,True,585,0.8720336556434631,True,585,0.8663876056671143,True,585,0.8865697979927063,True,585,0.887292206287384,True,585,0.8689458966255188,True,585,0.8876702189445496,True,True,False
586,587,587_8.bmp,preprocessed_results\587\587_8.bmp,586,586,586,0.9548503756523132,True,586,0.9548503756523132,True,586,0.9363864064216614,True,586,0.9511659145355225,True,586,0.9441328644752502,True,586,0.9575448632240295,True,586,0.9661991000175476,True,586,0.9456391334533691,True,586,0.9670017957687378,True,586,0.9548454880714417,True,586,0.9546257853507996,True,True,False
587,588,588_4.bmp,preprocessed_results\588\588_4.bmp,587,587,587,0.9139751195907593,True,587,0.9139751195907593,True,587,0.9275963306427002,True,587,0.9087396860122681,True,587,0.908851146697998,True,587,0.9251489043235779,True,587,0.8996441960334778,True,587,0.9393303394317627,True,587,0.9303217530250549,True,587,0.9170356392860413,True,587,0.9212259650230408,True,True,False
588,589,589_5.bmp,preprocessed_results\589\589_5.bmp,588,588,588,0.8529605865478516,True,588,0.8529605865478516,True,588,0.8515105843544006,True,588,0.8769962787628174,True,588,0.8884962797164917,True,588,0.8633368015289307,True,588,0.8621062636375427,True,588,0.8476121425628662,True,588,0.884748101234436,True,588,0.8357219696044922,True,588,0.8657377362251282,True,True,False
589,590,590_6.bmp,preprocessed_results\590\590_6.bmp,589,589,589,0.9045606851577759,True,589,0.9045606851577759,True,589,0.8989195227622986,True,589,0.8922579884529114,True,589,0.9118017554283142,True,589,0.911351203918457,True,589,0.9078754186630249,True,589,0.8865257501602173,True,589,0.9113526940345764,True,589,0.902957022190094,True,589,0.9051815271377563,True,True,False
590,591,591_8.bmp,preprocessed_results\591\591_8.bmp,590,590,590,0.9235513806343079,True,590,0.9235513806343079,True,590,0.9429941177368164,True,590,0.9335715174674988,True,590,0.9157698750495911,True,590,0.9519860744476318,True,590,0.8916198015213013,True,590,0.9193857312202454,True,590,0.9352702498435974,True,590,0.8452048897743225,True,590,0.9236111044883728,True,True,False
591,592,592_10.bmp,preprocessed_results\592\592_10.bmp,591,591,591,0.9573203921318054,True,591,0.9573203921318054,True,591,0.9521819949150085,True,591,0.9687095284461975,True,591,0.9678804278373718,True,591,0.9543160796165466,True,591,0.9494314193725586,True,591,0.9649350643157959,True,591,0.9659988880157471,True,591,0.9569025635719299,True,591,0.9610706567764282,True,True,False
592,593,593_6.bmp,preprocessed_results\593\593_6.bmp,592,592,592,0.6937670707702637,True,592,0.6937670707702637,True,592,0.6454607248306274,True,592,0.6426182389259338,True,592,0.6953582763671875,True,592,0.6611210107803345,True,592,0.6800516247749329,True,592,0.6430503726005554,True,592,0.7582799196243286,True,592,0.6528228521347046,True,592,0.6798856854438782,True,True,False
593,594,594_9.bmp,preprocessed_results\594\594_9.bmp,593,593,593,0.862371027469635,True,593,0.862371027469635,True,593,0.8956998586654663,True,593,0.8924291133880615,True,593,0.8929544687271118,True,593,0.8810172080993652,True,593,0.8478171229362488,True,593,0.8512669205665588,True,593,0.9120222330093384,True,593,0.8616934418678284,True,593,0.8817319273948669,True,True,False
594,595,595_2.bmp,preprocessed_results\595\595_2.bmp,594,594,594,0.03812716156244278,True,594,0.03812716156244278,True,594,0.0423886701464653,True,594,0.051496852189302444,True,594,0.028458794578909874,True,594,0.03695765137672424,True,594,0.024716421961784363,True,594,0.0634509027004242,True,594,0.03447824716567993,True,594,0.0317838117480278,True,594,0.03866366297006607,True,True,False
595,596,596_1.bmp,preprocessed_results\596\596_1.bmp,595,595,595,0.9159876108169556,True,595,0.9159876108169556,True,595,0.8858625292778015,True,595,0.9126095175743103,True,595,0.8904206156730652,True,595,0.9087162017822266,True,595,0.9085522294044495,True,595,0.9145982265472412,True,595,0.9172198176383972,True,595,0.8841594457626343,True,595,0.9065720438957214,True,True,False
596,597,597_4.bmp,preprocessed_results\597\597_4.bmp,596,596,596,0.9163901805877686,True,596,0.9163901805877686,True,596,0.9288360476493835,True,596,0.9174867272377014,True,596,0.9128108024597168,True,596,0.9020705223083496,True,596,0.9085748195648193,True,596,0.900092363357544,True,596,0.9258236885070801,True,596,0.9070597290992737,True,596,0.9151381850242615,True,True,False
597,598,598_1.bmp,preprocessed_results\598\598_1.bmp,597,597,597,0.7679805159568787,True,597,0.7679805159568787,True,597,0.7914678454399109,True,597,0.8258562684059143,True,597,0.7946077585220337,True,597,0.8010892868041992,True,597,0.7378246188163757,True,597,0.7586036324501038,True,597,0.8273945450782776,True,597,0.7275480628013611,True,597,0.7868051528930664,True,True,False
598,599,599_6.bmp,preprocessed_results\599\599_6.bmp,598,598,598,0.8832522630691528,True,598,0.8832522630691528,True,598,0.8948172926902771,True,598,0.8504092693328857,True,598,0.8460671901702881,True,598,0.8586270213127136,True,598,0.8311454653739929,True,598,0.873919665813446,True,598,0.8885596990585327,True,598,0.8802931308746338,True,598,0.8701985478401184,True,True,False
599,600,600_1.bmp,preprocessed_results\600\600_1.bmp,599,599,599,0.5597559213638306,True,599,0.5597559213638306,True,599,0.5117856860160828,True,599,0.5908397436141968,True,599,0.5831215381622314,True,599,0.5737283825874329,True,599,0.5122659802436829,True,599,0.5648012161254883,True,599,0.5067765116691589,True,599,0.5421149730682373,True,599,0.5512634515762329,True,True,False
600,601,601_4.bmp,preprocessed_results\601\601_4.bmp,600,600,600,0.8877313137054443,True,600,0.8877313137054443,True,600,0.8829401731491089,True,600,0.8830827474594116,True,600,0.83017498254776,True,600,0.8858329653739929,True,600,0.9012057781219482,True,600,0.8658258318901062,True,600,0.9117065072059631,True,600,0.8477646112442017,True,600,0.8807930946350098,True,True,False
601,602,602_4.bmp,preprocessed_results\602\602_4.bmp,601,601,601,0.9404240846633911,True,601,0.9404240846633911,True,601,0.9484155774116516,True,601,0.9179025888442993,True,601,0.9303687214851379,True,601,0.9418616890907288,True,601,0.9391963481903076,True,601,0.9160891175270081,True,601,0.9480203986167908,True,601,0.9396527409553528,True,601,0.9373890161514282,True,True,False
602,603,603_5.bmp,preprocessed_results\603\603_5.bmp,602,602,602,0.5919744968414307,True,602,0.5919744968414307,True,602,0.6270350217819214,True,602,0.6856390833854675,True,602,0.6976498365402222,True,602,0.7122074961662292,True,602,0.7784184217453003,True,602,0.7074368596076965,True,602,0.6617324948310852,True,602,0.6493886113166809,True,602,0.6854016184806824,True,True,False
603,604,604_1.bmp,preprocessed_results\604\604_1.bmp,603,603,603,0.7407062649726868,True,603,0.7407062649726868,True,603,0.711249053478241,True,603,0.812025785446167,True,603,0.7412567138671875,True,603,0.7483868598937988,True,603,0.790643572807312,True,603,0.789389431476593,True,603,0.7676159143447876,True,603,0.6558676362037659,True,603,0.7566269636154175,True,True,False
604,605,605_2.bmp,preprocessed_results\605\605_2.bmp,604,604,604,0.9262987971305847,True,604,0.9262987971305847,True,604,0.942225992679596,True,604,0.9516849517822266,True,604,0.9574843049049377,True,604,0.9582559466362,True,604,0.9263079762458801,True,604,0.9244338870048523,True,604,0.9391517043113708,True,604,0.9454846382141113,True,604,0.9435564875602722,True,True,False
605,606,606_2.bmp,preprocessed_results\606\606_2.bmp,605,605,605,0.7669817805290222,True,605,0.7669817805290222,True,605,0.7942345142364502,True,605,0.6721071600914001,True,605,0.7342802882194519,True,605,0.7515855431556702,True,605,0.8171223998069763,True,605,0.7338768243789673,True,605,0.7472789883613586,True,605,0.7783738374710083,True,605,0.7601310610771179,True,True,False
606,607,607_7.bmp,preprocessed_results\607\607_7.bmp,606,606,606,0.8525064587593079,True,606,0.8525064587593079,True,606,0.8758736252784729,True,606,0.8890702128410339,True,606,0.8816909790039062,True,606,0.8701164126396179,True,606,0.8881430625915527,True,606,0.8707734942436218,True,606,0.9099813103675842,True,606,0.8607597351074219,True,606,0.8811300992965698,True,True,False
607,608,608_7.bmp,preprocessed_results\608\608_7.bmp,607,607,607,0.9356012344360352,True,607,0.9356012344360352,True,607,0.9022765755653381,True,607,0.9334136247634888,True,607,0.9299362301826477,True,607,0.9486719369888306,True,607,0.9277089834213257,True,607,0.9500815272331238,True,607,0.9310423731803894,True,607,0.9330548048019409,True,607,0.9349254965782166,True,True,False
608,609,609_8.bmp,preprocessed_results\609\609_8.bmp,608,608,608,0.6590555310249329,True,608,0.6590555310249329,True,608,0.5516125559806824,True,608,0.5021671652793884,True,608,0.7093425393104553,True,608,0.6889602541923523,True,608,0.6999791264533997,True,608,0.7756379842758179,True,608,0.7194974422454834,True,608,0.6580304503440857,True,608,0.6693433523178101,True,True,False
609,610,610_7.bmp,preprocessed_results\610\610_7.bmp,609,609,609,0.891419529914856,True,609,0.891419529914856,True,609,0.8146166801452637,True,609,0.835422933101654,True,609,0.8661771416664124,True,609,0.8499359488487244,True,609,0.8976123332977295,True,609,0.8578552603721619,True,609,0.898960530757904,True,609,0.870120644569397,True,609,0.8685853481292725,True,True,False
610,611,611_2.bmp,preprocessed_results\611\611_2.bmp,610,610,610,0.4517759680747986,True,610,0.4517759680747986,True,610,0.43818873167037964,True,610,0.4828130900859833,True,610,0.3947696387767792,True,610,0.3864244818687439,True,610,0.5549873113632202,True,610,0.4601598381996155,True,610,0.4535524547100067,True,610,0.34363964200019836,True,610,0.444098562002182,True,True,False
611,612,612_8.bmp,preprocessed_results\612\612_8.bmp,611,611,611,0.9253187775611877,True,611,0.9253187775611877,True,611,0.9142796397209167,True,611,0.932896614074707,True,611,0.9271212816238403,True,611,0.9218251705169678,True,611,0.924680769443512,True,611,0.9359332919120789,True,611,0.9247472286224365,True,611,0.942581295967102,True,611,0.9288118481636047,True,True,False
612,613,613_5.bmp,preprocessed_results\613\613_5.bmp,612,612,612,0.4835771918296814,True,612,0.4835771918296814,True,612,0.38163888454437256,True,612,0.5697912573814392,True,612,0.5006592869758606,True,612,0.5241567492485046,True,612,0.40451836585998535,True,612,0.5197652578353882,True,612,0.607342541217804,True,612,0.4512535631656647,True,612,0.4984827935695648,True,True,False
613,614,614_2.bmp,preprocessed_results\614\614_2.bmp,613,613,613,0.8744858503341675,True,613,0.8744858503341675,True,613,0.885304868221283,True,613,0.886688232421875,True,613,0.8597888350486755,True,613,0.8232505917549133,True,613,0.9111056327819824,True,613,0.8739548921585083,True,613,0.8315102458000183,True,613,0.9121378660202026,True,613,0.8781090974807739,True,True,False
614,615,615_7.bmp,preprocessed_results\615\615_7.bmp,614,614,614,0.7266080379486084,True,614,0.7266080379486084,True,614,0.7927626967430115,True,614,0.8350750803947449,True,614,0.729555070400238,True,614,0.741239607334137,True,614,0.7960565686225891,True,614,0.7845200896263123,True,614,0.8217283487319946,True,614,0.7858009338378906,True,614,0.7879993915557861,True,True,False
615,616,616_7.bmp,preprocessed_results\616\616_7.bmp,615,615,615,0.9111231565475464,True,615,0.9111231565475464,True,615,0.8472180962562561,True,615,0.8939090371131897,True,615,0.8876687288284302,True,615,0.8744178414344788,True,615,0.8766998052597046,True,615,0.8817139267921448,True,615,0.8957033157348633,True,615,0.8994526863098145,True,615,0.8886605501174927,True,True,False
616,617,617_5.bmp,preprocessed_results\617\617_5.bmp,616,616,616,0.6555164456367493,True,616,0.6555164456367493,True,616,0.6997329592704773,True,616,0.7434027194976807,True,616,0.6548218727111816,True,616,0.6233373284339905,True,616,0.5218410491943359,True,616,0.587817370891571,True,616,0.6642736792564392,True,616,0.36947154998779297,True,616,0.6206057667732239,True,True,False
617,618,618_8.bmp,preprocessed_results\618\618_8.bmp,617,617,617,0.7344620227813721,True,617,0.7344620227813721,True,617,0.7795959711074829,True,617,0.6550774574279785,True,617,0.7294706702232361,True,617,0.7326939105987549,True,617,0.7248044610023499,True,617,0.7955532073974609,True,617,0.767453134059906,True,617,0.6652912497520447,True,617,0.7376380562782288,True,True,False
618,619,619_8.bmp,preprocessed_results\619\619_8.bmp,618,618,618,0.9020676016807556,True,618,0.9020676016807556,True,618,0.8578701019287109,True,618,0.8889371156692505,True,618,0.891393780708313,True,618,0.8932368755340576,True,618,0.9006795883178711,True,618,0.9111912250518799,True,618,0.9180271625518799,True,618,0.903425931930542,True,618,0.8984930515289307,True,True,False
619,620,620_9.bmp,preprocessed_results\620\620_9.bmp,619,619,619,0.8802751898765564,True,619,0.8802751898765564,True,619,0.8797840476036072,True,619,0.8990277647972107,True,619,0.9143967628479004,True,619,0.9109941124916077,True,619,0.8767869472503662,True,619,0.8777228593826294,True,619,0.859096884727478,True,619,0.884952962398529,True,619,0.8902556300163269,True,True,False
620,621,621_8.bmp,preprocessed_results\621\621_8.bmp,620,620,620,0.8804098963737488,True,620,0.8804098963737488,True,620,0.9061571955680847,True,620,0.9084331393241882,True,620,0.904526948928833,True,620,0.8636856079101562,True,620,0.9173002243041992,True,620,0.9180286526679993,True,620,0.9073829054832458,True,620,0.9074320793151855,True,620,0.90390944480896,True,True,False
621,622,622_8.bmp,preprocessed_results\622\622_8.bmp,621,621,621,0.9236704707145691,True,621,0.9236704707145691,True,621,0.8793524503707886,True,621,0.9199349284172058,True,621,0.9081853032112122,True,621,0.8701105713844299,True,621,0.8980956673622131,True,621,0.9118016362190247,True,621,0.8704764246940613,True,621,0.879623532295227,True,621,0.899320662021637,True,True,False
622,623,623_9.bmp,preprocessed_results\623\623_9.bmp,622,622,622,0.28187838196754456,True,622,0.28187838196754456,True,622,0.3037365972995758,True,622,0.4100966155529022,True,622,0.3084736764431,True,622,0.27342790365219116,True,622,0.2998417019844055,True,622,0.3662923276424408,True,622,0.3553841710090637,True,622,0.3110913932323456,True,622,0.3251337707042694,True,True,False
623,624,624_6.bmp,preprocessed_results\624\624_6.bmp,623,623,623,0.8757247924804688,True,623,0.8757247924804688,True,623,0.83626389503479,True,623,0.7511752247810364,True,623,0.7397398948669434,True,623,0.874248206615448,True,623,0.86868816614151,True,623,0.8439534902572632,True,623,0.8804945349693298,True,623,0.7303153276443481,True,623,0.8321831226348877,True,True,False
624,625,625_4.bmp,preprocessed_results\625\625_4.bmp,624,624,624,0.7757633924484253,True,624,0.7757633924484253,True,624,0.7112651467323303,True,624,0.7862733006477356,True,624,0.7649713754653931,True,624,0.7366505265235901,True,624,0.8064815402030945,True,624,0.7427088618278503,True,624,0.7321419715881348,True,624,0.6847921013832092,True,624,0.7537928819656372,True,True,False
625,626,626_10.bmp,preprocessed_results\626\626_10.bmp,625,625,625,0.8580182790756226,True,625,0.8580182790756226,True,625,0.8858148455619812,True,625,0.8694174289703369,True,625,0.8745117783546448,True,625,0.8832627534866333,True,625,0.8760481476783752,True,625,0.8832584023475647,True,625,0.8801602125167847,True,625,0.8846274614334106,True,625,0.880260705947876,True,True,False
626,627,627_3.bmp,preprocessed_results\627\627_3.bmp,626,626,626,0.7784649133682251,True,626,0.7784649133682251,True,626,0.7241175174713135,True,626,0.7906937003135681,True,626,0.755473256111145,True,626,0.7493960857391357,True,626,0.6802353262901306,True,626,0.686933159828186,True,626,0.7736032605171204,True,626,0.7530642747879028,True,626,0.7484420537948608,True,True,False
627,628,628_5.bmp,preprocessed_results\628\628_5.bmp,627,627,627,0.9324249625205994,True,627,0.9324249625205994,True,627,0.9618275761604309,True,627,0.9375150203704834,True,627,0.9289799332618713,True,627,0.9293193221092224,True,627,0.9338676333427429,True,627,0.9527802467346191,True,627,0.945522665977478,True,627,0.9271681904792786,True,627,0.9409114718437195,True,True,False
628,629,629_1.bmp,preprocessed_results\629\629_1.bmp,628,628,628,0.815687358379364,True,628,0.815687358379364,True,628,0.7885666489601135,True,628,0.8548949360847473,True,628,0.7944250106811523,True,628,0.824571967124939,True,628,0.8519228100776672,True,628,0.8325937986373901,True,628,0.8203997611999512,True,628,0.7955126762390137,True,628,0.8231274485588074,True,True,False
629,630,630_10.bmp,preprocessed_results\630\630_10.bmp,629,629,629,0.9018248319625854,True,629,0.9018248319625854,True,629,0.9025079011917114,True,629,0.9157214164733887,True,629,0.8984496593475342,True,629,0.8920980095863342,True,629,0.8931592702865601,True,629,0.907916784286499,True,629,0.91475909948349,True,629,0.8825598955154419,True,629,0.9024847149848938,True,True,False
630,631,631_5.bmp,preprocessed_results\631\631_5.bmp,630,630,630,0.9209601879119873,True,630,0.9209601879119873,True,630,0.9074628353118896,True,630,0.9194673895835876,True,630,0.9359563589096069,True,630,0.9050413370132446,True,630,0.9133623242378235,True,630,0.9368064403533936,True,630,0.9117700457572937,True,630,0.9228289127349854,True,630,0.9208270311355591,True,True,False
631,632,632_7.bmp,preprocessed_results\632\632_7.bmp,631,631,631,0.6907507181167603,True,631,0.6907507181167603,True,631,0.6833693981170654,True,631,0.6302704215049744,True,631,0.595798909664154,True,631,0.7023159265518188,True,631,0.6196317076683044,True,631,0.695435106754303,True,631,0.6860740184783936,True,631,0.6344311237335205,True,631,0.6645901203155518,True,True,False
632,633,633_5.bmp,preprocessed_results\633\633_5.bmp,632,632,632,0.788317084312439,True,632,0.788317084312439,True,632,0.7139346599578857,True,632,0.7497641444206238,True,632,0.7499087452888489,True,632,0.7029171586036682,True,632,0.7762005925178528,True,632,0.8065856099128723,True,632,0.7368093132972717,True,632,0.7061274647712708,True,632,0.7537519335746765,True,True,False
633,634,634_6.bmp,preprocessed_results\634\634_6.bmp,633,633,633,0.9311027526855469,True,633,0.9311027526855469,True,633,0.9133785367012024,True,633,0.9094515442848206,True,633,0.9247198104858398,True,633,0.9419105052947998,True,633,0.9118854999542236,True,633,0.9039936065673828,True,633,0.9351087212562561,True,633,0.9120915532112122,True,633,0.9223310947418213,True,True,False
634,635,635_7.bmp,preprocessed_results\635\635_7.bmp,634,634,634,0.9074859023094177,True,634,0.9074859023094177,True,634,0.9237440824508667,True,634,0.9115281701087952,True,634,0.9121063351631165,True,634,0.8951069712638855,True,634,0.8877413272857666,True,634,0.914024293422699,True,634,0.9101578593254089,True,634,0.895479142665863,True,634,0.9081895351409912,True,True,False
635,636,636_4.bmp,preprocessed_results\636\636_4.bmp,635,635,635,0.722978413105011,True,635,0.722978413105011,True,635,0.7179038524627686,True,635,0.671700119972229,True,635,0.718921959400177,True,635,0.6583207845687866,True,635,0.6816571354866028,True,635,0.6865848302841187,True,635,0.6360397934913635,True,635,0.6265033483505249,True,635,0.6845973134040833,True,True,False
636,637,637_6.bmp,preprocessed_results\637\637_6.bmp,636,636,636,0.2999933362007141,True,636,0.2999933362007141,True,636,0.18532787263393402,True,636,0.24446798861026764,True,636,0.26562559604644775,True,636,0.20472519099712372,True,636,0.3065469563007355,True,636,0.21572095155715942,True,636,0.2534176707267761,True,636,0.2197037935256958,True,636,0.2443128228187561,True,True,False
637,638,638_5.bmp,preprocessed_results\638\638_5.bmp,637,637,637,0.6769087910652161,True,637,0.6769087910652161,True,637,0.6864121556282043,True,637,0.6968618631362915,True,637,0.7003835439682007,True,637,0.7057134509086609,True,637,0.7029868960380554,True,637,0.714236319065094,True,637,0.7020001411437988,True,637,0.6056156158447266,True,637,0.690682053565979,True,True,False
638,639,639_2.bmp,preprocessed_results\639\639_2.bmp,638,638,638,0.9284874200820923,True,638,0.9284874200820923,True,638,0.9032155275344849,True,638,0.879615306854248,True,638,0.9260368943214417,True,638,0.8952665328979492,True,638,0.9479170441627502,True,638,0.955022394657135,True,638,0.9387871623039246,True,638,0.9252729415893555,True,638,0.9267466068267822,True,True,False
639,640,640_5.bmp,preprocessed_results\640\640_5.bmp,639,639,639,0.9670393466949463,True,639,0.9670393466949463,True,639,0.9612531065940857,True,639,0.9634574055671692,True,639,0.9531633853912354,True,639,0.9620158672332764,True,639,0.959827721118927,True,639,0.9492924809455872,True,639,0.962007999420166,True,639,0.9534509181976318,True,639,0.9600785970687866,True,True,False
640,641,641_3.bmp,preprocessed_results\641\641_3.bmp,640,640,640,0.8103899955749512,True,640,0.8103899955749512,True,640,0.8317273855209351,True,640,0.7784180641174316,True,640,0.7729575037956238,True,640,0.7182629704475403,True,640,0.6824769377708435,True,640,0.7990843653678894,True,640,0.8242924213409424,True,640,0.8270790576934814,True,640,0.7890733480453491,True,True,False
641,642,642_6.bmp,preprocessed_results\642\642_6.bmp,641,641,641,0.6877495646476746,True,641,0.6877495646476746,True,641,0.7661477327346802,True,641,0.758267343044281,True,641,0.6700234413146973,True,641,0.7277655005455017,True,641,0.6938108801841736,True,641,0.6296658515930176,True,641,0.6858519911766052,True,641,0.6175318360328674,True,641,0.699729323387146,True,True,False
642,643,643_1.bmp,preprocessed_results\643\643_1.bmp,642,642,642,0.9519577622413635,True,642,0.9519577622413635,True,642,0.9476125240325928,True,642,0.9520653486251831,True,642,0.9512714147567749,True,642,0.9229887127876282,True,642,0.9491046071052551,True,642,0.9465458393096924,True,642,0.9511998891830444,True,642,0.9373233318328857,True,642,0.9468870759010315,True,True,False
643,644,644_4.bmp,preprocessed_results\644\644_4.bmp,643,643,643,0.8967498540878296,True,643,0.8967498540878296,True,643,0.8353430032730103,True,643,0.8157492280006409,True,643,0.8427671194076538,True,643,0.8954311013221741,True,643,0.9099360704421997,True,643,0.8847925066947937,True,643,0.8930428624153137,True,643,0.8859357833862305,True,643,0.8787046074867249,True,True,False
644,645,645_2.bmp,preprocessed_results\645\645_2.bmp,644,644,644,0.8839617371559143,True,644,0.8839617371559143,True,644,0.9122070074081421,True,644,0.9095037579536438,True,644,0.9208860397338867,True,644,0.891848623752594,True,644,0.8603855967521667,True,644,0.8824425339698792,True,644,0.8629267811775208,True,644,0.8508892059326172,True,644,0.8896582126617432,True,True,False
645,646,646_5.bmp,preprocessed_results\646\646_5.bmp,645,645,645,0.9513380527496338,True,645,0.9513380527496338,True,645,0.948737382888794,True,645,0.9532415866851807,True,645,0.9472845196723938,True,645,0.9555027484893799,True,645,0.9437838196754456,True,645,0.9500672221183777,True,645,0.9538495540618896,True,645,0.9586641192436218,True,645,0.9522366523742676,True,True,False
646,647,647_5.bmp,preprocessed_results\647\647_5.bmp,646,646,646,0.9314793944358826,True,646,0.9314793944358826,True,646,0.9323174357414246,True,646,0.9260230660438538,True,646,0.9217298626899719,True,646,0.920183002948761,True,646,0.9165992140769958,True,646,0.9232674837112427,True,646,0.9258255362510681,True,646,0.892778754234314,True,646,0.9233056902885437,True,True,False
647,648,648_8.bmp,preprocessed_results\648\648_8.bmp,647,647,647,0.9024642109870911,True,647,0.9024642109870911,True,647,0.9122933149337769,True,647,0.9041048288345337,True,647,0.9336059093475342,True,647,0.9339371919631958,True,647,0.9127585291862488,True,647,0.9084104299545288,True,647,0.9064117670059204,True,647,0.908393144607544,True,647,0.9157909154891968,True,True,False
648,649,649_8.bmp,preprocessed_results\649\649_8.bmp,648,648,648,0.1903022676706314,True,648,0.1903022676706314,True,648,0.21520781517028809,True,648,0.18363811075687408,True,648,0.15025825798511505,True,648,0.19680894911289215,True,648,0.14225876331329346,True,648,0.14296233654022217,True,648,0.1899871677160263,True,648,0.18492375314235687,True,648,0.1777859628200531,True,True,False
649,650,650_7.bmp,preprocessed_results\650\650_7.bmp,649,649,649,0.8409191370010376,True,649,0.8409191370010376,True,649,0.825749933719635,True,649,0.7670404314994812,True,649,0.80466628074646,True,649,0.8349064588546753,True,649,0.795248806476593,True,649,0.8378233909606934,True,649,0.8451953530311584,True,649,0.7772228121757507,True,649,0.8175408840179443,True,True,False
650,651,651_8.bmp,preprocessed_results\651\651_8.bmp,650,650,650,0.9107968807220459,True,650,0.9107968807220459,True,650,0.9021411538124084,True,650,0.8814864158630371,True,650,0.9228659868240356,True,650,0.8890421390533447,True,650,0.8924689888954163,True,650,0.885211706161499,True,650,0.9151625633239746,True,650,0.8874102830886841,True,650,0.9010770916938782,True,True,False
651,652,652_8.bmp,preprocessed_results\652\652_8.bmp,651,651,651,0.9673685431480408,True,651,0.9673685431480408,True,651,0.9670681357383728,True,651,0.9711622595787048,True,651,0.9689018726348877,True,651,0.9791938662528992,True,651,0.955813467502594,True,651,0.9675827622413635,True,651,0.961909830570221,True,651,0.955005407333374,True,651,0.967380940914154,True,True,False
652,653,653_6.bmp,preprocessed_results\653\653_6.bmp,652,652,652,0.9152104258537292,True,652,0.9152104258537292,True,652,0.9320483207702637,True,652,0.9343968033790588,True,652,0.932926595211029,True,652,0.9351097941398621,True,652,0.9279504418373108,True,652,0.9441496133804321,True,652,0.934444785118103,True,652,0.8962641954421997,True,652,0.9301769137382507,True,True,False
653,654,654_2.bmp,preprocessed_results\654\654_2.bmp,653,653,653,0.9289458990097046,True,653,0.9289458990097046,True,653,0.9226624369621277,True,653,0.9272717237472534,True,653,0.9148803353309631,True,653,0.9240638017654419,True,653,0.912848174571991,True,653,0.9150204062461853,True,653,0.9188741445541382,True,653,0.8936595320701599,True,653,0.9188311696052551,True,True,False
654,655,655_9.bmp,preprocessed_results\655\655_9.bmp,654,654,654,0.9343186616897583,True,654,0.9343186616897583,True,654,0.9427234530448914,True,654,0.9444634318351746,True,654,0.9263733625411987,True,654,0.9552870988845825,True,654,0.932334840297699,True,654,0.9412800669670105,True,654,0.934578537940979,True,654,0.8927772045135498,True,654,0.9366045594215393,True,True,False
655,656,656_2.bmp,preprocessed_results\656\656_2.bmp,655,655,655,0.9259871244430542,True,655,0.9259871244430542,True,655,0.9418057203292847,True,655,0.908230721950531,True,655,0.952498733997345,True,655,0.9306339621543884,True,655,0.9045205116271973,True,655,0.9513799548149109,True,655,0.9259007573127747,True,655,0.9347074031829834,True,655,0.9334791898727417,True,True,False
656,657,657_7.bmp,preprocessed_results\657\657_7.bmp,656,656,656,0.8804320693016052,True,656,0.8804320693016052,True,656,0.8872283101081848,True,656,0.9036272168159485,True,656,0.8769795894622803,True,656,0.879972517490387,True,656,0.9286802411079407,True,656,0.9325738549232483,True,656,0.8926485180854797,True,656,0.8593085408210754,True,656,0.8975707292556763,True,True,False
657,658,658_6.bmp,preprocessed_results\658\658_6.bmp,657,657,657,0.4925245940685272,True,657,0.4925245940685272,True,657,0.5907232165336609,True,657,0.41143807768821716,True,657,0.5381150841712952,True,657,0.5318096876144409,True,657,0.6804438233375549,True,657,0.6891565322875977,True,657,0.6626517176628113,True,657,0.4309508502483368,True,657,0.567061722278595,True,True,False
658,659,659_5.bmp,preprocessed_results\659\659_5.bmp,658,658,658,0.8630490303039551,True,658,0.8630490303039551,True,658,0.8472597599029541,True,658,0.839711606502533,True,658,0.8593754768371582,True,658,0.8257799744606018,True,658,0.8477463722229004,True,658,0.8585025668144226,True,658,0.8337334990501404,True,658,0.8317921757698059,True,658,0.8474953174591064,True,True,False
659,660,660_6.bmp,preprocessed_results\660\660_6.bmp,659,659,659,0.8900601863861084,True,659,0.8900601863861084,True,659,0.8807880878448486,True,659,0.9065175652503967,True,659,0.8843303322792053,True,659,0.8844645619392395,True,659,0.8719326853752136,True,659,0.9201619625091553,True,659,0.9016481637954712,True,659,0.8557867407798767,True,659,0.8925781846046448,True,True,False
660,661,661_8.bmp,preprocessed_results\661\661_8.bmp,660,660,660,0.7216298580169678,True,660,0.7216298580169678,True,660,0.7275323867797852,True,660,0.7946079969406128,True,660,0.7865523099899292,True,660,0.7596321105957031,True,660,0.6951290965080261,True,660,0.8224843144416809,True,660,0.6983029246330261,True,660,0.5936114192008972,True,660,0.7418726086616516,True,True,False
661,662,662_3.bmp,preprocessed_results\662\662_3.bmp,661,661,661,0.883001983165741,True,661,0.883001983165741,True,661,0.8877837061882019,True,661,0.8923088312149048,True,661,0.8564735651016235,True,661,0.8796843886375427,True,661,0.8976510167121887,True,661,0.9030990600585938,True,661,0.9001361131668091,True,661,0.9019420742988586,True,661,0.8915420174598694,True,True,False
662,663,663_4.bmp,preprocessed_results\663\663_4.bmp,662,662,662,0.9495461583137512,True,662,0.9495461583137512,True,662,0.9135822057723999,True,662,0.8731880187988281,True,662,0.951654851436615,True,662,0.9330980181694031,True,662,0.9387364387512207,True,662,0.9289932250976562,True,662,0.9183734059333801,True,662,0.9119212031364441,True,662,0.9286844730377197,True,True,False
663,664,664_2.bmp,preprocessed_results\664\664_2.bmp,663,663,663,0.9165340065956116,True,663,0.9165340065956116,True,663,0.9326961040496826,True,663,0.9337810277938843,True,663,0.9179766178131104,True,663,0.9356362819671631,True,663,0.9326328635215759,True,663,0.9190728068351746,True,663,0.9121989607810974,True,663,0.9105253219604492,True,663,0.9251956343650818,True,True,False
664,665,665_7.bmp,preprocessed_results\665\665_7.bmp,664,664,664,0.9466592669487,True,664,0.9466592669487,True,664,0.9544123411178589,True,664,0.9493867754936218,True,664,0.9528883695602417,True,664,0.9551339149475098,True,664,0.9402667880058289,True,664,0.9581509828567505,True,664,0.9537662863731384,True,664,0.9558234810829163,True,664,0.9527176022529602,True,True,False
665,666,666_10.bmp,preprocessed_results\666\666_10.bmp,665,665,665,0.8977587819099426,True,665,0.8977587819099426,True,665,0.9011417627334595,True,665,0.9201869368553162,True,665,0.8447356820106506,True,665,0.8837099671363831,True,665,0.8814247846603394,True,665,0.8602636456489563,True,665,0.8728495836257935,True,665,0.9010307788848877,True,665,0.8887457251548767,True,True,False
666,667,667_6.bmp,preprocessed_results\667\667_6.bmp,666,666,666,0.8442766666412354,True,666,0.8442766666412354,True,666,0.8707017302513123,True,666,0.8705356121063232,True,666,0.8659326434135437,True,666,0.8706046938896179,True,666,0.8849424123764038,True,666,0.8549959659576416,True,666,0.8572450280189514,True,666,0.8257234692573547,True,666,0.8628281950950623,True,True,False
667,668,668_2.bmp,preprocessed_results\668\668_2.bmp,667,667,667,0.5746484994888306,True,667,0.5746484994888306,True,667,0.6360434889793396,True,667,0.4717845618724823,True,667,0.5995646715164185,True,667,0.5668976306915283,True,667,0.46216070652008057,True,667,0.6069504618644714,True,667,0.5709986090660095,True,667,0.5059088468551636,True,667,0.5596679449081421,True,True,False
668,669,669_10.bmp,preprocessed_results\669\669_10.bmp,668,668,668,0.9511075615882874,True,668,0.9511075615882874,True,668,0.9639598727226257,True,668,0.9412873387336731,True,668,0.9511179327964783,True,668,0.9609329104423523,True,668,0.9210898876190186,True,668,0.9509136080741882,True,668,0.9429691433906555,True,668,0.9220990538597107,True,668,0.9479397535324097,True,True,False
669,670,670_7.bmp,preprocessed_results\670\670_7.bmp,669,669,669,0.767726480960846,True,669,0.767726480960846,True,669,0.7448242902755737,True,669,0.7806493639945984,True,669,0.6875171661376953,True,669,0.7422314882278442,True,669,0.7525338530540466,True,669,0.8069952726364136,True,669,0.7778425812721252,True,669,0.8091261982917786,True,669,0.7683385610580444,True,True,False
670,671,671_7.bmp,preprocessed_results\671\671_7.bmp,670,670,670,0.6255557537078857,True,670,0.6255557537078857,True,670,0.6313947439193726,True,670,0.5319556593894958,True,670,0.6818429231643677,True,670,0.6936155557632446,True,670,0.5620009303092957,True,670,0.6395367383956909,True,670,0.6935871839523315,True,670,0.5845499634742737,True,670,0.6331837773323059,True,True,False
671,672,672_9.bmp,preprocessed_results\672\672_9.bmp,671,671,671,0.9197266697883606,True,671,0.9197266697883606,True,671,0.9234777688980103,True,671,0.9220342040061951,True,671,0.922640860080719,True,671,0.9269309043884277,True,671,0.9112329483032227,True,671,0.920414924621582,True,671,0.9250161647796631,True,671,0.9098636507987976,True,671,0.9215467572212219,True,True,False
672,673,673_1.bmp,preprocessed_results\673\673_1.bmp,672,672,672,0.7548879384994507,True,672,0.7548879384994507,True,672,0.7429741621017456,True,672,0.7275922894477844,True,672,0.783600926399231,True,672,0.6978368759155273,True,672,0.8330954313278198,True,672,0.7036968469619751,True,672,0.7592411041259766,True,672,0.7554751038551331,True,672,0.7565028071403503,True,True,False
673,674,674_1.bmp,preprocessed_results\674\674_1.bmp,673,673,673,0.8188573718070984,True,673,0.8188573718070984,True,673,0.8180868625640869,True,673,0.832214891910553,True,673,0.8641500473022461,True,673,0.82305908203125,True,673,0.8242175579071045,True,673,0.8385671973228455,True,673,0.8774964213371277,True,673,0.7524963617324829,True,673,0.8323018550872803,True,True,False
674,675,675_1.bmp,preprocessed_results\675\675_1.bmp,674,674,674,0.9320511817932129,True,674,0.9320511817932129,True,674,0.9328237771987915,True,674,0.9617462754249573,True,674,0.9469765424728394,True,674,0.9494141936302185,True,674,0.9561663269996643,True,674,0.9531614184379578,True,674,0.9361177086830139,True,674,0.9197412133216858,True,674,0.9454692602157593,True,True,False
675,676,676_4.bmp,preprocessed_results\676\676_4.bmp,675,675,675,0.8293373584747314,True,675,0.8293373584747314,True,675,0.8121093511581421,True,675,0.8013483285903931,True,675,0.757622480392456,True,675,0.8505704402923584,True,675,0.8678451776504517,True,675,0.8007758855819702,True,675,0.7932749390602112,True,675,0.8113904595375061,True,675,0.8182717561721802,True,True,False
676,677,677_8.bmp,preprocessed_results\677\677_8.bmp,676,676,676,0.9698355197906494,True,676,0.9698355197906494,True,676,0.9672181010246277,True,676,0.9634483456611633,True,676,0.9574055075645447,True,676,0.9641554951667786,True,676,0.9521113038063049,True,676,0.9459779262542725,True,676,0.973302960395813,True,676,0.953624963760376,True,676,0.9621642827987671,True,True,False
677,678,678_6.bmp,preprocessed_results\678\678_6.bmp,677,677,677,0.867462158203125,True,677,0.867462158203125,True,677,0.8603007793426514,True,677,0.8873987793922424,True,677,0.8780050873756409,True,677,0.8822324275970459,True,677,0.8604593873023987,True,677,0.8563909530639648,True,677,0.9079352617263794,True,677,0.7860093712806702,True,677,0.8699465990066528,True,True,False
678,679,679_8.bmp,preprocessed_results\679\679_8.bmp,678,678,678,0.2875547707080841,True,678,0.2875547707080841,True,678,0.3083422780036926,True,678,0.3456844687461853,True,678,0.24318206310272217,True,678,0.24479855597019196,True,678,0.22802573442459106,True,678,0.4114295244216919,True,678,0.16556794941425323,True,678,0.38498109579086304,True,678,0.2906929850578308,True,True,False
679,680,680_3.bmp,preprocessed_results\680\680_3.bmp,679,679,679,0.8195593357086182,True,679,0.8195593357086182,True,679,0.8686001896858215,True,679,0.8064969778060913,True,679,0.7960860133171082,True,679,0.858572781085968,True,679,0.8598167896270752,True,679,0.8877807855606079,True,679,0.8938837051391602,True,679,0.8652334809303284,True,679,0.8556121587753296,True,True,False
680,681,681_6.bmp,preprocessed_results\681\681_6.bmp,680,680,680,0.9235357046127319,True,680,0.9235357046127319,True,680,0.9208201169967651,True,680,0.9576500058174133,True,680,0.937067985534668,True,680,0.9038431644439697,True,680,0.9324609637260437,True,680,0.9229347109794617,True,680,0.9470288157463074,True,680,0.9156270623207092,True,680,0.931749701499939,True,True,False
681,682,682_4.bmp,preprocessed_results\682\682_4.bmp,681,681,681,0.8380022644996643,True,681,0.8380022644996643,True,681,0.8152865171432495,True,681,0.8000145554542542,True,681,0.8411633372306824,True,681,0.8414545059204102,True,681,0.67933189868927,True,681,0.7819236516952515,True,681,0.7503489851951599,True,681,0.754016637802124,True,681,0.7955126166343689,True,True,False
682,683,683_5.bmp,preprocessed_results\683\683_5.bmp,682,682,682,0.9220693707466125,True,682,0.9220693707466125,True,682,0.922810435295105,True,682,0.9191538691520691,True,682,0.9332388639450073,True,682,0.9308369755744934,True,682,0.9118511080741882,True,682,0.9166305661201477,True,682,0.9218435883522034,True,682,0.8916671276092529,True,682,0.9207528233528137,True,True,False
683,684,684_5.bmp,preprocessed_results\684\684_5.bmp,683,683,683,0.9575176239013672,True,683,0.9575176239013672,True,683,0.9458431005477905,True,683,0.9511017203330994,True,683,0.9242469668388367,True,683,0.946851909160614,True,683,0.9471054077148438,True,683,0.9678690433502197,True,683,0.9487212896347046,True,683,0.9531151056289673,True,683,0.9510781168937683,True,True,False
684,685,685_8.bmp,preprocessed_results\685\685_8.bmp,684,684,684,0.9240044951438904,True,684,0.9240044951438904,True,684,0.929313600063324,True,684,0.9325194358825684,True,684,0.9396428465843201,True,684,0.91780686378479,True,684,0.9152020812034607,True,684,0.9034483432769775,True,684,0.9448662996292114,True,684,0.8820018172264099,True,684,0.9239763021469116,True,True,False
685,686,686_8.bmp,preprocessed_results\686\686_8.bmp,685,685,685,0.8801530003547668,True,685,0.8801530003547668,True,685,0.9058948159217834,True,685,0.9166170358657837,True,685,0.9116119742393494,True,685,0.9164999723434448,True,685,0.9294254183769226,True,685,0.9209776520729065,True,685,0.8992428779602051,True,685,0.8639705777168274,True,685,0.9077933430671692,True,True,False
686,687,687_4.bmp,preprocessed_results\687\687_4.bmp,686,686,686,0.9236897826194763,True,686,0.9236897826194763,True,686,0.8791322708129883,True,686,0.880642831325531,True,686,0.8813463449478149,True,686,0.8730595707893372,True,686,0.8934686183929443,True,686,0.9276301860809326,True,686,0.9109839200973511,True,686,0.8975471258163452,True,686,0.9004685282707214,True,True,False
687,688,688_2.bmp,preprocessed_results\688\688_2.bmp,687,687,687,0.8574079871177673,True,687,0.8574079871177673,True,687,0.9316556453704834,True,687,0.9393450021743774,True,687,0.8843815326690674,True,687,0.9001831412315369,True,687,0.9265504479408264,True,687,0.9279154539108276,True,687,0.8245784640312195,True,687,0.9143944382667542,True,687,0.9078078866004944,True,True,False
688,689,689_7.bmp,preprocessed_results\689\689_7.bmp,688,688,688,0.5824812650680542,True,688,0.5824812650680542,True,688,0.681007444858551,True,688,0.6716496348381042,True,688,0.7123704552650452,True,688,0.6887704133987427,True,688,0.6756306886672974,True,688,0.5934613347053528,True,688,0.612686812877655,True,688,0.6121421456336975,True,688,0.6527093052864075,True,True,False
689,690,690_5.bmp,preprocessed_results\690\690_5.bmp,689,689,689,0.9144781827926636,True,689,0.9144781827926636,True,689,0.9188976287841797,True,689,0.9419384598731995,True,689,0.912136971950531,True,689,0.9094941020011902,True,689,0.9041467905044556,True,689,0.9277443885803223,True,689,0.9201297163963318,True,689,0.8767585754394531,True,689,0.9167203307151794,True,True,False
690,691,691_3.bmp,preprocessed_results\691\691_3.bmp,690,690,690,0.9118484258651733,True,690,0.9118484258651733,True,690,0.9115844368934631,True,690,0.9004359245300293,True,690,0.9211125373840332,True,690,0.8865342736244202,True,690,0.9331172108650208,True,690,0.9284037351608276,True,690,0.9119275212287903,True,690,0.8969261050224304,True,690,0.914066731929779,True,True,False
691,692,692_8.bmp,preprocessed_results\692\692_8.bmp,691,691,691,0.9353027939796448,True,691,0.9353027939796448,True,691,0.9354642033576965,True,691,0.9383329153060913,True,691,0.9336539506912231,True,691,0.9393414258956909,True,691,0.9303722977638245,True,691,0.9324754476547241,True,691,0.9260640144348145,True,691,0.9116538166999817,True,691,0.9329702854156494,True,True,False
692,693,693_1.bmp,preprocessed_results\693\693_1.bmp,692,692,692,0.9320538640022278,True,692,0.9320538640022278,True,692,0.9350019097328186,True,692,0.9419564008712769,True,692,0.9454324841499329,True,692,0.9221533536911011,True,692,0.9143352508544922,True,692,0.9196730256080627,True,692,0.9373653531074524,True,692,0.9142892956733704,True,692,0.9309952855110168,True,True,False
693,694,694_10.bmp,preprocessed_results\694\694_10.bmp,693,693,693,0.8454933762550354,True,693,0.8454933762550354,True,693,0.8272222876548767,True,693,0.8760632872581482,True,693,0.8814336061477661,True,693,0.8590936660766602,True,693,0.8622637391090393,True,693,0.7968969941139221,True,693,0.9095209240913391,True,693,0.8732838034629822,True,693,0.8641151785850525,True,True,False
694,695,695_3.bmp,preprocessed_results\695\695_3.bmp,694,694,694,0.9367263317108154,True,694,0.9367263317108154,True,694,0.9039980173110962,True,694,0.9011096358299255,True,694,0.9474305510520935,True,694,0.944391667842865,True,694,0.9271398186683655,True,694,0.9291286468505859,True,694,0.8759663701057434,True,694,0.89702969789505,True,694,0.9224658012390137,True,True,False
695,696,696_2.bmp,preprocessed_results\696\696_2.bmp,695,695,695,0.837498664855957,True,695,0.837498664855957,True,695,0.890251100063324,True,695,0.9025418758392334,True,695,0.8793428540229797,True,695,0.8480130434036255,True,695,0.8215137124061584,True,695,0.8467398881912231,True,695,0.840788722038269,True,695,0.8192585706710815,True,695,0.8587325811386108,True,True,False
696,697,697_8.bmp,preprocessed_results\697\697_8.bmp,696,696,696,0.7358460426330566,True,696,0.7358460426330566,True,696,0.6999408602714539,True,696,0.7486010193824768,True,696,0.7193767428398132,True,696,0.7185655236244202,True,696,0.6455683708190918,True,696,0.7116438746452332,True,696,0.7064493894577026,True,696,0.7535231709480286,True,696,0.7204403281211853,True,True,False
697,698,698_4.bmp,preprocessed_results\698\698_4.bmp,697,697,697,0.8572810888290405,True,697,0.8572810888290405,True,697,0.8916295766830444,True,697,0.7296538949012756,True,697,0.7633723020553589,True,697,0.8052462935447693,True,697,0.7715327143669128,True,697,0.8412320613861084,True,697,0.8384305238723755,True,697,0.7273368239402771,True,697,0.812431812286377,True,True,False
698,699,699_10.bmp,preprocessed_results\699\699_10.bmp,698,698,698,0.881756603717804,True,698,0.881756603717804,True,698,0.9165074229240417,True,698,0.8571537733078003,True,698,0.8781497478485107,True,698,0.8606252670288086,True,698,0.9036113023757935,True,698,0.859923779964447,True,698,0.8916599154472351,True,698,0.8614109754562378,True,698,0.8823211789131165,True,True,False
699,700,700_9.bmp,preprocessed_results\700\700_9.bmp,699,699,699,0.8593448996543884,True,699,0.8593448996543884,True,699,0.9032038450241089,True,699,0.8940582871437073,True,699,0.8892061114311218,True,699,0.8856159448623657,True,699,0.8799054026603699,True,699,0.8823241591453552,True,699,0.897873044013977,True,699,0.9093578457832336,True,699,0.8913306593894958,True,True,False
700,701,701_10.bmp,preprocessed_results\701\701_10.bmp,700,700,700,0.9116870760917664,True,700,0.9116870760917664,True,700,0.9136506915092468,True,700,0.9225705862045288,True,700,0.9269086718559265,True,700,0.9269183278083801,True,700,0.9372308850288391,True,700,0.9266788959503174,True,700,0.9084482789039612,True,700,0.8972435593605042,True,700,0.9210448861122131,True,True,False
701,702,702_2.bmp,preprocessed_results\702\702_2.bmp,701,701,701,0.9090738296508789,True,701,0.9090738296508789,True,701,0.8748290538787842,True,701,0.920051097869873,True,701,0.8958516716957092,True,701,0.8939754366874695,True,701,0.8979119062423706,True,701,0.8974552750587463,True,701,0.9173803925514221,True,701,0.8906914591789246,True,701,0.9025630950927734,True,True,False
702,703,703_1.bmp,preprocessed_results\703\703_1.bmp,702,702,702,0.8417173624038696,True,702,0.8417173624038696,True,702,0.8523111939430237,True,702,0.7957585453987122,True,702,0.8519309759140015,True,702,0.8909258842468262,True,702,0.8070598840713501,True,702,0.824219286441803,True,702,0.851563572883606,True,702,0.8452600836753845,True,702,0.8445318341255188,True,True,False
703,704,704_5.bmp,preprocessed_results\704\704_5.bmp,703,703,703,0.9406508803367615,True,703,0.9406508803367615,True,703,0.9319053292274475,True,703,0.9241074919700623,True,703,0.9110186696052551,True,703,0.9256086349487305,True,703,0.9253724813461304,True,703,0.8894534707069397,True,703,0.9440977573394775,True,703,0.923248291015625,True,703,0.9262169599533081,True,True,False
704,705,705_4.bmp,preprocessed_results\705\705_4.bmp,704,704,704,0.9262834191322327,True,704,0.9262834191322327,True,704,0.9306926131248474,True,704,0.9086612462997437,True,704,0.9056555032730103,True,704,0.9142870903015137,True,704,0.9196844100952148,True,704,0.9052829742431641,True,704,0.9119895100593567,True,704,0.8838902115821838,True,704,0.9139038324356079,True,True,False
705,706,706_8.bmp,preprocessed_results\706\706_8.bmp,705,705,705,0.8421652913093567,True,705,0.8421652913093567,True,705,0.8758029341697693,True,705,0.8695781230926514,True,705,0.8523902893066406,True,705,0.8618745803833008,True,705,0.9012312293052673,True,705,0.9166543483734131,True,705,0.8609532117843628,True,705,0.785529613494873,True,705,0.8692432045936584,True,True,False
706,707,707_6.bmp,preprocessed_results\707\707_6.bmp,706,706,706,0.8974502086639404,True,706,0.8974502086639404,True,706,0.8921020030975342,True,706,0.9189169406890869,True,706,0.8954437375068665,True,706,0.8659681081771851,True,706,0.8928847908973694,True,706,0.8877973556518555,True,706,0.8966208696365356,True,706,0.8972765803337097,True,706,0.8969631791114807,True,True,False
707,708,708_5.bmp,preprocessed_results\708\708_5.bmp,707,707,707,0.887058675289154,True,707,0.887058675289154,True,707,0.8592137694358826,True,707,0.9072790741920471,True,707,0.8889927268028259,True,707,0.9079412221908569,True,707,0.9053831100463867,True,707,0.9137659668922424,True,707,0.901127278804779,True,707,0.8847740888595581,True,707,0.8971638679504395,True,True,False
708,709,709_9.bmp,preprocessed_results\709\709_9.bmp,708,708,708,0.8533064126968384,True,708,0.8533064126968384,True,708,0.8829776048660278,True,708,0.896135687828064,True,708,0.8949424624443054,True,708,0.8971958756446838,True,708,0.9218133091926575,True,708,0.9034753441810608,True,708,0.9120264649391174,True,708,0.880554735660553,True,708,0.8971326947212219,True,True,False
709,710,710_9.bmp,preprocessed_results\710\710_9.bmp,709,709,709,0.9265705347061157,True,709,0.9265705347061157,True,709,0.9255662560462952,True,709,0.9260607957839966,True,709,0.9024007320404053,True,709,0.8935549259185791,True,709,0.9312849640846252,True,709,0.9175035953521729,True,709,0.9136030077934265,True,709,0.919963002204895,True,709,0.9192708730697632,True,True,False
710,711,711_3.bmp,preprocessed_results\711\711_3.bmp,710,710,710,0.9524534344673157,True,710,0.9524534344673157,True,710,0.9527988433837891,True,710,0.9484156966209412,True,710,0.9543627500534058,True,710,0.9606459140777588,True,710,0.9384814500808716,True,710,0.9508464336395264,True,710,0.9545021653175354,True,710,0.9222671389579773,True,710,0.9501172304153442,True,True,False
711,712,712_10.bmp,preprocessed_results\712\712_10.bmp,711,711,711,0.7730260491371155,True,711,0.7730260491371155,True,711,0.7190139293670654,True,711,0.7375859618186951,True,711,0.7773170471191406,True,711,0.7985235452651978,True,711,0.6435034871101379,True,711,0.7510371208190918,True,711,0.8061476349830627,True,711,0.7202740907669067,True,711,0.7540143132209778,True,True,False
712,713,713_1.bmp,preprocessed_results\713\713_1.bmp,712,712,712,0.9249763488769531,True,712,0.9249763488769531,True,712,0.9005240797996521,True,712,0.9136218428611755,True,712,0.936647891998291,True,712,0.9268627166748047,True,712,0.9116603136062622,True,712,0.881837785243988,True,712,0.8957583904266357,True,712,0.9259629845619202,True,712,0.9164600372314453,True,True,False
713,714,714_5.bmp,preprocessed_results\714\714_5.bmp,713,713,713,0.9379546642303467,True,713,0.9379546642303467,True,713,0.9197450280189514,True,713,0.9307195544242859,True,713,0.935537576675415,True,713,0.8946319818496704,True,713,0.9148411154747009,True,713,0.9400659203529358,True,713,0.9406723976135254,True,713,0.8883858323097229,True,713,0.9260513186454773,True,True,False
714,715,715_7.bmp,preprocessed_results\715\715_7.bmp,714,714,714,0.8422348499298096,True,714,0.8422348499298096,True,714,0.8316028118133545,True,714,0.7648631930351257,True,714,0.7895948886871338,True,714,0.7829216718673706,True,714,0.8406155109405518,True,714,0.8355847001075745,True,714,0.8119341135025024,True,714,0.7944890856742859,True,714,0.8145676851272583,True,True,False
715,716,716_2.bmp,preprocessed_results\716\716_2.bmp,715,715,715,0.8504473567008972,True,715,0.8504473567008972,True,715,0.8153574466705322,True,715,0.8604271411895752,True,715,0.7977250814437866,True,715,0.8418529033660889,True,715,0.842785656452179,True,715,0.8072208762168884,True,715,0.8541441559791565,True,715,0.7918294072151184,True,715,0.8329774141311646,True,True,False
716,717,717_6.bmp,preprocessed_results\717\717_6.bmp,716,716,716,0.6930224299430847,True,716,0.6930224299430847,True,716,0.6519148349761963,True,716,0.792133629322052,True,716,0.7272394895553589,True,716,0.7288265824317932,True,716,0.7370789647102356,True,716,0.6857264041900635,True,716,0.6619868278503418,True,716,0.7928354144096375,True,716,0.7257087826728821,True,True,False
717,718,718_9.bmp,preprocessed_results\718\718_9.bmp,717,717,717,0.9607019424438477,True,717,0.9607019424438477,True,717,0.9560131430625916,True,717,0.9544801115989685,True,717,0.926871120929718,True,717,0.9589504599571228,True,717,0.9529855847358704,True,717,0.9636388421058655,True,717,0.9552817344665527,True,717,0.928107738494873,True,717,0.9532825350761414,True,True,False
718,719,719_3.bmp,preprocessed_results\719\719_3.bmp,718,718,718,0.7240517139434814,True,718,0.7240517139434814,True,718,0.7916367650032043,True,718,0.7735725045204163,True,718,0.7259607911109924,True,718,0.7677158713340759,True,718,0.8123183250427246,True,718,0.7910091876983643,True,718,0.7393509149551392,True,718,0.7726445198059082,True,718,0.7714844942092896,True,True,False
719,720,720_8.bmp,preprocessed_results\720\720_8.bmp,719,719,719,0.9532468914985657,True,719,0.9532468914985657,True,719,0.9648074507713318,True,719,0.9651939868927002,True,719,0.9392139315605164,True,719,0.9528836011886597,True,719,0.9525817036628723,True,719,0.9501911997795105,True,719,0.9640368223190308,True,719,0.9508879780769348,True,719,0.9563854336738586,True,True,False
720,721,721_5.bmp,preprocessed_results\721\721_5.bmp,720,720,720,0.9607963562011719,True,720,0.9607963562011719,True,720,0.963232159614563,True,720,0.9595378637313843,True,720,0.9668229222297668,True,720,0.9697120785713196,True,720,0.957252025604248,True,720,0.9513266086578369,True,720,0.9596007466316223,True,720,0.9609354734420776,True,720,0.9618706107139587,True,True,False
721,722,722_8.bmp,preprocessed_results\722\722_8.bmp,721,721,721,0.888139009475708,True,721,0.888139009475708,True,721,0.8730780482292175,True,721,0.8986569046974182,True,721,0.8923619985580444,True,721,0.8796113729476929,True,721,0.8708775639533997,True,721,0.8939768671989441,True,721,0.8771119117736816,True,721,0.8871704936027527,True,721,0.8859450817108154,True,True,False
722,723,723_5.bmp,preprocessed_results\723\723_5.bmp,722,722,722,0.8926156163215637,True,722,0.8926156163215637,True,722,0.9031551480293274,True,722,0.9201514720916748,True,722,0.9120394587516785,True,722,0.8748090863227844,True,722,0.9116988778114319,True,722,0.8930343985557556,True,722,0.9123878479003906,True,722,0.9033703207969666,True,722,0.9050208330154419,True,True,False
723,724,724_6.bmp,preprocessed_results\724\724_6.bmp,723,723,723,0.8551295399665833,True,723,0.8551295399665833,True,723,0.848157525062561,True,723,0.793114423751831,True,723,0.8097208738327026,True,723,0.8945707082748413,True,723,0.8053669333457947,True,723,0.785880446434021,True,723,0.8537430763244629,True,723,0.8458816409111023,True,723,0.8391041159629822,True,True,False
724,725,725_1.bmp,preprocessed_results\725\725_1.bmp,724,724,724,0.922085165977478,True,724,0.922085165977478,True,724,0.944034218788147,True,724,0.9115580916404724,True,724,0.9512971639633179,True,724,0.937111496925354,True,724,0.9334814548492432,True,724,0.926413357257843,True,724,0.9490524530410767,True,724,0.8977339267730713,True,724,0.9329358339309692,True,True,False
725,726,726_10.bmp,preprocessed_results\726\726_10.bmp,725,725,725,0.7445157766342163,True,725,0.7445157766342163,True,725,0.7507147789001465,True,725,0.788192629814148,True,725,0.7536925673484802,True,725,0.7112297415733337,True,725,0.7640426754951477,True,725,0.7868785262107849,True,725,0.7540936470031738,True,725,0.6800438165664673,True,725,0.7520591020584106,True,True,False
726,727,727_4.bmp,preprocessed_results\727\727_4.bmp,726,726,726,0.6074653267860413,True,726,0.6074653267860413,True,726,0.6745043992996216,True,726,0.555763840675354,True,726,0.5758873224258423,True,726,0.526283323764801,True,726,0.4380427598953247,True,726,0.5300862193107605,True,726,0.6006224155426025,True,726,0.5137442946434021,True,726,0.5653513669967651,True,True,False
727,728,728_7.bmp,preprocessed_results\728\728_7.bmp,727,727,727,0.9040015935897827,True,727,0.9040015935897827,True,727,0.8275021910667419,True,727,0.8577671647071838,True,727,0.9056104421615601,True,727,0.8888911604881287,True,727,0.8837687373161316,True,727,0.8804160952568054,True,727,0.8953884840011597,True,727,0.9069442749023438,True,727,0.8877692222595215,True,True,False
728,729,729_5.bmp,preprocessed_results\729\729_5.bmp,728,728,728,0.9150638580322266,True,728,0.9150638580322266,True,728,0.9411277770996094,True,728,0.9190519452095032,True,728,0.9314458966255188,True,728,0.9156261682510376,True,728,0.9334713816642761,True,728,0.918645441532135,True,728,0.9050190448760986,True,728,0.917776346206665,True,728,0.9238780736923218,True,True,False
729,730,730_7.bmp,preprocessed_results\730\730_7.bmp,729,729,729,0.7365835905075073,True,729,0.7365835905075073,True,729,0.7928054332733154,True,729,0.8094547390937805,True,729,0.7017177939414978,True,729,0.7849878668785095,True,729,0.8324028253555298,True,729,0.8207225799560547,True,729,0.7275663614273071,True,729,0.7937074899673462,True,729,0.7835786938667297,True,True,False
730,731,731_10.bmp,preprocessed_results\731\731_10.bmp,730,730,730,0.15167394280433655,True,730,0.15167394280433655,True,730,0.15894445776939392,True,712,0.15417802333831787,False,730,0.15893471240997314,True,730,0.1353720873594284,True,712,0.18341076374053955,False,712,0.1379842460155487,False,730,0.1527843028306961,True,712,0.11005186289548874,False,712,0.1380854696035385,False,True,False
731,732,732_6.bmp,preprocessed_results\732\732_6.bmp,731,731,731,0.9184901118278503,True,731,0.9184901118278503,True,731,0.9188143610954285,True,731,0.9504603147506714,True,731,0.909850001335144,True,731,0.9104045629501343,True,731,0.9100847840309143,True,731,0.9167665243148804,True,731,0.8927152752876282,True,731,0.9307417869567871,True,731,0.9204208850860596,True,True,False
732,733,733_7.bmp,preprocessed_results\733\733_7.bmp,732,732,732,0.924433171749115,True,732,0.924433171749115,True,732,0.9242453575134277,True,732,0.9175032377243042,True,732,0.9359629154205322,True,732,0.9266835451126099,True,732,0.9211581945419312,True,732,0.921530544757843,True,732,0.9212126135826111,True,732,0.9034994840621948,True,732,0.9232425093650818,True,True,False
733,734,734_6.bmp,preprocessed_results\734\734_6.bmp,733,733,733,0.8288334608078003,True,733,0.8288334608078003,True,733,0.8563134670257568,True,733,0.7767661809921265,True,733,0.8728373646736145,True,733,0.8510584235191345,True,733,0.8543158173561096,True,733,0.8269854784011841,True,733,0.8384507894515991,True,733,0.8300381302833557,True,733,0.8406860828399658,True,True,False
734,735,735_7.bmp,preprocessed_results\735\735_7.bmp,734,734,734,0.8297446370124817,True,734,0.8297446370124817,True,734,0.8831399083137512,True,734,0.8462880849838257,True,734,0.878208577632904,True,734,0.8677430152893066,True,734,0.8133029937744141,True,734,0.8651155233383179,True,734,0.8455221652984619,True,734,0.8399871587753296,True,734,0.8556104898452759,True,True,False
735,736,736_1.bmp,preprocessed_results\736\736_1.bmp,735,735,735,0.9345478415489197,True,735,0.9345478415489197,True,735,0.9206734299659729,True,735,0.9431251883506775,True,735,0.9049533605575562,True,735,0.9354041218757629,True,735,0.9221929907798767,True,735,0.9527071118354797,True,735,0.9373059272766113,True,735,0.9228244423866272,True,735,0.9328467845916748,True,True,False
736,737,737_5.bmp,preprocessed_results\737\737_5.bmp,736,736,736,0.9126351475715637,True,736,0.9126351475715637,True,736,0.9185804724693298,True,736,0.9130156636238098,True,736,0.8961746692657471,True,736,0.9109286665916443,True,736,0.9221327900886536,True,736,0.9329763650894165,True,736,0.8941697478294373,True,736,0.9165446758270264,True,736,0.9145748615264893,True,True,False
737,738,738_1.bmp,preprocessed_results\738\738_1.bmp,737,737,737,0.8993040919303894,True,737,0.8993040919303894,True,737,0.8906033635139465,True,737,0.9177939295768738,True,737,0.8882659077644348,True,737,0.8991891145706177,True,737,0.9225274920463562,True,737,0.9192864894866943,True,737,0.8954821228981018,True,737,0.8808113932609558,True,737,0.9036487936973572,True,True,False
738,739,739_10.bmp,preprocessed_results\739\739_10.bmp,738,738,738,0.7555363178253174,True,738,0.7555363178253174,True,738,0.8039131164550781,True,738,0.7791109085083008,True,738,0.793269157409668,True,738,0.731966495513916,True,738,0.7624476552009583,True,738,0.8021537661552429,True,738,0.7607354521751404,True,738,0.7376612424850464,True,738,0.7744714617729187,True,True,False
739,740,740_5.bmp,preprocessed_results\740\740_5.bmp,739,739,739,0.9067676067352295,True,739,0.9067676067352295,True,739,0.93196040391922,True,739,0.9212087392807007,True,739,0.9315529465675354,True,739,0.9022951126098633,True,739,0.9241152405738831,True,739,0.9441449642181396,True,739,0.8994291424751282,True,739,0.9283613562583923,True,739,0.9238308072090149,True,True,False
740,741,741_5.bmp,preprocessed_results\741\741_5.bmp,740,740,740,0.929817795753479,True,740,0.929817795753479,True,740,0.9047081470489502,True,740,0.9421080350875854,True,740,0.9457942843437195,True,740,0.9111974835395813,True,740,0.9546230435371399,True,740,0.9456876516342163,True,740,0.9498080611228943,True,740,0.9036766290664673,True,740,0.9357563257217407,True,True,False
741,742,742_3.bmp,preprocessed_results\742\742_3.bmp,741,741,741,0.938713550567627,True,741,0.938713550567627,True,741,0.9495525360107422,True,741,0.9120424389839172,True,741,0.9431069493293762,True,741,0.9250814318656921,True,741,0.9055139422416687,True,741,0.9269495606422424,True,741,0.9413321614265442,True,741,0.9104875922203064,True,741,0.930599570274353,True,True,False
742,743,743_3.bmp,preprocessed_results\743\743_3.bmp,742,742,742,0.9122117757797241,True,742,0.9122117757797241,True,742,0.9392393827438354,True,742,0.9449842572212219,True,742,0.8715529441833496,True,742,0.9235248565673828,True,742,0.9018290042877197,True,742,0.9338757395744324,True,742,0.9327992796897888,True,742,0.9173778891563416,True,742,0.9232236742973328,True,True,False
743,744,744_9.bmp,preprocessed_results\744\744_9.bmp,743,743,743,0.8645239472389221,True,743,0.8645239472389221,True,743,0.880493700504303,True,743,0.8788270354270935,True,743,0.8588559031486511,True,743,0.8888918161392212,True,743,0.8849971890449524,True,743,0.8785067796707153,True,743,0.8814516663551331,True,743,0.8556864261627197,True,743,0.8767200112342834,True,True,False
744,745,745_4.bmp,preprocessed_results\745\745_4.bmp,744,744,744,0.9428066611289978,True,744,0.9428066611289978,True,744,0.9469797611236572,True,744,0.938784658908844,True,744,0.9375705718994141,True,744,0.9539386034011841,True,744,0.9277633428573608,True,744,0.9373939037322998,True,744,0.94953852891922,True,744,0.9470754265785217,True,744,0.9436929225921631,True,True,False
745,746,746_6.bmp,preprocessed_results\746\746_6.bmp,745,745,745,0.8950185775756836,True,745,0.8950185775756836,True,745,0.9287335872650146,True,745,0.9050757884979248,True,745,0.8723449110984802,True,745,0.8539673089981079,True,745,0.90560382604599,True,745,0.8917428255081177,True,745,0.8702541589736938,True,745,0.8510035872459412,True,745,0.8901718258857727,True,True,False
746,747,747_5.bmp,preprocessed_results\747\747_5.bmp,746,746,746,0.778728187084198,True,746,0.778728187084198,True,746,0.7800222635269165,True,746,0.7715712189674377,True,746,0.8237316608428955,True,746,0.759122908115387,True,746,0.517859697341919,True,746,0.7109056115150452,True,746,0.7441763877868652,True,746,0.717985212802887,True,746,0.7429735660552979,True,True,False
747,748,748_10.bmp,preprocessed_results\748\748_10.bmp,747,747,747,0.5192297697067261,True,747,0.5192297697067261,True,747,0.41706258058547974,True,747,0.5396758913993835,True,747,0.31163477897644043,True,747,0.3661232590675354,True,747,0.6826189756393433,True,747,0.6655811667442322,True,747,0.669308602809906,True,747,0.6182293891906738,True,747,0.54217129945755,True,True,False
748,749,749_4.bmp,preprocessed_results\749\749_4.bmp,748,748,748,0.6021653413772583,True,748,0.6021653413772583,True,748,0.6596322655677795,True,748,0.6835726499557495,True,748,0.6440242528915405,True,748,0.6254202723503113,True,748,0.690374493598938,True,748,0.6006304621696472,True,748,0.6481243371963501,True,748,0.5225569605827332,True,748,0.6358091235160828,True,True,False
749,750,750_3.bmp,preprocessed_results\750\750_3.bmp,749,749,749,0.09450388699769974,True,749,0.09450388699769974,True,749,0.225035160779953,True,749,0.1686972677707672,True,749,0.14445878565311432,True,749,0.14752499759197235,True,749,0.08489420264959335,True,749,0.09687796235084534,True,749,0.1326991766691208,True,749,0.0893126130104065,True,749,0.12823845446109772,True,True,False
750,751,751_10.bmp,preprocessed_results\751\751_10.bmp,750,750,750,0.8463544249534607,True,750,0.8463544249534607,True,750,0.7966042160987854,True,750,0.8061656355857849,True,750,0.8229883909225464,True,750,0.8467862010002136,True,750,0.831297755241394,True,750,0.7841224670410156,True,750,0.8562997579574585,True,750,0.7488700747489929,True,750,0.8202453851699829,True,True,False
751,752,752_1.bmp,preprocessed_results\752\752_1.bmp,751,751,751,0.9591416716575623,True,751,0.9591416716575623,True,751,0.9675901532173157,True,751,0.9514425992965698,True,751,0.9558563828468323,True,751,0.9638636112213135,True,751,0.9525494575500488,True,751,0.9506397843360901,True,751,0.9607993960380554,True,751,0.9470289349555969,True,751,0.9577947854995728,True,True,False
752,753,753_9.bmp,preprocessed_results\753\753_9.bmp,752,752,752,0.8979578018188477,True,752,0.8979578018188477,True,752,0.8597803711891174,True,752,0.864169180393219,True,752,0.9117481112480164,True,752,0.8766706585884094,True,752,0.875937819480896,True,752,0.8006342053413391,True,752,0.9012690782546997,True,752,0.8565772175788879,True,752,0.8766277432441711,True,True,False
753,754,754_7.bmp,preprocessed_results\754\754_7.bmp,753,753,753,0.9537063837051392,True,753,0.9537063837051392,True,753,0.9641459584236145,True,753,0.9491174221038818,True,753,0.9499414563179016,True,753,0.9423501491546631,True,753,0.9376815557479858,True,753,0.9328862428665161,True,753,0.9574621915817261,True,753,0.9287189245223999,True,753,0.948523998260498,True,True,False
754,755,755_4.bmp,preprocessed_results\755\755_4.bmp,754,754,754,0.8378933668136597,True,754,0.8378933668136597,True,754,0.8964166641235352,True,754,0.8113332390785217,True,754,0.861230194568634,True,754,0.8288649916648865,True,754,0.8455727100372314,True,754,0.869926393032074,True,754,0.872852087020874,True,754,0.8544080257415771,True,754,0.8580873608589172,True,True,False
755,756,756_7.bmp,preprocessed_results\756\756_7.bmp,755,755,755,0.392034113407135,True,755,0.392034113407135,True,755,0.3596603274345398,True,755,0.4357643723487854,True,755,0.4978180229663849,True,755,0.5004554390907288,True,755,0.5208830237388611,True,755,0.49546846747398376,True,755,0.4380645751953125,True,755,0.5479487776756287,True,755,0.4708138406276703,True,True,False
756,757,757_5.bmp,preprocessed_results\757\757_5.bmp,756,756,756,0.6684983372688293,True,756,0.6684983372688293,True,756,0.6479699015617371,True,756,0.7826999425888062,True,756,0.733432412147522,True,756,0.7301390171051025,True,756,0.6161601543426514,True,756,0.6592051982879639,True,756,0.7484444379806519,True,756,0.6814981698989868,True,756,0.7020331025123596,True,True,False
757,758,758_10.bmp,preprocessed_results\758\758_10.bmp,757,757,757,0.9104689955711365,True,757,0.9104689955711365,True,757,0.9015243053436279,True,757,0.9025433659553528,True,757,0.8980503082275391,True,757,0.9316504001617432,True,757,0.9258135557174683,True,757,0.9003901481628418,True,757,0.9176836609840393,True,757,0.888647735118866,True,757,0.9103789925575256,True,True,False
758,759,759_7.bmp,preprocessed_results\759\759_7.bmp,758,758,758,0.9130037426948547,True,758,0.9130037426948547,True,758,0.9177815914154053,True,758,0.922021210193634,True,758,0.9006053805351257,True,758,0.9012514352798462,True,758,0.8931880593299866,True,758,0.8931508660316467,True,758,0.9012365341186523,True,758,0.9072859287261963,True,758,0.9072771072387695,True,True,False
759,760,760_7.bmp,preprocessed_results\760\760_7.bmp,759,759,759,0.48543691635131836,True,759,0.48543691635131836,True,759,0.35402539372444153,True,759,0.507239580154419,True,759,0.45061591267585754,True,759,0.4735531806945801,True,759,0.45046621561050415,True,759,0.3717181384563446,True,759,0.5124011039733887,True,759,0.3594282567501068,True,759,0.4451288878917694,True,True,False
760,761,761_2.bmp,preprocessed_results\761\761_2.bmp,760,760,760,0.61976158618927,True,760,0.61976158618927,True,760,0.43885165452957153,True,760,0.5577612519264221,True,760,0.568150520324707,True,760,0.5680796504020691,True,760,0.4210411012172699,True,760,0.5270821452140808,True,760,0.6680921912193298,True,760,0.6352452635765076,True,760,0.5620059967041016,True,True,False
761,762,762_2.bmp,preprocessed_results\762\762_2.bmp,761,761,761,0.9121385216712952,True,761,0.9121385216712952,True,761,0.9139699339866638,True,761,0.9025120735168457,True,761,0.8945193886756897,True,761,0.8528263568878174,True,761,0.9060211777687073,True,761,0.8924737572669983,True,761,0.9025812149047852,True,761,0.9015489220619202,True,761,0.9008052349090576,True,True,False
762,763,763_5.bmp,preprocessed_results\763\763_5.bmp,762,762,762,0.9477960467338562,True,762,0.9477960467338562,True,762,0.936628520488739,True,762,0.932572066783905,True,762,0.9489980936050415,True,762,0.9145616292953491,True,762,0.8958246111869812,True,762,0.941054105758667,True,762,0.9396141171455383,True,762,0.937157154083252,True,762,0.935672402381897,True,True,False
763,764,764_9.bmp,preprocessed_results\764\764_9.bmp,763,763,763,0.7104676961898804,True,763,0.7104676961898804,True,763,0.6763291358947754,True,763,0.7276700735092163,True,763,0.7685160636901855,True,763,0.7443422079086304,True,763,0.7686096429824829,True,763,0.7319942712783813,True,763,0.6747651100158691,True,763,0.6002731919288635,True,763,0.7176380157470703,True,True,False
764,765,765_10.bmp,preprocessed_results\765\765_10.bmp,764,764,764,0.8779281377792358,True,764,0.8779281377792358,True,764,0.8920803666114807,True,764,0.849224328994751,True,764,0.9053245782852173,True,764,0.8497840762138367,True,764,0.888137698173523,True,764,0.8740965127944946,True,764,0.8642293214797974,True,764,0.8554540276527405,True,764,0.8755935430526733,True,True,False
765,766,766_4.bmp,preprocessed_results\766\766_4.bmp,765,765,765,0.8638935685157776,True,765,0.8638935685157776,True,765,0.8550099730491638,True,765,0.8666775226593018,True,765,0.9127209186553955,True,765,0.8899367451667786,True,765,0.8893799185752869,True,765,0.9039905071258545,True,765,0.8513957262039185,True,765,0.8751508593559265,True,765,0.8819801807403564,True,True,False
766,767,767_1.bmp,preprocessed_results\767\767_1.bmp,766,766,766,0.8882018327713013,True,766,0.8882018327713013,True,766,0.9197531938552856,True,766,0.8825010061264038,True,766,0.8999050259590149,True,766,0.9096040725708008,True,766,0.9000695943832397,True,766,0.9048337936401367,True,766,0.901350736618042,True,766,0.8960568904876709,True,766,0.9020568132400513,True,True,False
767,768,768_7.bmp,preprocessed_results\768\768_7.bmp,767,767,767,0.9101778864860535,True,767,0.9101778864860535,True,767,0.8873069882392883,True,767,0.9087570309638977,True,767,0.9165536761283875,True,767,0.9159069061279297,True,767,0.890255868434906,True,767,0.9279969334602356,True,767,0.9157090187072754,True,767,0.9204786419868469,True,767,0.912520170211792,True,True,False
768,769,769_3.bmp,preprocessed_results\769\769_3.bmp,768,768,768,0.25523635745048523,True,768,0.25523635745048523,True,768,0.34829795360565186,True,768,0.3777710795402527,True,768,0.2749674916267395,True,768,0.26226502656936646,True,768,0.30475932359695435,True,768,0.18944157660007477,True,768,0.2713584899902344,True,768,0.23437267541885376,True,768,0.28227952122688293,True,True,False
769,770,770_7.bmp,preprocessed_results\770\770_7.bmp,769,769,769,0.7745259404182434,True,769,0.7745259404182434,True,769,0.7113065719604492,True,769,0.7800010442733765,True,769,0.8535678386688232,True,769,0.8343701958656311,True,769,0.7076880931854248,True,769,0.7357928156852722,True,769,0.810860812664032,True,769,0.7746812701225281,True,769,0.7836072444915771,True,True,False
770,771,771_5.bmp,preprocessed_results\771\771_5.bmp,770,770,770,0.949459969997406,True,770,0.949459969997406,True,770,0.9552424550056458,True,770,0.9475091099739075,True,770,0.9486538171768188,True,770,0.9494460225105286,True,770,0.9433549046516418,True,770,0.9506447315216064,True,770,0.9381269216537476,True,770,0.9504410624504089,True,770,0.9490090608596802,True,True,False
771,772,772_2.bmp,preprocessed_results\772\772_2.bmp,771,771,771,0.8815315365791321,True,771,0.8815315365791321,True,771,0.8808333873748779,True,771,0.8685804009437561,True,771,0.8366968631744385,True,771,0.8670697808265686,True,771,0.8328218460083008,True,771,0.8734635710716248,True,771,0.8553534746170044,True,771,0.8465092778205872,True,771,0.8626902103424072,True,True,False
772,773,773_2.bmp,preprocessed_results\773\773_2.bmp,772,772,772,0.9201251268386841,True,772,0.9201251268386841,True,772,0.9099966883659363,True,772,0.8888445496559143,True,772,0.9234210252761841,True,772,0.9167747497558594,True,772,0.9290332198143005,True,772,0.929692804813385,True,772,0.9255683422088623,True,772,0.8626871109008789,True,772,0.91478431224823,True,True,False
773,774,774_10.bmp,preprocessed_results\774\774_10.bmp,773,773,773,0.7343543767929077,True,773,0.7343543767929077,True,773,0.7829520106315613,True,773,0.7039307355880737,True,773,0.7082723379135132,True,773,0.7038854956626892,True,773,0.77064448595047,True,773,0.75560063123703,True,773,0.7860600352287292,True,773,0.7112799286842346,True,773,0.745858371257782,True,True,False
774,775,775_1.bmp,preprocessed_results\775\775_1.bmp,774,774,774,0.888187825679779,True,774,0.888187825679779,True,774,0.9329156875610352,True,774,0.9022740721702576,True,774,0.9180747866630554,True,774,0.8829790353775024,True,774,0.9241411685943604,True,774,0.8784115314483643,True,774,0.8926963806152344,True,774,0.8911200761795044,True,774,0.9043436050415039,True,True,False
775,776,776_9.bmp,preprocessed_results\776\776_9.bmp,775,775,775,0.8681706786155701,True,775,0.8681706786155701,True,775,0.894427478313446,True,775,0.8827399611473083,True,775,0.8955833911895752,True,775,0.9207343459129333,True,775,0.8931035399436951,True,775,0.8919795155525208,True,775,0.8886929154396057,True,775,0.8782861232757568,True,775,0.8933426141738892,True,True,False
776,777,777_7.bmp,preprocessed_results\777\777_7.bmp,776,776,776,0.5391051769256592,True,776,0.5391051769256592,True,776,0.7459263801574707,True,776,0.6738581657409668,True,776,0.7498233914375305,True,776,0.6219450235366821,True,776,0.6800411939620972,True,776,0.6750606894493103,True,776,0.6980990171432495,True,776,0.6411464214324951,True,776,0.6778146624565125,True,True,False
777,778,778_3.bmp,preprocessed_results\778\778_3.bmp,777,777,777,0.862234890460968,True,777,0.862234890460968,True,777,0.8339880704879761,True,777,0.8753669261932373,True,777,0.8701460361480713,True,777,0.8405166268348694,True,777,0.8992846608161926,True,777,0.8630300164222717,True,777,0.8801833987236023,True,777,0.8378749489784241,True,777,0.8662372827529907,True,True,False
778,779,779_2.bmp,preprocessed_results\779\779_2.bmp,778,778,778,0.9015625715255737,True,778,0.9015625715255737,True,778,0.9139034152030945,True,778,0.8814824819564819,True,778,0.8899188041687012,True,778,0.8585739135742188,True,778,0.8717795610427856,True,778,0.854345440864563,True,778,0.9109798669815063,True,778,0.8910523056983948,True,778,0.8891158699989319,True,True,False
779,780,780_7.bmp,preprocessed_results\780\780_7.bmp,779,779,779,0.9131754040718079,True,779,0.9131754040718079,True,779,0.9282524585723877,True,779,0.9242503643035889,True,779,0.9107032418251038,True,779,0.8739704489707947,True,779,0.9230303764343262,True,779,0.8873094916343689,True,779,0.8937464952468872,True,779,0.8912133574485779,True,779,0.9080733060836792,True,True,False
780,781,781_4.bmp,preprocessed_results\781\781_4.bmp,780,780,780,0.9211810231208801,True,780,0.9211810231208801,True,780,0.9024477005004883,True,780,0.8891158699989319,True,780,0.8840852975845337,True,780,0.8696066737174988,True,780,0.9071868658065796,True,780,0.910822331905365,True,780,0.9093418121337891,True,780,0.8801581859588623,True,780,0.899836003780365,True,True,False
781,782,782_8.bmp,preprocessed_results\782\782_8.bmp,781,781,781,0.4148528277873993,True,781,0.4148528277873993,True,781,0.48009249567985535,True,781,0.4601176977157593,True,781,0.44925373792648315,True,781,0.36520805954933167,True,781,0.4598345458507538,True,781,0.4878535568714142,True,781,0.5004972219467163,True,781,0.4190290868282318,True,781,0.4523664712905884,True,True,False
782,783,783_5.bmp,preprocessed_results\783\783_5.bmp,782,782,782,0.9370404481887817,True,782,0.9370404481887817,True,782,0.950870156288147,True,782,0.9462766647338867,True,782,0.9339821338653564,True,782,0.931691586971283,True,782,0.9256399869918823,True,782,0.946199357509613,True,782,0.9425095915794373,True,782,0.9420634508132935,True,782,0.9409579634666443,True,True,False
783,784,784_3.bmp,preprocessed_results\784\784_3.bmp,783,783,783,0.8371155858039856,True,783,0.8371155858039856,True,783,0.8447157740592957,True,783,0.7760154008865356,True,783,0.8133257627487183,True,783,0.8281140923500061,True,783,0.8677980303764343,True,783,0.8172970414161682,True,783,0.8620344996452332,True,783,0.8382477760314941,True,783,0.8357157707214355,True,True,False
784,785,785_5.bmp,preprocessed_results\785\785_5.bmp,784,784,784,0.9125989079475403,True,784,0.9125989079475403,True,784,0.918315589427948,True,784,0.9339798092842102,True,784,0.9346079230308533,True,784,0.9291748404502869,True,784,0.8994000554084778,True,784,0.8752619624137878,True,784,0.9132997393608093,True,784,0.8725355863571167,True,784,0.9135597348213196,True,True,False
785,786,786_5.bmp,preprocessed_results\786\786_5.bmp,785,785,785,0.4628390669822693,True,785,0.4628390669822693,True,785,0.4587801694869995,True,785,0.414875328540802,True,785,0.36607444286346436,True,785,0.42263200879096985,True,785,0.27385538816452026,True,785,0.3244433104991913,True,785,0.34483426809310913,True,785,0.470475971698761,True,785,0.3976364731788635,True,True,False
786,787,787_7.bmp,preprocessed_results\787\787_7.bmp,786,786,786,0.9177769422531128,True,786,0.9177769422531128,True,786,0.9427302479743958,True,786,0.9322002530097961,True,786,0.9130228161811829,True,786,0.9180087447166443,True,786,0.9093196988105774,True,786,0.9154453873634338,True,786,0.8958956599235535,True,786,0.9566824436187744,True,786,0.9254711866378784,True,True,False
787,788,788_4.bmp,preprocessed_results\788\788_4.bmp,787,787,787,0.8888570666313171,True,787,0.8888570666313171,True,787,0.8506255745887756,True,787,0.8651102185249329,True,787,0.8427687287330627,True,787,0.8711223006248474,True,787,0.8503667712211609,True,787,0.8486612439155579,True,787,0.8694385886192322,True,787,0.8073887825012207,True,787,0.8582427501678467,True,True,False
788,789,789_3.bmp,preprocessed_results\789\789_3.bmp,788,788,788,0.8009599447250366,True,788,0.8009599447250366,True,788,0.8243609666824341,True,788,0.8270161747932434,True,788,0.7869271039962769,True,788,0.8215601444244385,True,788,0.8363786935806274,True,788,0.8174227476119995,True,788,0.7897244691848755,True,788,0.8752499222755432,True,788,0.8235316872596741,True,True,False
789,790,790_6.bmp,preprocessed_results\790\790_6.bmp,789,789,789,0.8891598582267761,True,789,0.8891598582267761,True,789,0.8207710981369019,True,789,0.9012152552604675,True,789,0.8421341776847839,True,789,0.8465818166732788,True,789,0.9190533757209778,True,789,0.8607116937637329,True,789,0.8544745445251465,True,789,0.8269094228744507,True,789,0.8677754402160645,True,True,False
790,791,791_6.bmp,preprocessed_results\791\791_6.bmp,790,790,790,0.9037613272666931,True,790,0.9037613272666931,True,790,0.9282593131065369,True,790,0.9014336466789246,True,790,0.8970376253128052,True,790,0.8759538531303406,True,790,0.9255731105804443,True,790,0.9180957674980164,True,790,0.8947575688362122,True,790,0.9326563477516174,True,790,0.9116528034210205,True,True,False
791,792,792_9.bmp,preprocessed_results\792\792_9.bmp,791,791,791,0.7131209373474121,True,791,0.7131209373474121,True,791,0.6782093644142151,True,791,0.6834707856178284,True,791,0.730205774307251,True,791,0.6799007058143616,True,791,0.7672331929206848,True,791,0.7624202370643616,True,791,0.6745668649673462,True,791,0.6604269742965698,True,791,0.7110099196434021,True,True,False
792,793,793_1.bmp,preprocessed_results\793\793_1.bmp,792,792,792,0.8056944012641907,True,792,0.8056944012641907,True,792,0.7467897534370422,True,792,0.7616904973983765,True,792,0.7837162613868713,True,792,0.6809074282646179,True,792,0.8666688203811646,True,792,0.8149678707122803,True,792,0.8376620411872864,True,792,0.7770786285400391,True,792,0.7946442365646362,True,True,False
793,794,794_2.bmp,preprocessed_results\794\794_2.bmp,793,793,793,0.8963298201560974,True,793,0.8963298201560974,True,793,0.9098869562149048,True,793,0.8868540525436401,True,793,0.8549485206604004,True,793,0.9051733613014221,True,793,0.8614159226417542,True,793,0.9111910462379456,True,793,0.9138669967651367,True,793,0.9054715633392334,True,793,0.8976420760154724,True,True,False
794,795,795_7.bmp,preprocessed_results\795\795_7.bmp,794,794,794,0.8965129256248474,True,794,0.8965129256248474,True,794,0.9328740835189819,True,794,0.860636293888092,True,794,0.92304927110672,True,794,0.8996790051460266,True,794,0.9209108352661133,True,794,0.9047399163246155,True,794,0.8924428224563599,True,794,0.829378604888916,True,794,0.9015969038009644,True,True,False
795,796,796_5.bmp,preprocessed_results\796\796_5.bmp,795,795,795,0.9272440075874329,True,795,0.9272440075874329,True,795,0.9414886236190796,True,795,0.9092949628829956,True,795,0.9386380314826965,True,795,0.934508204460144,True,795,0.8832091093063354,True,795,0.8615813255310059,True,795,0.912392795085907,True,795,0.9097340703010559,True,795,0.9180430173873901,True,True,False
796,797,797_6.bmp,preprocessed_results\797\797_6.bmp,796,796,796,0.8974261283874512,True,796,0.8974261283874512,True,796,0.8672250509262085,True,796,0.9318051934242249,True,796,0.9135292768478394,True,796,0.8942344784736633,True,796,0.8661229610443115,True,796,0.8992889523506165,True,796,0.9303284883499146,True,796,0.8506750464439392,True,796,0.8992191553115845,True,True,False
797,798,798_4.bmp,preprocessed_results\798\798_4.bmp,797,797,797,0.9103439450263977,True,797,0.9103439450263977,True,797,0.8891457319259644,True,797,0.9142290949821472,True,797,0.8943879008293152,True,797,0.9124191403388977,True,797,0.9049994349479675,True,797,0.8819968104362488,True,797,0.8890838027000427,True,797,0.9142079949378967,True,797,0.902881920337677,True,True,False
798,799,799_7.bmp,preprocessed_results\799\799_7.bmp,798,798,798,0.8686161041259766,True,798,0.8686161041259766,True,798,0.9032920598983765,True,798,0.896649956703186,True,798,0.8480560779571533,True,798,0.8173177242279053,True,798,0.8827617764472961,True,798,0.8606082797050476,True,798,0.8402993679046631,True,798,0.8612019419670105,True,798,0.8687097430229187,True,True,False
799,800,800_9.bmp,preprocessed_results\800\800_9.bmp,799,799,799,0.7703303694725037,True,799,0.7703303694725037,True,799,0.8247241377830505,True,799,0.8172944188117981,True,799,0.8078234195709229,True,799,0.7273144721984863,True,799,0.8228375911712646,True,799,0.7917441129684448,True,799,0.7584440112113953,True,799,0.7790842652320862,True,799,0.793639600276947,True,True,False
800,801,801_9.bmp,preprocessed_results\801\801_9.bmp,800,800,800,0.859165608882904,True,800,0.859165608882904,True,800,0.7902153134346008,True,800,0.875163733959198,True,800,0.8908596634864807,True,800,0.8094114065170288,True,800,0.8396024107933044,True,800,0.8543294668197632,True,800,0.8477497100830078,True,800,0.8862723112106323,True,800,0.8562015295028687,True,True,False
801,802,802_10.bmp,preprocessed_results\802\802_10.bmp,801,801,801,0.9036542773246765,True,801,0.9036542773246765,True,801,0.8556154370307922,True,801,0.8035975694656372,True,801,0.8831019997596741,True,801,0.8544802665710449,True,801,0.886483371257782,True,801,0.8461705446243286,True,801,0.8802909255027771,True,801,0.8753765225410461,True,801,0.8696194887161255,True,True,False
802,803,803_6.bmp,preprocessed_results\803\803_6.bmp,802,802,802,0.5310009717941284,True,802,0.5310009717941284,True,802,0.7164809703826904,True,802,0.560944139957428,True,802,0.5546451210975647,True,802,0.4535067677497864,True,802,0.4893932342529297,True,802,0.5575331449508667,True,802,0.5111277103424072,True,802,0.6855664849281311,True,802,0.5699944496154785,True,True,False
803,804,804_5.bmp,preprocessed_results\804\804_5.bmp,803,803,803,0.8933995366096497,True,803,0.8933995366096497,True,803,0.9299929738044739,True,803,0.8520095944404602,True,803,0.8764235377311707,True,803,0.906114399433136,True,803,0.8156704902648926,True,803,0.8756700158119202,True,803,0.840386688709259,True,803,0.8515862822532654,True,803,0.8773998618125916,True,True,False
804,805,805_6.bmp,preprocessed_results\805\805_6.bmp,804,804,804,0.9298610687255859,True,804,0.9298610687255859,True,804,0.9413978457450867,True,804,0.9241875410079956,True,804,0.932377815246582,True,804,0.9510993957519531,True,804,0.9353870153427124,True,804,0.960805356502533,True,804,0.9260489344596863,True,804,0.9358533024787903,True,804,0.9394802451133728,True,True,False
805,806,806_2.bmp,preprocessed_results\806\806_2.bmp,805,805,805,0.7697968482971191,True,805,0.7697968482971191,True,805,0.8829029202461243,True,805,0.8526164293289185,True,805,0.8412503004074097,True,805,0.8212334513664246,True,805,0.7235499620437622,True,805,0.8089067339897156,True,805,0.8152027726173401,True,805,0.763598620891571,True,805,0.8158062100410461,True,True,False
806,807,807_10.bmp,preprocessed_results\807\807_10.bmp,806,806,806,0.8928632140159607,True,806,0.8928632140159607,True,806,0.8817274570465088,True,806,0.9027916193008423,True,806,0.8868499994277954,True,806,0.908650815486908,True,806,0.9024314284324646,True,806,0.8811172246932983,True,806,0.9098221063613892,True,806,0.8862359523773193,True,806,0.8970898389816284,True,True,False
807,808,808_9.bmp,preprocessed_results\808\808_9.bmp,807,807,807,0.8963577747344971,True,807,0.8963577747344971,True,807,0.8798613548278809,True,807,0.8542312383651733,True,807,0.8682264089584351,True,807,0.8723849654197693,True,807,0.8868116140365601,True,807,0.8615537881851196,True,807,0.8733917474746704,True,807,0.9042012691497803,True,807,0.8801164627075195,True,True,False
808,809,809_9.bmp,preprocessed_results\809\809_9.bmp,808,808,808,0.7151044011116028,True,808,0.7151044011116028,True,808,0.814284086227417,True,808,0.7516454458236694,True,808,0.7738726735115051,True,808,0.7701038718223572,True,808,0.6007214188575745,True,808,0.7248988747596741,True,808,0.6486089825630188,True,808,0.7948243618011475,True,808,0.7408886551856995,True,True,False
809,810,810_2.bmp,preprocessed_results\810\810_2.bmp,809,809,809,0.9670976400375366,True,809,0.9670976400375366,True,809,0.9679259657859802,True,809,0.9661633372306824,True,809,0.9647178053855896,True,809,0.9624527096748352,True,809,0.9634436964988708,True,809,0.962669849395752,True,809,0.9699789881706238,True,809,0.9488086700439453,True,809,0.9647579789161682,True,True,False
810,811,811_6.bmp,preprocessed_results\811\811_6.bmp,810,810,810,0.8918704390525818,True,810,0.8918704390525818,True,810,0.9002532958984375,True,810,0.8927962183952332,True,810,0.8543338775634766,True,810,0.8579388856887817,True,810,0.853561282157898,True,810,0.843302309513092,True,810,0.8679413199424744,True,810,0.8378669023513794,True,810,0.8703522086143494,True,True,False
811,812,812_7.bmp,preprocessed_results\812\812_7.bmp,811,811,811,0.9830915331840515,True,811,0.9830915331840515,True,811,0.9761940240859985,True,811,0.9756906628608704,True,811,0.980249285697937,True,811,0.9772029519081116,True,811,0.9707349538803101,True,811,0.9674760103225708,True,811,0.9850459694862366,True,811,0.974467396736145,True,811,0.9776239395141602,True,True,False
812,813,813_10.bmp,preprocessed_results\813\813_10.bmp,812,812,812,0.8821165561676025,True,812,0.8821165561676025,True,812,0.8821367621421814,True,812,0.8522626161575317,True,812,0.8994200229644775,True,812,0.8414475917816162,True,812,0.9006810188293457,True,812,0.8654955625534058,True,812,0.8367912769317627,True,812,0.7913313508033752,True,812,0.8673145174980164,True,True,False
813,814,814_7.bmp,preprocessed_results\814\814_7.bmp,813,813,813,0.8879854679107666,True,813,0.8879854679107666,True,813,0.9335724711418152,True,813,0.923275887966156,True,813,0.9053127765655518,True,813,0.9147390723228455,True,813,0.8817610144615173,True,813,0.9414654970169067,True,813,0.9018257260322571,True,813,0.9102882146835327,True,813,0.9145943522453308,True,True,False
814,815,815_1.bmp,preprocessed_results\815\815_1.bmp,814,814,814,0.8941206932067871,True,814,0.8941206932067871,True,814,0.918522298336029,True,814,0.9435909986495972,True,814,0.8481274247169495,True,814,0.868177592754364,True,814,0.9174190163612366,True,814,0.8674653768539429,True,814,0.920196533203125,True,814,0.8875396847724915,True,814,0.9015486240386963,True,True,False
815,816,816_10.bmp,preprocessed_results\816\816_10.bmp,815,815,815,0.9093797206878662,True,815,0.9093797206878662,True,815,0.9261369109153748,True,815,0.9206699728965759,True,815,0.9140309691429138,True,815,0.9066029191017151,True,815,0.9335662126541138,True,815,0.9243332743644714,True,815,0.8964199423789978,True,815,0.8736407160758972,True,815,0.9141852855682373,True,True,False
816,817,817_10.bmp,preprocessed_results\817\817_10.bmp,816,816,816,0.8934852480888367,True,816,0.8934852480888367,True,816,0.8849270939826965,True,816,0.9113339185714722,True,816,0.8969588875770569,True,816,0.9007867574691772,True,816,0.8943983912467957,True,816,0.8896534442901611,True,816,0.8689360022544861,True,816,0.9225558042526245,True,816,0.8986979126930237,True,True,False
817,818,818_5.bmp,preprocessed_results\818\818_5.bmp,817,817,817,0.7862946391105652,True,817,0.7862946391105652,True,817,0.9191662669181824,True,817,0.8195275664329529,True,817,0.8713276982307434,True,817,0.7987322807312012,True,817,0.7667793035507202,True,817,0.8530815839767456,True,817,0.8422329425811768,True,817,0.8815760612487793,True,817,0.8469416499137878,True,True,False
818,819,819_3.bmp,preprocessed_results\819\819_3.bmp,818,818,818,0.906977117061615,True,818,0.906977117061615,True,818,0.9221330881118774,True,818,0.913687527179718,True,818,0.8919568657875061,True,818,0.904825747013092,True,818,0.915590763092041,True,818,0.9266791343688965,True,818,0.8935845494270325,True,818,0.8857781887054443,True,818,0.909480094909668,True,True,False
819,820,820_7.bmp,preprocessed_results\820\820_7.bmp,819,819,819,0.8852272033691406,True,819,0.8852272033691406,True,819,0.9076014161109924,True,819,0.9026316404342651,True,819,0.8695201873779297,True,819,0.8979544639587402,True,819,0.8870367407798767,True,819,0.8971017003059387,True,819,0.8480771780014038,True,819,0.8969292640686035,True,819,0.8907411098480225,True,True,False
820,821,821_2.bmp,preprocessed_results\821\821_2.bmp,820,820,820,0.875433623790741,True,820,0.875433623790741,True,820,0.8911361694335938,True,820,0.909855842590332,True,820,0.9065049290657043,True,820,0.912197470664978,True,820,0.8969593644142151,True,820,0.9075940847396851,True,820,0.8993913531303406,True,820,0.847537100315094,True,820,0.8980117440223694,True,True,False
821,822,822_3.bmp,preprocessed_results\822\822_3.bmp,821,821,821,0.9011918902397156,True,821,0.9011918902397156,True,821,0.9262155294418335,True,821,0.9169068932533264,True,821,0.8992281556129456,True,821,0.9249733090400696,True,821,0.8689326643943787,True,821,0.8804819583892822,True,821,0.8945334553718567,True,821,0.9067342281341553,True,821,0.905095100402832,True,True,False
822,823,823_10.bmp,preprocessed_results\823\823_10.bmp,822,822,822,0.9561517238616943,True,822,0.9561517238616943,True,822,0.9604429006576538,True,822,0.9506680965423584,True,822,0.9521914720535278,True,822,0.9588876366615295,True,822,0.9412733316421509,True,822,0.9647805690765381,True,822,0.9581599831581116,True,822,0.9518016576766968,True,822,0.9558908939361572,True,True,False
823,824,824_8.bmp,preprocessed_results\824\824_8.bmp,823,823,823,0.8910567760467529,True,823,0.8910567760467529,True,823,0.8716802597045898,True,823,0.8935139179229736,True,823,0.8960018157958984,True,823,0.8902522921562195,True,823,0.885398805141449,True,823,0.8321295380592346,True,823,0.8866734504699707,True,823,0.8714951276779175,True,823,0.8825397491455078,True,True,False
824,825,825_10.bmp,preprocessed_results\825\825_10.bmp,824,824,824,0.89809250831604,True,824,0.89809250831604,True,824,0.8541458249092102,True,824,0.8480430841445923,True,824,0.836611807346344,True,824,0.8421376347541809,True,824,0.8421521782875061,True,824,0.8133754730224609,True,824,0.8167890310287476,True,824,0.8503926396369934,True,824,0.8478707671165466,True,True,False
825,826,826_2.bmp,preprocessed_results\826\826_2.bmp,825,825,825,0.9331429600715637,True,825,0.9331429600715637,True,825,0.91371089220047,True,825,0.9282124042510986,True,825,0.9394429922103882,True,825,0.9117187261581421,True,825,0.9372208118438721,True,825,0.9178434014320374,True,825,0.928350031375885,True,825,0.9249514937400818,True,825,0.9277044534683228,True,True,False
826,827,827_10.bmp,preprocessed_results\827\827_10.bmp,826,826,826,0.8491084575653076,True,826,0.8491084575653076,True,826,0.8100100159645081,True,826,0.8821987509727478,True,826,0.8702102899551392,True,826,0.817325234413147,True,826,0.8302673697471619,True,826,0.8233826160430908,True,826,0.8687217235565186,True,826,0.8622943162918091,True,826,0.8494019508361816,True,True,False
827,828,828_10.bmp,preprocessed_results\828\828_10.bmp,827,827,827,0.8821914196014404,True,827,0.8821914196014404,True,827,0.8453639149665833,True,827,0.8807035684585571,True,827,0.8212623596191406,True,827,0.8669945001602173,True,827,0.8132187724113464,True,827,0.8719567060470581,True,827,0.8625679612159729,True,827,0.8736934661865234,True,827,0.8606370091438293,True,True,False
828,829,829_2.bmp,preprocessed_results\829\829_2.bmp,828,828,828,0.8057071566581726,True,828,0.8057071566581726,True,828,0.8088548183441162,True,828,0.9209060668945312,True,828,0.8595335483551025,True,828,0.906576931476593,True,828,0.7762475609779358,True,828,0.7745562791824341,True,828,0.8192819356918335,True,828,0.7385526895523071,True,828,0.8358796238899231,True,True,False
829,830,830_5.bmp,preprocessed_results\830\830_5.bmp,829,829,829,0.8852350115776062,True,829,0.8852350115776062,True,829,0.9593948721885681,True,829,0.9227890372276306,True,829,0.8811537027359009,True,829,0.8392168879508972,True,829,0.9228752255439758,True,829,0.932545006275177,True,829,0.8997652530670166,True,829,0.9019080400466919,True,829,0.9132499098777771,True,True,False
830,831,831_8.bmp,preprocessed_results\831\831_8.bmp,830,830,830,0.898174524307251,True,830,0.898174524307251,True,830,0.9127889275550842,True,830,0.8971370458602905,True,830,0.9123757481575012,True,830,0.9133049249649048,True,830,0.8701843023300171,True,830,0.916490375995636,True,830,0.9133328795433044,True,830,0.9017277956008911,True,830,0.9056495428085327,True,True,False
831,832,832_9.bmp,preprocessed_results\832\832_9.bmp,831,831,831,0.1150495633482933,True,831,0.1150495633482933,True,830,0.17140096426010132,False,831,0.11187080293893814,True,830,0.09429362416267395,False,831,0.12733761966228485,True,830,0.07614094018936157,False,830,0.08882056921720505,False,830,0.10295471549034119,False,830,0.06575345993041992,False,830,0.09555087983608246,False,True,False
832,833,833_10.bmp,preprocessed_results\833\833_10.bmp,832,832,832,0.7088086009025574,True,832,0.7088086009025574,True,832,0.7739940881729126,True,832,0.7599848508834839,True,832,0.6995270848274231,True,832,0.7243741154670715,True,832,0.6560103297233582,True,832,0.5830183029174805,True,832,0.7542369961738586,True,832,0.6828003525733948,True,832,0.7129457592964172,True,True,False
833,834,834_8.bmp,preprocessed_results\834\834_8.bmp,833,833,833,0.9431860446929932,True,833,0.9431860446929932,True,833,0.91209876537323,True,833,0.9339737892150879,True,833,0.9422093629837036,True,833,0.9193040132522583,True,833,0.9411441683769226,True,833,0.9283676147460938,True,833,0.93243408203125,True,833,0.9437694549560547,True,833,0.9349863529205322,True,True,False
