index,subject_id,filename,path,label,true_label,c12_top1,c12_top1_prob,c12_top2,c12_top2_prob,c12_margin_top1_top2,c12_top5_labels,c12_top5_probs,c12_true_rank,c12_true_prob,c12_true_in_top5,c12_pred,c12_conf,c12_correct,mobilenet_pred,mobilenet_conf,mobilenet_correct,effv2m_pred,effv2m_conf,effv2m_correct,resnet50_pred,resnet50_conf,resnet50_correct,diagnosis
0,1,1_10.bmp,preprocessed_results\1\1_10.bmp,0,0,0,0.8631632328033447,1,0.03384934738278389,0.8293138854205608,0|1|308|249|207,0.86316323|0.03384935|0.00324724|0.00243274|0.00220899,1,0.8631632328033447,True,0,0.8631632328033447,True,0,0.8807249069213867,True,0,0.8586646914482117,True,0,0.8092822432518005,True,c12_correct
1,2,2_9.bmp,preprocessed_results\2\2_9.bmp,1,1,1,0.8465988039970398,0,0.008244815282523632,0.8383539887145162,1|0|97|753|806,0.84659880|0.00824482|0.00367116|0.00348644|0.00275547,1,0.8465988039970398,True,1,0.8465988039970398,True,1,0.8541948199272156,True,1,0.8367971181869507,True,1,0.7320094108581543,True,c12_correct
2,3,3_8.bmp,preprocessed_results\3\3_8.bmp,2,2,2,0.8064696192741394,623,0.013364652171730995,0.7931049671024084,2|623|136|214|782,0.80646962|0.01336465|0.00812878|0.00725462|0.00490999,1,0.8064696192741394,True,2,0.8064696192741394,True,2,0.6435295343399048,True,2,0.7944902181625366,True,2,0.7591208219528198,True,c12_correct
3,4,4_6.bmp,preprocessed_results\4\4_6.bmp,3,3,3,0.9398886561393738,319,0.008041045628488064,0.9318476105108857,3|319|735|828|661,0.93988866|0.00804105|0.00185810|0.00147664|0.00123797,1,0.9398886561393738,True,3,0.9398886561393738,True,3,0.9039043188095093,True,3,0.8390026092529297,True,3,0.7672256827354431,True,c12_correct
4,5,5_10.bmp,preprocessed_results\5\5_10.bmp,4,4,4,0.8858630061149597,170,0.02688063122332096,0.8589823748916388,4|170|198|674|83,0.88586301|0.02688063|0.00740131|0.00213837|0.00129804,1,0.8858630061149597,True,4,0.8858630061149597,True,4,0.601411759853363,True,4,0.8194741010665894,True,4,0.7296889424324036,True,c12_correct
5,6,6_6.bmp,preprocessed_results\6\6_6.bmp,5,5,5,0.6761993169784546,171,0.12760938704013824,0.5485899299383163,5|171|758|543|609,0.67619932|0.12760939|0.01592422|0.01552603|0.00257200,1,0.6761993169784546,True,5,0.6761993169784546,True,5,0.43013983964920044,True,5,0.7179867029190063,True,5,0.2726656496524811,True,c12_correct
6,7,7_10.bmp,preprocessed_results\7\7_10.bmp,6,6,6,0.9071362018585205,246,0.006171123590320349,0.9009650782682002,6|246|538|357|723,0.90713620|0.00617112|0.00336970|0.00295551|0.00237300,1,0.9071362018585205,True,6,0.9071362018585205,True,6,0.5747631192207336,True,6,0.796624481678009,True,6,0.5902025103569031,True,c12_correct
7,8,8_4.bmp,preprocessed_results\8\8_4.bmp,7,7,7,0.6113208532333374,6,0.0525970458984375,0.5587238073348999,7|6|644|604|167,0.61132085|0.05259705|0.00855333|0.00722523|0.00542745,1,0.6113208532333374,True,7,0.6113208532333374,True,7,0.5926808714866638,True,7,0.8468852639198303,True,7,0.6875666975975037,True,c12_correct
8,9,9_10.bmp,preprocessed_results\9\9_10.bmp,8,8,8,0.6330337524414062,230,0.020245229825377464,0.6127885226160288,8|230|184|88|196,0.63303375|0.02024523|0.01125692|0.00991029|0.00697726,1,0.6330337524414062,True,8,0.6330337524414062,True,8,0.5520250797271729,True,8,0.8310112357139587,True,8,0.6806895136833191,True,c12_correct
9,10,10_5.bmp,preprocessed_results\10\10_5.bmp,9,9,9,0.8471056818962097,55,0.004662177059799433,0.8424435048364103,9|55|288|120|407,0.84710568|0.00466218|0.00376277|0.00365127|0.00352457,1,0.8471056818962097,True,9,0.8471056818962097,True,9,0.619391918182373,True,9,0.8094950914382935,True,9,0.6716591119766235,True,c12_correct
10,11,11_3.bmp,preprocessed_results\11\11_3.bmp,10,10,10,0.953199565410614,795,0.002862674882635474,0.9503368905279785,10|795|328|471|11,0.95319957|0.00286267|0.00118128|0.00104796|0.00099878,1,0.953199565410614,True,10,0.953199565410614,True,10,0.8380301594734192,True,10,0.8394871354103088,True,10,0.7967588901519775,True,c12_correct
11,12,12_2.bmp,preprocessed_results\12\12_2.bmp,11,11,11,0.9114066958427429,101,0.002721769968047738,0.9086849258746952,11|101|302|792|10,0.91140670|0.00272177|0.00221328|0.00186039|0.00184559,1,0.9114066958427429,True,11,0.9114066958427429,True,11,0.928759753704071,True,11,0.8239507675170898,True,11,0.7952887415885925,True,c12_correct
12,13,13_2.bmp,preprocessed_results\13\13_2.bmp,12,12,12,0.46641427278518677,544,0.0579056441783905,0.40850862860679626,12|544|411|214|122,0.46641427|0.05790564|0.04544187|0.01441255|0.00659805,1,0.46641427278518677,True,12,0.46641427278518677,True,12,0.5140480399131775,True,12,0.8241737484931946,True,12,0.7720719575881958,True,c12_correct
13,14,14_6.bmp,preprocessed_results\14\14_6.bmp,13,13,13,0.71136075258255,256,0.019446881487965584,0.6919138710945845,13|256|662|206|674,0.71136075|0.01944688|0.00832374|0.00654989|0.00585951,1,0.71136075258255,True,13,0.71136075258255,True,13,0.7909603118896484,True,13,0.8155294060707092,True,13,0.6058489084243774,True,c12_correct
14,15,15_10.bmp,preprocessed_results\15\15_10.bmp,14,14,14,0.6898339986801147,15,0.0710224062204361,0.6188115924596786,14|15|20|223|325,0.68983400|0.07102241|0.01222892|0.00559970|0.00520723,1,0.6898339986801147,True,14,0.6898339986801147,True,14,0.7235614061355591,True,14,0.8184342384338379,True,14,0.6824061274528503,True,c12_correct
15,16,16_2.bmp,preprocessed_results\16\16_2.bmp,15,15,15,0.9390304684638977,14,0.00403052382171154,0.9349999446421862,15|14|795|190|777,0.93903047|0.00403052|0.00160598|0.00153226|0.00100198,1,0.9390304684638977,True,15,0.9390304684638977,True,15,0.8461008667945862,True,15,0.8468760848045349,True,15,0.8123117089271545,True,c12_correct
16,17,17_4.bmp,preprocessed_results\17\17_4.bmp,16,16,16,0.34057164192199707,237,0.017804283648729324,0.32276735827326775,16|237|232|167|82,0.34057164|0.01780428|0.01414210|0.01206802|0.01197154,1,0.34057164192199707,True,16,0.34057164192199707,True,16,0.3511635661125183,True,16,0.8122283220291138,True,16,0.4472997188568115,True,c12_correct
17,18,18_7.bmp,preprocessed_results\18\18_7.bmp,17,17,17,0.795972466468811,811,0.00596337765455246,0.7900090888142586,17|811|243|149|543,0.79597247|0.00596338|0.00448699|0.00427610|0.00341862,1,0.795972466468811,True,17,0.795972466468811,True,17,0.1562063843011856,True,17,0.5694795250892639,True,17,0.3814961612224579,True,c12_correct
18,19,19_10.bmp,preprocessed_results\19\19_10.bmp,18,18,18,0.8806928992271423,19,0.016531016677618027,0.8641618825495243,18|19|135|334|58,0.88069290|0.01653102|0.00678860|0.00341854|0.00337703,1,0.8806928992271423,True,18,0.8806928992271423,True,18,0.7634387016296387,True,18,0.840829074382782,True,18,0.7625004649162292,True,c12_correct
19,20,20_8.bmp,preprocessed_results\20\20_8.bmp,19,19,19,0.6618437170982361,18,0.08651597797870636,0.5753277391195297,19|18|223|203|63,0.66184372|0.08651598|0.01329779|0.00602274|0.00436884,1,0.6618437170982361,True,19,0.6618437170982361,True,19,0.6597826480865479,True,19,0.8270338177680969,True,19,0.7015617489814758,True,c12_correct
20,21,21_4.bmp,preprocessed_results\21\21_4.bmp,20,20,20,0.939480185508728,21,0.008377288468182087,0.9311028970405459,20|21|159|290|225,0.93948019|0.00837729|0.00220744|0.00197926|0.00159315,1,0.939480185508728,True,20,0.939480185508728,True,20,0.9255138635635376,True,20,0.8117364048957825,True,20,0.8344922065734863,True,c12_correct
21,22,22_10.bmp,preprocessed_results\22\22_10.bmp,21,21,21,0.8600710034370422,275,0.008324641734361649,0.8517463617026806,21|275|746|92|290,0.86007100|0.00832464|0.00815492|0.00665419|0.00353831,1,0.8600710034370422,True,21,0.8600710034370422,True,21,0.6421736478805542,True,21,0.8118278384208679,True,21,0.617303729057312,True,c12_correct
22,23,23_1.bmp,preprocessed_results\23\23_1.bmp,22,22,22,0.6504408121109009,130,0.019838567823171616,0.6306022442877293,22|130|36|23|429,0.65044081|0.01983857|0.01026905|0.00877121|0.00851292,1,0.6504408121109009,True,22,0.6504408121109009,True,22,0.7866286039352417,True,22,0.8204826712608337,True,22,0.7457966804504395,True,c12_correct
23,24,24_3.bmp,preprocessed_results\24\24_3.bmp,23,23,23,0.8823447823524475,129,0.015587244182825089,0.8667575381696224,23|129|189|171|243,0.88234478|0.01558724|0.00215870|0.00184422|0.00158360,1,0.8823447823524475,True,23,0.8823447823524475,True,23,0.8302608132362366,True,23,0.8364779353141785,True,23,0.8065637350082397,True,c12_correct
24,25,25_6.bmp,preprocessed_results\25\25_6.bmp,24,24,24,0.8627548217773438,94,0.006359716411679983,0.8563951053656638,24|94|88|180|25,0.86275482|0.00635972|0.00460462|0.00309232|0.00282769,1,0.8627548217773438,True,24,0.8627548217773438,True,24,0.7651947140693665,True,24,0.8136984705924988,True,24,0.7999095320701599,True,c12_correct
25,26,26_7.bmp,preprocessed_results\26\26_7.bmp,25,25,25,0.2703946828842163,353,0.021343348547816277,0.24905133433640003,25|353|105|415|254,0.27039468|0.02134335|0.01430533|0.01328983|0.01269259,1,0.2703946828842163,True,25,0.2703946828842163,True,25,0.06464889645576477,True,25,0.7919244766235352,True,25,0.41483059525489807,True,c12_correct
26,27,27_3.bmp,preprocessed_results\27\27_3.bmp,26,26,26,0.8684830069541931,27,0.023167937994003296,0.8453150689601898,26|27|266|153|265,0.86848301|0.02316794|0.00621428|0.00580620|0.00403850,1,0.8684830069541931,True,26,0.8684830069541931,True,26,0.8164071440696716,True,26,0.8006393909454346,True,26,0.7260542511940002,True,c12_correct
27,28,28_10.bmp,preprocessed_results\28\28_10.bmp,27,27,27,0.9185553193092346,26,0.006090277340263128,0.9124650419689715,27|26|266|332|333,0.91855532|0.00609028|0.00256311|0.00196590|0.00142413,1,0.9185553193092346,True,27,0.9185553193092346,True,27,0.7906268835067749,True,27,0.8479205965995789,True,27,0.8497887253761292,True,c12_correct
28,29,29_2.bmp,preprocessed_results\29\29_2.bmp,28,28,28,0.7608127593994141,133,0.016141043975949287,0.7446717154234648,28|133|157|203|189,0.76081276|0.01614104|0.01355008|0.01033563|0.00988697,1,0.7608127593994141,True,28,0.7608127593994141,True,28,0.626236081123352,True,28,0.8167579174041748,True,28,0.6886655688285828,True,c12_correct
29,30,30_1.bmp,preprocessed_results\30\30_1.bmp,29,29,29,0.8694575428962708,28,0.03009103424847126,0.8393665086477995,29|28|303|157|15,0.86945754|0.03009103|0.00512119|0.00243959|0.00188619,1,0.8694575428962708,True,29,0.8694575428962708,True,29,0.5189663171768188,True,29,0.8354495763778687,True,29,0.6698707342147827,True,c12_correct
30,31,31_2.bmp,preprocessed_results\31\31_2.bmp,30,30,30,0.7716528177261353,247,0.015368405729532242,0.756284411996603,30|247|315|31|195,0.77165282|0.01536841|0.00431814|0.00422581|0.00410104,1,0.7716528177261353,True,30,0.7716528177261353,True,30,0.6529351472854614,True,30,0.8002597093582153,True,30,0.6364003419876099,True,c12_correct
31,32,32_1.bmp,preprocessed_results\32\32_1.bmp,31,31,31,0.851752758026123,30,0.017697544768452644,0.8340552132576704,31|30|649|270|648,0.85175276|0.01769754|0.00718761|0.00243170|0.00209267,1,0.851752758026123,True,31,0.851752758026123,True,31,0.7627430558204651,True,31,0.7920277714729309,True,31,0.45891278982162476,True,c12_correct
32,33,33_2.bmp,preprocessed_results\33\33_2.bmp,32,32,32,0.8976348042488098,305,0.009840802289545536,0.8877940019592643,32|305|89|210|317,0.89763480|0.00984080|0.00967668|0.00208804|0.00199871,1,0.8976348042488098,True,32,0.8976348042488098,True,32,0.7682380676269531,True,32,0.821094274520874,True,32,0.7448704242706299,True,c12_correct
33,34,34_9.bmp,preprocessed_results\34\34_9.bmp,33,33,33,0.897723376750946,218,0.012453299947082996,0.885270076803863,33|218|212|52|32,0.89772338|0.01245330|0.00470578|0.00338766|0.00323474,1,0.897723376750946,True,33,0.897723376750946,True,33,0.8822765946388245,True,33,0.848554253578186,True,33,0.8941352367401123,True,c12_correct
34,35,35_5.bmp,preprocessed_results\35\35_5.bmp,34,34,34,0.7228753566741943,137,0.021321915090084076,0.7015534415841103,34|137|136|200|411,0.72287536|0.02132192|0.01868725|0.00976017|0.00869652,1,0.7228753566741943,True,34,0.7228753566741943,True,34,0.7380006313323975,True,34,0.7965006828308105,True,34,0.6176049709320068,True,c12_correct
35,36,36_1.bmp,preprocessed_results\36\36_1.bmp,35,35,35,0.7176421284675598,34,0.009996757842600346,0.7076453706249595,35|34|484|556|502,0.71764213|0.00999676|0.00856481|0.00638656|0.00596261,1,0.7176421284675598,True,35,0.7176421284675598,True,35,0.6518524289131165,True,35,0.8184676766395569,True,35,0.49229666590690613,True,c12_correct
36,37,37_10.bmp,preprocessed_results\37\37_10.bmp,36,36,36,0.49501994252204895,37,0.013691701926290989,0.48132824059575796,36|37|291|818|290,0.49501994|0.01369170|0.01325222|0.00975955|0.00946380,1,0.49501994252204895,True,36,0.49501994252204895,True,36,0.38822150230407715,True,36,0.7999899983406067,True,36,0.727613091468811,True,c12_correct
37,38,38_8.bmp,preprocessed_results\38\38_8.bmp,37,37,37,0.15391965210437775,36,0.049900949001312256,0.10401870310306549,37|36|431|23|243,0.15391965|0.04990095|0.01692708|0.01562079|0.01466711,1,0.15391965210437775,True,37,0.15391965210437775,True,37,0.1673590987920761,True,37,0.7726715803146362,True,37,0.20163676142692566,True,c12_correct
38,39,39_4.bmp,preprocessed_results\39\39_4.bmp,38,38,38,0.25514137744903564,335,0.025883719325065613,0.22925765812397003,38|335|106|216|39,0.25514138|0.02588372|0.02434141|0.01966432|0.01780463,1,0.25514137744903564,True,38,0.25514137744903564,True,38,0.2230079174041748,True,38,0.5822464227676392,True,38,0.25276806950569153,True,c12_correct
39,40,40_4.bmp,preprocessed_results\40\40_4.bmp,39,39,39,0.6981062293052673,72,0.008935695514082909,0.6891705337911844,39|72|61|64|32,0.69810623|0.00893570|0.00677777|0.00612050|0.00400088,1,0.6981062293052673,True,39,0.6981062293052673,True,39,0.224213108420372,True,39,0.803942084312439,True,39,0.5198343992233276,True,c12_correct
40,41,41_2.bmp,preprocessed_results\41\41_2.bmp,40,40,40,0.7178334593772888,125,0.02296716719865799,0.6948662921786308,40|125|41|80|404,0.71783346|0.02296717|0.01679705|0.01665611|0.00566516,1,0.7178334593772888,True,40,0.7178334593772888,True,40,0.24941806495189667,True,40,0.7928423881530762,True,40,0.6868985295295715,True,c12_correct
41,42,42_10.bmp,preprocessed_results\42\42_10.bmp,41,41,41,0.8731639981269836,82,0.002870790660381317,0.8702932074666023,41|82|394|702|354,0.87316400|0.00287079|0.00240121|0.00194668|0.00188116,1,0.8731639981269836,True,41,0.8731639981269836,True,41,0.8734882473945618,True,41,0.8249853849411011,True,41,0.8626769185066223,True,c12_correct
42,43,43_1.bmp,preprocessed_results\43\43_1.bmp,42,42,42,0.7576075196266174,328,0.00781167671084404,0.7497958429157734,42|328|106|172|276,0.75760752|0.00781168|0.00639018|0.00553775|0.00548516,1,0.7576075196266174,True,42,0.7576075196266174,True,42,0.3920891582965851,True,42,0.8104299306869507,True,42,0.7076659798622131,True,c12_correct
43,44,44_10.bmp,preprocessed_results\44\44_10.bmp,43,43,43,0.8136897087097168,339,0.008294249884784222,0.8053954588249326,43|339|276|267|273,0.81368971|0.00829425|0.00416592|0.00301139|0.00278721,1,0.8136897087097168,True,43,0.8136897087097168,True,43,0.4377520680427551,True,43,0.8148924708366394,True,43,0.7492145895957947,True,c12_correct
44,45,45_6.bmp,preprocessed_results\45\45_6.bmp,44,44,44,0.40634503960609436,197,0.017445959150791168,0.3888990804553032,44|197|127|181|45,0.40634504|0.01744596|0.01356974|0.01327536|0.01169233,1,0.40634503960609436,True,44,0.40634503960609436,True,44,0.5076844096183777,True,44,0.748665452003479,True,44,0.5809341073036194,True,c12_correct
45,46,46_10.bmp,preprocessed_results\46\46_10.bmp,45,45,45,0.4744769334793091,44,0.04398740082979202,0.43048953264951706,45|44|32|197|294,0.47447693|0.04398740|0.01675264|0.01623214|0.01492202,1,0.4744769334793091,True,45,0.4744769334793091,True,45,0.3774649202823639,True,45,0.7789205312728882,True,45,0.4231581687927246,True,c12_correct
46,47,47_4.bmp,preprocessed_results\47\47_4.bmp,46,46,46,0.7765249013900757,138,0.005534319672733545,0.7709905817173421,46|138|638|295|411,0.77652490|0.00553432|0.00389305|0.00367901|0.00359466,1,0.7765249013900757,True,46,0.7765249013900757,True,46,0.6877673864364624,True,46,0.8202536106109619,True,46,0.7196124792098999,True,c12_correct
47,48,48_10.bmp,preprocessed_results\48\48_10.bmp,47,47,47,0.5440671443939209,811,0.04196140915155411,0.5021057352423668,47|811|810|568|241,0.54406714|0.04196141|0.01731263|0.01723308|0.01289877,1,0.5440671443939209,True,47,0.5440671443939209,True,47,0.605961263179779,True,47,0.8081603050231934,True,47,0.7619240283966064,True,c12_correct
48,49,49_4.bmp,preprocessed_results\49\49_4.bmp,48,48,48,0.7063504457473755,49,0.04717511311173439,0.6591753326356411,48|49|204|34|213,0.70635045|0.04717511|0.01112875|0.00781596|0.00598537,1,0.7063504457473755,True,48,0.7063504457473755,True,48,0.8156861066818237,True,48,0.8508113026618958,True,48,0.8228476643562317,True,c12_correct
49,50,50_6.bmp,preprocessed_results\50\50_6.bmp,49,49,49,0.7525483965873718,48,0.041603270918130875,0.710945125669241,49|48|334|208|155,0.75254840|0.04160327|0.00825201|0.00489155|0.00413837,1,0.7525483965873718,True,49,0.7525483965873718,True,49,0.4845832586288452,True,49,0.7833954691886902,True,49,0.5612953901290894,True,c12_correct
50,51,51_1.bmp,preprocessed_results\51\51_1.bmp,50,50,50,0.1032743826508522,32,0.025185231119394302,0.0780891515314579,50|32|305|320|78,0.10327438|0.02518523|0.01914966|0.01828625|0.01291594,1,0.1032743826508522,True,50,0.1032743826508522,True,50,0.3544188439846039,True,50,0.7341454029083252,True,50,0.34317246079444885,True,c12_correct
51,52,52_10.bmp,preprocessed_results\52\52_10.bmp,51,51,51,0.8671277761459351,50,0.01901519112288952,0.8481125850230455,51|50|284|716|766,0.86712778|0.01901519|0.00401132|0.00309101|0.00194043,1,0.8671277761459351,True,51,0.8671277761459351,True,51,0.7491098642349243,True,51,0.8387874960899353,True,51,0.7764038443565369,True,c12_correct
52,53,53_8.bmp,preprocessed_results\53\53_8.bmp,52,52,52,0.48471182584762573,53,0.04344690591096878,0.44126491993665695,52|53|33|32|128,0.48471183|0.04344691|0.02010689|0.01810162|0.01439777,1,0.48471182584762573,True,52,0.48471182584762573,True,52,0.5507976412773132,True,52,0.7985531687736511,True,52,0.6830511093139648,True,c12_correct
53,54,54_6.bmp,preprocessed_results\54\54_6.bmp,53,53,53,0.9725531339645386,52,0.005156063474714756,0.9673970704898238,53|52|128|93|312,0.97255313|0.00515606|0.00300271|0.00066964|0.00058917,1,0.9725531339645386,True,53,0.9725531339645386,True,53,0.8920429944992065,True,53,0.8253206610679626,True,53,0.8081114888191223,True,c12_correct
54,55,55_7.bmp,preprocessed_results\55\55_7.bmp,54,54,54,0.8485325574874878,55,0.016752194613218307,0.8317803628742695,54|55|314|546|188,0.84853256|0.01675219|0.00489901|0.00387744|0.00319248,1,0.8485325574874878,True,54,0.8485325574874878,True,54,0.7777950763702393,True,54,0.8272848725318909,True,54,0.7903697490692139,True,c12_correct
55,56,56_10.bmp,preprocessed_results\56\56_10.bmp,55,55,55,0.9509600400924683,107,0.004287809133529663,0.9466722309589386,55|107|213|219|54,0.95096004|0.00428781|0.00172471|0.00124731|0.00123822,1,0.9509600400924683,True,55,0.9509600400924683,True,55,0.8364313244819641,True,55,0.818697452545166,True,55,0.7862163186073303,True,c12_correct
56,57,57_1.bmp,preprocessed_results\57\57_1.bmp,56,56,56,0.6699113249778748,114,0.020993893966078758,0.648917431011796,56|114|833|70|562,0.66991132|0.02099389|0.00967361|0.00887533|0.00651988,1,0.6699113249778748,True,56,0.6699113249778748,True,56,0.18220864236354828,True,56,0.7715623378753662,True,56,0.6962523460388184,True,c12_correct
57,58,58_6.bmp,preprocessed_results\58\58_6.bmp,57,57,57,0.9045261144638062,56,0.00316862715408206,0.9013574873097241,57|56|279|247|832,0.90452611|0.00316863|0.00215219|0.00177660|0.00150707,1,0.9045261144638062,True,57,0.9045261144638062,True,57,0.49123674631118774,True,57,0.8275512456893921,True,57,0.6907556653022766,True,c12_correct
58,59,59_2.bmp,preprocessed_results\59\59_2.bmp,58,58,58,0.7660343647003174,18,0.014229386113584042,0.7518049785867333,58|18|451|59|212,0.76603436|0.01422939|0.00711234|0.00425043|0.00384732,1,0.7660343647003174,True,58,0.7660343647003174,True,58,0.5202440023422241,True,58,0.8225477933883667,True,58,0.7890242338180542,True,c12_correct
59,60,60_7.bmp,preprocessed_results\60\60_7.bmp,59,59,59,0.3707946836948395,190,0.047267887741327286,0.3235267959535122,59|190|271|565|200,0.37079468|0.04726789|0.01527993|0.01060363|0.00928784,1,0.3707946836948395,True,59,0.3707946836948395,True,59,0.5646008253097534,True,59,0.8154273629188538,True,59,0.6202681064605713,True,c12_correct
60,61,61_2.bmp,preprocessed_results\61\61_2.bmp,60,60,60,0.8531895279884338,61,0.0061177657917141914,0.8470717621967196,60|61|94|49|262,0.85318953|0.00611777|0.00533013|0.00403122|0.00371276,1,0.8531895279884338,True,60,0.8531895279884338,True,60,0.7853826880455017,True,60,0.7712644338607788,True,60,0.5907732248306274,True,c12_correct
61,62,62_4.bmp,preprocessed_results\62\62_4.bmp,61,61,61,0.9455270171165466,330,0.0034439912997186184,0.942083025816828,61|330|725|818|60,0.94552702|0.00344399|0.00237397|0.00168612|0.00162830,1,0.9455270171165466,True,61,0.9455270171165466,True,61,0.8814461827278137,True,61,0.798884928226471,True,61,0.8315823078155518,True,c12_correct
62,63,63_8.bmp,preprocessed_results\63\63_8.bmp,62,62,62,0.6609288454055786,188,0.02567644603550434,0.6352523993700743,62|188|63|267|270,0.66092885|0.02567645|0.02049126|0.00756203|0.00650928,1,0.6609288454055786,True,62,0.6609288454055786,True,62,0.476125031709671,True,62,0.8014726638793945,True,62,0.7636124491691589,True,c12_correct
63,64,64_10.bmp,preprocessed_results\64\64_10.bmp,63,63,63,0.7415392994880676,62,0.033413637429475784,0.7081256620585918,63|62|26|19|223,0.74153930|0.03341364|0.00953352|0.00545711|0.00409550,1,0.7415392994880676,True,63,0.7415392994880676,True,63,0.4559694230556488,True,63,0.8451396226882935,True,63,0.8261426687240601,True,c12_correct
64,65,65_6.bmp,preprocessed_results\65\65_6.bmp,64,64,64,0.36047104001045227,65,0.06136050820350647,0.2991105318069458,64|65|317|85|206,0.36047104|0.06136051|0.03414610|0.02155570|0.01477043,1,0.36047104001045227,True,64,0.36047104001045227,True,64,0.5273507237434387,True,64,0.7972436547279358,True,64,0.52939373254776,True,c12_correct
65,66,66_4.bmp,preprocessed_results\66\66_4.bmp,65,65,65,0.8434597849845886,93,0.0220896378159523,0.8213701471686363,65|93|798|1|85,0.84345978|0.02208964|0.00639256|0.00471464|0.00293778,1,0.8434597849845886,True,65,0.8434597849845886,True,65,0.6855688095092773,True,65,0.8091311454772949,True,65,0.740159809589386,True,c12_correct
66,67,67_4.bmp,preprocessed_results\67\67_4.bmp,66,66,66,0.6448365449905396,96,0.016200192272663116,0.6286363527178764,66|96|67|218|250,0.64483654|0.01620019|0.01058740|0.00979036|0.00962769,1,0.6448365449905396,True,66,0.6448365449905396,True,66,0.8472670316696167,True,66,0.7875736951828003,True,66,0.7049486637115479,True,c12_correct
67,68,68_7.bmp,preprocessed_results\68\68_7.bmp,67,67,67,0.697476863861084,440,0.013803847134113312,0.6836730167269707,67|440|494|66|75,0.69747686|0.01380385|0.01048469|0.00761014|0.00607939,1,0.697476863861084,True,67,0.697476863861084,True,67,0.8217620849609375,True,67,0.8229901194572449,True,67,0.7200608253479004,True,c12_correct
68,69,69_2.bmp,preprocessed_results\69\69_2.bmp,68,68,68,0.06657788902521133,315,0.041690483689308167,0.024887405335903168,68|315|83|434|314,0.06657789|0.04169048|0.02656724|0.01366323|0.01162934,1,0.06657788902521133,True,68,0.06657788902521133,True,68,0.026988841593265533,True,68,0.7519341111183167,True,68,0.14163829386234283,True,c12_correct
69,70,70_5.bmp,preprocessed_results\70\70_5.bmp,69,69,69,0.8862305283546448,305,0.013209795579314232,0.8730207327753305,69|305|68|295|75,0.88623053|0.01320980|0.00810303|0.00273567|0.00206760,1,0.8862305283546448,True,69,0.8862305283546448,True,69,0.8746724128723145,True,69,0.8396960496902466,True,69,0.7727867364883423,True,c12_correct
70,71,71_8.bmp,preprocessed_results\71\71_8.bmp,70,70,70,0.8438359498977661,134,0.006841299124062061,0.836994650773704,70|134|276|505|483,0.84383595|0.00684130|0.00638970|0.00511840|0.00486548,1,0.8438359498977661,True,70,0.8438359498977661,True,70,0.7841553092002869,True,70,0.7792479991912842,True,70,0.6955704092979431,True,c12_correct
71,72,72_3.bmp,preprocessed_results\72\72_3.bmp,71,71,71,0.8158780932426453,79,0.004469261970371008,0.8114088312722743,71|79|109|573|304,0.81587809|0.00446926|0.00354496|0.00338283|0.00322852,1,0.8158780932426453,True,71,0.8158780932426453,True,71,0.7174938321113586,True,71,0.8179856538772583,True,71,0.758594810962677,True,c12_correct
72,73,73_7.bmp,preprocessed_results\73\73_7.bmp,72,72,72,0.8700189590454102,39,0.012478935532271862,0.8575400235131383,72|39|103|66|219,0.87001896|0.01247894|0.00425255|0.00331082|0.00298403,1,0.8700189590454102,True,72,0.8700189590454102,True,72,0.8958276510238647,True,72,0.8229001760482788,True,72,0.747757613658905,True,c12_correct
73,74,74_10.bmp,preprocessed_results\74\74_10.bmp,73,73,73,0.9532716274261475,72,0.004326680675148964,0.9489449467509985,73|72|531|832|107,0.95327163|0.00432668|0.00213266|0.00142972|0.00086064,1,0.9532716274261475,True,73,0.9532716274261475,True,73,0.7160604596138,True,73,0.8188269138336182,True,73,0.8023044466972351,True,c12_correct
74,75,75_10.bmp,preprocessed_results\75\75_10.bmp,74,74,74,0.8325759172439575,413,0.004710051231086254,0.8278658660128713,74|413|33|75|386,0.83257592|0.00471005|0.00404743|0.00339505|0.00287295,1,0.8325759172439575,True,74,0.8325759172439575,True,74,0.8527525067329407,True,74,0.8163149356842041,True,74,0.7581993341445923,True,c12_correct
75,76,76_5.bmp,preprocessed_results\76\76_5.bmp,75,75,75,0.12419351190328598,45,0.028664233162999153,0.09552927874028683,75|45|173|91|19,0.12419351|0.02866423|0.02494096|0.02362279|0.02298241,1,0.12419351190328598,True,75,0.12419351190328598,True,75,0.2246255725622177,True,75,0.7689766883850098,True,75,0.4210888147354126,True,c12_correct
76,77,77_7.bmp,preprocessed_results\77\77_7.bmp,76,76,76,0.6664983630180359,165,0.03239035978913307,0.6341080032289028,76|165|211|344|156,0.66649836|0.03239036|0.01217679|0.01131711|0.01042002,1,0.6664983630180359,True,76,0.6664983630180359,True,76,0.8419529795646667,True,76,0.8249607086181641,True,76,0.7500277161598206,True,c12_correct
77,78,78_8.bmp,preprocessed_results\78\78_8.bmp,77,77,77,0.7061050534248352,76,0.04732172563672066,0.6587833277881145,77|76|144|139|199,0.70610505|0.04732173|0.00882917|0.00636767|0.00610644,1,0.7061050534248352,True,77,0.7061050534248352,True,77,0.7245749831199646,True,77,0.8255394101142883,True,77,0.7718297839164734,True,c12_correct
78,79,79_10.bmp,preprocessed_results\79\79_10.bmp,78,78,78,0.9349691867828369,188,0.0030243394430726767,0.9319448473397642,78|188|32|91|79,0.93496919|0.00302434|0.00250542|0.00175970|0.00170598,1,0.9349691867828369,True,78,0.9349691867828369,True,78,0.8185819983482361,True,78,0.8190589547157288,True,78,0.7982648611068726,True,c12_correct
79,80,80_7.bmp,preprocessed_results\80\80_7.bmp,79,79,79,0.8685834407806396,83,0.018352171406149864,0.8502312693744898,79|83|211|54|281,0.86858344|0.01835217|0.01485156|0.00309097|0.00297236,1,0.8685834407806396,True,79,0.8685834407806396,True,79,0.7811741232872009,True,79,0.8437343835830688,True,79,0.7179116606712341,True,c12_correct
80,81,81_9.bmp,preprocessed_results\81\81_9.bmp,80,80,80,0.7947044968605042,396,0.005998566281050444,0.7887059305794537,80|396|362|466|533,0.79470450|0.00599857|0.00521519|0.00497943|0.00448534,1,0.7947044968605042,True,80,0.7947044968605042,True,80,0.8158132433891296,True,80,0.8460924625396729,True,80,0.7770246863365173,True,c12_correct
81,82,82_7.bmp,preprocessed_results\82\82_7.bmp,81,81,81,0.9209660291671753,774,0.004293730948120356,0.9166722982190549,81|774|543|545|123,0.92096603|0.00429373|0.00342867|0.00256341|0.00190821,1,0.9209660291671753,True,81,0.9209660291671753,True,81,0.7951616048812866,True,81,0.8131719827651978,True,81,0.7468585968017578,True,c12_correct
82,83,83_4.bmp,preprocessed_results\83\83_4.bmp,82,82,82,0.7170035243034363,197,0.07991417497396469,0.6370893493294716,82|197|155|57|25,0.71700352|0.07991417|0.00891630|0.00655787|0.00653997,1,0.7170035243034363,True,82,0.7170035243034363,True,82,0.2235851287841797,True,82,0.7997211813926697,True,82,0.4985150098800659,True,c12_correct
83,84,84_6.bmp,preprocessed_results\84\84_6.bmp,83,83,83,0.13246460258960724,82,0.06650671362876892,0.06595788896083832,83|82|41|197|27,0.13246460|0.06650671|0.02800716|0.02056932|0.01375376,1,0.13246460258960724,True,83,0.13246460258960724,True,83,0.36072197556495667,True,83,0.7975923418998718,True,83,0.5456641912460327,True,c12_correct
84,85,85_3.bmp,preprocessed_results\85\85_3.bmp,84,84,84,0.9490369558334351,85,0.007477132603526115,0.9415598232299089,84|85|330|243|104,0.94903696|0.00747713|0.00168502|0.00085173|0.00065808,1,0.9490369558334351,True,84,0.9490369558334351,True,84,0.8762915730476379,True,84,0.8383473753929138,True,84,0.8841228485107422,True,c12_correct
85,86,86_7.bmp,preprocessed_results\86\86_7.bmp,85,85,85,0.2763306498527527,84,0.0610799677670002,0.2152506820857525,85|84|762|250|46,0.27633065|0.06107997|0.01475065|0.01281504|0.01196958,1,0.2763306498527527,True,85,0.2763306498527527,True,85,0.032001130282878876,True,85,0.7507665753364563,True,85,0.21948964893817902,True,c12_correct
86,87,87_4.bmp,preprocessed_results\87\87_4.bmp,86,86,86,0.8595313429832458,87,0.020038988441228867,0.839492354542017,86|87|98|198|552,0.85953134|0.02003899|0.00270805|0.00180234|0.00136977,1,0.8595313429832458,True,86,0.8595313429832458,True,86,0.46734973788261414,True,86,0.7750694751739502,True,86,0.6007105708122253,True,c12_correct
87,88,88_7.bmp,preprocessed_results\88\88_7.bmp,87,87,87,0.7251014709472656,86,0.07275337725877762,0.652348093688488,87|86|198|244|26,0.72510147|0.07275338|0.00914723|0.00864575|0.00384317,1,0.7251014709472656,True,87,0.7251014709472656,True,87,0.7911491990089417,True,87,0.8361907601356506,True,87,0.7942354083061218,True,c12_correct
88,89,89_2.bmp,preprocessed_results\89\89_2.bmp,88,88,88,0.8037658333778381,18,0.014000941067934036,0.7897648923099041,88|18|8|497|156,0.80376583|0.01400094|0.01044761|0.00959295|0.00580847,1,0.8037658333778381,True,88,0.8037658333778381,True,88,0.6978532671928406,True,88,0.80516117811203,True,88,0.6853646636009216,True,c12_correct
89,90,90_10.bmp,preprocessed_results\90\90_10.bmp,89,89,89,0.14384886622428894,171,0.020852239802479744,0.1229966264218092,89|171|83|267|288,0.14384887|0.02085224|0.01713289|0.01409832|0.01401062,1,0.14384886622428894,True,89,0.14384886622428894,True,89,0.3164088726043701,True,89,0.8305042386054993,True,89,0.40172386169433594,True,c12_correct
90,91,91_8.bmp,preprocessed_results\91\91_8.bmp,90,90,90,0.9119880199432373,91,0.010548719204962254,0.901439300738275,90|91|78|347|173,0.91198802|0.01054872|0.00148702|0.00147889|0.00133488,1,0.9119880199432373,True,90,0.9119880199432373,True,90,0.8476839065551758,True,90,0.8359744548797607,True,90,0.7084757685661316,True,c12_correct
91,92,92_9.bmp,preprocessed_results\92\92_9.bmp,91,91,91,0.7361910939216614,90,0.051365017890930176,0.6848260760307312,91|90|254|496|78,0.73619109|0.05136502|0.00932337|0.00737820|0.00654465,1,0.7361910939216614,True,91,0.7361910939216614,True,91,0.7135505676269531,True,91,0.8198827505111694,True,91,0.7364636063575745,True,c12_correct
92,93,93_4.bmp,preprocessed_results\93\93_4.bmp,92,92,92,0.6905696988105774,158,0.00985745433717966,0.6807122444733977,92|158|321|151|93,0.69056970|0.00985745|0.00921743|0.00655682|0.00585239,1,0.6905696988105774,True,92,0.6905696988105774,True,92,0.8777135610580444,True,92,0.8404753804206848,True,92,0.7434505224227905,True,c12_correct
93,94,94_6.bmp,preprocessed_results\94\94_6.bmp,93,93,93,0.677257239818573,92,0.04836810380220413,0.6288891360163689,93|92|187|151|309,0.67725724|0.04836810|0.02292047|0.00756226|0.00480365,1,0.677257239818573,True,93,0.677257239818573,True,93,0.57289719581604,True,93,0.826086699962616,True,93,0.8152825236320496,True,c12_correct
94,95,95_7.bmp,preprocessed_results\95\95_7.bmp,94,94,94,0.9168917536735535,413,0.003705683397129178,0.9131860702764243,94|413|18|24|203,0.91689175|0.00370568|0.00336121|0.00328904|0.00308916,1,0.9168917536735535,True,94,0.9168917536735535,True,94,0.8332896828651428,True,94,0.8332309126853943,True,94,0.7720972895622253,True,c12_correct
95,96,96_8.bmp,preprocessed_results\96\96_8.bmp,95,95,95,0.9012731313705444,134,0.004790881648659706,0.8964822497218847,95|134|382|178|50,0.90127313|0.00479088|0.00331823|0.00236243|0.00166526,1,0.9012731313705444,True,95,0.9012731313705444,True,95,0.7778681516647339,True,95,0.7915501594543457,True,95,0.7649679780006409,True,c12_correct
96,97,97_9.bmp,preprocessed_results\97\97_9.bmp,96,96,96,0.35675758123397827,250,0.016643229871988297,0.34011435136199,96|250|7|206|131,0.35675758|0.01664323|0.01423387|0.00954675|0.00935496,1,0.35675758123397827,True,96,0.35675758123397827,True,96,0.09452249109745026,True,96,0.7569231390953064,True,96,0.6545661091804504,True,c12_correct
97,98,98_7.bmp,preprocessed_results\98\98_7.bmp,97,97,97,0.7338080406188965,157,0.006813046056777239,0.7269949945621192,97|157|1|28|96,0.73380804|0.00681305|0.00485457|0.00429403|0.00398131,1,0.7338080406188965,True,97,0.7338080406188965,True,97,0.34083837270736694,True,97,0.7955737113952637,True,97,0.581470787525177,True,c12_correct
98,99,99_3.bmp,preprocessed_results\99\99_3.bmp,98,98,98,0.8129509687423706,66,0.009162220172584057,0.8037887485697865,98|66|250|139|332,0.81295097|0.00916222|0.00459495|0.00428207|0.00244738,1,0.8129509687423706,True,98,0.8129509687423706,True,98,0.8331804275512695,True,98,0.8251369595527649,True,98,0.8091744780540466,True,c12_correct
99,100,100_4.bmp,preprocessed_results\100\100_4.bmp,99,99,99,0.8823525905609131,279,0.0035108334850519896,0.8788417570758611,99|279|163|661|269,0.88235259|0.00351083|0.00325460|0.00248752|0.00145179,1,0.8823525905609131,True,99,0.8823525905609131,True,99,0.8797392249107361,True,99,0.8287761807441711,True,99,0.6222241520881653,True,c12_correct
100,101,101_5.bmp,preprocessed_results\101\101_5.bmp,100,100,100,0.8051995635032654,101,0.008260342292487621,0.7969392212107778,100|101|486|4|262,0.80519956|0.00826034|0.00315027|0.00305911|0.00294180,1,0.8051995635032654,True,100,0.8051995635032654,True,100,0.3956323564052582,True,100,0.7405723333358765,True,100,0.7262161374092102,True,c12_correct
101,102,102_4.bmp,preprocessed_results\102\102_4.bmp,101,101,101,0.9545893669128418,325,0.002009714487940073,0.9525796524249017,101|325|100|107|49,0.95458937|0.00200971|0.00074905|0.00074397|0.00064070,1,0.9545893669128418,True,101,0.9545893669128418,True,101,0.902595579624176,True,101,0.8511186242103577,True,101,0.7943485975265503,True,c12_correct
102,103,103_6.bmp,preprocessed_results\103\103_6.bmp,102,102,102,0.5618624091148376,801,0.017330441623926163,0.5445319674909115,102|801|103|42|218,0.56186241|0.01733044|0.01644166|0.01153011|0.01032337,1,0.5618624091148376,True,102,0.5618624091148376,True,102,0.6483811140060425,True,102,0.7950174808502197,True,102,0.4758383333683014,True,c12_correct
103,104,104_8.bmp,preprocessed_results\104\104_8.bmp,103,103,103,0.6170750260353088,102,0.10983186960220337,0.5072431564331055,103|102|373|605|599,0.61707503|0.10983187|0.00896938|0.00575443|0.00464159,1,0.6170750260353088,True,103,0.6170750260353088,True,103,0.14023493230342865,True,103,0.7945865988731384,True,103,0.48975270986557007,True,c12_correct
104,105,105_4.bmp,preprocessed_results\105\105_4.bmp,104,104,104,0.7743268013000488,50,0.04201965406537056,0.7323071472346783,104|50|771|391|130,0.77432680|0.04201965|0.01162894|0.00334556|0.00322774,1,0.7743268013000488,True,104,0.7743268013000488,True,104,0.66318678855896,True,104,0.7871723175048828,True,104,0.5598569512367249,True,c12_correct
105,106,106_4.bmp,preprocessed_results\106\106_4.bmp,105,105,105,0.6369592547416687,104,0.013742576353251934,0.6232166783884168,105|104|154|262|168,0.63695925|0.01374258|0.01150398|0.00729306|0.00709216,1,0.6369592547416687,True,105,0.6369592547416687,True,105,0.7331260442733765,True,105,0.8437362313270569,True,105,0.7526111006736755,True,c12_correct
106,107,107_10.bmp,preprocessed_results\107\107_10.bmp,106,106,106,0.6763491630554199,56,0.010490921325981617,0.6658582417294383,106|56|10|42|328,0.67634916|0.01049092|0.00772818|0.00750856|0.00664319,1,0.6763491630554199,True,106,0.6763491630554199,True,106,0.5406783819198608,True,106,0.7941035628318787,True,106,0.4922419488430023,True,c12_correct
107,108,108_7.bmp,preprocessed_results\108\108_7.bmp,107,107,107,0.9411051869392395,55,0.0017911545000970364,0.9393140324391425,107|55|279|192|366,0.94110519|0.00179115|0.00165181|0.00153628|0.00127839,1,0.9411051869392395,True,107,0.9411051869392395,True,107,0.8775529861450195,True,107,0.8353186249732971,True,107,0.7888235449790955,True,c12_correct
108,109,109_10.bmp,preprocessed_results\109\109_10.bmp,108,108,108,0.9137985110282898,109,0.020457938313484192,0.8933405727148056,108|109|817|330|112,0.91379851|0.02045794|0.00218901|0.00211620|0.00193593,1,0.9137985110282898,True,108,0.9137985110282898,True,108,0.8457583785057068,True,108,0.8356016874313354,True,108,0.8565263748168945,True,c12_correct
109,110,110_9.bmp,preprocessed_results\110\110_9.bmp,109,109,109,0.7459664940834045,773,0.007301563862711191,0.7386649302206933,109|773|108|605|63,0.74596649|0.00730156|0.00716432|0.00577546|0.00360039,1,0.7459664940834045,True,109,0.7459664940834045,True,109,0.827057421207428,True,109,0.8375621438026428,True,109,0.7923041582107544,True,c12_correct
110,111,111_7.bmp,preprocessed_results\111\111_7.bmp,110,110,110,0.9081689119338989,111,0.006254838313907385,0.9019140736199915,110|111|46|189|728,0.90816891|0.00625484|0.00262818|0.00189252|0.00168517,1,0.9081689119338989,True,110,0.9081689119338989,True,110,0.8151899576187134,True,110,0.8302757740020752,True,110,0.7916369438171387,True,c12_correct
111,112,112_1.bmp,preprocessed_results\112\112_1.bmp,111,111,111,0.8779332041740417,110,0.007538956589996815,0.8703942475840449,111|110|787|161|622,0.87793320|0.00753896|0.00462089|0.00362424|0.00276178,1,0.8779332041740417,True,111,0.8779332041740417,True,111,0.7532030344009399,True,111,0.832529604434967,True,111,0.8635942339897156,True,c12_correct
112,113,113_2.bmp,preprocessed_results\113\113_2.bmp,112,112,112,0.8939962387084961,113,0.0166744664311409,0.8773217722773552,112|113|118|795|105,0.89399624|0.01667447|0.00261776|0.00152081|0.00147879,1,0.8939962387084961,True,112,0.8939962387084961,True,112,0.8074002861976624,True,112,0.8285282254219055,True,112,0.789537250995636,True,c12_correct
113,114,114_1.bmp,preprocessed_results\114\114_1.bmp,113,113,113,0.8663327097892761,112,0.06528370827436447,0.8010490015149117,113|112|41|209|118,0.86633271|0.06528371|0.00348400|0.00309716|0.00248892,1,0.8663327097892761,True,113,0.8663327097892761,True,113,0.8869433403015137,True,113,0.8477755784988403,True,113,0.8546180129051208,True,c12_correct
114,115,115_5.bmp,preprocessed_results\115\115_5.bmp,114,114,114,0.8856436610221863,294,0.006630956660956144,0.8790127043612301,114|294|115|247|144,0.88564366|0.00663096|0.00439573|0.00418691|0.00232747,1,0.8856436610221863,True,114,0.8856436610221863,True,114,0.858517050743103,True,114,0.8238390684127808,True,114,0.7999060750007629,True,c12_correct
115,116,116_8.bmp,preprocessed_results\116\116_8.bmp,115,115,115,0.6770205497741699,114,0.028169365599751472,0.6488511841744184,115|114|77|699|142,0.67702055|0.02816937|0.00812500|0.00658218|0.00579213,1,0.6770205497741699,True,115,0.6770205497741699,True,115,0.8030570149421692,True,115,0.823432981967926,True,115,0.8693581223487854,True,c12_correct
116,117,117_6.bmp,preprocessed_results\117\117_6.bmp,116,116,116,0.7850070595741272,117,0.07823885977268219,0.706768199801445,116|117|282|152|832,0.78500706|0.07823886|0.00438979|0.00341852|0.00291761,1,0.7850070595741272,True,116,0.7850070595741272,True,116,0.5297648310661316,True,116,0.8277447819709778,True,116,0.5974102020263672,True,c12_correct
117,118,118_1.bmp,preprocessed_results\118\118_1.bmp,117,117,117,0.4283372461795807,116,0.02780124358832836,0.4005360025912523,117|116|221|143|665,0.42833725|0.02780124|0.02618703|0.01665537|0.01490166,1,0.4283372461795807,True,117,0.4283372461795807,True,117,0.19313696026802063,True,117,0.768704891204834,True,117,0.4743545949459076,True,c12_correct
118,119,119_9.bmp,preprocessed_results\119\119_9.bmp,118,118,118,0.5939657688140869,288,0.034323643893003464,0.5596421249210835,118|288|36|137|128,0.59396577|0.03432364|0.01439411|0.01126633|0.01021298,1,0.5939657688140869,True,118,0.5939657688140869,True,118,0.6040449738502502,True,118,0.7981835603713989,True,118,0.6394839882850647,True,c12_correct
119,120,120_7.bmp,preprocessed_results\120\120_7.bmp,119,119,119,0.7792990803718567,288,0.01327925082296133,0.7660198295488954,119|288|118|62|217,0.77929908|0.01327925|0.00805590|0.00714544|0.00446361,1,0.7792990803718567,True,119,0.7792990803718567,True,119,0.4365595579147339,True,119,0.8015689849853516,True,119,0.6659476161003113,True,c12_correct
120,121,121_7.bmp,preprocessed_results\121\121_7.bmp,120,120,120,0.7314590811729431,274,0.009363831952214241,0.7220952492207289,120|274|533|121|151,0.73145908|0.00936383|0.00533543|0.00488386|0.00380064,1,0.7314590811729431,True,120,0.7314590811729431,True,120,0.24567803740501404,True,120,0.8141081929206848,True,120,0.5666559338569641,True,c12_correct
121,122,122_4.bmp,preprocessed_results\122\122_4.bmp,121,121,121,0.8678413033485413,120,0.004386225249618292,0.863455078098923,121|120|40|711|26,0.86784130|0.00438623|0.00405091|0.00255883|0.00194783,1,0.8678413033485413,True,121,0.8678413033485413,True,121,0.8331889510154724,True,121,0.8172509074211121,True,121,0.7588832974433899,True,c12_correct
122,123,123_9.bmp,preprocessed_results\123\123_9.bmp,122,122,122,0.9131485223770142,123,0.009995144791901112,0.903153377585113,122|123|180|214|223,0.91314852|0.00999514|0.00374833|0.00122661|0.00122409,1,0.9131485223770142,True,122,0.9131485223770142,True,122,0.871587336063385,True,122,0.8455568552017212,True,122,0.872175395488739,True,c12_correct
123,124,124_9.bmp,preprocessed_results\124\124_9.bmp,123,123,123,0.8126757144927979,250,0.00793648324906826,0.8047392312437296,123|250|263|207|96,0.81267571|0.00793648|0.00448354|0.00385311|0.00317375,1,0.8126757144927979,True,123,0.8126757144927979,True,123,0.8018882274627686,True,123,0.8397006392478943,True,123,0.80231773853302,True,c12_correct
124,125,125_9.bmp,preprocessed_results\125\125_9.bmp,124,124,124,0.48932623863220215,125,0.04167262092232704,0.4476536177098751,124|125|231|185|82,0.48932624|0.04167262|0.01937681|0.01463181|0.01403558,1,0.48932623863220215,True,124,0.48932623863220215,True,124,0.5464208126068115,True,124,0.7816704511642456,True,124,0.5780638456344604,True,c12_correct
125,126,126_9.bmp,preprocessed_results\126\126_9.bmp,125,125,125,0.9177436232566833,124,0.01633581332862377,0.9014078099280596,125|124|247|229|231,0.91774362|0.01633581|0.00240377|0.00183865|0.00150658,1,0.9177436232566833,True,125,0.9177436232566833,True,125,0.6981365084648132,True,125,0.8288835883140564,True,125,0.7750445008277893,True,c12_correct
126,127,127_2.bmp,preprocessed_results\127\127_2.bmp,126,126,126,0.7141810059547424,246,0.021684570237994194,0.6924964357167482,126|246|247|328|216,0.71418101|0.02168457|0.02008642|0.01183822|0.00550478,1,0.7141810059547424,True,126,0.7141810059547424,True,126,0.8147421479225159,True,126,0.8071259260177612,True,126,0.8581547737121582,True,c12_correct
127,128,128_4.bmp,preprocessed_results\128\128_4.bmp,127,127,127,0.8992473483085632,145,0.005986166652292013,0.8932611816562712,127|145|652|294|126,0.89924735|0.00598617|0.00132234|0.00121312|0.00119593,1,0.8992473483085632,True,127,0.8992473483085632,True,127,0.8600190877914429,True,127,0.801263689994812,True,127,0.7618902325630188,True,c12_correct
128,129,129_8.bmp,preprocessed_results\129\129_8.bmp,128,128,128,0.9681829214096069,52,0.0024913176894187927,0.9656916037201881,128|52|53|253|217,0.96818292|0.00249132|0.00209804|0.00076333|0.00061472,1,0.9681829214096069,True,128,0.9681829214096069,True,128,0.9176016449928284,True,128,0.8296204805374146,True,128,0.8694758415222168,True,c12_correct
129,130,130_7.bmp,preprocessed_results\130\130_7.bmp,129,129,129,0.6680905222892761,209,0.012323293834924698,0.6557672284543514,129|209|128|778|243,0.66809052|0.01232329|0.00919021|0.00857041|0.00823622,1,0.6680905222892761,True,129,0.6680905222892761,True,129,0.5872846841812134,True,129,0.8207898139953613,True,129,0.7634854912757874,True,c12_correct
130,131,131_7.bmp,preprocessed_results\131\131_7.bmp,130,130,130,0.8091607689857483,104,0.011207802221179008,0.7979529667645693,130|104|131|735|22,0.80916077|0.01120780|0.00718689|0.00549127|0.00468504,1,0.8091607689857483,True,130,0.8091607689857483,True,130,0.7277887463569641,True,130,0.8364720940589905,True,130,0.7359280586242676,True,c12_correct
131,132,132_6.bmp,preprocessed_results\132\132_6.bmp,131,131,131,0.9578331708908081,130,0.002483793767169118,0.955349377123639,131|130|48|281|22,0.95783317|0.00248379|0.00137704|0.00115441|0.00067742,1,0.9578331708908081,True,131,0.9578331708908081,True,131,0.8703324794769287,True,131,0.8311718106269836,True,131,0.8959197998046875,True,c12_correct
132,133,133_3.bmp,preprocessed_results\133\133_3.bmp,132,132,132,0.9017688035964966,133,0.0038530912715941668,0.8979157123249024,132|133|12|207|383,0.90176880|0.00385309|0.00334942|0.00288272|0.00218848,1,0.9017688035964966,True,132,0.9017688035964966,True,132,0.868712842464447,True,132,0.8296734094619751,True,132,0.8229104280471802,True,c12_correct
133,134,134_6.bmp,preprocessed_results\134\134_6.bmp,133,133,133,0.8012572526931763,132,0.01803508587181568,0.7832221668213606,133|132|715|157|304,0.80125725|0.01803509|0.00433732|0.00336722|0.00293074,1,0.8012572526931763,True,133,0.8012572526931763,True,133,0.7530146837234497,True,133,0.8402273654937744,True,133,0.7523941993713379,True,c12_correct
134,135,135_3.bmp,preprocessed_results\135\135_3.bmp,134,134,134,0.5562589764595032,479,0.036746472120285034,0.5195125043392181,134|479|548|114|483,0.55625898|0.03674647|0.02063239|0.01018138|0.00709216,1,0.5562589764595032,True,134,0.5562589764595032,True,134,0.20827709138393402,True,134,0.7575277090072632,True,134,0.4385334551334381,True,c12_correct
135,136,136_1.bmp,preprocessed_results\136\136_1.bmp,135,135,135,0.913929283618927,264,0.002489362610504031,0.911439921008423,135|264|208|75|28,0.91392928|0.00248936|0.00224725|0.00169804|0.00149285,1,0.913929283618927,True,135,0.913929283618927,True,135,0.6060073375701904,True,135,0.7870514988899231,True,135,0.4044603407382965,True,c12_correct
136,137,137_9.bmp,preprocessed_results\137\137_9.bmp,136,136,136,0.6461437940597534,137,0.021735267713665962,0.6244085263460875,136|137|16|177|238,0.64614379|0.02173527|0.02145041|0.01026139|0.00867466,1,0.6461437940597534,True,136,0.6461437940597534,True,136,0.4424760639667511,True,136,0.8150215744972229,True,136,0.6663075685501099,True,c12_correct
137,138,138_10.bmp,preprocessed_results\138\138_10.bmp,137,137,137,0.9231847524642944,136,0.014115097932517529,0.9090696545317769,137|136|521|34|216,0.92318475|0.01411510|0.00148079|0.00137905|0.00135053,1,0.9231847524642944,True,137,0.9231847524642944,True,137,0.6915363669395447,True,137,0.8016167283058167,True,137,0.7315720319747925,True,c12_correct
138,139,139_4.bmp,preprocessed_results\139\139_4.bmp,138,138,138,0.8119582533836365,190,0.00546670239418745,0.806491550989449,138|190|560|409|819,0.81195825|0.00546670|0.00470634|0.00354770|0.00335767,1,0.8119582533836365,True,138,0.8119582533836365,True,138,0.6187554001808167,True,138,0.8126793503761292,True,138,0.7880300879478455,True,c12_correct
139,140,140_2.bmp,preprocessed_results\140\140_2.bmp,139,139,139,0.3606409728527069,268,0.019858459010720253,0.34078251384198666,139|268|434|780|69,0.36064097|0.01985846|0.01886974|0.01777166|0.01525021,1,0.3606409728527069,True,139,0.3606409728527069,True,139,0.6756494641304016,True,139,0.8272345066070557,True,139,0.6089816689491272,True,c12_correct
140,141,141_4.bmp,preprocessed_results\141\141_4.bmp,140,140,140,0.09681277722120285,315,0.047892436385154724,0.048920340836048126,140|315|141|494|564,0.09681278|0.04789244|0.03398951|0.02967315|0.02935485,1,0.09681277722120285,True,140,0.09681277722120285,True,141,0.022094620391726494,False,140,0.7283158302307129,True,140,0.06530822813510895,True,c12_correct
141,142,142_7.bmp,preprocessed_results\142\142_7.bmp,141,141,141,0.7928024530410767,299,0.028490755707025528,0.7643116973340511,141|299|140|155|154,0.79280245|0.02849076|0.00606753|0.00594915|0.00465012,1,0.7928024530410767,True,141,0.7928024530410767,True,141,0.8705301880836487,True,141,0.7959815859794617,True,141,0.6441239714622498,True,c12_correct
142,143,143_9.bmp,preprocessed_results\143\143_9.bmp,142,142,142,0.9677585959434509,333,0.0013227286981418729,0.966435867245309,142|333|271|272|691,0.96775860|0.00132273|0.00101765|0.00079028|0.00068737,1,0.9677585959434509,True,142,0.9677585959434509,True,142,0.8433498740196228,True,142,0.8188344836235046,True,142,0.8558642268180847,True,c12_correct
143,144,144_6.bmp,preprocessed_results\144\144_6.bmp,143,143,143,0.7581901550292969,564,0.014319092966616154,0.7438710620626807,143|564|273|270|339,0.75819016|0.01431909|0.00871577|0.00830155|0.00649142,1,0.7581901550292969,True,143,0.7581901550292969,True,143,0.6582048535346985,True,143,0.8093852400779724,True,143,0.750218391418457,True,c12_correct
144,145,145_10.bmp,preprocessed_results\145\145_10.bmp,144,144,144,0.8683395385742188,145,0.026864420622587204,0.8414751179516315,144|145|539|814|455,0.86833954|0.02686442|0.00419476|0.00418233|0.00252708,1,0.8683395385742188,True,144,0.8683395385742188,True,144,0.7101138234138489,True,144,0.819853663444519,True,144,0.7676721811294556,True,c12_correct
145,146,146_7.bmp,preprocessed_results\146\146_7.bmp,145,145,145,0.9414427280426025,144,0.005797129590064287,0.9356455984525383,145|144|476|102|378,0.94144273|0.00579713|0.00178797|0.00169306|0.00148487,1,0.9414427280426025,True,145,0.9414427280426025,True,145,0.9326630234718323,True,145,0.8330891728401184,True,145,0.8091732263565063,True,c12_correct
146,147,147_3.bmp,preprocessed_results\147\147_3.bmp,146,146,146,0.9466800093650818,314,0.001327194506302476,0.9453528148587793,146|314|580|252|86,0.94668001|0.00132719|0.00107791|0.00105569|0.00088280,1,0.9466800093650818,True,146,0.9466800093650818,True,146,0.8832305669784546,True,146,0.8268202543258667,True,146,0.8632963299751282,True,c12_correct
147,148,148_5.bmp,preprocessed_results\148\148_5.bmp,147,147,147,0.8453214168548584,79,0.005567606072872877,0.8397538107819855,147|79|89|83|255,0.84532142|0.00556761|0.00449300|0.00420393|0.00296565,1,0.8453214168548584,True,147,0.8453214168548584,True,147,0.7279912829399109,True,147,0.8391075134277344,True,147,0.6580083966255188,True,c12_correct
148,149,149_10.bmp,preprocessed_results\149\149_10.bmp,148,148,148,0.9226207137107849,149,0.004462033975869417,0.9181586797349155,148|149|534|178|281,0.92262071|0.00446203|0.00419621|0.00211556|0.00175098,1,0.9226207137107849,True,148,0.9226207137107849,True,148,0.8899001479148865,True,148,0.8064243197441101,True,148,0.8157286047935486,True,c12_correct
149,150,150_9.bmp,preprocessed_results\150\150_9.bmp,149,149,149,0.6511242389678955,148,0.015466168522834778,0.6356580704450607,149|148|534|435|716,0.65112424|0.01546617|0.01201922|0.00962899|0.00729118,1,0.6511242389678955,True,149,0.6511242389678955,True,149,0.8110630512237549,True,149,0.8185693621635437,True,149,0.7895731925964355,True,c12_correct
150,151,151_1.bmp,preprocessed_results\151\151_1.bmp,150,150,150,0.9696193933486938,151,0.0020672560203820467,0.9675521373283118,150|151|449|468|317,0.96961939|0.00206726|0.00048454|0.00039290|0.00032271,1,0.9696193933486938,True,150,0.9696193933486938,True,150,0.8370028138160706,True,150,0.8262868523597717,True,150,0.8613103628158569,True,c12_correct
151,152,152_3.bmp,preprocessed_results\152\152_3.bmp,151,151,151,0.9410603046417236,150,0.00744796684011817,0.9336123378016055,151|150|76|86|120,0.94106030|0.00744797|0.00161127|0.00101325|0.00095105,1,0.9410603046417236,True,151,0.9410603046417236,True,151,0.8621994853019714,True,151,0.8132287263870239,True,151,0.8697288036346436,True,c12_correct
152,153,153_6.bmp,preprocessed_results\153\153_6.bmp,152,152,152,0.9236612915992737,153,0.010161708109080791,0.9134995834901929,152|153|26|38|552,0.92366129|0.01016171|0.00360805|0.00198809|0.00131425,1,0.9236612915992737,True,152,0.9236612915992737,True,152,0.8363532423973083,True,152,0.8279730081558228,True,152,0.7846482992172241,True,c12_correct
153,154,154_4.bmp,preprocessed_results\154\154_4.bmp,153,153,153,0.9215908050537109,152,0.007982349954545498,0.9136084550991654,153|152|265|26|120,0.92159081|0.00798235|0.00245197|0.00193155|0.00102221,1,0.9215908050537109,True,153,0.9215908050537109,True,153,0.8115285038948059,True,153,0.8511444926261902,True,153,0.7809192538261414,True,c12_correct
154,155,155_1.bmp,preprocessed_results\155\155_1.bmp,154,154,154,0.7893965840339661,155,0.041820090264081955,0.7475764937698841,154|155|335|434|414,0.78939658|0.04182009|0.01175170|0.01044795|0.00924962,1,0.7893965840339661,True,154,0.7893965840339661,True,154,0.6563773155212402,True,154,0.7553694248199463,True,154,0.3994339406490326,True,c12_correct
155,156,156_4.bmp,preprocessed_results\156\156_4.bmp,155,155,155,0.8509589433670044,115,0.00717972731217742,0.843779216054827,155|115|55|663|459,0.85095894|0.00717973|0.00471639|0.00333896|0.00209471,1,0.8509589433670044,True,155,0.8509589433670044,True,155,0.835520327091217,True,155,0.8193793892860413,True,155,0.7775201201438904,True,c12_correct
156,157,157_4.bmp,preprocessed_results\157\157_4.bmp,156,156,156,0.9633309841156006,176,0.002108954591676593,0.961222029523924,156|176|227|71|6,0.96333098|0.00210895|0.00133460|0.00088118|0.00073190,1,0.9633309841156006,True,156,0.9633309841156006,True,156,0.8068952560424805,True,156,0.8478406071662903,True,156,0.8637118339538574,True,c12_correct
157,158,158_8.bmp,preprocessed_results\158\158_8.bmp,157,157,157,0.5658396482467651,79,0.007999397814273834,0.5578402504324913,157|79|135|388|60,0.56583965|0.00799940|0.00750075|0.00703556|0.00625928,1,0.5658396482467651,True,157,0.5658396482467651,True,157,0.6611343026161194,True,157,0.8001556992530823,True,157,0.7132526636123657,True,c12_correct
158,159,159_1.bmp,preprocessed_results\159\159_1.bmp,158,158,158,0.5248375535011292,92,0.0906146839261055,0.43422286957502365,158|92|187|119|186,0.52483755|0.09061468|0.04298735|0.01425511|0.01348755,1,0.5248375535011292,True,158,0.5248375535011292,True,158,0.7010530829429626,True,158,0.8117755055427551,True,158,0.7012854814529419,True,c12_correct
159,160,160_2.bmp,preprocessed_results\160\160_2.bmp,159,159,159,0.8864588737487793,225,0.0060459948144853115,0.880412878934294,159|225|158|87|190,0.88645887|0.00604599|0.00449405|0.00267296|0.00226924,1,0.8864588737487793,True,159,0.8864588737487793,True,159,0.6661088466644287,True,159,0.8215495944023132,True,159,0.7436680197715759,True,c12_correct
160,161,161_2.bmp,preprocessed_results\161\161_2.bmp,160,160,160,0.9017196893692017,242,0.006979860831052065,0.8947398285381496,160|242|182|532|165,0.90171969|0.00697986|0.00352592|0.00312054|0.00283588,1,0.9017196893692017,True,160,0.9017196893692017,True,160,0.8526556491851807,True,160,0.8050232529640198,True,160,0.820405125617981,True,c12_correct
161,162,162_1.bmp,preprocessed_results\162\162_1.bmp,161,161,161,0.8863946199417114,127,0.002587182680144906,0.8838074372615665,161|127|458|788|534,0.88639462|0.00258718|0.00251281|0.00249741|0.00224498,1,0.8863946199417114,True,161,0.8863946199417114,True,161,0.797141969203949,True,161,0.8428506851196289,True,161,0.7490168809890747,True,c12_correct
162,163,163_6.bmp,preprocessed_results\163\163_6.bmp,162,162,162,0.9492278099060059,795,0.0014479358214884996,0.9477798740845174,162|795|15|266|775,0.94922781|0.00144794|0.00124085|0.00096147|0.00080778,1,0.9492278099060059,True,162,0.9492278099060059,True,162,0.9035300612449646,True,162,0.8371347188949585,True,162,0.8153663277626038,True,c12_correct
163,164,164_5.bmp,preprocessed_results\164\164_5.bmp,163,163,163,0.8984190821647644,115,0.0048812455497682095,0.8935378366149962,163|115|99|279|701,0.89841908|0.00488125|0.00331954|0.00190197|0.00184975,1,0.8984190821647644,True,163,0.8984190821647644,True,163,0.8881769180297852,True,163,0.8575111627578735,True,163,0.7255865335464478,True,c12_correct
164,165,165_8.bmp,preprocessed_results\165\165_8.bmp,164,164,164,0.8927998542785645,469,0.0040870304219424725,0.888712823856622,164|469|544|350|156,0.89279985|0.00408703|0.00243663|0.00210098|0.00205354,1,0.8927998542785645,True,164,0.8927998542785645,True,164,0.7812374830245972,True,164,0.8020152449607849,True,164,0.8257097005844116,True,c12_correct
165,166,166_10.bmp,preprocessed_results\166\166_10.bmp,165,165,165,0.852792501449585,164,0.005350301507860422,0.8474421999417245,165|164|170|798|182,0.85279250|0.00535030|0.00343841|0.00338792|0.00258600,1,0.852792501449585,True,165,0.852792501449585,True,165,0.5112488865852356,True,165,0.8095921874046326,True,165,0.603300154209137,True,c12_correct
166,167,167_3.bmp,preprocessed_results\167\167_3.bmp,166,166,166,0.8802017569541931,114,0.0026810874696820974,0.877520669484511,166|114|195|18|134,0.88020176|0.00268109|0.00257197|0.00226311|0.00204049,1,0.8802017569541931,True,166,0.8802017569541931,True,166,0.8218576908111572,True,166,0.8294761776924133,True,166,0.8195942044258118,True,c12_correct
167,168,168_2.bmp,preprocessed_results\168\168_2.bmp,167,167,167,0.9491702318191528,62,0.003505951724946499,0.9456642800942063,167|62|7|231|339,0.94917023|0.00350595|0.00165455|0.00140990|0.00103709,1,0.9491702318191528,True,167,0.9491702318191528,True,167,0.8021335005760193,True,167,0.7979095578193665,True,167,0.8171961307525635,True,c12_correct
168,169,169_5.bmp,preprocessed_results\169\169_5.bmp,168,168,168,0.8242639303207397,20,0.02400972694158554,0.8002542033791542,168|20|290|159|104,0.82426393|0.02400973|0.01664084|0.01181101|0.00398660,1,0.8242639303207397,True,168,0.8242639303207397,True,168,0.7974244952201843,True,168,0.8168457746505737,True,168,0.7132217884063721,True,c12_correct
169,170,170_5.bmp,preprocessed_results\170\170_5.bmp,169,169,169,0.8650164604187012,147,0.004194164648652077,0.8608222957700491,169|147|263|252|289,0.86501646|0.00419416|0.00340580|0.00305656|0.00273231,1,0.8650164604187012,True,169,0.8650164604187012,True,169,0.8553663492202759,True,169,0.8771561980247498,True,169,0.8854435682296753,True,c12_correct
170,171,171_4.bmp,preprocessed_results\171\171_4.bmp,170,170,170,0.9142923951148987,171,0.0057655503042042255,0.9085268448106945,170|171|4|165|13,0.91429240|0.00576555|0.00330259|0.00194196|0.00152633,1,0.9142923951148987,True,170,0.9142923951148987,True,170,0.7291039824485779,True,170,0.8119744062423706,True,170,0.858112633228302,True,c12_correct
171,172,172_7.bmp,preprocessed_results\172\172_7.bmp,171,171,171,0.7902703881263733,5,0.1436372846364975,0.6466331034898758,171|5|170|431|735,0.79027039|0.14363728|0.00149436|0.00147153|0.00121774,1,0.7902703881263733,True,171,0.7902703881263733,True,171,0.8306266069412231,True,171,0.8253284096717834,True,171,0.8125949501991272,True,c12_correct
172,173,173_10.bmp,preprocessed_results\173\173_10.bmp,172,172,172,0.9509862661361694,173,0.0022604430560022593,0.9487258230801672,172|173|56|106|222,0.95098627|0.00226044|0.00184682|0.00164783|0.00139034,1,0.9509862661361694,True,172,0.9509862661361694,True,172,0.7578164339065552,True,172,0.8331236839294434,True,172,0.7167661190032959,True,c12_correct
173,174,174_7.bmp,preprocessed_results\174\174_7.bmp,173,173,173,0.7547027468681335,172,0.018259914591908455,0.7364428322762251,173|172|328|31|513,0.75470275|0.01825991|0.00657240|0.00426192|0.00422581,1,0.7547027468681335,True,173,0.7547027468681335,True,173,0.5832736492156982,True,173,0.7467624545097351,True,173,0.19913488626480103,True,c12_correct
174,175,175_9.bmp,preprocessed_results\175\175_9.bmp,174,174,174,0.9097274541854858,235,0.003711156779900193,0.9060162974055856,174|235|175|269|17,0.90972745|0.00371116|0.00338010|0.00215079|0.00119082,1,0.9097274541854858,True,174,0.9097274541854858,True,174,0.7172622084617615,True,174,0.8420572280883789,True,174,0.854189932346344,True,c12_correct
175,176,176_9.bmp,preprocessed_results\176\176_9.bmp,175,175,175,0.8566602468490601,80,0.003390517784282565,0.8532697290647775,175|80|566|234|236,0.85666025|0.00339052|0.00338663|0.00325595|0.00277493,1,0.8566602468490601,True,175,0.8566602468490601,True,175,0.7735891342163086,True,175,0.8099017143249512,True,175,0.7913162112236023,True,c12_correct
176,177,177_2.bmp,preprocessed_results\177\177_2.bmp,176,176,176,0.7974705696105957,226,0.009843212552368641,0.7876273570582271,176|226|227|79|534,0.79747057|0.00984321|0.00838501|0.00418359|0.00394338,1,0.7974705696105957,True,176,0.7974705696105957,True,176,0.7942101359367371,True,176,0.8357143402099609,True,176,0.7837280631065369,True,c12_correct
177,178,178_6.bmp,preprocessed_results\178\178_6.bmp,177,177,177,0.3890754282474518,18,0.056080836802721024,0.33299459144473076,177|18|6|604|180,0.38907543|0.05608084|0.02629340|0.01499472|0.01458599,1,0.3890754282474518,True,177,0.3890754282474518,True,177,0.16811606287956238,True,177,0.7692499756813049,True,177,0.3029850423336029,True,c12_correct
178,179,179_7.bmp,preprocessed_results\179\179_7.bmp,178,178,178,0.6486416459083557,188,0.03305840864777565,0.6155832372605801,178|188|407|534|9,0.64864165|0.03305841|0.01311071|0.01099840|0.01098943,1,0.6486416459083557,True,178,0.6486416459083557,True,178,0.33975064754486084,True,178,0.7597794532775879,True,178,0.6061444878578186,True,c12_correct
179,180,180_5.bmp,preprocessed_results\180\180_5.bmp,179,179,179,0.5399492383003235,43,0.03433163836598396,0.5056175999343395,179|43|546|314|786,0.53994924|0.03433164|0.02140499|0.02049216|0.01439157,1,0.5399492383003235,True,179,0.5399492383003235,True,179,0.6312983632087708,True,179,0.8325896263122559,True,179,0.7081709504127502,True,c12_correct
180,181,181_1.bmp,preprocessed_results\181\181_1.bmp,180,180,180,0.8198619484901428,557,0.009344919584691525,0.8105170289054513,180|557|543|356|133,0.81986195|0.00934492|0.00695773|0.00664302|0.00381473,1,0.8198619484901428,True,180,0.8198619484901428,True,180,0.4434238076210022,True,180,0.828423798084259,True,180,0.8463737368583679,True,c12_correct
181,182,182_7.bmp,preprocessed_results\182\182_7.bmp,181,181,181,0.839886486530304,832,0.004842040594667196,0.8350444459356368,181|832|77|57|364,0.83988649|0.00484204|0.00377949|0.00374425|0.00373802,1,0.839886486530304,True,181,0.839886486530304,True,181,0.7225337028503418,True,181,0.7987844944000244,True,181,0.8321947455406189,True,c12_correct
182,183,183_7.bmp,preprocessed_results\183\183_7.bmp,182,182,182,0.9510961174964905,313,0.0011369118001312017,0.9499592056963593,182|313|102|145|160,0.95109612|0.00113691|0.00112325|0.00109282|0.00087520,1,0.9510961174964905,True,182,0.9510961174964905,True,182,0.8696910738945007,True,182,0.7900404930114746,True,182,0.725307285785675,True,c12_correct
183,184,184_4.bmp,preprocessed_results\184\184_4.bmp,183,183,183,0.8647207021713257,71,0.005023761186748743,0.8596969409845769,183|71|823|276|76,0.86472070|0.00502376|0.00494867|0.00353854|0.00351762,1,0.8647207021713257,True,183,0.8647207021713257,True,183,0.6980287432670593,True,183,0.8130531311035156,True,183,0.760003387928009,True,c12_correct
184,185,185_4.bmp,preprocessed_results\185\185_4.bmp,184,184,184,0.9727534055709839,357,0.001490563154220581,0.9712628424167633,184|357|185|117|115,0.97275341|0.00149056|0.00089421|0.00077301|0.00063554,1,0.9727534055709839,True,184,0.9727534055709839,True,184,0.7390642762184143,True,184,0.8190711140632629,True,184,0.7744104862213135,True,c12_correct
185,186,186_3.bmp,preprocessed_results\186\186_3.bmp,185,185,185,0.5050878524780273,221,0.09101102501153946,0.4140768274664879,185|221|184|553|537,0.50508785|0.09101103|0.03316190|0.00872665|0.00789245,1,0.5050878524780273,True,185,0.5050878524780273,True,185,0.29822805523872375,True,185,0.7094709873199463,True,185,0.4877299666404724,True,c12_correct
186,187,187_3.bmp,preprocessed_results\187\187_3.bmp,186,186,186,0.8846266865730286,624,0.010843398049473763,0.8737832885235548,186|624|147|828|73,0.88462669|0.01084340|0.00238749|0.00234861|0.00224117,1,0.8846266865730286,True,186,0.8846266865730286,True,186,0.6921707987785339,True,186,0.8258807063102722,True,186,0.8163854479789734,True,c12_correct
187,188,188_2.bmp,preprocessed_results\188\188_2.bmp,187,187,187,0.9209110140800476,186,0.007944602519273758,0.9129664115607738,187|186|293|120|14,0.92091101|0.00794460|0.00214245|0.00189579|0.00184538,1,0.9209110140800476,True,187,0.9209110140800476,True,187,0.8801901340484619,True,187,0.8142859935760498,True,187,0.8107775449752808,True,c12_correct
188,189,189_10.bmp,preprocessed_results\189\189_10.bmp,188,188,188,0.7061734199523926,78,0.06316345930099487,0.6430099606513977,188|78|258|212|485,0.70617342|0.06316346|0.00929617|0.00922938|0.00722756,1,0.7061734199523926,True,188,0.7061734199523926,True,188,0.7862221002578735,True,188,0.8071659207344055,True,188,0.7120335698127747,True,c12_correct
189,190,190_3.bmp,preprocessed_results\190\190_3.bmp,189,189,189,0.8662330508232117,55,0.002481297357007861,0.8637517534662038,189|55|728|281|5,0.86623305|0.00248130|0.00223897|0.00204350|0.00182545,1,0.8662330508232117,True,189,0.8662330508232117,True,189,0.7538758516311646,True,189,0.8346072435379028,True,189,0.7637075185775757,True,c12_correct
190,191,191_7.bmp,preprocessed_results\191\191_7.bmp,190,190,190,0.7709612846374512,175,0.003661697031930089,0.7672995876055211,190|175|333|790|191,0.77096128|0.00366170|0.00333876|0.00327422|0.00306686,1,0.7709612846374512,True,190,0.7709612846374512,True,190,0.8809478878974915,True,190,0.8123565912246704,True,190,0.8308550119400024,True,c12_correct
191,192,192_4.bmp,preprocessed_results\192\192_4.bmp,191,191,191,0.8959283828735352,190,0.005922860000282526,0.8900055228732526,191|190|737|141|446,0.89592838|0.00592286|0.00354317|0.00326210|0.00316911,1,0.8959283828735352,True,191,0.8959283828735352,True,191,0.6761000156402588,True,191,0.805824875831604,True,191,0.7596541047096252,True,c12_correct
192,193,193_8.bmp,preprocessed_results\193\193_8.bmp,192,192,192,0.9281953573226929,638,0.002186720259487629,0.9260086370632052,192|638|38|211|152,0.92819536|0.00218672|0.00156159|0.00145124|0.00120620,1,0.9281953573226929,True,192,0.9281953573226929,True,192,0.8635520935058594,True,192,0.8436235785484314,True,192,0.8953000903129578,True,c12_correct
193,194,194_1.bmp,preprocessed_results\194\194_1.bmp,193,193,193,0.3272334337234497,275,0.06303983926773071,0.264193594455719,193|275|28|89|748,0.32723343|0.06303984|0.01630783|0.01578784|0.01488377,1,0.3272334337234497,True,193,0.3272334337234497,True,193,0.25841450691223145,True,193,0.8001052737236023,True,193,0.523648738861084,True,c12_correct
194,195,195_3.bmp,preprocessed_results\195\195_3.bmp,194,194,194,0.9491786360740662,195,0.003997710067778826,0.9451809260062873,194|195|229|173|733,0.94917864|0.00399771|0.00140582|0.00127069|0.00106368,1,0.9491786360740662,True,194,0.9491786360740662,True,194,0.8073306679725647,True,194,0.8306631445884705,True,194,0.7384713292121887,True,c12_correct
195,196,196_7.bmp,preprocessed_results\196\196_7.bmp,195,195,195,0.9796810150146484,194,0.0019241839181631804,0.9777568310964853,195|194|259|46|30,0.97968102|0.00192418|0.00114758|0.00093718|0.00093605,1,0.9796810150146484,True,195,0.9796810150146484,True,195,0.9186434149742126,True,195,0.8346476554870605,True,195,0.8738242387771606,True,c12_correct
196,197,197_3.bmp,preprocessed_results\197\197_3.bmp,196,196,196,0.7183534502983093,451,0.013345777988433838,0.7050076723098755,196|451|82|272|375,0.71835345|0.01334578|0.00446216|0.00420641|0.00358443,1,0.7183534502983093,True,196,0.7183534502983093,True,196,0.44837522506713867,True,196,0.8273608684539795,True,196,0.5978438854217529,True,c12_correct
197,198,198_4.bmp,preprocessed_results\198\198_4.bmp,197,197,197,0.8406844139099121,181,0.006792271509766579,0.8338921424001455,197|181|434|82|44,0.84068441|0.00679227|0.00519072|0.00485442|0.00375372,1,0.8406844139099121,True,197,0.8406844139099121,True,197,0.8606288433074951,True,197,0.8093128800392151,True,197,0.8993310332298279,True,c12_correct
198,199,199_5.bmp,preprocessed_results\199\199_5.bmp,198,198,198,0.8384844064712524,248,0.009532161988317966,0.8289522444829345,198|248|199|87|78,0.83848441|0.00953216|0.00689052|0.00420039|0.00217218,1,0.8384844064712524,True,198,0.8384844064712524,True,198,0.7220126390457153,True,198,0.8029091954231262,True,198,0.8736505508422852,True,c12_correct
199,200,200_7.bmp,preprocessed_results\200\200_7.bmp,199,199,199,0.22026367485523224,284,0.1399330198764801,0.08033065497875214,199|284|269|285|253,0.22026367|0.13993302|0.10698829|0.06620538|0.01802923,1,0.22026367485523224,True,199,0.22026367485523224,True,199,0.18955020606517792,True,199,0.7320022583007812,True,199,0.26996520161628723,True,c12_correct
200,201,201_8.bmp,preprocessed_results\201\201_8.bmp,200,200,200,0.856217622756958,334,0.016537023708224297,0.8396805990487337,200|334|172|359|202,0.85621762|0.01653702|0.01617238|0.00317429|0.00208554,1,0.856217622756958,True,200,0.856217622756958,True,200,0.5731226205825806,True,200,0.8169140219688416,True,200,0.6540271043777466,True,c12_correct
201,202,202_9.bmp,preprocessed_results\202\202_9.bmp,201,201,201,0.7038237452507019,130,0.043689411133527756,0.6601343341171741,201|130|104|131|50,0.70382375|0.04368941|0.01457387|0.01191362|0.00903534,1,0.7038237452507019,True,201,0.7038237452507019,True,201,0.6883870363235474,True,201,0.7909005284309387,True,201,0.6317028403282166,True,c12_correct
202,203,203_9.bmp,preprocessed_results\203\203_9.bmp,202,202,202,0.7675122618675232,379,0.00888916663825512,0.7586230952292681,202|379|70|526|413,0.76751226|0.00888917|0.00634465|0.00624814|0.00409548,1,0.7675122618675232,True,202,0.7675122618675232,True,202,0.42812013626098633,True,202,0.8198879361152649,True,202,0.612805962562561,True,c12_correct
203,204,204_1.bmp,preprocessed_results\204\204_1.bmp,203,203,203,0.9342359304428101,188,0.005123283248394728,0.9291126471944153,203|188|94|202|511,0.93423593|0.00512328|0.00337979|0.00258634|0.00117975,1,0.9342359304428101,True,203,0.9342359304428101,True,203,0.862687349319458,True,203,0.8107929825782776,True,203,0.871471643447876,True,c12_correct
204,205,205_5.bmp,preprocessed_results\205\205_5.bmp,204,204,204,0.6893192529678345,158,0.012942027300596237,0.6763772256672382,204|158|34|318|288,0.68931925|0.01294203|0.01010525|0.00810124|0.00703920,1,0.6893192529678345,True,204,0.6893192529678345,True,204,0.6951114535331726,True,204,0.8362873196601868,True,204,0.5314761400222778,True,c12_correct
205,206,206_10.bmp,preprocessed_results\206\206_10.bmp,205,205,205,0.5236298441886902,8,0.018035518005490303,0.5055943261831999,205|8|319|347|175,0.52362984|0.01803552|0.00897972|0.00812774|0.00773074,1,0.5236298441886902,True,205,0.5236298441886902,True,205,0.7638404369354248,True,205,0.8207537531852722,True,205,0.7261906862258911,True,c12_correct
206,207,207_2.bmp,preprocessed_results\207\207_2.bmp,206,206,206,0.9633567333221436,207,0.007673871703445911,0.9556828616186976,206|207|13|52|662,0.96335673|0.00767387|0.00182261|0.00115025|0.00077678,1,0.9633567333221436,True,206,0.9633567333221436,True,206,0.9028711318969727,True,206,0.7930517792701721,True,206,0.7774891257286072,True,c12_correct
207,208,208_3.bmp,preprocessed_results\208\208_3.bmp,207,207,207,0.7528039216995239,206,0.029329538345336914,0.723474383354187,207|206|257|131|289,0.75280392|0.02932954|0.00749053|0.00411921|0.00397039,1,0.7528039216995239,True,207,0.7528039216995239,True,207,0.5326303839683533,True,207,0.8301960229873657,True,207,0.6706754565238953,True,c12_correct
208,209,209_7.bmp,preprocessed_results\209\209_7.bmp,208,208,208,0.46598830819129944,49,0.043522998690605164,0.4224653095006943,208|49|339|135|217,0.46598831|0.04352300|0.01635031|0.01158974|0.01140165,1,0.46598830819129944,True,208,0.46598830819129944,True,208,0.24935010075569153,True,208,0.7777497172355652,True,208,0.37020203471183777,True,c12_correct
209,210,210_2.bmp,preprocessed_results\210\210_2.bmp,209,209,209,0.9066714644432068,208,0.00528990151360631,0.9013815629296005,209|208|338|67|233,0.90667146|0.00528990|0.00207892|0.00184066|0.00154748,1,0.9066714644432068,True,209,0.9066714644432068,True,209,0.8772916197776794,True,209,0.7664820551872253,True,209,0.7923738360404968,True,c12_correct
210,211,211_5.bmp,preprocessed_results\211\211_5.bmp,210,210,210,0.8541788458824158,211,0.10101862996816635,0.7531602159142494,210|211|70|477|534,0.85417885|0.10101863|0.00356929|0.00133067|0.00124141,1,0.8541788458824158,True,210,0.8541788458824158,True,210,0.8622680902481079,True,210,0.851537823677063,True,210,0.8339458703994751,True,c12_correct
211,212,212_6.bmp,preprocessed_results\212\212_6.bmp,211,211,211,0.6702297925949097,109,0.014863111078739166,0.6553666815161705,211|109|212|210|43,0.67022979|0.01486311|0.00610789|0.00549471|0.00380035,1,0.6702297925949097,True,211,0.6702297925949097,True,211,0.3676847219467163,True,211,0.8031045198440552,True,211,0.6269712448120117,True,c12_correct
212,213,213_10.bmp,preprocessed_results\213\213_10.bmp,212,212,212,0.893754780292511,213,0.012226587161421776,0.8815281931310892,212|213|33|218|188,0.89375478|0.01222659|0.00445148|0.00313216|0.00293284,1,0.893754780292511,True,212,0.893754780292511,True,212,0.6021069884300232,True,212,0.8243248462677002,True,212,0.8317739963531494,True,c12_correct
213,214,214_2.bmp,preprocessed_results\214\214_2.bmp,213,213,213,0.8985698819160461,270,0.003815081436187029,0.8947548004798591,213|270|212|43|185,0.89856988|0.00381508|0.00361848|0.00345109|0.00312768,1,0.8985698819160461,True,213,0.8985698819160461,True,213,0.7619452476501465,True,213,0.8009544014930725,True,213,0.8243927359580994,True,c12_correct
214,215,215_2.bmp,preprocessed_results\215\215_2.bmp,214,214,214,0.7163253426551819,215,0.007095582317560911,0.709229760337621,214|215|257|817|2,0.71632534|0.00709558|0.00542682|0.00451912|0.00430525,1,0.7163253426551819,True,214,0.7163253426551819,True,214,0.4718441069126129,True,214,0.7981656789779663,True,214,0.5653918385505676,True,c12_correct
215,216,216_8.bmp,preprocessed_results\216\216_8.bmp,215,215,215,0.9233097434043884,238,0.0026994773652404547,0.920610266039148,215|238|214|352|449,0.92330974|0.00269948|0.00198725|0.00175501|0.00160003,1,0.9233097434043884,True,215,0.9233097434043884,True,215,0.7754679918289185,True,215,0.8316750526428223,True,215,0.7807191610336304,True,c12_correct
216,217,217_9.bmp,preprocessed_results\217\217_9.bmp,216,216,216,0.9215375781059265,589,0.006636389065533876,0.9149011890403926,216|589|335|46|217,0.92153758|0.00663639|0.00645691|0.00297305|0.00257925,1,0.9215375781059265,True,216,0.9215375781059265,True,216,0.8194435238838196,True,216,0.8304846882820129,True,216,0.7456266283988953,True,c12_correct
217,218,218_1.bmp,preprocessed_results\218\218_1.bmp,217,217,217,0.92923903465271,216,0.003713038982823491,0.9255259956698865,217|216|148|119|251,0.92923903|0.00371304|0.00136732|0.00113713|0.00081656,1,0.92923903465271,True,217,0.92923903465271,True,217,0.8642519116401672,True,217,0.8381491303443909,True,217,0.863914430141449,True,c12_correct
218,219,219_9.bmp,preprocessed_results\219\219_9.bmp,218,218,218,0.44074010848999023,251,0.032100334763526917,0.4086397737264633,218|251|195|250|219,0.44074011|0.03210033|0.02683555|0.01667717|0.01221759,1,0.44074010848999023,True,218,0.44074010848999023,True,218,0.5211737751960754,True,218,0.7741115093231201,True,218,0.6186277866363525,True,c12_correct
219,220,220_6.bmp,preprocessed_results\220\220_6.bmp,219,219,219,0.9074174761772156,183,0.00427325488999486,0.9031442212872207,219|183|450|339|250,0.90741748|0.00427325|0.00339674|0.00299232|0.00177323,1,0.9074174761772156,True,219,0.9074174761772156,True,219,0.5918978452682495,True,219,0.7925917506217957,True,219,0.665554940700531,True,c12_correct
220,221,221_7.bmp,preprocessed_results\221\221_7.bmp,220,220,220,0.8984820246696472,221,0.012365260161459446,0.8861167645081878,220|221|332|605|512,0.89848202|0.01236526|0.00775754|0.00571184|0.00331518,1,0.8984820246696472,True,220,0.8984820246696472,True,220,0.6868171691894531,True,220,0.8361133933067322,True,220,0.7207807898521423,True,c12_correct
221,222,222_5.bmp,preprocessed_results\222\222_5.bmp,221,221,221,0.7743185758590698,185,0.09351606667041779,0.680802509188652,221|185|184|143|649,0.77431858|0.09351607|0.00951945|0.00557173|0.00341310,1,0.7743185758590698,True,221,0.7743185758590698,True,221,0.4035095274448395,True,221,0.8170692324638367,True,221,0.4797017574310303,True,c12_correct
222,223,223_7.bmp,preprocessed_results\223\223_7.bmp,222,222,222,0.6721205115318298,123,0.011290034279227257,0.6608304772526026,222|123|134|114|223,0.67212051|0.01129003|0.00613613|0.00520408|0.00483274,1,0.6721205115318298,True,222,0.6721205115318298,True,222,0.47959819436073303,True,222,0.7863883376121521,True,222,0.5274297595024109,True,c12_correct
223,224,224_6.bmp,preprocessed_results\224\224_6.bmp,223,223,223,0.8405561447143555,94,0.008536654524505138,0.8320194901898503,223|94|203|214|10,0.84055614|0.00853665|0.00816907|0.00323914|0.00311300,1,0.8405561447143555,True,223,0.8405561447143555,True,223,0.7447614073753357,True,223,0.8157117962837219,True,223,0.8110013008117676,True,c12_correct
224,225,225_7.bmp,preprocessed_results\225\225_7.bmp,224,224,224,0.07897482812404633,599,0.03508672118186951,0.04388810694217682,224|599|684|598|269,0.07897483|0.03508672|0.03354707|0.02410782|0.01948421,1,0.07897482812404633,True,224,0.07897482812404633,True,224,0.09333335608243942,True,224,0.7459568977355957,True,224,0.19052866101264954,True,c12_correct
225,226,226_8.bmp,preprocessed_results\226\226_8.bmp,225,225,225,0.9247369766235352,285,0.011723626405000687,0.9130133502185345,225|285|541|273|159,0.92473698|0.01172363|0.00744716|0.00239292|0.00191717,1,0.9247369766235352,True,225,0.9247369766235352,True,225,0.7652304768562317,True,225,0.8429888486862183,True,225,0.7250452041625977,True,c12_correct
226,227,227_7.bmp,preprocessed_results\227\227_7.bmp,226,226,226,0.7297198176383972,366,0.021036619320511818,0.7086831983178854,226|366|227|382|536,0.72971982|0.02103662|0.01915290|0.01698694|0.00742575,1,0.7297198176383972,True,226,0.7297198176383972,True,226,0.45197227597236633,True,226,0.8348656296730042,True,226,0.6886224150657654,True,c12_correct
227,228,228_5.bmp,preprocessed_results\228\228_5.bmp,227,227,227,0.7491529583930969,226,0.021391568705439568,0.7277613896876574,227|226|558|8|435,0.74915296|0.02139157|0.01486554|0.00651935|0.00573495,1,0.7491529583930969,True,227,0.7491529583930969,True,227,0.4341992139816284,True,227,0.8207723498344421,True,227,0.7048823237419128,True,c12_correct
228,229,229_10.bmp,preprocessed_results\229\229_10.bmp,228,228,228,0.8441104292869568,2,0.011373618617653847,0.8327368106693029,228|2|301|214|416,0.84411043|0.01137362|0.00688894|0.00427329|0.00375048,1,0.8441104292869568,True,228,0.8441104292869568,True,228,0.7146780490875244,True,228,0.7583143711090088,True,228,0.7007896304130554,True,c12_correct
229,230,230_6.bmp,preprocessed_results\230\230_6.bmp,229,229,229,0.9282675385475159,411,0.0012317693326622248,0.9270357692148536,229|411|230|562|487,0.92826754|0.00123177|0.00122681|0.00117369|0.00104361,1,0.9282675385475159,True,229,0.9282675385475159,True,229,0.8153754472732544,True,229,0.8242619633674622,True,229,0.8153120875358582,True,c12_correct
230,231,231_8.bmp,preprocessed_results\231\231_8.bmp,230,230,230,0.9308969974517822,10,0.004341283347457647,0.9265557141043246,230|10|231|8|229,0.93089700|0.00434128|0.00370557|0.00200545|0.00177932,1,0.9308969974517822,True,230,0.9308969974517822,True,230,0.8343822360038757,True,230,0.8032076358795166,True,230,0.8424414992332458,True,c12_correct
231,232,232_2.bmp,preprocessed_results\232\232_2.bmp,231,231,231,0.08680534362792969,177,0.02563285268843174,0.06117249093949795,231|177|101|230|8,0.08680534|0.02563285|0.02234414|0.01850367|0.01821800,1,0.08680534362792969,True,231,0.08680534362792969,True,231,0.28941118717193604,True,231,0.6178604364395142,True,231,0.2477644979953766,True,c12_correct
232,233,233_9.bmp,preprocessed_results\233\233_9.bmp,232,232,232,0.8511783480644226,501,0.007067696191370487,0.8441106518730521,232|501|100|179|233,0.85117835|0.00706770|0.00629411|0.00436189|0.00413572,1,0.8511783480644226,True,232,0.8511783480644226,True,232,0.7298665046691895,True,232,0.8017300367355347,True,232,0.7295190691947937,True,c12_correct
233,234,234_5.bmp,preprocessed_results\234\234_5.bmp,233,233,233,0.937007486820221,232,0.004715637303888798,0.9322918495163321,233|232|83|581|338,0.93700749|0.00471564|0.00314585|0.00262086|0.00188452,1,0.937007486820221,True,233,0.937007486820221,True,233,0.8580744862556458,True,233,0.8248369097709656,True,233,0.8038818836212158,True,c12_correct
234,235,235_1.bmp,preprocessed_results\235\235_1.bmp,234,234,234,0.6739144921302795,453,0.011381100863218307,0.6625333912670612,234|453|539|434|488,0.67391449|0.01138110|0.00823745|0.00822584|0.00654409,1,0.6739144921302795,True,234,0.6739144921302795,True,234,0.4189314544200897,True,234,0.7478001713752747,True,234,0.3923686444759369,True,c12_correct
235,236,236_1.bmp,preprocessed_results\236\236_1.bmp,235,235,235,0.5549927949905396,234,0.03258724510669708,0.5224055498838425,235|234|332|490|568,0.55499279|0.03258725|0.02810448|0.02526403|0.01529275,1,0.5549927949905396,True,235,0.5549927949905396,True,235,0.8523260951042175,True,235,0.7926990985870361,True,235,0.5071165561676025,True,c12_correct
236,237,237_3.bmp,preprocessed_results\237\237_3.bmp,236,236,236,0.17255596816539764,627,0.062489103525877,0.11006686463952065,236|627|175|237|318,0.17255597|0.06248910|0.04891989|0.03643876|0.02999492,1,0.17255596816539764,True,236,0.17255596816539764,True,236,0.20972086489200592,True,236,0.7620693445205688,True,236,0.4973122775554657,True,c12_correct
237,238,238_8.bmp,preprocessed_results\238\238_8.bmp,237,237,237,0.7659731507301331,236,0.022650519385933876,0.7433226313441992,237|236|101|16|325,0.76597315|0.02265052|0.00725921|0.00530756|0.00421920,1,0.7659731507301331,True,237,0.7659731507301331,True,237,0.4853178858757019,True,237,0.819837212562561,True,237,0.8048105239868164,True,c12_correct
238,239,239_8.bmp,preprocessed_results\239\239_8.bmp,238,238,238,0.7885954976081848,215,0.00453654071316123,0.7840589568950236,238|215|239|60|345,0.78859550|0.00453654|0.00395287|0.00325958|0.00309415,1,0.7885954976081848,True,238,0.7885954976081848,True,238,0.810429573059082,True,238,0.835816502571106,True,238,0.834819495677948,True,c12_correct
239,240,240_3.bmp,preprocessed_results\240\240_3.bmp,239,239,239,0.7304796576499939,440,0.005728555377572775,0.7247511022724211,239|440|238|67|250,0.73047966|0.00572856|0.00469775|0.00402699|0.00391093,1,0.7304796576499939,True,239,0.7304796576499939,True,239,0.8432623744010925,True,239,0.8423862457275391,True,239,0.776098906993866,True,c12_correct
240,241,241_8.bmp,preprocessed_results\241\241_8.bmp,240,240,240,0.8241395950317383,241,0.009161503985524178,0.8149780910462141,240|241|220|346|327,0.82413960|0.00916150|0.00355976|0.00209159|0.00205801,1,0.8241395950317383,True,240,0.8241395950317383,True,240,0.691243052482605,True,240,0.8382948637008667,True,240,0.7810190916061401,True,c12_correct
241,242,242_2.bmp,preprocessed_results\242\242_2.bmp,241,241,241,0.3674670159816742,147,0.037139371037483215,0.330327644944191,241|147|85|341|21,0.36746702|0.03713937|0.02293283|0.01242151|0.00891917,1,0.3674670159816742,True,241,0.3674670159816742,True,241,0.3010842800140381,True,241,0.7817326188087463,True,241,0.430002361536026,True,c12_correct
242,243,243_7.bmp,preprocessed_results\243\243_7.bmp,242,242,242,0.9347812533378601,160,0.0025901603512465954,0.9321910929866135,242|160|766|229|478,0.93478125|0.00259016|0.00190970|0.00146007|0.00145765,1,0.9347812533378601,True,242,0.9347812533378601,True,242,0.8462074995040894,True,242,0.8403093218803406,True,242,0.9073469042778015,True,c12_correct
243,244,244_9.bmp,preprocessed_results\244\244_9.bmp,243,243,243,0.9404690861701965,795,0.0018917658599093556,0.9385773203102872,243|795|818|506|37,0.94046909|0.00189177|0.00174876|0.00142142|0.00119850,1,0.9404690861701965,True,243,0.9404690861701965,True,243,0.8873431086540222,True,243,0.8073908090591431,True,243,0.8504442572593689,True,c12_correct
244,245,245_1.bmp,preprocessed_results\245\245_1.bmp,244,244,244,0.8762185573577881,400,0.004791364539414644,0.8714271928183734,244|400|300|298|245,0.87621856|0.00479136|0.00366445|0.00285431|0.00279355,1,0.8762185573577881,True,244,0.8762185573577881,True,244,0.9235342144966125,True,244,0.8125522136688232,True,244,0.8109917044639587,True,c12_correct
245,246,246_1.bmp,preprocessed_results\246\246_1.bmp,245,245,245,0.715186595916748,539,0.005882960744202137,0.7093036351725459,245|539|41|376|199,0.71518660|0.00588296|0.00540487|0.00532905|0.00525138,1,0.715186595916748,True,245,0.715186595916748,True,245,0.42013996839523315,True,245,0.793397068977356,True,245,0.5347439646720886,True,c12_correct
246,247,247_4.bmp,preprocessed_results\247\247_4.bmp,246,246,246,0.7636840343475342,247,0.08907792717218399,0.6746061071753502,246|247|126|357|689,0.76368403|0.08907793|0.01135091|0.00966778|0.00479981,1,0.7636840343475342,True,246,0.7636840343475342,True,246,0.7111591696739197,True,246,0.7422641515731812,True,246,0.628157377243042,True,c12_correct
247,248,248_2.bmp,preprocessed_results\248\248_2.bmp,247,247,247,0.6171972155570984,246,0.046621378511190414,0.570575837045908,247|246|30|142|6,0.61719722|0.04662138|0.02570589|0.01088076|0.00936908,1,0.6171972155570984,True,247,0.6171972155570984,True,247,0.04243095591664314,True,247,0.7841535210609436,True,247,0.46840715408325195,True,c12_correct
248,249,249_1.bmp,preprocessed_results\249\249_1.bmp,248,248,248,0.8507338166236877,302,0.008421112783253193,0.8423127038404346,248|302|162|198|78,0.85073382|0.00842111|0.00579336|0.00375122|0.00317827,1,0.8507338166236877,True,248,0.8507338166236877,True,248,0.8978615403175354,True,248,0.8354926109313965,True,248,0.8666630983352661,True,c12_correct
249,250,250_8.bmp,preprocessed_results\250\250_8.bmp,249,249,249,0.8355436325073242,252,0.010392455384135246,0.825151177123189,249|252|269|268|324,0.83554363|0.01039246|0.00705270|0.00361588|0.00359132,1,0.8355436325073242,True,249,0.8355436325073242,True,249,0.7653617262840271,True,249,0.8135241866111755,True,249,0.8509129881858826,True,c12_correct
250,251,251_5.bmp,preprocessed_results\251\251_5.bmp,250,250,250,0.9614359140396118,96,0.0032347177620977163,0.9582011962775141,250|96|251|95|330,0.96143591|0.00323472|0.00252334|0.00143813|0.00053839,1,0.9614359140396118,True,250,0.9614359140396118,True,250,0.711665153503418,True,250,0.8265690803527832,True,250,0.7893664240837097,True,c12_correct
251,252,252_4.bmp,preprocessed_results\252\252_4.bmp,251,251,251,0.620771586894989,277,0.037555795162916183,0.5832157917320728,251|277|250|295|67,0.62077159|0.03755580|0.02121131|0.01295720|0.01178148,1,0.620771586894989,True,251,0.620771586894989,True,251,0.1984560340642929,True,251,0.7467906475067139,True,251,0.22764840722084045,True,c12_correct
252,253,253_10.bmp,preprocessed_results\253\253_10.bmp,252,252,252,0.7517503499984741,154,0.01599586009979248,0.7357544898986816,252|154|249|284|198,0.75175035|0.01599586|0.01460427|0.01171546|0.00684707,1,0.7517503499984741,True,252,0.7517503499984741,True,252,0.7362930178642273,True,252,0.7890079617500305,True,252,0.6123083829879761,True,c12_correct
253,254,254_4.bmp,preprocessed_results\254\254_4.bmp,253,253,253,0.09436564892530441,158,0.05198533833026886,0.04238031059503555,253|158|728|187|159,0.09436565|0.05198534|0.04208186|0.03678386|0.02818147,1,0.09436564892530441,True,253,0.09436564892530441,True,253,0.5054067373275757,True,253,0.7730311751365662,True,253,0.4806680977344513,True,c12_correct
254,255,255_4.bmp,preprocessed_results\255\255_4.bmp,254,254,254,0.8024221658706665,255,0.05604863166809082,0.7463735342025757,254|255|228|24|14,0.80242217|0.05604863|0.00335743|0.00329287|0.00288112,1,0.8024221658706665,True,254,0.8024221658706665,True,254,0.839789092540741,True,254,0.807001531124115,True,254,0.8626630306243896,True,c12_correct
255,256,256_6.bmp,preprocessed_results\256\256_6.bmp,255,255,255,0.8606263995170593,254,0.00813298299908638,0.852493416517973,255|254|349|15|43,0.86062640|0.00813298|0.00412305|0.00308197|0.00241325,1,0.8606263995170593,True,255,0.8606263995170593,True,255,0.4139748811721802,True,255,0.7597140669822693,True,255,0.3981412351131439,True,c12_correct
256,257,257_3.bmp,preprocessed_results\257\257_3.bmp,256,256,256,0.9095917344093323,386,0.0023844782263040543,0.9072072561830282,256|386|754|603|319,0.90959173|0.00238448|0.00195792|0.00151319|0.00140885,1,0.9095917344093323,True,256,0.9095917344093323,True,256,0.7808870673179626,True,256,0.8371625542640686,True,256,0.7890276908874512,True,c12_correct
257,258,258_8.bmp,preprocessed_results\258\258_8.bmp,257,257,257,0.9242985248565674,339,0.002173052402213216,0.9221254724543542,257|339|261|256|91,0.92429852|0.00217305|0.00201769|0.00188737|0.00188305,1,0.9242985248565674,True,257,0.9242985248565674,True,257,0.7103919982910156,True,257,0.8322258591651917,True,257,0.8520551323890686,True,c12_correct
258,259,259_10.bmp,preprocessed_results\259\259_10.bmp,258,258,258,0.8449454307556152,152,0.002823448507115245,0.8421219822485,258|152|77|87|283,0.84494543|0.00282345|0.00280987|0.00182073|0.00179088,1,0.8449454307556152,True,258,0.8449454307556152,True,258,0.6906899809837341,True,258,0.8548904061317444,True,258,0.6546504497528076,True,c12_correct
259,260,260_2.bmp,preprocessed_results\260\260_2.bmp,259,259,259,0.6010007858276367,195,0.008106782101094723,0.592894003726542,259|195|111|575|787,0.60100079|0.00810678|0.00680524|0.00650439|0.00648138,1,0.6010007858276367,True,259,0.6010007858276367,True,259,0.6693030595779419,True,259,0.7926037311553955,True,259,0.7015136480331421,True,c12_correct
260,261,261_1.bmp,preprocessed_results\261\261_1.bmp,260,260,260,0.9189315438270569,261,0.006295079831033945,0.9126364639960229,260|261|287|319|195,0.91893154|0.00629508|0.00586647|0.00397509|0.00136765,1,0.9189315438270569,True,260,0.9189315438270569,True,260,0.8733338117599487,True,260,0.8392126560211182,True,260,0.7274884581565857,True,c12_correct
261,262,262_4.bmp,preprocessed_results\262\262_4.bmp,261,261,261,0.9138662815093994,290,0.012356759048998356,0.9015095224604011,261|290|260|21|287,0.91386628|0.01235676|0.00390561|0.00247445|0.00207631,1,0.9138662815093994,True,261,0.9138662815093994,True,261,0.7054235935211182,True,261,0.8258645534515381,True,261,0.8168089389801025,True,c12_correct
262,263,263_5.bmp,preprocessed_results\263\263_5.bmp,262,262,262,0.9302692413330078,334,0.004651357419788837,0.925617883913219,262|334|325|255|231,0.93026924|0.00465136|0.00403907|0.00374864|0.00205252,1,0.9302692413330078,True,262,0.9302692413330078,True,262,0.9032405614852905,True,262,0.8574600219726562,True,262,0.8420262932777405,True,c12_correct
263,264,264_2.bmp,preprocessed_results\264\264_2.bmp,263,263,263,0.8814488649368286,267,0.008408140391111374,0.8730407245457172,263|267|276|89|262,0.88144886|0.00840814|0.00267388|0.00253853|0.00243469,1,0.8814488649368286,True,263,0.8814488649368286,True,263,0.8010860085487366,True,263,0.8188163638114929,True,263,0.759357213973999,True,c12_correct
264,265,265_5.bmp,preprocessed_results\265\265_5.bmp,264,264,264,0.7737324833869934,49,0.046105656772851944,0.7276268266141415,264|49|208|295|68,0.77373248|0.04610566|0.02678223|0.00591516|0.00371903,1,0.7737324833869934,True,264,0.7737324833869934,True,264,0.6136935353279114,True,264,0.8081297874450684,True,264,0.7784490585327148,True,c12_correct
265,266,266_1.bmp,preprocessed_results\266\266_1.bmp,265,265,265,0.8084955811500549,153,0.016779910773038864,0.7917156703770161,265|153|303|138|37,0.80849558|0.01677991|0.00943753|0.00657628|0.00602256,1,0.8084955811500549,True,265,0.8084955811500549,True,265,0.4188287556171417,True,265,0.8068385124206543,True,265,0.7418564558029175,True,c12_correct
266,267,267_3.bmp,preprocessed_results\267\267_3.bmp,266,266,266,0.7338935732841492,338,0.02219569683074951,0.7116978764533997,266|338|497|254|233,0.73389357|0.02219570|0.00524605|0.00423884|0.00414942,1,0.7338935732841492,True,266,0.7338935732841492,True,266,0.4354759454727173,True,266,0.8210803866386414,True,266,0.6285802125930786,True,c12_correct
267,268,268_1.bmp,preprocessed_results\268\268_1.bmp,267,267,267,0.975272536277771,193,0.0007782987668178976,0.9744942375109531,267|193|270|339|97,0.97527254|0.00077830|0.00075698|0.00038385|0.00037097,1,0.975272536277771,True,267,0.975272536277771,True,267,0.8494590520858765,True,267,0.8352119326591492,True,267,0.8283273577690125,True,c12_correct
268,269,269_7.bmp,preprocessed_results\269\269_7.bmp,268,268,268,0.9453216195106506,163,0.0022431963589042425,0.9430784231517464,268|163|251|421|95,0.94532162|0.00224320|0.00125039|0.00124227|0.00091130,1,0.9453216195106506,True,268,0.9453216195106506,True,268,0.9157472848892212,True,268,0.8257851600646973,True,268,0.8202613592147827,True,c12_correct
269,270,270_1.bmp,preprocessed_results\270\270_1.bmp,269,269,269,0.6629093289375305,139,0.06016963720321655,0.602739691734314,269|139|286|568|302,0.66290933|0.06016964|0.02015138|0.00990426|0.00936985,1,0.6629093289375305,True,269,0.6629093289375305,True,269,0.7094284296035767,True,269,0.8128648400306702,True,269,0.671527087688446,True,c12_correct
270,271,271_3.bmp,preprocessed_results\271\271_3.bmp,270,270,270,0.8743579983711243,271,0.08056165277957916,0.7937963455915451,270|271|564|30|267,0.87435800|0.08056165|0.00286758|0.00178355|0.00151002,1,0.8743579983711243,True,270,0.8743579983711243,True,270,0.8442605137825012,True,270,0.8455799221992493,True,270,0.8132631182670593,True,c12_correct
271,272,272_1.bmp,preprocessed_results\272\272_1.bmp,271,271,271,0.7737299799919128,504,0.009832089766860008,0.7638978902250528,271|504|270|598|144,0.77372998|0.00983209|0.00956088|0.00667456|0.00426906,1,0.7737299799919128,True,271,0.7737299799919128,True,271,0.5981502532958984,True,271,0.7453829646110535,True,271,0.6488009095191956,True,c12_correct
272,273,273_6.bmp,preprocessed_results\273\273_6.bmp,272,272,272,0.861143946647644,273,0.035954657942056656,0.8251892887055874,272|273|565|587|564,0.86114395|0.03595466|0.01121778|0.00241538|0.00230606,1,0.861143946647644,True,272,0.861143946647644,True,272,0.7804572582244873,True,272,0.8263424038887024,True,272,0.7741585373878479,True,c12_correct
273,274,274_2.bmp,preprocessed_results\274\274_2.bmp,273,273,273,0.8617292046546936,272,0.060698460787534714,0.8010307438671589,273|272|143|270|339,0.86172920|0.06069846|0.00390312|0.00357013|0.00282774,1,0.8617292046546936,True,273,0.8617292046546936,True,273,0.8765882849693298,True,273,0.8251475095748901,True,273,0.9320734739303589,True,c12_correct
274,275,275_8.bmp,preprocessed_results\275\275_8.bmp,274,274,274,0.7598180770874023,120,0.011958250775933266,0.7478598263114691,274|120|47|153|289,0.75981808|0.01195825|0.01107601|0.00920494|0.00731675,1,0.7598180770874023,True,274,0.7598180770874023,True,274,0.7217784523963928,True,274,0.8319404721260071,True,274,0.7625699043273926,True,c12_correct
275,276,276_3.bmp,preprocessed_results\276\276_3.bmp,275,275,275,0.8852099776268005,274,0.01103173941373825,0.8741782382130623,275|274|21|578|47,0.88520998|0.01103174|0.00866743|0.00377045|0.00306068,1,0.8852099776268005,True,275,0.8852099776268005,True,275,0.8376737236976624,True,275,0.8120813369750977,True,275,0.7673323750495911,True,c12_correct
276,277,277_6.bmp,preprocessed_results\277\277_6.bmp,276,276,42,0.10134580731391907,276,0.060021985322237015,0.04132382199168205,42|276|329|251|432,0.10134581|0.06002199|0.05351331|0.04599017|0.03300470,2,0.060021985322237015,True,42,0.10134580731391907,False,276,0.0907338485121727,True,276,0.5429534316062927,True,276,0.12268649786710739,True,teacher_all_correct;low_margin;true_in_top5
277,278,278_5.bmp,preprocessed_results\278\278_5.bmp,277,277,277,0.6836497187614441,320,0.014656933955848217,0.6689927848055959,277|320|278|59|172,0.68364972|0.01465693|0.01414902|0.01240103|0.01166101,1,0.6836497187614441,True,277,0.6836497187614441,True,277,0.4913191497325897,True,277,0.7926443815231323,True,277,0.3603668510913849,True,c12_correct
278,279,279_6.bmp,preprocessed_results\279\279_6.bmp,278,278,278,0.3376859426498413,172,0.03651522845029831,0.301170714199543,278|172|279|173|213,0.33768594|0.03651523|0.03058946|0.02288910|0.01907073,1,0.3376859426498413,True,278,0.3376859426498413,True,278,0.40090474486351013,True,278,0.8005096912384033,True,278,0.7219039797782898,True,c12_correct
279,280,280_4.bmp,preprocessed_results\280\280_4.bmp,279,279,279,0.9249586462974548,278,0.007024490274488926,0.9179341560229659,279|278|792|274|257,0.92495865|0.00702449|0.00270685|0.00224110|0.00205583,1,0.9249586462974548,True,279,0.9249586462974548,True,279,0.7882598042488098,True,279,0.8061201572418213,True,279,0.7376769781112671,True,c12_correct
280,281,281_5.bmp,preprocessed_results\281\281_5.bmp,280,280,280,0.9279199838638306,281,0.012611126527190208,0.9153088573366404,280|281|148|178|1,0.92791998|0.01261113|0.00311505|0.00106321|0.00101906,1,0.9279199838638306,True,280,0.9279199838638306,True,280,0.9118324518203735,True,280,0.8175246119499207,True,280,0.8789328336715698,True,c12_correct
281,282,282_1.bmp,preprocessed_results\282\282_1.bmp,281,281,281,0.9335691332817078,420,0.006853980012238026,0.9267151532694697,281|420|40|232|280,0.93356913|0.00685398|0.00248421|0.00234449|0.00214487,1,0.9335691332817078,True,281,0.9335691332817078,True,281,0.828276515007019,True,281,0.8484746217727661,True,281,0.8046217560768127,True,c12_correct
282,283,283_9.bmp,preprocessed_results\283\283_9.bmp,282,282,282,0.6900816559791565,283,0.07485616952180862,0.6152254864573479,282|283|531|273|142,0.69008166|0.07485617|0.01263978|0.01187878|0.01041349,1,0.6900816559791565,True,282,0.6900816559791565,True,282,0.4796973764896393,True,282,0.8201028108596802,True,282,0.584182858467102,True,c12_correct
283,284,284_7.bmp,preprocessed_results\284\284_7.bmp,283,283,283,0.875878095626831,282,0.03241976350545883,0.8434583321213722,283|282|117|273|665,0.87587810|0.03241976|0.00511526|0.00407243|0.00302124,1,0.875878095626831,True,283,0.875878095626831,True,283,0.6692676544189453,True,283,0.8352515697479248,True,283,0.7591683864593506,True,c12_correct
284,285,285_8.bmp,preprocessed_results\285\285_8.bmp,284,284,284,0.5657333135604858,285,0.04054417461156845,0.5251891389489174,284|285|224|269|676,0.56573331|0.04054417|0.03207084|0.01710539|0.01336222,1,0.5657333135604858,True,284,0.5657333135604858,True,284,0.6396360397338867,True,284,0.8167852759361267,True,284,0.637486457824707,True,c12_correct
285,286,286_3.bmp,preprocessed_results\286\286_3.bmp,285,285,285,0.7745788097381592,225,0.029327096417546272,0.7452517133206129,285|225|284|624|784,0.77457881|0.02932710|0.01262314|0.00512719|0.00386805,1,0.7745788097381592,True,285,0.7745788097381592,True,285,0.5719086527824402,True,285,0.8006489276885986,True,285,0.5580289959907532,True,c12_correct
286,287,287_9.bmp,preprocessed_results\287\287_9.bmp,286,286,286,0.8558596968650818,287,0.009064286947250366,0.8467954099178314,286|287|302|660|236,0.85585970|0.00906429|0.00648054|0.00308266|0.00306180,1,0.8558596968650818,True,286,0.8558596968650818,True,286,0.313799649477005,True,286,0.8087708950042725,True,286,0.5781782865524292,True,c12_correct
287,288,288_8.bmp,preprocessed_results\288\288_8.bmp,287,287,287,0.4085719883441925,261,0.017410680651664734,0.39116130769252777,287|261|286|169|128,0.40857199|0.01741068|0.01445751|0.01299079|0.01189869,1,0.4085719883441925,True,287,0.4085719883441925,True,287,0.45278987288475037,True,287,0.7865373492240906,True,287,0.44465741515159607,True,c12_correct
288,289,289_8.bmp,preprocessed_results\289\289_8.bmp,288,288,288,0.9511530995368958,131,0.004046882037073374,0.9471062174998224,288|131|118|95|162,0.95115310|0.00404688|0.00271811|0.00099109|0.00083848,1,0.9511530995368958,True,288,0.9511530995368958,True,288,0.8680344820022583,True,288,0.815605103969574,True,288,0.8436425924301147,True,c12_correct
289,290,290_6.bmp,preprocessed_results\290\290_6.bmp,289,289,289,0.6524513959884644,118,0.02395463176071644,0.6284967642277479,289|118|277|288|158,0.65245140|0.02395463|0.01721056|0.00901587|0.00844051,1,0.6524513959884644,True,289,0.6524513959884644,True,289,0.5426594614982605,True,289,0.8239730596542358,True,289,0.6133415699005127,True,c12_correct
290,291,291_4.bmp,preprocessed_results\291\291_4.bmp,290,290,290,0.9396136999130249,291,0.014102434739470482,0.9255112651735544,290|291|159|261|284,0.93961370|0.01410243|0.00404423|0.00390339|0.00162936,1,0.9396136999130249,True,290,0.9396136999130249,True,290,0.9032749533653259,True,290,0.8247109055519104,True,290,0.7619705200195312,True,c12_correct
291,292,292_1.bmp,preprocessed_results\292\292_1.bmp,291,291,291,0.8687626719474792,159,0.015689846128225327,0.8530728258192539,291|159|290|253|65,0.86876267|0.01568985|0.01105729|0.00625604|0.00242032,1,0.8687626719474792,True,291,0.8687626719474792,True,291,0.744962215423584,True,291,0.8015739321708679,True,291,0.6713095307350159,True,c12_correct
292,293,293_8.bmp,preprocessed_results\293\293_8.bmp,292,292,292,0.8832781314849854,298,0.004969330038875341,0.87830880144611,292|298|186|158|820,0.88327813|0.00496933|0.00355179|0.00315169|0.00279883,1,0.8832781314849854,True,292,0.8832781314849854,True,292,0.7079032063484192,True,292,0.8061219453811646,True,292,0.7966090440750122,True,c12_correct
293,294,294_10.bmp,preprocessed_results\294\294_10.bmp,293,293,293,0.9233389496803284,292,0.005809545982629061,0.9175294036976993,293|292|675|205|12,0.92333895|0.00580955|0.00339615|0.00225721|0.00219170,1,0.9233389496803284,True,293,0.9233389496803284,True,293,0.8582970499992371,True,293,0.8386491537094116,True,293,0.6501796841621399,True,c12_correct
294,295,295_6.bmp,preprocessed_results\295\295_6.bmp,294,294,294,0.7788711786270142,548,0.005532892420887947,0.7733382862061262,294|548|549|555|436,0.77887118|0.00553289|0.00519385|0.00482345|0.00418418,1,0.7788711786270142,True,294,0.7788711786270142,True,294,0.544096052646637,True,294,0.7959542274475098,True,294,0.6131967902183533,True,c12_correct
295,296,296_6.bmp,preprocessed_results\296\296_6.bmp,295,295,295,0.516154408454895,69,0.010340660810470581,0.5058137476444244,295|69|305|294|642,0.51615441|0.01034066|0.00935437|0.00917452|0.00619505,1,0.516154408454895,True,295,0.516154408454895,True,295,0.6463165879249573,True,295,0.797756552696228,True,295,0.6330760717391968,True,c12_correct
296,297,297_3.bmp,preprocessed_results\297\297_3.bmp,296,296,296,0.9617283344268799,297,0.006060250569134951,0.9556680838577449,296|297|141|274|533,0.96172833|0.00606025|0.00180233|0.00103325|0.00097415,1,0.9617283344268799,True,296,0.9617283344268799,True,296,0.7036672234535217,True,296,0.8199683427810669,True,296,0.6635331511497498,True,c12_correct
297,298,298_4.bmp,preprocessed_results\298\298_4.bmp,297,297,297,0.4849400818347931,296,0.08101005107164383,0.40393003076314926,297|296|341|160|205,0.48494008|0.08101005|0.02427347|0.02307837|0.01082061,1,0.4849400818347931,True,297,0.4849400818347931,True,297,0.44422048330307007,True,297,0.7591803669929504,True,297,0.12947478890419006,True,c12_correct
298,299,299_9.bmp,preprocessed_results\299\299_9.bmp,298,298,298,0.9421868324279785,175,0.002033953322097659,0.9401528791058809,298|175|244|167|400,0.94218683|0.00203395|0.00142684|0.00123634|0.00099425,1,0.9421868324279785,True,298,0.9421868324279785,True,298,0.8842045664787292,True,298,0.8106371760368347,True,298,0.837958574295044,True,c12_correct
299,300,300_10.bmp,preprocessed_results\300\300_10.bmp,299,299,299,0.5514247417449951,141,0.1069808080792427,0.4444439336657524,299|141|298|284|154,0.55142474|0.10698081|0.03144228|0.01070321|0.00778519,1,0.5514247417449951,True,299,0.5514247417449951,True,299,0.49184510111808777,True,299,0.7829300165176392,True,299,0.5852370858192444,True,c12_correct
300,301,301_10.bmp,preprocessed_results\301\301_10.bmp,300,300,300,0.9201188087463379,244,0.0058573209680616856,0.9142614877782762,300|244|86|495|386,0.92011881|0.00585732|0.00348293|0.00224575|0.00174287,1,0.9201188087463379,True,300,0.9201188087463379,True,300,0.7432777285575867,True,300,0.8505785465240479,True,300,0.8668290376663208,True,c12_correct
301,302,302_10.bmp,preprocessed_results\302\302_10.bmp,301,301,301,0.29672273993492126,43,0.03251006826758385,0.2642126716673374,301|43|211|185|210,0.29672274|0.03251007|0.02183689|0.01713338|0.01702536,1,0.29672273993492126,True,301,0.29672273993492126,True,301,0.17879712581634521,True,301,0.727555513381958,True,301,0.4160085916519165,True,c12_correct
302,303,303_10.bmp,preprocessed_results\303\303_10.bmp,302,302,302,0.7884893417358398,119,0.009081707336008549,0.7794076343998313,302|119|303|287|318,0.78848934|0.00908171|0.00654363|0.00597172|0.00586054,1,0.7884893417358398,True,302,0.7884893417358398,True,302,0.30232182145118713,True,302,0.7718635201454163,True,302,0.6770495772361755,True,c12_correct
303,304,304_6.bmp,preprocessed_results\304\304_6.bmp,303,303,303,0.7988414764404297,507,0.013373165391385555,0.7854683110490441,303|507|235|337|29,0.79884148|0.01337317|0.01315234|0.00942514|0.00852345,1,0.7988414764404297,True,303,0.7988414764404297,True,303,0.5962857007980347,True,303,0.8218790292739868,True,303,0.8225775361061096,True,c12_correct
304,305,305_2.bmp,preprocessed_results\305\305_2.bmp,304,304,304,0.86061030626297,326,0.01356459315866232,0.8470457131043077,304|326|133|188|378,0.86061031|0.01356459|0.00606126|0.00428990|0.00421267,1,0.86061030626297,True,304,0.86061030626297,True,304,0.764291524887085,True,304,0.8651877045631409,True,304,0.8464246988296509,True,c12_correct
305,306,306_6.bmp,preprocessed_results\306\306_6.bmp,305,305,305,0.6424601078033447,304,0.03394847735762596,0.6085116304457188,305|304|326|75|787,0.64246011|0.03394848|0.02828749|0.02696617|0.01656219,1,0.6424601078033447,True,305,0.6424601078033447,True,305,0.38261932134628296,True,305,0.7979332208633423,True,305,0.2887662649154663,True,c12_correct
306,307,307_7.bmp,preprocessed_results\307\307_7.bmp,306,306,306,0.9611067771911621,307,0.0045978231355547905,0.9565089540556073,306|307|118|817|797,0.96110678|0.00459782|0.00137171|0.00126924|0.00099268,1,0.9611067771911621,True,306,0.9611067771911621,True,306,0.8926535248756409,True,306,0.8391762375831604,True,306,0.8505324721336365,True,c12_correct
307,308,308_9.bmp,preprocessed_results\308\308_9.bmp,307,307,307,0.9182447195053101,306,0.008873524144291878,0.9093711953610182,307|306|20|41|425,0.91824472|0.00887352|0.00143253|0.00141110|0.00118795,1,0.9182447195053101,True,307,0.9182447195053101,True,307,0.8449850082397461,True,307,0.8386923670768738,True,307,0.8274281620979309,True,c12_correct
308,309,309_9.bmp,preprocessed_results\309\309_9.bmp,308,308,308,0.9551697969436646,309,0.0028076127637177706,0.9523621841799468,308|309|84|60|0,0.95516980|0.00280761|0.00151606|0.00140545|0.00102238,1,0.9551697969436646,True,308,0.9551697969436646,True,308,0.7227191925048828,True,308,0.8334454894065857,True,308,0.8108764886856079,True,c12_correct
309,310,310_9.bmp,preprocessed_results\310\310_9.bmp,309,309,309,0.9296566247940063,219,0.0032740766182541847,0.9263825481757522,309|219|308|98|4,0.92965662|0.00327408|0.00161801|0.00139524|0.00119770,1,0.9296566247940063,True,309,0.9296566247940063,True,309,0.8192331194877625,True,309,0.8189021348953247,True,309,0.777419924736023,True,c12_correct
310,311,311_9.bmp,preprocessed_results\311\311_9.bmp,310,310,310,0.4686533510684967,783,0.017408262938261032,0.45124508813023567,310|783|652|659|653,0.46865335|0.01740826|0.01502197|0.01281748|0.00929203,1,0.4686533510684967,True,310,0.4686533510684967,True,310,0.3805178105831146,True,310,0.7872028946876526,True,310,0.5297548770904541,True,c12_correct
311,312,312_7.bmp,preprocessed_results\312\312_7.bmp,311,311,311,0.7570711970329285,315,0.004934005439281464,0.752137191593647,311|315|675|57|783,0.75707120|0.00493401|0.00465264|0.00346718|0.00346376,1,0.7570711970329285,True,311,0.7570711970329285,True,311,0.8486864566802979,True,311,0.8067275285720825,True,311,0.8541154861450195,True,c12_correct
312,313,313_3.bmp,preprocessed_results\313\313_3.bmp,312,312,312,0.9451231956481934,674,0.0016013085842132568,0.9435218870639801,312|674|256|313|250,0.94512320|0.00160131|0.00141400|0.00106387|0.00092144,1,0.9451231956481934,True,312,0.9451231956481934,True,312,0.8039668202400208,True,312,0.8282945156097412,True,312,0.8195515275001526,True,c12_correct
313,314,314_9.bmp,preprocessed_results\314\314_9.bmp,313,313,313,0.9296587109565735,312,0.0031778013799339533,0.9264809095766395,313|312|206|292|662,0.92965871|0.00317780|0.00196732|0.00160742|0.00137528,1,0.9296587109565735,True,313,0.9296587109565735,True,313,0.6932271718978882,True,313,0.815483808517456,True,313,0.8201410174369812,True,c12_correct
314,315,315_5.bmp,preprocessed_results\315\315_5.bmp,314,314,314,0.8506277203559875,82,0.010589913465082645,0.8400378068909049,314|82|546|315|176,0.85062772|0.01058991|0.00843805|0.00511145|0.00455647,1,0.8506277203559875,True,314,0.8506277203559875,True,314,0.8028514385223389,True,314,0.8271735906600952,True,314,0.7651713490486145,True,c12_correct
315,316,316_1.bmp,preprocessed_results\316\316_1.bmp,315,315,315,0.9210297465324402,140,0.002620804589241743,0.9184089419431984,315|140|531|494|29,0.92102975|0.00262080|0.00246991|0.00156801|0.00137302,1,0.9210297465324402,True,315,0.9210297465324402,True,315,0.8353484272956848,True,315,0.8631104826927185,True,315,0.8702097535133362,True,c12_correct
316,317,317_6.bmp,preprocessed_results\317\317_6.bmp,316,316,316,0.8136017322540283,323,0.007079143542796373,0.806522588711232,316|323|128|399|317,0.81360173|0.00707914|0.00573780|0.00469367|0.00370290,1,0.8136017322540283,True,316,0.8136017322540283,True,316,0.8036032915115356,True,316,0.8215985298156738,True,316,0.8687023520469666,True,c12_correct
317,318,318_10.bmp,preprocessed_results\318\318_10.bmp,317,317,317,0.7807546257972717,64,0.01723361946642399,0.7635210063308477,317|64|323|322|340,0.78075463|0.01723362|0.01151397|0.00625163|0.00464513,1,0.7807546257972717,True,317,0.7807546257972717,True,317,0.6233959197998047,True,317,0.7890346646308899,True,317,0.6588646173477173,True,c12_correct
318,319,319_5.bmp,preprocessed_results\319\319_5.bmp,318,318,318,0.8854557871818542,162,0.004756018053740263,0.880699769128114,318|162|319|761|333,0.88545579|0.00475602|0.00237539|0.00161728|0.00135547,1,0.8854557871818542,True,318,0.8854557871818542,True,318,0.8758119940757751,True,318,0.8465142250061035,True,318,0.825977623462677,True,c12_correct
319,320,320_1.bmp,preprocessed_results\320\320_1.bmp,319,319,319,0.8136894106864929,260,0.010759158991277218,0.8029302516952157,319|260|318|261|82,0.81368941|0.01075916|0.00777970|0.00471951|0.00410288,1,0.8136894106864929,True,319,0.8136894106864929,True,319,0.6944219470024109,True,319,0.8185691833496094,True,319,0.8090822696685791,True,c12_correct
320,321,321_8.bmp,preprocessed_results\321\321_8.bmp,320,320,320,0.4736202657222748,321,0.07370833307504654,0.39991193264722824,320|321|43|276|516,0.47362027|0.07370833|0.01146045|0.01029535|0.00998729,1,0.4736202657222748,True,320,0.4736202657222748,True,320,0.41550564765930176,True,320,0.7745705842971802,True,320,0.1909407377243042,True,c12_correct
321,322,322_2.bmp,preprocessed_results\322\322_2.bmp,321,321,321,0.21461503207683563,320,0.1438741832971573,0.07074084877967834,321|320|43|720|339,0.21461503|0.14387418|0.06932091|0.01146533|0.01104511,1,0.21461503207683563,True,321,0.21461503207683563,True,321,0.10646232962608337,True,321,0.2016560584306717,True,321,0.08975730836391449,True,c12_correct
322,323,323_6.bmp,preprocessed_results\323\323_6.bmp,322,322,322,0.7709247469902039,170,0.007521166931837797,0.7634035800583661,322|170|528|4|502,0.77092475|0.00752117|0.00724982|0.00675835|0.00622662,1,0.7709247469902039,True,322,0.7709247469902039,True,322,0.3592623174190521,True,322,0.7716378569602966,True,322,0.6282961368560791,True,c12_correct
323,324,324_5.bmp,preprocessed_results\324\324_5.bmp,323,323,323,0.4120596945285797,416,0.05241517350077629,0.3596445210278034,323|416|317|215|444,0.41205969|0.05241517|0.02147966|0.01674497|0.01654683,1,0.4120596945285797,True,323,0.4120596945285797,True,323,0.5006257891654968,True,323,0.8051959872245789,True,323,0.5609757900238037,True,c12_correct
324,325,325_9.bmp,preprocessed_results\325\325_9.bmp,324,324,324,0.25941646099090576,201,0.021916039288043976,0.23750042170286179,324|201|423|130|334,0.25941646|0.02191604|0.01795798|0.01643343|0.01414821,1,0.25941646099090576,True,324,0.25941646099090576,True,324,0.310334712266922,True,324,0.7866380214691162,True,324,0.4754652678966522,True,c12_correct
325,326,326_4.bmp,preprocessed_results\326\326_4.bmp,325,325,325,0.9565927982330322,275,0.004372372291982174,0.95222042594105,325|275|420|336|748,0.95659280|0.00437237|0.00136081|0.00095141|0.00089173,1,0.9565927982330322,True,325,0.9565927982330322,True,325,0.8391897082328796,True,325,0.8308422565460205,True,325,0.8266931772232056,True,c12_correct
326,327,327_5.bmp,preprocessed_results\327\327_5.bmp,326,326,326,0.7614914178848267,304,0.01760113053023815,0.7438902873545885,326|304|79|188|328,0.76149142|0.01760113|0.00991208|0.00510520|0.00460677,1,0.7614914178848267,True,326,0.7614914178848267,True,326,0.6641405820846558,True,326,0.8102614879608154,True,326,0.6277344822883606,True,c12_correct
327,328,328_7.bmp,preprocessed_results\328\328_7.bmp,327,327,327,0.5780978202819824,163,0.013072283007204533,0.5650255372747779,327|163|77|607|93,0.57809782|0.01307228|0.00853162|0.00706502|0.00704611,1,0.5780978202819824,True,327,0.5780978202819824,True,327,0.08096951246261597,True,327,0.7444038391113281,True,327,0.5394582748413086,True,c12_correct
328,329,329_5.bmp,preprocessed_results\329\329_5.bmp,328,328,328,0.8605262637138367,10,0.012486228719353676,0.848040034994483,328|10|329|216|106,0.86052626|0.01248623|0.00913859|0.00684716|0.00657582,1,0.8605262637138367,True,328,0.8605262637138367,True,328,0.6017061471939087,True,328,0.8068865537643433,True,328,0.732943058013916,True,c12_correct
329,330,330_6.bmp,preprocessed_results\330\330_6.bmp,329,329,329,0.8631460070610046,266,0.004327700939029455,0.8588183061219752,329|266|214|262|328,0.86314601|0.00432770|0.00388895|0.00314301|0.00301987,1,0.8631460070610046,True,329,0.8631460070610046,True,329,0.6605647802352905,True,329,0.8139509558677673,True,329,0.5688748955726624,True,c12_correct
330,331,331_7.bmp,preprocessed_results\331\331_7.bmp,330,330,330,0.91539466381073,338,0.005929958540946245,0.9094647052697837,330|338|12|331|794,0.91539466|0.00592996|0.00311490|0.00283533|0.00226716,1,0.91539466381073,True,330,0.91539466381073,True,330,0.7909072041511536,True,330,0.823542594909668,True,330,0.7473279237747192,True,c12_correct
331,332,332_3.bmp,preprocessed_results\332\332_3.bmp,331,331,331,0.9069515466690063,52,0.002211543032899499,0.9047400036361068,331|52|792|279|339,0.90695155|0.00221154|0.00154106|0.00144253|0.00135727,1,0.9069515466690063,True,331,0.9069515466690063,True,331,0.7794360518455505,True,331,0.7931804060935974,True,331,0.7637822031974792,True,c12_correct
332,333,333_9.bmp,preprocessed_results\333\333_9.bmp,332,332,332,0.7908936738967896,479,0.009163089096546173,0.7817305848002434,332|479|220|478|333,0.79089367|0.00916309|0.00836238|0.00578613|0.00518741,1,0.7908936738967896,True,332,0.7908936738967896,True,332,0.504421055316925,True,332,0.8121078610420227,True,332,0.767697811126709,True,c12_correct
333,334,334_8.bmp,preprocessed_results\334\334_8.bmp,333,333,333,0.47412917017936707,332,0.047490715980529785,0.4266384541988373,333|332|773|142|644,0.47412917|0.04749072|0.01542944|0.01435391|0.00825511,1,0.47412917017936707,True,333,0.47412917017936707,True,333,0.2913348078727722,True,333,0.8001828193664551,True,333,0.3853820860385895,True,c12_correct
334,335,335_4.bmp,preprocessed_results\335\335_4.bmp,334,334,334,0.8117281198501587,335,0.006180804222822189,0.8055473156273365,334|335|819|262|18,0.81172812|0.00618080|0.00382419|0.00338701|0.00326350,1,0.8117281198501587,True,334,0.8117281198501587,True,334,0.8308634757995605,True,334,0.8177525401115417,True,334,0.6939746141433716,True,c12_correct
335,336,336_9.bmp,preprocessed_results\336\336_9.bmp,335,335,335,0.9106014370918274,334,0.009006021544337273,0.9015954155474901,335|334|45|216|363,0.91060144|0.00900602|0.00790264|0.00670266|0.00363854,1,0.9106014370918274,True,335,0.9106014370918274,True,335,0.7048458456993103,True,335,0.7636817097663879,True,335,0.5654311776161194,True,c12_correct
336,337,337_8.bmp,preprocessed_results\337\337_8.bmp,336,336,336,0.7585861682891846,41,0.019313259050250053,0.7392729092389345,336|41|390|405|395,0.75858617|0.01931326|0.00721742|0.00458505|0.00448664,1,0.7585861682891846,True,336,0.7585861682891846,True,336,0.613970160484314,True,336,0.8274381756782532,True,336,0.6100314855575562,True,c12_correct
337,338,338_8.bmp,preprocessed_results\338\338_8.bmp,337,337,337,0.7600354552268982,336,0.009252754040062428,0.7507827011868358,337|336|303|660|425,0.76003546|0.00925275|0.00624247|0.00316637|0.00303110,1,0.7600354552268982,True,337,0.7600354552268982,True,337,0.7319801449775696,True,337,0.816789448261261,True,337,0.7970611453056335,True,c12_correct
338,339,339_2.bmp,preprocessed_results\339\339_2.bmp,338,338,338,0.9367299675941467,330,0.0021407809108495712,0.9345891866832972,338|330|738|233|176,0.93672997|0.00214078|0.00148443|0.00111565|0.00110299,1,0.9367299675941467,True,338,0.9367299675941467,True,338,0.8284817337989807,True,338,0.7798557281494141,True,338,0.8720651865005493,True,c12_correct
339,340,340_9.bmp,preprocessed_results\340\340_9.bmp,339,339,339,0.7931559681892395,257,0.01822027936577797,0.7749356888234615,339|257|639|746|267,0.79315597|0.01822028|0.01510587|0.00745296|0.00438535,1,0.7931559681892395,True,339,0.7931559681892395,True,339,0.7800619006156921,True,339,0.8263714909553528,True,339,0.8406185507774353,True,c12_correct
340,341,341_5.bmp,preprocessed_results\341\341_5.bmp,340,340,340,0.964984118938446,322,0.0024084923788905144,0.9625756265595555,340|322|778|816|798,0.96498412|0.00240849|0.00237193|0.00083574|0.00077129,1,0.964984118938446,True,340,0.964984118938446,True,340,0.9355489611625671,True,340,0.8285942077636719,True,340,0.809528648853302,True,c12_correct
341,342,342_5.bmp,preprocessed_results\342\342_5.bmp,341,341,341,0.7889325618743896,800,0.008944467641413212,0.7799880942329764,341|800|133|103|703,0.78893256|0.00894447|0.00546609|0.00484781|0.00327906,1,0.7889325618743896,True,341,0.7889325618743896,True,341,0.23000776767730713,True,341,0.7969291806221008,True,341,0.676072895526886,True,c12_correct
342,343,343_4.bmp,preprocessed_results\343\343_4.bmp,342,342,342,0.9449792504310608,350,0.00203842855989933,0.9429408218711615,342|350|486|396|343,0.94497925|0.00203843|0.00112888|0.00093818|0.00087303,1,0.9449792504310608,True,342,0.9449792504310608,True,342,0.8359135389328003,True,342,0.8311133980751038,True,342,0.8589710593223572,True,c12_correct
343,344,344_7.bmp,preprocessed_results\344\344_7.bmp,343,343,343,0.08569982647895813,503,0.016698088496923447,0.06900173798203468,343|503|352|205|24,0.08569983|0.01669809|0.01342596|0.01250776|0.01248295,1,0.08569982647895813,True,343,0.08569982647895813,True,343,0.3310820162296295,True,343,0.647014319896698,True,343,0.28462186455726624,True,c12_correct
344,345,345_3.bmp,preprocessed_results\345\345_3.bmp,344,344,344,0.9023329019546509,515,0.010257219895720482,0.8920756820589304,344|515|458|319|459,0.90233290|0.01025722|0.00213974|0.00179726|0.00119704,1,0.9023329019546509,True,344,0.9023329019546509,True,344,0.8178269267082214,True,344,0.8154652714729309,True,344,0.8828286528587341,True,c12_correct
345,346,346_5.bmp,preprocessed_results\346\346_5.bmp,345,345,345,0.9068164229393005,353,0.006790626794099808,0.9000257961452007,345|353|449|352|433,0.90681642|0.00679063|0.00434981|0.00358691|0.00266703,1,0.9068164229393005,True,345,0.9068164229393005,True,345,0.8786259889602661,True,345,0.8222123980522156,True,345,0.8011511564254761,True,c12_correct
346,347,347_10.bmp,preprocessed_results\347\347_10.bmp,346,346,346,0.7078376412391663,722,0.009574010036885738,0.6982636312022805,346|722|347|76|177,0.70783764|0.00957401|0.00796091|0.00588639|0.00481160,1,0.7078376412391663,True,346,0.7078376412391663,True,346,0.675952136516571,True,346,0.8474368453025818,True,346,0.7494010925292969,True,c12_correct
347,348,348_1.bmp,preprocessed_results\348\348_1.bmp,347,347,347,0.9365795850753784,346,0.004033785313367844,0.9325457997620106,347|346|473|369|454,0.93657959|0.00403379|0.00211292|0.00126845|0.00113954,1,0.9365795850753784,True,347,0.9365795850753784,True,347,0.8916627764701843,True,347,0.8317981958389282,True,347,0.7899946570396423,True,c12_correct
348,349,349_3.bmp,preprocessed_results\349\349_3.bmp,348,348,348,0.17941626906394958,392,0.05882611498236656,0.12059015408158302,348|392|429|370|349,0.17941627|0.05882611|0.02753557|0.02127220|0.01830000,1,0.17941626906394958,True,348,0.17941626906394958,True,348,0.05139249935746193,True,348,0.06953317672014236,True,348,0.07705648988485336,True,c12_correct
349,350,350_2.bmp,preprocessed_results\350\350_2.bmp,349,349,349,0.9013631343841553,266,0.009285340085625648,0.8920777942985296,349|266|348|389|419,0.90136313|0.00928534|0.00821973|0.00240061|0.00206805,1,0.9013631343841553,True,349,0.9013631343841553,True,349,0.8411916494369507,True,349,0.8387691974639893,True,349,0.882623016834259,True,c12_correct
350,351,351_9.bmp,preprocessed_results\351\351_9.bmp,350,350,350,0.7054172158241272,351,0.021784191951155663,0.6836330238729715,350|351|514|469|412,0.70541722|0.02178419|0.00738449|0.00598875|0.00569500,1,0.7054172158241272,True,350,0.7054172158241272,True,350,0.8780113458633423,True,350,0.8518442511558533,True,350,0.7975200414657593,True,c12_correct
351,352,352_3.bmp,preprocessed_results\352\352_3.bmp,351,351,351,0.8304929137229919,510,0.013158682733774185,0.8173342309892178,351|510|342|487|456,0.83049291|0.01315868|0.00521487|0.00501498|0.00465343,1,0.8304929137229919,True,351,0.8304929137229919,True,351,0.8574929237365723,True,351,0.8305898904800415,True,351,0.8287941217422485,True,c12_correct
352,353,353_5.bmp,preprocessed_results\353\353_5.bmp,352,352,352,0.8819382786750793,353,0.010136416181921959,0.8718018624931574,352|353|365|345|408,0.88193828|0.01013642|0.00571136|0.00236807|0.00235598,1,0.8819382786750793,True,352,0.8819382786750793,True,352,0.8175946474075317,True,352,0.8413774371147156,True,352,0.8154023289680481,True,c12_correct
353,354,354_1.bmp,preprocessed_results\354\354_1.bmp,353,353,353,0.4828701615333557,352,0.11931660771369934,0.36355355381965637,353|352|345|433|126,0.48287016|0.11931661|0.08438814|0.04975972|0.01116240,1,0.4828701615333557,True,353,0.4828701615333557,True,353,0.2764774262905121,True,353,0.555644154548645,True,353,0.2533957064151764,True,c12_correct
354,355,355_4.bmp,preprocessed_results\355\355_4.bmp,354,354,354,0.8756177425384521,584,0.0051822355017066,0.8704355070367455,354|584|181|450|493,0.87561774|0.00518224|0.00484874|0.00425022|0.00334705,1,0.8756177425384521,True,354,0.8756177425384521,True,354,0.822378933429718,True,354,0.8537753224372864,True,354,0.8701257109642029,True,c12_correct
355,356,356_8.bmp,preprocessed_results\356\356_8.bmp,355,355,355,0.9221476912498474,537,0.0025431534741073847,0.91960453777574,355|537|227|382|487,0.92214769|0.00254315|0.00217822|0.00214119|0.00208483,1,0.9221476912498474,True,355,0.9221476912498474,True,355,0.6106467247009277,True,355,0.8204054236412048,True,355,0.8268659710884094,True,c12_correct
356,357,357_7.bmp,preprocessed_results\357\357_7.bmp,356,356,356,0.9141983389854431,557,0.004256183747202158,0.909942155238241,356|557|160|543|561,0.91419834|0.00425618|0.00287175|0.00256023|0.00208655,1,0.9141983389854431,True,356,0.9141983389854431,True,356,0.7409515976905823,True,356,0.8283064961433411,True,356,0.688817024230957,True,c12_correct
357,358,358_1.bmp,preprocessed_results\358\358_1.bmp,357,357,357,0.8699209690093994,550,0.006091396789997816,0.8638295722194016,357|550|8|226|530,0.86992097|0.00609140|0.00317479|0.00260183|0.00234772,1,0.8699209690093994,True,357,0.8699209690093994,True,357,0.7662981748580933,True,357,0.8453443646430969,True,357,0.6619211435317993,True,c12_correct
358,359,359_10.bmp,preprocessed_results\359\359_10.bmp,358,358,358,0.8379817008972168,359,0.0434490442276001,0.7945326566696167,358|359|554|372|563,0.83798170|0.04344904|0.00595689|0.00501270|0.00400400,1,0.8379817008972168,True,358,0.8379817008972168,True,358,0.8303564786911011,True,358,0.8350566029548645,True,358,0.7469042539596558,True,c12_correct
359,360,360_2.bmp,preprocessed_results\360\360_2.bmp,359,359,359,0.7949811816215515,505,0.007536330260336399,0.7874448513612151,359|505|358|504|258,0.79498118|0.00753633|0.00701973|0.00568224|0.00536192,1,0.7949811816215515,True,359,0.7949811816215515,True,359,0.6284681558609009,True,359,0.8129370212554932,True,359,0.5059595108032227,True,c12_correct
360,361,361_3.bmp,preprocessed_results\361\361_3.bmp,360,360,360,0.8327145576477051,361,0.006760088726878166,0.8259544689208269,360|361|303|157|147,0.83271456|0.00676009|0.00469865|0.00278306|0.00250245,1,0.8327145576477051,True,360,0.8327145576477051,True,360,0.7583115100860596,True,360,0.818217396736145,True,360,0.7646821737289429,True,c12_correct
361,362,362_4.bmp,preprocessed_results\362\362_4.bmp,361,361,361,0.9195597767829895,360,0.002693690126761794,0.9168660866562277,361|360|459|539|154,0.91955978|0.00269369|0.00149599|0.00128226|0.00111518,1,0.9195597767829895,True,361,0.9195597767829895,True,361,0.8344733119010925,True,361,0.8251808881759644,True,361,0.868922233581543,True,c12_correct
362,363,363_5.bmp,preprocessed_results\363\363_5.bmp,362,362,362,0.913127064704895,559,0.00343505572527647,0.9096920089796185,362|559|363|808|539,0.91312706|0.00343506|0.00201219|0.00196389|0.00156640,1,0.913127064704895,True,362,0.913127064704895,True,362,0.9076599478721619,True,362,0.8025630116462708,True,362,0.8394796848297119,True,c12_correct
363,364,364_1.bmp,preprocessed_results\364\364_1.bmp,363,363,363,0.7914617657661438,357,0.023558789864182472,0.7679029759019613,363|357|358|538|45,0.79146177|0.02355879|0.01278825|0.01065590|0.00403504,1,0.7914617657661438,True,363,0.7914617657661438,True,363,0.3553469181060791,True,363,0.7881960272789001,True,363,0.6281689405441284,True,c12_correct
364,365,365_7.bmp,preprocessed_results\365\365_7.bmp,364,364,364,0.8582614660263062,434,0.0043851714581251144,0.853876294568181,364|434|376|446|515,0.85826147|0.00438517|0.00429051|0.00342593|0.00247193,1,0.8582614660263062,True,364,0.8582614660263062,True,364,0.8811852931976318,True,364,0.8194340467453003,True,364,0.7897982001304626,True,c12_correct
365,366,366_4.bmp,preprocessed_results\366\366_4.bmp,365,365,365,0.903868556022644,449,0.01223400142043829,0.8916345546022058,365|449|352|384|515,0.90386856|0.01223400|0.00379699|0.00247367|0.00214299,1,0.903868556022644,True,365,0.903868556022644,True,365,0.8103225231170654,True,365,0.8556822538375854,True,365,0.856239378452301,True,c12_correct
366,367,367_3.bmp,preprocessed_results\367\367_3.bmp,366,366,366,0.7723905444145203,382,0.009076191112399101,0.7633143533021212,366|382|722|448|396,0.77239054|0.00907619|0.00436377|0.00354730|0.00347046,1,0.7723905444145203,True,366,0.7723905444145203,True,366,0.5558934211730957,True,366,0.8435027599334717,True,366,0.7370438575744629,True,c12_correct
367,368,368_3.bmp,preprocessed_results\368\368_3.bmp,367,367,367,0.949081301689148,366,0.0029659017454832792,0.9461153999436647,367|366|343|443|487,0.94908130|0.00296590|0.00192751|0.00106587|0.00103598,1,0.949081301689148,True,367,0.949081301689148,True,367,0.8832902908325195,True,367,0.8485002517700195,True,367,0.8563825488090515,True,c12_correct
368,369,369_10.bmp,preprocessed_results\369\369_10.bmp,368,368,368,0.8792096376419067,369,0.0027042245492339134,0.8765054130926728,368|369|45|203|511,0.87920964|0.00270422|0.00244081|0.00222146|0.00220721,1,0.8792096376419067,True,368,0.8792096376419067,True,368,0.8311357498168945,True,368,0.8389531970024109,True,368,0.7574450969696045,True,c12_correct
369,370,370_7.bmp,preprocessed_results\370\370_7.bmp,369,369,369,0.9660190343856812,528,0.0012790601467713714,0.9647399742389098,369|528|458|235|347,0.96601903|0.00127906|0.00110102|0.00094043|0.00074420,1,0.9660190343856812,True,369,0.9660190343856812,True,369,0.892685055732727,True,369,0.8368263244628906,True,369,0.8526294231414795,True,c12_correct
370,371,371_3.bmp,preprocessed_results\371\371_3.bmp,370,370,370,0.871731162071228,462,0.01046088244765997,0.8612702796235681,370|462|507|556|398,0.87173116|0.01046088|0.00215545|0.00185733|0.00145661,1,0.871731162071228,True,370,0.871731162071228,True,370,0.7823209166526794,True,370,0.8408583402633667,True,370,0.863349437713623,True,c12_correct
371,372,372_3.bmp,preprocessed_results\372\372_3.bmp,371,371,371,0.8942992091178894,393,0.009642362594604492,0.8846568465232849,371|393|353|365|352,0.89429921|0.00964236|0.00706795|0.00357299|0.00350775,1,0.8942992091178894,True,371,0.8942992091178894,True,371,0.8163006901741028,True,371,0.8454236388206482,True,371,0.8162509202957153,True,c12_correct
372,373,373_1.bmp,preprocessed_results\373\373_1.bmp,372,372,372,0.8525377511978149,373,0.006734220311045647,0.8458035308867693,372|373|555|102|448,0.85253775|0.00673422|0.00612760|0.00550784|0.00471038,1,0.8525377511978149,True,372,0.8525377511978149,True,372,0.8237771391868591,True,372,0.8252207040786743,True,372,0.7975998520851135,True,c12_correct
373,374,374_8.bmp,preprocessed_results\374\374_8.bmp,373,373,373,0.9152823090553284,372,0.003844135208055377,0.911438173847273,373|372|475|102|689,0.91528231|0.00384414|0.00275700|0.00210911|0.00193886,1,0.9152823090553284,True,373,0.9152823090553284,True,373,0.8778768181800842,True,373,0.842119574546814,True,373,0.799150288105011,True,c12_correct
374,375,375_3.bmp,preprocessed_results\375\375_3.bmp,374,374,374,0.9588136672973633,156,0.00463995011523366,0.9541737171821296,374|156|88|375|18,0.95881367|0.00463995|0.00157986|0.00122607|0.00115675,1,0.9588136672973633,True,374,0.9588136672973633,True,374,0.7133087515830994,True,374,0.8285359144210815,True,374,0.858775794506073,True,c12_correct
375,376,376_8.bmp,preprocessed_results\376\376_8.bmp,375,375,375,0.7322021722793579,377,0.021627239882946014,0.7105749323964119,375|377|415|374|366,0.73220217|0.02162724|0.01556944|0.01417698|0.00741407,1,0.7322021722793579,True,375,0.7322021722793579,True,375,0.15678776800632477,True,375,0.7917875051498413,True,375,0.3288825452327728,True,c12_correct
376,377,377_3.bmp,preprocessed_results\377\377_3.bmp,376,376,376,0.6023590564727783,245,0.03625648468732834,0.56610257178545,376|245|414|539|489,0.60235906|0.03625648|0.01662487|0.01629846|0.01258437,1,0.6023590564727783,True,376,0.6023590564727783,True,376,0.8329886198043823,True,376,0.8003675937652588,True,376,0.6278231143951416,True,c12_correct
377,378,378_4.bmp,preprocessed_results\378\378_4.bmp,377,377,377,0.9404729008674622,546,0.0027233059518039227,0.9377495949156582,377|546|375|226|124,0.94047290|0.00272331|0.00236817|0.00218339|0.00122254,1,0.9404729008674622,True,377,0.9404729008674622,True,377,0.7480230331420898,True,377,0.8133232593536377,True,377,0.6568224430084229,True,c12_correct
378,379,379_2.bmp,preprocessed_results\379\379_2.bmp,378,378,378,0.8536238670349121,379,0.00650921231135726,0.8471146547235548,378|379|368|412|145,0.85362387|0.00650921|0.00433407|0.00243722|0.00230113,1,0.8536238670349121,True,378,0.8536238670349121,True,378,0.4278271794319153,True,378,0.7720738053321838,True,378,0.6804508566856384,True,c12_correct
379,380,380_4.bmp,preprocessed_results\380\380_4.bmp,379,379,379,0.904790461063385,526,0.004509300459176302,0.9002811606042087,379|526|423|417|413,0.90479046|0.00450930|0.00339007|0.00283680|0.00263832,1,0.904790461063385,True,379,0.904790461063385,True,379,0.8471320867538452,True,379,0.8378275632858276,True,379,0.8011637926101685,True,c12_correct
380,381,381_9.bmp,preprocessed_results\381\381_9.bmp,380,380,380,0.6481752991676331,344,0.00798298604786396,0.6401923131197691,380|344|468|381|519,0.64817530|0.00798299|0.00703036|0.00514392|0.00513770,1,0.6481752991676331,True,380,0.6481752991676331,True,380,0.6941123008728027,True,380,0.8252941370010376,True,380,0.6801044940948486,True,c12_correct
381,382,382_5.bmp,preprocessed_results\382\382_5.bmp,381,381,381,0.9503629803657532,464,0.0021390640176832676,0.9482239163480699,381|464|300|197|408,0.95036298|0.00213906|0.00131006|0.00103760|0.00091164,1,0.9503629803657532,True,381,0.9503629803657532,True,381,0.9052135944366455,True,381,0.8312296867370605,True,381,0.8911692500114441,True,c12_correct
382,383,383_7.bmp,preprocessed_results\383\383_7.bmp,382,382,382,0.615206778049469,226,0.026794226840138435,0.5884125512093306,382|226|178|448|95,0.61520678|0.02679423|0.01087976|0.00903924|0.00612032,1,0.615206778049469,True,382,0.615206778049469,True,382,0.5502936244010925,True,382,0.7703027725219727,True,382,0.5199201703071594,True,c12_correct
383,384,384_1.bmp,preprocessed_results\384\384_1.bmp,383,383,383,0.7693127989768982,202,0.044339023530483246,0.724973775446415,383|202|465|94|22,0.76931280|0.04433902|0.00666543|0.00440533|0.00438038,1,0.7693127989768982,True,383,0.7693127989768982,True,383,0.31814223527908325,True,383,0.7797489762306213,True,383,0.5572812557220459,True,c12_correct
384,385,385_10.bmp,preprocessed_results\385\385_10.bmp,384,384,384,0.4068068265914917,456,0.038767438381910324,0.3680393882095814,384|456|385|445|487,0.40680683|0.03876744|0.02655160|0.01166453|0.01136539,1,0.4068068265914917,True,384,0.4068068265914917,True,384,0.3037925362586975,True,384,0.774836003780365,True,384,0.6627215147018433,True,c12_correct
385,386,386_10.bmp,preprocessed_results\386\386_10.bmp,385,385,385,0.9447787404060364,502,0.0038787652738392353,0.9408999751321971,385|502|384|66|456,0.94477874|0.00387877|0.00144428|0.00134081|0.00075519,1,0.9447787404060364,True,385,0.9447787404060364,True,385,0.8061366677284241,True,385,0.8334371447563171,True,385,0.8550474643707275,True,c12_correct
386,387,387_7.bmp,preprocessed_results\387\387_7.bmp,386,386,386,0.9425022006034851,387,0.0022084638476371765,0.9402937367558479,386|387|382|486|156,0.94250220|0.00220846|0.00172848|0.00165084|0.00126298,1,0.9425022006034851,True,386,0.9425022006034851,True,386,0.9161335229873657,True,386,0.8424725532531738,True,386,0.847882866859436,True,c12_correct
387,388,388_4.bmp,preprocessed_results\388\388_4.bmp,387,387,387,0.929755449295044,500,0.0032511097379028797,0.9265043395571411,387|500|516|548|386,0.92975545|0.00325111|0.00314292|0.00199734|0.00146558,1,0.929755449295044,True,387,0.929755449295044,True,387,0.908347487449646,True,387,0.8003862500190735,True,387,0.8443091511726379,True,c12_correct
388,389,389_7.bmp,preprocessed_results\389\389_7.bmp,388,388,388,0.8800817131996155,390,0.00524165341630578,0.8748400597833097,388|390|507|430|5,0.88008171|0.00524165|0.00504143|0.00255039|0.00176447,1,0.8800817131996155,True,388,0.8800817131996155,True,388,0.7104275226593018,True,388,0.8495438098907471,True,388,0.7035365104675293,True,c12_correct
389,390,390_3.bmp,preprocessed_results\390\390_3.bmp,389,389,389,0.9552785158157349,349,0.0019411157118156552,0.9533374001039192,389|349|391|150|124,0.95527852|0.00194112|0.00130050|0.00096046|0.00087178,1,0.9552785158157349,True,389,0.9552785158157349,True,389,0.8872882127761841,True,389,0.8385114073753357,True,389,0.8760157823562622,True,c12_correct
390,391,391_7.bmp,preprocessed_results\391\391_7.bmp,390,390,390,0.8931578397750854,388,0.004836819600313902,0.8883210201747715,390|388|336|28|428,0.89315784|0.00483682|0.00423999|0.00214716|0.00207636,1,0.8931578397750854,True,390,0.8931578397750854,True,390,0.8213221430778503,True,390,0.848007321357727,True,390,0.8881559371948242,True,c12_correct
391,392,392_2.bmp,preprocessed_results\392\392_2.bmp,391,391,391,0.8916428685188293,133,0.009068941697478294,0.882573926821351,391|133|771|491|429,0.89164287|0.00906894|0.00307753|0.00287198|0.00259071,1,0.8916428685188293,True,391,0.8916428685188293,True,391,0.6365172863006592,True,391,0.836934506893158,True,391,0.8515275120735168,True,c12_correct
392,393,393_8.bmp,preprocessed_results\393\393_8.bmp,392,392,392,0.6825847625732422,529,0.01027829572558403,0.6723064668476582,392|529|499|408|168,0.68258476|0.01027830|0.00653566|0.00456770|0.00448815,1,0.6825847625732422,True,392,0.6825847625732422,True,392,0.5194188952445984,True,392,0.8234752416610718,True,392,0.5370354056358337,True,c12_correct
393,394,394_3.bmp,preprocessed_results\394\394_3.bmp,393,393,393,0.8743510842323303,514,0.002178294351324439,0.8721727898810059,393|514|403|365|469,0.87435108|0.00217829|0.00213980|0.00209375|0.00200686,1,0.8743510842323303,True,393,0.8743510842323303,True,393,0.7049318552017212,True,393,0.8134331107139587,True,393,0.7944087982177734,True,c12_correct
394,395,395_5.bmp,preprocessed_results\395\395_5.bmp,394,394,394,0.9141265153884888,354,0.0062354328110814095,0.9078910825774074,394|354|496|174|185,0.91412652|0.00623543|0.00492695|0.00211320|0.00153373,1,0.9141265153884888,True,394,0.9141265153884888,True,394,0.830297589302063,True,394,0.8526662588119507,True,394,0.8303137421607971,True,c12_correct
395,396,396_2.bmp,preprocessed_results\396\396_2.bmp,395,395,395,0.8944261074066162,375,0.0031252212356776,0.8913008861709386,395|375|536|200|392,0.89442611|0.00312522|0.00225606|0.00217645|0.00217161,1,0.8944261074066162,True,395,0.8944261074066162,True,395,0.848617672920227,True,395,0.8385721445083618,True,395,0.8658705949783325,True,c12_correct
396,397,397_1.bmp,preprocessed_results\397\397_1.bmp,396,396,396,0.9420081377029419,468,0.0020017127972096205,0.9400064249057323,396|468|515|448|453,0.94200814|0.00200171|0.00177838|0.00121539|0.00117791,1,0.9420081377029419,True,396,0.9420081377029419,True,396,0.9139247536659241,True,396,0.8464984893798828,True,396,0.8796849846839905,True,c12_correct
397,398,398_1.bmp,preprocessed_results\398\398_1.bmp,397,397,397,0.8128697872161865,396,0.036188580095767975,0.7766812071204185,397|396|553|356|513,0.81286979|0.03618858|0.00304680|0.00292547|0.00289827,1,0.8128697872161865,True,397,0.8128697872161865,True,397,0.6681879758834839,True,397,0.8119211196899414,True,397,0.7160138487815857,True,c12_correct
398,399,399_6.bmp,preprocessed_results\399\399_6.bmp,398,398,398,0.9315335750579834,498,0.003280011238530278,0.9282535638194531,398|498|399|308|236,0.93153358|0.00328001|0.00217088|0.00147744|0.00122454,1,0.9315335750579834,True,398,0.9315335750579834,True,398,0.8623167872428894,True,398,0.8174144625663757,True,398,0.8503283262252808,True,c12_correct
399,400,400_7.bmp,preprocessed_results\400\400_7.bmp,399,399,399,0.823519766330719,292,0.006457454524934292,0.8170623118057847,399|292|398|293|461,0.82351977|0.00645745|0.00622918|0.00587396|0.00486653,1,0.823519766330719,True,399,0.823519766330719,True,399,0.8126164674758911,True,399,0.802280068397522,True,399,0.7908414602279663,True,c12_correct
400,401,401_6.bmp,preprocessed_results\401\401_6.bmp,400,400,400,0.6670745611190796,468,0.017796823754906654,0.6492777373641729,400|468|426|148|470,0.66707456|0.01779682|0.01022391|0.00848663|0.00798553,1,0.6670745611190796,True,400,0.6670745611190796,True,400,0.4864318072795868,True,400,0.8256038427352905,True,400,0.5878109335899353,True,c12_correct
401,402,402_2.bmp,preprocessed_results\402\402_2.bmp,401,401,401,0.5270776152610779,472,0.022702297195792198,0.5043753180652857,401|472|490|415|414,0.52707762|0.02270230|0.01884030|0.01556845|0.01546860,1,0.5270776152610779,True,401,0.5270776152610779,True,401,0.13911888003349304,True,401,0.759295642375946,True,401,0.2681601047515869,True,c12_correct
402,403,403_10.bmp,preprocessed_results\403\403_10.bmp,402,402,402,0.4083404541015625,390,0.03282686695456505,0.37551358714699745,402|390|403|376|460,0.40834045|0.03282687|0.02818357|0.02308785|0.01003002,1,0.4083404541015625,True,402,0.4083404541015625,True,402,0.4223253130912781,True,402,0.8581081628799438,True,402,0.775801420211792,True,c12_correct
403,404,404_4.bmp,preprocessed_results\404\404_4.bmp,403,403,403,0.8745800256729126,402,0.006364640314131975,0.8682153853587806,403|402|461|365|427,0.87458003|0.00636464|0.00439786|0.00195925|0.00184420,1,0.8745800256729126,True,403,0.8745800256729126,True,403,0.9121338725090027,True,403,0.8454281687736511,True,403,0.7743913531303406,True,c12_correct
404,405,405_1.bmp,preprocessed_results\405\405_1.bmp,404,404,404,0.644142210483551,376,0.029754413291811943,0.6143877971917391,404|376|235|405|414,0.64414221|0.02975441|0.02342706|0.01762454|0.01011749,1,0.644142210483551,True,404,0.644142210483551,True,404,0.5287154316902161,True,404,0.7869118452072144,True,404,0.3238120675086975,True,c12_correct
405,406,406_5.bmp,preprocessed_results\406\406_5.bmp,405,405,405,0.9101012349128723,404,0.016314297914505005,0.8937869369983673,405|404|415|506|336,0.91010123|0.01631430|0.00274508|0.00201929|0.00180657,1,0.9101012349128723,True,405,0.9101012349128723,True,405,0.833754301071167,True,405,0.8363074064254761,True,405,0.8961847424507141,True,c12_correct
406,407,407_10.bmp,preprocessed_results\407\407_10.bmp,406,406,406,0.8797357082366943,378,0.004277913365513086,0.8754577948711812,406|378|165|782|407,0.87973571|0.00427791|0.00360706|0.00199766|0.00163384,1,0.8797357082366943,True,406,0.8797357082366943,True,406,0.9067416787147522,True,406,0.7969353199005127,True,406,0.8354146480560303,True,c12_correct
407,408,408_2.bmp,preprocessed_results\408\408_2.bmp,407,407,407,0.9688538312911987,141,0.0009193631703965366,0.9679344681208022,407|141|518|546|409,0.96885383|0.00091936|0.00077826|0.00071066|0.00065637,1,0.9688538312911987,True,407,0.9688538312911987,True,407,0.9253193140029907,True,407,0.8108774423599243,True,407,0.874504029750824,True,c12_correct
408,409,409_1.bmp,preprocessed_results\409\409_1.bmp,408,408,408,0.8779465556144714,364,0.003418226493522525,0.8745283291209489,408|364|464|200|381,0.87794656|0.00341823|0.00254374|0.00253640|0.00184273,1,0.8779465556144714,True,408,0.8779465556144714,True,408,0.8587311506271362,True,408,0.8448264598846436,True,408,0.7911651730537415,True,c12_correct
409,410,410_3.bmp,preprocessed_results\410\410_3.bmp,409,409,409,0.3015139698982239,403,0.0943126529455185,0.20720131695270538,409|403|349|395|9,0.30151397|0.09431265|0.04099721|0.01333279|0.01207143,1,0.3015139698982239,True,409,0.3015139698982239,True,409,0.6187589764595032,True,409,0.7896389961242676,True,409,0.5626306533813477,True,c12_correct
410,411,411_4.bmp,preprocessed_results\411\411_4.bmp,410,410,410,0.9022444486618042,411,0.004214397631585598,0.8980300510302186,410|411|308|727|593,0.90224445|0.00421440|0.00172826|0.00147397|0.00118429,1,0.9022444486618042,True,410,0.9022444486618042,True,410,0.8469293117523193,True,410,0.8406693935394287,True,410,0.86758953332901,True,c12_correct
411,412,412_5.bmp,preprocessed_results\412\412_5.bmp,411,411,411,0.8868775963783264,410,0.017039654776453972,0.8698379416018724,411|410|2|291|323,0.88687760|0.01703965|0.00221793|0.00165554|0.00140082,1,0.8868775963783264,True,411,0.8868775963783264,True,411,0.7994868159294128,True,411,0.8317533731460571,True,411,0.8302191495895386,True,c12_correct
412,413,413_1.bmp,preprocessed_results\413\413_1.bmp,412,412,412,0.6041133403778076,156,0.016134848818182945,0.5879784915596247,412|156|226|413|164,0.60411334|0.01613485|0.01138238|0.01118232|0.00865882,1,0.6041133403778076,True,412,0.6041133403778076,True,412,0.27554649114608765,True,412,0.7844807505607605,True,412,0.49109575152397156,True,c12_correct
413,414,414_6.bmp,preprocessed_results\414\414_6.bmp,413,413,413,0.9065451622009277,412,0.0159956905990839,0.8905494716018438,413|412|379|437|544,0.90654516|0.01599569|0.00656164|0.00205034|0.00198115,1,0.9065451622009277,True,413,0.9065451622009277,True,413,0.8799477815628052,True,413,0.8400689959526062,True,413,0.8653119802474976,True,c12_correct
414,415,415_6.bmp,preprocessed_results\415\415_6.bmp,414,414,414,0.7197628021240234,434,0.013753321953117847,0.7060094801709056,414|434|774|717|234,0.71976280|0.01375332|0.00815592|0.00777554|0.00770717,1,0.7197628021240234,True,414,0.7197628021240234,True,414,0.690808892250061,True,414,0.8280960321426392,True,414,0.8324770927429199,True,c12_correct
415,416,416_3.bmp,preprocessed_results\416\416_3.bmp,415,415,415,0.9151999950408936,375,0.007772176992148161,0.9074278180487454,415|375|447|417|745,0.91520000|0.00777218|0.00492805|0.00277989|0.00128770,1,0.9151999950408936,True,415,0.9151999950408936,True,415,0.2438715249300003,True,415,0.7937860488891602,True,415,0.4754919409751892,True,c12_correct
416,417,417_8.bmp,preprocessed_results\417\417_8.bmp,416,416,416,0.9609308242797852,519,0.0016592747997492552,0.9592715494800359,416|519|323|511|301,0.96093082|0.00165927|0.00156905|0.00136246|0.00108283,1,0.9609308242797852,True,416,0.9609308242797852,True,416,0.8700920343399048,True,416,0.8211844563484192,True,416,0.8290951251983643,True,c12_correct
417,418,418_9.bmp,preprocessed_results\418\418_9.bmp,417,417,417,0.9089524745941162,416,0.003131135832518339,0.9058213387615979,417|416|393|471|546,0.90895247|0.00313114|0.00194394|0.00146445|0.00139741,1,0.9089524745941162,True,417,0.9089524745941162,True,417,0.891620934009552,True,417,0.8391908407211304,True,417,0.8393221497535706,True,c12_correct
418,419,419_10.bmp,preprocessed_results\419\419_10.bmp,418,418,418,0.924655020236969,394,0.0022306584287434816,0.9224243618082255,418|394|419|398|488,0.92465502|0.00223066|0.00205793|0.00166132|0.00132242,1,0.924655020236969,True,418,0.924655020236969,True,418,0.8131977319717407,True,418,0.8364100456237793,True,418,0.7852705717086792,True,c12_correct
419,420,420_10.bmp,preprocessed_results\420\420_10.bmp,419,419,419,0.8052640557289124,418,0.024581637233495712,0.7806824184954166,419|418|456|491|41,0.80526406|0.02458164|0.00533619|0.00396538|0.00377836,1,0.8052640557289124,True,419,0.8052640557289124,True,419,0.7821871042251587,True,419,0.8454174995422363,True,419,0.7650594115257263,True,c12_correct
420,421,421_10.bmp,preprocessed_results\421\421_10.bmp,420,420,420,0.6009684801101685,165,0.011981518939137459,0.588986961171031,420|165|32|368|798,0.60096848|0.01198152|0.00908886|0.00818458|0.00622908,1,0.6009684801101685,True,420,0.6009684801101685,True,420,0.8017114400863647,True,420,0.7928467988967896,True,420,0.73836749792099,True,c12_correct
421,422,422_10.bmp,preprocessed_results\422\422_10.bmp,421,421,421,0.6340694427490234,544,0.016544759273529053,0.6175246834754944,421|544|322|500|420,0.63406944|0.01654476|0.00884571|0.00652014|0.00642653,1,0.6340694427490234,True,421,0.6340694427490234,True,421,0.48841598629951477,True,421,0.8112139105796814,True,421,0.6844539642333984,True,c12_correct
422,423,423_4.bmp,preprocessed_results\423\423_4.bmp,422,422,422,0.9251906275749207,423,0.004689001478254795,0.9205016260966659,422|423|491|535|472,0.92519063|0.00468900|0.00240573|0.00225588|0.00086575,1,0.9251906275749207,True,422,0.9251906275749207,True,422,0.9248849749565125,True,422,0.8451526165008545,True,422,0.8530077338218689,True,c12_correct
423,424,424_1.bmp,preprocessed_results\424\424_1.bmp,423,423,423,0.49774670600891113,409,0.021405111998319626,0.4763415940105915,423|409|148|392|415,0.49774671|0.02140511|0.01237000|0.00902718|0.00880022,1,0.49774670600891113,True,423,0.49774670600891113,True,423,0.3396140933036804,True,423,0.7819032669067383,True,423,0.4309881329536438,True,c12_correct
424,425,425_5.bmp,preprocessed_results\425\425_5.bmp,424,424,424,0.9435086250305176,425,0.0019017228623852134,0.9416069021681324,424|425|252|430|499,0.94350863|0.00190172|0.00100475|0.00100252|0.00094484,1,0.9435086250305176,True,424,0.9435086250305176,True,424,0.9133528470993042,True,424,0.8522358536720276,True,424,0.8695542216300964,True,c12_correct
425,426,426_4.bmp,preprocessed_results\426\426_4.bmp,425,425,425,0.8840593099594116,424,0.007254828233271837,0.8768044817261398,425|424|506|337|431,0.88405931|0.00725483|0.00540421|0.00504025|0.00375729,1,0.8840593099594116,True,425,0.8840593099594116,True,425,0.9030925631523132,True,425,0.8392125964164734,True,425,0.8846896886825562,True,c12_correct
426,427,427_7.bmp,preprocessed_results\427\427_7.bmp,426,426,426,0.8768696784973145,428,0.0035513914190232754,0.8733182870782912,426|428|519|488|418,0.87686968|0.00355139|0.00347092|0.00300015|0.00204279,1,0.8768696784973145,True,426,0.8768696784973145,True,426,0.8991060256958008,True,426,0.8334020972251892,True,426,0.8852187991142273,True,c12_correct
427,428,428_3.bmp,preprocessed_results\428\428_3.bmp,427,427,427,0.9508647918701172,461,0.0018516231793910265,0.9490131686907262,427|461|508|521|400,0.95086479|0.00185162|0.00098848|0.00083887|0.00079278,1,0.9508647918701172,True,427,0.9508647918701172,True,427,0.8526126146316528,True,427,0.8335573673248291,True,427,0.8391363620758057,True,c12_correct
428,429,429_10.bmp,preprocessed_results\429\429_10.bmp,428,428,428,0.9284743666648865,426,0.005214630626142025,0.9232597360387444,428|426|519|420|91,0.92847437|0.00521463|0.00294436|0.00140290|0.00103907,1,0.9284743666648865,True,428,0.9284743666648865,True,428,0.8744204044342041,True,428,0.8407467603683472,True,428,0.805730402469635,True,c12_correct
429,430,430_3.bmp,preprocessed_results\430\430_3.bmp,429,429,429,0.924513578414917,400,0.002667481079697609,0.9218460973352194,429|400|407|456|546,0.92451358|0.00266748|0.00191692|0.00134839|0.00126659,1,0.924513578414917,True,429,0.924513578414917,True,429,0.855950653553009,True,429,0.848420262336731,True,429,0.8118656873703003,True,c12_correct
430,431,431_4.bmp,preprocessed_results\431\431_4.bmp,430,430,430,0.936150312423706,398,0.002911339281126857,0.9332389731425792,430|398|431|322|1,0.93615031|0.00291134|0.00209383|0.00173176|0.00162044,1,0.936150312423706,True,430,0.936150312423706,True,430,0.8141841292381287,True,430,0.8278679847717285,True,430,0.8163642287254333,True,c12_correct
431,432,432_7.bmp,preprocessed_results\432\432_7.bmp,431,431,431,0.9601826667785645,425,0.0011527631431818008,0.9590299036353827,431|425|430|506|500,0.96018267|0.00115276|0.00110854|0.00091818|0.00080781,1,0.9601826667785645,True,431,0.9601826667785645,True,431,0.8850045204162598,True,431,0.8097748160362244,True,431,0.8338109254837036,True,c12_correct
432,433,433_4.bmp,preprocessed_results\433\433_4.bmp,432,432,432,0.8862349987030029,71,0.0037362962029874325,0.8824987025000155,432|71|439|433|196,0.88623500|0.00373630|0.00352025|0.00257160|0.00193373,1,0.8862349987030029,True,432,0.8862349987030029,True,432,0.7560624480247498,True,432,0.7653794288635254,True,432,0.8538130521774292,True,c12_correct
433,434,434_3.bmp,preprocessed_results\434\434_3.bmp,433,433,433,0.9374945163726807,432,0.006384580861777067,0.9311099355109036,433|432|353|82|301,0.93749452|0.00638458|0.00503758|0.00205784|0.00139056,1,0.9374945163726807,True,433,0.9374945163726807,True,433,0.8646385073661804,True,433,0.8368082046508789,True,433,0.8246939778327942,True,c12_correct
434,435,435_7.bmp,preprocessed_results\435\435_7.bmp,434,434,434,0.9253079891204834,277,0.003675268031656742,0.9216327210888267,434|277|470|414|27,0.92530799|0.00367527|0.00212064|0.00208977|0.00141910,1,0.9253079891204834,True,434,0.9253079891204834,True,434,0.8219753503799438,True,434,0.8228733539581299,True,434,0.7497440576553345,True,c12_correct
435,436,436_4.bmp,preprocessed_results\436\436_4.bmp,435,435,435,0.9328703284263611,434,0.004778555128723383,0.9280917732976377,435|434|463|346|441,0.93287033|0.00477856|0.00197881|0.00172553|0.00130325,1,0.9328703284263611,True,435,0.9328703284263611,True,435,0.6084012985229492,True,435,0.8273805379867554,True,435,0.8244805335998535,True,c12_correct
436,437,437_4.bmp,preprocessed_results\437\437_4.bmp,436,436,436,0.8655444383621216,532,0.004407360218465328,0.8611370781436563,436|532|450|386|440,0.86554444|0.00440736|0.00416517|0.00290544|0.00232584,1,0.8655444383621216,True,436,0.8655444383621216,True,436,0.8275806903839111,True,436,0.7984253764152527,True,436,0.8134279847145081,True,c12_correct
437,438,438_4.bmp,preprocessed_results\438\438_4.bmp,437,437,437,0.8520256280899048,343,0.004089026246219873,0.8479366018436849,437|343|611|469|102,0.85202563|0.00408903|0.00374745|0.00320514|0.00302663,1,0.8520256280899048,True,437,0.8520256280899048,True,437,0.8375970125198364,True,437,0.8146589398384094,True,437,0.771968424320221,True,c12_correct
438,439,439_4.bmp,preprocessed_results\439\439_4.bmp,438,438,438,0.8676403164863586,185,0.004551426041871309,0.8630888904444873,438|185|505|439|688,0.86764032|0.00455143|0.00280420|0.00261476|0.00227648,1,0.8676403164863586,True,438,0.8676403164863586,True,438,0.5931490659713745,True,438,0.8085972666740417,True,438,0.7763228416442871,True,c12_correct
439,440,440_2.bmp,preprocessed_results\440\440_2.bmp,439,439,439,0.9505848288536072,555,0.0017835699254646897,0.9488012589281425,439|555|247|505|143,0.95058483|0.00178357|0.00165662|0.00134526|0.00104711,1,0.9505848288536072,True,439,0.9505848288536072,True,439,0.8011302947998047,True,439,0.8216367363929749,True,439,0.7732090950012207,True,c12_correct
440,441,441_9.bmp,preprocessed_results\441\441_9.bmp,440,440,440,0.6084519624710083,555,0.012781689874827862,0.5956702725961804,440|555|453|43|436,0.60845196|0.01278169|0.01107884|0.00688633|0.00659971,1,0.6084519624710083,True,440,0.6084519624710083,True,440,0.6834114789962769,True,440,0.7999699115753174,True,440,0.521472692489624,True,c12_correct
441,442,442_8.bmp,preprocessed_results\442\442_8.bmp,441,441,441,0.8956324458122253,335,0.01659397967159748,0.8790384661406279,441|335|295|363|434,0.89563245|0.01659398|0.01461282|0.00183402|0.00136656,1,0.8956324458122253,True,441,0.8956324458122253,True,441,0.8880318403244019,True,441,0.8478755950927734,True,441,0.8672533631324768,True,c12_correct
442,443,443_7.bmp,preprocessed_results\443\443_7.bmp,442,442,442,0.9331649541854858,396,0.0010994661133736372,0.9320654880721122,442|396|443|307|440,0.93316495|0.00109947|0.00107086|0.00093776|0.00091139,1,0.9331649541854858,True,442,0.9331649541854858,True,442,0.8943262696266174,True,442,0.8451249599456787,True,442,0.8594251871109009,True,c12_correct
443,444,444_3.bmp,preprocessed_results\444\444_3.bmp,443,443,443,0.8972198367118835,399,0.006659516133368015,0.8905603205785155,443|399|463|442|405,0.89721984|0.00665952|0.00406303|0.00399905|0.00293609,1,0.8972198367118835,True,443,0.8972198367118835,True,443,0.8580949306488037,True,443,0.8210931420326233,True,443,0.8607308268547058,True,c12_correct
444,445,445_9.bmp,preprocessed_results\445\445_9.bmp,444,444,444,0.8985381126403809,509,0.0027033542282879353,0.8958347584120929,444|509|178|393|371,0.89853811|0.00270335|0.00134839|0.00098984|0.00094080,1,0.8985381126403809,True,444,0.8985381126403809,True,444,0.8689219355583191,True,444,0.8448366522789001,True,444,0.8411538004875183,True,c12_correct
445,446,446_7.bmp,preprocessed_results\446\446_7.bmp,445,445,445,0.9578246474266052,486,0.003286602208390832,0.9545380452182144,445|486|487|351|495,0.95782465|0.00328660|0.00106818|0.00084475|0.00071201,1,0.9578246474266052,True,445,0.9578246474266052,True,445,0.9187013506889343,True,445,0.8314332962036133,True,445,0.8662471771240234,True,c12_correct
446,447,447_2.bmp,preprocessed_results\447\447_2.bmp,446,446,446,0.8044610023498535,364,0.00858550425618887,0.7958754980936646,446|364|434|351|458,0.80446100|0.00858550|0.00599219|0.00591457|0.00496261,1,0.8044610023498535,True,446,0.8044610023498535,True,446,0.7627747654914856,True,446,0.8126873970031738,True,446,0.594318687915802,True,c12_correct
447,448,448_2.bmp,preprocessed_results\448\448_2.bmp,447,447,447,0.8877442479133606,497,0.005035265814512968,0.8827089820988476,447|497|26|382|329,0.88774425|0.00503527|0.00477159|0.00340860|0.00181321,1,0.8877442479133606,True,447,0.8877442479133606,True,447,0.8598167896270752,True,447,0.8205518126487732,True,447,0.8293733596801758,True,c12_correct
448,449,449_1.bmp,preprocessed_results\449\449_1.bmp,448,448,448,0.2930625081062317,396,0.1326775997877121,0.1603849083185196,448|396|464|352|440,0.29306251|0.13267760|0.02346637|0.01220831|0.00894826,1,0.2930625081062317,True,448,0.2930625081062317,True,448,0.38993149995803833,True,448,0.77523273229599,True,448,0.4614828824996948,True,c12_correct
449,450,450_2.bmp,preprocessed_results\450\450_2.bmp,449,449,449,0.9389869570732117,345,0.00511555140838027,0.9338714056648314,449|345|367|477|416,0.93898696|0.00511555|0.00198123|0.00162448|0.00161247,1,0.9389869570732117,True,449,0.9389869570732117,True,449,0.8688580989837646,True,449,0.8256469964981079,True,449,0.836574137210846,True,c12_correct
450,451,451_8.bmp,preprocessed_results\451\451_8.bmp,450,450,450,0.4960938096046448,440,0.009148339740931988,0.4869454698637128,450|440|196|517|33,0.49609381|0.00914834|0.00904491|0.00837961|0.00751779,1,0.4960938096046448,True,450,0.4960938096046448,True,450,0.7412509322166443,True,450,0.8221929669380188,True,450,0.7111970782279968,True,c12_correct
451,452,452_3.bmp,preprocessed_results\452\452_3.bmp,451,451,451,0.8552969694137573,196,0.005429054144769907,0.8498679152689874,451|196|102|58|477,0.85529697|0.00542905|0.00399370|0.00386779|0.00319493,1,0.8552969694137573,True,451,0.8552969694137573,True,451,0.7373565435409546,True,451,0.8133565187454224,True,451,0.6878321170806885,True,c12_correct
452,453,453_2.bmp,preprocessed_results\453\453_2.bmp,452,452,452,0.8951920866966248,453,0.003712432226166129,0.8914796544704586,452|453|179|216|547,0.89519209|0.00371243|0.00139691|0.00137274|0.00132328,1,0.8951920866966248,True,452,0.8951920866966248,True,452,0.7939463257789612,True,452,0.8517740368843079,True,452,0.8110964894294739,True,c12_correct
453,454,454_5.bmp,preprocessed_results\454\454_5.bmp,453,453,453,0.9093818068504333,452,0.005235741380602121,0.9041460654698312,453|452|234|251|441,0.90938181|0.00523574|0.00207099|0.00153736|0.00145780,1,0.9093818068504333,True,453,0.9093818068504333,True,453,0.7048370242118835,True,453,0.8343883156776428,True,453,0.7946453094482422,True,c12_correct
454,455,455_3.bmp,preprocessed_results\455\455_3.bmp,454,454,454,0.8661885261535645,455,0.008817533031105995,0.8573709931224585,454|455|347|554|359,0.86618853|0.00881753|0.00598599|0.00480007|0.00407627,1,0.8661885261535645,True,454,0.8661885261535645,True,454,0.8186838626861572,True,454,0.8077970743179321,True,454,0.7233676910400391,True,c12_correct
455,456,456_1.bmp,preprocessed_results\456\456_1.bmp,455,455,455,0.5673063397407532,516,0.023207398131489754,0.5440989416092634,455|516|549|436|454,0.56730634|0.02320740|0.01572774|0.01299479|0.01028051,1,0.5673063397407532,True,455,0.5673063397407532,True,455,0.5567833781242371,True,455,0.7748892307281494,True,455,0.4954957365989685,True,c12_correct
456,457,457_10.bmp,preprocessed_results\457\457_10.bmp,456,456,456,0.5255649089813232,510,0.033539172261953354,0.4920257367193699,456|510|485|457|487,0.52556491|0.03353917|0.01207003|0.01069545|0.00926452,1,0.5255649089813232,True,456,0.5255649089813232,True,456,0.533681333065033,True,456,0.7577482461929321,True,456,0.65876305103302,True,c12_correct
457,458,458_8.bmp,preprocessed_results\458\458_8.bmp,457,457,457,0.9351404309272766,456,0.004688532557338476,0.9304518983699381,457|456|351|342|461,0.93514043|0.00468853|0.00248556|0.00112621|0.00110334,1,0.9351404309272766,True,457,0.9351404309272766,True,457,0.7573872208595276,True,457,0.8167873024940491,True,457,0.7931007742881775,True,c12_correct
458,459,459_10.bmp,preprocessed_results\459\459_10.bmp,458,458,458,0.7470176815986633,459,0.037808846682310104,0.7092088349163532,458|459|378|480|453,0.74701768|0.03780885|0.02338000|0.00809802|0.00528758,1,0.7470176815986633,True,458,0.7470176815986633,True,458,0.7415952682495117,True,458,0.8078147768974304,True,458,0.7203735113143921,True,c12_correct
459,460,460_4.bmp,preprocessed_results\460\460_4.bmp,459,459,459,0.6094525456428528,434,0.01672654040157795,0.5927260052412748,459|434|71|152|441,0.60945255|0.01672654|0.01422476|0.01110922|0.00852478,1,0.6094525456428528,True,459,0.6094525456428528,True,459,0.6056215763092041,True,459,0.8454481959342957,True,459,0.5765892863273621,True,c12_correct
460,461,461_5.bmp,preprocessed_results\461\461_5.bmp,460,460,460,0.9642349481582642,67,0.001322308904491365,0.9629126392537728,460|67|461|178|468,0.96423495|0.00132231|0.00130412|0.00113248|0.00066829,1,0.9642349481582642,True,460,0.9642349481582642,True,460,0.8983414173126221,True,460,0.8506454825401306,True,460,0.8142290711402893,True,c12_correct
461,462,462_5.bmp,preprocessed_results\462\462_5.bmp,461,461,461,0.7332357168197632,427,0.013030589558184147,0.720205127261579,461|427|457|460|465,0.73323572|0.01303059|0.01038706|0.00787682|0.00501473,1,0.7332357168197632,True,461,0.7332357168197632,True,461,0.8528012633323669,True,461,0.8252031207084656,True,461,0.7828893661499023,True,c12_correct
462,463,463_2.bmp,preprocessed_results\463\463_2.bmp,462,462,462,0.9215622544288635,370,0.004850952886044979,0.9167113015428185,462|370|463|473|442,0.92156225|0.00485095|0.00168537|0.00145075|0.00142012,1,0.9215622544288635,True,462,0.9215622544288635,True,462,0.8105193972587585,True,462,0.8441853523254395,True,462,0.808924674987793,True,c12_correct
463,464,464_7.bmp,preprocessed_results\464\464_7.bmp,463,463,463,0.9359139800071716,462,0.0027329260483384132,0.9331810539588332,463|462|473|435|398,0.93591398|0.00273293|0.00142469|0.00125310|0.00103333,1,0.9359139800071716,True,463,0.9359139800071716,True,463,0.9118176102638245,True,463,0.8307620286941528,True,463,0.8405880331993103,True,c12_correct
464,465,465_5.bmp,preprocessed_results\465\465_5.bmp,464,464,464,0.9165321588516235,432,0.0024430251214653254,0.9140891337301582,464|432|196|82|450,0.91653216|0.00244303|0.00157426|0.00124357|0.00122352,1,0.9165321588516235,True,464,0.9165321588516235,True,464,0.8837125897407532,True,464,0.8494890332221985,True,464,0.8341916799545288,True,c12_correct
465,466,466_2.bmp,preprocessed_results\466\466_2.bmp,465,465,465,0.9024603366851807,417,0.003952243365347385,0.8985080933198333,465|417|393|423|467,0.90246034|0.00395224|0.00370638|0.00304372|0.00256763,1,0.9024603366851807,True,465,0.9024603366851807,True,465,0.9069345593452454,True,465,0.8406772613525391,True,465,0.8302757740020752,True,c12_correct
466,467,467_2.bmp,preprocessed_results\467\467_2.bmp,466,466,466,0.9350405931472778,80,0.002380398800596595,0.9326601943466812,466|80|81|470|490,0.93504059|0.00238040|0.00231679|0.00223224|0.00145029,1,0.9350405931472778,True,466,0.9350405931472778,True,466,0.9351160526275635,True,466,0.8387351632118225,True,466,0.7081406712532043,True,c12_correct
467,468,468_6.bmp,preprocessed_results\468\468_6.bmp,467,467,467,0.9500910043716431,489,0.0040040817111730576,0.94608692266047,467|489|477|495|546,0.95009100|0.00400408|0.00118768|0.00107260|0.00071064,1,0.9500910043716431,True,467,0.9500910043716431,True,467,0.9228125810623169,True,467,0.8389483094215393,True,467,0.8378611207008362,True,c12_correct
468,469,469_9.bmp,preprocessed_results\469\469_9.bmp,468,468,468,0.8912608623504639,469,0.012167120352387428,0.8790937419980764,468|469|344|453|396,0.89126086|0.01216712|0.00257701|0.00201791|0.00199281,1,0.8912608623504639,True,468,0.8912608623504639,True,468,0.8984293341636658,True,468,0.8440496921539307,True,468,0.8083028793334961,True,c12_correct
469,470,470_2.bmp,preprocessed_results\470\470_2.bmp,469,469,469,0.9424664378166199,483,0.0027771713212132454,0.9396892664954066,469|483|468|353|422,0.94246644|0.00277717|0.00181254|0.00156660|0.00135743,1,0.9424664378166199,True,469,0.9424664378166199,True,469,0.8778026700019836,True,469,0.8437231779098511,True,469,0.7384085655212402,True,c12_correct
470,471,471_5.bmp,preprocessed_results\471\471_5.bmp,470,470,470,0.8799970746040344,200,0.004843112081289291,0.8751539625227451,470|200|166|392|471,0.87999707|0.00484311|0.00470845|0.00388835|0.00325425,1,0.8799970746040344,True,470,0.8799970746040344,True,470,0.7261019349098206,True,470,0.811663806438446,True,470,0.7900039553642273,True,c12_correct
471,472,472_7.bmp,preprocessed_results\472\472_7.bmp,471,471,471,0.9442546367645264,393,0.0015556474681943655,0.942698989296332,471|393|190|24|550,0.94425464|0.00155565|0.00086811|0.00074200|0.00072538,1,0.9442546367645264,True,471,0.9442546367645264,True,471,0.9013407230377197,True,471,0.8126850128173828,True,471,0.8625997304916382,True,c12_correct
472,473,473_8.bmp,preprocessed_results\473\473_8.bmp,472,472,472,0.9656120538711548,473,0.001013432745821774,0.964598621125333,472|473|40|470|508,0.96561205|0.00101343|0.00071857|0.00065618|0.00062935,1,0.9656120538711548,True,472,0.9656120538711548,True,472,0.9088041186332703,True,472,0.8292422294616699,True,472,0.9102038741111755,True,c12_correct
473,474,474_5.bmp,preprocessed_results\474\474_5.bmp,473,473,473,0.9205574989318848,347,0.003381660208106041,0.9171758387237787,473|347|472|454|508,0.92055750|0.00338166|0.00268522|0.00189810|0.00119164,1,0.9205574989318848,True,473,0.9205574989318848,True,473,0.897605299949646,True,473,0.8311772346496582,True,473,0.8162436485290527,True,c12_correct
474,475,475_10.bmp,preprocessed_results\475\475_10.bmp,474,474,474,0.9401836395263672,475,0.002868317998945713,0.9373153215274215,474|475|533|637|636,0.94018364|0.00286832|0.00190160|0.00148238|0.00120548,1,0.9401836395263672,True,474,0.9401836395263672,True,474,0.9257514476776123,True,474,0.8597701787948608,True,474,0.8653368353843689,True,c12_correct
475,476,476_5.bmp,preprocessed_results\476\476_5.bmp,475,475,475,0.9350097179412842,559,0.005282286088913679,0.9297274318523705,475|559|474|557|540,0.93500972|0.00528229|0.00361015|0.00228649|0.00175420,1,0.9350097179412842,True,475,0.9350097179412842,True,475,0.7519541382789612,True,475,0.8244870901107788,True,475,0.8108190894126892,True,c12_correct
476,477,477_1.bmp,preprocessed_results\477\477_1.bmp,476,476,476,0.6467406749725342,477,0.13238149881362915,0.514359176158905,476|477|484|102|533,0.64674067|0.13238150|0.02363791|0.00365702|0.00323697,1,0.6467406749725342,True,476,0.6467406749725342,True,476,0.756567120552063,True,476,0.8199299573898315,True,476,0.7269499897956848,True,c12_correct
477,478,478_7.bmp,preprocessed_results\478\478_7.bmp,477,477,477,0.9133098721504211,476,0.015562867745757103,0.897747004404664,477|476|485|484|449,0.91330987|0.01556287|0.00320658|0.00223119|0.00135777,1,0.9133098721504211,True,477,0.9133098721504211,True,477,0.9024249911308289,True,477,0.8209660649299622,True,477,0.8592490553855896,True,c12_correct
478,479,479_5.bmp,preprocessed_results\479\479_5.bmp,478,478,478,0.9363970160484314,295,0.0018763738917186856,0.9345206421567127,478|295|68|332|726,0.93639702|0.00187637|0.00145132|0.00139183|0.00094832,1,0.9363970160484314,True,478,0.9363970160484314,True,478,0.5948625206947327,True,478,0.7974658012390137,True,478,0.7989952564239502,True,c12_correct
479,480,480_4.bmp,preprocessed_results\480\480_4.bmp,479,479,479,0.9587949514389038,538,0.0025189626030623913,0.9562759888358414,479|538|475|559|548,0.95879495|0.00251896|0.00137380|0.00100418|0.00090467,1,0.9587949514389038,True,479,0.9587949514389038,True,479,0.8709864616394043,True,479,0.8217035531997681,True,479,0.8502179384231567,True,c12_correct
480,481,481_6.bmp,preprocessed_results\481\481_6.bmp,480,480,480,0.8848357200622559,481,0.0041161710396409035,0.880719549022615,480|481|404|418|529,0.88483572|0.00411617|0.00255087|0.00235690|0.00228169,1,0.8848357200622559,True,480,0.8848357200622559,True,480,0.8149152994155884,True,480,0.8314621448516846,True,480,0.86237633228302,True,c12_correct
481,482,482_7.bmp,preprocessed_results\482\482_7.bmp,481,481,481,0.8819219470024109,480,0.002089811721816659,0.8798321352805942,481|480|395|39|442,0.88192195|0.00208981|0.00164538|0.00163888|0.00151824,1,0.8819219470024109,True,481,0.8819219470024109,True,481,0.8376964926719666,True,481,0.8280289173126221,True,481,0.7661782503128052,True,c12_correct
482,483,483_9.bmp,preprocessed_results\483\483_9.bmp,482,482,482,0.9346175193786621,483,0.004455789923667908,0.9301617294549942,482|483|467|451|70,0.93461752|0.00445579|0.00144088|0.00128999|0.00115519,1,0.9346175193786621,True,482,0.9346175193786621,True,482,0.7329362034797668,True,482,0.8339354991912842,True,482,0.879608690738678,True,c12_correct
483,484,484_9.bmp,preprocessed_results\484\484_9.bmp,483,483,483,0.9623308181762695,482,0.0013059544144198298,0.9610248637618497,483|482|230|469|536,0.96233082|0.00130595|0.00120535|0.00103551|0.00089212,1,0.9623308181762695,True,483,0.9623308181762695,True,483,0.7253075242042542,True,483,0.8191611766815186,True,483,0.8170647621154785,True,c12_correct
484,485,485_9.bmp,preprocessed_results\485\485_9.bmp,484,484,484,0.8961209654808044,485,0.006355724763125181,0.8897652407176793,484|485|476|477|508,0.89612097|0.00635572|0.00306005|0.00243464|0.00210795,1,0.8961209654808044,True,484,0.8961209654808044,True,484,0.8536112308502197,True,484,0.8338409066200256,True,484,0.7494290471076965,True,c12_correct
485,486,486_4.bmp,preprocessed_results\486\486_4.bmp,485,485,485,0.9181650876998901,477,0.004957947414368391,0.9132071402855217,485|477|484|188|546,0.91816509|0.00495795|0.00264752|0.00248434|0.00247696,1,0.9181650876998901,True,485,0.9181650876998901,True,485,0.8448038101196289,True,485,0.8359718322753906,True,485,0.8256142139434814,True,c12_correct
486,487,487_8.bmp,preprocessed_results\487\487_8.bmp,486,486,486,0.690375030040741,445,0.038853634148836136,0.6515213958919048,486|445|487|493|386,0.69037503|0.03885363|0.03126864|0.01914714|0.00546764,1,0.690375030040741,True,486,0.690375030040741,True,486,0.6228037476539612,True,486,0.8442103266716003,True,486,0.7294294238090515,True,c12_correct
487,488,488_2.bmp,preprocessed_results\488\488_2.bmp,487,487,487,0.8513199687004089,345,0.0098479138687253,0.8414720548316836,487|345|486|445|355,0.85131997|0.00984791|0.00763098|0.00421184|0.00399587,1,0.8513199687004089,True,487,0.8513199687004089,True,487,0.7792618870735168,True,487,0.8012044429779053,True,487,0.7528406977653503,True,c12_correct
488,489,489_8.bmp,preprocessed_results\489\489_8.bmp,488,488,488,0.9398620128631592,459,0.0031866321805864573,0.9366753806825727,488|459|489|418|426,0.93986201|0.00318663|0.00228727|0.00159916|0.00119969,1,0.9398620128631592,True,488,0.9398620128631592,True,488,0.8568167686462402,True,488,0.7900928258895874,True,488,0.8381079435348511,True,c12_correct
489,490,490_2.bmp,preprocessed_results\490\490_2.bmp,489,489,489,0.9264732003211975,467,0.006948141381144524,0.919525058940053,489|467|488|533|477,0.92647320|0.00694814|0.00363086|0.00238683|0.00192166,1,0.9264732003211975,True,489,0.9264732003211975,True,489,0.8219152688980103,True,489,0.8572245240211487,True,489,0.7876899242401123,True,c12_correct
490,491,491_2.bmp,preprocessed_results\491\491_2.bmp,490,490,490,0.8789616823196411,466,0.007949880324304104,0.871011801995337,490|466|234|472|81,0.87896168|0.00794988|0.00266268|0.00231739|0.00228738,1,0.8789616823196411,True,490,0.8789616823196411,True,490,0.7424941658973694,True,490,0.8397802710533142,True,490,0.686689019203186,True,c12_correct
491,492,492_9.bmp,preprocessed_results\492\492_9.bmp,491,491,491,0.8786917924880981,415,0.012065420858561993,0.8666263716295362,491|415|391|409|389,0.87869179|0.01206542|0.00835943|0.00346804|0.00212029,1,0.8786917924880981,True,491,0.8786917924880981,True,491,0.8104493618011475,True,491,0.8335945010185242,True,491,0.8204584121704102,True,c12_correct
492,493,493_1.bmp,preprocessed_results\493\493_1.bmp,492,492,492,0.5050460696220398,493,0.02164940908551216,0.48339666053652763,492|493|448|502|369,0.50504607|0.02164941|0.01755124|0.01007036|0.00863089,1,0.5050460696220398,True,492,0.5050460696220398,True,492,0.19336239993572235,True,492,0.7570893168449402,True,492,0.37707045674324036,True,c12_correct
493,494,494_3.bmp,preprocessed_results\494\494_3.bmp,493,493,493,0.9112154841423035,492,0.00505802733823657,0.9061574568040669,493|492|377|489|486,0.91121548|0.00505803|0.00398616|0.00247204|0.00152473,1,0.9112154841423035,True,493,0.9112154841423035,True,493,0.8352253437042236,True,493,0.8244214057922363,True,493,0.8714358806610107,True,c12_correct
494,495,495_4.bmp,preprocessed_results\495\495_4.bmp,494,494,494,0.880497395992279,140,0.011494599282741547,0.8690027967095375,494|140|445|80|45,0.88049740|0.01149460|0.00245925|0.00234024|0.00232585,1,0.880497395992279,True,494,0.880497395992279,True,494,0.927399754524231,True,494,0.8385035395622253,True,494,0.8312074542045593,True,c12_correct
495,496,496_6.bmp,preprocessed_results\496\496_6.bmp,495,495,495,0.9249207973480225,378,0.005265327170491219,0.9196554701775312,495|378|74|514|351,0.92492080|0.00526533|0.00265667|0.00228458|0.00217875,1,0.9249207973480225,True,495,0.9249207973480225,True,495,0.8537381291389465,True,495,0.8546514511108398,True,495,0.8285897374153137,True,c12_correct
496,497,497_1.bmp,preprocessed_results\497\497_1.bmp,496,496,496,0.2358301281929016,497,0.1963505893945694,0.039479538798332214,496|497|539|221|459,0.23583013|0.19635059|0.01562650|0.01245777|0.01014772,1,0.2358301281929016,True,496,0.2358301281929016,True,496,0.17623190581798553,True,496,0.7798049449920654,True,496,0.2604149281978607,True,c12_correct
497,498,498_9.bmp,preprocessed_results\498\498_9.bmp,497,497,497,0.8641009330749512,396,0.0030121435411274433,0.8610887895338237,497|396|447|106|167,0.86410093|0.00301214|0.00283545|0.00278906|0.00246549,1,0.8641009330749512,True,497,0.8641009330749512,True,497,0.5835350155830383,True,497,0.8248348832130432,True,497,0.7212235331535339,True,c12_correct
498,499,499_8.bmp,preprocessed_results\499\499_8.bmp,498,498,498,0.9179995059967041,462,0.008980028331279755,0.9090194776654243,498|462|499|463|398,0.91799951|0.00898003|0.00344102|0.00296325|0.00228115,1,0.9179995059967041,True,498,0.9179995059967041,True,498,0.9140306115150452,True,498,0.8492593169212341,True,498,0.805068850517273,True,c12_correct
499,500,500_10.bmp,preprocessed_results\500\500_10.bmp,499,499,499,0.9224065542221069,506,0.006693006493151188,0.9157135477289557,499|506|498|529|392,0.92240655|0.00669301|0.00398462|0.00178130|0.00146645,1,0.9224065542221069,True,499,0.9224065542221069,True,499,0.7168269753456116,True,499,0.8472002744674683,True,499,0.7729728817939758,True,c12_correct
500,501,501_3.bmp,preprocessed_results\501\501_3.bmp,500,500,500,0.8845126032829285,387,0.004882564768195152,0.8796300385147333,500|387|407|406|317,0.88451260|0.00488256|0.00441270|0.00282380|0.00182191,1,0.8845126032829285,True,500,0.8845126032829285,True,500,0.9203007817268372,True,500,0.8355689644813538,True,500,0.7945132851600647,True,c12_correct
501,502,502_7.bmp,preprocessed_results\502\502_7.bmp,501,501,501,0.7955855131149292,54,0.008430508896708488,0.7871550042182207,501|54|461|429|112,0.79558551|0.00843051|0.00453669|0.00447536|0.00415741,1,0.7955855131149292,True,501,0.7955855131149292,True,501,0.7506052255630493,True,501,0.8522939682006836,True,501,0.81671142578125,True,c12_correct
502,503,503_4.bmp,preprocessed_results\503\503_4.bmp,502,502,502,0.9358901381492615,500,0.004134912509471178,0.9317552256397903,502|500|430|368|480,0.93589014|0.00413491|0.00146205|0.00145245|0.00132934,1,0.9358901381492615,True,502,0.9358901381492615,True,502,0.6088289618492126,True,502,0.8347219228744507,True,502,0.8314885497093201,True,c12_correct
503,504,504_4.bmp,preprocessed_results\504\504_4.bmp,503,503,482,0.11791668087244034,468,0.03678276389837265,0.08113391697406769,482|468|484|380|218,0.11791668|0.03678276|0.02084474|0.02049725|0.01517885,31,0.005015428178012371,False,482,0.11791668087244034,False,534,0.012089760974049568,False,503,0.028190873563289642,True,503,0.0738213062286377,True,teacher_all_correct;low_margin
504,505,505_10.bmp,preprocessed_results\505\505_10.bmp,504,504,504,0.8975831866264343,505,0.012088373303413391,0.8854948133230209,504|505|555|598|450,0.89758319|0.01208837|0.00621252|0.00219601|0.00215604,1,0.8975831866264343,True,504,0.8975831866264343,True,504,0.9343798160552979,True,504,0.8265007138252258,True,504,0.8717280626296997,True,c12_correct
505,506,506_10.bmp,preprocessed_results\506\506_10.bmp,505,505,505,0.9472987651824951,504,0.004721614997833967,0.9425771501846611,505|504|598|439|320,0.94729877|0.00472161|0.00107308|0.00096352|0.00084633,1,0.9472987651824951,True,505,0.9472987651824951,True,505,0.8419013023376465,True,505,0.824862003326416,True,505,0.7990568280220032,True,c12_correct
506,507,507_1.bmp,preprocessed_results\507\507_1.bmp,506,506,506,0.7465325593948364,171,0.0075220935977995396,0.7390104657970369,506|171|407|499|491,0.74653256|0.00752209|0.00686856|0.00478775|0.00417032,1,0.7465325593948364,True,506,0.7465325593948364,True,506,0.7096995115280151,True,506,0.8113783597946167,True,506,0.6614295244216919,True,c12_correct
507,508,508_6.bmp,preprocessed_results\508\508_6.bmp,507,507,507,0.8118428587913513,529,0.01739261858165264,0.7944502402096987,507|529|336|392|303,0.81184286|0.01739262|0.01374970|0.01104514|0.00668778,1,0.8118428587913513,True,507,0.8118428587913513,True,507,0.7128391861915588,True,507,0.8052840828895569,True,507,0.6986538767814636,True,c12_correct
508,509,509_8.bmp,preprocessed_results\509\509_8.bmp,508,508,508,0.9369223713874817,509,0.0051545253954827785,0.9317678459919989,508|509|477|472|473,0.93692237|0.00515453|0.00163505|0.00150062|0.00144293,1,0.9369223713874817,True,508,0.9369223713874817,True,508,0.827589750289917,True,508,0.842714250087738,True,508,0.822607696056366,True,c12_correct
509,510,510_5.bmp,preprocessed_results\510\510_5.bmp,509,509,509,0.8272787928581238,444,0.002777943853288889,0.8245008490048349,509|444|508|239|511,0.82727879|0.00277794|0.00216109|0.00202905|0.00147242,1,0.8272787928581238,True,509,0.8272787928581238,True,509,0.7132691740989685,True,509,0.8207140564918518,True,509,0.7344158291816711,True,c12_correct
510,511,511_6.bmp,preprocessed_results\511\511_6.bmp,510,510,510,0.8395174145698547,511,0.031220661476254463,0.8082967530936003,510|511|481|379|203,0.83951741|0.03122066|0.00221466|0.00197319|0.00154866,1,0.8395174145698547,True,510,0.8395174145698547,True,510,0.8302801847457886,True,510,0.8476369976997375,True,510,0.7547556161880493,True,c12_correct
511,512,512_8.bmp,preprocessed_results\512\512_8.bmp,511,511,511,0.8728384971618652,510,0.006341507658362389,0.8664969895035028,511|510|203|416|500,0.87283850|0.00634151|0.00489908|0.00433483|0.00276336,1,0.8728384971618652,True,511,0.8728384971618652,True,511,0.8195828795433044,True,511,0.8413814306259155,True,511,0.8525072336196899,True,c12_correct
512,513,513_10.bmp,preprocessed_results\513\513_10.bmp,512,512,512,0.938123881816864,631,0.0020427717827260494,0.936081110034138,512|631|220|328|356,0.93812388|0.00204277|0.00187558|0.00168822|0.00113771,1,0.938123881816864,True,512,0.938123881816864,True,512,0.8089703321456909,True,512,0.8129591941833496,True,512,0.7567296028137207,True,c12_correct
513,514,514_5.bmp,preprocessed_results\514\514_5.bmp,513,513,513,0.9379093647003174,563,0.004522895906120539,0.9333864687941968,513|563|372|354|373,0.93790936|0.00452290|0.00285262|0.00182510|0.00115254,1,0.9379093647003174,True,513,0.9379093647003174,True,513,0.9172853231430054,True,513,0.8600581288337708,True,513,0.8800508975982666,True,c12_correct
514,515,515_9.bmp,preprocessed_results\515\515_9.bmp,514,514,514,0.9348864555358887,479,0.0019363545579835773,0.9329501009779051,514|479|379|538|515,0.93488646|0.00193635|0.00140895|0.00131992|0.00131890,1,0.9348864555358887,True,514,0.9348864555358887,True,514,0.8656211495399475,True,514,0.8095507025718689,True,514,0.7963224649429321,True,c12_correct
515,516,516_8.bmp,preprocessed_results\516\516_8.bmp,515,515,515,0.647193968296051,352,0.0286648441106081,0.6185291241854429,515|352|344|449|487,0.64719397|0.02866484|0.02254841|0.01593830|0.00741314,1,0.647193968296051,True,515,0.647193968296051,True,515,0.6109889149665833,True,515,0.8082057237625122,True,515,0.6910360455513,True,c12_correct
516,517,517_5.bmp,preprocessed_results\517\517_5.bmp,516,516,516,0.9276731610298157,517,0.002954864874482155,0.9247182961553335,516|517|387|455|386,0.92767316|0.00295486|0.00222669|0.00198116|0.00184491,1,0.9276731610298157,True,516,0.9276731610298157,True,516,0.8810247182846069,True,516,0.8561574220657349,True,516,0.8636320233345032,True,c12_correct
517,518,518_3.bmp,preprocessed_results\518\518_3.bmp,517,517,517,0.9386570453643799,43,0.0025070128031075,0.9361500325612724,517|43|519|516|398,0.93865705|0.00250701|0.00159215|0.00156767|0.00097948,1,0.9386570453643799,True,517,0.9386570453643799,True,517,0.8423092365264893,True,517,0.8049063086509705,True,517,0.7985512614250183,True,c12_correct
518,519,519_9.bmp,preprocessed_results\519\519_9.bmp,518,518,518,0.8953349590301514,445,0.0054298280738294125,0.889905130956322,518|445|546|55|344,0.89533496|0.00542983|0.00261120|0.00239190|0.00173909,1,0.8953349590301514,True,518,0.8953349590301514,True,518,0.8140689730644226,True,518,0.8515801429748535,True,518,0.8244645595550537,True,c12_correct
519,520,520_6.bmp,preprocessed_results\520\520_6.bmp,519,519,519,0.8572072386741638,79,0.004653697367757559,0.8525535413064063,519|79|55|416|518,0.85720724|0.00465370|0.00392922|0.00365728|0.00319277,1,0.8572072386741638,True,519,0.8572072386741638,True,519,0.8117327690124512,True,519,0.8426928520202637,True,519,0.7862889170646667,True,c12_correct
520,521,521_5.bmp,preprocessed_results\521\521_5.bmp,520,520,520,0.9564624428749084,521,0.008179246447980404,0.948283196426928,520|521|122|506|70,0.95646244|0.00817925|0.00041033|0.00039847|0.00037100,1,0.9564624428749084,True,520,0.9564624428749084,True,520,0.8655318021774292,True,520,0.8458176255226135,True,520,0.8818084001541138,True,c12_correct
521,522,522_8.bmp,preprocessed_results\522\522_8.bmp,521,521,521,0.932069718837738,520,0.008080437779426575,0.9239892810583115,521|520|436|464|410,0.93206972|0.00808044|0.00391841|0.00152617|0.00112048,1,0.932069718837738,True,521,0.932069718837738,True,521,0.8288049101829529,True,521,0.814247190952301,True,521,0.8515796661376953,True,c12_correct
522,523,523_9.bmp,preprocessed_results\523\523_9.bmp,522,522,522,0.9372215270996094,401,0.007542876526713371,0.929678650572896,522|401|523|105|28,0.93722153|0.00754288|0.00206076|0.00172909|0.00148082,1,0.9372215270996094,True,522,0.9372215270996094,True,522,0.8966403007507324,True,522,0.8360264897346497,True,522,0.8502647876739502,True,c12_correct
523,524,524_5.bmp,preprocessed_results\524\524_5.bmp,523,523,523,0.9544396996498108,522,0.002264898968860507,0.9521748006809503,523|522|233|449|453,0.95443970|0.00226490|0.00127355|0.00066405|0.00051903,1,0.9544396996498108,True,523,0.9544396996498108,True,523,0.8649977445602417,True,523,0.8427602648735046,True,523,0.8132157921791077,True,c12_correct
524,525,525_6.bmp,preprocessed_results\525\525_6.bmp,524,524,524,0.9670657515525818,408,0.000762185372877866,0.9663035661797039,524|408|498|287|525,0.96706575|0.00076219|0.00074150|0.00072143|0.00060037,1,0.9670657515525818,True,524,0.9670657515525818,True,524,0.8779066801071167,True,524,0.8492957353591919,True,524,0.8300513625144958,True,c12_correct
525,526,526_7.bmp,preprocessed_results\526\526_7.bmp,525,525,525,0.8794767260551453,524,0.005585124716162682,0.8738916013389826,525|524|460|169|206,0.87947673|0.00558512|0.00370879|0.00213888|0.00192148,1,0.8794767260551453,True,525,0.8794767260551453,True,525,0.8663102984428406,True,525,0.8488562703132629,True,525,0.8479049205780029,True,c12_correct
526,527,527_3.bmp,preprocessed_results\527\527_3.bmp,526,526,526,0.9412845969200134,379,0.0037854951806366444,0.9374991017393768,526|379|377|530|558,0.94128460|0.00378550|0.00219504|0.00144374|0.00134318,1,0.9412845969200134,True,526,0.9412845969200134,True,526,0.78758704662323,True,526,0.8476907014846802,True,526,0.8150076270103455,True,c12_correct
527,528,528_8.bmp,preprocessed_results\528\528_8.bmp,527,527,527,0.9315354228019714,526,0.003941186238080263,0.9275942365638912,527|526|448|584|379,0.93153542|0.00394119|0.00133970|0.00087828|0.00079162,1,0.9315354228019714,True,527,0.9315354228019714,True,527,0.8568797707557678,True,527,0.8370013236999512,True,527,0.8195081353187561,True,c12_correct
528,529,529_10.bmp,preprocessed_results\529\529_10.bmp,528,528,528,0.9074150919914246,398,0.0037737220991402864,0.9036413698922843,528|398|322|510|544,0.90741509|0.00377372|0.00343533|0.00321148|0.00318836,1,0.9074150919914246,True,528,0.9074150919914246,True,528,0.7740767002105713,True,528,0.8174744248390198,True,528,0.6879824995994568,True,c12_correct
529,530,530_5.bmp,preprocessed_results\530\530_5.bmp,529,529,529,0.9205325841903687,528,0.004571853671222925,0.9159607305191457,529|528|26|507|63,0.92053258|0.00457185|0.00176866|0.00175188|0.00167075,1,0.9205325841903687,True,529,0.9205325841903687,True,529,0.8812710046768188,True,529,0.839743435382843,True,529,0.8540804982185364,True,c12_correct
530,531,531_7.bmp,preprocessed_results\531\531_7.bmp,530,530,530,0.8406364917755127,526,0.004296971019357443,0.8363395207561553,530|526|202|531|79,0.84063649|0.00429697|0.00412121|0.00369166|0.00271495,1,0.8406364917755127,True,530,0.8406364917755127,True,530,0.7831916213035583,True,530,0.8326126337051392,True,530,0.8483911752700806,True,c12_correct
531,532,532_8.bmp,preprocessed_results\532\532_8.bmp,531,531,531,0.9106699228286743,530,0.010214414447546005,0.9004555083811283,531|530|73|832|438,0.91066992|0.01021441|0.00378574|0.00176464|0.00174264,1,0.9106699228286743,True,531,0.9106699228286743,True,531,0.6934899091720581,True,531,0.84482741355896,True,531,0.7451040148735046,True,c12_correct
532,533,533_3.bmp,preprocessed_results\533\533_3.bmp,532,532,532,0.9007620811462402,538,0.00489575881510973,0.8958663223311305,532|538|436|479|552,0.90076208|0.00489576|0.00472487|0.00378583|0.00181022,1,0.9007620811462402,True,532,0.9007620811462402,True,532,0.9072022438049316,True,532,0.7976082563400269,True,532,0.8073616027832031,True,c12_correct
533,534,534_9.bmp,preprocessed_results\534\534_9.bmp,533,533,533,0.9354630708694458,273,0.0037992247380316257,0.9316638461314142,533|273|547|376|185,0.93546307|0.00379922|0.00179714|0.00109338|0.00102991,1,0.9354630708694458,True,533,0.9354630708694458,True,533,0.9275917410850525,True,533,0.8342698812484741,True,533,0.8599106669425964,True,c12_correct
534,535,535_2.bmp,preprocessed_results\535\535_2.bmp,534,534,534,0.2514825463294983,177,0.026717381551861763,0.22476516477763653,534|177|479|148|56,0.25148255|0.02671738|0.02057817|0.01478809|0.01368982,1,0.2514825463294983,True,534,0.2514825463294983,True,534,0.3317716717720032,True,534,0.7262925505638123,True,534,0.29744553565979004,True,c12_correct
535,536,536_8.bmp,preprocessed_results\536\536_8.bmp,535,535,535,0.8719636797904968,555,0.003883242141455412,0.8680804376490414,535|555|422|448|531,0.87196368|0.00388324|0.00340519|0.00263342|0.00252130,1,0.8719636797904968,True,535,0.8719636797904968,True,535,0.8084248304367065,True,535,0.8425214886665344,True,535,0.7911618947982788,True,c12_correct
536,537,537_9.bmp,preprocessed_results\537\537_9.bmp,536,536,536,0.9162347912788391,347,0.0033209132961928844,0.9129138779826462,536|347|540|537|648,0.91623479|0.00332091|0.00233800|0.00206673|0.00165493,1,0.9162347912788391,True,536,0.9162347912788391,True,536,0.7912564277648926,True,536,0.8333178758621216,True,536,0.8338385820388794,True,c12_correct
537,538,538_9.bmp,preprocessed_results\538\538_9.bmp,537,537,537,0.9659278392791748,355,0.0021257344633340836,0.9638021048158407,537|355|536|106|451,0.96592784|0.00212573|0.00114418|0.00098963|0.00083929,1,0.9659278392791748,True,537,0.9659278392791748,True,537,0.8843194246292114,True,537,0.8462104201316833,True,537,0.8593040704727173,True,c12_correct
538,539,539_3.bmp,preprocessed_results\539\539_3.bmp,538,538,538,0.9060767292976379,479,0.010028398595750332,0.8960483307018876,538|479|532|475|357,0.90607673|0.01002840|0.00485400|0.00210318|0.00138912,1,0.9060767292976379,True,538,0.9060767292976379,True,538,0.5942493677139282,True,538,0.8424755930900574,True,538,0.6969955563545227,True,c12_correct
539,540,540_2.bmp,preprocessed_results\540\540_2.bmp,539,539,539,0.8170537948608398,362,0.007158846128731966,0.8098949487321079,539|362|665|537|533,0.81705379|0.00715885|0.00713977|0.00455690|0.00397519,1,0.8170537948608398,True,539,0.8170537948608398,True,539,0.7741122245788574,True,539,0.8419188857078552,True,539,0.8500657081604004,True,c12_correct
540,541,541_10.bmp,preprocessed_results\541\541_10.bmp,540,540,540,0.9220589399337769,558,0.004208007361739874,0.917850932572037,540|558|541|227|550,0.92205894|0.00420801|0.00328194|0.00290934|0.00248954,1,0.9220589399337769,True,540,0.9220589399337769,True,540,0.9362656474113464,True,540,0.8091968297958374,True,540,0.8896350264549255,True,c12_correct
541,542,542_5.bmp,preprocessed_results\542\542_5.bmp,541,541,541,0.9280880093574524,559,0.004509627819061279,0.9235783815383911,541|559|225|540|616,0.92808801|0.00450963|0.00397846|0.00285749|0.00177472,1,0.9280880093574524,True,541,0.9280880093574524,True,541,0.8399538397789001,True,541,0.8411489129066467,True,541,0.8643888235092163,True,c12_correct
542,543,543_6.bmp,preprocessed_results\543\543_6.bmp,542,542,542,0.9428284764289856,405,0.0023843280505388975,0.9404441483784467,542|405|543|383|367,0.94282848|0.00238433|0.00208766|0.00092809|0.00088715,1,0.9428284764289856,True,542,0.9428284764289856,True,542,0.8808819651603699,True,542,0.8367440700531006,True,542,0.8033409118652344,True,c12_correct
543,544,544_4.bmp,preprocessed_results\544\544_4.bmp,543,543,543,0.6245864033699036,542,0.08269857615232468,0.5418878272175789,543|542|512|132|709,0.62458640|0.08269858|0.01168576|0.00985689|0.00851995,1,0.6245864033699036,True,543,0.6245864033699036,True,543,0.16607996821403503,True,543,0.42461761832237244,True,543,0.5148686766624451,True,c12_correct
544,545,545_6.bmp,preprocessed_results\545\545_6.bmp,544,544,544,0.9181769490242004,12,0.005620592273771763,0.9125563567504287,544|12|528|542|413,0.91817695|0.00562059|0.00180262|0.00172247|0.00167404,1,0.9181769490242004,True,544,0.9181769490242004,True,544,0.8962070345878601,True,544,0.8263787627220154,True,544,0.8093364238739014,True,c12_correct
545,546,546_4.bmp,preprocessed_results\546\546_4.bmp,545,545,545,0.9426811933517456,344,0.0018984249327331781,0.9407827684190124,545|344|380|199|507,0.94268119|0.00189842|0.00113576|0.00104621|0.00077193,1,0.9426811933517456,True,545,0.9426811933517456,True,545,0.8967752456665039,True,545,0.8560627102851868,True,545,0.84101802110672,True,c12_correct
546,547,547_3.bmp,preprocessed_results\547\547_3.bmp,546,546,546,0.8444034457206726,377,0.0090039586648345,0.8353994870558381,546|377|314|176|375,0.84440345|0.00900396|0.00592847|0.00507099|0.00296531,1,0.8444034457206726,True,546,0.8444034457206726,True,546,0.7849562764167786,True,546,0.8555740118026733,True,546,0.6904088258743286,True,c12_correct
547,548,548_9.bmp,preprocessed_results\548\548_9.bmp,547,547,547,0.7614353895187378,348,0.006165926344692707,0.7552694631740451,547|348|546|352|515,0.76143539|0.00616593|0.00607535|0.00432394|0.00362284,1,0.7614353895187378,True,547,0.7614353895187378,True,547,0.6334936022758484,True,547,0.8497468829154968,True,547,0.7485069036483765,True,c12_correct
548,549,549_10.bmp,preprocessed_results\549\549_10.bmp,548,548,548,0.9389844536781311,801,0.0056249299086630344,0.9333595237694681,548|801|549|387|437,0.93898445|0.00562493|0.00179135|0.00130572|0.00127961,1,0.9389844536781311,True,548,0.9389844536781311,True,548,0.874372124671936,True,548,0.8416139483451843,True,548,0.8429470062255859,True,c12_correct
549,550,550_1.bmp,preprocessed_results\550\550_1.bmp,549,549,549,0.5784869194030762,548,0.08991765230894089,0.4885692670941353,549|548|294|102|196,0.57848692|0.08991765|0.01806169|0.00693288|0.00644694,1,0.5784869194030762,True,549,0.5784869194030762,True,549,0.5067136287689209,True,549,0.7926397323608398,True,549,0.6053488850593567,True,c12_correct
550,551,551_3.bmp,preprocessed_results\551\551_3.bmp,550,550,550,0.881470263004303,483,0.007636663503944874,0.8738335995003581,550|483|551|357|200,0.88147026|0.00763666|0.00252255|0.00237114|0.00224395,1,0.881470263004303,True,550,0.881470263004303,True,550,0.7952713370323181,True,550,0.8383545875549316,True,550,0.7009209990501404,True,c12_correct
551,552,552_9.bmp,preprocessed_results\552\552_9.bmp,551,551,551,0.9114285707473755,540,0.004975929390639067,0.9064526413567364,551|540|550|549|358,0.91142857|0.00497593|0.00219949|0.00132304|0.00125023,1,0.9114285707473755,True,551,0.9114285707473755,True,551,0.8618177175521851,True,551,0.8283205628395081,True,551,0.8357982635498047,True,c12_correct
552,553,553_3.bmp,preprocessed_results\553\553_3.bmp,552,552,552,0.8997983932495117,117,0.005099749192595482,0.8946986440569162,552|117|282|152|532,0.89979839|0.00509975|0.00339477|0.00315591|0.00258122,1,0.8997983932495117,True,552,0.8997983932495117,True,552,0.8545439839363098,True,552,0.8149360418319702,True,552,0.7994791269302368,True,c12_correct
553,554,554_2.bmp,preprocessed_results\554\554_2.bmp,553,553,553,0.8618089556694031,552,0.0055091893300414085,0.8562997663393617,553|552|397|538|220,0.86180896|0.00550919|0.00500713|0.00243846|0.00202907,1,0.8618089556694031,True,553,0.8618089556694031,True,553,0.8480286002159119,True,553,0.8277097344398499,True,553,0.7632375359535217,True,c12_correct
554,555,555_8.bmp,preprocessed_results\555\555_8.bmp,554,554,554,0.92357337474823,359,0.005314465146511793,0.9182589096017182,554|359|555|358|454,0.92357337|0.00531447|0.00226415|0.00222732|0.00168138,1,0.92357337474823,True,554,0.92357337474823,True,554,0.8374891877174377,True,554,0.8094587326049805,True,554,0.798941969871521,True,c12_correct
555,556,556_3.bmp,preprocessed_results\556\556_3.bmp,555,555,555,0.9493111371994019,504,0.008886824361979961,0.9404243128374219,555|504|30|554|438,0.94931114|0.00888682|0.00237302|0.00193750|0.00104764,1,0.9493111371994019,True,555,0.9493111371994019,True,555,0.9200707674026489,True,555,0.842933177947998,True,555,0.8176687359809875,True,c12_correct
556,557,557_8.bmp,preprocessed_results\557\557_8.bmp,556,556,556,0.9371749758720398,557,0.004015165846794844,0.933159810025245,556|557|454|478|804,0.93717498|0.00401517|0.00123709|0.00093272|0.00079520,1,0.9371749758720398,True,556,0.9371749758720398,True,556,0.8734621405601501,True,556,0.8128315806388855,True,556,0.8671649098396301,True,c12_correct
557,558,558_8.bmp,preprocessed_results\558\558_8.bmp,557,557,557,0.937721312046051,556,0.006547526456415653,0.9311737855896354,557|556|356|475|474,0.93772131|0.00654753|0.00220830|0.00194664|0.00182434,1,0.937721312046051,True,557,0.937721312046051,True,557,0.8359882831573486,True,557,0.8468859195709229,True,557,0.8355513215065002,True,c12_correct
558,559,559_7.bmp,preprocessed_results\559\559_7.bmp,558,558,558,0.8755365014076233,227,0.005449654534459114,0.8700868468731642,558|227|514|530|413,0.87553650|0.00544965|0.00391764|0.00300717|0.00269005,1,0.8755365014076233,True,558,0.8755365014076233,True,558,0.8294911980628967,True,558,0.8262139558792114,True,558,0.8168430924415588,True,c12_correct
559,560,560_3.bmp,preprocessed_results\560\560_3.bmp,559,559,559,0.9561859369277954,475,0.005027703940868378,0.951158232986927,559|475|557|376|549,0.95618594|0.00502770|0.00158726|0.00151167|0.00086238,1,0.9561859369277954,True,559,0.9561859369277954,True,559,0.8080613613128662,True,559,0.8404749035835266,True,559,0.7618443369865417,True,c12_correct
560,561,561_3.bmp,preprocessed_results\561\561_3.bmp,560,560,560,0.9643892645835876,475,0.0012213119771331549,0.9631679526064545,560|475|116|117|474,0.96438926|0.00122131|0.00086560|0.00085300|0.00057920,1,0.9643892645835876,True,560,0.9643892645835876,True,560,0.844511866569519,True,560,0.8274595737457275,True,560,0.8677397966384888,True,c12_correct
561,562,562_7.bmp,preprocessed_results\562\562_7.bmp,561,561,561,0.9388521313667297,590,0.004894968122243881,0.9339571632444859,561|590|31|721|560,0.93885213|0.00489497|0.00205125|0.00162222|0.00142949,1,0.9388521313667297,True,561,0.9388521313667297,True,561,0.8221206665039062,True,561,0.8221179842948914,True,561,0.8431116938591003,True,c12_correct
562,563,563_7.bmp,preprocessed_results\563\563_7.bmp,562,562,562,0.9381621479988098,563,0.002671861322596669,0.9354902866762131,562|563|230|72|805,0.93816215|0.00267186|0.00130915|0.00118881|0.00108102,1,0.9381621479988098,True,562,0.9381621479988098,True,562,0.8896483182907104,True,562,0.8021352887153625,True,562,0.8164016604423523,True,c12_correct
563,564,564_3.bmp,preprocessed_results\564\564_3.bmp,563,563,563,0.8930965662002563,358,0.003514273790642619,0.8895822924096137,563|358|513|562|561,0.89309657|0.00351427|0.00225958|0.00199589|0.00194591,1,0.8930965662002563,True,563,0.8930965662002563,True,563,0.8333712816238403,True,563,0.8184922337532043,True,563,0.8542077541351318,True,c12_correct
564,565,565_9.bmp,preprocessed_results\565\565_9.bmp,564,564,564,0.8499020338058472,565,0.005687907338142395,0.8442141264677048,564|565|247|568|115,0.84990203|0.00568791|0.00353145|0.00308234|0.00182234,1,0.8499020338058472,True,564,0.8499020338058472,True,564,0.7058294415473938,True,564,0.8118752837181091,True,564,0.8225021362304688,True,c12_correct
565,566,566_7.bmp,preprocessed_results\566\566_7.bmp,565,565,565,0.9180347919464111,272,0.004884245805442333,0.9131505461409688,565|272|564|273|116,0.91803479|0.00488425|0.00191562|0.00166394|0.00108193,1,0.9180347919464111,True,565,0.9180347919464111,True,565,0.82013338804245,True,565,0.8045112490653992,True,565,0.7207930684089661,True,c12_correct
566,567,567_7.bmp,preprocessed_results\567\567_7.bmp,566,566,566,0.8306581974029541,234,0.0053734020330011845,0.8252847953699529,566|234|235|175|559,0.83065820|0.00537340|0.00411109|0.00404417|0.00359913,1,0.8306581974029541,True,566,0.8306581974029541,True,566,0.7641646265983582,True,566,0.810370147228241,True,566,0.7816810011863708,True,c12_correct
567,568,568_8.bmp,preprocessed_results\568\568_8.bmp,567,567,567,0.8990880250930786,141,0.007450555916875601,0.891637469176203,567|141|566|828|299,0.89908803|0.00745056|0.00377444|0.00240025|0.00144594,1,0.8990880250930786,True,567,0.8990880250930786,True,567,0.891059160232544,True,567,0.8459230065345764,True,567,0.8694577813148499,True,c12_correct
568,569,569_5.bmp,preprocessed_results\569\569_5.bmp,568,568,568,0.5639849305152893,772,0.019683247432112694,0.5443016830831766,568|772|186|624|73,0.56398493|0.01968325|0.01715597|0.01566622|0.01080273,1,0.5639849305152893,True,568,0.5639849305152893,True,568,0.3284417688846588,True,568,0.8109583258628845,True,568,0.6579229235649109,True,c12_correct
569,570,570_9.bmp,preprocessed_results\570\570_9.bmp,569,569,569,0.9389617443084717,565,0.008882664144039154,0.9300790801644325,569|565|573|583|116,0.93896174|0.00888266|0.00183919|0.00150296|0.00104709,1,0.9389617443084717,True,569,0.9389617443084717,True,569,0.8762131333351135,True,569,0.8326850533485413,True,569,0.8026889562606812,True,c12_correct
570,571,571_5.bmp,preprocessed_results\571\571_5.bmp,570,570,570,0.8938183784484863,571,0.005351887084543705,0.8884664913639426,570|571|824|658|682,0.89381838|0.00535189|0.00517305|0.00314390|0.00240289,1,0.8938183784484863,True,570,0.8938183784484863,True,570,0.8145580291748047,True,570,0.8402755856513977,True,570,0.829820990562439,True,c12_correct
571,572,572_10.bmp,preprocessed_results\572\572_10.bmp,571,571,571,0.9361286759376526,683,0.005451211705803871,0.9306774642318487,571|683|570|824|682,0.93612868|0.00545121|0.00311339|0.00197400|0.00180591,1,0.9361286759376526,True,571,0.9361286759376526,True,571,0.7043437361717224,True,571,0.8432472944259644,True,571,0.6774974465370178,True,c12_correct
572,573,573_7.bmp,preprocessed_results\573\573_7.bmp,572,572,572,0.9391025900840759,734,0.003180023981258273,0.9359225661028177,572|734|596|424|799,0.93910259|0.00318002|0.00111694|0.00097996|0.00094208,1,0.9391025900840759,True,572,0.9391025900840759,True,572,0.9032832384109497,True,572,0.8480008840560913,True,572,0.8271405696868896,True,c12_correct
573,574,574_4.bmp,preprocessed_results\574\574_4.bmp,573,573,573,0.9526014924049377,569,0.001972903497517109,0.9506285889074206,573|569|565|86|71,0.95260149|0.00197290|0.00065778|0.00065482|0.00062598,1,0.9526014924049377,True,573,0.9526014924049377,True,573,0.8737680912017822,True,573,0.8598915338516235,True,573,0.8191491961479187,True,c12_correct
574,575,575_7.bmp,preprocessed_results\575\575_7.bmp,574,574,574,0.7789828181266785,705,0.00574601162225008,0.7732368065044284,574|705|600|704|730,0.77898282|0.00574601|0.00571108|0.00419136|0.00295715,1,0.7789828181266785,True,574,0.7789828181266785,True,574,0.6000933647155762,True,574,0.8483745455741882,True,574,0.6838150024414062,True,c12_correct
575,576,576_5.bmp,preprocessed_results\576\576_5.bmp,575,575,575,0.7329251766204834,326,0.010004695504903793,0.7229204811155796,575|326|165|712|580,0.73292518|0.01000470|0.00611904|0.00594437|0.00550676,1,0.7329251766204834,True,575,0.7329251766204834,True,575,0.4106456935405731,True,575,0.7709347009658813,True,575,0.3296733498573303,True,c12_correct
576,577,577_4.bmp,preprocessed_results\577\577_4.bmp,576,576,576,0.8135098218917847,577,0.06009109318256378,0.7534187287092209,576|577|273|676|677,0.81350982|0.06009109|0.01117512|0.00634539|0.00459932,1,0.8135098218917847,True,576,0.8135098218917847,True,576,0.7005963325500488,True,576,0.8066973090171814,True,576,0.652164876461029,True,c12_correct
577,578,578_9.bmp,preprocessed_results\578\578_9.bmp,577,577,577,0.7657738924026489,576,0.04319409653544426,0.7225797958672047,577|576|635|743|649,0.76577389|0.04319410|0.01561592|0.01170902|0.01121743,1,0.7657738924026489,True,577,0.7657738924026489,True,577,0.486961305141449,True,577,0.8196503520011902,True,577,0.7975424528121948,True,c12_correct
578,579,579_10.bmp,preprocessed_results\579\579_10.bmp,578,578,578,0.9243650436401367,21,0.003133130958303809,0.9212319126818329,578|21|275|711|579,0.92436504|0.00313313|0.00290486|0.00231781|0.00223568,1,0.9243650436401367,True,578,0.9243650436401367,True,578,0.8128853440284729,True,578,0.8431575894355774,True,578,0.8384861350059509,True,c12_correct
579,580,580_4.bmp,preprocessed_results\580\580_4.bmp,579,579,579,0.8435550928115845,143,0.004384221974760294,0.8391708708368242,579|143|728|658|639,0.84355509|0.00438422|0.00399740|0.00283357|0.00260374,1,0.8435550928115845,True,579,0.8435550928115845,True,579,0.6658768057823181,True,579,0.7939478754997253,True,579,0.7486945986747742,True,c12_correct
580,581,581_2.bmp,preprocessed_results\581\581_2.bmp,580,580,580,0.9491022825241089,730,0.0037234146147966385,0.9453788679093122,580|730|603|581|674,0.94910228|0.00372341|0.00319925|0.00145107|0.00129514,1,0.9491022825241089,True,580,0.9491022825241089,True,580,0.9284958243370056,True,580,0.8277145624160767,True,580,0.8693168759346008,True,c12_correct
581,582,582_6.bmp,preprocessed_results\582\582_6.bmp,581,581,581,0.8501108884811401,754,0.004787559621036053,0.8453233288601041,581|754|711|776|614,0.85011089|0.00478756|0.00408007|0.00373567|0.00313932,1,0.8501108884811401,True,581,0.8501108884811401,True,581,0.8728988766670227,True,581,0.8266555070877075,True,581,0.8007642030715942,True,c12_correct
582,583,583_8.bmp,preprocessed_results\583\583_8.bmp,582,582,582,0.8912058472633362,615,0.03686899319291115,0.854336854070425,582|615|583|143|740,0.89120585|0.03686899|0.00570576|0.00535920|0.00245890,1,0.8912058472633362,True,582,0.8912058472633362,True,582,0.7595785856246948,True,582,0.8471682071685791,True,582,0.6714209318161011,True,c12_correct
583,584,584_4.bmp,preprocessed_results\584\584_4.bmp,583,583,583,0.8764652609825134,582,0.028789006173610687,0.8476762548089027,583|582|597|615|15,0.87646526|0.02878901|0.00254127|0.00243044|0.00222415,1,0.8764652609825134,True,583,0.8764652609825134,True,583,0.6009465456008911,True,583,0.8454543352127075,True,583,0.7781446576118469,True,c12_correct
584,585,585_1.bmp,preprocessed_results\585\585_1.bmp,584,584,584,0.9189109206199646,832,0.0033662421628832817,0.9155446784570813,584|832|438|73|527,0.91891092|0.00336624|0.00164272|0.00142769|0.00136813,1,0.9189109206199646,True,584,0.9189109206199646,True,584,0.7324533462524414,True,584,0.8085829019546509,True,584,0.7725411653518677,True,c12_correct
585,586,586_8.bmp,preprocessed_results\586\586_8.bmp,585,585,585,0.8847898244857788,681,0.0031502903439104557,0.8816395341418684,585|681|629|584|669,0.88478982|0.00315029|0.00232029|0.00203697|0.00200842,1,0.8847898244857788,True,585,0.8847898244857788,True,585,0.8758999705314636,True,585,0.8405324220657349,True,585,0.853384792804718,True,c12_correct
586,587,587_8.bmp,preprocessed_results\587\587_8.bmp,586,586,586,0.9548504948616028,587,0.004031317308545113,0.9508191775530577,586|587|743|628|584,0.95485049|0.00403132|0.00110180|0.00103638|0.00091666,1,0.9548504948616028,True,586,0.9548504948616028,True,586,0.7731673717498779,True,586,0.834930419921875,True,586,0.8065755367279053,True,c12_correct
587,588,588_4.bmp,preprocessed_results\588\588_4.bmp,587,587,587,0.9139752984046936,655,0.0034430932719260454,0.9105322051327676,587|655|272|744|721,0.91397530|0.00344309|0.00270923|0.00224341|0.00181470,1,0.9139752984046936,True,587,0.9139752984046936,True,587,0.8325669169425964,True,587,0.8259183168411255,True,587,0.8950766324996948,True,c12_correct
588,589,589_5.bmp,preprocessed_results\589\589_5.bmp,588,588,588,0.8529605865478516,259,0.005081211216747761,0.8478793753311038,588|259|732|580|788,0.85296059|0.00508121|0.00360873|0.00336651|0.00304555,1,0.8529605865478516,True,588,0.8529605865478516,True,588,0.838396430015564,True,588,0.8360456824302673,True,588,0.7844556570053101,True,c12_correct
589,590,590_6.bmp,preprocessed_results\590\590_6.bmp,589,589,589,0.9045610427856445,216,0.007241465151309967,0.8973195776343346,589|216|763|653|587,0.90456104|0.00724147|0.00296605|0.00258636|0.00168373,1,0.9045610427856445,True,589,0.9045610427856445,True,589,0.8990544080734253,True,589,0.8296301960945129,True,589,0.8656368255615234,True,c12_correct
590,591,591_8.bmp,preprocessed_results\591\591_8.bmp,590,590,590,0.9235513806343079,561,0.008678419515490532,0.9148729611188173,590|561|789|591|678,0.92355138|0.00867842|0.00261989|0.00251941|0.00203113,1,0.9235513806343079,True,590,0.9235513806343079,True,590,0.8320532441139221,True,590,0.8213177919387817,True,590,0.8012827038764954,True,c12_correct
591,592,592_10.bmp,preprocessed_results\592\592_10.bmp,591,591,591,0.9573201537132263,590,0.002817089669406414,0.9545030640438199,591|590|678|721|564,0.95732015|0.00281709|0.00205699|0.00102618|0.00095236,1,0.9573201537132263,True,591,0.9573201537132263,True,591,0.8048316240310669,True,591,0.8026928901672363,True,591,0.7980667948722839,True,c12_correct
592,593,593_6.bmp,preprocessed_results\593\593_6.bmp,592,592,592,0.6937669515609741,823,0.01519908756017685,0.6785678640007973,592|823|575|782|593,0.69376695|0.01519909|0.00739093|0.00699360|0.00457385,1,0.6937669515609741,True,592,0.6937669515609741,True,592,0.6329646110534668,True,592,0.8152289390563965,True,592,0.5561684370040894,True,c12_correct
593,594,594_9.bmp,preprocessed_results\594\594_9.bmp,593,593,593,0.8623712062835693,592,0.003494847100228071,0.8588763591833413,593|592|786|674|782,0.86237121|0.00349485|0.00273415|0.00158615|0.00140325,1,0.8623712062835693,True,593,0.8623712062835693,True,593,0.8596174716949463,True,593,0.8215174078941345,True,593,0.8312087655067444,True,c12_correct
594,595,595_2.bmp,preprocessed_results\595\595_2.bmp,594,594,594,0.03812716156244278,407,0.022156406193971634,0.015970755368471146,594|407|740|768|293,0.03812716|0.02215641|0.02204551|0.01814293|0.01515634,1,0.03812716156244278,True,594,0.03812716156244278,True,594,0.1351948380470276,True,594,0.5024271607398987,True,594,0.041368599981069565,True,c12_correct
595,596,596_1.bmp,preprocessed_results\596\596_1.bmp,595,595,595,0.915987491607666,594,0.00896693579852581,0.9070205558091402,595|594|762|726|738,0.91598749|0.00896694|0.00283391|0.00244206|0.00209676,1,0.915987491607666,True,595,0.915987491607666,True,595,0.8340688943862915,True,595,0.811821460723877,True,595,0.7921245098114014,True,c12_correct
596,597,597_4.bmp,preprocessed_results\597\597_4.bmp,596,596,596,0.9163902401924133,612,0.0194756668061018,0.8969145733863115,596|612|799|606|699,0.91639024|0.01947567|0.00376421|0.00138752|0.00137723,1,0.9163902401924133,True,596,0.9163902401924133,True,596,0.8494617342948914,True,596,0.8299543261528015,True,596,0.8173383474349976,True,c12_correct
597,598,598_1.bmp,preprocessed_results\598\598_1.bmp,597,597,597,0.7679805159568787,791,0.00721256248652935,0.7607679534703493,597|791|803|111|823,0.76798052|0.00721256|0.00582520|0.00419884|0.00365546,1,0.7679805159568787,True,597,0.7679805159568787,True,597,0.8094093799591064,True,597,0.8379803895950317,True,597,0.6959353089332581,True,c12_correct
598,599,599_6.bmp,preprocessed_results\599\599_6.bmp,598,598,598,0.8832521438598633,599,0.02276597172021866,0.8604861721396446,598|599|505|504|271,0.88325214|0.02276597|0.00432873|0.00408873|0.00303533,1,0.8832521438598633,True,598,0.8832521438598633,True,598,0.7206870317459106,True,598,0.8373162150382996,True,598,0.6950010061264038,True,c12_correct
599,600,600_1.bmp,preprocessed_results\600\600_1.bmp,599,599,599,0.5597558617591858,598,0.12776339054107666,0.43199247121810913,599|598|720|505|438,0.55975586|0.12776339|0.00764450|0.00652856|0.00469266,1,0.5597558617591858,True,599,0.5597558617591858,True,599,0.5601286888122559,True,599,0.8072377443313599,True,599,0.714825451374054,True,c12_correct
600,601,601_4.bmp,preprocessed_results\601\601_4.bmp,600,600,600,0.8877313137054443,708,0.004452560096979141,0.8832787536084652,600|708|680|730|574,0.88773131|0.00445256|0.00348337|0.00175778|0.00168020,1,0.8877313137054443,True,600,0.8877313137054443,True,600,0.702908456325531,True,600,0.8082936406135559,True,600,0.7221542596817017,True,c12_correct
601,602,602_4.bmp,preprocessed_results\602\602_4.bmp,601,601,601,0.940424382686615,789,0.002895009471103549,0.9375293732155114,601|789|639|641|805,0.94042438|0.00289501|0.00149843|0.00143481|0.00137718,1,0.940424382686615,True,601,0.940424382686615,True,601,0.8022288084030151,True,601,0.8422353267669678,True,601,0.8066268563270569,True,c12_correct
602,603,603_5.bmp,preprocessed_results\603\603_5.bmp,602,602,602,0.5919744968414307,603,0.018844831734895706,0.573129665106535,602|603|585|760|161,0.59197450|0.01884483|0.01249376|0.00702650|0.00621563,1,0.5919744968414307,True,602,0.5919744968414307,True,602,0.637692928314209,True,602,0.8323687314987183,True,602,0.6936464309692383,True,c12_correct
603,604,604_1.bmp,preprocessed_results\604\604_1.bmp,603,603,603,0.7407063245773315,674,0.01315505150705576,0.7275512730702758,603|674|730|575|715,0.74070632|0.01315505|0.01045559|0.00844631|0.00573216,1,0.7407063245773315,True,603,0.7407063245773315,True,603,0.8316977024078369,True,603,0.8260597586631775,True,603,0.7750232815742493,True,c12_correct
604,605,605_2.bmp,preprocessed_results\605\605_2.bmp,604,604,604,0.926298975944519,605,0.016382267698645592,0.9099167082458735,604|605|644|678|679,0.92629898|0.01638227|0.00274684|0.00112928|0.00110807,1,0.926298975944519,True,604,0.926298975944519,True,604,0.898590087890625,True,604,0.8196991086006165,True,604,0.8681185841560364,True,c12_correct
605,606,606_2.bmp,preprocessed_results\606\606_2.bmp,605,605,605,0.7669817805290222,604,0.0090853963047266,0.7578963842242956,605|604|679|246|126,0.76698178|0.00908540|0.00712796|0.00643817|0.00404980,1,0.7669817805290222,True,605,0.7669817805290222,True,605,0.5807172656059265,True,605,0.840211033821106,True,605,0.7095798850059509,True,c12_correct
606,607,607_7.bmp,preprocessed_results\607\607_7.bmp,606,606,606,0.852506697177887,832,0.012662556022405624,0.8398441411554813,606|832|678|584|585,0.85250670|0.01266256|0.00577344|0.00439267|0.00365034,1,0.852506697177887,True,606,0.852506697177887,True,606,0.808849573135376,True,606,0.8225315809249878,True,606,0.7336457371711731,True,c12_correct
607,608,608_7.bmp,preprocessed_results\608\608_7.bmp,607,607,607,0.9356011152267456,606,0.0030461137648671865,0.9325550014618784,607|606|327|647|612,0.93560112|0.00304611|0.00203364|0.00167414|0.00149760,1,0.9356011152267456,True,607,0.9356011152267456,True,607,0.8555631041526794,True,607,0.7839940786361694,True,607,0.8409034609794617,True,c12_correct
608,609,609_8.bmp,preprocessed_results\609\609_8.bmp,608,608,608,0.6590554714202881,609,0.21609720587730408,0.442958265542984,608|609|813|756|736,0.65905547|0.21609721|0.00602496|0.00292378|0.00203302,1,0.6590554714202881,True,608,0.6590554714202881,True,608,0.9104138612747192,True,608,0.8216097354888916,True,608,0.8106690645217896,True,c12_correct
609,610,610_7.bmp,preprocessed_results\610\610_7.bmp,609,609,609,0.8914198875427246,608,0.03380216658115387,0.8576177209615707,609|608|774|813|812,0.89141989|0.03380217|0.00614988|0.00376305|0.00143512,1,0.8914198875427246,True,609,0.8914198875427246,True,609,0.4277072548866272,True,609,0.827454686164856,True,609,0.8200046420097351,True,c12_correct
610,611,611_2.bmp,preprocessed_results\611\611_2.bmp,610,610,610,0.45177602767944336,667,0.014664835296571255,0.4371111923828721,610|667|242|646|51,0.45177603|0.01466484|0.00677362|0.00569946|0.00522796,1,0.45177602767944336,True,610,0.45177602767944336,True,610,0.3709578514099121,True,610,0.7673488855361938,True,610,0.4211404025554657,True,c12_correct
611,612,612_8.bmp,preprocessed_results\612\612_8.bmp,611,611,611,0.9253184795379639,610,0.003161065746098757,0.9221574137918651,611|610|788|127|671,0.92531848|0.00316107|0.00203032|0.00154879|0.00147495,1,0.9253184795379639,True,611,0.9253184795379639,True,611,0.8876060843467712,True,611,0.8179609179496765,True,611,0.8912956118583679,True,c12_correct
612,613,613_5.bmp,preprocessed_results\613\613_5.bmp,612,612,612,0.4835771918296814,606,0.038688067346811295,0.4448891244828701,612|606|596|755|607,0.48357719|0.03868807|0.01382763|0.01277350|0.00978404,1,0.4835771918296814,True,612,0.4835771918296814,True,612,0.30603092908859253,True,612,0.792716920375824,True,612,0.605542004108429,True,c12_correct
613,614,614_2.bmp,preprocessed_results\614\614_2.bmp,613,613,613,0.8744858503341675,730,0.005441497545689344,0.8690443527884781,613|730|612|607|753,0.87448585|0.00544150|0.00457842|0.00406267|0.00322006,1,0.8744858503341675,True,613,0.8744858503341675,True,613,0.7792367935180664,True,613,0.8169025182723999,True,613,0.7798118591308594,True,c12_correct
614,615,615_7.bmp,preprocessed_results\615\615_7.bmp,614,614,614,0.726608157157898,615,0.05724736675620079,0.6693607904016972,614|615|628|623|438,0.72660816|0.05724737|0.02168011|0.01203120|0.00947608,1,0.726608157157898,True,614,0.726608157157898,True,614,0.28471139073371887,True,614,0.8083599805831909,True,614,0.46218010783195496,True,c12_correct
615,616,616_7.bmp,preprocessed_results\616\616_7.bmp,615,615,615,0.9111231565475464,614,0.01098401378840208,0.9001391427591443,615|614|582|628|706,0.91112316|0.01098401|0.00820553|0.00276838|0.00180847,1,0.9111231565475464,True,615,0.9111231565475464,True,615,0.818782389163971,True,615,0.8276355266571045,True,615,0.693838894367218,True,c12_correct
616,617,617_5.bmp,preprocessed_results\617\617_5.bmp,616,616,616,0.6555164456367493,617,0.016270535066723824,0.6392459105700254,616|617|598|608|541,0.65551645|0.01627054|0.00817576|0.00741772|0.00617491,1,0.6555164456367493,True,616,0.6555164456367493,True,616,0.4340938329696655,True,616,0.7842610478401184,True,616,0.5446008443832397,True,c12_correct
617,618,618_8.bmp,preprocessed_results\618\618_8.bmp,617,617,617,0.7344620823860168,616,0.02861456200480461,0.7058475203812122,617|616|780|758|742,0.73446208|0.02861456|0.00921454|0.00425774|0.00402282,1,0.7344620823860168,True,617,0.7344620823860168,True,617,0.6538663506507874,True,617,0.7917538285255432,True,617,0.6308088898658752,True,c12_correct
618,619,619_8.bmp,preprocessed_results\619\619_8.bmp,618,618,618,0.9020676612854004,598,0.006584548391401768,0.8954831128939986,618|598|750|634|637,0.90206766|0.00658455|0.00628940|0.00448064|0.00423763,1,0.9020676612854004,True,618,0.9020676612854004,True,618,0.8699744939804077,True,618,0.8300392031669617,True,618,0.811296284198761,True,c12_correct
619,620,620_9.bmp,preprocessed_results\620\620_9.bmp,619,619,619,0.8802750110626221,565,0.005655169952660799,0.8746198411099613,619|565|583|803|701,0.88027501|0.00565517|0.00551283|0.00414981|0.00195134,1,0.8802750110626221,True,619,0.8802750110626221,True,619,0.9164095520973206,True,619,0.8396556973457336,True,619,0.8786786794662476,True,c12_correct
620,621,621_8.bmp,preprocessed_results\621\621_8.bmp,620,620,620,0.8804098963737488,621,0.0077699595130980015,0.8726399368606508,620|621|757|765|830,0.88040990|0.00776996|0.00738124|0.00464054|0.00439604,1,0.8804098963737488,True,620,0.8804098963737488,True,620,0.6989827156066895,True,620,0.8205710053443909,True,620,0.8061519861221313,True,c12_correct
621,622,622_8.bmp,preprocessed_results\622\622_8.bmp,621,621,621,0.9236705899238586,755,0.004051227122545242,0.9196193628013134,621|755|754|757|620,0.92367059|0.00405123|0.00403132|0.00362679|0.00315564,1,0.9236705899238586,True,621,0.9236705899238586,True,621,0.8494077920913696,True,621,0.8268380165100098,True,621,0.8445371985435486,True,c12_correct
622,623,623_9.bmp,preprocessed_results\623\623_9.bmp,622,622,622,0.28187838196754456,584,0.03080843575298786,0.2510699462145567,622|584|174|804|722,0.28187838|0.03080844|0.02824888|0.01873461|0.01650187,1,0.28187838196754456,True,622,0.28187838196754456,True,622,0.023671835660934448,True,622,0.6581400036811829,True,622,0.10168912261724472,True,c12_correct
623,624,624_6.bmp,preprocessed_results\624\624_6.bmp,623,623,623,0.8757248520851135,731,0.007716159336268902,0.8680086927488446,623|731|739|615|614,0.87572485|0.00771616|0.00392102|0.00374592|0.00320878,1,0.8757248520851135,True,623,0.8757248520851135,True,623,0.27208808064460754,True,623,0.8195009827613831,True,623,0.7239165306091309,True,c12_correct
624,625,625_4.bmp,preprocessed_results\625\625_4.bmp,624,624,624,0.7757633328437805,186,0.012260746210813522,0.763502586632967,624|186|578|664|828,0.77576333|0.01226075|0.01158164|0.01151552|0.01027261,1,0.7757633328437805,True,624,0.7757633328437805,True,624,0.6685619950294495,True,624,0.8169474005699158,True,624,0.6100174784660339,True,c12_correct
625,626,626_10.bmp,preprocessed_results\626\626_10.bmp,625,625,625,0.8580182790756226,702,0.003698961576446891,0.8543193174991757,625|702|829|747|687,0.85801828|0.00369896|0.00366229|0.00296781|0.00274922,1,0.8580182790756226,True,625,0.8580182790756226,True,625,0.6291863322257996,True,625,0.8303066492080688,True,625,0.7000053524971008,True,c12_correct
626,627,627_3.bmp,preprocessed_results\627\627_3.bmp,626,626,626,0.7784648537635803,595,0.01461308915168047,0.7638517646118999,626|595|726|758|753,0.77846485|0.01461309|0.00718320|0.00571250|0.00491695,1,0.7784648537635803,True,626,0.7784648537635803,True,626,0.5901753902435303,True,626,0.8347569704055786,True,626,0.7940283417701721,True,c12_correct
627,628,628_5.bmp,preprocessed_results\628\628_5.bmp,627,627,627,0.9324249625205994,626,0.003123604692518711,0.9293013578280807,627|626|671|670|807,0.93242496|0.00312360|0.00229864|0.00139780|0.00120107,1,0.9324249625205994,True,627,0.9324249625205994,True,627,0.8968281745910645,True,627,0.8485985398292542,True,627,0.8010682463645935,True,c12_correct
628,629,629_1.bmp,preprocessed_results\629\629_1.bmp,628,628,628,0.8156875371932983,629,0.05458937585353851,0.7610981613397598,628|629|812|641|645,0.81568754|0.05458938|0.00339939|0.00322840|0.00318758,1,0.8156875371932983,True,628,0.8156875371932983,True,628,0.8888077735900879,True,628,0.8408412337303162,True,628,0.749374270439148,True,c12_correct
629,630,630_10.bmp,preprocessed_results\630\630_10.bmp,629,629,629,0.9018250703811646,628,0.008680006489157677,0.8931450638920069,629|628|739|671|585,0.90182507|0.00868001|0.00206629|0.00147524|0.00125659,1,0.9018250703811646,True,629,0.9018250703811646,True,629,0.8557741641998291,True,629,0.825927197933197,True,629,0.7697530388832092,True,c12_correct
630,631,631_5.bmp,preprocessed_results\631\631_5.bmp,630,630,630,0.9209601879119873,631,0.002614605473354459,0.9183455824386328,630|631|690|636|688,0.92096019|0.00261461|0.00221110|0.00195298|0.00173180,1,0.9209601879119873,True,630,0.9209601879119873,True,630,0.7907403707504272,True,630,0.8087314963340759,True,630,0.6561229825019836,True,c12_correct
631,632,632_7.bmp,preprocessed_results\632\632_7.bmp,631,631,631,0.6907505393028259,512,0.03758323937654495,0.653167299926281,631|512|681|630|721,0.69075054|0.03758324|0.03219235|0.01749434|0.01303959,1,0.6907505393028259,True,631,0.6907505393028259,True,631,0.28559058904647827,True,631,0.6269147396087646,True,631,0.30591651797294617,True,c12_correct
632,633,633_5.bmp,preprocessed_results\633\633_5.bmp,632,632,632,0.7883171439170837,232,0.0065870811231434345,0.7817300627939403,632|232|633|205|170,0.78831714|0.00658708|0.00649445|0.00560143|0.00539511,1,0.7883171439170837,True,632,0.7883171439170837,True,632,0.7804486155509949,True,632,0.8148478269577026,True,632,0.7747930884361267,True,c12_correct
633,634,634_6.bmp,preprocessed_results\634\634_6.bmp,633,633,633,0.9311029314994812,775,0.0030013401992619038,0.9281015913002193,633|775|632|819|709,0.93110293|0.00300134|0.00273265|0.00263482|0.00215615,1,0.9311029314994812,True,633,0.9311029314994812,True,633,0.8500492572784424,True,633,0.8421072959899902,True,633,0.8671535849571228,True,c12_correct
634,635,635_7.bmp,preprocessed_results\635\635_7.bmp,634,634,634,0.907486081123352,635,0.010238165967166424,0.8972479151561856,634|635|598|677|599,0.90748608|0.01023817|0.00651135|0.00215317|0.00180378,1,0.907486081123352,True,634,0.907486081123352,True,634,0.8750883340835571,True,634,0.8179458975791931,True,634,0.8784717321395874,True,c12_correct
635,636,636_4.bmp,preprocessed_results\636\636_4.bmp,635,635,635,0.722978413105011,720,0.01337080355733633,0.7096076095476747,635|720|634|270|577,0.72297841|0.01337080|0.01055467|0.00822848|0.00767949,1,0.722978413105011,True,635,0.722978413105011,True,635,0.34251144528388977,True,635,0.7981862425804138,True,635,0.6458693742752075,True,c12_correct
636,637,637_6.bmp,preprocessed_results\637\637_6.bmp,636,636,636,0.29999327659606934,630,0.08232179284095764,0.2176714837551117,636|630|584|616|637,0.29999328|0.08232179|0.02719312|0.02164876|0.01988423,1,0.29999327659606934,True,636,0.29999327659606934,True,636,0.3811275064945221,True,636,0.7207691669464111,True,636,0.3900849223136902,True,c12_correct
637,638,638_5.bmp,preprocessed_results\638\638_5.bmp,637,637,637,0.6769087314605713,474,0.03694203495979309,0.6399666965007782,637|474|636|688|681,0.67690873|0.03694203|0.02180440|0.00676701|0.00448589,1,0.6769087314605713,True,637,0.6769087314605713,True,637,0.5954379439353943,True,637,0.8297706842422485,True,637,0.6080052852630615,True,c12_correct
638,639,639_2.bmp,preprocessed_results\639\639_2.bmp,638,638,638,0.9284873008728027,639,0.01416078582406044,0.9143265150487423,638|639|762|767|47,0.92848730|0.01416079|0.00188474|0.00122959|0.00110908,1,0.9284873008728027,True,638,0.9284873008728027,True,638,0.8092776536941528,True,638,0.8303149342536926,True,638,0.8251897096633911,True,c12_correct
639,640,640_5.bmp,preprocessed_results\640\640_5.bmp,639,639,639,0.9670391082763672,638,0.008913659490644932,0.9581254487857223,639|638|601|789|741,0.96703911|0.00891366|0.00092998|0.00054716|0.00043220,1,0.9670391082763672,True,639,0.9670391082763672,True,639,0.8479583859443665,True,639,0.831378698348999,True,639,0.7896431088447571,True,c12_correct
640,641,641_3.bmp,preprocessed_results\641\641_3.bmp,640,640,640,0.8103899359703064,804,0.039813026785850525,0.7705769091844559,640|804|666|648|664,0.81038994|0.03981303|0.01932718|0.00965690|0.00956605,1,0.8103899359703064,True,640,0.8103899359703064,True,640,0.48953163623809814,True,640,0.7389493584632874,True,640,0.615608811378479,True,c12_correct
641,642,642_6.bmp,preprocessed_results\642\642_6.bmp,641,641,641,0.6877495646476746,814,0.024235352873802185,0.6635142117738724,641|814|805|635|455,0.68774956|0.02423535|0.01960191|0.00587984|0.00413085,1,0.6877495646476746,True,641,0.6877495646476746,True,641,0.5348408818244934,True,641,0.7617475986480713,True,641,0.6499571800231934,True,c12_correct
642,643,643_1.bmp,preprocessed_results\643\643_1.bmp,642,642,642,0.951957643032074,643,0.006457258947193623,0.9455003840848804,642|643|620|138|819,0.95195764|0.00645726|0.00176575|0.00062584|0.00055609,1,0.951957643032074,True,642,0.951957643032074,True,642,0.8334652185440063,True,642,0.8592438697814941,True,642,0.844412624835968,True,c12_correct
643,644,644_4.bmp,preprocessed_results\644\644_4.bmp,643,643,643,0.8967496752738953,642,0.01401651930063963,0.8827331559732556,643|642|667|708|767,0.89674968|0.01401652|0.00430973|0.00312822|0.00277334,1,0.8967496752738953,True,643,0.8967496752738953,True,643,0.757024884223938,True,643,0.8212904334068298,True,643,0.7109177708625793,True,c12_correct
644,645,645_2.bmp,preprocessed_results\645\645_2.bmp,644,644,644,0.8839616775512695,604,0.012568925507366657,0.8713927520439029,644|604|618|645|590,0.88396168|0.01256893|0.00475309|0.00448621|0.00386332,1,0.8839616775512695,True,644,0.8839616775512695,True,644,0.740349531173706,True,644,0.8282961249351501,True,644,0.7284954190254211,True,c12_correct
645,646,646_5.bmp,preprocessed_results\646\646_5.bmp,645,645,645,0.9513379335403442,644,0.006009481847286224,0.945328451693058,645|644|604|680|681,0.95133793|0.00600948|0.00147961|0.00099369|0.00096183,1,0.9513379335403442,True,645,0.9513379335403442,True,645,0.7541916370391846,True,645,0.8337938189506531,True,645,0.8159314393997192,True,c12_correct
646,647,647_5.bmp,preprocessed_results\647\647_5.bmp,646,646,646,0.9314791560173035,694,0.003732415847480297,0.9277467401698232,646|694|710|570|647,0.93147916|0.00373242|0.00197918|0.00170233|0.00164147,1,0.9314791560173035,True,646,0.9314791560173035,True,646,0.8776431679725647,True,646,0.8447206020355225,True,646,0.831527054309845,True,c12_correct
647,648,648_8.bmp,preprocessed_results\648\648_8.bmp,647,647,647,0.9024643301963806,272,0.002137255622074008,0.9003270745743066,647|272|327|607|701,0.90246433|0.00213726|0.00186139|0.00151107|0.00106728,1,0.9024643301963806,True,647,0.9024643301963806,True,647,0.8684585690498352,True,647,0.8317281603813171,True,647,0.7524805068969727,True,c12_correct
648,649,649_8.bmp,preprocessed_results\649\649_8.bmp,648,648,648,0.1903022974729538,640,0.0997210219502449,0.09058127552270889,648|640|720|635|666,0.19030230|0.09972102|0.05302713|0.02907783|0.02252514,1,0.1903022974729538,True,648,0.1903022974729538,True,648,0.11128096282482147,True,648,0.7768216729164124,True,648,0.1880190223455429,True,c12_correct
649,650,650_7.bmp,preprocessed_results\650\650_7.bmp,649,649,649,0.840919017791748,689,0.013423656113445759,0.8274953616783023,649|689|635|743|721,0.84091902|0.01342366|0.00988260|0.00661114|0.00646472,1,0.840919017791748,True,649,0.840919017791748,True,649,0.7068547010421753,True,649,0.8300508856773376,True,649,0.7391310334205627,True,c12_correct
650,651,651_8.bmp,preprocessed_results\651\651_8.bmp,650,650,650,0.9107971787452698,651,0.007208043243736029,0.9035891355015337,650|651|696|830|697,0.91079718|0.00720804|0.00398721|0.00307290|0.00264114,1,0.9107971787452698,True,650,0.9107971787452698,True,650,0.7359526753425598,True,650,0.8402119278907776,True,650,0.7608921527862549,True,c12_correct
651,652,652_8.bmp,preprocessed_results\652\652_8.bmp,651,651,651,0.9673686623573303,650,0.004870924167335033,0.9624977381899953,651|650|697|623|670,0.96736866|0.00487092|0.00083642|0.00074599|0.00068677,1,0.9673686623573303,True,651,0.9673686623573303,True,651,0.9092772006988525,True,651,0.8375067114830017,True,651,0.8474342226982117,True,c12_correct
652,653,653_6.bmp,preprocessed_results\653\653_6.bmp,652,652,652,0.9152101874351501,653,0.005099909845739603,0.9101102775894105,652|653|574|738|76,0.91521019|0.00509991|0.00176455|0.00156414|0.00118688,1,0.9152101874351501,True,652,0.9152101874351501,True,652,0.8050265312194824,True,652,0.8557862043380737,True,652,0.8084131479263306,True,c12_correct
653,654,654_2.bmp,preprocessed_results\654\654_2.bmp,653,653,653,0.9289458990097046,652,0.008611150085926056,0.9203347489237785,653|652|589|715|162,0.92894590|0.00861115|0.00666609|0.00152247|0.00094596,1,0.9289458990097046,True,653,0.9289458990097046,True,653,0.8893001079559326,True,653,0.8034396171569824,True,653,0.8083924055099487,True,c12_correct
654,655,655_9.bmp,preprocessed_results\655\655_9.bmp,654,654,654,0.9343186616897583,718,0.004430694505572319,0.929887967184186,654|718|732|813|655,0.93431866|0.00443069|0.00148292|0.00138842|0.00119840,1,0.9343186616897583,True,654,0.9343186616897583,True,654,0.9074268937110901,True,654,0.8469024896621704,True,654,0.8431201577186584,True,c12_correct
655,656,656_2.bmp,preprocessed_results\656\656_2.bmp,655,655,655,0.9259872436523438,587,0.01005204115062952,0.9159352025017142,655|587|224|654|268,0.92598724|0.01005204|0.00223905|0.00184978|0.00182698,1,0.9259872436523438,True,655,0.9259872436523438,True,655,0.861706018447876,True,655,0.8345526456832886,True,655,0.7915332913398743,True,c12_correct
656,657,657_7.bmp,preprocessed_results\657\657_7.bmp,656,656,656,0.8804320096969604,612,0.0026779170148074627,0.877754092682153,656|612|652|799|712,0.88043201|0.00267792|0.00264782|0.00230715|0.00223189,1,0.8804320096969604,True,656,0.8804320096969604,True,656,0.8960912823677063,True,656,0.8378342986106873,True,656,0.8541589379310608,True,c12_correct
657,658,658_6.bmp,preprocessed_results\658\658_6.bmp,657,657,657,0.4925247132778168,627,0.019535010680556297,0.4729897025972605,657|627|671|719|825,0.49252471|0.01953501|0.01765123|0.01558614|0.01496251,1,0.4925247132778168,True,657,0.4925247132778168,True,657,0.38508695363998413,True,657,0.8212250471115112,True,657,0.5697774887084961,True,c12_correct
658,659,659_5.bmp,preprocessed_results\659\659_5.bmp,658,658,658,0.8630489706993103,729,0.004884131718426943,0.8581648389808834,658|729|694|154|659,0.86304897|0.00488413|0.00204017|0.00180815|0.00169726,1,0.8630489706993103,True,658,0.8630489706993103,True,658,0.7804256677627563,True,658,0.84274822473526,True,658,0.7636809945106506,True,c12_correct
659,660,660_6.bmp,preprocessed_results\660\660_6.bmp,659,659,659,0.8900600671768188,587,0.0073423199355602264,0.8827177472412586,659|587|712|708|667,0.89006007|0.00734232|0.00505390|0.00470893|0.00335306,1,0.8900600671768188,True,659,0.8900600671768188,True,659,0.8799626231193542,True,659,0.8294431567192078,True,659,0.8062250018119812,True,c12_correct
660,661,661_8.bmp,preprocessed_results\661\661_8.bmp,660,660,660,0.721629798412323,261,0.041232455521821976,0.680397342890501,660|261|307|337|736,0.72162980|0.04123246|0.00715980|0.00577819|0.00486383,1,0.721629798412323,True,660,0.721629798412323,True,660,0.7146506905555725,True,660,0.8423738479614258,True,660,0.7999226450920105,True,c12_correct
661,662,662_3.bmp,preprocessed_results\662\662_3.bmp,661,661,661,0.883001983165741,735,0.004608405753970146,0.8783935774117708,661|735|3|759|660,0.88300198|0.00460841|0.00322918|0.00245473|0.00233633,1,0.883001983165741,True,661,0.883001983165741,True,661,0.7410330772399902,True,661,0.7986645102500916,True,661,0.7257075309753418,True,c12_correct
662,663,663_4.bmp,preprocessed_results\663\663_4.bmp,662,662,662,0.9495461583137512,663,0.005602693185210228,0.943943465128541,662|663|784|752|207,0.94954616|0.00560269|0.00187195|0.00137844|0.00095360,1,0.9495461583137512,True,662,0.9495461583137512,True,662,0.8482135534286499,True,662,0.8355651497840881,True,662,0.8401483297348022,True,c12_correct
663,664,664_2.bmp,preprocessed_results\664\664_2.bmp,663,663,663,0.9165341258049011,662,0.005988353863358498,0.9105457719415426,663|662|753|567|625,0.91653413|0.00598835|0.00222627|0.00177979|0.00141365,1,0.9165341258049011,True,663,0.9165341258049011,True,663,0.8180405497550964,True,663,0.8204469084739685,True,663,0.8323892951011658,True,c12_correct
664,665,665_7.bmp,preprocessed_results\665\665_7.bmp,664,664,664,0.9466590285301208,666,0.002134836046025157,0.9445241924840957,664|666|576|828|686,0.94665903|0.00213484|0.00173293|0.00156271|0.00142918,1,0.9466590285301208,True,664,0.9466590285301208,True,664,0.8094494342803955,True,664,0.8256710171699524,True,664,0.7714526653289795,True,c12_correct
665,666,666_10.bmp,preprocessed_results\666\666_10.bmp,665,665,665,0.8977587819099426,143,0.005323342513293028,0.8924354393966496,665|143|687|815|115,0.89775878|0.00532334|0.00508956|0.00408484|0.00240381,1,0.8977587819099426,True,665,0.8977587819099426,True,665,0.8493893146514893,True,665,0.8404381275177002,True,665,0.8486233353614807,True,c12_correct
666,667,667_6.bmp,preprocessed_results\667\667_6.bmp,666,666,666,0.8442766666412354,667,0.011317252181470394,0.832959414459765,666|667|641|640|805,0.84427667|0.01131725|0.01101234|0.00851293|0.00564332,1,0.8442766666412354,True,666,0.8442766666412354,True,666,0.8738091588020325,True,666,0.8207194805145264,True,666,0.8297033905982971,True,c12_correct
667,668,668_2.bmp,preprocessed_results\668\668_2.bmp,667,667,667,0.5746484398841858,720,0.012727356515824795,0.561921083368361,667|720|643|698|564,0.57464844|0.01272736|0.01116767|0.00776382|0.00675852,1,0.5746484398841858,True,667,0.5746484398841858,True,667,0.6630561947822571,True,667,0.7951633334159851,True,667,0.4848223030567169,True,c12_correct
668,669,669_10.bmp,preprocessed_results\669\669_10.bmp,668,668,668,0.9511076807975769,669,0.008578041568398476,0.9425296392291784,668|669|765|622|697,0.95110768|0.00857804|0.00121018|0.00090562|0.00071651,1,0.9511076807975769,True,668,0.9511076807975769,True,668,0.8858882784843445,True,668,0.8419224619865417,True,668,0.8599560260772705,True,c12_correct
669,670,670_7.bmp,preprocessed_results\670\670_7.bmp,669,669,669,0.767726480960846,668,0.027865881100296974,0.739860599860549,669|668|825|683|671,0.76772648|0.02786588|0.01652220|0.01291931|0.01173937,1,0.767726480960846,True,669,0.767726480960846,True,669,0.37516382336616516,True,669,0.8061708807945251,True,669,0.5370157957077026,True,c12_correct
670,671,671_7.bmp,preprocessed_results\671\671_7.bmp,670,670,670,0.6255557537078857,829,0.053301721811294556,0.5722540318965912,670|829|722|777|651,0.62555575|0.05330172|0.01655250|0.01332658|0.01219890,1,0.6255557537078857,True,670,0.6255557537078857,True,670,0.667723536491394,True,670,0.8263224959373474,True,670,0.7176429033279419,True,c12_correct
671,672,672_9.bmp,preprocessed_results\672\672_9.bmp,671,671,671,0.9197266697883606,781,0.009086166508495808,0.9106405032798648,671|781|627|657|761,0.91972667|0.00908617|0.00515369|0.00419988|0.00329964,1,0.9197266697883606,True,671,0.9197266697883606,True,671,0.825165867805481,True,671,0.8283267021179199,True,671,0.8297877907752991,True,c12_correct
672,673,673_1.bmp,preprocessed_results\673\673_1.bmp,672,672,672,0.7548879384994507,673,0.010533267632126808,0.7443546708673239,672|673|582|618|808,0.75488794|0.01053327|0.00749035|0.00718544|0.00708487,1,0.7548879384994507,True,672,0.7548879384994507,True,672,0.632642924785614,True,672,0.8298543691635132,True,672,0.7457426190376282,True,c12_correct
673,674,674_1.bmp,preprocessed_results\674\674_1.bmp,673,673,673,0.8188572525978088,333,0.021790508180856705,0.7970667444169521,673|333|672|582|686,0.81885725|0.02179051|0.01711074|0.00453153|0.00314187,1,0.8188572525978088,True,673,0.8188572525978088,True,673,0.6771842837333679,True,673,0.8346313834190369,True,673,0.8120169043540955,True,c12_correct
674,675,675_1.bmp,preprocessed_results\675\675_1.bmp,674,674,674,0.9320510029792786,675,0.005159792024642229,0.9268912109546363,674|675|626|312|256,0.93205100|0.00515979|0.00168715|0.00161952|0.00153518,1,0.9320510029792786,True,674,0.9320510029792786,True,674,0.8729297518730164,True,674,0.8369001150131226,True,674,0.8675593137741089,True,c12_correct
675,676,676_4.bmp,preprocessed_results\676\676_4.bmp,675,675,675,0.8293374180793762,4,0.008342238143086433,0.8209951799362898,675|4|674|311|293,0.82933742|0.00834224|0.00601594|0.00313798|0.00196346,1,0.8293374180793762,True,675,0.8293374180793762,True,675,0.652470588684082,True,675,0.8207762241363525,True,675,0.6689297556877136,True,c12_correct
676,677,677_8.bmp,preprocessed_results\677\677_8.bmp,676,676,676,0.9698352217674255,822,0.0009460087749175727,0.968889212992508,676|822|686|826|570,0.96983522|0.00094601|0.00076686|0.00071822|0.00062389,1,0.9698352217674255,True,676,0.9698352217674255,True,676,0.9276899099349976,True,676,0.8227919340133667,True,676,0.8042450547218323,True,c12_correct
677,678,678_6.bmp,preprocessed_results\678\678_6.bmp,677,677,677,0.8674620389938354,634,0.01241993810981512,0.8550421008840203,677|634|576|750|685,0.86746204|0.01241994|0.00739607|0.00623915|0.00568762,1,0.8674620389938354,True,677,0.8674620389938354,True,677,0.7219314575195312,True,677,0.827867329120636,True,677,0.7647194862365723,True,c12_correct
678,679,679_8.bmp,preprocessed_results\679\679_8.bmp,678,678,678,0.2875547707080841,569,0.03192904219031334,0.25562572851777077,678|569|604|644|590,0.28755477|0.03192904|0.02913771|0.02453934|0.01945840,1,0.2875547707080841,True,678,0.2875547707080841,True,678,0.18638832867145538,True,678,0.7605376839637756,True,678,0.3744686245918274,True,c12_correct
679,680,680_3.bmp,preprocessed_results\680\680_3.bmp,679,679,679,0.8195595145225525,814,0.005729943513870239,0.8138295710086823,679|814|688|678|645,0.81955951|0.00572994|0.00356924|0.00323641|0.00311108,1,0.8195595145225525,True,679,0.8195595145225525,True,679,0.8530398607254028,True,679,0.8408514261245728,True,679,0.8326483368873596,True,c12_correct
680,681,681_6.bmp,preprocessed_results\681\681_6.bmp,680,680,680,0.9235356450080872,681,0.00535966083407402,0.9181759841740131,680|681|802|678|682,0.92353565|0.00535966|0.00187899|0.00141276|0.00123765,1,0.9235356450080872,True,680,0.9235356450080872,True,680,0.8919033408164978,True,680,0.8464335799217224,True,680,0.8963442444801331,True,c12_correct
681,682,682_4.bmp,preprocessed_results\682\682_4.bmp,681,681,681,0.8380024433135986,631,0.018417205661535263,0.8195852376520634,681|631|680|689|721,0.83800244|0.01841721|0.01822823|0.00495408|0.00321701,1,0.8380024433135986,True,681,0.8380024433135986,True,681,0.8101258873939514,True,681,0.8263357877731323,True,681,0.6086785197257996,True,c12_correct
682,683,683_5.bmp,preprocessed_results\683\683_5.bmp,682,682,682,0.9220696687698364,761,0.002612971467897296,0.9194566973019391,682|761|726|641|588,0.92206967|0.00261297|0.00210719|0.00193136|0.00189307,1,0.9220696687698364,True,682,0.9220696687698364,True,682,0.7254308462142944,True,682,0.8056145906448364,True,682,0.7017676830291748,True,c12_correct
683,684,684_5.bmp,preprocessed_results\684\684_5.bmp,683,683,683,0.9575178623199463,765,0.0037269587628543377,0.953790903557092,683|765|759|682|639,0.95751786|0.00372696|0.00212607|0.00174401|0.00060431,1,0.9575178623199463,True,683,0.9575178623199463,True,683,0.7975139021873474,True,683,0.8494805097579956,True,683,0.8620020151138306,True,c12_correct
684,685,685_8.bmp,preprocessed_results\685\685_8.bmp,684,684,684,0.9240044951438904,685,0.0031909754034131765,0.9208135197404772,684|685|634|808|576,0.92400450|0.00319098|0.00216507|0.00208267|0.00194457,1,0.9240044951438904,True,684,0.9240044951438904,True,684,0.8825656175613403,True,684,0.8250247240066528,True,684,0.8459816575050354,True,c12_correct
685,686,686_8.bmp,preprocessed_results\686\686_8.bmp,685,685,685,0.8801528811454773,630,0.005258450284600258,0.874894430860877,685|630|636|684|649,0.88015288|0.00525845|0.00518014|0.00504143|0.00349991,1,0.8801528811454773,True,685,0.8801528811454773,True,685,0.8603894710540771,True,685,0.8375489711761475,True,685,0.7828481197357178,True,c12_correct
686,687,687_4.bmp,preprocessed_results\687\687_4.bmp,686,686,686,0.9236900806427002,676,0.006858224980533123,0.9168318556621671,686|676|576|740|687,0.92369008|0.00685822|0.00421876|0.00366091|0.00276777,1,0.9236900806427002,True,686,0.9236900806427002,True,686,0.8255349397659302,True,686,0.8478847742080688,True,686,0.7967273592948914,True,c12_correct
687,688,688_2.bmp,preprocessed_results\688\688_2.bmp,687,687,687,0.8574079871177673,743,0.013718905858695507,0.8436890812590718,687|743|686|745|809,0.85740799|0.01371891|0.01307069|0.00303006|0.00264282,1,0.8574079871177673,True,687,0.8574079871177673,True,687,0.7627320289611816,True,687,0.8159930109977722,True,687,0.7664199471473694,True,c12_correct
688,689,689_7.bmp,preprocessed_results\689\689_7.bmp,688,688,688,0.5824812054634094,630,0.02398057095706463,0.5585006345063448,688|630|649|636|637,0.58248121|0.02398057|0.01327125|0.01324504|0.01134154,1,0.5824812054634094,True,688,0.5824812054634094,True,688,0.6102604269981384,True,688,0.7857319712638855,True,688,0.6053035855293274,True,c12_correct
689,690,690_5.bmp,preprocessed_results\690\690_5.bmp,689,689,689,0.9144780039787292,649,0.015384426340460777,0.8990935776382685,689|649|743|688|102,0.91447800|0.01538443|0.00313567|0.00253620|0.00152498,1,0.9144780039787292,True,689,0.9144780039787292,True,689,0.8599101305007935,True,689,0.7923964858055115,True,689,0.8369880318641663,True,c12_correct
690,691,691_3.bmp,preprocessed_results\691\691_3.bmp,690,690,690,0.9118484258651733,678,0.008115981705486774,0.9037324441596866,690|678|691|680|636,0.91184843|0.00811598|0.00500036|0.00386775|0.00291113,1,0.9118484258651733,True,690,0.9118484258651733,True,690,0.8414046764373779,True,690,0.8494356870651245,True,690,0.8285141587257385,True,c12_correct
691,692,692_8.bmp,preprocessed_results\692\692_8.bmp,691,691,691,0.9353027939796448,690,0.003008391475304961,0.9322944025043398,691|690|644|719|673,0.93530279|0.00300839|0.00294695|0.00282861|0.00147037,1,0.9353027939796448,True,691,0.9353027939796448,True,691,0.8663047552108765,True,691,0.8356442451477051,True,691,0.8310261964797974,True,c12_correct
692,693,693_1.bmp,preprocessed_results\693\693_1.bmp,692,692,692,0.9320541024208069,693,0.007459244690835476,0.9245948577299714,692|693|744|609|655,0.93205410|0.00745924|0.00190148|0.00120409|0.00083885,1,0.9320541024208069,True,692,0.9320541024208069,True,692,0.8668488264083862,True,692,0.8471980094909668,True,692,0.8842757940292358,True,c12_correct
693,694,694_10.bmp,preprocessed_results\694\694_10.bmp,693,693,693,0.8454934358596802,692,0.00532848946750164,0.8401649463921785,693|692|827|623|741,0.84549344|0.00532849|0.00516937|0.00366704|0.00297022,1,0.8454934358596802,True,693,0.8454934358596802,True,693,0.8963043093681335,True,693,0.8369061946868896,True,693,0.7294517159461975,True,c12_correct
694,695,695_3.bmp,preprocessed_results\695\695_3.bmp,694,694,694,0.9367265105247498,610,0.004613964352756739,0.932112546171993,694|610|646|667|695,0.93672651|0.00461396|0.00254169|0.00202274|0.00191333,1,0.9367265105247498,True,694,0.9367265105247498,True,694,0.9407322406768799,True,694,0.8431742191314697,True,694,0.7741764783859253,True,c12_correct
695,696,696_2.bmp,preprocessed_results\696\696_2.bmp,695,695,695,0.837498664855957,789,0.01154361292719841,0.8259550519287586,695|789|732|673|713,0.83749866|0.01154361|0.00400873|0.00358241|0.00344299,1,0.837498664855957,True,695,0.837498664855957,True,695,0.5757243633270264,True,695,0.814939022064209,True,695,0.7577893137931824,True,c12_correct
696,697,697_8.bmp,preprocessed_results\697\697_8.bmp,696,696,696,0.7358459830284119,697,0.013899416662752628,0.7219465663656592,696|697|707|810|830,0.73584598|0.01389942|0.00899750|0.00749063|0.00500336,1,0.7358459830284119,True,696,0.7358459830284119,True,696,0.6861755847930908,True,696,0.8179118037223816,True,696,0.7950625419616699,True,c12_correct
697,698,698_4.bmp,preprocessed_results\698\698_4.bmp,697,697,697,0.8572809100151062,651,0.012020854279398918,0.8452600557357073,697|651|790|811|827,0.85728091|0.01202085|0.01096934|0.00731525|0.00544074,1,0.8572809100151062,True,697,0.8572809100151062,True,697,0.6713472008705139,True,697,0.8263067007064819,True,697,0.8315950036048889,True,c12_correct
698,699,699_10.bmp,preprocessed_results\699\699_10.bmp,698,698,698,0.881756603717804,666,0.002667654538527131,0.8790889491792768,698|666|598|652|219,0.88175660|0.00266765|0.00226118|0.00224618|0.00199606,1,0.881756603717804,True,698,0.881756603717804,True,698,0.7658138275146484,True,698,0.8229856491088867,True,698,0.7955018281936646,True,c12_correct
699,700,700_9.bmp,preprocessed_results\700\700_9.bmp,699,699,699,0.8593448996543884,801,0.008489356376230717,0.8508555432781577,699|801|743|714|724,0.85934490|0.00848936|0.00691360|0.00555871|0.00419846,1,0.8593448996543884,True,699,0.8593448996543884,True,699,0.849251389503479,True,699,0.7855161428451538,True,699,0.7685827612876892,True,c12_correct
700,701,701_10.bmp,preprocessed_results\701\701_10.bmp,700,700,700,0.9116871953010559,791,0.0031981656793504953,0.9084890296217054,700|791|701|708|613,0.91168720|0.00319817|0.00280122|0.00185579|0.00180456,1,0.9116871953010559,True,700,0.9116871953010559,True,700,0.9178433418273926,True,700,0.8476139307022095,True,700,0.8115937113761902,True,c12_correct
701,702,702_2.bmp,preprocessed_results\702\702_2.bmp,701,701,701,0.909074068069458,700,0.002711102832108736,0.9063629652373493,701|700|801|142|619,0.90907407|0.00271110|0.00191504|0.00160929|0.00150135,1,0.909074068069458,True,701,0.909074068069458,True,701,0.8408625721931458,True,701,0.8187310099601746,True,701,0.7923184037208557,True,c12_correct
702,703,703_1.bmp,preprocessed_results\703\703_1.bmp,702,702,702,0.8417173624038696,832,0.0035739699378609657,0.8381433924660087,702|832|694|73|640,0.84171736|0.00357397|0.00244905|0.00227282|0.00217571,1,0.8417173624038696,True,702,0.8417173624038696,True,702,0.552041232585907,True,702,0.7955354452133179,True,702,0.7277166843414307,True,c12_correct
703,704,704_5.bmp,preprocessed_results\704\704_5.bmp,703,703,703,0.9406507015228271,749,0.0019966410472989082,0.9386540604755282,703|749|540|723|717,0.94065070|0.00199664|0.00109685|0.00101009|0.00093446,1,0.9406507015228271,True,703,0.9406507015228271,True,703,0.8759176135063171,True,703,0.8247318267822266,True,703,0.783637285232544,True,c12_correct
704,705,705_4.bmp,preprocessed_results\705\705_4.bmp,704,704,704,0.9262832999229431,705,0.013148007914423943,0.9131352920085192,704|705|667|706|311,0.92628330|0.01314801|0.00101224|0.00088519|0.00086269,1,0.9262832999229431,True,704,0.9262832999229431,True,704,0.8916358351707458,True,704,0.8448039293289185,True,704,0.8487984538078308,True,c12_correct
705,706,706_8.bmp,preprocessed_results\706\706_8.bmp,705,705,705,0.8421651124954224,30,0.008970821276307106,0.8331942912191153,705|30|579|564|667,0.84216511|0.00897082|0.00409675|0.00377177|0.00368821,1,0.8421651124954224,True,705,0.8421651124954224,True,705,0.7836349010467529,True,705,0.8529424667358398,True,705,0.781327486038208,True,c12_correct
706,707,707_6.bmp,preprocessed_results\707\707_6.bmp,706,706,706,0.8974502086639404,772,0.004402367398142815,0.8930478412657976,706|772|607|301|823,0.89745021|0.00440237|0.00261529|0.00235708|0.00216535,1,0.8974502086639404,True,706,0.8974502086639404,True,706,0.8988238573074341,True,706,0.8047617077827454,True,706,0.8251847624778748,True,c12_correct
707,708,708_5.bmp,preprocessed_results\708\708_5.bmp,707,707,707,0.8870587944984436,276,0.00282628764398396,0.8842325068544596,707|276|583|619|759,0.88705879|0.00282629|0.00272936|0.00192725|0.00180485,1,0.8870587944984436,True,707,0.8870587944984436,True,707,0.7795225381851196,True,707,0.8375548124313354,True,707,0.8175740242004395,True,c12_correct
708,709,709_9.bmp,preprocessed_results\709\709_9.bmp,708,708,708,0.8533064126968384,659,0.024761298671364784,0.8285451140254736,708|659|609|695|600,0.85330641|0.02476130|0.00645358|0.00530900|0.00516056,1,0.8533064126968384,True,708,0.8533064126968384,True,708,0.8112240433692932,True,708,0.8069322109222412,True,708,0.7324357032775879,True,c12_correct
709,710,710_9.bmp,preprocessed_results\710\710_9.bmp,709,709,709,0.9265705347061157,708,0.00443517230451107,0.9221353624016047,709|708|633|714|715,0.92657053|0.00443517|0.00373497|0.00195653|0.00191515,1,0.9265705347061157,True,709,0.9265705347061157,True,709,0.8625116348266602,True,709,0.8198668360710144,True,709,0.806826651096344,True,c12_correct
710,711,711_3.bmp,preprocessed_results\711\711_3.bmp,710,710,710,0.9524532556533813,788,0.005809350870549679,0.9466439047828317,710|788|603|602|646,0.95245326|0.00580935|0.00087425|0.00085395|0.00078919,1,0.9524532556533813,True,710,0.9524532556533813,True,710,0.9016873836517334,True,710,0.8491073250770569,True,710,0.8474054336547852,True,c12_correct
711,712,712_10.bmp,preprocessed_results\712\712_10.bmp,711,711,711,0.7730258703231812,773,0.037839025259017944,0.7351868450641632,711|773|647|710|586,0.77302587|0.03783903|0.00654882|0.00545379|0.00487189,1,0.7730258703231812,True,711,0.7730258703231812,True,711,0.5008769631385803,True,711,0.815839946269989,True,711,0.7459145784378052,True,c12_correct
712,713,713_1.bmp,preprocessed_results\713\713_1.bmp,712,712,712,0.9249764680862427,652,0.001232595182955265,0.9237438729032874,712|652|584|833|601,0.92497647|0.00123260|0.00123159|0.00120121|0.00117887,1,0.9249764680862427,True,712,0.9249764680862427,True,712,0.7964853048324585,True,712,0.8216192722320557,True,712,0.7631890177726746,True,c12_correct
713,714,714_5.bmp,preprocessed_results\714\714_5.bmp,713,713,713,0.9379546046257019,583,0.0033477528486400843,0.9346068517770618,713|583|819|793|582,0.93795460|0.00334775|0.00299725|0.00217220|0.00167722,1,0.9379546046257019,True,713,0.9379546046257019,True,713,0.7958324551582336,True,713,0.8662267327308655,True,713,0.819880485534668,True,c12_correct
714,715,715_7.bmp,preprocessed_results\715\715_7.bmp,714,714,714,0.8422349691390991,712,0.012683309614658356,0.8295516595244408,714|712|715|699|619,0.84223497|0.01268331|0.01148659|0.00790694|0.00396335,1,0.8422349691390991,True,714,0.8422349691390991,True,714,0.8066099286079407,True,714,0.8299732804298401,True,714,0.8449108600616455,True,c12_correct
715,716,716_2.bmp,preprocessed_results\716\716_2.bmp,715,715,715,0.8504474759101868,603,0.007527141831815243,0.8429203340783715,715|603|714|671|611,0.85044748|0.00752714|0.00593972|0.00500904|0.00335403,1,0.8504474759101868,True,715,0.8504474759101868,True,715,0.8294448852539062,True,715,0.831108570098877,True,715,0.8237711191177368,True,c12_correct
716,717,717_6.bmp,preprocessed_results\717\717_6.bmp,716,716,716,0.6930223703384399,5,0.01785864494740963,0.6751637253910303,716|5|780|699|401,0.69302237|0.01785864|0.01070528|0.00620223|0.00589983,1,0.6930223703384399,True,716,0.6930223703384399,True,716,0.5626362562179565,True,716,0.7956428527832031,True,716,0.70195072889328,True,c12_correct
717,718,718_9.bmp,preprocessed_results\718\718_9.bmp,717,717,717,0.9607017040252686,357,0.0013080008793622255,0.9593937031459063,717|357|716|713|116,0.96070170|0.00130800|0.00124004|0.00095278|0.00092975,1,0.9607017040252686,True,717,0.9607017040252686,True,717,0.7832764983177185,True,717,0.8654016256332397,True,717,0.8547244668006897,True,c12_correct
718,719,719_3.bmp,preprocessed_results\719\719_3.bmp,718,718,718,0.7240517139434814,609,0.012127213180065155,0.7119245007634163,718|609|774|812|654,0.72405171|0.01212721|0.00390082|0.00377746|0.00369009,1,0.7240517139434814,True,718,0.7240517139434814,True,718,0.6867493391036987,True,718,0.8261821269989014,True,718,0.7831935882568359,True,c12_correct
719,720,720_8.bmp,preprocessed_results\720\720_8.bmp,719,719,719,0.9532467722892761,691,0.002822575159370899,0.9504241971299052,719|691|588|785|657,0.95324677|0.00282258|0.00206117|0.00201652|0.00145612,1,0.9532467722892761,True,719,0.9532467722892761,True,719,0.8718757629394531,True,719,0.8411716818809509,True,719,0.8633854985237122,True,c12_correct
720,721,721_5.bmp,preprocessed_results\721\721_5.bmp,720,720,720,0.9607964158058167,676,0.0018650362035259604,0.9589313796022907,720|676|635|740|667,0.96079642|0.00186504|0.00174591|0.00091995|0.00075992,1,0.9607964158058167,True,720,0.9607964158058167,True,720,0.6558298468589783,True,720,0.8223745822906494,True,720,0.7489140629768372,True,c12_correct
721,722,722_8.bmp,preprocessed_results\722\722_8.bmp,721,721,721,0.8881391882896423,649,0.0031238922383636236,0.8850152960512787,721|649|635|103|720,0.88813919|0.00312389|0.00309129|0.00305249|0.00231919,1,0.8881391882896423,True,721,0.8881391882896423,True,721,0.8522708415985107,True,721,0.8350260853767395,True,721,0.7737956643104553,True,c12_correct
722,723,723_5.bmp,preprocessed_results\723\723_5.bmp,722,722,722,0.8926156163215637,614,0.005633458495140076,0.8869821578264236,722|614|346|366|702,0.89261562|0.00563346|0.00410355|0.00267906|0.00244479,1,0.8926156163215637,True,722,0.8926156163215637,True,722,0.7884635329246521,True,722,0.8220201730728149,True,722,0.8602184057235718,True,c12_correct
723,724,724_6.bmp,preprocessed_results\724\724_6.bmp,723,723,723,0.8551293611526489,639,0.006025210488587618,0.8491041506640613,723|639|6|777|703,0.85512936|0.00602521|0.00454291|0.00342163|0.00329344,1,0.8551293611526489,True,723,0.8551293611526489,True,723,0.6225326061248779,True,723,0.7992411255836487,True,723,0.6476049423217773,True,c12_correct
724,725,725_1.bmp,preprocessed_results\725\725_1.bmp,724,724,724,0.9220850467681885,725,0.0023136192467063665,0.9197714275214821,724|725|698|436|218,0.92208505|0.00231362|0.00134884|0.00121671|0.00110729,1,0.9220850467681885,True,724,0.9220850467681885,True,724,0.826915979385376,True,724,0.8171414136886597,True,724,0.8406717777252197,True,c12_correct
725,726,726_10.bmp,preprocessed_results\726\726_10.bmp,725,725,725,0.7445158362388611,831,0.007756034843623638,0.7367598013952374,725|831|773|724|104,0.74451584|0.00775603|0.00390067|0.00329231|0.00323606,1,0.7445158362388611,True,725,0.7445158362388611,True,725,0.6343439817428589,True,725,0.8143738508224487,True,725,0.8659583926200867,True,c12_correct
726,727,727_4.bmp,preprocessed_results\727\727_4.bmp,726,726,726,0.6074653267860413,630,0.01475888304412365,0.5927064437419176,726|630|626|594|820,0.60746533|0.01475888|0.01343368|0.01137603|0.00922512,1,0.6074653267860413,True,726,0.6074653267860413,True,726,0.7094920873641968,True,726,0.799552321434021,True,726,0.5761816501617432,True,c12_correct
727,728,728_7.bmp,preprocessed_results\728\728_7.bmp,727,727,727,0.9040017127990723,726,0.004134927410632372,0.8998667853884399,727|726|755|703|107,0.90400171|0.00413493|0.00302192|0.00277625|0.00173829,1,0.9040017127990723,True,727,0.9040017127990723,True,727,0.7832393050193787,True,727,0.8069332838058472,True,727,0.7975663542747498,True,c12_correct
728,729,729_5.bmp,preprocessed_results\729\729_5.bmp,728,728,728,0.9150638580322266,729,0.004688268527388573,0.910375589504838,728|729|253|768|658,0.91506386|0.00468827|0.00270660|0.00244691|0.00230266,1,0.9150638580322266,True,728,0.9150638580322266,True,728,0.8730370402336121,True,728,0.8134559392929077,True,728,0.8519501686096191,True,c12_correct
729,730,730_7.bmp,preprocessed_results\730\730_7.bmp,729,729,729,0.7365835309028625,658,0.02100329101085663,0.7155802398920059,729|658|728|141|768,0.73658353|0.02100329|0.01191228|0.00611680|0.00347297,1,0.7365835309028625,True,729,0.7365835309028625,True,729,0.651513397693634,True,729,0.8108862042427063,True,729,0.745355486869812,True,c12_correct
730,731,731_10.bmp,preprocessed_results\731\731_10.bmp,730,730,730,0.15167394280433655,712,0.13792841136455536,0.013745531439781189,730|712|592|575|823,0.15167394|0.13792841|0.03524616|0.02784896|0.02407548,1,0.15167394280433655,True,730,0.15167394280433655,True,730,0.13370417058467865,True,730,0.7891611456871033,True,730,0.3374369442462921,True,c12_correct
731,732,732_6.bmp,preprocessed_results\732\732_6.bmp,731,731,731,0.9184901118278503,730,0.012371039018034935,0.9061190728098154,731|730|706|707|823,0.91849011|0.01237104|0.00351445|0.00273028|0.00225762,1,0.9184901118278503,True,731,0.9184901118278503,True,731,0.802076518535614,True,731,0.8301293253898621,True,731,0.8427202701568604,True,c12_correct
732,733,733_7.bmp,preprocessed_results\733\733_7.bmp,732,732,732,0.924433171749115,638,0.004490815103054047,0.9199423566460609,732|638|733|695|691,0.92443317|0.00449082|0.00325032|0.00261617|0.00170104,1,0.924433171749115,True,732,0.924433171749115,True,732,0.8801876306533813,True,732,0.8160028457641602,True,732,0.7840685248374939,True,c12_correct
733,734,734_6.bmp,preprocessed_results\734\734_6.bmp,733,733,733,0.8288333415985107,781,0.005792408250272274,0.8230409333482385,733|781|194|7|807,0.82883334|0.00579241|0.00489051|0.00320736|0.00319944,1,0.8288333415985107,True,733,0.8288333415985107,True,733,0.3716263175010681,True,733,0.8069204688072205,True,733,0.5465685129165649,True,c12_correct
734,735,735_7.bmp,preprocessed_results\735\735_7.bmp,734,734,734,0.8297447562217712,756,0.01024254597723484,0.8195022102445364,734|756|761|572|758,0.82974476|0.01024255|0.00458732|0.00458591|0.00443635,1,0.8297447562217712,True,734,0.8297447562217712,True,734,0.7940828800201416,True,734,0.8314414620399475,True,734,0.8008023500442505,True,c12_correct
735,736,736_1.bmp,preprocessed_results\736\736_1.bmp,735,735,735,0.9345480799674988,777,0.002549532800912857,0.9319985471665859,735|777|171|130|609,0.93454808|0.00254953|0.00190732|0.00168725|0.00134527,1,0.9345480799674988,True,735,0.9345480799674988,True,735,0.8419012427330017,True,735,0.8397605419158936,True,735,0.7869759202003479,True,c12_correct
736,737,737_5.bmp,preprocessed_results\737\737_5.bmp,736,736,736,0.9126350283622742,737,0.00352229131385684,0.9091127370484173,736|737|609|828|694,0.91263503|0.00352229|0.00298305|0.00292007|0.00274129,1,0.9126350283622742,True,736,0.9126350283622742,True,736,0.8102192282676697,True,736,0.8206385970115662,True,736,0.8199791312217712,True,c12_correct
737,738,738_1.bmp,preprocessed_results\738\738_1.bmp,737,737,737,0.8993040919303894,191,0.002557736122980714,0.8967463558074087,737|191|736|608|642,0.89930409|0.00255774|0.00251450|0.00199112|0.00187971,1,0.8993040919303894,True,737,0.8993040919303894,True,737,0.6827730536460876,True,737,0.8103747367858887,True,737,0.8601246476173401,True,c12_correct
738,739,739_10.bmp,preprocessed_results\739\739_10.bmp,738,738,738,0.7555361986160278,815,0.015942823141813278,0.7395933754742146,738|815|739|6|639,0.75553620|0.01594282|0.01306670|0.00973345|0.00965877,1,0.7555361986160278,True,738,0.7555361986160278,True,738,0.6232466101646423,True,738,0.7946040630340576,True,738,0.6754065155982971,True,c12_correct
739,740,740_5.bmp,preprocessed_results\740\740_5.bmp,739,739,739,0.906767725944519,738,0.009216740727424622,0.8975509852170944,739|738|691|829|670,0.90676773|0.00921674|0.00544171|0.00342574|0.00246276,1,0.906767725944519,True,739,0.906767725944519,True,739,0.6708300709724426,True,739,0.8389901518821716,True,739,0.8182113766670227,True,c12_correct
740,741,741_5.bmp,preprocessed_results\741\741_5.bmp,740,740,740,0.929817795753479,582,0.007662026211619377,0.9221557695418596,740|582|722|638|686,0.92981780|0.00766203|0.00273083|0.00176098|0.00109193,1,0.929817795753479,True,740,0.929817795753479,True,740,0.7132567167282104,True,740,0.8359063863754272,True,740,0.786200225353241,True,c12_correct
741,742,742_3.bmp,preprocessed_results\742\742_3.bmp,741,741,741,0.938713550567627,764,0.0026290377136319876,0.936084512853995,741|764|815|697|693,0.93871355|0.00262904|0.00207567|0.00192211|0.00173501,1,0.938713550567627,True,741,0.938713550567627,True,741,0.7002654671669006,True,741,0.8210167288780212,True,741,0.8347502946853638,True,c12_correct
742,743,743_3.bmp,preprocessed_results\743\743_3.bmp,742,742,742,0.9122118353843689,743,0.0076342616230249405,0.904577573761344,742|743|780|586|679,0.91221184|0.00763426|0.00579923|0.00209751|0.00206682,1,0.9122118353843689,True,742,0.9122118353843689,True,742,0.5366860628128052,True,742,0.8249933123588562,True,742,0.6989537477493286,True,c12_correct
743,744,744_9.bmp,preprocessed_results\744\744_9.bmp,743,743,743,0.8645238280296326,649,0.017827855423092842,0.8466959726065397,743|649|803|742|689,0.86452383|0.01782786|0.01103153|0.01064391|0.00798039,1,0.8645238280296326,True,743,0.8645238280296326,True,743,0.8428818583488464,True,743,0.8203832507133484,True,743,0.83699631690979,True,c12_correct
744,745,745_4.bmp,preprocessed_results\745\745_4.bmp,744,744,744,0.9428066611289978,587,0.004629519302397966,0.9381771418265998,744|587|560|745|693,0.94280666|0.00462952|0.00085248|0.00080721|0.00078531,1,0.9428066611289978,True,744,0.9428066611289978,True,744,0.8404918313026428,True,744,0.835802435874939,True,744,0.8406144976615906,True,c12_correct
745,746,746_6.bmp,preprocessed_results\746\746_6.bmp,745,745,745,0.8950183987617493,744,0.005156876519322395,0.8898615222424269,745|744|628|615|705,0.89501840|0.00515688|0.00330429|0.00289289|0.00158714,1,0.8950183987617493,True,745,0.8950183987617493,True,745,0.8211878538131714,True,745,0.8045864701271057,True,745,0.8436995148658752,True,c12_correct
746,747,747_5.bmp,preprocessed_results\747\747_5.bmp,746,746,746,0.7787282466888428,47,0.008913428522646427,0.7698148181661963,746|47|638|564|698,0.77872825|0.00891343|0.00419418|0.00385625|0.00367779,1,0.7787282466888428,True,746,0.7787282466888428,True,746,0.8934510946273804,True,746,0.816819429397583,True,746,0.789045512676239,True,c12_correct
747,748,748_10.bmp,preprocessed_results\748\748_10.bmp,747,747,747,0.5192297697067261,817,0.011295994743704796,0.5079337749630213,747|817|759|797|597,0.51922977|0.01129599|0.01094358|0.01053183|0.00825578,1,0.5192297697067261,True,747,0.5192297697067261,True,747,0.5942050814628601,True,747,0.822374165058136,True,747,0.7030231356620789,True,c12_correct
748,749,749_4.bmp,preprocessed_results\749\749_4.bmp,748,748,748,0.6021653413772583,823,0.02490484155714512,0.5772604998201132,748|823|161|623|211,0.60216534|0.02490484|0.01011411|0.00923507|0.00781481,1,0.6021653413772583,True,748,0.6021653413772583,True,748,0.6167593002319336,True,748,0.8198447227478027,True,748,0.7673811912536621,True,c12_correct
749,750,750_3.bmp,preprocessed_results\750\750_3.bmp,749,749,749,0.09450388699769974,669,0.018580984324216843,0.0759229026734829,749|669|769|180|733,0.09450389|0.01858098|0.01795654|0.01628073|0.01524978,1,0.09450388699769974,True,749,0.09450388699769974,True,749,0.05390109866857529,True,749,0.7678540945053101,True,749,0.27677640318870544,True,c12_correct
750,751,751_10.bmp,preprocessed_results\751\751_10.bmp,750,750,750,0.846354603767395,636,0.010808039456605911,0.8355465643107891,750|636|685|751|826,0.84635460|0.01080804|0.00898661|0.00792270|0.00656080,1,0.846354603767395,True,750,0.846354603767395,True,750,0.425139844417572,True,750,0.806046187877655,True,750,0.5551028251647949,True,c12_correct
751,752,752_1.bmp,preprocessed_results\752\752_1.bmp,751,751,751,0.9591416716575623,750,0.005081880837678909,0.9540597908198833,751|750|554|30|619,0.95914167|0.00508188|0.00120589|0.00095296|0.00052197,1,0.9591416716575623,True,751,0.9591416716575623,True,751,0.8482720255851746,True,751,0.8352059125900269,True,751,0.8272689580917358,True,c12_correct
752,753,753_9.bmp,preprocessed_results\753\753_9.bmp,752,752,752,0.8979579210281372,613,0.004062642343342304,0.8938952786847949,752|613|753|261|764,0.89795792|0.00406264|0.00359890|0.00205821|0.00150132,1,0.8979579210281372,True,752,0.8979579210281372,True,752,0.8024954795837402,True,752,0.8090261816978455,True,752,0.7966165542602539,True,c12_correct
753,754,754_7.bmp,preprocessed_results\754\754_7.bmp,753,753,753,0.9537063241004944,752,0.004433966241776943,0.9492723578587174,753|752|663|785|699,0.95370632|0.00443397|0.00233801|0.00129488|0.00098298,1,0.9537063241004944,True,753,0.9537063241004944,True,753,0.8344249129295349,True,753,0.8393559455871582,True,753,0.8602154850959778,True,c12_correct
754,755,755_4.bmp,preprocessed_results\755\755_4.bmp,754,754,754,0.8378934264183044,613,0.005914620589464903,0.8319788058288395,754|613|621|779|101,0.83789343|0.00591462|0.00543328|0.00377908|0.00350811,1,0.8378934264183044,True,754,0.8378934264183044,True,754,0.8089666366577148,True,754,0.8204677700996399,True,754,0.7471224069595337,True,c12_correct
755,756,756_7.bmp,preprocessed_results\756\756_7.bmp,755,755,755,0.3920340836048126,790,0.027260499075055122,0.3647735845297575,755|790|621|829|821,0.39203408|0.02726050|0.02669532|0.02000125|0.01875428,1,0.3920340836048126,True,755,0.3920340836048126,True,755,0.4699784219264984,True,755,0.8088878393173218,True,755,0.6238556504249573,True,c12_correct
756,757,757_5.bmp,preprocessed_results\757\757_5.bmp,756,756,756,0.6684982776641846,608,0.028762413188815117,0.6397358644753695,756|608|757|734|609,0.66849828|0.02876241|0.01076623|0.00985398|0.00803576,1,0.6684982776641846,True,756,0.6684982776641846,True,756,0.42578789591789246,True,756,0.7739802002906799,True,756,0.5101516842842102,True,c12_correct
757,758,758_10.bmp,preprocessed_results\758\758_10.bmp,757,757,757,0.9104689955711365,765,0.007586814928799868,0.9028821806423366,757|765|756|620|621,0.91046900|0.00758681|0.00509243|0.00271547|0.00254339,1,0.9104689955711365,True,757,0.9104689955711365,True,757,0.8131369948387146,True,757,0.8541081547737122,True,757,0.819161593914032,True,c12_correct
758,759,759_7.bmp,preprocessed_results\759\759_7.bmp,758,758,758,0.9130037426948547,784,0.0035854093730449677,0.9094183333218098,758|784|820|766|572,0.91300374|0.00358541|0.00313745|0.00248197|0.00230233,1,0.9130037426948547,True,758,0.9130037426948547,True,758,0.8703835010528564,True,758,0.8223780393600464,True,758,0.8737745881080627,True,c12_correct
759,760,760_7.bmp,preprocessed_results\760\760_7.bmp,759,759,759,0.48543691635131836,669,0.024457545951008797,0.46097937040030956,759|669|825|683|670,0.48543692|0.02445755|0.01886540|0.01858166|0.01765918,1,0.48543691635131836,True,759,0.48543691635131836,True,759,0.46561285853385925,True,759,0.8187664747238159,True,759,0.7191508412361145,True,c12_correct
760,761,761_2.bmp,preprocessed_results\761\761_2.bmp,760,760,760,0.61976158618927,607,0.019680853933095932,0.6000807322561741,760|607|163|788|584,0.61976159|0.01968085|0.01224036|0.00903404|0.00803986,1,0.61976158618927,True,760,0.61976158618927,True,760,0.3863924443721771,True,760,0.8248385190963745,True,760,0.6396490335464478,True,c12_correct
761,762,762_2.bmp,preprocessed_results\762\762_2.bmp,761,761,761,0.9121386408805847,586,0.002289138501510024,0.9098495023790747,761|586|774|653|641,0.91213864|0.00228914|0.00181735|0.00179590|0.00172851,1,0.9121386408805847,True,761,0.9121386408805847,True,761,0.8449850082397461,True,761,0.8468576669692993,True,761,0.8162725567817688,True,c12_correct
762,763,763_5.bmp,preprocessed_results\763\763_5.bmp,762,762,762,0.9477958083152771,806,0.0036005054134875536,0.9441953029017895,762|806|763|726|719,0.94779581|0.00360051|0.00183111|0.00151620|0.00113638,1,0.9477958083152771,True,762,0.9477958083152771,True,762,0.8864448666572571,True,762,0.8141148686408997,True,762,0.9264835119247437,True,c12_correct
763,764,764_9.bmp,preprocessed_results\764\764_9.bmp,763,763,763,0.7104678153991699,319,0.007707436569035053,0.7027603788301349,763|319|287|290|661,0.71046782|0.00770744|0.00538112|0.00494768|0.00439981,1,0.7104678153991699,True,763,0.7104678153991699,True,763,0.4626695513725281,True,763,0.8256973028182983,True,763,0.7456676363945007,True,c12_correct
764,765,765_10.bmp,preprocessed_results\765\765_10.bmp,764,764,764,0.8779283761978149,741,0.007831641472876072,0.8700967347249389,764|741|780|287|752,0.87792838|0.00783164|0.00622340|0.00439213|0.00299490,1,0.8779283761978149,True,764,0.8779283761978149,True,764,0.8529503345489502,True,764,0.8475973010063171,True,764,0.8283530473709106,True,c12_correct
765,766,766_4.bmp,preprocessed_results\766\766_4.bmp,765,765,765,0.8638935089111328,757,0.010693312622606754,0.8532001962885261,765|757|683|737|620,0.86389351|0.01069331|0.00962999|0.00387374|0.00352979,1,0.8638935089111328,True,765,0.8638935089111328,True,765,0.8672357797622681,True,765,0.8218420743942261,True,765,0.843184232711792,True,c12_correct
766,767,767_1.bmp,preprocessed_results\767\767_1.bmp,766,766,766,0.8882019519805908,241,0.007868556305766106,0.8803333956748247,766|241|758|756|626,0.88820195|0.00786856|0.00548022|0.00458716|0.00296790,1,0.8882019519805908,True,766,0.8882019519805908,True,766,0.8010082244873047,True,766,0.8330778479576111,True,766,0.7541123032569885,True,c12_correct
767,768,768_7.bmp,preprocessed_results\768\768_7.bmp,767,767,767,0.9101777672767639,766,0.0023986382875591516,0.9077791289892048,767|766|792|224|643,0.91017777|0.00239864|0.00207035|0.00193908|0.00162313,1,0.9101777672767639,True,767,0.9101777672767639,True,767,0.8669053912162781,True,767,0.8321184515953064,True,767,0.881009042263031,True,c12_correct
768,769,769_3.bmp,preprocessed_results\769\769_3.bmp,768,768,768,0.25523635745048523,807,0.08055811375379562,0.1746782436966896,768|807|759|792|302,0.25523636|0.08055811|0.01460228|0.01279823|0.01230099,1,0.25523635745048523,True,768,0.25523635745048523,True,768,0.6220777034759521,True,768,0.8202661871910095,True,768,0.6661307215690613,True,c12_correct
769,770,770_7.bmp,preprocessed_results\770\770_7.bmp,769,769,769,0.774526059627533,807,0.022555731236934662,0.7519703283905983,769|807|768|791|11,0.77452606|0.02255573|0.01287437|0.00704352|0.00460820,1,0.774526059627533,True,769,0.774526059627533,True,769,0.844516932964325,True,769,0.8198307156562805,True,769,0.7372100353240967,True,c12_correct
770,771,771_5.bmp,preprocessed_results\771\771_5.bmp,770,770,770,0.949459969997406,671,0.0018146769143640995,0.9476452930830419,770|671|310|776|16,0.94945997|0.00181468|0.00175958|0.00124486|0.00105461,1,0.949459969997406,True,770,0.949459969997406,True,770,0.9242972135543823,True,770,0.8612874150276184,True,770,0.8671259880065918,True,c12_correct
771,772,772_2.bmp,preprocessed_results\772\772_2.bmp,771,771,771,0.8815314173698425,133,0.0032008285634219646,0.8783305888064206,771|133|825|669|391,0.88153142|0.00320083|0.00255263|0.00249946|0.00167703,1,0.8815314173698425,True,771,0.8815314173698425,True,771,0.8333413600921631,True,771,0.8263617753982544,True,771,0.8189568519592285,True,c12_correct
772,773,773_2.bmp,preprocessed_results\773\773_2.bmp,772,772,772,0.9201250672340393,773,0.017570417374372482,0.9025546498596668,772|773|706|709|789,0.92012507|0.01757042|0.00193763|0.00177987|0.00174290,1,0.9201250672340393,True,772,0.9201250672340393,True,772,0.7737786173820496,True,772,0.8130958080291748,True,772,0.802988588809967,True,c12_correct
773,774,774_10.bmp,preprocessed_results\774\774_10.bmp,773,773,773,0.7343543767929077,772,0.05524217709898949,0.6791121996939182,773|772|607|647|754,0.73435438|0.05524218|0.00456041|0.00417296|0.00389479,1,0.7343543767929077,True,773,0.7343543767929077,True,773,0.2890675961971283,True,773,0.7663669586181641,True,773,0.5089797377586365,True,c12_correct
774,775,775_1.bmp,preprocessed_results\775\775_1.bmp,774,774,774,0.8881878852844238,609,0.006630596239119768,0.8815572890453041,774|609|738|346|590,0.88818789|0.00663060|0.00197170|0.00193473|0.00191471,1,0.8881878852844238,True,774,0.8881878852844238,True,774,0.6370245218276978,True,774,0.8085955381393433,True,774,0.6804124712944031,True,c12_correct
775,776,776_9.bmp,preprocessed_results\776\776_9.bmp,775,775,775,0.8681705594062805,162,0.00591972516849637,0.8622508342377841,775|162|243|709|630,0.86817056|0.00591973|0.00461723|0.00443551|0.00305019,1,0.8681705594062805,True,775,0.8681705594062805,True,775,0.7591488361358643,True,775,0.83292156457901,True,775,0.7964518070220947,True,c12_correct
776,777,777_7.bmp,preprocessed_results\777\777_7.bmp,776,776,776,0.539105236530304,777,0.02660130150616169,0.5125039350241423,776|777|784|615|754,0.53910524|0.02660130|0.02206273|0.00754663|0.00740597,1,0.539105236530304,True,776,0.539105236530304,True,776,0.35153302550315857,True,776,0.8151620626449585,True,776,0.5621093511581421,True,c12_correct
777,778,778_3.bmp,preprocessed_results\778\778_3.bmp,777,777,777,0.8622350692749023,670,0.009548832662403584,0.8526862366124988,777|670|776|735|597,0.86223507|0.00954883|0.00905752|0.00305507|0.00279143,1,0.8622350692749023,True,777,0.8622350692749023,True,777,0.8554141521453857,True,777,0.8536622524261475,True,777,0.7581092715263367,True,c12_correct
778,779,779_2.bmp,preprocessed_results\779\779_2.bmp,778,778,778,0.901562511920929,779,0.003735616337507963,0.897826895583421,778|779|132|627|410,0.90156251|0.00373562|0.00326189|0.00170194|0.00162247,1,0.901562511920929,True,778,0.901562511920929,True,778,0.8275300860404968,True,778,0.7983047366142273,True,778,0.8338059186935425,True,c12_correct
779,780,780_7.bmp,preprocessed_results\780\780_7.bmp,779,779,779,0.9131752848625183,23,0.0034756576642394066,0.9096996271982789,779|23|778|581|768,0.91317528|0.00347566|0.00332141|0.00318008|0.00200691,1,0.9131752848625183,True,779,0.9131752848625183,True,779,0.7505873441696167,True,779,0.8327327966690063,True,779,0.8817277550697327,True,c12_correct
780,781,781_4.bmp,preprocessed_results\781\781_4.bmp,780,780,780,0.921181321144104,764,0.00777464359998703,0.913406677544117,780|764|758|820|766,0.92118132|0.00777464|0.00313133|0.00234238|0.00202445,1,0.921181321144104,True,780,0.921181321144104,True,780,0.7823757529258728,True,780,0.8120697140693665,True,780,0.7439947128295898,True,c12_correct
781,782,782_8.bmp,preprocessed_results\782\782_8.bmp,781,781,781,0.4148528575897217,813,0.024813374504446983,0.3900394830852747,781|813|7|812|780,0.41485286|0.02481337|0.01926629|0.01549425|0.01501805,1,0.4148528575897217,True,781,0.4148528575897217,True,781,0.5130535364151001,True,781,0.809104859828949,True,781,0.7177642583847046,True,c12_correct
782,783,783_5.bmp,preprocessed_results\783\783_5.bmp,782,782,782,0.9370402097702026,110,0.002168601844459772,0.9348716079257429,782|110|674|2|778,0.93704021|0.00216860|0.00162785|0.00139783|0.00111692,1,0.9370402097702026,True,782,0.9370402097702026,True,782,0.8377717137336731,True,782,0.8274394869804382,True,782,0.8592616319656372,True,c12_correct
783,784,784_3.bmp,preprocessed_results\784\784_3.bmp,783,783,783,0.8371156454086304,715,0.0059438785538077354,0.8311717668548226,783|715|587|675|812,0.83711565|0.00594388|0.00325861|0.00299029|0.00264025,1,0.8371156454086304,True,783,0.8371156454086304,True,783,0.682346522808075,True,783,0.823278546333313,True,783,0.701256513595581,True,c12_correct
784,785,785_5.bmp,preprocessed_results\785\785_5.bmp,784,784,784,0.9125990867614746,758,0.006460954435169697,0.9061381323263049,784|758|573|785|606,0.91259909|0.00646095|0.00530558|0.00201709|0.00188751,1,0.9125990867614746,True,784,0.9125990867614746,True,784,0.7829760313034058,True,784,0.8028006553649902,True,784,0.7331425547599792,True,c12_correct
785,786,786_5.bmp,preprocessed_results\786\786_5.bmp,785,785,785,0.46283894777297974,728,0.031163524836301804,0.43167542293667793,785|728|199|740|776,0.46283895|0.03116352|0.00853742|0.00780017|0.00723370,1,0.46283894777297974,True,785,0.46283894777297974,True,785,0.4986671805381775,True,785,0.8118979930877686,True,785,0.6348058581352234,True,c12_correct
786,787,787_7.bmp,preprocessed_results\787\787_7.bmp,786,786,786,0.9177767634391785,211,0.004144229926168919,0.9136325335130095,786|211|720|110|338,0.91777676|0.00414423|0.00229426|0.00196083|0.00108444,1,0.9177767634391785,True,786,0.9177767634391785,True,786,0.7983059287071228,True,786,0.8385656476020813,True,786,0.8324108719825745,True,c12_correct
787,788,788_4.bmp,preprocessed_results\788\788_4.bmp,787,787,787,0.8888568878173828,705,0.009022887796163559,0.8798340000212193,787|705|805|793|58,0.88885689|0.00902289|0.00177645|0.00153790|0.00128760,1,0.8888568878173828,True,787,0.8888568878173828,True,787,0.7396114468574524,True,787,0.8288825750350952,True,787,0.8266700506210327,True,c12_correct
788,789,789_3.bmp,preprocessed_results\789\789_3.bmp,788,788,788,0.8009597063064575,710,0.06911954283714294,0.7318401634693146,788|710|760|814|646,0.80095971|0.06911954|0.00996844|0.00287944|0.00226603,1,0.8009597063064575,True,788,0.8009597063064575,True,788,0.8578034043312073,True,788,0.8190180659294128,True,788,0.8522015810012817,True,c12_correct
789,790,790_6.bmp,preprocessed_results\790\790_6.bmp,789,789,789,0.8891600370407104,695,0.011619926430284977,0.8775401106104255,789|695|590|772|759,0.88916004|0.01161993|0.00298217|0.00232449|0.00229639,1,0.8891600370407104,True,789,0.8891600370407104,True,789,0.8916593194007874,True,789,0.8339644074440002,True,789,0.8176243305206299,True,c12_correct
790,791,791_6.bmp,preprocessed_results\791\791_6.bmp,790,790,790,0.9037614464759827,827,0.0033211903646588326,0.9004402561113238,790|827|673|697|826,0.90376145|0.00332119|0.00297755|0.00242947|0.00198285,1,0.9037614464759827,True,790,0.9037614464759827,True,790,0.8379978537559509,True,790,0.8025386929512024,True,790,0.808245062828064,True,c12_correct
791,792,792_9.bmp,preprocessed_results\792\792_9.bmp,791,791,791,0.7131210565567017,807,0.06163707748055458,0.6514839790761471,791|807|586|801|607,0.71312106|0.06163708|0.02532618|0.01905041|0.00305259,1,0.7131210565567017,True,791,0.7131210565567017,True,791,0.5546739101409912,True,791,0.8044087886810303,True,791,0.649776816368103,True,c12_correct
792,793,793_1.bmp,preprocessed_results\793\793_1.bmp,792,792,792,0.8056943416595459,791,0.011273346841335297,0.7944209948182106,792|791|768|11|807,0.80569434|0.01127335|0.01082772|0.00762060|0.00719469,1,0.8056943416595459,True,792,0.8056943416595459,True,792,0.5016608238220215,True,792,0.8311678171157837,True,792,0.7395445704460144,True,c12_correct
793,794,794_2.bmp,preprocessed_results\794\794_2.bmp,793,793,793,0.8963297009468079,707,0.0073138754814863205,0.8890158254653215,793|707|591|825|585,0.89632970|0.00731388|0.00413141|0.00312335|0.00221991,1,0.8963297009468079,True,793,0.8963297009468079,True,793,0.7918055653572083,True,793,0.8197426795959473,True,793,0.8239144682884216,True,c12_correct
794,795,795_7.bmp,preprocessed_results\795\795_7.bmp,794,794,794,0.8965129256248474,771,0.0024604990612715483,0.8940524265635759,794|771|776|798|747,0.89651293|0.00246050|0.00143214|0.00137174|0.00114927,1,0.8965129256248474,True,794,0.8965129256248474,True,794,0.8861412405967712,True,794,0.838858962059021,True,794,0.8409881591796875,True,c12_correct
795,796,796_5.bmp,preprocessed_results\796\796_5.bmp,795,795,795,0.9272439479827881,749,0.0026103619020432234,0.9246335860807449,795|749|24|112|818,0.92724395|0.00261036|0.00218901|0.00196691|0.00193805,1,0.9272439479827881,True,795,0.9272439479827881,True,795,0.8512799739837646,True,795,0.809112548828125,True,795,0.7890259027481079,True,c12_correct
796,797,797_6.bmp,preprocessed_results\797\797_6.bmp,796,796,796,0.897426187992096,797,0.006444273982197046,0.8909819140098989,796|797|331|817|778,0.89742619|0.00644427|0.00218741|0.00204567|0.00163135,1,0.897426187992096,True,796,0.897426187992096,True,796,0.7734987139701843,True,796,0.8278284072875977,True,796,0.7948226928710938,True,c12_correct
797,798,798_4.bmp,preprocessed_results\798\798_4.bmp,797,797,797,0.910344123840332,306,0.0037452520336955786,0.9065988718066365,797|306|623|341|669,0.91034412|0.00374525|0.00239291|0.00177465|0.00152691,1,0.910344123840332,True,797,0.910344123840332,True,797,0.8465627431869507,True,797,0.8372403979301453,True,797,0.861422061920166,True,c12_correct
798,799,799_7.bmp,preprocessed_results\799\799_7.bmp,798,798,798,0.8686162829399109,799,0.008532327599823475,0.8600839553400874,798|799|340|187|93,0.86861628|0.00853233|0.00614020|0.00444973|0.00241443,1,0.8686162829399109,True,798,0.8686162829399109,True,798,0.7958263158798218,True,798,0.8344866633415222,True,798,0.8338578939437866,True,c12_correct
799,800,800_9.bmp,preprocessed_results\800\800_9.bmp,799,799,799,0.7703303694725037,820,0.017774377018213272,0.7525559924542904,799|820|626|758|617,0.77033037|0.01777438|0.01611165|0.00948865|0.00895907,1,0.7703303694725037,True,799,0.7703303694725037,True,799,0.6425712704658508,True,799,0.7443276047706604,True,799,0.7117093801498413,True,c12_correct
800,801,801_9.bmp,preprocessed_results\801\801_9.bmp,800,800,800,0.859165608882904,801,0.02389027178287506,0.835275337100029,800|801|406|724|313,0.85916561|0.02389027|0.00468676|0.00293599|0.00268166,1,0.859165608882904,True,800,0.859165608882904,True,800,0.6927305459976196,True,800,0.8028324842453003,True,800,0.7952053546905518,True,c12_correct
801,802,802_10.bmp,preprocessed_results\802\802_10.bmp,801,801,801,0.903654158115387,800,0.00847668293863535,0.8951774751767516,801|800|548|833|701,0.90365416|0.00847668|0.00517109|0.00378277|0.00240696,1,0.903654158115387,True,801,0.903654158115387,True,801,0.7864294052124023,True,801,0.8212141394615173,True,801,0.8285868167877197,True,c12_correct
802,803,803_6.bmp,preprocessed_results\803\803_6.bmp,802,802,802,0.5310009717941284,808,0.05750355124473572,0.4734974205493927,802|808|634|677|803,0.53100097|0.05750355|0.04990393|0.02342067|0.01488189,1,0.5310009717941284,True,802,0.5310009717941284,True,802,0.6579345464706421,True,802,0.8390828371047974,True,802,0.7771684527397156,True,c12_correct
803,804,804_5.bmp,preprocessed_results\804\804_5.bmp,803,803,803,0.8933996558189392,802,0.03281303122639656,0.8605866245925426,803|802|677|743|827,0.89339966|0.03281303|0.00762385|0.00339977|0.00263808,1,0.8933996558189392,True,803,0.8933996558189392,True,803,0.8135547041893005,True,803,0.829255998134613,True,803,0.7941527962684631,True,c12_correct
804,805,805_6.bmp,preprocessed_results\805\805_6.bmp,804,804,804,0.9298610687255859,648,0.01261884719133377,0.9172422215342522,804|648|640|31|372,0.92986107|0.01261885|0.00598448|0.00207442|0.00142316,1,0.9298610687255859,True,804,0.9298610687255859,True,804,0.8623617887496948,True,804,0.8114106059074402,True,804,0.8332839012145996,True,c12_correct
805,806,806_2.bmp,preprocessed_results\806\806_2.bmp,805,805,805,0.7697967886924744,635,0.024461476132273674,0.7453353125602007,805|635|601|667|31,0.76979679|0.02446148|0.01694927|0.00902453|0.00558211,1,0.7697967886924744,True,805,0.7697967886924744,True,805,0.8003060817718506,True,805,0.8363927602767944,True,805,0.8092162013053894,True,c12_correct
806,807,807_10.bmp,preprocessed_results\807\807_10.bmp,806,806,806,0.8928633332252502,810,0.005881379824131727,0.8869819534011185,806|810|824|726|778,0.89286333|0.00588138|0.00321352|0.00309752|0.00297651,1,0.8928633332252502,True,806,0.8928633332252502,True,806,0.8478014469146729,True,806,0.8689967393875122,True,806,0.8691104650497437,True,c12_correct
807,808,808_9.bmp,preprocessed_results\808\808_9.bmp,807,807,807,0.8963578343391418,791,0.007567453198134899,0.888790381141007,807|791|806|627|801,0.89635783|0.00756745|0.00283618|0.00273604|0.00236497,1,0.8963578343391418,True,807,0.8963578343391418,True,807,0.665131688117981,True,807,0.8398054242134094,True,807,0.7523230314254761,True,c12_correct
808,809,809_9.bmp,preprocessed_results\809\809_9.bmp,808,808,808,0.7151044011116028,684,0.017177464440464973,0.6979269366711378,808|684|809|685|116,0.71510440|0.01717746|0.01147352|0.00672630|0.00600712,1,0.7151044011116028,True,808,0.7151044011116028,True,808,0.8457425236701965,True,808,0.8338132500648499,True,808,0.8517754077911377,True,c12_correct
809,810,810_2.bmp,preprocessed_results\810\810_2.bmp,809,809,809,0.9670976400375366,678,0.004455586429685354,0.9626420536078513,809|678|808|628|733,0.96709764|0.00445559|0.00118537|0.00115376|0.00091991,1,0.9670976400375366,True,809,0.9670976400375366,True,809,0.9014624357223511,True,809,0.8320712447166443,True,809,0.8451311588287354,True,c12_correct
810,811,811_6.bmp,preprocessed_results\811\811_6.bmp,810,810,810,0.8918705582618713,806,0.012659805826842785,0.8792107524350286,810|806|286|696|0,0.89187056|0.01265981|0.00377113|0.00354552|0.00273648,1,0.8918705582618713,True,810,0.8918705582618713,True,810,0.6556991934776306,True,810,0.7777270078659058,True,810,0.7712095379829407,True,c12_correct
811,812,812_7.bmp,preprocessed_results\812\812_7.bmp,811,811,811,0.9830915331840515,810,0.0010897329775616527,0.9820018002064899,811|810|789|759|47,0.98309153|0.00108973|0.00059635|0.00049536|0.00045520,1,0.9830915331840515,True,811,0.9830915331840515,True,811,0.8971156477928162,True,811,0.8440882563591003,True,811,0.8868623971939087,True,c12_correct
812,813,813_10.bmp,preprocessed_results\813\813_10.bmp,812,812,812,0.8821166157722473,781,0.01321126613765955,0.8689053496345878,812|781|780|327|813,0.88211662|0.01321127|0.00384954|0.00358826|0.00322110,1,0.8821166157722473,True,812,0.8821166157722473,True,812,0.7530909180641174,True,812,0.8285841941833496,True,812,0.7057342529296875,True,c12_correct
813,814,814_7.bmp,preprocessed_results\814\814_7.bmp,813,813,813,0.8879855871200562,609,0.008785522542893887,0.8792000645771623,813|609|812|744|654,0.88798559|0.00878552|0.00328703|0.00168743|0.00145895,1,0.8879855871200562,True,813,0.8879855871200562,True,813,0.8159284591674805,True,813,0.8379573822021484,True,813,0.8712455034255981,True,c12_correct
814,815,815_1.bmp,preprocessed_results\815\815_1.bmp,814,814,814,0.8941206932067871,144,0.00271283695474267,0.8914078562520444,814|144|815|679|692,0.89412069|0.00271284|0.00212969|0.00185510|0.00167557,1,0.8941206932067871,True,814,0.8941206932067871,True,814,0.9168203473091125,True,814,0.8445712924003601,True,814,0.8545490503311157,True,c12_correct
815,816,816_10.bmp,preprocessed_results\816\816_10.bmp,815,815,815,0.9093795418739319,738,0.004211666062474251,0.9051678758114576,815|738|814|6|723,0.90937954|0.00421167|0.00326692|0.00121130|0.00116394,1,0.9093795418739319,True,815,0.9093795418739319,True,815,0.8046196699142456,True,815,0.8444237112998962,True,815,0.7264080047607422,True,c12_correct
816,817,817_10.bmp,preprocessed_results\817\817_10.bmp,816,816,816,0.8934852480888367,817,0.007532644551247358,0.8859526035375893,816|817|796|830|340,0.89348525|0.00753264|0.00362184|0.00221665|0.00185669,1,0.8934852480888367,True,816,0.8934852480888367,True,816,0.7738312482833862,True,816,0.8452804684638977,True,816,0.8351038098335266,True,c12_correct
817,818,818_5.bmp,preprocessed_results\818\818_5.bmp,817,817,817,0.7862946391105652,816,0.01251945085823536,0.7737751882523298,817|816|786|243|792,0.78629464|0.01251945|0.00818552|0.00542945|0.00499308,1,0.7862946391105652,True,817,0.7862946391105652,True,817,0.8523483872413635,True,817,0.8392099738121033,True,817,0.8518121838569641,True,c12_correct
818,819,819_3.bmp,preprocessed_results\819\819_3.bmp,818,818,818,0.9069772362709045,61,0.0024841506965458393,0.9044930855743587,818|61|633|589|709,0.90697724|0.00248415|0.00213378|0.00119657|0.00112679,1,0.9069772362709045,True,818,0.9069772362709045,True,818,0.8573648929595947,True,818,0.8437612652778625,True,818,0.823134183883667,True,c12_correct
819,820,820_7.bmp,preprocessed_results\820\820_7.bmp,819,819,819,0.8852272033691406,695,0.004008694086223841,0.8812185092829168,819|695|334|704|765,0.88522720|0.00400869|0.00196285|0.00196119|0.00191062,1,0.8852272033691406,True,819,0.8852272033691406,True,819,0.8287280201911926,True,819,0.8267502188682556,True,819,0.8885705471038818,True,c12_correct
820,821,821_2.bmp,preprocessed_results\821\821_2.bmp,820,820,820,0.875433623790741,758,0.011624058708548546,0.8638095650821924,820|758|736|828|682,0.87543362|0.01162406|0.00451270|0.00334561|0.00318033,1,0.875433623790741,True,820,0.875433623790741,True,820,0.7628335952758789,True,820,0.8203697204589844,True,820,0.8466358184814453,True,c12_correct
821,822,822_3.bmp,preprocessed_results\822\822_3.bmp,821,821,821,0.9011918902397156,673,0.007909219712018967,0.8932826705276966,821|673|617|608|737,0.90119189|0.00790922|0.00233970|0.00229371|0.00181119,1,0.9011918902397156,True,821,0.9011918902397156,True,821,0.8118764758110046,True,821,0.8407095074653625,True,821,0.8323631882667542,True,c12_correct
822,823,823_10.bmp,preprocessed_results\823\823_10.bmp,822,822,822,0.9561516046524048,752,0.002651581773534417,0.9535000228788704,822|752|764|823|596,0.95615160|0.00265158|0.00139590|0.00134405|0.00122166,1,0.9561516046524048,True,822,0.9561516046524048,True,822,0.8878539204597473,True,822,0.8384420871734619,True,822,0.8571101427078247,True,c12_correct
823,824,824_8.bmp,preprocessed_results\824\824_8.bmp,823,823,823,0.8910565972328186,592,0.0039047845639288425,0.8871518126688898,823|592|732|333|731,0.89105660|0.00390478|0.00336827|0.00226312|0.00160577,1,0.8910565972328186,True,823,0.8910565972328186,True,823,0.8278863430023193,True,823,0.8354722857475281,True,823,0.8636191487312317,True,c12_correct
824,825,825_10.bmp,preprocessed_results\825\825_10.bmp,824,824,824,0.8980924487113953,828,0.011290328577160835,0.8868021201342344,824|828|570|286|676,0.89809245|0.01129033|0.00690149|0.00200152|0.00193732,1,0.8980924487113953,True,824,0.8980924487113953,True,824,0.7188448905944824,True,824,0.7918769717216492,True,824,0.6961085796356201,True,c12_correct
825,826,826_2.bmp,preprocessed_results\826\826_2.bmp,825,825,825,0.9331430792808533,831,0.0018978961743414402,0.9312451831065118,825|831|669|771|707,0.93314308|0.00189790|0.00159995|0.00143779|0.00099044,1,0.9331430792808533,True,825,0.9331430792808533,True,825,0.9235658049583435,True,825,0.8366360068321228,True,825,0.8013372421264648,True,c12_correct
826,827,827_10.bmp,preprocessed_results\827\827_10.bmp,826,826,826,0.8491083383560181,827,0.04023054987192154,0.8088777884840965,826|827|616|790|645,0.84910834|0.04023055|0.00326521|0.00302954|0.00240535,1,0.8491083383560181,True,826,0.8491083383560181,True,826,0.8816589713096619,True,826,0.8449801206588745,True,826,0.780332088470459,True,c12_correct
827,828,828_10.bmp,preprocessed_results\828\828_10.bmp,827,827,827,0.8821914196014404,826,0.027754778042435646,0.8544366415590048,827|826|609|803|644,0.88219142|0.02775478|0.00437441|0.00374933|0.00324309,1,0.8821914196014404,True,827,0.8821914196014404,True,827,0.7068804502487183,True,827,0.8418859243392944,True,827,0.7859734296798706,True,c12_correct
828,829,829_2.bmp,preprocessed_results\829\829_2.bmp,828,828,828,0.8057071566581726,692,0.015466183423995972,0.7902409732341766,828|692|824|664|786,0.80570716|0.01546618|0.00427409|0.00281922|0.00252346,1,0.8057071566581726,True,828,0.8057071566581726,True,828,0.6957080364227295,True,828,0.8078099489212036,True,828,0.5804144144058228,True,c12_correct
829,830,830_5.bmp,preprocessed_results\830\830_5.bmp,829,829,829,0.8852350115776062,738,0.007973495870828629,0.8772615157067776,829|738|191|739|670,0.88523501|0.00797350|0.00470691|0.00336165|0.00246582,1,0.8852350115776062,True,829,0.8852350115776062,True,829,0.8663713932037354,True,829,0.8249068260192871,True,829,0.8298493027687073,True,c12_correct
830,831,831_8.bmp,preprocessed_results\831\831_8.bmp,830,830,830,0.8981744647026062,620,0.006956331431865692,0.8912181332707405,830|620|697|822|831,0.89817446|0.00695633|0.00545719|0.00332802|0.00331312,1,0.8981744647026062,True,830,0.8981744647026062,True,830,0.8657361268997192,True,830,0.8167375922203064,True,830,0.8117547631263733,True,c12_correct
831,832,832_9.bmp,preprocessed_results\832\832_9.bmp,831,831,831,0.1150495633482933,830,0.10381939262151718,0.011230170726776123,831|830|431|303|425,0.11504956|0.10381939|0.01769235|0.01042206|0.00953611,1,0.1150495633482933,True,831,0.1150495633482933,True,830,0.03701392188668251,False,831,0.794791579246521,True,831,0.29672980308532715,True,c12_correct
832,833,833_10.bmp,preprocessed_results\833\833_10.bmp,832,832,832,0.7088086009025574,606,0.01606728881597519,0.6927413120865822,832|606|282|531|304,0.70880860|0.01606729|0.00896674|0.00733007|0.00421946,1,0.7088086009025574,True,832,0.7088086009025574,True,832,0.8061517477035522,True,832,0.8294907808303833,True,832,0.8162710666656494,True,c12_correct
833,834,834_8.bmp,preprocessed_results\834\834_8.bmp,833,833,833,0.9431861639022827,832,0.003371464554220438,0.9398146993480623,833|832|56|801|182,0.94318616|0.00337146|0.00200066|0.00197165|0.00186969,1,0.9431861639022827,True,833,0.9431861639022827,True,833,0.8513408899307251,True,833,0.8211889863014221,True,833,0.8769004940986633,True,c12_correct
