index,subject_id,filename,path,label,true_label,c12_top1,c12_top1_prob,c12_top2,c12_top2_prob,c12_margin_top1_top2,c12_top5_labels,c12_top5_probs,c12_true_rank,c12_true_prob,c12_true_in_top5,c12_pred,c12_conf,c12_correct,mobilenet_pred,mobilenet_conf,mobilenet_correct,effv2m_pred,effv2m_conf,effv2m_correct,resnet50_pred,resnet50_conf,resnet50_correct,diagnosis
0,1,1_10.bmp,preprocessed_results\1\1_10.bmp,0,0,0,0.8432425260543823,1,0.0552264042198658,0.7880161218345165,0|1|97|207|249,0.84324253|0.05522640|0.00479766|0.00416649|0.00220397,1,0.8432425260543823,True,0,0.8432425260543823,True,0,0.8807249069213867,True,0,0.8586646914482117,True,0,0.8092822432518005,True,c12_correct
1,2,2_9.bmp,preprocessed_results\2\2_9.bmp,1,1,1,0.8070619106292725,0,0.04165520891547203,0.7654067017138004,1|0|831|752|97,0.80706191|0.04165521|0.00356692|0.00315568|0.00278699,1,0.8070619106292725,True,1,0.8070619106292725,True,1,0.8541948199272156,True,1,0.8367971181869507,True,1,0.7320094108581543,True,c12_correct
2,3,3_8.bmp,preprocessed_results\3\3_8.bmp,2,2,2,0.6277693510055542,623,0.01293929386883974,0.6148300571367145,2|623|795|136|232,0.62776935|0.01293929|0.01049341|0.00981679|0.00792731,1,0.6277693510055542,True,2,0.6277693510055542,True,2,0.6435295343399048,True,2,0.7944902181625366,True,2,0.7591208219528198,True,c12_correct
3,4,4_6.bmp,preprocessed_results\4\4_6.bmp,3,3,3,0.8373403549194336,735,0.00795771460980177,0.8293826403096318,3|735|163|319|69,0.83734035|0.00795771|0.00504128|0.00365825|0.00264473,1,0.8373403549194336,True,3,0.8373403549194336,True,3,0.9039043188095093,True,3,0.8390026092529297,True,3,0.7672256827354431,True,c12_correct
4,5,5_10.bmp,preprocessed_results\5\5_10.bmp,4,4,4,0.8810632824897766,170,0.03100193664431572,0.8500613458454609,4|170|198|100|674,0.88106328|0.03100194|0.00448092|0.00306421|0.00184714,1,0.8810632824897766,True,4,0.8810632824897766,True,4,0.601411759853363,True,4,0.8194741010665894,True,4,0.7296889424324036,True,c12_correct
5,6,6_6.bmp,preprocessed_results\6\6_6.bmp,5,5,5,0.7979804277420044,171,0.07806505262851715,0.7199153751134872,5|171|758|13|543,0.79798043|0.07806505|0.00341674|0.00340205|0.00287417,1,0.7979804277420044,True,5,0.7979804277420044,True,5,0.43013983964920044,True,5,0.7179867029190063,True,5,0.2726656496524811,True,c12_correct
6,7,7_10.bmp,preprocessed_results\7\7_10.bmp,6,6,6,0.7708043456077576,246,0.018971208482980728,0.7518331371247768,6|246|176|156|538,0.77080435|0.01897121|0.01005712|0.00769133|0.00622368,1,0.7708043456077576,True,6,0.7708043456077576,True,6,0.5747631192207336,True,6,0.796624481678009,True,6,0.5902025103569031,True,c12_correct
7,8,8_4.bmp,preprocessed_results\8\8_4.bmp,7,7,7,0.5315809845924377,6,0.06441933661699295,0.4671616479754448,7|6|161|781|267,0.53158098|0.06441934|0.00954161|0.00774743|0.00672275,1,0.5315809845924377,True,7,0.5315809845924377,True,7,0.5926808714866638,True,7,0.8468852639198303,True,7,0.6875666975975037,True,c12_correct
8,9,9_10.bmp,preprocessed_results\9\9_10.bmp,8,8,8,0.6420608162879944,423,0.01782131940126419,0.6242394968867302,8|423|164|72|329,0.64206082|0.01782132|0.01042806|0.00751028|0.00742497,1,0.6420608162879944,True,8,0.6420608162879944,True,8,0.5520250797271729,True,8,0.8310112357139587,True,8,0.6806895136833191,True,c12_correct
9,10,10_5.bmp,preprocessed_results\10\10_5.bmp,9,9,9,0.7462978363037109,120,0.016792887821793556,0.7295049484819174,9|120|55|378|300,0.74629784|0.01679289|0.01521925|0.00867923|0.00589383,1,0.7462978363037109,True,9,0.7462978363037109,True,9,0.619391918182373,True,9,0.8094950914382935,True,9,0.6716591119766235,True,c12_correct
10,11,11_3.bmp,preprocessed_results\11\11_3.bmp,10,10,10,0.869222104549408,230,0.008016638457775116,0.8612054660916328,10|230|216|795|2,0.86922210|0.00801664|0.00570999|0.00495310|0.00342334,1,0.869222104549408,True,10,0.869222104549408,True,10,0.8380301594734192,True,10,0.8394871354103088,True,10,0.7967588901519775,True,c12_correct
11,12,12_2.bmp,preprocessed_results\12\12_2.bmp,11,11,11,0.8715322613716125,101,0.005635976791381836,0.8658962845802307,11|101|325|729|98,0.87153226|0.00563598|0.00523496|0.00435537|0.00412519,1,0.8715322613716125,True,11,0.8715322613716125,True,11,0.928759753704071,True,11,0.8239507675170898,True,11,0.7952887415885925,True,c12_correct
12,13,13_2.bmp,preprocessed_results\13\13_2.bmp,12,12,12,0.5028852224349976,544,0.03657572343945503,0.4663094989955425,12|544|338|215|330,0.50288522|0.03657572|0.03145270|0.00973294|0.00937156,1,0.5028852224349976,True,12,0.5028852224349976,True,12,0.5140480399131775,True,12,0.8241737484931946,True,12,0.7720719575881958,True,c12_correct
13,14,14_6.bmp,preprocessed_results\14\14_6.bmp,13,13,13,0.6135902404785156,783,0.016374686732888222,0.5972155537456274,13|783|674|84|311,0.61359024|0.01637469|0.01367738|0.00919096|0.00784597,1,0.6135902404785156,True,13,0.6135902404785156,True,13,0.7909603118896484,True,13,0.8155294060707092,True,13,0.6058489084243774,True,c12_correct
14,15,15_10.bmp,preprocessed_results\15\15_10.bmp,14,14,14,0.44113123416900635,15,0.03605135902762413,0.4050798751413822,14|15|187|307|41,0.44113123|0.03605136|0.01836865|0.01134718|0.01101634,1,0.44113123416900635,True,14,0.44113123416900635,True,14,0.7235614061355591,True,14,0.8184342384338379,True,14,0.6824061274528503,True,c12_correct
15,16,16_2.bmp,preprocessed_results\16\16_2.bmp,15,15,15,0.8668999075889587,272,0.0049030594527721405,0.8619968481361866,15|272|303|711|14,0.86689991|0.00490306|0.00436888|0.00401809|0.00344725,1,0.8668999075889587,True,15,0.8668999075889587,True,15,0.8461008667945862,True,15,0.8468760848045349,True,15,0.8123117089271545,True,c12_correct
16,17,17_4.bmp,preprocessed_results\17\17_4.bmp,16,16,16,0.2549750804901123,237,0.0494249165058136,0.2055501639842987,16|237|580|17|603,0.25497508|0.04942492|0.02747031|0.01744327|0.01629915,1,0.2549750804901123,True,16,0.2549750804901123,True,16,0.3511635661125183,True,16,0.8122283220291138,True,16,0.4472997188568115,True,c12_correct
17,18,18_7.bmp,preprocessed_results\18\18_7.bmp,17,17,17,0.3855714797973633,811,0.025456959381699562,0.3601145204156637,17|811|764|7|356,0.38557148|0.02545696|0.02247520|0.01043706|0.00939639,1,0.3855714797973633,True,17,0.3855714797973633,True,17,0.1562063843011856,True,17,0.5694795250892639,True,17,0.3814961612224579,True,c12_correct
18,19,19_10.bmp,preprocessed_results\19\19_10.bmp,18,18,18,0.8237305879592896,19,0.023157162591814995,0.8005734253674746,18|19|49|135|134,0.82373059|0.02315716|0.00408841|0.00364010|0.00336541,1,0.8237305879592896,True,18,0.8237305879592896,True,18,0.7634387016296387,True,18,0.840829074382782,True,18,0.7625004649162292,True,c12_correct
19,20,20_8.bmp,preprocessed_results\20\20_8.bmp,19,19,19,0.47320663928985596,18,0.0644717663526535,0.40873487293720245,19|18|14|307|24,0.47320664|0.06447177|0.01064568|0.00808206|0.00668511,1,0.47320663928985596,True,19,0.47320663928985596,True,19,0.6597826480865479,True,19,0.8270338177680969,True,19,0.7015617489814758,True,c12_correct
20,21,21_4.bmp,preprocessed_results\21\21_4.bmp,20,20,20,0.8131518363952637,21,0.013614880852401257,0.7995369555428624,20|21|225|307|275,0.81315184|0.01361488|0.00968013|0.00584219|0.00385758,1,0.8131518363952637,True,20,0.8131518363952637,True,20,0.9255138635635376,True,20,0.8117364048957825,True,20,0.8344922065734863,True,c12_correct
21,22,22_10.bmp,preprocessed_results\22\22_10.bmp,21,21,21,0.6553857326507568,275,0.021399667486548424,0.6339860651642084,21|275|746|290|261,0.65538573|0.02139967|0.02002554|0.01018884|0.00954459,1,0.6553857326507568,True,21,0.6553857326507568,True,21,0.6421736478805542,True,21,0.8118278384208679,True,21,0.617303729057312,True,c12_correct
22,23,23_1.bmp,preprocessed_results\23\23_1.bmp,22,22,22,0.42684099078178406,429,0.023716414347290993,0.40312457643449306,22|429|442|499|716,0.42684099|0.02371641|0.01315447|0.01164958|0.00726321,1,0.42684099078178406,True,22,0.42684099078178406,True,22,0.7866286039352417,True,22,0.8204826712608337,True,22,0.7457966804504395,True,c12_correct
23,24,24_3.bmp,preprocessed_results\24\24_3.bmp,23,23,23,0.706280529499054,129,0.015176485292613506,0.6911040442064404,23|129|243|69|147,0.70628053|0.01517649|0.00664973|0.00664805|0.00595534,1,0.706280529499054,True,23,0.706280529499054,True,23,0.8302608132362366,True,23,0.8364779353141785,True,23,0.8065637350082397,True,c12_correct
24,25,25_6.bmp,preprocessed_results\25\25_6.bmp,24,24,24,0.5132943987846375,88,0.035410042852163315,0.47788435593247414,24|88|94|178|2,0.51329440|0.03541004|0.03473895|0.02006250|0.01350241,1,0.5132943987846375,True,24,0.5132943987846375,True,24,0.7651947140693665,True,24,0.8136984705924988,True,24,0.7999095320701599,True,c12_correct
25,26,26_7.bmp,preprocessed_results\26\26_7.bmp,25,25,25,0.29785391688346863,42,0.029705991968512535,0.2681479249149561,25|42|546|423|115,0.29785392|0.02970599|0.02070367|0.01864929|0.01551681,1,0.29785391688346863,True,25,0.29785391688346863,True,25,0.06464889645576477,True,25,0.7919244766235352,True,25,0.41483059525489807,True,c12_correct
26,27,27_3.bmp,preprocessed_results\27\27_3.bmp,26,26,26,0.8471477627754211,419,0.013566454872488976,0.8335813079029322,26|419|22|265|27,0.84714776|0.01356645|0.00968874|0.00837332|0.00756514,1,0.8471477627754211,True,26,0.8471477627754211,True,26,0.8164071440696716,True,26,0.8006393909454346,True,26,0.7260542511940002,True,c12_correct
27,28,28_10.bmp,preprocessed_results\28\28_10.bmp,27,27,27,0.8159114122390747,26,0.011282051913440228,0.8046293603256345,27|26|332|271|397,0.81591141|0.01128205|0.00934901|0.00380835|0.00309377,1,0.8159114122390747,True,27,0.8159114122390747,True,27,0.7906268835067749,True,27,0.8479205965995789,True,27,0.8497887253761292,True,c12_correct
28,29,29_2.bmp,preprocessed_results\29\29_2.bmp,28,28,28,0.4588209092617035,189,0.01977306790649891,0.4390478413552046,28|189|262|266|423,0.45882091|0.01977307|0.01876627|0.01448752|0.01388064,1,0.4588209092617035,True,28,0.4588209092617035,True,28,0.626236081123352,True,28,0.8167579174041748,True,28,0.6886655688285828,True,c12_correct
29,30,30_1.bmp,preprocessed_results\30\30_1.bmp,29,29,29,0.729446291923523,28,0.030584022402763367,0.6988622695207596,29|28|263|248|59,0.72944629|0.03058402|0.00499270|0.00410073|0.00398290,1,0.729446291923523,True,29,0.729446291923523,True,29,0.5189663171768188,True,29,0.8354495763778687,True,29,0.6698707342147827,True,c12_correct
30,31,31_2.bmp,preprocessed_results\31\31_2.bmp,30,30,30,0.5565195679664612,247,0.014039444737136364,0.5424801232293248,30|247|601|213|176,0.55651957|0.01403944|0.01113856|0.01075768|0.00783438,1,0.5565195679664612,True,30,0.5565195679664612,True,30,0.6529351472854614,True,30,0.8002597093582153,True,30,0.6364003419876099,True,c12_correct
31,32,32_1.bmp,preprocessed_results\32\32_1.bmp,31,31,31,0.8674539923667908,30,0.021355189383029938,0.8460988029837608,31|30|144|649|438,0.86745399|0.02135519|0.00461155|0.00456503|0.00278209,1,0.8674539923667908,True,31,0.8674539923667908,True,31,0.7627430558204651,True,31,0.7920277714729309,True,31,0.45891278982162476,True,c12_correct
32,33,33_2.bmp,preprocessed_results\33\33_2.bmp,32,32,32,0.8614553213119507,305,0.024290723726153374,0.8371645975857973,32|305|54|89|55,0.86145532|0.02429072|0.00915750|0.00811131|0.00267626,1,0.8614553213119507,True,32,0.8614553213119507,True,32,0.7682380676269531,True,32,0.821094274520874,True,32,0.7448704242706299,True,c12_correct
33,34,34_9.bmp,preprocessed_results\34\34_9.bmp,33,33,33,0.8010063767433167,218,0.019694121554493904,0.7813122551888227,33|218|35|32|52,0.80100638|0.01969412|0.01066589|0.00853772|0.00816505,1,0.8010063767433167,True,33,0.8010063767433167,True,33,0.8822765946388245,True,33,0.848554253578186,True,33,0.8941352367401123,True,c12_correct
34,35,35_5.bmp,preprocessed_results\35\35_5.bmp,34,34,34,0.608526349067688,158,0.018388936296105385,0.5901374127715826,34|158|318|136|137,0.60852635|0.01838894|0.01706819|0.01377877|0.00952694,1,0.608526349067688,True,34,0.608526349067688,True,34,0.7380006313323975,True,34,0.7965006828308105,True,34,0.6176049709320068,True,c12_correct
35,36,36_1.bmp,preprocessed_results\36\36_1.bmp,35,35,35,0.7900386452674866,450,0.006468518171459436,0.7835701270960271,35|450|34|466|490,0.79003865|0.00646852|0.00566133|0.00561295|0.00556852,1,0.7900386452674866,True,35,0.7900386452674866,True,35,0.6518524289131165,True,35,0.8184676766395569,True,35,0.49229666590690613,True,c12_correct
36,37,37_10.bmp,preprocessed_results\37\37_10.bmp,36,36,36,0.3949922025203705,23,0.026569819077849388,0.3684223834425211,36|23|162|37|825,0.39499220|0.02656982|0.02584320|0.02004970|0.01513945,1,0.3949922025203705,True,36,0.3949922025203705,True,36,0.38822150230407715,True,36,0.7999899983406067,True,36,0.727613091468811,True,c12_correct
37,38,38_8.bmp,preprocessed_results\38\38_8.bmp,37,37,37,0.14985376596450806,431,0.04564075917005539,0.10421300679445267,37|431|36|23|162,0.14985377|0.04564076|0.03474255|0.02771934|0.01741219,1,0.14985376596450806,True,37,0.14985376596450806,True,37,0.1673590987920761,True,37,0.7726715803146362,True,37,0.20163676142692566,True,c12_correct
38,39,39_4.bmp,preprocessed_results\39\39_4.bmp,38,38,38,0.08021269738674164,173,0.03563576564192772,0.04457693174481392,38|173|172|614|254,0.08021270|0.03563577|0.02679840|0.01821929|0.01277726,1,0.08021269738674164,True,38,0.08021269738674164,True,38,0.2230079174041748,True,38,0.5822464227676392,True,38,0.25276806950569153,True,c12_correct
39,40,40_4.bmp,preprocessed_results\40\40_4.bmp,39,39,39,0.7464591860771179,519,0.024861929938197136,0.7215972561389208,39|519|55|450|105,0.74645919|0.02486193|0.00903521|0.00492186|0.00423707,1,0.7464591860771179,True,39,0.7464591860771179,True,39,0.224213108420372,True,39,0.803942084312439,True,39,0.5198343992233276,True,c12_correct
40,41,41_2.bmp,preprocessed_results\41\41_2.bmp,40,40,40,0.46609458327293396,125,0.02842814289033413,0.43766644038259983,40|125|80|124|41,0.46609458|0.02842814|0.02215317|0.02161876|0.01691851,1,0.46609458327293396,True,40,0.46609458327293396,True,40,0.24941806495189667,True,40,0.7928423881530762,True,40,0.6868985295295715,True,c12_correct
41,42,42_10.bmp,preprocessed_results\42\42_10.bmp,41,41,41,0.8228527903556824,354,0.010437358170747757,0.8124154321849346,41|354|185|40|27,0.82285279|0.01043736|0.00480655|0.00387977|0.00363433,1,0.8228527903556824,True,41,0.8228527903556824,True,41,0.8734882473945618,True,41,0.8249853849411011,True,41,0.8626769185066223,True,c12_correct
42,43,43_1.bmp,preprocessed_results\43\43_1.bmp,42,42,42,0.8740634322166443,25,0.007616355083882809,0.8664470771327615,42|25|43|300|114,0.87406343|0.00761636|0.00567373|0.00333976|0.00256554,1,0.8740634322166443,True,42,0.8740634322166443,True,42,0.3920891582965851,True,42,0.8104299306869507,True,42,0.7076659798622131,True,c12_correct
43,44,44_10.bmp,preprocessed_results\44\44_10.bmp,43,43,43,0.44902992248535156,720,0.013970285654067993,0.43505963683128357,43|720|276|693|42,0.44902992|0.01397029|0.01258191|0.01080625|0.01031925,1,0.44902992248535156,True,43,0.44902992248535156,True,43,0.4377520680427551,True,43,0.8148924708366394,True,43,0.7492145895957947,True,c12_correct
44,45,45_6.bmp,preprocessed_results\45\45_6.bmp,44,44,44,0.49911537766456604,127,0.02200142852962017,0.47711394913494587,44|127|45|359|80,0.49911538|0.02200143|0.01980682|0.01739138|0.01101761,1,0.49911537766456604,True,44,0.49911537766456604,True,44,0.5076844096183777,True,44,0.748665452003479,True,44,0.5809341073036194,True,c12_correct
45,46,46_10.bmp,preprocessed_results\46\46_10.bmp,45,45,45,0.49682265520095825,546,0.021313725039362907,0.47550893016159534,45|546|44|213|32,0.49682266|0.02131373|0.01723645|0.01560824|0.01223787,1,0.49682265520095825,True,45,0.49682265520095825,True,45,0.3774649202823639,True,45,0.7789205312728882,True,45,0.4231581687927246,True,c12_correct
46,47,47_4.bmp,preprocessed_results\47\47_4.bmp,46,46,46,0.7734360694885254,411,0.015881629660725594,0.7575544398277998,46|411|47|295|471,0.77343607|0.01588163|0.00928152|0.00779179|0.00598796,1,0.7734360694885254,True,46,0.7734360694885254,True,46,0.6877673864364624,True,46,0.8202536106109619,True,46,0.7196124792098999,True,c12_correct
47,48,48_10.bmp,preprocessed_results\48\48_10.bmp,47,47,47,0.6105917692184448,811,0.013220135122537613,0.5973716340959072,47|811|46|761|241,0.61059177|0.01322014|0.01118980|0.01016119|0.00942277,1,0.6105917692184448,True,47,0.6105917692184448,True,47,0.605961263179779,True,47,0.8081603050231934,True,47,0.7619240283966064,True,c12_correct
48,49,49_4.bmp,preprocessed_results\49\49_4.bmp,48,48,48,0.7296891212463379,49,0.032230690121650696,0.6974584311246872,48|49|213|205|257,0.72968912|0.03223069|0.00893485|0.00871470|0.00436743,1,0.7296891212463379,True,48,0.7296891212463379,True,48,0.8156861066818237,True,48,0.8508113026618958,True,48,0.8228476643562317,True,c12_correct
49,50,50_6.bmp,preprocessed_results\50\50_6.bmp,49,49,49,0.8294545412063599,48,0.0435970276594162,0.7858575135469437,49|48|208|334|639,0.82945454|0.04359703|0.00592012|0.00385448|0.00373966,1,0.8294545412063599,True,49,0.8294545412063599,True,49,0.4845832586288452,True,49,0.7833954691886902,True,49,0.5612953901290894,True,c12_correct
50,51,51_1.bmp,preprocessed_results\51\51_1.bmp,50,50,50,0.3246024250984192,32,0.03041708469390869,0.2941853404045105,50|32|517|305|519,0.32460243|0.03041708|0.02109896|0.01958906|0.01937336,1,0.3246024250984192,True,50,0.3246024250984192,True,50,0.3544188439846039,True,50,0.7341454029083252,True,50,0.34317246079444885,True,c12_correct
51,52,52_10.bmp,preprocessed_results\52\52_10.bmp,51,51,51,0.8611029386520386,50,0.005040816497057676,0.8560621221549809,51|50|100|305|663,0.86110294|0.00504082|0.00345116|0.00323147|0.00301426,1,0.8611029386520386,True,51,0.8611029386520386,True,51,0.7491098642349243,True,51,0.8387874960899353,True,51,0.7764038443565369,True,c12_correct
52,53,53_8.bmp,preprocessed_results\53\53_8.bmp,52,52,52,0.7573596835136414,313,0.02532292902469635,0.732036754488945,52|313|53|218|35,0.75735968|0.02532293|0.01606981|0.01144230|0.01013163,1,0.7573596835136414,True,52,0.7573596835136414,True,52,0.5507976412773132,True,52,0.7985531687736511,True,52,0.6830511093139648,True,c12_correct
53,54,54_6.bmp,preprocessed_results\54\54_6.bmp,53,53,53,0.8983414173126221,52,0.0056442334316670895,0.892697183880955,53|52|93|128|111,0.89834142|0.00564423|0.00343462|0.00317546|0.00222358,1,0.8983414173126221,True,53,0.8983414173126221,True,53,0.8920429944992065,True,53,0.8253206610679626,True,53,0.8081114888191223,True,c12_correct
54,55,55_7.bmp,preprocessed_results\55\55_7.bmp,54,54,54,0.6111865043640137,55,0.04897008091211319,0.5622164234519005,54|55|100|32|25,0.61118650|0.04897008|0.01073545|0.00945802|0.00770849,1,0.6111865043640137,True,54,0.6111865043640137,True,54,0.7777950763702393,True,54,0.8272848725318909,True,54,0.7903697490692139,True,c12_correct
55,56,56_10.bmp,preprocessed_results\56\56_10.bmp,55,55,55,0.9254277348518372,213,0.0055143991485238075,0.9199133357033134,55|213|54|107|301,0.92542773|0.00551440|0.00366794|0.00181611|0.00120222,1,0.9254277348518372,True,55,0.9254277348518372,True,55,0.8364313244819641,True,55,0.818697452545166,True,55,0.7862163186073303,True,c12_correct
56,57,57_1.bmp,preprocessed_results\57\57_1.bmp,56,56,56,0.5045161843299866,194,0.016550157219171524,0.48796602711081505,56|194|114|70|180,0.50451618|0.01655016|0.01400376|0.01161859|0.01050244,1,0.5045161843299866,True,56,0.5045161843299866,True,56,0.18220864236354828,True,56,0.7715623378753662,True,56,0.6962523460388184,True,c12_correct
57,58,58_6.bmp,preprocessed_results\58\58_6.bmp,57,57,57,0.838750422000885,832,0.009930028580129147,0.8288203934207559,57|832|271|56|27,0.83875042|0.00993003|0.00555034|0.00375888|0.00349892,1,0.838750422000885,True,57,0.838750422000885,True,57,0.49123674631118774,True,57,0.8275512456893921,True,57,0.6907556653022766,True,c12_correct
58,59,59_2.bmp,preprocessed_results\59\59_2.bmp,58,58,58,0.6694956421852112,18,0.025245189666748047,0.6442504525184631,58|18|352|212|102,0.66949564|0.02524519|0.01601145|0.01026664|0.00752315,1,0.6694956421852112,True,58,0.6694956421852112,True,58,0.5202440023422241,True,58,0.8225477933883667,True,58,0.7890242338180542,True,c12_correct
59,60,60_7.bmp,preprocessed_results\60\60_7.bmp,59,59,59,0.41392937302589417,190,0.02236931025981903,0.39156006276607513,59|190|181|482|173,0.41392937|0.02236931|0.01474261|0.01370005|0.01123556,1,0.41392937302589417,True,59,0.41392937302589417,True,59,0.5646008253097534,True,59,0.8154273629188538,True,59,0.6202681064605713,True,c12_correct
60,61,61_2.bmp,preprocessed_results\61\61_2.bmp,60,60,60,0.5368298292160034,262,0.012751339003443718,0.5240784902125597,60|262|61|94|796,0.53682983|0.01275134|0.01149155|0.00967453|0.00596397,1,0.5368298292160034,True,60,0.5368298292160034,True,60,0.7853826880455017,True,60,0.7712644338607788,True,60,0.5907732248306274,True,c12_correct
61,62,62_4.bmp,preprocessed_results\62\62_4.bmp,61,61,61,0.8387519121170044,104,0.008336850441992283,0.8304150616750121,61|104|105|89|60,0.83875191|0.00833685|0.00679094|0.00537293|0.00456175,1,0.8387519121170044,True,61,0.8387519121170044,True,61,0.8814461827278137,True,61,0.798884928226471,True,61,0.8315823078155518,True,c12_correct
62,63,63_8.bmp,preprocessed_results\63\63_8.bmp,62,62,62,0.4310106635093689,63,0.019594887271523476,0.4114157762378454,62|63|188|462|298,0.43101066|0.01959489|0.01128017|0.01066444|0.01017245,1,0.4310106635093689,True,62,0.4310106635093689,True,62,0.476125031709671,True,62,0.8014726638793945,True,62,0.7636124491691589,True,c12_correct
63,64,64_10.bmp,preprocessed_results\64\64_10.bmp,63,63,63,0.7751961350440979,62,0.02351614646613598,0.7516799885779619,63|62|150|120|26,0.77519614|0.02351615|0.00566174|0.00487598|0.00398664,1,0.7751961350440979,True,63,0.7751961350440979,True,63,0.4559694230556488,True,63,0.8451396226882935,True,63,0.8261426687240601,True,c12_correct
64,65,65_6.bmp,preprocessed_results\65\65_6.bmp,64,64,64,0.181556835770607,65,0.1135738268494606,0.06798300892114639,64|65|317|316|20,0.18155684|0.11357383|0.02706862|0.02541191|0.01142820,1,0.181556835770607,True,64,0.181556835770607,True,64,0.5273507237434387,True,64,0.7972436547279358,True,64,0.52939373254776,True,c12_correct
65,66,66_4.bmp,preprocessed_results\66\66_4.bmp,65,65,65,0.5598164200782776,93,0.03055921569466591,0.5292572043836117,65|93|1|235|428,0.55981642|0.03055922|0.00850142|0.00773475|0.00660324,1,0.5598164200782776,True,65,0.5598164200782776,True,65,0.6855688095092773,True,65,0.8091311454772949,True,65,0.740159809589386,True,c12_correct
66,67,67_4.bmp,preprocessed_results\67\67_4.bmp,66,66,66,0.5529600977897644,67,0.05235779657959938,0.500602301210165,66|67|96|250|322,0.55296010|0.05235780|0.01950096|0.01275194|0.00895598,1,0.5529600977897644,True,66,0.5529600977897644,True,66,0.8472670316696167,True,66,0.7875736951828003,True,66,0.7049486637115479,True,c12_correct
67,68,68_7.bmp,preprocessed_results\68\68_7.bmp,67,67,67,0.6434391140937805,460,0.02743547596037388,0.6160036381334066,67|460|66|456|494,0.64343911|0.02743548|0.02348093|0.00806909|0.00766173,1,0.6434391140937805,True,67,0.6434391140937805,True,67,0.8217620849609375,True,67,0.8229901194572449,True,67,0.7200608253479004,True,c12_correct
68,69,69_2.bmp,preprocessed_results\69\69_2.bmp,68,68,68,0.1356387436389923,295,0.049939628690481186,0.08569911494851112,68|295|315|69|314,0.13563874|0.04993963|0.03327309|0.02829145|0.02112531,1,0.1356387436389923,True,68,0.1356387436389923,True,68,0.026988841593265533,True,68,0.7519341111183167,True,68,0.14163829386234283,True,c12_correct
69,70,70_5.bmp,preprocessed_results\70\70_5.bmp,69,69,69,0.8025933504104614,68,0.01934363879263401,0.7832497116178274,69|68|295|647|163,0.80259335|0.01934364|0.01097530|0.00422486|0.00386365,1,0.8025933504104614,True,69,0.8025933504104614,True,69,0.8746724128723145,True,69,0.8396960496902466,True,69,0.7727867364883423,True,c12_correct
70,71,71_8.bmp,preprocessed_results\71\71_8.bmp,70,70,70,0.7698049545288086,483,0.00746870506554842,0.7623362494632602,70|483|276|116|358,0.76980495|0.00746871|0.00714436|0.00683437|0.00505442,1,0.7698049545288086,True,70,0.7698049545288086,True,70,0.7841553092002869,True,70,0.7792479991912842,True,70,0.6955704092979431,True,c12_correct
71,72,72_3.bmp,preprocessed_results\72\72_3.bmp,71,71,71,0.5133517980575562,96,0.01577744632959366,0.4975743517279625,71|96|228|79|304,0.51335180|0.01577745|0.01459582|0.01225731|0.01149773,1,0.5133517980575562,True,71,0.5133517980575562,True,71,0.7174938321113586,True,71,0.8179856538772583,True,71,0.758594810962677,True,c12_correct
72,73,73_7.bmp,preprocessed_results\73\73_7.bmp,72,72,72,0.7619661688804626,450,0.01279850210994482,0.7491676667705178,72|450|220|103|102,0.76196617|0.01279850|0.01183692|0.00612888|0.00488458,1,0.7619661688804626,True,72,0.7619661688804626,True,72,0.8958276510238647,True,72,0.8229001760482788,True,72,0.747757613658905,True,c12_correct
73,74,74_10.bmp,preprocessed_results\74\74_10.bmp,73,73,73,0.7620888948440552,296,0.026430321857333183,0.735658572986722,73|296|72|274|832,0.76208889|0.02643032|0.01371382|0.00559439|0.00426519,1,0.7620888948440552,True,73,0.7620888948440552,True,73,0.7160604596138,True,73,0.8188269138336182,True,73,0.8023044466972351,True,c12_correct
74,75,75_10.bmp,preprocessed_results\75\75_10.bmp,74,74,74,0.8361960053443909,75,0.01112501509487629,0.8250709902495146,74|75|5|181|378,0.83619601|0.01112502|0.00572435|0.00550324|0.00313621,1,0.8361960053443909,True,74,0.8361960053443909,True,74,0.8527525067329407,True,74,0.8163149356842041,True,74,0.7581993341445923,True,c12_correct
75,76,76_5.bmp,preprocessed_results\76\76_5.bmp,75,75,75,0.35214847326278687,173,0.05379538983106613,0.29835308343172073,75|173|74|308|8,0.35214847|0.05379539|0.02602433|0.01766388|0.01535338,1,0.35214847326278687,True,75,0.35214847326278687,True,75,0.2246255725622177,True,75,0.7689766883850098,True,75,0.4210888147354126,True,c12_correct
76,77,77_7.bmp,preprocessed_results\77\77_7.bmp,76,76,76,0.6421266794204712,77,0.01670447178184986,0.6254222076386213,76|77|42|294|72,0.64212668|0.01670447|0.01330084|0.00829981|0.00828930,1,0.6421266794204712,True,76,0.6421266794204712,True,76,0.8419529795646667,True,76,0.8249607086181641,True,76,0.7500277161598206,True,c12_correct
77,78,78_8.bmp,preprocessed_results\78\78_8.bmp,77,77,77,0.6865070462226868,76,0.029206566512584686,0.6573004797101021,77|76|45|199|436,0.68650705|0.02920657|0.02081061|0.01008166|0.00484398,1,0.6865070462226868,True,77,0.6865070462226868,True,77,0.7245749831199646,True,77,0.8255394101142883,True,77,0.7718297839164734,True,c12_correct
78,79,79_10.bmp,preprocessed_results\79\79_10.bmp,78,78,78,0.7626134753227234,32,0.01019346620887518,0.7524200091138482,78|32|54|79|90,0.76261348|0.01019347|0.00777314|0.00402615|0.00391758,1,0.7626134753227234,True,78,0.7626134753227234,True,78,0.8185819983482361,True,78,0.8190589547157288,True,78,0.7982648611068726,True,c12_correct
79,80,80_7.bmp,preprocessed_results\80\80_7.bmp,79,79,79,0.7584185600280762,54,0.015311715193092823,0.7431068448349833,79|54|211|83|228,0.75841856|0.01531172|0.00944085|0.00828076|0.00799257,1,0.7584185600280762,True,79,0.7584185600280762,True,79,0.7811741232872009,True,79,0.8437343835830688,True,79,0.7179116606712341,True,c12_correct
80,81,81_9.bmp,preprocessed_results\81\81_9.bmp,80,80,80,0.710210919380188,19,0.007846703752875328,0.7023642156273127,80|19|533|81|566,0.71021092|0.00784670|0.00776172|0.00770944|0.00742268,1,0.710210919380188,True,80,0.710210919380188,True,80,0.8158132433891296,True,80,0.8460924625396729,True,80,0.7770246863365173,True,c12_correct
81,82,82_7.bmp,preprocessed_results\82\82_7.bmp,81,81,81,0.8052997589111328,774,0.012540902942419052,0.7927588559687138,81|774|27|543|190,0.80529976|0.01254090|0.01179027|0.00696679|0.00454958,1,0.8052997589111328,True,81,0.8052997589111328,True,81,0.7951616048812866,True,81,0.8131719827651978,True,81,0.7468585968017578,True,c12_correct
82,83,83_4.bmp,preprocessed_results\83\83_4.bmp,82,82,82,0.685581386089325,197,0.037696126848459244,0.6478852592408657,82|197|57|693|433,0.68558139|0.03769613|0.02971387|0.00502638|0.00460116,1,0.685581386089325,True,82,0.685581386089325,True,82,0.2235851287841797,True,82,0.7997211813926697,True,82,0.4985150098800659,True,c12_correct
83,84,84_6.bmp,preprocessed_results\84\84_6.bmp,83,83,83,0.1773694008588791,82,0.08390377461910248,0.09346562623977661,83|82|197|166|217,0.17736940|0.08390377|0.01705745|0.01606750|0.01535783,1,0.1773694008588791,True,83,0.1773694008588791,True,83,0.36072197556495667,True,83,0.7975923418998718,True,83,0.5456641912460327,True,c12_correct
84,85,85_3.bmp,preprocessed_results\85\85_3.bmp,84,84,84,0.9311315417289734,85,0.01074991188943386,0.9203816298395395,84|85|13|330|0,0.93113154|0.01074991|0.00175260|0.00156621|0.00105954,1,0.9311315417289734,True,84,0.9311315417289734,True,84,0.8762915730476379,True,84,0.8383473753929138,True,84,0.8841228485107422,True,c12_correct
85,86,86_7.bmp,preprocessed_results\86\86_7.bmp,85,85,84,0.2889978289604187,85,0.20622272789478302,0.08277510106563568,84|85|0|241|46,0.28899783|0.20622273|0.01019809|0.00976819|0.00587067,2,0.20622272789478302,True,84,0.2889978289604187,False,85,0.032001130282878876,True,85,0.7507665753364563,True,85,0.21948964893817902,True,teacher_all_correct;low_margin;true_in_top5
86,87,87_4.bmp,preprocessed_results\87\87_4.bmp,86,86,86,0.7614443302154541,87,0.03181857988238335,0.7296257503330708,86|87|196|450|539,0.76144433|0.03181858|0.01027851|0.00495313|0.00428795,1,0.7614443302154541,True,86,0.7614443302154541,True,86,0.46734973788261414,True,86,0.7750694751739502,True,86,0.6007105708122253,True,c12_correct
87,88,88_7.bmp,preprocessed_results\88\88_7.bmp,87,87,87,0.42405301332473755,86,0.07327109575271606,0.3507819175720215,87|86|151|198|244,0.42405301|0.07327110|0.04666849|0.01107424|0.00870604,1,0.42405301332473755,True,87,0.42405301332473755,True,87,0.7911491990089417,True,87,0.8361907601356506,True,87,0.7942354083061218,True,c12_correct
88,89,89_2.bmp,preprocessed_results\89\89_2.bmp,88,88,88,0.6686559915542603,304,0.014003205113112926,0.6546527864411473,88|304|18|156|94,0.66865599|0.01400321|0.01121518|0.01103571|0.00818547,1,0.6686559915542603,True,88,0.6686559915542603,True,88,0.6978532671928406,True,88,0.80516117811203,True,88,0.6853646636009216,True,c12_correct
89,90,90_10.bmp,preprocessed_results\90\90_10.bmp,89,89,171,0.11107528209686279,89,0.10208386182785034,0.008991420269012451,171|89|288|4|120,0.11107528|0.10208386|0.03778078|0.02913659|0.02536732,2,0.10208386182785034,True,171,0.11107528209686279,False,89,0.3164088726043701,True,89,0.8305042386054993,True,89,0.40172386169433594,True,teacher_all_correct;low_margin;true_in_top5
90,91,91_8.bmp,preprocessed_results\91\91_8.bmp,90,90,90,0.7951148748397827,91,0.011460501700639725,0.783654373139143,90|91|78|136|214,0.79511487|0.01146050|0.00438234|0.00436773|0.00371546,1,0.7951148748397827,True,90,0.7951148748397827,True,90,0.8476839065551758,True,90,0.8359744548797607,True,90,0.7084757685661316,True,c12_correct
91,92,92_9.bmp,preprocessed_results\92\92_9.bmp,91,91,91,0.5389000177383423,90,0.09228638559579849,0.4466136321425438,91|90|78|205|496,0.53890002|0.09228639|0.01988440|0.01676311|0.00862777,1,0.5389000177383423,True,91,0.5389000177383423,True,91,0.7135505676269531,True,91,0.8198827505111694,True,91,0.7364636063575745,True,c12_correct
92,93,93_4.bmp,preprocessed_results\93\93_4.bmp,92,92,92,0.7813596129417419,151,0.020880112424492836,0.7604795005172491,92|151|257|198|87,0.78135961|0.02088011|0.01260551|0.00838099|0.00800727,1,0.7813596129417419,True,92,0.7813596129417419,True,92,0.8777135610580444,True,92,0.8404753804206848,True,92,0.7434505224227905,True,c12_correct
93,94,94_6.bmp,preprocessed_results\94\94_6.bmp,93,93,93,0.6406815648078918,92,0.021882710978388786,0.6187988538295031,93|92|151|187|170,0.64068156|0.02188271|0.01174590|0.00877221|0.00793780,1,0.6406815648078918,True,93,0.6406815648078918,True,93,0.57289719581604,True,93,0.826086699962616,True,93,0.8152825236320496,True,c12_correct
94,95,95_7.bmp,preprocessed_results\95\95_7.bmp,94,94,94,0.764647901058197,18,0.008508846163749695,0.7561390548944473,94|18|88|203|223,0.76464790|0.00850885|0.00630181|0.00591774|0.00550073,1,0.764647901058197,True,94,0.764647901058197,True,94,0.8332896828651428,True,94,0.8332309126853943,True,94,0.7720972895622253,True,c12_correct
95,96,96_8.bmp,preprocessed_results\96\96_8.bmp,95,95,95,0.6964611411094666,134,0.014960333704948425,0.6815008074045181,95|134|294|716|178,0.69646114|0.01496033|0.01281127|0.01070446|0.00866409,1,0.6964611411094666,True,95,0.6964611411094666,True,95,0.7778681516647339,True,95,0.7915501594543457,True,95,0.7649679780006409,True,c12_correct
96,97,97_9.bmp,preprocessed_results\97\97_9.bmp,96,96,96,0.22155019640922546,292,0.06413743644952774,0.15741275995969772,96|292|131|313|123,0.22155020|0.06413744|0.02268765|0.02208602|0.01591965,1,0.22155019640922546,True,96,0.22155019640922546,True,96,0.09452249109745026,True,96,0.7569231390953064,True,96,0.6545661091804504,True,c12_correct
97,98,98_7.bmp,preprocessed_results\98\98_7.bmp,97,97,97,0.6225213408470154,1,0.015934918075799942,0.6065864227712154,97|1|65|568|147,0.62252134|0.01593492|0.00960247|0.00816322|0.00774649,1,0.6225213408470154,True,97,0.6225213408470154,True,97,0.34083837270736694,True,97,0.7955737113952637,True,97,0.581470787525177,True,c12_correct
98,99,99_3.bmp,preprocessed_results\99\99_3.bmp,98,98,98,0.5738157033920288,538,0.020733380690217018,0.5530823227018118,98|538|77|555|469,0.57381570|0.02073338|0.01198695|0.00851777|0.00777686,1,0.5738157033920288,True,98,0.5738157033920288,True,98,0.8331804275512695,True,98,0.8251369595527649,True,98,0.8091744780540466,True,c12_correct
99,100,100_4.bmp,preprocessed_results\100\100_4.bmp,99,99,99,0.8174101710319519,161,0.0056965406984090805,0.8117136303335428,99|161|175|3|115,0.81741017|0.00569654|0.00392094|0.00379002|0.00296493,1,0.8174101710319519,True,99,0.8174101710319519,True,99,0.8797392249107361,True,99,0.8287761807441711,True,99,0.6222241520881653,True,c12_correct
100,101,101_5.bmp,preprocessed_results\101\101_5.bmp,100,100,100,0.7253091931343079,674,0.0073257749900221825,0.7179834181442857,100|674|4|72|503,0.72530919|0.00732577|0.00474196|0.00463080|0.00409433,1,0.7253091931343079,True,100,0.7253091931343079,True,100,0.3956323564052582,True,100,0.7405723333358765,True,100,0.7262161374092102,True,c12_correct
101,102,102_4.bmp,preprocessed_results\102\102_4.bmp,101,101,101,0.8697329163551331,141,0.005503272172063589,0.8642296441830695,101|141|325|151|309,0.86973292|0.00550327|0.00440615|0.00421536|0.00310769,1,0.8697329163551331,True,101,0.8697329163551331,True,101,0.902595579624176,True,101,0.8511186242103577,True,101,0.7943485975265503,True,c12_correct
102,103,103_6.bmp,preprocessed_results\103\103_6.bmp,102,102,102,0.7003293633460999,182,0.028273379430174828,0.672055983915925,102|182|72|43|76,0.70032936|0.02827338|0.01178545|0.00778132|0.00751581,1,0.7003293633460999,True,102,0.7003293633460999,True,102,0.6483811140060425,True,102,0.7950174808502197,True,102,0.4758383333683014,True,c12_correct
103,104,104_8.bmp,preprocessed_results\104\104_8.bmp,103,103,103,0.3295131027698517,102,0.1538209319114685,0.17569217085838318,103|102|373|599|549,0.32951310|0.15382093|0.02862209|0.02173489|0.00961865,1,0.3295131027698517,True,103,0.3295131027698517,True,103,0.14023493230342865,True,103,0.7945865988731384,True,103,0.48975270986557007,True,c12_correct
104,105,105_4.bmp,preprocessed_results\105\105_4.bmp,104,104,104,0.8264259696006775,50,0.011925357393920422,0.8145006122067571,104|50|771|223|288,0.82642597|0.01192536|0.00785643|0.00386765|0.00348050,1,0.8264259696006775,True,104,0.8264259696006775,True,104,0.66318678855896,True,104,0.7871723175048828,True,104,0.5598569512367249,True,c12_correct
105,106,106_4.bmp,preprocessed_results\106\106_4.bmp,105,105,105,0.5462748408317566,104,0.022329730913043022,0.5239451099187136,105|104|152|193|97,0.54627484|0.02232973|0.02079451|0.01300301|0.01158464,1,0.5462748408317566,True,105,0.5462748408317566,True,105,0.7331260442733765,True,105,0.8437362313270569,True,105,0.7526111006736755,True,c12_correct
106,107,107_10.bmp,preprocessed_results\107\107_10.bmp,106,106,106,0.6279022097587585,512,0.02151329629123211,0.6063889134675264,106|512|220|72|56,0.62790221|0.02151330|0.01319129|0.01076035|0.00720724,1,0.6279022097587585,True,106,0.6279022097587585,True,106,0.5406783819198608,True,106,0.7941035628318787,True,106,0.4922419488430023,True,c12_correct
107,108,108_7.bmp,preprocessed_results\108\108_7.bmp,107,107,107,0.8870838284492493,55,0.006453157868236303,0.880630670581013,107|55|458|215|167,0.88708383|0.00645316|0.00386455|0.00360497|0.00333778,1,0.8870838284492493,True,107,0.8870838284492493,True,107,0.8775529861450195,True,107,0.8353186249732971,True,107,0.7888235449790955,True,c12_correct
108,109,109_10.bmp,preprocessed_results\109\109_10.bmp,108,108,108,0.8642045259475708,109,0.031114669516682625,0.8330898564308882,108|109|544|112|817,0.86420453|0.03111467|0.00351117|0.00300820|0.00228482,1,0.8642045259475708,True,108,0.8642045259475708,True,108,0.8457583785057068,True,108,0.8356016874313354,True,108,0.8565263748168945,True,c12_correct
109,110,110_9.bmp,preprocessed_results\110\110_9.bmp,109,109,109,0.7352124452590942,108,0.0215316079556942,0.7136808373034,109|108|773|59|210,0.73521245|0.02153161|0.01796726|0.00707399|0.00663057,1,0.7352124452590942,True,109,0.7352124452590942,True,109,0.827057421207428,True,109,0.8375621438026428,True,109,0.7923041582107544,True,c12_correct
110,111,111_7.bmp,preprocessed_results\111\111_7.bmp,110,110,110,0.8007403612136841,807,0.016263986006379128,0.784476375207305,110|807|748|46|602,0.80074036|0.01626399|0.00618054|0.00527664|0.00428876,1,0.8007403612136841,True,110,0.8007403612136841,True,110,0.8151899576187134,True,110,0.8302757740020752,True,110,0.7916369438171387,True,c12_correct
111,112,112_1.bmp,preprocessed_results\112\112_1.bmp,111,111,111,0.6320185661315918,787,0.01935143582522869,0.6126671303063631,111|787|110|622|823,0.63201857|0.01935144|0.01701293|0.00746770|0.00690583,1,0.6320185661315918,True,111,0.6320185661315918,True,111,0.7532030344009399,True,111,0.832529604434967,True,111,0.8635942339897156,True,c12_correct
112,113,113_2.bmp,preprocessed_results\113\113_2.bmp,112,112,112,0.8425898551940918,113,0.017772821709513664,0.8248170334845781,112|113|118|280|498,0.84258986|0.01777282|0.00499363|0.00406089|0.00399503,1,0.8425898551940918,True,112,0.8425898551940918,True,112,0.8074002861976624,True,112,0.8285282254219055,True,112,0.789537250995636,True,c12_correct
113,114,114_1.bmp,preprocessed_results\114\114_1.bmp,113,113,113,0.7308533787727356,112,0.07137802243232727,0.6594753563404083,113|112|210|109|172,0.73085338|0.07137802|0.00609517|0.00489960|0.00371992,1,0.7308533787727356,True,113,0.7308533787727356,True,113,0.8869433403015137,True,113,0.8477755784988403,True,113,0.8546180129051208,True,c12_correct
114,115,115_5.bmp,preprocessed_results\115\115_5.bmp,114,114,114,0.6130502223968506,57,0.020131539553403854,0.5929186828434467,114|57|247|56|294,0.61305022|0.02013154|0.01277113|0.01116029|0.01108650,1,0.6130502223968506,True,114,0.6130502223968506,True,114,0.858517050743103,True,114,0.8238390684127808,True,114,0.7999060750007629,True,c12_correct
115,116,116_8.bmp,preprocessed_results\116\116_8.bmp,115,115,115,0.6384323835372925,114,0.0173309538513422,0.6211014296859503,115|114|142|284|76,0.63843238|0.01733095|0.01419306|0.01288076|0.00917753,1,0.6384323835372925,True,115,0.6384323835372925,True,115,0.8030570149421692,True,115,0.823432981967926,True,115,0.8693581223487854,True,c12_correct
116,117,117_6.bmp,preprocessed_results\117\117_6.bmp,116,116,116,0.6567957401275635,117,0.07337259501218796,0.5834231451153755,116|117|152|70|832,0.65679574|0.07337260|0.01369034|0.00669245|0.00536947,1,0.6567957401275635,True,116,0.6567957401275635,True,116,0.5297648310661316,True,116,0.8277447819709778,True,116,0.5974102020263672,True,c12_correct
117,118,118_1.bmp,preprocessed_results\118\118_1.bmp,117,117,117,0.28626513481140137,116,0.05582504719495773,0.23044008761644363,117|116|143|221|531,0.28626513|0.05582505|0.01904755|0.01776515|0.01767080,1,0.28626513481140137,True,117,0.28626513481140137,True,117,0.19313696026802063,True,117,0.768704891204834,True,117,0.4743545949459076,True,c12_correct
118,119,119_9.bmp,preprocessed_results\119\119_9.bmp,118,118,118,0.4387105107307434,288,0.043355707079172134,0.3953548036515713,118|288|96|209|131,0.43871051|0.04335571|0.02124192|0.01906397|0.01511367,1,0.4387105107307434,True,118,0.4387105107307434,True,118,0.6040449738502502,True,118,0.7981835603713989,True,118,0.6394839882850647,True,c12_correct
119,120,120_7.bmp,preprocessed_results\120\120_7.bmp,119,119,119,0.3703100383281708,118,0.028209788724780083,0.3421002496033907,119|118|187|290|288,0.37031004|0.02820979|0.02379716|0.01723148|0.01603835,1,0.3703100383281708,True,119,0.3703100383281708,True,119,0.4365595579147339,True,119,0.8015689849853516,True,119,0.6659476161003113,True,c12_correct
120,121,121_7.bmp,preprocessed_results\121\121_7.bmp,120,120,120,0.42372506856918335,101,0.017857516184449196,0.40586755238473415,120|101|76|533|51,0.42372507|0.01785752|0.01294384|0.01231584|0.01164137,1,0.42372506856918335,True,120,0.42372506856918335,True,120,0.24567803740501404,True,120,0.8141081929206848,True,120,0.5666559338569641,True,c12_correct
121,122,122_4.bmp,preprocessed_results\122\122_4.bmp,121,121,121,0.7831036448478699,120,0.01067967340350151,0.7724239714443684,121|120|418|354|67,0.78310364|0.01067967|0.00885369|0.00662888|0.00660287,1,0.7831036448478699,True,121,0.7831036448478699,True,121,0.8331889510154724,True,121,0.8172509074211121,True,121,0.7588832974433899,True,c12_correct
122,123,123_9.bmp,preprocessed_results\123\123_9.bmp,122,122,122,0.8587061762809753,180,0.013063434511423111,0.8456427417695522,122|180|222|123|78,0.85870618|0.01306343|0.00583778|0.00563664|0.00253199,1,0.8587061762809753,True,122,0.8587061762809753,True,122,0.871587336063385,True,122,0.8455568552017212,True,122,0.872175395488739,True,c12_correct
123,124,124_9.bmp,preprocessed_results\124\124_9.bmp,123,123,123,0.3364437222480774,96,0.020344870164990425,0.31609885208308697,123|96|251|236|122,0.33644372|0.02034487|0.01498012|0.01380836|0.01275920,1,0.3364437222480774,True,123,0.3364437222480774,True,123,0.8018882274627686,True,123,0.8397006392478943,True,123,0.80231773853302,True,c12_correct
124,125,125_9.bmp,preprocessed_results\125\125_9.bmp,124,124,124,0.11667017638683319,396,0.06468802690505981,0.051982149481773376,124|396|185|467|125,0.11667018|0.06468803|0.03895822|0.03892314|0.03200427,1,0.11667017638683319,True,124,0.11667017638683319,True,124,0.5464208126068115,True,124,0.7816704511642456,True,124,0.5780638456344604,True,c12_correct
125,126,126_9.bmp,preprocessed_results\126\126_9.bmp,125,125,125,0.8052915930747986,124,0.042658139020204544,0.762633454054594,125|124|396|56|138,0.80529159|0.04265814|0.01249924|0.00529333|0.00251788,1,0.8052915930747986,True,125,0.8052915930747986,True,125,0.6981365084648132,True,125,0.8288835883140564,True,125,0.7750445008277893,True,c12_correct
126,127,127_2.bmp,preprocessed_results\127\127_2.bmp,126,126,126,0.8345354795455933,246,0.009018739685416222,0.825516739860177,126|246|437|127|358,0.83453548|0.00901874|0.00443735|0.00345257|0.00340615,1,0.8345354795455933,True,126,0.8345354795455933,True,126,0.8147421479225159,True,126,0.8071259260177612,True,126,0.8581547737121582,True,c12_correct
127,128,128_4.bmp,preprocessed_results\128\128_4.bmp,127,127,127,0.8063355088233948,161,0.006063139531761408,0.8002723692916334,127|161|611|145|437,0.80633551|0.00606314|0.00437911|0.00377529|0.00335313,1,0.8063355088233948,True,127,0.8063355088233948,True,127,0.8600190877914429,True,127,0.801263689994812,True,127,0.7618902325630188,True,c12_correct
128,129,129_8.bmp,preprocessed_results\129\129_8.bmp,128,128,128,0.8176488876342773,52,0.011692903935909271,0.8059559836983681,128|52|253|261|263,0.81764889|0.01169290|0.00569978|0.00548777|0.00536666,1,0.8176488876342773,True,128,0.8176488876342773,True,128,0.9176016449928284,True,128,0.8296204805374146,True,128,0.8694758415222168,True,c12_correct
129,130,130_7.bmp,preprocessed_results\130\130_7.bmp,129,129,129,0.5493541955947876,778,0.013288977555930614,0.536065218038857,129|778|260|96|209,0.54935420|0.01328898|0.01246252|0.01010066|0.00934734,1,0.5493541955947876,True,129,0.5493541955947876,True,129,0.5872846841812134,True,129,0.8207898139953613,True,129,0.7634854912757874,True,c12_correct
130,131,131_7.bmp,preprocessed_results\131\131_7.bmp,130,130,130,0.8627560138702393,131,0.0080940630286932,0.8546619508415461,130|131|104|201|324,0.86275601|0.00809406|0.00575860|0.00391911|0.00293647,1,0.8627560138702393,True,130,0.8627560138702393,True,130,0.7277887463569641,True,130,0.8364720940589905,True,130,0.7359280586242676,True,c12_correct
131,132,132_6.bmp,preprocessed_results\132\132_6.bmp,131,131,131,0.8991886973381042,130,0.008629551157355309,0.8905591461807489,131|130|281|250|289,0.89918870|0.00862955|0.00400331|0.00325585|0.00300878,1,0.8991886973381042,True,131,0.8991886973381042,True,131,0.8703324794769287,True,131,0.8311718106269836,True,131,0.8959197998046875,True,c12_correct
132,133,133_3.bmp,preprocessed_results\133\133_3.bmp,132,132,132,0.8338196873664856,133,0.010748658329248428,0.8230710290372372,132|133|206|100|101,0.83381969|0.01074866|0.01009954|0.00593774|0.00461246,1,0.8338196873664856,True,132,0.8338196873664856,True,132,0.868712842464447,True,132,0.8296734094619751,True,132,0.8229104280471802,True,c12_correct
133,134,134_6.bmp,preprocessed_results\134\134_6.bmp,133,133,133,0.8657757639884949,132,0.011002889834344387,0.8547728741541505,133|132|787|569|341,0.86577576|0.01100289|0.00724404|0.00265340|0.00252160,1,0.8657757639884949,True,133,0.8657757639884949,True,133,0.7530146837234497,True,133,0.8402273654937744,True,133,0.7523941993713379,True,c12_correct
134,135,135_3.bmp,preprocessed_results\135\135_3.bmp,134,134,134,0.6773934960365295,178,0.010946701280772686,0.6664467947557569,134|178|552|548|196,0.67739350|0.01094670|0.00984773|0.00916374|0.00789324,1,0.6773934960365295,True,134,0.6773934960365295,True,134,0.20827709138393402,True,134,0.7575277090072632,True,134,0.4385334551334381,True,c12_correct
135,136,136_1.bmp,preprocessed_results\136\136_1.bmp,135,135,135,0.4796149730682373,134,0.04480331391096115,0.43481165915727615,135|134|70|28|192,0.47961497|0.04480331|0.01192512|0.01123530|0.01067546,1,0.4796149730682373,True,135,0.4796149730682373,True,135,0.6060073375701904,True,135,0.7870514988899231,True,135,0.4044603407382965,True,c12_correct
136,137,137_9.bmp,preprocessed_results\137\137_9.bmp,136,136,136,0.6144106984138489,216,0.016746027395129204,0.5976646710187197,136|216|137|177|6,0.61441070|0.01674603|0.01644339|0.01438895|0.00939029,1,0.6144106984138489,True,136,0.6144106984138489,True,136,0.4424760639667511,True,136,0.8150215744972229,True,136,0.6663075685501099,True,c12_correct
137,138,138_10.bmp,preprocessed_results\138\138_10.bmp,137,137,137,0.8546724915504456,136,0.008462577126920223,0.8462099144235253,137|136|266|179|446,0.85467249|0.00846258|0.00510059|0.00477015|0.00467991,1,0.8546724915504456,True,137,0.8546724915504456,True,137,0.6915363669395447,True,137,0.8016167283058167,True,137,0.7315720319747925,True,c12_correct
138,139,139_4.bmp,preprocessed_results\139\139_4.bmp,138,138,138,0.7446480989456177,333,0.009997721761465073,0.7346503771841526,138|333|522|718|550,0.74464810|0.00999772|0.00610339|0.00589413|0.00506033,1,0.7446480989456177,True,138,0.7446480989456177,True,138,0.6187554001808167,True,138,0.8126793503761292,True,138,0.7880300879478455,True,c12_correct
139,140,140_2.bmp,preprocessed_results\140\140_2.bmp,139,139,139,0.5532326102256775,434,0.014661308377981186,0.5385713018476963,139|434|56|704|114,0.55323261|0.01466131|0.01250096|0.01109730|0.00987021,1,0.5532326102256775,True,139,0.5532326102256775,True,139,0.6756494641304016,True,139,0.8272345066070557,True,139,0.6089816689491272,True,c12_correct
140,141,141_4.bmp,preprocessed_results\141\141_4.bmp,140,140,140,0.09028861671686172,231,0.03484935685992241,0.055439259856939316,140|231|213|141|315,0.09028862|0.03484936|0.03206773|0.02316692|0.02149323,1,0.09028861671686172,True,140,0.09028861671686172,True,141,0.022094620391726494,False,140,0.7283158302307129,True,140,0.06530822813510895,True,c12_correct
141,142,142_7.bmp,preprocessed_results\142\142_7.bmp,141,141,141,0.8125020861625671,299,0.0071553862653672695,0.8053466998971999,141|299|191|140|154,0.81250209|0.00715539|0.00650349|0.00600469|0.00500860,1,0.8125020861625671,True,141,0.8125020861625671,True,141,0.8705301880836487,True,141,0.7959815859794617,True,141,0.6441239714622498,True,c12_correct
142,143,143_9.bmp,preprocessed_results\143\143_9.bmp,142,142,142,0.9204645156860352,247,0.004433810710906982,0.9160307049751282,142|247|679|114|246,0.92046452|0.00443381|0.00407683|0.00317723|0.00238410,1,0.9204645156860352,True,142,0.9204645156860352,True,142,0.8433498740196228,True,142,0.8188344836235046,True,142,0.8558642268180847,True,c12_correct
143,144,144_6.bmp,preprocessed_results\144\144_6.bmp,143,143,143,0.7240062952041626,115,0.01716630719602108,0.7068399880081415,143|115|144|564|285,0.72400630|0.01716631|0.01434624|0.00702871|0.00628572,1,0.7240062952041626,True,143,0.7240062952041626,True,143,0.6582048535346985,True,143,0.8093852400779724,True,143,0.750218391418457,True,c12_correct
144,145,145_10.bmp,preprocessed_results\145\145_10.bmp,144,144,144,0.7787332534790039,814,0.008286196738481522,0.7704470567405224,144|814|665|539|455,0.77873325|0.00828620|0.00694398|0.00621226|0.00486374,1,0.7787332534790039,True,144,0.7787332534790039,True,144,0.7101138234138489,True,144,0.819853663444519,True,144,0.7676721811294556,True,c12_correct
145,146,146_7.bmp,preprocessed_results\146\146_7.bmp,145,145,145,0.8197075724601746,144,0.0067348964512348175,0.8129726760089397,145|144|476|362|504,0.81970757|0.00673490|0.00667254|0.00488542|0.00343149,1,0.8197075724601746,True,145,0.8197075724601746,True,145,0.9326630234718323,True,145,0.8330891728401184,True,145,0.8091732263565063,True,c12_correct
146,147,147_3.bmp,preprocessed_results\147\147_3.bmp,146,146,146,0.8572659492492676,72,0.010493478737771511,0.8467724705114961,146|72|147|716|199,0.85726595|0.01049348|0.00867907|0.00696550|0.00327002,1,0.8572659492492676,True,146,0.8572659492492676,True,146,0.8832305669784546,True,146,0.8268202543258667,True,146,0.8632963299751282,True,c12_correct
147,148,148_5.bmp,preprocessed_results\148\148_5.bmp,147,147,147,0.8225199580192566,38,0.01104471180588007,0.8114752462133765,147|38|146|79|83,0.82251996|0.01104471|0.01058656|0.00706779|0.00498812,1,0.8225199580192566,True,147,0.8225199580192566,True,147,0.7279912829399109,True,147,0.8391075134277344,True,147,0.6580083966255188,True,c12_correct
148,149,149_10.bmp,preprocessed_results\149\149_10.bmp,148,148,148,0.8294638991355896,534,0.024680644273757935,0.8047832548618317,148|534|178|329|441,0.82946390|0.02468064|0.00648846|0.00515722|0.00485258,1,0.8294638991355896,True,148,0.8294638991355896,True,148,0.8899001479148865,True,148,0.8064243197441101,True,148,0.8157286047935486,True,c12_correct
149,150,150_9.bmp,preprocessed_results\150\150_9.bmp,149,149,149,0.4468980133533478,148,0.02094048447906971,0.42595752887427807,149|148|422|435|174,0.44689801|0.02094048|0.01430228|0.01050999|0.00999286,1,0.4468980133533478,True,149,0.4468980133533478,True,149,0.8110630512237549,True,149,0.8185693621635437,True,149,0.7895731925964355,True,c12_correct
150,151,151_1.bmp,preprocessed_results\151\151_1.bmp,150,150,150,0.9353131055831909,151,0.005681254900991917,0.929631850682199,150|151|101|304|308,0.93531311|0.00568125|0.00300139|0.00204764|0.00154461,1,0.9353131055831909,True,150,0.9353131055831909,True,150,0.8370028138160706,True,150,0.8262868523597717,True,150,0.8613103628158569,True,c12_correct
151,152,152_3.bmp,preprocessed_results\152\152_3.bmp,151,151,151,0.8773061037063599,150,0.01775035820901394,0.8595557454973459,151|150|101|86|87,0.87730610|0.01775036|0.00699522|0.00497254|0.00417475,1,0.8773061037063599,True,151,0.8773061037063599,True,151,0.8621994853019714,True,151,0.8132287263870239,True,151,0.8697288036346436,True,c12_correct
152,153,153_6.bmp,preprocessed_results\153\153_6.bmp,152,152,152,0.89207923412323,153,0.014037669636309147,0.8780415644869208,152|153|552|26|532,0.89207923|0.01403767|0.01210836|0.00721034|0.00337120,1,0.89207923412323,True,152,0.89207923412323,True,152,0.8363532423973083,True,152,0.8279730081558228,True,152,0.7846482992172241,True,c12_correct
153,154,154_4.bmp,preprocessed_results\154\154_4.bmp,153,153,153,0.7468729615211487,152,0.03553087264299393,0.7113420888781548,153|152|26|531|81,0.74687296|0.03553087|0.00940030|0.00739325|0.00555518,1,0.7468729615211487,True,153,0.7468729615211487,True,153,0.8115285038948059,True,153,0.8511444926261902,True,153,0.7809192538261414,True,c12_correct
154,155,155_1.bmp,preprocessed_results\155\155_1.bmp,154,154,154,0.4439464509487152,116,0.048049941658973694,0.3958965092897415,154|116|155|335|434,0.44394645|0.04804994|0.01845174|0.01795822|0.01406238,1,0.4439464509487152,True,154,0.4439464509487152,True,154,0.6563773155212402,True,154,0.7553694248199463,True,154,0.3994339406490326,True,c12_correct
155,156,156_4.bmp,preprocessed_results\156\156_4.bmp,155,155,155,0.7192285060882568,539,0.006595795974135399,0.7126327101141214,155|539|488|489|394,0.71922851|0.00659580|0.00615826|0.00585589|0.00476168,1,0.7192285060882568,True,155,0.7192285060882568,True,155,0.835520327091217,True,155,0.8193793892860413,True,155,0.7775201201438904,True,c12_correct
156,157,157_4.bmp,preprocessed_results\157\157_4.bmp,156,156,156,0.9624468684196472,227,0.0009307631407864392,0.9615161052788608,156|227|76|71|58,0.96244687|0.00093076|0.00085055|0.00068128|0.00067623,1,0.9624468684196472,True,156,0.9624468684196472,True,156,0.8068952560424805,True,156,0.8478406071662903,True,156,0.8637118339538574,True,c12_correct
157,158,158_8.bmp,preprocessed_results\158\158_8.bmp,157,157,157,0.4801052212715149,133,0.025757785886526108,0.4543474353849888,157|133|152|530|60,0.48010522|0.02575779|0.01661595|0.00982027|0.00875212,1,0.4801052212715149,True,157,0.4801052212715149,True,157,0.6611343026161194,True,157,0.8001556992530823,True,157,0.7132526636123657,True,c12_correct
158,159,159_1.bmp,preprocessed_results\159\159_1.bmp,158,158,158,0.6501227617263794,119,0.03609054163098335,0.614032220095396,158|119|187|92|186,0.65012276|0.03609054|0.02804505|0.01862752|0.00797776,1,0.6501227617263794,True,158,0.6501227617263794,True,158,0.7010530829429626,True,158,0.8117755055427551,True,158,0.7012854814529419,True,c12_correct
159,160,160_2.bmp,preprocessed_results\160\160_2.bmp,159,159,159,0.6842410564422607,225,0.016766104847192764,0.667474951595068,159|225|87|737|224,0.68424106|0.01676610|0.00916821|0.00814436|0.00793262,1,0.6842410564422607,True,159,0.6842410564422607,True,159,0.6661088466644287,True,159,0.8215495944023132,True,159,0.7436680197715759,True,c12_correct
160,161,161_2.bmp,preprocessed_results\161\161_2.bmp,160,160,160,0.7458832859992981,165,0.019649552181363106,0.726233733817935,160|165|242|164|268,0.74588329|0.01964955|0.01301142|0.00720982|0.00652966,1,0.7458832859992981,True,160,0.7458832859992981,True,160,0.8526556491851807,True,160,0.8050232529640198,True,160,0.820405125617981,True,c12_correct
161,162,162_1.bmp,preprocessed_results\162\162_1.bmp,161,161,161,0.8864330649375916,127,0.005895699840039015,0.8805373650975525,161|127|788|170|160,0.88643306|0.00589570|0.00432239|0.00313463|0.00309509,1,0.8864330649375916,True,161,0.8864330649375916,True,161,0.797141969203949,True,161,0.8428506851196289,True,161,0.7490168809890747,True,c12_correct
162,163,163_6.bmp,preprocessed_results\163\163_6.bmp,162,162,162,0.8565162420272827,659,0.005015597213059664,0.851500644814223,162|659|763|589|819,0.85651624|0.00501560|0.00331984|0.00329740|0.00325076,1,0.8565162420272827,True,162,0.8565162420272827,True,162,0.9035300612449646,True,162,0.8371347188949585,True,162,0.8153663277626038,True,c12_correct
163,164,164_5.bmp,preprocessed_results\164\164_5.bmp,163,163,163,0.8117278218269348,115,0.012264499440789223,0.7994633223861456,163|115|279|820|93,0.81172782|0.01226450|0.00810962|0.00660879|0.00466649,1,0.8117278218269348,True,163,0.8117278218269348,True,163,0.8881769180297852,True,163,0.8575111627578735,True,163,0.7255865335464478,True,c12_correct
164,165,165_8.bmp,preprocessed_results\165\165_8.bmp,164,164,164,0.8259102702140808,156,0.010612891055643559,0.8152973791584373,164|156|610|344|228,0.82591027|0.01061289|0.00427266|0.00357054|0.00354544,1,0.8259102702140808,True,164,0.8259102702140808,True,164,0.7812374830245972,True,164,0.8020152449607849,True,164,0.8257097005844116,True,c12_correct
165,166,166_10.bmp,preprocessed_results\166\166_10.bmp,165,165,165,0.7252874374389648,164,0.01919945888221264,0.7060879785567522,165|164|603|584|622,0.72528744|0.01919946|0.00882642|0.00708487|0.00703279,1,0.7252874374389648,True,165,0.7252874374389648,True,165,0.5112488865852356,True,165,0.8095921874046326,True,165,0.603300154209137,True,c12_correct
166,167,167_3.bmp,preprocessed_results\167\167_3.bmp,166,166,166,0.897908627986908,18,0.0031547145918011665,0.8947539133951068,166|18|167|114|251,0.89790863|0.00315471|0.00312026|0.00282539|0.00239795,1,0.897908627986908,True,166,0.897908627986908,True,166,0.8218576908111572,True,166,0.8294761776924133,True,166,0.8195942044258118,True,c12_correct
167,168,168_2.bmp,preprocessed_results\168\168_2.bmp,167,167,167,0.865081250667572,7,0.007513532880693674,0.8575677177868783,167|7|62|166|298,0.86508125|0.00751353|0.00702149|0.00453122|0.00285738,1,0.865081250667572,True,167,0.865081250667572,True,167,0.8021335005760193,True,167,0.7979095578193665,True,167,0.8171961307525635,True,c12_correct
168,169,169_5.bmp,preprocessed_results\169\169_5.bmp,168,168,168,0.7095292806625366,169,0.03863539919257164,0.670893881469965,168|169|20|428|21,0.70952928|0.03863540|0.01074310|0.00585784|0.00548229,1,0.7095292806625366,True,168,0.7095292806625366,True,168,0.7974244952201843,True,168,0.8168457746505737,True,168,0.7132217884063721,True,c12_correct
169,170,170_5.bmp,preprocessed_results\170\170_5.bmp,169,169,169,0.8317716121673584,289,0.006779986899346113,0.8249916252680123,169|289|269|525|168,0.83177161|0.00677999|0.00433959|0.00293845|0.00230325,1,0.8317716121673584,True,169,0.8317716121673584,True,169,0.8553663492202759,True,169,0.8771561980247498,True,169,0.8854435682296753,True,c12_correct
170,171,171_4.bmp,preprocessed_results\171\171_4.bmp,170,170,170,0.8404403924942017,161,0.010919352062046528,0.8295210404321551,170|161|13|4|646,0.84044039|0.01091935|0.00943510|0.00639611|0.00492252,1,0.8404403924942017,True,170,0.8404403924942017,True,170,0.7291039824485779,True,170,0.8119744062423706,True,170,0.858112633228302,True,c12_correct
171,172,172_7.bmp,preprocessed_results\172\172_7.bmp,171,171,171,0.714418351650238,5,0.11987566947937012,0.5945426821708679,171|5|784|181|170,0.71441835|0.11987567|0.00403536|0.00387028|0.00312849,1,0.714418351650238,True,171,0.714418351650238,True,171,0.8306266069412231,True,171,0.8253284096717834,True,171,0.8125949501991272,True,c12_correct
172,173,173_10.bmp,preprocessed_results\173\173_10.bmp,172,172,172,0.7830103635787964,173,0.013502884656190872,0.7695074789226055,172|173|106|42|56,0.78301036|0.01350288|0.00734840|0.00634915|0.00543086,1,0.7830103635787964,True,172,0.7830103635787964,True,172,0.7578164339065552,True,172,0.8331236839294434,True,172,0.7167661190032959,True,c12_correct
173,174,174_7.bmp,preprocessed_results\174\174_7.bmp,173,173,173,0.7171695828437805,172,0.02783714048564434,0.6893324423581362,173|172|194|125|45,0.71716958|0.02783714|0.01168164|0.00937435|0.00702915,1,0.7171695828437805,True,173,0.7171695828437805,True,173,0.5832736492156982,True,173,0.7467624545097351,True,173,0.19913488626480103,True,c12_correct
174,175,175_9.bmp,preprocessed_results\175\175_9.bmp,174,174,174,0.9077169299125671,175,0.0041523524560034275,0.9035645774565637,174|175|41|722|248,0.90771693|0.00415235|0.00171933|0.00159436|0.00148228,1,0.9077169299125671,True,174,0.9077169299125671,True,174,0.7172622084617615,True,174,0.8420572280883789,True,174,0.854189932346344,True,c12_correct
175,176,176_9.bmp,preprocessed_results\176\176_9.bmp,175,175,175,0.7369281053543091,174,0.031001940369606018,0.7059261649847031,175|174|234|236|115,0.73692811|0.03100194|0.00667313|0.00650926|0.00474608,1,0.7369281053543091,True,175,0.7369281053543091,True,175,0.7735891342163086,True,175,0.8099017143249512,True,175,0.7913162112236023,True,c12_correct
176,177,177_2.bmp,preprocessed_results\177\177_2.bmp,176,176,176,0.5601730346679688,534,0.021918121725320816,0.5382549129426479,176|534|227|315|229,0.56017303|0.02191812|0.01448023|0.00594438|0.00539801,1,0.5601730346679688,True,176,0.5601730346679688,True,176,0.7942101359367371,True,176,0.8357143402099609,True,176,0.7837280631065369,True,c12_correct
177,178,178_6.bmp,preprocessed_results\178\178_6.bmp,177,177,177,0.19887974858283997,18,0.026338493451476097,0.17254125513136387,177|18|125|216|176,0.19887975|0.02633849|0.02389682|0.02358243|0.01568568,1,0.19887974858283997,True,177,0.19887974858283997,True,177,0.16811606287956238,True,177,0.7692499756813049,True,177,0.3029850423336029,True,c12_correct
178,179,179_7.bmp,preprocessed_results\179\179_7.bmp,178,178,178,0.6323203444480896,407,0.014272733591496944,0.6180476108565927,178|407|9|188|534,0.63232034|0.01427273|0.01034036|0.00912416|0.00726235,1,0.6323203444480896,True,178,0.6323203444480896,True,178,0.33975064754486084,True,178,0.7597794532775879,True,178,0.6061444878578186,True,c12_correct
179,180,180_5.bmp,preprocessed_results\180\180_5.bmp,179,179,179,0.7501619458198547,314,0.03618420287966728,0.7139777429401875,179|314|43|82|311,0.75016195|0.03618420|0.01209173|0.01200795|0.00527084,1,0.7501619458198547,True,179,0.7501619458198547,True,179,0.6312983632087708,True,179,0.8325896263122559,True,179,0.7081709504127502,True,c12_correct
180,181,181_1.bmp,preprocessed_results\181\181_1.bmp,180,180,180,0.7783353924751282,370,0.007202381268143654,0.7711330112069845,180|370|543|95|133,0.77833539|0.00720238|0.00658940|0.00455128|0.00444236,1,0.7783353924751282,True,180,0.7783353924751282,True,180,0.4434238076210022,True,180,0.828423798084259,True,180,0.8463737368583679,True,c12_correct
181,182,182_7.bmp,preprocessed_results\182\182_7.bmp,181,181,181,0.5374556183815002,566,0.014587259851396084,0.5228683585301042,181|566|80|76|45,0.53745562|0.01458726|0.01194836|0.01024375|0.00687493,1,0.5374556183815002,True,181,0.5374556183815002,True,181,0.7225337028503418,True,181,0.7987844944000244,True,181,0.8321947455406189,True,c12_correct
182,183,183_7.bmp,preprocessed_results\183\183_7.bmp,182,182,182,0.8280805349349976,145,0.011774925515055656,0.8163056094199419,182|145|455|165|76,0.82808053|0.01177493|0.00311845|0.00294746|0.00248314,1,0.8280805349349976,True,182,0.8280805349349976,True,182,0.8696910738945007,True,182,0.7900404930114746,True,182,0.725307285785675,True,c12_correct
183,184,184_4.bmp,preprocessed_results\184\184_4.bmp,183,183,183,0.6763879656791687,321,0.012987371534109116,0.6634005941450596,183|321|823|71|92,0.67638797|0.01298737|0.00780711|0.00711659|0.00452179,1,0.6763879656791687,True,183,0.6763879656791687,True,183,0.6980287432670593,True,183,0.8130531311035156,True,183,0.760003387928009,True,c12_correct
184,185,185_4.bmp,preprocessed_results\185\185_4.bmp,184,184,184,0.674786388874054,117,0.012225422076880932,0.662560966797173,184|117|358|357|483,0.67478639|0.01222542|0.01086576|0.00936903|0.00903969,1,0.674786388874054,True,184,0.674786388874054,True,184,0.7390642762184143,True,184,0.8190711140632629,True,184,0.7744104862213135,True,c12_correct
185,186,186_3.bmp,preprocessed_results\186\186_3.bmp,185,185,185,0.47951585054397583,184,0.0296038705855608,0.44991197995841503,185|184|537|221|535,0.47951585|0.02960387|0.02822958|0.01851779|0.01548115,1,0.47951585054397583,True,185,0.47951585054397583,True,185,0.29822805523872375,True,185,0.7094709873199463,True,185,0.4877299666404724,True,c12_correct
186,187,187_3.bmp,preprocessed_results\187\187_3.bmp,186,186,186,0.7475630044937134,624,0.013051525689661503,0.7345114788040519,186|624|73|566|187,0.74756300|0.01305153|0.00960809|0.00953454|0.00658491,1,0.7475630044937134,True,186,0.7475630044937134,True,186,0.6921707987785339,True,186,0.8258807063102722,True,186,0.8163854479789734,True,c12_correct
187,188,188_2.bmp,preprocessed_results\188\188_2.bmp,187,187,187,0.9107334017753601,186,0.013572010211646557,0.8971613915637136,187|186|120|773|119,0.91073340|0.01357201|0.00392817|0.00251010|0.00239301,1,0.9107334017753601,True,187,0.9107334017753601,True,187,0.8801901340484619,True,187,0.8142859935760498,True,187,0.8107775449752808,True,c12_correct
188,189,189_10.bmp,preprocessed_results\189\189_10.bmp,188,188,188,0.5830630660057068,212,0.00956002902239561,0.5735030369833112,188|212|78|189|34,0.58306307|0.00956003|0.00899475|0.00816993|0.00768154,1,0.5830630660057068,True,188,0.5830630660057068,True,188,0.7862221002578735,True,188,0.8071659207344055,True,188,0.7120335698127747,True,c12_correct
189,190,190_3.bmp,preprocessed_results\190\190_3.bmp,189,189,189,0.7130910754203796,440,0.013330421410501003,0.6997606540098786,189|440|431|547|55,0.71309108|0.01333042|0.00814560|0.00619713|0.00435409,1,0.7130910754203796,True,189,0.7130910754203796,True,189,0.7538758516311646,True,189,0.8346072435379028,True,189,0.7637075185775757,True,c12_correct
190,191,191_7.bmp,preprocessed_results\191\191_7.bmp,190,190,190,0.8469676971435547,81,0.0069937570951879025,0.8399739400483668,190|81|336|276|175,0.84696770|0.00699376|0.00354199|0.00308716|0.00288981,1,0.8469676971435547,True,190,0.8469676971435547,True,190,0.8809478878974915,True,190,0.8123565912246704,True,190,0.8308550119400024,True,c12_correct
191,192,192_4.bmp,preprocessed_results\192\192_4.bmp,191,191,191,0.8668835759162903,141,0.02341281622648239,0.8434707596898079,191|141|193|257|190,0.86688358|0.02341282|0.00660938|0.00290521|0.00288380,1,0.8668835759162903,True,191,0.8668835759162903,True,191,0.6761000156402588,True,191,0.805824875831604,True,191,0.7596541047096252,True,c12_correct
192,193,193_8.bmp,preprocessed_results\193\193_8.bmp,192,192,192,0.8574965000152588,152,0.007726927753537893,0.8497695722617209,192|152|38|134|193,0.85749650|0.00772693|0.00408632|0.00295615|0.00292083,1,0.8574965000152588,True,192,0.8574965000152588,True,192,0.8635520935058594,True,192,0.8436235785484314,True,192,0.8953000903129578,True,c12_correct
193,194,194_1.bmp,preprocessed_results\194\194_1.bmp,193,193,193,0.4062080383300781,105,0.040791574865579605,0.3654164634644985,193|105|192|341|133,0.40620804|0.04079157|0.02160037|0.02053190|0.01922706,1,0.4062080383300781,True,193,0.4062080383300781,True,193,0.25841450691223145,True,193,0.8001052737236023,True,193,0.523648738861084,True,c12_correct
194,195,195_3.bmp,preprocessed_results\195\195_3.bmp,194,194,194,0.8842700123786926,229,0.007541115395724773,0.8767288969829679,194|229|195|180|239,0.88427001|0.00754112|0.00555386|0.00235501|0.00225433,1,0.8842700123786926,True,194,0.8842700123786926,True,194,0.8073306679725647,True,194,0.8306631445884705,True,194,0.7384713292121887,True,c12_correct
195,196,196_7.bmp,preprocessed_results\196\196_7.bmp,195,195,195,0.9320617318153381,194,0.004895133897662163,0.927166597917676,195|194|46|305|259,0.93206173|0.00489513|0.00191522|0.00175827|0.00165108,1,0.9320617318153381,True,195,0.9320617318153381,True,195,0.9186434149742126,True,195,0.8346476554870605,True,195,0.8738242387771606,True,c12_correct
196,197,197_3.bmp,preprocessed_results\197\197_3.bmp,196,196,196,0.6115055680274963,451,0.018853457644581795,0.5926521103829145,196|451|450|549|86,0.61150557|0.01885346|0.01531749|0.01291278|0.00834575,1,0.6115055680274963,True,196,0.6115055680274963,True,196,0.44837522506713867,True,196,0.8273608684539795,True,196,0.5978438854217529,True,c12_correct
197,198,198_4.bmp,preprocessed_results\198\198_4.bmp,197,197,197,0.6614530682563782,44,0.032630130648612976,0.6288229376077652,197|44|82|181|45,0.66145307|0.03263013|0.00962107|0.00905267|0.00441006,1,0.6614530682563782,True,197,0.6614530682563782,True,197,0.8606288433074951,True,197,0.8093128800392151,True,197,0.8993310332298279,True,c12_correct
198,199,199_5.bmp,preprocessed_results\199\199_5.bmp,198,198,198,0.816162645816803,87,0.016741175204515457,0.7994214706122875,198|87|248|38|199,0.81616265|0.01674118|0.00665376|0.00454344|0.00411424,1,0.816162645816803,True,198,0.816162645816803,True,198,0.7220126390457153,True,198,0.8029091954231262,True,198,0.8736505508422852,True,c12_correct
199,200,200_7.bmp,preprocessed_results\200\200_7.bmp,199,199,199,0.4547857642173767,269,0.025815948843955994,0.4289698153734207,199|269|284|111|198,0.45478576|0.02581595|0.02185958|0.01722397|0.01560430,1,0.4547857642173767,True,199,0.4547857642173767,True,199,0.18955020606517792,True,199,0.7320022583007812,True,199,0.26996520161628723,True,c12_correct
200,201,201_8.bmp,preprocessed_results\201\201_8.bmp,200,200,200,0.6069559454917908,70,0.013519125059247017,0.5934368204325438,200|70|42|358|276,0.60695595|0.01351913|0.01268945|0.00949590|0.00938526,1,0.6069559454917908,True,200,0.6069559454917908,True,200,0.5731226205825806,True,200,0.8169140219688416,True,200,0.6540271043777466,True,c12_correct
201,202,202_9.bmp,preprocessed_results\202\202_9.bmp,201,201,201,0.6338121891021729,130,0.029938431456685066,0.6038737576454878,201|130|244|104|200,0.63381219|0.02993843|0.00942398|0.00765944|0.00693696,1,0.6338121891021729,True,201,0.6338121891021729,True,201,0.6883870363235474,True,201,0.7909005284309387,True,201,0.6317028403282166,True,c12_correct
202,203,203_9.bmp,preprocessed_results\203\203_9.bmp,202,202,202,0.42465054988861084,203,0.05222707614302635,0.3724234737455845,202|203|122|382|54,0.42465055|0.05222708|0.01236348|0.01141949|0.00918457,1,0.42465054988861084,True,202,0.42465054988861084,True,202,0.42812013626098633,True,202,0.8198879361152649,True,202,0.612805962562561,True,c12_correct
203,204,204_1.bmp,preprocessed_results\204\204_1.bmp,203,203,203,0.8196398615837097,202,0.006918474566191435,0.8127213870175183,203|202|511|223|54,0.81963986|0.00691847|0.00455208|0.00342192|0.00309858,1,0.8196398615837097,True,203,0.8196398615837097,True,203,0.862687349319458,True,203,0.8107929825782776,True,203,0.871471643447876,True,c12_correct
204,205,205_5.bmp,preprocessed_results\205\205_5.bmp,204,204,204,0.7345319390296936,266,0.010590340942144394,0.7239415980875492,204|266|34|158|674,0.73453194|0.01059034|0.00969884|0.00907371|0.00799739,1,0.7345319390296936,True,204,0.7345319390296936,True,204,0.6951114535331726,True,204,0.8362873196601868,True,204,0.5314761400222778,True,c12_correct
205,206,206_10.bmp,preprocessed_results\206\206_10.bmp,205,205,205,0.31246528029441833,297,0.0412328839302063,0.27123239636421204,205|297|470|173|296,0.31246528|0.04123288|0.02603307|0.01949314|0.01457230,1,0.31246528029441833,True,205,0.31246528029441833,True,205,0.7638404369354248,True,205,0.8207537531852722,True,205,0.7261906862258911,True,c12_correct
206,207,207_2.bmp,preprocessed_results\207\207_2.bmp,206,206,206,0.895357608795166,207,0.018647221848368645,0.8767103869467974,206|207|331|525|163,0.89535761|0.01864722|0.00306194|0.00224559|0.00179074,1,0.895357608795166,True,206,0.895357608795166,True,206,0.9028711318969727,True,206,0.7930517792701721,True,206,0.7774891257286072,True,c12_correct
207,208,208_3.bmp,preprocessed_results\208\208_3.bmp,207,207,207,0.737234890460968,206,0.03110089711844921,0.7061339933425188,207|206|128|219|502,0.73723489|0.03110090|0.00974475|0.00657847|0.00501931,1,0.737234890460968,True,207,0.737234890460968,True,207,0.5326303839683533,True,207,0.8301960229873657,True,207,0.6706754565238953,True,c12_correct
208,209,209_7.bmp,preprocessed_results\209\209_7.bmp,208,208,208,0.3730787932872772,135,0.04996452480554581,0.3231142684817314,208|135|217|49|209,0.37307879|0.04996452|0.02316068|0.01418279|0.01333051,1,0.3730787932872772,True,208,0.3730787932872772,True,208,0.24935010075569153,True,208,0.7777497172355652,True,208,0.37020203471183777,True,c12_correct
209,210,210_2.bmp,preprocessed_results\210\210_2.bmp,209,209,209,0.6958235502243042,338,0.01191752403974533,0.6839060261845589,209|338|83|329|112,0.69582355|0.01191752|0.01003819|0.01001412|0.00740979,1,0.6958235502243042,True,209,0.6958235502243042,True,209,0.8772916197776794,True,209,0.7664820551872253,True,209,0.7923738360404968,True,c12_correct
210,211,211_5.bmp,preprocessed_results\211\211_5.bmp,210,210,210,0.7212684750556946,211,0.15323424339294434,0.5680342316627502,210|211|477|70|83,0.72126848|0.15323424|0.00791707|0.00353812|0.00317562,1,0.7212684750556946,True,210,0.7212684750556946,True,210,0.8622680902481079,True,210,0.851537823677063,True,210,0.8339458703994751,True,c12_correct
211,212,212_6.bmp,preprocessed_results\212\212_6.bmp,211,211,211,0.5504649877548218,188,0.015313849784433842,0.5351511379703879,211|188|210|109|267,0.55046499|0.01531385|0.01057903|0.01025403|0.00781384,1,0.5504649877548218,True,211,0.5504649877548218,True,211,0.3676847219467163,True,211,0.8031045198440552,True,211,0.6269712448120117,True,c12_correct
212,213,213_10.bmp,preprocessed_results\213\213_10.bmp,212,212,212,0.8530792593955994,213,0.013452188111841679,0.8396270712837577,212|213|218|188|33,0.85307926|0.01345219|0.00761920|0.00740539|0.00400362,1,0.8530792593955994,True,212,0.8530792593955994,True,212,0.6021069884300232,True,212,0.8243248462677002,True,212,0.8317739963531494,True,c12_correct
213,214,214_2.bmp,preprocessed_results\214\214_2.bmp,213,213,213,0.6848353743553162,212,0.02019820734858513,0.664637167006731,213|212|55|211|185,0.68483537|0.02019821|0.01265915|0.01044228|0.00744173,1,0.6848353743553162,True,213,0.6848353743553162,True,213,0.7619452476501465,True,213,0.8009544014930725,True,213,0.8243927359580994,True,c12_correct
214,215,215_2.bmp,preprocessed_results\215\215_2.bmp,214,214,214,0.5367515087127686,59,0.015574381686747074,0.5211771270260215,214|59|602|136|722,0.53675151|0.01557438|0.01480042|0.01100374|0.01045725,1,0.5367515087127686,True,214,0.5367515087127686,True,214,0.4718441069126129,True,214,0.7981656789779663,True,214,0.5653918385505676,True,c12_correct
215,216,216_8.bmp,preprocessed_results\216\216_8.bmp,215,215,215,0.8105477094650269,352,0.015738535672426224,0.7948091737926006,215|352|214|161|107,0.81054771|0.01573854|0.00563071|0.00363170|0.00244685,1,0.8105477094650269,True,215,0.8105477094650269,True,215,0.7754679918289185,True,215,0.8316750526428223,True,215,0.7807191610336304,True,c12_correct
216,217,217_9.bmp,preprocessed_results\217\217_9.bmp,216,216,216,0.7063449621200562,335,0.012341662310063839,0.6940032998099923,216|335|136|589|46,0.70634496|0.01234166|0.01125316|0.01078927|0.00942896,1,0.7063449621200562,True,216,0.7063449621200562,True,216,0.8194435238838196,True,216,0.8304846882820129,True,216,0.7456266283988953,True,c12_correct
217,218,218_1.bmp,preprocessed_results\218\218_1.bmp,217,217,217,0.6955207586288452,216,0.0163952074944973,0.6791255511343479,217|216|318|319|238,0.69552076|0.01639521|0.00764360|0.00690131|0.00662409,1,0.6955207586288452,True,217,0.6955207586288452,True,217,0.8642519116401672,True,217,0.8381491303443909,True,217,0.863914430141449,True,c12_correct
218,219,219_9.bmp,preprocessed_results\219\219_9.bmp,218,218,218,0.37324342131614685,548,0.0222204327583313,0.35102298855781555,218|548|219|195|549,0.37324342|0.02222043|0.01815023|0.01666609|0.01325868,1,0.37324342131614685,True,218,0.37324342131614685,True,218,0.5211737751960754,True,218,0.7741115093231201,True,218,0.6186277866363525,True,c12_correct
219,220,220_6.bmp,preprocessed_results\220\220_6.bmp,219,219,219,0.5461086630821228,151,0.02920127473771572,0.5169073883444071,219|151|206|183|253,0.54610866|0.02920127|0.02659574|0.01836069|0.01523096,1,0.5461086630821228,True,219,0.5461086630821228,True,219,0.5918978452682495,True,219,0.7925917506217957,True,219,0.665554940700531,True,c12_correct
220,221,221_7.bmp,preprocessed_results\221\221_7.bmp,220,220,220,0.854182779788971,221,0.014229531399905682,0.8399532483890653,220|221|332|512|584,0.85418278|0.01422953|0.00588583|0.00424943|0.00276590,1,0.854182779788971,True,220,0.854182779788971,True,220,0.6868171691894531,True,220,0.8361133933067322,True,220,0.7207807898521423,True,c12_correct
221,222,222_5.bmp,preprocessed_results\222\222_5.bmp,221,221,221,0.562108039855957,185,0.04365730658173561,0.5184507332742214,221|185|184|438|439,0.56210804|0.04365731|0.01228897|0.01089753|0.01089088,1,0.562108039855957,True,221,0.562108039855957,True,221,0.4035095274448395,True,221,0.8170692324638367,True,221,0.4797017574310303,True,c12_correct
222,223,223_7.bmp,preprocessed_results\223\223_7.bmp,222,222,222,0.5129607915878296,223,0.017107151448726654,0.49585364013910294,222|223|208|123|521,0.51296079|0.01710715|0.01386022|0.01292501|0.01048374,1,0.5129607915878296,True,222,0.5129607915878296,True,222,0.47959819436073303,True,222,0.7863883376121521,True,222,0.5274297595024109,True,c12_correct
223,224,224_6.bmp,preprocessed_results\224\224_6.bmp,223,223,223,0.8396453857421875,203,0.020084690302610397,0.8195606954395771,223|203|58|94|50,0.83964539|0.02008469|0.00748895|0.00591129|0.00538833,1,0.8396453857421875,True,223,0.8396453857421875,True,223,0.7447614073753357,True,223,0.8157117962837219,True,223,0.8110013008117676,True,c12_correct
224,225,225_7.bmp,preprocessed_results\225\225_7.bmp,224,224,224,0.14818665385246277,269,0.08616618067026138,0.062020473182201385,224|269|598|684|68,0.14818665|0.08616618|0.04143729|0.02309213|0.02175046,1,0.14818665385246277,True,224,0.14818665385246277,True,224,0.09333335608243942,True,224,0.7459568977355957,True,224,0.19052866101264954,True,c12_correct
225,226,226_8.bmp,preprocessed_results\226\226_8.bmp,225,225,225,0.7398607730865479,541,0.015670498833060265,0.7241902742534876,225|541|285|224|143,0.73986077|0.01567050|0.01389808|0.01342892|0.00812073,1,0.7398607730865479,True,225,0.7398607730865479,True,225,0.7652304768562317,True,225,0.8429888486862183,True,225,0.7250452041625977,True,c12_correct
226,227,227_7.bmp,preprocessed_results\227\227_7.bmp,226,226,226,0.7289156913757324,514,0.02772638387978077,0.7011893074959517,226|514|382|526|366,0.72891569|0.02772638|0.01254406|0.01223177|0.00667531,1,0.7289156913757324,True,226,0.7289156913757324,True,226,0.45197227597236633,True,226,0.8348656296730042,True,226,0.6886224150657654,True,c12_correct
227,228,228_5.bmp,preprocessed_results\228\228_5.bmp,227,227,227,0.4072696566581726,558,0.13474634289741516,0.27252331376075745,227|558|226|70|435,0.40726966|0.13474634|0.02615242|0.02597954|0.01892204,1,0.4072696566581726,True,227,0.4072696566581726,True,227,0.4341992139816284,True,227,0.8207723498344421,True,227,0.7048823237419128,True,c12_correct
228,229,229_10.bmp,preprocessed_results\229\229_10.bmp,228,228,228,0.8183220624923706,214,0.005202169064432383,0.8131198934279382,228|214|221|229|164,0.81832206|0.00520217|0.00496573|0.00437693|0.00431839,1,0.8183220624923706,True,228,0.8183220624923706,True,228,0.7146780490875244,True,228,0.7583143711090088,True,228,0.7007896304130554,True,c12_correct
229,230,230_6.bmp,preprocessed_results\230\230_6.bmp,229,229,229,0.8703454732894897,544,0.004769922699779272,0.8655755505897105,229|544|194|56|176,0.87034547|0.00476992|0.00472206|0.00387484|0.00313617,1,0.8703454732894897,True,229,0.8703454732894897,True,229,0.8153754472732544,True,229,0.8242619633674622,True,229,0.8153120875358582,True,c12_correct
230,231,231_8.bmp,preprocessed_results\231\231_8.bmp,230,230,230,0.8582609295845032,10,0.010588818229734898,0.8476721113547683,230|10|231|8|74,0.85826093|0.01058882|0.00904784|0.00488133|0.00391758,1,0.8582609295845032,True,230,0.8582609295845032,True,230,0.8343822360038757,True,230,0.8032076358795166,True,230,0.8424414992332458,True,c12_correct
231,232,232_2.bmp,preprocessed_results\232\232_2.bmp,231,231,231,0.25377723574638367,230,0.053333867341279984,0.20044336840510368,231|230|469|177|378,0.25377724|0.05333387|0.02924624|0.01974024|0.01641321,1,0.25377723574638367,True,231,0.25377723574638367,True,231,0.28941118717193604,True,231,0.6178604364395142,True,231,0.2477644979953766,True,c12_correct
232,233,233_9.bmp,preprocessed_results\233\233_9.bmp,232,232,232,0.5744501948356628,623,0.030307719483971596,0.5441424753516912,232|623|2|179|107,0.57445019|0.03030772|0.02540155|0.00999693|0.00996515,1,0.5744501948356628,True,232,0.5744501948356628,True,232,0.7298665046691895,True,232,0.8017300367355347,True,232,0.7295190691947937,True,c12_correct
233,234,234_5.bmp,preprocessed_results\234\234_5.bmp,233,233,233,0.8292945623397827,338,0.012230047956109047,0.8170645143836737,233|338|108|232|331,0.82929456|0.01223005|0.00613591|0.00390197|0.00347644,1,0.8292945623397827,True,233,0.8292945623397827,True,233,0.8580744862556458,True,233,0.8248369097709656,True,233,0.8038818836212158,True,c12_correct
234,235,235_1.bmp,preprocessed_results\235\235_1.bmp,234,234,234,0.45578721165657043,434,0.022758617997169495,0.43302859365940094,234|434|44|453|197,0.45578721|0.02275862|0.01886872|0.01322735|0.01259882,1,0.45578721165657043,True,234,0.45578721165657043,True,234,0.4189314544200897,True,234,0.7478001713752747,True,234,0.3923686444759369,True,c12_correct
235,236,236_1.bmp,preprocessed_results\236\236_1.bmp,235,235,235,0.5633816123008728,490,0.020822003483772278,0.5425596088171005,235|490|234|488|664,0.56338161|0.02082200|0.01322458|0.00867398|0.00663060,1,0.5633816123008728,True,235,0.5633816123008728,True,235,0.8523260951042175,True,235,0.7926990985870361,True,235,0.5071165561676025,True,c12_correct
236,237,237_3.bmp,preprocessed_results\237\237_3.bmp,236,236,236,0.29989126324653625,318,0.024053672328591347,0.2758375909179449,236|318|237|175|17,0.29989126|0.02405367|0.02210243|0.01531629|0.01186449,1,0.29989126324653625,True,236,0.29989126324653625,True,236,0.20972086489200592,True,236,0.7620693445205688,True,236,0.4973122775554657,True,c12_correct
237,238,238_8.bmp,preprocessed_results\238\238_8.bmp,237,237,237,0.7886786460876465,236,0.006774501875042915,0.7819041442126036,237|236|175|16|325,0.78867865|0.00677450|0.00611021|0.00525133|0.00339834,1,0.7886786460876465,True,237,0.7886786460876465,True,237,0.4853178858757019,True,237,0.819837212562561,True,237,0.8048105239868164,True,c12_correct
238,239,239_8.bmp,preprocessed_results\239\239_8.bmp,238,238,238,0.7633501887321472,312,0.017327912151813507,0.7460222765803337,238|312|509|292|437,0.76335019|0.01732791|0.00952211|0.00807189|0.00745166,1,0.7633501887321472,True,238,0.7633501887321472,True,238,0.810429573059082,True,238,0.835816502571106,True,238,0.834819495677948,True,c12_correct
239,240,240_3.bmp,preprocessed_results\240\240_3.bmp,239,239,239,0.41976192593574524,322,0.012899460271000862,0.4068624656647444,239|322|96|528|67,0.41976193|0.01289946|0.01270996|0.01265881|0.00929476,1,0.41976192593574524,True,239,0.41976192593574524,True,239,0.8432623744010925,True,239,0.8423862457275391,True,239,0.776098906993866,True,c12_correct
240,241,241_8.bmp,preprocessed_results\241\241_8.bmp,240,240,240,0.7139703631401062,241,0.013197032734751701,0.7007733304053545,240|241|304|327|347,0.71397036|0.01319703|0.00990149|0.00636046|0.00392303,1,0.7139703631401062,True,240,0.7139703631401062,True,240,0.691243052482605,True,240,0.8382948637008667,True,240,0.7810190916061401,True,c12_correct
241,242,242_2.bmp,preprocessed_results\242\242_2.bmp,241,241,241,0.5391108989715576,147,0.017314039170742035,0.5217968598008156,241|147|327|275|99,0.53911090|0.01731404|0.01561397|0.01037773|0.00934489,1,0.5391108989715576,True,241,0.5391108989715576,True,241,0.3010842800140381,True,241,0.7817326188087463,True,241,0.430002361536026,True,c12_correct
242,243,243_7.bmp,preprocessed_results\243\243_7.bmp,242,242,242,0.9085156917572021,478,0.005969418212771416,0.9025462735444307,242|478|160|68|766,0.90851569|0.00596942|0.00532233|0.00325713|0.00254509,1,0.9085156917572021,True,242,0.9085156917572021,True,242,0.8462074995040894,True,242,0.8403093218803406,True,242,0.9073469042778015,True,c12_correct
243,244,244_9.bmp,preprocessed_results\244\244_9.bmp,243,243,243,0.8906311392784119,818,0.004707851447165012,0.8859232878312469,243|818|589|10|420,0.89063114|0.00470785|0.00436121|0.00237888|0.00188743,1,0.8906311392784119,True,243,0.8906311392784119,True,243,0.8873431086540222,True,243,0.8073908090591431,True,243,0.8504442572593689,True,c12_correct
244,245,245_1.bmp,preprocessed_results\245\245_1.bmp,244,244,244,0.859883725643158,198,0.004908137489110231,0.8549755881540477,244|198|152|86|201,0.85988373|0.00490814|0.00429204|0.00412208|0.00377186,1,0.859883725643158,True,244,0.859883725643158,True,244,0.9235342144966125,True,244,0.8125522136688232,True,244,0.8109917044639587,True,c12_correct
245,246,246_1.bmp,preprocessed_results\246\246_1.bmp,245,245,245,0.5756480097770691,77,0.013527500443160534,0.5621205093339086,245|77|539|722|612,0.57564801|0.01352750|0.01068877|0.00944440|0.00837236,1,0.5756480097770691,True,245,0.5756480097770691,True,245,0.42013996839523315,True,245,0.793397068977356,True,245,0.5347439646720886,True,c12_correct
246,247,247_4.bmp,preprocessed_results\247\247_4.bmp,246,246,246,0.630811333656311,247,0.15684020519256592,0.4739711284637451,246|247|126|717|102,0.63081133|0.15684021|0.01332402|0.00856589|0.00560092,1,0.630811333656311,True,246,0.630811333656311,True,246,0.7111591696739197,True,246,0.7422641515731812,True,246,0.628157377243042,True,c12_correct
247,248,248_2.bmp,preprocessed_results\248\248_2.bmp,247,247,247,0.567070484161377,246,0.04099930450320244,0.5260711796581745,247|246|142|30|114,0.56707048|0.04099930|0.02507938|0.01938645|0.00994563,1,0.567070484161377,True,247,0.567070484161377,True,247,0.04243095591664314,True,247,0.7841535210609436,True,247,0.46840715408325195,True,c12_correct
248,249,249_1.bmp,preprocessed_results\249\249_1.bmp,248,248,248,0.888878345489502,302,0.0059806788340210915,0.8828976666554809,248|302|162|174|609,0.88887835|0.00598068|0.00329421|0.00266542|0.00203134,1,0.888878345489502,True,248,0.888878345489502,True,248,0.8978615403175354,True,248,0.8354926109313965,True,248,0.8666630983352661,True,c12_correct
249,250,250_8.bmp,preprocessed_results\250\250_8.bmp,249,249,249,0.7519040107727051,302,0.010415088385343552,0.7414889223873615,249|302|269|169|252,0.75190401|0.01041509|0.00833362|0.00665304|0.00637849,1,0.7519040107727051,True,249,0.7519040107727051,True,249,0.7653617262840271,True,249,0.8135241866111755,True,249,0.8509129881858826,True,c12_correct
250,251,251_5.bmp,preprocessed_results\251\251_5.bmp,250,250,250,0.8363083600997925,96,0.008063088171184063,0.8282452719286084,250|96|131|436|589,0.83630836|0.00806309|0.00686378|0.00520155|0.00293360,1,0.8363083600997925,True,250,0.8363083600997925,True,250,0.711665153503418,True,250,0.8265690803527832,True,250,0.7893664240837097,True,c12_correct
251,252,252_4.bmp,preprocessed_results\252\252_4.bmp,251,251,251,0.4157164990901947,277,0.052698902785778046,0.36301759630441666,251|277|295|250|217,0.41571650|0.05269890|0.02047137|0.01341950|0.01248699,1,0.4157164990901947,True,251,0.4157164990901947,True,251,0.1984560340642929,True,251,0.7467906475067139,True,251,0.22764840722084045,True,c12_correct
252,253,253_10.bmp,preprocessed_results\253\253_10.bmp,252,252,252,0.5469790697097778,199,0.02339760772883892,0.5235814619809389,252|199|249|292|154,0.54697907|0.02339761|0.02120955|0.01561716|0.00728059,1,0.5469790697097778,True,252,0.5469790697097778,True,252,0.7362930178642273,True,252,0.7890079617500305,True,252,0.6123083829879761,True,c12_correct
253,254,254_4.bmp,preprocessed_results\254\254_4.bmp,253,253,253,0.2552722990512848,264,0.025132471695542336,0.23013982735574245,253|264|400|159|298,0.25527230|0.02513247|0.01776540|0.01564580|0.01456789,1,0.2552722990512848,True,253,0.2552722990512848,True,253,0.5054067373275757,True,253,0.7730311751365662,True,253,0.4806680977344513,True,c12_correct
254,255,255_4.bmp,preprocessed_results\255\255_4.bmp,254,254,254,0.6738125681877136,255,0.038215816020965576,0.635596752166748,254|255|228|24|105,0.67381257|0.03821582|0.00657881|0.00595173|0.00428502,1,0.6738125681877136,True,254,0.6738125681877136,True,254,0.839789092540741,True,254,0.807001531124115,True,254,0.8626630306243896,True,c12_correct
255,256,256_6.bmp,preprocessed_results\256\256_6.bmp,255,255,255,0.8303954005241394,43,0.012041897512972355,0.818353503011167,255|43|786|254|54,0.83039540|0.01204190|0.00836307|0.00682530|0.00483753,1,0.8303954005241394,True,255,0.8303954005241394,True,255,0.4139748811721802,True,255,0.7597140669822693,True,255,0.3981412351131439,True,c12_correct
256,257,257_3.bmp,preprocessed_results\257\257_3.bmp,256,256,256,0.8361846208572388,287,0.004025682806968689,0.8321589380502701,256|287|386|340|4,0.83618462|0.00402568|0.00322291|0.00295711|0.00281541,1,0.8361846208572388,True,256,0.8361846208572388,True,256,0.7808870673179626,True,256,0.8371625542640686,True,256,0.7890276908874512,True,c12_correct
257,258,258_8.bmp,preprocessed_results\258\258_8.bmp,257,257,257,0.7524247765541077,151,0.00640350766479969,0.746021268889308,257|151|174|311|261,0.75242478|0.00640351|0.00557883|0.00525919|0.00460207,1,0.7524247765541077,True,257,0.7524247765541077,True,257,0.7103919982910156,True,257,0.8322258591651917,True,257,0.8520551323890686,True,c12_correct
258,259,259_10.bmp,preprocessed_results\259\259_10.bmp,258,258,258,0.7655015587806702,78,0.011312644928693771,0.7541889138519764,258|78|154|77|284,0.76550156|0.01131264|0.00773886|0.00560370|0.00553069,1,0.7655015587806702,True,258,0.7655015587806702,True,258,0.6906899809837341,True,258,0.8548904061317444,True,258,0.6546504497528076,True,c12_correct
259,260,260_2.bmp,preprocessed_results\260\260_2.bmp,259,259,259,0.3995760381221771,148,0.014981445856392384,0.38459459226578474,259|148|139|195|326,0.39957604|0.01498145|0.01304240|0.01203697|0.01016949,1,0.3995760381221771,True,259,0.3995760381221771,True,259,0.6693030595779419,True,259,0.7926037311553955,True,259,0.7015136480331421,True,c12_correct
260,261,261_1.bmp,preprocessed_results\261\261_1.bmp,260,260,260,0.6963385343551636,287,0.024522092193365097,0.6718164421617985,260|287|261|217|746,0.69633853|0.02452209|0.00843349|0.00476898|0.00473122,1,0.6963385343551636,True,260,0.6963385343551636,True,260,0.8733338117599487,True,260,0.8392126560211182,True,260,0.7274884581565857,True,c12_correct
261,262,262_4.bmp,preprocessed_results\262\262_4.bmp,261,261,261,0.800984799861908,260,0.01170416921377182,0.7892806306481361,261|260|290|217|209,0.80098480|0.01170417|0.00642214|0.00511512|0.00446388,1,0.800984799861908,True,261,0.800984799861908,True,261,0.7054235935211182,True,261,0.8258645534515381,True,261,0.8168089389801025,True,c12_correct
262,263,263_5.bmp,preprocessed_results\263\263_5.bmp,262,262,262,0.9073244333267212,334,0.0045943837612867355,0.9027300495654345,262|334|49|255|325,0.90732443|0.00459438|0.00373879|0.00298249|0.00217295,1,0.9073244333267212,True,262,0.9073244333267212,True,262,0.9032405614852905,True,262,0.8574600219726562,True,262,0.8420262932777405,True,c12_correct
263,264,264_2.bmp,preprocessed_results\264\264_2.bmp,263,263,263,0.8286972641944885,89,0.0051141902804374695,0.8235830739140511,263|89|339|52|49,0.82869726|0.00511419|0.00479989|0.00324866|0.00311681,1,0.8286972641944885,True,263,0.8286972641944885,True,263,0.8010860085487366,True,263,0.8188163638114929,True,263,0.759357213973999,True,c12_correct
264,265,265_5.bmp,preprocessed_results\265\265_5.bmp,264,264,264,0.49391093850135803,208,0.1523926556110382,0.3415182828903198,264|208|49|339|135,0.49391094|0.15239266|0.04968392|0.01199569|0.00702988,1,0.49391093850135803,True,264,0.49391093850135803,True,264,0.6136935353279114,True,264,0.8081297874450684,True,264,0.7784490585327148,True,c12_correct
265,266,266_1.bmp,preprocessed_results\266\266_1.bmp,265,265,265,0.7661487460136414,153,0.03043767809867859,0.7357110679149628,265|153|275|191|36,0.76614875|0.03043768|0.00757981|0.00726068|0.00332851,1,0.7661487460136414,True,265,0.7661487460136414,True,265,0.4188287556171417,True,265,0.8068385124206543,True,265,0.7418564558029175,True,c12_correct
266,267,267_3.bmp,preprocessed_results\267\267_3.bmp,266,266,266,0.5617207288742065,338,0.02669169194996357,0.535029036924243,266|338|255|172|277,0.56172073|0.02669169|0.01754658|0.01402197|0.01346106,1,0.5617207288742065,True,266,0.5617207288742065,True,266,0.4354759454727173,True,266,0.8210803866386414,True,266,0.6285802125930786,True,c12_correct
267,268,268_1.bmp,preprocessed_results\268\268_1.bmp,267,267,267,0.8649806380271912,63,0.004191276151686907,0.8607893618755043,267|63|76|193|211,0.86498064|0.00419128|0.00324356|0.00285994|0.00282557,1,0.8649806380271912,True,267,0.8649806380271912,True,267,0.8494590520858765,True,267,0.8352119326591492,True,267,0.8283273577690125,True,c12_correct
268,269,269_7.bmp,preprocessed_results\269\269_7.bmp,268,268,268,0.8426781892776489,163,0.007268560118973255,0.8354096291586757,268|163|269|421|123,0.84267819|0.00726856|0.00513929|0.00463143|0.00399140,1,0.8426781892776489,True,268,0.8426781892776489,True,268,0.9157472848892212,True,268,0.8257851600646973,True,268,0.8202613592147827,True,c12_correct
269,270,270_1.bmp,preprocessed_results\270\270_1.bmp,269,269,269,0.3194868266582489,139,0.1134311705827713,0.2060556560754776,269|139|568|286|285,0.31948683|0.11343117|0.03733401|0.03496917|0.02976725,1,0.3194868266582489,True,269,0.3194868266582489,True,269,0.7094284296035767,True,269,0.8128648400306702,True,269,0.671527087688446,True,c12_correct
270,271,271_3.bmp,preprocessed_results\271\271_3.bmp,270,270,270,0.6561817526817322,271,0.20061035454273224,0.45557139813899994,270|271|62|564|115,0.65618175|0.20061035|0.00415688|0.00336588|0.00313595,1,0.6561817526817322,True,270,0.6561817526817322,True,270,0.8442605137825012,True,270,0.8455799221992493,True,270,0.8132631182670593,True,c12_correct
271,272,272_1.bmp,preprocessed_results\272\272_1.bmp,271,271,271,0.35111919045448303,270,0.020450031384825706,0.3306691590696573,271|270|142|541|57,0.35111919|0.02045003|0.01165603|0.01134254|0.00960098,1,0.35111919045448303,True,271,0.35111919045448303,True,271,0.5981502532958984,True,271,0.7453829646110535,True,271,0.6488009095191956,True,c12_correct
272,273,273_6.bmp,preprocessed_results\273\273_6.bmp,272,272,272,0.9299455285072327,273,0.00534307025372982,0.9246024582535028,272|273|569|271|225,0.92994553|0.00534307|0.00371311|0.00322125|0.00300393,1,0.9299455285072327,True,272,0.9299455285072327,True,272,0.7804572582244873,True,272,0.8263424038887024,True,272,0.7741585373878479,True,c12_correct
273,274,274_2.bmp,preprocessed_results\274\274_2.bmp,273,273,273,0.8527365922927856,272,0.043770402669906616,0.808966189622879,273|272|578|576|568,0.85273659|0.04377040|0.00571599|0.00518860|0.00245047,1,0.8527365922927856,True,273,0.8527365922927856,True,273,0.8765882849693298,True,273,0.8251475095748901,True,273,0.9320734739303589,True,c12_correct
274,275,275_8.bmp,preprocessed_results\275\275_8.bmp,274,274,274,0.458820104598999,107,0.012774179689586163,0.44604592490941286,274|107|167|279|56,0.45882010|0.01277418|0.00910027|0.00898110|0.00737092,1,0.458820104598999,True,274,0.458820104598999,True,274,0.7217784523963928,True,274,0.8319404721260071,True,274,0.7625699043273926,True,c12_correct
275,276,276_3.bmp,preprocessed_results\276\276_3.bmp,275,275,275,0.725671648979187,277,0.028686759993433952,0.6969848889857531,275|277|274|47|21,0.72567165|0.02868676|0.01323127|0.01160408|0.01062623,1,0.725671648979187,True,275,0.725671648979187,True,275,0.8376737236976624,True,275,0.8120813369750977,True,275,0.7673323750495911,True,c12_correct
276,277,277_6.bmp,preprocessed_results\277\277_6.bmp,276,276,276,0.1628541797399521,42,0.07144098728895187,0.09141319245100021,276|42|210|328|214,0.16285418|0.07144099|0.05775688|0.02497382|0.02290126,1,0.1628541797399521,True,276,0.1628541797399521,True,276,0.0907338485121727,True,276,0.5429534316062927,True,276,0.12268649786710739,True,c12_correct
277,278,278_5.bmp,preprocessed_results\278\278_5.bmp,277,277,277,0.5623971819877625,432,0.011783855967223644,0.5506133260205388,277|432|267|320|276,0.56239718|0.01178386|0.01079785|0.01018355|0.00985414,1,0.5623971819877625,True,277,0.5623971819877625,True,277,0.4913191497325897,True,277,0.7926443815231323,True,277,0.3603668510913849,True,c12_correct
278,279,279_6.bmp,preprocessed_results\279\279_6.bmp,278,278,278,0.20014037191867828,279,0.025706447660923004,0.17443392425775528,278|279|213|134|172,0.20014037|0.02570645|0.02259559|0.02061406|0.02043869,1,0.20014037191867828,True,278,0.20014037191867828,True,278,0.40090474486351013,True,278,0.8005096912384033,True,278,0.7219039797782898,True,c12_correct
279,280,280_4.bmp,preprocessed_results\280\280_4.bmp,279,279,279,0.8411620259284973,278,0.015654664486646652,0.8255073614418507,279|278|59|257|568,0.84116203|0.01565466|0.01132572|0.00848011|0.00441587,1,0.8411620259284973,True,279,0.8411620259284973,True,279,0.7882598042488098,True,279,0.8061201572418213,True,279,0.7376769781112671,True,c12_correct
280,281,281_5.bmp,preprocessed_results\281\281_5.bmp,280,280,280,0.8113000392913818,281,0.015746355056762695,0.7955536842346191,280|281|7|217|134,0.81130004|0.01574636|0.00628289|0.00305379|0.00243803,1,0.8113000392913818,True,280,0.8113000392913818,True,280,0.9118324518203735,True,280,0.8175246119499207,True,280,0.8789328336715698,True,c12_correct
281,282,282_1.bmp,preprocessed_results\282\282_1.bmp,281,281,281,0.6969709396362305,323,0.014237637631595135,0.6827333020046353,281|323|420|280|148,0.69697094|0.01423764|0.01010527|0.00838393|0.00690189,1,0.6969709396362305,True,281,0.6969709396362305,True,281,0.828276515007019,True,281,0.8484746217727661,True,281,0.8046217560768127,True,c12_correct
282,283,283_9.bmp,preprocessed_results\283\283_9.bmp,282,282,282,0.6537349820137024,283,0.09606862813234329,0.5576663538813591,282|283|273|103|142,0.65373498|0.09606863|0.00901985|0.00759648|0.00709592,1,0.6537349820137024,True,282,0.6537349820137024,True,282,0.4796973764896393,True,282,0.8201028108596802,True,282,0.584182858467102,True,c12_correct
283,284,284_7.bmp,preprocessed_results\284\284_7.bmp,283,283,283,0.8189805150032043,282,0.04448074474930763,0.7744997702538967,283|282|540|117|505,0.81898052|0.04448074|0.00807833|0.00590092|0.00320727,1,0.8189805150032043,True,283,0.8189805150032043,True,283,0.6692676544189453,True,283,0.8352515697479248,True,283,0.7591683864593506,True,c12_correct
284,285,285_8.bmp,preprocessed_results\285\285_8.bmp,284,284,284,0.5871629118919373,285,0.04893030971288681,0.5382326021790504,284|285|224|252|269,0.58716291|0.04893031|0.03663049|0.01808345|0.01587578,1,0.5871629118919373,True,284,0.5871629118919373,True,284,0.6396360397338867,True,284,0.8167852759361267,True,284,0.637486457824707,True,c12_correct
285,286,286_3.bmp,preprocessed_results\286\286_3.bmp,285,285,285,0.6437734365463257,284,0.021963508799672127,0.6218099277466536,285|284|87|86|784,0.64377344|0.02196351|0.01309658|0.01018828|0.00984595,1,0.6437734365463257,True,285,0.6437734365463257,True,285,0.5719086527824402,True,285,0.8006489276885986,True,285,0.5580289959907532,True,c12_correct
286,287,287_9.bmp,preprocessed_results\287\287_9.bmp,286,286,286,0.6476485729217529,287,0.04645540192723274,0.6011931709945202,286|287|302|236|137,0.64764857|0.04645540|0.01164863|0.01069631|0.00669364,1,0.6476485729217529,True,286,0.6476485729217529,True,286,0.313799649477005,True,286,0.8087708950042725,True,286,0.5781782865524292,True,c12_correct
287,288,288_8.bmp,preprocessed_results\288\288_8.bmp,287,287,287,0.32891014218330383,524,0.05081179738044739,0.27809834480285645,287|524|319|286|169,0.32891014|0.05081180|0.03121048|0.01951152|0.01786752,1,0.32891014218330383,True,287,0.32891014218330383,True,287,0.45278987288475037,True,287,0.7865373492240906,True,287,0.44465741515159607,True,c12_correct
288,289,289_8.bmp,preprocessed_results\289\289_8.bmp,288,288,288,0.9029750227928162,118,0.002923486987128854,0.9000515358056873,288|118|223|528|24,0.90297502|0.00292349|0.00269223|0.00239113|0.00195933,1,0.9029750227928162,True,288,0.9029750227928162,True,288,0.8680344820022583,True,288,0.815605103969574,True,288,0.8436425924301147,True,c12_correct
289,290,290_6.bmp,preprocessed_results\290\290_6.bmp,289,289,289,0.5634258389472961,441,0.022495809942483902,0.5409300290048122,289|441|204|274|257,0.56342584|0.02249581|0.02033089|0.01300305|0.01042944,1,0.5634258389472961,True,289,0.5634258389472961,True,289,0.5426594614982605,True,289,0.8239730596542358,True,289,0.6133415699005127,True,c12_correct
290,291,291_4.bmp,preprocessed_results\291\291_4.bmp,290,290,290,0.7696112990379333,291,0.06879416108131409,0.7008171379566193,290|291|159|753|97,0.76961130|0.06879416|0.01359363|0.00398469|0.00366204,1,0.7696112990379333,True,290,0.7696112990379333,True,290,0.9032749533653259,True,290,0.8247109055519104,True,290,0.7619705200195312,True,c12_correct
291,292,292_1.bmp,preprocessed_results\292\292_1.bmp,291,291,291,0.5503255724906921,159,0.030474849045276642,0.5198507234454155,291|159|290|158|265,0.55032557|0.03047485|0.02001653|0.01638816|0.01359397,1,0.5503255724906921,True,291,0.5503255724906921,True,291,0.744962215423584,True,291,0.8015739321708679,True,291,0.6713095307350159,True,c12_correct
292,293,293_8.bmp,preprocessed_results\293\293_8.bmp,292,292,292,0.7699036598205566,13,0.008261364884674549,0.7616422949358821,292|13|158|298|252,0.76990366|0.00826136|0.00814294|0.00759495|0.00541166,1,0.7699036598205566,True,292,0.7699036598205566,True,292,0.7079032063484192,True,292,0.8061219453811646,True,292,0.7966090440750122,True,c12_correct
293,294,294_10.bmp,preprocessed_results\294\294_10.bmp,293,293,293,0.8580522537231445,292,0.014623407274484634,0.8434288464486599,293|292|675|344|205,0.85805225|0.01462341|0.00789659|0.00441588|0.00422436,1,0.8580522537231445,True,293,0.8580522537231445,True,293,0.8582970499992371,True,293,0.8386491537094116,True,293,0.6501796841621399,True,c12_correct
294,295,295_6.bmp,preprocessed_results\295\295_6.bmp,294,294,294,0.37618303298950195,549,0.044809695333242416,0.33137333765625954,294|549|548|716|95,0.37618303|0.04480970|0.04041545|0.02373089|0.01393935,1,0.37618303298950195,True,294,0.37618303298950195,True,294,0.544096052646637,True,294,0.7959542274475098,True,294,0.6131967902183533,True,c12_correct
295,296,296_6.bmp,preprocessed_results\296\296_6.bmp,295,295,295,0.5169354677200317,441,0.017004773020744324,0.4999306946992874,295|441|73|38|45,0.51693547|0.01700477|0.01221097|0.01207144|0.01195036,1,0.5169354677200317,True,295,0.5169354677200317,True,295,0.6463165879249573,True,295,0.797756552696228,True,295,0.6330760717391968,True,c12_correct
296,297,297_3.bmp,preprocessed_results\297\297_3.bmp,296,296,296,0.9313070774078369,73,0.004348864313215017,0.9269582130946219,296|73|297|199|213,0.93130708|0.00434886|0.00385439|0.00299880|0.00194691,1,0.9313070774078369,True,296,0.9313070774078369,True,296,0.7036672234535217,True,296,0.8199683427810669,True,296,0.6635331511497498,True,c12_correct
297,298,298_4.bmp,preprocessed_results\298\298_4.bmp,297,297,297,0.507702112197876,205,0.04123125225305557,0.4664708599448204,297|205|296|293|363,0.50770211|0.04123125|0.01931642|0.01520335|0.01279084,1,0.507702112197876,True,297,0.507702112197876,True,297,0.44422048330307007,True,297,0.7591803669929504,True,297,0.12947478890419006,True,c12_correct
298,299,299_9.bmp,preprocessed_results\299\299_9.bmp,298,298,298,0.8141424059867859,774,0.006127131171524525,0.8080152748152614,298|774|302|739|62,0.81414241|0.00612713|0.00461791|0.00355909|0.00297926,1,0.8141424059867859,True,298,0.8141424059867859,True,298,0.8842045664787292,True,298,0.8106371760368347,True,298,0.837958574295044,True,c12_correct
299,300,300_10.bmp,preprocessed_results\300\300_10.bmp,299,299,299,0.6011499166488647,81,0.047924451529979706,0.553225465118885,299|81|141|298|560,0.60114992|0.04792445|0.03193768|0.01662245|0.01484114,1,0.6011499166488647,True,299,0.6011499166488647,True,299,0.49184510111808777,True,299,0.7829300165176392,True,299,0.5852370858192444,True,c12_correct
300,301,301_10.bmp,preprocessed_results\301\301_10.bmp,300,300,300,0.8082603812217712,244,0.010906027629971504,0.7973543535917997,300|244|495|86|402,0.80826038|0.01090603|0.00962125|0.00904680|0.00634962,1,0.8082603812217712,True,300,0.8082603812217712,True,300,0.7432777285575867,True,300,0.8505785465240479,True,300,0.8668290376663208,True,c12_correct
301,302,302_10.bmp,preprocessed_results\302\302_10.bmp,301,301,301,0.16879741847515106,440,0.029175927862524986,0.13962149061262608,301|440|214|519|416,0.16879742|0.02917593|0.02830804|0.02091127|0.01974206,1,0.16879741847515106,True,301,0.16879741847515106,True,301,0.17879712581634521,True,301,0.727555513381958,True,301,0.4160085916519165,True,c12_correct
302,303,303_10.bmp,preprocessed_results\303\303_10.bmp,302,302,302,0.7138587236404419,286,0.016731422394514084,0.6971273012459278,302|286|287|762|792,0.71385872|0.01673142|0.01514813|0.00833590|0.00711969,1,0.7138587236404419,True,302,0.7138587236404419,True,302,0.30232182145118713,True,302,0.7718635201454163,True,302,0.6770495772361755,True,c12_correct
303,304,304_6.bmp,preprocessed_results\304\304_6.bmp,303,303,303,0.733819305896759,617,0.02405519038438797,0.7097641155123711,303|617|249|616|624,0.73381931|0.02405519|0.01138572|0.00954997|0.00643377,1,0.733819305896759,True,303,0.733819305896759,True,303,0.5962857007980347,True,303,0.8218790292739868,True,303,0.8225775361061096,True,c12_correct
304,305,305_2.bmp,preprocessed_results\305\305_2.bmp,304,304,304,0.9108736515045166,188,0.01393609307706356,0.896937558427453,304|188|50|86|565,0.91087365|0.01393609|0.00473104|0.00294145|0.00219052,1,0.9108736515045166,True,304,0.9108736515045166,True,304,0.764291524887085,True,304,0.8651877045631409,True,304,0.8464246988296509,True,c12_correct
305,306,306_6.bmp,preprocessed_results\306\306_6.bmp,305,305,305,0.5420650243759155,304,0.03866828233003616,0.5033967420458794,305|304|326|75|331,0.54206502|0.03866828|0.02163327|0.02004052|0.01982137,1,0.5420650243759155,True,305,0.5420650243759155,True,305,0.38261932134628296,True,305,0.7979332208633423,True,305,0.2887662649154663,True,c12_correct
306,307,307_7.bmp,preprocessed_results\307\307_7.bmp,306,306,306,0.945073664188385,307,0.0033350433222949505,0.9417386208660901,306|307|817|112|108,0.94507366|0.00333504|0.00128926|0.00110146|0.00070851,1,0.945073664188385,True,306,0.945073664188385,True,306,0.8926535248756409,True,306,0.8391762375831604,True,306,0.8505324721336365,True,c12_correct
307,308,308_9.bmp,preprocessed_results\308\308_9.bmp,307,307,307,0.8852264881134033,306,0.006475330796092749,0.8787511573173106,307|306|158|498|354,0.88522649|0.00647533|0.00309916|0.00290165|0.00233875,1,0.8852264881134033,True,307,0.8852264881134033,True,307,0.8449850082397461,True,307,0.8386923670768738,True,307,0.8274281620979309,True,c12_correct
308,309,309_9.bmp,preprocessed_results\309\309_9.bmp,308,308,308,0.8166971206665039,669,0.007897007279098034,0.8088001133874059,308|669|410|60|309,0.81669712|0.00789701|0.00664744|0.00574603|0.00530104,1,0.8166971206665039,True,308,0.8166971206665039,True,308,0.7227191925048828,True,308,0.8334454894065857,True,308,0.8108764886856079,True,c12_correct
309,310,310_9.bmp,preprocessed_results\310\310_9.bmp,309,309,309,0.8635247349739075,201,0.005167363677173853,0.8583573712967336,309|201|219|151|198,0.86352473|0.00516736|0.00355502|0.00324819|0.00316310,1,0.8635247349739075,True,309,0.8635247349739075,True,309,0.8192331194877625,True,309,0.8189021348953247,True,309,0.777419924736023,True,c12_correct
310,311,311_9.bmp,preprocessed_results\311\311_9.bmp,310,310,310,0.2854411005973816,659,0.0221274234354496,0.263313677161932,310|659|589|652|370,0.28544110|0.02212742|0.02005676|0.01658390|0.01549102,1,0.2854411005973816,True,310,0.2854411005973816,True,310,0.3805178105831146,True,310,0.7872028946876526,True,310,0.5297548770904541,True,c12_correct
311,312,312_7.bmp,preprocessed_results\312\312_7.bmp,311,311,311,0.5315445065498352,675,0.03546609356999397,0.49607841297984123,311|675|783|782|729,0.53154451|0.03546609|0.00893307|0.00866504|0.00596213,1,0.5315445065498352,True,311,0.5315445065498352,True,311,0.8486864566802979,True,311,0.8067275285720825,True,311,0.8541154861450195,True,c12_correct
312,313,313_3.bmp,preprocessed_results\313\313_3.bmp,312,312,312,0.9199479818344116,13,0.0029444857500493526,0.9170034960843623,312|13|238|622|340,0.91994798|0.00294449|0.00202049|0.00191413|0.00187719,1,0.9199479818344116,True,312,0.9199479818344116,True,312,0.8039668202400208,True,312,0.8282945156097412,True,312,0.8195515275001526,True,c12_correct
313,314,314_9.bmp,preprocessed_results\314\314_9.bmp,313,313,313,0.8923665881156921,312,0.004355305805802345,0.8880112823098898,313|312|218|627|292,0.89236659|0.00435531|0.00409156|0.00206610|0.00203435,1,0.8923665881156921,True,313,0.8923665881156921,True,313,0.6932271718978882,True,313,0.815483808517456,True,313,0.8201410174369812,True,c12_correct
314,315,315_5.bmp,preprocessed_results\315\315_5.bmp,314,314,314,0.7920761704444885,315,0.02994285523891449,0.762133315205574,314|315|546|176|357,0.79207617|0.02994286|0.00922549|0.00793938|0.00341738,1,0.7920761704444885,True,314,0.7920761704444885,True,314,0.8028514385223389,True,314,0.8271735906600952,True,314,0.7651713490486145,True,c12_correct
315,316,316_1.bmp,preprocessed_results\316\316_1.bmp,315,315,315,0.5819622874259949,258,0.01774722896516323,0.5642150584608316,315|258|531|535|227,0.58196229|0.01774723|0.01188564|0.00888937|0.00769640,1,0.5819622874259949,True,315,0.5819622874259949,True,315,0.8353484272956848,True,315,0.8631104826927185,True,315,0.8702097535133362,True,c12_correct
316,317,317_6.bmp,preprocessed_results\317\317_6.bmp,316,316,316,0.8404464721679688,317,0.0062754154205322266,0.8341710567474365,316|317|292|118|293,0.84044647|0.00627542|0.00500538|0.00473851|0.00442491,1,0.8404464721679688,True,316,0.8404464721679688,True,316,0.8036032915115356,True,316,0.8215985298156738,True,316,0.8687023520469666,True,c12_correct
317,318,318_10.bmp,preprocessed_results\318\318_10.bmp,317,317,317,0.7827559113502502,64,0.013795468024909496,0.7689604433253407,317|64|85|211|150,0.78275591|0.01379547|0.01279336|0.00640899|0.00390917,1,0.7827559113502502,True,317,0.7827559113502502,True,317,0.6233959197998047,True,317,0.7890346646308899,True,317,0.6588646173477173,True,c12_correct
318,319,319_5.bmp,preprocessed_results\319\319_5.bmp,318,318,318,0.8496047258377075,319,0.0054068369790911674,0.8441978888586164,318|319|136|329|217,0.84960473|0.00540684|0.00416904|0.00386472|0.00281688,1,0.8496047258377075,True,318,0.8496047258377075,True,318,0.8758119940757751,True,318,0.8465142250061035,True,318,0.825977623462677,True,c12_correct
319,320,320_1.bmp,preprocessed_results\320\320_1.bmp,319,319,319,0.8393893837928772,217,0.010277627035975456,0.8291117567569017,319|217|318|260|14,0.83938938|0.01027763|0.00834216|0.00696705|0.00321861,1,0.8393893837928772,True,319,0.8393893837928772,True,319,0.6944219470024109,True,319,0.8185691833496094,True,319,0.8090822696685791,True,c12_correct
320,321,321_8.bmp,preprocessed_results\321\321_8.bmp,320,320,320,0.5337863564491272,321,0.04199487715959549,0.4917914792895317,320|321|42|12|43,0.53378636|0.04199488|0.03529070|0.01145400|0.00949339,1,0.5337863564491272,True,320,0.5337863564491272,True,320,0.41550564765930176,True,320,0.7745705842971802,True,320,0.1909407377243042,True,c12_correct
321,322,322_2.bmp,preprocessed_results\322\322_2.bmp,321,321,321,0.16874469816684723,320,0.13925009965896606,0.029494598507881165,321|320|183|276|655,0.16874470|0.13925010|0.02629592|0.02258326|0.02207075,1,0.16874469816684723,True,321,0.16874469816684723,True,321,0.10646232962608337,True,321,0.2016560584306717,True,321,0.08975730836391449,True,c12_correct
322,323,323_6.bmp,preprocessed_results\323\323_6.bmp,322,322,322,0.7296789884567261,502,0.008803245611488819,0.7208757428452373,322|502|170|450|545,0.72967899|0.00880325|0.00842634|0.00801310|0.00635133,1,0.7296789884567261,True,322,0.7296789884567261,True,322,0.3592623174190521,True,322,0.7716378569602966,True,322,0.6282961368560791,True,c12_correct
323,324,324_5.bmp,preprocessed_results\324\324_5.bmp,323,323,323,0.49606770277023315,281,0.0175807885825634,0.47848691418766975,323|281|416|317|511,0.49606770|0.01758079|0.01541056|0.01439426|0.01336258,1,0.49606770277023315,True,323,0.49606770277023315,True,323,0.5006257891654968,True,323,0.8051959872245789,True,323,0.5609757900238037,True,c12_correct
324,325,325_9.bmp,preprocessed_results\325\325_9.bmp,324,324,324,0.3616282045841217,201,0.11136762797832489,0.2502605766057968,324|201|423|147|130,0.36162820|0.11136763|0.02308940|0.02014722|0.01443944,1,0.3616282045841217,True,324,0.3616282045841217,True,324,0.310334712266922,True,324,0.7866380214691162,True,324,0.4754652678966522,True,c12_correct
325,326,326_4.bmp,preprocessed_results\326\326_4.bmp,325,325,325,0.8925266265869141,324,0.0037979851476848125,0.8887286414392292,325|324|262|336|46,0.89252663|0.00379799|0.00349325|0.00329634|0.00325472,1,0.8925266265869141,True,325,0.8925266265869141,True,325,0.8391897082328796,True,325,0.8308422565460205,True,325,0.8266931772232056,True,c12_correct
326,327,327_5.bmp,preprocessed_results\327\327_5.bmp,326,326,326,0.5569366216659546,304,0.032497961074113846,0.5244386605918407,326|304|165|90|147,0.55693662|0.03249796|0.01035415|0.00809106|0.00531866,1,0.5569366216659546,True,326,0.5569366216659546,True,326,0.6641405820846558,True,326,0.8102614879608154,True,326,0.6277344822883606,True,c12_correct
327,328,328_7.bmp,preprocessed_results\328\328_7.bmp,327,327,327,0.4250399172306061,111,0.014051541686058044,0.41098837554454803,327|111|163|241|800,0.42503992|0.01405154|0.01289289|0.00909720|0.00898231,1,0.4250399172306061,True,327,0.4250399172306061,True,327,0.08096951246261597,True,327,0.7444038391113281,True,327,0.5394582748413086,True,c12_correct
328,329,329_5.bmp,preprocessed_results\329\329_5.bmp,328,328,328,0.8079673647880554,10,0.009554840624332428,0.798412524163723,328|10|329|106|173,0.80796736|0.00955484|0.00670374|0.00480382|0.00477537,1,0.8079673647880554,True,328,0.8079673647880554,True,328,0.6017061471939087,True,328,0.8068865537643433,True,328,0.732943058013916,True,c12_correct
329,330,330_6.bmp,preprocessed_results\330\330_6.bmp,329,329,329,0.9215731024742126,262,0.005370361264795065,0.9162027412094176,329|262|38|152|214,0.92157310|0.00537036|0.00211106|0.00193080|0.00190589,1,0.9215731024742126,True,329,0.9215731024742126,True,329,0.6605647802352905,True,329,0.8139509558677673,True,329,0.5688748955726624,True,c12_correct
330,331,331_7.bmp,preprocessed_results\331\331_7.bmp,330,330,330,0.7418559193611145,180,0.024985967203974724,0.7168699521571398,330|180|122|338|794,0.74185592|0.02498597|0.00752108|0.00712840|0.00651398,1,0.7418559193611145,True,330,0.7418559193611145,True,330,0.7909072041511536,True,330,0.823542594909668,True,330,0.7473279237747192,True,c12_correct
331,332,332_3.bmp,preprocessed_results\332\332_3.bmp,331,331,331,0.6573620438575745,257,0.027914607897400856,0.6294474359601736,331|257|163|279|278,0.65736204|0.02791461|0.01619634|0.01531482|0.00925641,1,0.6573620438575745,True,331,0.6573620438575745,True,331,0.7794360518455505,True,331,0.7931804060935974,True,331,0.7637822031974792,True,c12_correct
332,333,333_9.bmp,preprocessed_results\333\333_9.bmp,332,332,332,0.6898034811019897,479,0.0157957561314106,0.6740077249705791,332|479|166|448|148,0.68980348|0.01579576|0.01311790|0.00771107|0.00708088,1,0.6898034811019897,True,332,0.6898034811019897,True,332,0.504421055316925,True,332,0.8121078610420227,True,332,0.767697811126709,True,c12_correct
333,334,334_8.bmp,preprocessed_results\334\334_8.bmp,333,333,333,0.3795285224914551,332,0.032442715018987656,0.3470858074724674,333|332|277|98|276,0.37952852|0.03244272|0.02755266|0.01977400|0.01953718,1,0.3795285224914551,True,333,0.3795285224914551,True,333,0.2913348078727722,True,333,0.8001828193664551,True,333,0.3853820860385895,True,c12_correct
334,335,335_4.bmp,preprocessed_results\335\335_4.bmp,334,334,334,0.7154951691627502,223,0.020529819652438164,0.6949653495103121,334|223|335|214|50,0.71549517|0.02052982|0.01881426|0.01154722|0.01077375,1,0.7154951691627502,True,334,0.7154951691627502,True,334,0.8308634757995605,True,334,0.8177525401115417,True,334,0.6939746141433716,True,c12_correct
335,336,336_9.bmp,preprocessed_results\336\336_9.bmp,335,335,335,0.8095049262046814,45,0.01968124881386757,0.7898236773908138,335|45|334|144|435,0.80950493|0.01968125|0.01776494|0.00608655|0.00349603,1,0.8095049262046814,True,335,0.8095049262046814,True,335,0.7048458456993103,True,335,0.7636817097663879,True,335,0.5654311776161194,True,c12_correct
336,337,337_8.bmp,preprocessed_results\337\337_8.bmp,336,336,336,0.6936190128326416,390,0.031696200370788574,0.661922812461853,336|390|41|325|507,0.69361901|0.03169620|0.01472285|0.00751369|0.00596693,1,0.6936190128326416,True,336,0.6936190128326416,True,336,0.613970160484314,True,336,0.8274381756782532,True,336,0.6100314855575562,True,c12_correct
337,338,338_8.bmp,preprocessed_results\338\338_8.bmp,337,337,337,0.7907558083534241,336,0.01809285581111908,0.772662952542305,337|336|190|159|287,0.79075581|0.01809286|0.01141711|0.00585118|0.00392261,1,0.7907558083534241,True,337,0.7907558083534241,True,337,0.7319801449775696,True,337,0.816789448261261,True,337,0.7970611453056335,True,c12_correct
338,339,339_2.bmp,preprocessed_results\339\339_2.bmp,338,338,338,0.8872717022895813,233,0.005402472335845232,0.8818692299537361,338|233|339|12|330,0.88727170|0.00540247|0.00336434|0.00264848|0.00225790,1,0.8872717022895813,True,338,0.8872717022895813,True,338,0.8284817337989807,True,338,0.7798557281494141,True,338,0.8720651865005493,True,c12_correct
339,340,340_9.bmp,preprocessed_results\340\340_9.bmp,339,339,339,0.4474170506000519,639,0.04246899113059044,0.40494805946946144,339|639|114|257|638,0.44741705|0.04246899|0.02346072|0.01811058|0.01485095,1,0.4474170506000519,True,339,0.4474170506000519,True,339,0.7800619006156921,True,339,0.8263714909553528,True,339,0.8406185507774353,True,c12_correct
340,341,341_5.bmp,preprocessed_results\341\341_5.bmp,340,340,340,0.9470372796058655,0,0.0028060628101229668,0.9442312167957425,340|0|632|816|132,0.94703728|0.00280606|0.00229700|0.00162904|0.00141671,1,0.9470372796058655,True,340,0.9470372796058655,True,340,0.9355489611625671,True,340,0.8285942077636719,True,340,0.809528648853302,True,c12_correct
341,342,342_5.bmp,preprocessed_results\342\342_5.bmp,341,341,341,0.48798662424087524,800,0.046176496893167496,0.44181012734770775,341|800|133|784|631,0.48798662|0.04617650|0.03930993|0.01548392|0.01416445,1,0.48798662424087524,True,341,0.48798662424087524,True,341,0.23000776767730713,True,341,0.7969291806221008,True,341,0.676072895526886,True,c12_correct
342,343,343_4.bmp,preprocessed_results\343\343_4.bmp,342,342,342,0.8968213796615601,486,0.009043548256158829,0.8877778314054012,342|486|352|343|145,0.89682138|0.00904355|0.00318371|0.00255424|0.00210750,1,0.8968213796615601,True,342,0.8968213796615601,True,342,0.8359135389328003,True,342,0.8311133980751038,True,342,0.8589710593223572,True,c12_correct
343,344,344_7.bmp,preprocessed_results\344\344_7.bmp,343,343,343,0.09456761926412582,126,0.016194874420762062,0.07837274484336376,343|126|377|514|353,0.09456762|0.01619487|0.01490404|0.01407564|0.01147192,1,0.09456761926412582,True,343,0.09456761926412582,True,343,0.3310820162296295,True,343,0.647014319896698,True,343,0.28462186455726624,True,c12_correct
344,345,345_3.bmp,preprocessed_results\345\345_3.bmp,344,344,344,0.9353142380714417,515,0.010019366629421711,0.9252948714420199,344|515|396|486|458,0.93531424|0.01001937|0.00466844|0.00166301|0.00131708,1,0.9353142380714417,True,344,0.9353142380714417,True,344,0.8178269267082214,True,344,0.8154652714729309,True,344,0.8828286528587341,True,c12_correct
345,346,346_5.bmp,preprocessed_results\346\346_5.bmp,345,345,345,0.8517500162124634,456,0.0062302397564053535,0.845519776456058,345|456|353|487|352,0.85175002|0.00623024|0.00396341|0.00316831|0.00315877,1,0.8517500162124634,True,345,0.8517500162124634,True,345,0.8786259889602661,True,345,0.8222123980522156,True,345,0.8011511564254761,True,c12_correct
346,347,347_10.bmp,preprocessed_results\347\347_10.bmp,346,346,346,0.7626657485961914,364,0.009601360186934471,0.7530643884092569,346|364|177|394|434,0.76266575|0.00960136|0.00757396|0.00536184|0.00464793,1,0.7626657485961914,True,346,0.7626657485961914,True,346,0.675952136516571,True,346,0.8474368453025818,True,346,0.7494010925292969,True,c12_correct
347,348,348_1.bmp,preprocessed_results\348\348_1.bmp,347,347,347,0.8197245597839355,473,0.010892828926444054,0.8088317308574915,347|473|346|496|149,0.81972456|0.01089283|0.00897720|0.00550856|0.00430861,1,0.8197245597839355,True,347,0.8197245597839355,True,347,0.8916627764701843,True,347,0.8317981958389282,True,347,0.7899946570396423,True,c12_correct
348,349,349_3.bmp,preprocessed_results\349\349_3.bmp,348,348,348,0.14923936128616333,392,0.06820246577262878,0.08103689551353455,348|392|393|349|429,0.14923936|0.06820247|0.04321302|0.03637512|0.03239872,1,0.14923936128616333,True,348,0.14923936128616333,True,348,0.05139249935746193,True,348,0.06953317672014236,True,348,0.07705648988485336,True,c12_correct
349,350,350_2.bmp,preprocessed_results\350\350_2.bmp,349,349,349,0.6318826079368591,348,0.028766989707946777,0.6031156182289124,349|348|389|266|26,0.63188261|0.02876699|0.02178742|0.01578221|0.01138414,1,0.6318826079368591,True,349,0.6318826079368591,True,349,0.8411916494369507,True,349,0.8387691974639893,True,349,0.882623016834259,True,c12_correct
350,351,351_9.bmp,preprocessed_results\351\351_9.bmp,350,350,350,0.8785828351974487,514,0.005414418410509825,0.8731684167869389,350|514|351|558|466,0.87858284|0.00541442|0.00481184|0.00403656|0.00301876,1,0.8785828351974487,True,350,0.8785828351974487,True,350,0.8780113458633423,True,350,0.8518442511558533,True,350,0.7975200414657593,True,c12_correct
351,352,352_3.bmp,preprocessed_results\352\352_3.bmp,351,351,351,0.8646640777587891,181,0.007087262813001871,0.8575768149457872,351|181|342|514|510,0.86466408|0.00708726|0.00636994|0.00568561|0.00289916,1,0.8646640777587891,True,351,0.8646640777587891,True,351,0.8574929237365723,True,351,0.8305898904800415,True,351,0.8287941217422485,True,c12_correct
352,353,353_5.bmp,preprocessed_results\353\353_5.bmp,352,352,352,0.761837363243103,353,0.03550496697425842,0.7263323962688446,352|353|396|384|547,0.76183736|0.03550497|0.00884828|0.00428073|0.00409533,1,0.761837363243103,True,352,0.761837363243103,True,352,0.8175946474075317,True,352,0.8413774371147156,True,352,0.8154023289680481,True,c12_correct
353,354,354_1.bmp,preprocessed_results\354\354_1.bmp,353,353,353,0.160869300365448,433,0.07087288796901703,0.08999641239643097,353|433|546|464|352,0.16086930|0.07087289|0.04993333|0.04760053|0.04204737,1,0.160869300365448,True,353,0.160869300365448,True,353,0.2764774262905121,True,353,0.555644154548645,True,353,0.2533957064151764,True,c12_correct
354,355,355_4.bmp,preprocessed_results\355\355_4.bmp,354,354,354,0.5586144924163818,394,0.03240082412958145,0.5262136682868004,354|394|355|527|515,0.55861449|0.03240082|0.02997833|0.01287439|0.01083983,1,0.5586144924163818,True,354,0.5586144924163818,True,354,0.822378933429718,True,354,0.8537753224372864,True,354,0.8701257109642029,True,c12_correct
355,356,356_8.bmp,preprocessed_results\356\356_8.bmp,355,355,355,0.7641865015029907,354,0.03841834515333176,0.725768156349659,355|354|537|487|489,0.76418650|0.03841835|0.01327830|0.00675384|0.00594559,1,0.7641865015029907,True,355,0.7641865015029907,True,355,0.6106467247009277,True,355,0.8204054236412048,True,355,0.8268659710884094,True,c12_correct
356,357,357_7.bmp,preprocessed_results\357\357_7.bmp,356,356,356,0.5008012056350708,160,0.011400307528674603,0.4894008981063962,356|160|543|56|512,0.50080121|0.01140031|0.01090919|0.00809562|0.00754924,1,0.5008012056350708,True,356,0.5008012056350708,True,356,0.7409515976905823,True,356,0.8283064961433411,True,356,0.688817024230957,True,c12_correct
357,358,358_1.bmp,preprocessed_results\358\358_1.bmp,357,357,357,0.8697999119758606,363,0.004874870181083679,0.8649250417947769,357|363|550|497|70,0.86979991|0.00487487|0.00398714|0.00230684|0.00156223,1,0.8697999119758606,True,357,0.8697999119758606,True,357,0.7662981748580933,True,357,0.8453443646430969,True,357,0.6619211435317993,True,c12_correct
358,359,359_10.bmp,preprocessed_results\359\359_10.bmp,358,358,358,0.8138031363487244,359,0.0388791561126709,0.7749239802360535,358|359|563|126|561,0.81380314|0.03887916|0.01106859|0.00356188|0.00312888,1,0.8138031363487244,True,358,0.8138031363487244,True,358,0.8303564786911011,True,358,0.8350566029548645,True,358,0.7469042539596558,True,c12_correct
359,360,360_2.bmp,preprocessed_results\360\360_2.bmp,359,359,359,0.8678787350654602,504,0.007307835854589939,0.8605708992108703,359|504|358|258|196,0.86787874|0.00730784|0.00494695|0.00486081|0.00298334,1,0.8678787350654602,True,359,0.8678787350654602,True,359,0.6284681558609009,True,359,0.8129370212554932,True,359,0.5059595108032227,True,c12_correct
360,361,361_3.bmp,preprocessed_results\361\361_3.bmp,360,360,360,0.609192430973053,98,0.012235626578330994,0.596956804394722,360|98|167|361|165,0.60919243|0.01223563|0.01194879|0.01127252|0.00664519,1,0.609192430973053,True,360,0.609192430973053,True,360,0.7583115100860596,True,360,0.818217396736145,True,360,0.7646821737289429,True,c12_correct
361,362,362_4.bmp,preprocessed_results\362\362_4.bmp,361,361,361,0.9232125282287598,98,0.006727822124958038,0.9164847061038017,361|98|360|26|400,0.92321253|0.00672782|0.00532738|0.00449703|0.00427855,1,0.9232125282287598,True,361,0.9232125282287598,True,361,0.8344733119010925,True,361,0.8251808881759644,True,361,0.868922233581543,True,c12_correct
362,363,363_5.bmp,preprocessed_results\363\363_5.bmp,362,362,362,0.8536622524261475,363,0.015183644369244576,0.8384786080569029,362|363|372|453|145,0.85366225|0.01518364|0.00686180|0.00311755|0.00214245,1,0.8536622524261475,True,362,0.8536622524261475,True,362,0.9076599478721619,True,362,0.8025630116462708,True,362,0.8394796848297119,True,c12_correct
363,364,364_1.bmp,preprocessed_results\364\364_1.bmp,363,363,363,0.34954413771629333,540,0.03160162642598152,0.3179425112903118,363|540|362|45|437,0.34954414|0.03160163|0.01731120|0.01353712|0.01060897,1,0.34954413771629333,True,363,0.34954413771629333,True,363,0.3553469181060791,True,363,0.7881960272789001,True,363,0.6281689405441284,True,c12_correct
364,365,365_7.bmp,preprocessed_results\365\365_7.bmp,364,364,364,0.8695768713951111,434,0.007252377923578024,0.8623244934715331,364|434|394|374|480,0.86957687|0.00725238|0.00446240|0.00333312|0.00221643,1,0.8695768713951111,True,364,0.8695768713951111,True,364,0.8811852931976318,True,364,0.8194340467453003,True,364,0.7897982001304626,True,c12_correct
365,366,366_4.bmp,preprocessed_results\366\366_4.bmp,365,365,365,0.7925710678100586,413,0.006512545049190521,0.7860585227608681,365|413|374|384|391,0.79257107|0.00651255|0.00513840|0.00435155|0.00377562,1,0.7925710678100586,True,365,0.7925710678100586,True,365,0.8103225231170654,True,365,0.8556822538375854,True,365,0.856239378452301,True,c12_correct
366,367,367_3.bmp,preprocessed_results\367\367_3.bmp,366,366,366,0.7911058068275452,177,0.00836132187396288,0.7827444849535823,366|177|435|346|382,0.79110581|0.00836132|0.00712306|0.00692735|0.00516333,1,0.7911058068275452,True,366,0.7911058068275452,True,366,0.5558934211730957,True,366,0.8435027599334717,True,366,0.7370438575744629,True,c12_correct
367,368,368_3.bmp,preprocessed_results\368\368_3.bmp,367,367,367,0.9259833097457886,366,0.004552737809717655,0.9214305719360709,367|366|343|487|443,0.92598331|0.00455274|0.00257979|0.00198493|0.00190756,1,0.9259833097457886,True,367,0.9259833097457886,True,367,0.8832902908325195,True,367,0.8485002517700195,True,367,0.8563825488090515,True,c12_correct
368,369,369_10.bmp,preprocessed_results\369\369_10.bmp,368,368,368,0.7928701043128967,369,0.009334179572761059,0.7835359247401357,368|369|544|456|123,0.79287010|0.00933418|0.00503374|0.00439626|0.00310153,1,0.7928701043128967,True,368,0.7928701043128967,True,368,0.8311357498168945,True,368,0.8389531970024109,True,368,0.7574450969696045,True,c12_correct
369,370,370_7.bmp,preprocessed_results\370\370_7.bmp,369,369,369,0.9242112636566162,528,0.005109175108373165,0.919102088548243,369|528|368|463|508,0.92421126|0.00510918|0.00276733|0.00115826|0.00113233,1,0.9242112636566162,True,369,0.9242112636566162,True,369,0.892685055732727,True,369,0.8368263244628906,True,369,0.8526294231414795,True,c12_correct
370,371,371_3.bmp,preprocessed_results\371\371_3.bmp,370,370,370,0.8283819556236267,462,0.017685938626527786,0.8106960169970989,370|462|507|248|78,0.82838196|0.01768594|0.00579888|0.00468692|0.00411948,1,0.8283819556236267,True,370,0.8283819556236267,True,370,0.7823209166526794,True,370,0.8408583402633667,True,370,0.863349437713623,True,c12_correct
371,372,372_3.bmp,preprocessed_results\372\372_3.bmp,371,371,371,0.7261863350868225,393,0.07606615871191025,0.6501201763749123,371|393|353|352|366,0.72618634|0.07606616|0.00620974|0.00597299|0.00504586,1,0.7261863350868225,True,371,0.7261863350868225,True,371,0.8163006901741028,True,371,0.8454236388206482,True,371,0.8162509202957153,True,c12_correct
372,373,373_1.bmp,preprocessed_results\373\373_1.bmp,372,372,372,0.6336594223976135,373,0.022476255893707275,0.6111831665039062,372|373|362|555|448,0.63365942|0.02247626|0.00777540|0.00698137|0.00587075,1,0.6336594223976135,True,372,0.6336594223976135,True,372,0.8237771391868591,True,372,0.8252207040786743,True,372,0.7975998520851135,True,c12_correct
373,374,374_8.bmp,preprocessed_results\374\374_8.bmp,373,373,373,0.828410804271698,372,0.0055346013978123665,0.8228762028738856,373|372|689|437|803,0.82841080|0.00553460|0.00495777|0.00376690|0.00368185,1,0.828410804271698,True,373,0.828410804271698,True,373,0.8778768181800842,True,373,0.842119574546814,True,373,0.799150288105011,True,c12_correct
374,375,375_3.bmp,preprocessed_results\375\375_3.bmp,374,374,374,0.8889473676681519,365,0.006278711371123791,0.8826686562970281,374|365|382|375|536,0.88894737|0.00627871|0.00469570|0.00318108|0.00260078,1,0.8889473676681519,True,374,0.8889473676681519,True,374,0.7133087515830994,True,374,0.8285359144210815,True,374,0.858775794506073,True,c12_correct
375,376,376_8.bmp,preprocessed_results\376\376_8.bmp,375,375,375,0.604972243309021,374,0.03700319677591324,0.5679690465331078,375|374|536|367|558,0.60497224|0.03700320|0.02072281|0.01295369|0.01122287,1,0.604972243309021,True,375,0.604972243309021,True,375,0.15678776800632477,True,375,0.7917875051498413,True,375,0.3288825452327728,True,c12_correct
376,377,377_3.bmp,preprocessed_results\377\377_3.bmp,376,376,376,0.5263870358467102,382,0.025605713948607445,0.5007813218981028,376|382|489|533|447,0.52638704|0.02560571|0.02296394|0.01602406|0.01147370,1,0.5263870358467102,True,376,0.5263870358467102,True,376,0.8329886198043823,True,376,0.8003675937652588,True,376,0.6278231143951416,True,c12_correct
377,378,378_4.bmp,preprocessed_results\378\378_4.bmp,377,377,377,0.890175998210907,366,0.007292324211448431,0.8828836739994586,377|366|451|448|365,0.89017600|0.00729232|0.00280039|0.00201451|0.00187648,1,0.890175998210907,True,377,0.890175998210907,True,377,0.7480230331420898,True,377,0.8133232593536377,True,377,0.6568224430084229,True,c12_correct
378,379,379_2.bmp,preprocessed_results\379\379_2.bmp,378,378,378,0.7139207720756531,476,0.008540589362382889,0.7053801827132702,378|476|527|379|412,0.71392077|0.00854059|0.00808388|0.00762747|0.00648779,1,0.7139207720756531,True,378,0.7139207720756531,True,378,0.4278271794319153,True,378,0.7720738053321838,True,378,0.6804508566856384,True,c12_correct
379,380,380_4.bmp,preprocessed_results\380\380_4.bmp,379,379,379,0.8664153814315796,417,0.0063601029105484486,0.8600552785210311,379|417|485|497|423,0.86641538|0.00636010|0.00509939|0.00440077|0.00426933,1,0.8664153814315796,True,379,0.8664153814315796,True,379,0.8471320867538452,True,379,0.8378275632858276,True,379,0.8011637926101685,True,c12_correct
380,381,381_9.bmp,preprocessed_results\381\381_9.bmp,380,380,380,0.5505986213684082,468,0.013751782476902008,0.5368468388915062,380|468|488|441|450,0.55059862|0.01375178|0.01278669|0.00869080|0.00856369,1,0.5505986213684082,True,380,0.5505986213684082,True,380,0.6941123008728027,True,380,0.8252941370010376,True,380,0.6801044940948486,True,c12_correct
381,382,382_5.bmp,preprocessed_results\382\382_5.bmp,381,381,381,0.8614339828491211,519,0.003550977911800146,0.857883004937321,381|519|408|445|464,0.86143398|0.00355098|0.00341977|0.00324853|0.00270709,1,0.8614339828491211,True,381,0.8614339828491211,True,381,0.9052135944366455,True,381,0.8312296867370605,True,381,0.8911692500114441,True,c12_correct
382,383,383_7.bmp,preprocessed_results\383\383_7.bmp,382,382,382,0.2751524746417999,226,0.07974393665790558,0.19540853798389435,382|226|427|448|227,0.27515247|0.07974394|0.02025369|0.01469626|0.01333538,1,0.2751524746417999,True,382,0.2751524746417999,True,382,0.5502936244010925,True,382,0.7703027725219727,True,382,0.5199201703071594,True,c12_correct
383,384,384_1.bmp,preprocessed_results\384\384_1.bmp,383,383,383,0.5943955183029175,202,0.05208814516663551,0.542307373136282,383|202|203|94|157,0.59439552|0.05208815|0.01628456|0.00947981|0.00574531,1,0.5943955183029175,True,383,0.5943955183029175,True,383,0.31814223527908325,True,383,0.7797489762306213,True,383,0.5572812557220459,True,c12_correct
384,385,385_10.bmp,preprocessed_results\385\385_10.bmp,384,384,384,0.36176830530166626,456,0.041581593453884125,0.32018671184778214,384|456|387|385|440,0.36176831|0.04158159|0.02581386|0.01935777|0.01593786,1,0.36176830530166626,True,384,0.36176830530166626,True,384,0.3037925362586975,True,384,0.774836003780365,True,384,0.6627215147018433,True,c12_correct
385,386,386_10.bmp,preprocessed_results\386\386_10.bmp,385,385,385,0.819652259349823,502,0.00997970998287201,0.809672549366951,385|502|384|368|387,0.81965226|0.00997971|0.00571559|0.00333582|0.00300024,1,0.819652259349823,True,385,0.819652259349823,True,385,0.8061366677284241,True,385,0.8334371447563171,True,385,0.8550474643707275,True,c12_correct
386,387,387_7.bmp,preprocessed_results\387\387_7.bmp,386,386,386,0.8982006311416626,387,0.004597920458763838,0.8936027106828988,386|387|450|402|516,0.89820063|0.00459792|0.00259244|0.00233390|0.00202349,1,0.8982006311416626,True,386,0.8982006311416626,True,386,0.9161335229873657,True,386,0.8424725532531738,True,386,0.847882866859436,True,c12_correct
387,388,388_4.bmp,preprocessed_results\388\388_4.bmp,387,387,387,0.9186592102050781,502,0.007113523781299591,0.9115456864237785,387|502|450|548|500,0.91865921|0.00711352|0.00557211|0.00438478|0.00271431,1,0.9186592102050781,True,387,0.9186592102050781,True,387,0.908347487449646,True,387,0.8003862500190735,True,387,0.8443091511726379,True,c12_correct
388,389,389_7.bmp,preprocessed_results\389\389_7.bmp,388,388,388,0.8074896931648254,490,0.010155541822314262,0.7973341513425112,388|490|507|235|95,0.80748969|0.01015554|0.00627880|0.00495588|0.00353735,1,0.8074896931648254,True,388,0.8074896931648254,True,388,0.7104275226593018,True,388,0.8495438098907471,True,388,0.7035365104675293,True,c12_correct
389,390,390_3.bmp,preprocessed_results\390\390_3.bmp,389,389,389,0.9356465339660645,349,0.0024648213293403387,0.9331817126367241,389|349|26|398|447,0.93564653|0.00246482|0.00228501|0.00163209|0.00145482,1,0.9356465339660645,True,389,0.9356465339660645,True,389,0.8872882127761841,True,389,0.8385114073753357,True,389,0.8760157823562622,True,c12_correct
390,391,391_7.bmp,preprocessed_results\391\391_7.bmp,390,390,390,0.8857845067977905,336,0.00502011040225625,0.8807643963955343,390|336|405|465|426,0.88578451|0.00502011|0.00355153|0.00294855|0.00280994,1,0.8857845067977905,True,390,0.8857845067977905,True,390,0.8213221430778503,True,390,0.848007321357727,True,390,0.8881559371948242,True,c12_correct
391,392,392_2.bmp,preprocessed_results\392\392_2.bmp,391,391,391,0.7646335959434509,429,0.011745262891054153,0.7528883330523968,391|429|390|428|364,0.76463360|0.01174526|0.00690427|0.00591840|0.00555740,1,0.7646335959434509,True,391,0.7646335959434509,True,391,0.6365172863006592,True,391,0.836934506893158,True,391,0.8515275120735168,True,c12_correct
392,393,393_8.bmp,preprocessed_results\393\393_8.bmp,392,392,392,0.5616609454154968,400,0.023952526971697807,0.537708418443799,392|400|409|463|519,0.56166095|0.02395253|0.02080814|0.01805993|0.01253289,1,0.5616609454154968,True,392,0.5616609454154968,True,392,0.5194188952445984,True,392,0.8234752416610718,True,392,0.5370354056358337,True,c12_correct
393,394,394_3.bmp,preprocessed_results\394\394_3.bmp,393,393,393,0.8754590153694153,473,0.005926369223743677,0.8695326461456716,393|473|371|365|343,0.87545902|0.00592637|0.00508194|0.00445266|0.00281774,1,0.8754590153694153,True,393,0.8754590153694153,True,393,0.7049318552017212,True,393,0.8134331107139587,True,393,0.7944087982177734,True,c12_correct
394,395,395_5.bmp,preprocessed_results\395\395_5.bmp,394,394,394,0.8606810569763184,354,0.011004708707332611,0.8496763482689857,394|354|181|515|496,0.86068106|0.01100471|0.00444381|0.00401503|0.00252984,1,0.8606810569763184,True,394,0.8606810569763184,True,394,0.830297589302063,True,394,0.8526662588119507,True,394,0.8303137421607971,True,c12_correct
395,396,396_2.bmp,preprocessed_results\396\396_2.bmp,395,395,395,0.9266510605812073,375,0.009062916971743107,0.9175881436094642,395|375|409|536|191,0.92665106|0.00906292|0.00253584|0.00222516|0.00119616,1,0.9266510605812073,True,395,0.9266510605812073,True,395,0.848617672920227,True,395,0.8385721445083618,True,395,0.8658705949783325,True,c12_correct
396,397,397_1.bmp,preprocessed_results\397\397_1.bmp,396,396,396,0.9066791534423828,448,0.002180129988119006,0.9044990234542638,396|448|364|515|385,0.90667915|0.00218013|0.00210636|0.00199254|0.00159984,1,0.9066791534423828,True,396,0.9066791534423828,True,396,0.9139247536659241,True,396,0.8464984893798828,True,396,0.8796849846839905,True,c12_correct
397,398,398_1.bmp,preprocessed_results\398\398_1.bmp,397,397,397,0.6468671560287476,396,0.04991242289543152,0.596954733133316,397|396|332|472|56,0.64686716|0.04991242|0.00988670|0.00640487|0.00621615,1,0.6468671560287476,True,397,0.6468671560287476,True,397,0.6681879758834839,True,397,0.8119211196899414,True,397,0.7160138487815857,True,c12_correct
398,399,399_6.bmp,preprocessed_results\399\399_6.bmp,398,398,398,0.8015833497047424,462,0.004094120115041733,0.7974892295897007,398|462|442|399|794,0.80158335|0.00409412|0.00390426|0.00384141|0.00285613,1,0.8015833497047424,True,398,0.8015833497047424,True,398,0.8623167872428894,True,398,0.8174144625663757,True,398,0.8503283262252808,True,c12_correct
399,400,400_7.bmp,preprocessed_results\400\400_7.bmp,399,399,399,0.6253826022148132,398,0.0480719730257988,0.5773106291890144,399|398|293|316|528,0.62538260|0.04807197|0.01036899|0.00878136|0.00702960,1,0.6253826022148132,True,399,0.6253826022148132,True,399,0.8126164674758911,True,399,0.802280068397522,True,399,0.7908414602279663,True,c12_correct
400,401,401_6.bmp,preprocessed_results\401\401_6.bmp,400,400,400,0.453489750623703,361,0.013788498006761074,0.43970125261694193,400|361|440|148|576,0.45348975|0.01378850|0.01206974|0.01183214|0.01180921,1,0.453489750623703,True,400,0.453489750623703,True,400,0.4864318072795868,True,400,0.8256038427352905,True,400,0.5878109335899353,True,c12_correct
401,402,402_2.bmp,preprocessed_results\402\402_2.bmp,401,401,401,0.19018720090389252,489,0.033804453909397125,0.1563827469944954,401|489|27|490|472,0.19018720|0.03380445|0.01821635|0.01769483|0.01576496,1,0.19018720090389252,True,401,0.19018720090389252,True,401,0.13911888003349304,True,401,0.759295642375946,True,401,0.2681601047515869,True,c12_correct
402,403,403_10.bmp,preprocessed_results\403\403_10.bmp,402,402,402,0.37403345108032227,390,0.05437992140650749,0.3196535296738148,402|390|403|364|226,0.37403345|0.05437992|0.04410637|0.02352393|0.01070718,1,0.37403345108032227,True,402,0.37403345108032227,True,402,0.4223253130912781,True,402,0.8581081628799438,True,402,0.775801420211792,True,c12_correct
403,404,404_4.bmp,preprocessed_results\404\404_4.bmp,403,403,403,0.8347829580307007,402,0.008260258473455906,0.8265226995572448,403|402|391|480|365,0.83478296|0.00826026|0.00780738|0.00776852|0.00521108,1,0.8347829580307007,True,403,0.8347829580307007,True,403,0.9121338725090027,True,403,0.8454281687736511,True,403,0.7743913531303406,True,c12_correct
404,405,405_1.bmp,preprocessed_results\405\405_1.bmp,404,404,404,0.673105776309967,376,0.021146083250641823,0.6519596930593252,404|376|405|462|175,0.67310578|0.02114608|0.01567232|0.01403819|0.01130374,1,0.673105776309967,True,404,0.673105776309967,True,404,0.5287154316902161,True,404,0.7869118452072144,True,404,0.3238120675086975,True,c12_correct
405,406,406_5.bmp,preprocessed_results\406\406_5.bmp,405,405,405,0.9007328748703003,404,0.02114209532737732,0.879590779542923,405|404|506|463|499,0.90073287|0.02114210|0.00409318|0.00360578|0.00355083,1,0.9007328748703003,True,405,0.9007328748703003,True,405,0.833754301071167,True,405,0.8363074064254761,True,405,0.8961847424507141,True,c12_correct
406,407,407_10.bmp,preprocessed_results\407\407_10.bmp,406,406,406,0.7932122349739075,165,0.01707874983549118,0.7761334851384163,406|165|407|420|63,0.79321223|0.01707875|0.00502950|0.00423061|0.00353782,1,0.7932122349739075,True,406,0.7932122349739075,True,406,0.9067416787147522,True,406,0.7969353199005127,True,406,0.8354146480560303,True,c12_correct
407,408,408_2.bmp,preprocessed_results\408\408_2.bmp,407,407,407,0.8782104253768921,406,0.011770080775022507,0.8664403446018696,407|406|409|54|518,0.87821043|0.01177008|0.00332415|0.00325302|0.00309127,1,0.8782104253768921,True,407,0.8782104253768921,True,407,0.9253193140029907,True,407,0.8108774423599243,True,407,0.874504029750824,True,c12_correct
408,409,409_1.bmp,preprocessed_results\409\409_1.bmp,408,408,408,0.8544671535491943,200,0.003914147149771452,0.8505530063994229,408|200|203|402|78,0.85446715|0.00391415|0.00301831|0.00291200|0.00222273,1,0.8544671535491943,True,408,0.8544671535491943,True,408,0.8587311506271362,True,408,0.8448264598846436,True,408,0.7911651730537415,True,c12_correct
409,410,410_3.bmp,preprocessed_results\410\410_3.bmp,409,409,409,0.5479547381401062,403,0.05481761693954468,0.4931371212005615,409|403|349|429|463,0.54795474|0.05481762|0.01674285|0.01356516|0.00957909,1,0.5479547381401062,True,409,0.5479547381401062,True,409,0.6187589764595032,True,409,0.7896389961242676,True,409,0.5626306533813477,True,c12_correct
410,411,411_4.bmp,preprocessed_results\411\411_4.bmp,410,410,410,0.8809283971786499,411,0.010809604078531265,0.8701187931001186,410|411|727|308|782,0.88092840|0.01080960|0.00353844|0.00304244|0.00275529,1,0.8809283971786499,True,410,0.8809283971786499,True,410,0.8469293117523193,True,410,0.8406693935394287,True,410,0.86758953332901,True,c12_correct
411,412,412_5.bmp,preprocessed_results\412\412_5.bmp,411,411,411,0.7858185172080994,410,0.024952217936515808,0.7608662992715836,411|410|215|232|2,0.78581852|0.02495222|0.00554782|0.00470798|0.00346658,1,0.7858185172080994,True,411,0.7858185172080994,True,411,0.7994868159294128,True,411,0.8317533731460571,True,411,0.8302191495895386,True,c12_correct
412,413,413_1.bmp,preprocessed_results\413\413_1.bmp,412,412,412,0.3226645886898041,156,0.07166217267513275,0.2510024160146713,412|156|413|448|226,0.32266459|0.07166217|0.01095945|0.01014325|0.00941010,1,0.3226645886898041,True,412,0.3226645886898041,True,412,0.27554649114608765,True,412,0.7844807505607605,True,412,0.49109575152397156,True,c12_correct
413,414,414_6.bmp,preprocessed_results\414\414_6.bmp,413,413,413,0.9261817932128906,412,0.003861216362565756,0.9223205768503249,413|412|366|476|230,0.92618179|0.00386122|0.00169106|0.00152350|0.00145818,1,0.9261817932128906,True,413,0.9261817932128906,True,413,0.8799477815628052,True,413,0.8400689959526062,True,413,0.8653119802474976,True,c12_correct
414,415,415_6.bmp,preprocessed_results\415\415_6.bmp,414,414,414,0.7438639998435974,434,0.013454923406243324,0.7304090764373541,414|434|234|356|154,0.74386400|0.01345492|0.01319022|0.00535131|0.00437519,1,0.7438639998435974,True,414,0.7438639998435974,True,414,0.690808892250061,True,414,0.8280960321426392,True,414,0.8324770927429199,True,c12_correct
415,416,416_3.bmp,preprocessed_results\416\416_3.bmp,415,415,415,0.7456589937210083,483,0.00793850515037775,0.7377204885706306,415|483|375|366|367,0.74565899|0.00793851|0.00721349|0.00644112|0.00607809,1,0.7456589937210083,True,415,0.7456589937210083,True,415,0.2438715249300003,True,415,0.7937860488891602,True,415,0.4754919409751892,True,c12_correct
416,417,417_8.bmp,preprocessed_results\417\417_8.bmp,416,416,416,0.8912360668182373,519,0.008655521087348461,0.8825805457308888,416|519|55|511|323,0.89123607|0.00865552|0.00402634|0.00281822|0.00216873,1,0.8912360668182373,True,416,0.8912360668182373,True,416,0.8700920343399048,True,416,0.8211844563484192,True,416,0.8290951251983643,True,c12_correct
417,418,418_9.bmp,preprocessed_results\418\418_9.bmp,417,417,417,0.9071988463401794,416,0.0034750173799693584,0.9037238289602101,417|416|433|481|329,0.90719885|0.00347502|0.00243456|0.00188535|0.00170210,1,0.9071988463401794,True,417,0.9071988463401794,True,417,0.891620934009552,True,417,0.8391908407211304,True,417,0.8393221497535706,True,c12_correct
418,419,419_10.bmp,preprocessed_results\419\419_10.bmp,418,418,418,0.8225404620170593,419,0.008741296827793121,0.8137991651892662,418|419|398|510|462,0.82254046|0.00874130|0.00530005|0.00521682|0.00346221,1,0.8225404620170593,True,418,0.8225404620170593,True,418,0.8131977319717407,True,418,0.8364100456237793,True,418,0.7852705717086792,True,c12_correct
419,420,420_10.bmp,preprocessed_results\420\420_10.bmp,419,419,419,0.7904903888702393,418,0.023984162136912346,0.7665062267333269,419|418|490|491|422,0.79049039|0.02398416|0.01137333|0.00793957|0.00299857,1,0.7904903888702393,True,419,0.7904903888702393,True,419,0.7821871042251587,True,419,0.8454174995422363,True,419,0.7650594115257263,True,c12_correct
420,421,421_10.bmp,preprocessed_results\421\421_10.bmp,420,420,420,0.6271103620529175,52,0.012456057593226433,0.614654304459691,420|52|237|149|148,0.62711036|0.01245606|0.01039104|0.00627722|0.00580177,1,0.6271103620529175,True,420,0.6271103620529175,True,420,0.8017114400863647,True,420,0.7928467988967896,True,420,0.73836749792099,True,c12_correct
421,422,422_10.bmp,preprocessed_results\422\422_10.bmp,421,421,421,0.4196249842643738,544,0.0357995331287384,0.3838254511356354,421|544|420|463|391,0.41962498|0.03579953|0.01290191|0.01165929|0.01065497,1,0.4196249842643738,True,421,0.4196249842643738,True,421,0.48841598629951477,True,421,0.8112139105796814,True,421,0.6844539642333984,True,c12_correct
422,423,423_4.bmp,preprocessed_results\423\423_4.bmp,422,422,422,0.8545250296592712,423,0.0036776382476091385,0.8508473914116621,422|423|472|226|491,0.85452503|0.00367764|0.00308383|0.00302608|0.00292426,1,0.8545250296592712,True,422,0.8545250296592712,True,422,0.9248849749565125,True,422,0.8451526165008545,True,422,0.8530077338218689,True,c12_correct
423,424,424_1.bmp,preprocessed_results\424\424_1.bmp,423,423,423,0.4156878888607025,392,0.014824639074504375,0.40086324978619814,423|392|178|147|422,0.41568789|0.01482464|0.01179238|0.00989065|0.00926565,1,0.4156878888607025,True,423,0.4156878888607025,True,423,0.3396140933036804,True,423,0.7819032669067383,True,423,0.4309881329536438,True,c12_correct
424,425,425_5.bmp,preprocessed_results\425\425_5.bmp,424,424,424,0.8987607955932617,119,0.0038031870499253273,0.8949576085433364,424|119|498|97|159,0.89876080|0.00380319|0.00281009|0.00229179|0.00220408,1,0.8987607955932617,True,424,0.8987607955932617,True,424,0.9133528470993042,True,424,0.8522358536720276,True,424,0.8695542216300964,True,c12_correct
425,426,426_4.bmp,preprocessed_results\426\426_4.bmp,425,425,425,0.7171581983566284,431,0.020313134416937828,0.6968450639396906,425|431|499|424|65,0.71715820|0.02031313|0.00938190|0.00904960|0.00739529,1,0.7171581983566284,True,425,0.7171581983566284,True,425,0.9030925631523132,True,425,0.8392125964164734,True,425,0.8846896886825562,True,c12_correct
426,427,427_7.bmp,preprocessed_results\427\427_7.bmp,426,426,426,0.889858603477478,500,0.004800641909241676,0.8850579615682364,426|500|488|525|418,0.88985860|0.00480064|0.00416515|0.00338189|0.00320695,1,0.889858603477478,True,426,0.889858603477478,True,426,0.8991060256958008,True,426,0.8334020972251892,True,426,0.8852187991142273,True,c12_correct
427,428,428_3.bmp,preprocessed_results\428\428_3.bmp,427,427,427,0.8984683156013489,456,0.003281441517174244,0.8951868740841746,427|456|449|66|461,0.89846832|0.00328144|0.00323155|0.00230914|0.00182702,1,0.8984683156013489,True,427,0.8984683156013489,True,427,0.8526126146316528,True,427,0.8335573673248291,True,427,0.8391363620758057,True,c12_correct
428,429,429_10.bmp,preprocessed_results\429\429_10.bmp,428,428,428,0.8760121464729309,426,0.005988000426441431,0.8700241460464895,428|426|519|499|420,0.87601215|0.00598800|0.00429151|0.00366020|0.00313021,1,0.8760121464729309,True,428,0.8760121464729309,True,428,0.8744204044342041,True,428,0.8407467603683472,True,428,0.805730402469635,True,c12_correct
429,430,430_3.bmp,preprocessed_results\430\430_3.bmp,429,429,429,0.8172711730003357,409,0.00560632674023509,0.8116648462601006,429|409|391|403|428,0.81727117|0.00560633|0.00433017|0.00388012|0.00360993,1,0.8172711730003357,True,429,0.8172711730003357,True,429,0.855950653553009,True,429,0.848420262336731,True,429,0.8118656873703003,True,c12_correct
430,431,431_4.bmp,preprocessed_results\431\431_4.bmp,430,430,430,0.8466764688491821,431,0.011117947287857533,0.8355585215613246,430|431|398|502|322,0.84667647|0.01111795|0.00982030|0.00617253|0.00404798,1,0.8466764688491821,True,430,0.8466764688491821,True,430,0.8141841292381287,True,430,0.8278679847717285,True,430,0.8163642287254333,True,c12_correct
431,432,432_7.bmp,preprocessed_results\432\432_7.bmp,431,431,431,0.8215429186820984,430,0.011464791372418404,0.81007812730968,431|430|502|425|316,0.82154292|0.01146479|0.00656316|0.00518342|0.00363572,1,0.8215429186820984,True,431,0.8215429186820984,True,431,0.8850045204162598,True,431,0.8097748160362244,True,431,0.8338109254837036,True,c12_correct
432,433,433_4.bmp,preprocessed_results\433\433_4.bmp,432,432,432,0.8112097382545471,433,0.014557295478880405,0.7966524427756667,432|433|485|464|476,0.81120974|0.01455730|0.00798537|0.00451976|0.00431425,1,0.8112097382545471,True,432,0.8112097382545471,True,432,0.7560624480247498,True,432,0.7653794288635254,True,432,0.8538130521774292,True,c12_correct
433,434,434_3.bmp,preprocessed_results\434\434_3.bmp,433,433,433,0.8963104486465454,432,0.005195684731006622,0.8911147639155388,433|432|417|355|537,0.89631045|0.00519568|0.00508923|0.00235552|0.00211279,1,0.8963104486465454,True,433,0.8963104486465454,True,433,0.8646385073661804,True,433,0.8368082046508789,True,433,0.8246939778327942,True,c12_correct
434,435,435_7.bmp,preprocessed_results\435\435_7.bmp,434,434,434,0.8229457139968872,438,0.007035946939140558,0.8159097670577466,434|438|277|315|435,0.82294571|0.00703595|0.00632226|0.00428540|0.00414599,1,0.8229457139968872,True,434,0.8229457139968872,True,434,0.8219753503799438,True,434,0.8228733539581299,True,434,0.7497440576553345,True,c12_correct
435,436,436_4.bmp,preprocessed_results\436\436_4.bmp,435,435,435,0.7675190567970276,434,0.029612045735120773,0.7379070110619068,435|434|558|462|366,0.76751906|0.02961205|0.00956494|0.00634103|0.00511308,1,0.7675190567970276,True,435,0.7675190567970276,True,435,0.6084012985229492,True,435,0.8273805379867554,True,435,0.8244805335998535,True,c12_correct
436,437,437_4.bmp,preprocessed_results\437\437_4.bmp,436,436,436,0.6973978877067566,532,0.009317020885646343,0.6880808668211102,436|532|441|284|440,0.69739789|0.00931702|0.00862627|0.00727946|0.00564076,1,0.6973978877067566,True,436,0.6973978877067566,True,436,0.8275806903839111,True,436,0.7984253764152527,True,436,0.8134279847145081,True,c12_correct
437,438,438_4.bmp,preprocessed_results\438\438_4.bmp,437,437,437,0.8395451307296753,345,0.004521914757788181,0.8350232159718871,437|345|469|452|126,0.83954513|0.00452191|0.00436163|0.00321252|0.00298391,1,0.8395451307296753,True,437,0.8395451307296753,True,437,0.8375970125198364,True,437,0.8146589398384094,True,437,0.771968424320221,True,c12_correct
438,439,439_4.bmp,preprocessed_results\439\439_4.bmp,438,438,438,0.6472995281219482,439,0.019768357276916504,0.6275311708450317,438|439|145|504|432,0.64729953|0.01976836|0.00942911|0.00902871|0.00888637,1,0.6472995281219482,True,438,0.6472995281219482,True,438,0.5931490659713745,True,438,0.8085972666740417,True,438,0.7763228416442871,True,c12_correct
439,440,440_2.bmp,preprocessed_results\440\440_2.bmp,439,439,439,0.923223078250885,438,0.006429977249354124,0.9167931010015309,439|438|555|551|505,0.92322308|0.00642998|0.00279447|0.00178203|0.00149527,1,0.923223078250885,True,439,0.923223078250885,True,439,0.8011302947998047,True,439,0.8216367363929749,True,439,0.7732090950012207,True,c12_correct
440,441,441_9.bmp,preprocessed_results\441\441_9.bmp,440,440,440,0.5836572647094727,146,0.017161808907985687,0.566495455801487,440|146|43|386|436,0.58365726|0.01716181|0.00889483|0.00879433|0.00825715,1,0.5836572647094727,True,440,0.5836572647094727,True,440,0.6834114789962769,True,440,0.7999699115753174,True,440,0.521472692489624,True,c12_correct
441,442,442_8.bmp,preprocessed_results\442\442_8.bmp,441,441,441,0.6571024656295776,295,0.022663796320557594,0.63443866930902,441|295|38|148|335,0.65710247|0.02266380|0.01155729|0.00721327|0.00687378,1,0.6571024656295776,True,441,0.6571024656295776,True,441,0.8880318403244019,True,441,0.8478755950927734,True,441,0.8672533631324768,True,c12_correct
442,443,443_7.bmp,preprocessed_results\443\443_7.bmp,442,442,442,0.8450629115104675,314,0.0055742161348462105,0.8394886953756213,442|314|22|392|443,0.84506291|0.00557422|0.00454103|0.00352465|0.00296009,1,0.8450629115104675,True,442,0.8450629115104675,True,442,0.8943262696266174,True,442,0.8451249599456787,True,442,0.8594251871109009,True,c12_correct
443,444,444_3.bmp,preprocessed_results\444\444_3.bmp,443,443,443,0.8533105850219727,463,0.00500831613317132,0.8483022688888013,443|463|368|522|107,0.85331059|0.00500832|0.00440526|0.00347759|0.00342505,1,0.8533105850219727,True,443,0.8533105850219727,True,443,0.8580949306488037,True,443,0.8210931420326233,True,443,0.8607308268547058,True,c12_correct
444,445,445_9.bmp,preprocessed_results\445\445_9.bmp,444,444,444,0.8594287633895874,78,0.0032356474548578262,0.8561931159347296,444|78|434|509|457,0.85942876|0.00323565|0.00304795|0.00281321|0.00245015,1,0.8594287633895874,True,444,0.8594287633895874,True,444,0.8689219355583191,True,444,0.8448366522789001,True,444,0.8411538004875183,True,c12_correct
445,446,446_7.bmp,preprocessed_results\446\446_7.bmp,445,445,445,0.795175313949585,486,0.015196098946034908,0.77997921500355,445|486|351|487|464,0.79517531|0.01519610|0.00626055|0.00463347|0.00402922,1,0.795175313949585,True,445,0.795175313949585,True,445,0.9187013506889343,True,445,0.8314332962036133,True,445,0.8662471771240234,True,c12_correct
446,447,447_2.bmp,preprocessed_results\447\447_2.bmp,446,446,446,0.6207071542739868,469,0.020736880600452423,0.5999702736735344,446|469|468|394|45,0.62070715|0.02073688|0.01701864|0.01202421|0.00908542,1,0.6207071542739868,True,446,0.6207071542739868,True,446,0.7627747654914856,True,446,0.8126873970031738,True,446,0.594318687915802,True,c12_correct
447,448,448_2.bmp,preprocessed_results\448\448_2.bmp,447,447,447,0.8825657963752747,423,0.003140280721709132,0.8794255156535655,447|423|382|506|383,0.88256580|0.00314028|0.00270421|0.00221876|0.00208176,1,0.8825657963752747,True,447,0.8825657963752747,True,447,0.8598167896270752,True,447,0.8205518126487732,True,447,0.8293733596801758,True,c12_correct
448,449,449_1.bmp,preprocessed_results\449\449_1.bmp,448,448,448,0.3186887502670288,396,0.03260347247123718,0.2860852777957916,448|396|377|477|352,0.31868875|0.03260347|0.03023930|0.01177251|0.00955381,1,0.3186887502670288,True,448,0.3186887502670288,True,448,0.38993149995803833,True,448,0.77523273229599,True,448,0.4614828824996948,True,c12_correct
449,450,450_2.bmp,preprocessed_results\450\450_2.bmp,449,449,449,0.8421582579612732,534,0.0035144847352057695,0.8386437732260674,449|534|377|487|427,0.84215826|0.00351448|0.00314790|0.00252375|0.00247349,1,0.8421582579612732,True,449,0.8421582579612732,True,449,0.8688580989837646,True,449,0.8256469964981079,True,449,0.836574137210846,True,c12_correct
450,451,451_8.bmp,preprocessed_results\451\451_8.bmp,450,450,450,0.48815852403640747,387,0.02057095244526863,0.46758757159113884,450|387|517|300|408,0.48815852|0.02057095|0.01763897|0.01701584|0.01334797,1,0.48815852403640747,True,450,0.48815852403640747,True,450,0.7412509322166443,True,450,0.8221929669380188,True,450,0.7111970782279968,True,c12_correct
451,452,452_3.bmp,preprocessed_results\452\452_3.bmp,451,451,451,0.8987959027290344,477,0.013601967133581638,0.8851939355954528,451|477|102|377|467,0.89879590|0.01360197|0.00900035|0.00508424|0.00395016,1,0.8987959027290344,True,451,0.8987959027290344,True,451,0.7373565435409546,True,451,0.8133565187454224,True,451,0.6878321170806885,True,c12_correct
452,453,453_2.bmp,preprocessed_results\453\453_2.bmp,452,452,452,0.8575169444084167,453,0.0052489941008389,0.8522679503075778,452|453|437|469|534,0.85751694|0.00524899|0.00433449|0.00317837|0.00242326,1,0.8575169444084167,True,452,0.8575169444084167,True,452,0.7939463257789612,True,452,0.8517740368843079,True,452,0.8110964894294739,True,c12_correct
453,454,454_5.bmp,preprocessed_results\454\454_5.bmp,453,453,453,0.843349277973175,452,0.009989041835069656,0.8333602361381054,453|452|251|83|166,0.84334928|0.00998904|0.00422624|0.00410592|0.00328486,1,0.843349277973175,True,453,0.843349277973175,True,453,0.7048370242118835,True,453,0.8343883156776428,True,453,0.7946453094482422,True,c12_correct
454,455,455_3.bmp,preprocessed_results\455\455_3.bmp,454,454,454,0.8365224003791809,556,0.01669798046350479,0.8198244199156761,454|556|347|359|455,0.83652240|0.01669798|0.00965040|0.00861278|0.00402069,1,0.8365224003791809,True,454,0.8365224003791809,True,454,0.8186838626861572,True,454,0.8077970743179321,True,454,0.7233676910400391,True,c12_correct
455,456,456_1.bmp,preprocessed_results\456\456_1.bmp,455,455,455,0.6259140372276306,454,0.02780122682452202,0.5981128104031086,455|454|359|145|516,0.62591404|0.02780123|0.01816843|0.01162801|0.00934618,1,0.6259140372276306,True,455,0.6259140372276306,True,455,0.5567833781242371,True,455,0.7748892307281494,True,455,0.4954957365989685,True,c12_correct
456,457,457_10.bmp,preprocessed_results\457\457_10.bmp,456,456,456,0.4252290427684784,457,0.032253097742795944,0.39297594502568245,456|457|510|485|487,0.42522904|0.03225310|0.02801604|0.02247288|0.01722117,1,0.4252290427684784,True,456,0.4252290427684784,True,456,0.533681333065033,True,456,0.7577482461929321,True,456,0.65876305103302,True,c12_correct
457,458,458_8.bmp,preprocessed_results\458\458_8.bmp,457,457,457,0.79411780834198,509,0.007270719390362501,0.7868470889516175,457|509|456|508|351,0.79411781|0.00727072|0.00575469|0.00524484|0.00516174,1,0.79411780834198,True,457,0.79411780834198,True,457,0.7573872208595276,True,457,0.8167873024940491,True,457,0.7931007742881775,True,c12_correct
458,459,459_10.bmp,preprocessed_results\459\459_10.bmp,458,458,458,0.5584751963615417,459,0.026638342067599297,0.5318368542939425,458|459|441|404|378,0.55847520|0.02663834|0.01658959|0.01010485|0.00784999,1,0.5584751963615417,True,458,0.5584751963615417,True,458,0.7415952682495117,True,458,0.8078147768974304,True,458,0.7203735113143921,True,c12_correct
459,460,460_4.bmp,preprocessed_results\460\460_4.bmp,459,459,459,0.4886121153831482,458,0.029462233185768127,0.45914988219738007,459|458|71|152|545,0.48861212|0.02946223|0.02162988|0.01785940|0.01733694,1,0.4886121153831482,True,459,0.4886121153831482,True,459,0.6056215763092041,True,459,0.8454481959342957,True,459,0.5765892863273621,True,c12_correct
460,461,461_5.bmp,preprocessed_results\461\461_5.bmp,460,460,460,0.8867591023445129,67,0.00550249544903636,0.8812566068954766,460|67|95|66|508,0.88675910|0.00550250|0.00202261|0.00177756|0.00126915,1,0.8867591023445129,True,460,0.8867591023445129,True,460,0.8983414173126221,True,460,0.8506454825401306,True,460,0.8142290711402893,True,c12_correct
461,462,462_5.bmp,preprocessed_results\462\462_5.bmp,461,461,461,0.800623893737793,457,0.007404029835015535,0.7932198639027774,461|457|460|202|426,0.80062389|0.00740403|0.00553035|0.00425383|0.00351202,1,0.800623893737793,True,461,0.800623893737793,True,461,0.8528012633323669,True,461,0.8252031207084656,True,461,0.7828893661499023,True,c12_correct
462,463,463_2.bmp,preprocessed_results\463\463_2.bmp,462,462,462,0.6802122592926025,370,0.02722356840968132,0.6529886908829212,462|370|346|770|137,0.68021226|0.02722357|0.01330899|0.00584889|0.00536565,1,0.6802122592926025,True,462,0.6802122592926025,True,462,0.8105193972587585,True,462,0.8441853523254395,True,462,0.808924674987793,True,c12_correct
463,464,464_7.bmp,preprocessed_results\464\464_7.bmp,463,463,463,0.8718708753585815,461,0.005489530507475138,0.8663813448511064,463|461|462|409|480,0.87187088|0.00548953|0.00506217|0.00390809|0.00359654,1,0.8718708753585815,True,463,0.8718708753585815,True,463,0.9118176102638245,True,463,0.8307620286941528,True,463,0.8405880331993103,True,c12_correct
464,465,465_5.bmp,preprocessed_results\465\465_5.bmp,464,464,464,0.7765582799911499,484,0.010576985776424408,0.7659812942147255,464|484|432|482|467,0.77655828|0.01057699|0.00482509|0.00435170|0.00417794,1,0.7765582799911499,True,464,0.7765582799911499,True,464,0.8837125897407532,True,464,0.8494890332221985,True,464,0.8341916799545288,True,c12_correct
465,466,466_2.bmp,preprocessed_results\466\466_2.bmp,465,465,465,0.9082047939300537,467,0.0038693752139806747,0.904335418716073,465|467|451|393|200,0.90820479|0.00386938|0.00253789|0.00207309|0.00192129,1,0.9082047939300537,True,465,0.9082047939300537,True,465,0.9069345593452454,True,465,0.8406772613525391,True,465,0.8302757740020752,True,c12_correct
466,467,467_2.bmp,preprocessed_results\467\467_2.bmp,466,466,466,0.9281367063522339,467,0.003787956666201353,0.9243487496860325,466|467|470|35|490,0.92813671|0.00378796|0.00236065|0.00151891|0.00141118,1,0.9281367063522339,True,466,0.9281367063522339,True,466,0.9351160526275635,True,466,0.8387351632118225,True,466,0.7081406712532043,True,c12_correct
467,468,468_6.bmp,preprocessed_results\468\468_6.bmp,467,467,467,0.8975627422332764,489,0.0036716547328978777,0.8938910875003785,467|489|477|547|377,0.89756274|0.00367165|0.00327450|0.00323064|0.00282861,1,0.8975627422332764,True,467,0.8975627422332764,True,467,0.9228125810623169,True,467,0.8389483094215393,True,467,0.8378611207008362,True,c12_correct
468,469,469_9.bmp,preprocessed_results\469\469_9.bmp,468,468,468,0.7906879186630249,469,0.06419892609119415,0.7264889925718307,468|469|422|418|389,0.79068792|0.06419893|0.00459175|0.00415330|0.00346352,1,0.7906879186630249,True,468,0.7906879186630249,True,468,0.8984293341636658,True,468,0.8440496921539307,True,468,0.8083028793334961,True,c12_correct
469,470,470_2.bmp,preprocessed_results\470\470_2.bmp,469,469,469,0.8486915230751038,468,0.010252815671265125,0.8384387074038386,469|468|422|514|351,0.84869152|0.01025282|0.00809501|0.00723911|0.00548933,1,0.8486915230751038,True,469,0.8486915230751038,True,469,0.8778026700019836,True,469,0.8437231779098511,True,469,0.7384085655212402,True,c12_correct
470,471,471_5.bmp,preprocessed_results\471\471_5.bmp,470,470,470,0.8876331448554993,464,0.006458197720348835,0.8811749471351504,470|464|190|408|513,0.88763314|0.00645820|0.00494771|0.00427719|0.00361970,1,0.8876331448554993,True,470,0.8876331448554993,True,470,0.7261019349098206,True,470,0.811663806438446,True,470,0.7900039553642273,True,c12_correct
471,472,472_7.bmp,preprocessed_results\472\472_7.bmp,471,471,471,0.8957535028457642,125,0.002771798986941576,0.8929817038588226,471|125|542|405|46,0.89575350|0.00277180|0.00267579|0.00235768|0.00221360,1,0.8957535028457642,True,471,0.8957535028457642,True,471,0.9013407230377197,True,471,0.8126850128173828,True,471,0.8625997304916382,True,c12_correct
472,473,473_8.bmp,preprocessed_results\473\473_8.bmp,472,472,472,0.9097397923469543,473,0.004109844099730253,0.9056299482472241,472|473|397|470|40,0.90973979|0.00410984|0.00265892|0.00194752|0.00165866,1,0.9097397923469543,True,472,0.9097397923469543,True,472,0.9088041186332703,True,472,0.8292422294616699,True,472,0.9102038741111755,True,c12_correct
473,474,474_5.bmp,preprocessed_results\474\474_5.bmp,473,473,473,0.8702799677848816,472,0.005213678348809481,0.8650662894360721,473|472|508|347|483,0.87027997|0.00521368|0.00394140|0.00268505|0.00263354,1,0.8702799677848816,True,473,0.8702799677848816,True,473,0.897605299949646,True,473,0.8311772346496582,True,473,0.8162436485290527,True,c12_correct
474,475,475_10.bmp,preprocessed_results\475\475_10.bmp,474,474,474,0.9192350506782532,475,0.005299984011799097,0.9139350666664541,474|475|533|116|637,0.91923505|0.00529998|0.00148744|0.00130228|0.00112444,1,0.9192350506782532,True,474,0.9192350506782532,True,474,0.9257514476776123,True,474,0.8597701787948608,True,474,0.8653368353843689,True,c12_correct
475,476,476_5.bmp,preprocessed_results\476\476_5.bmp,475,475,475,0.8979064226150513,557,0.004718194715678692,0.8931882278993726,475|557|474|561|282,0.89790642|0.00471819|0.00467797|0.00382137|0.00291342,1,0.8979064226150513,True,475,0.8979064226150513,True,475,0.7519541382789612,True,475,0.8244870901107788,True,475,0.8108190894126892,True,c12_correct
476,477,477_1.bmp,preprocessed_results\477\477_1.bmp,476,476,476,0.6409933567047119,477,0.07742167264223099,0.5635716840624809,476|477|484|485|439,0.64099336|0.07742167|0.03689730|0.01621019|0.00735579,1,0.6409933567047119,True,476,0.6409933567047119,True,476,0.756567120552063,True,476,0.8199299573898315,True,476,0.7269499897956848,True,c12_correct
477,478,478_7.bmp,preprocessed_results\478\478_7.bmp,477,477,477,0.8511571288108826,476,0.010947579517960548,0.840209549292922,477|476|484|467|485,0.85115713|0.01094758|0.00671290|0.00345835|0.00260349,1,0.8511571288108826,True,477,0.8511571288108826,True,477,0.9024249911308289,True,477,0.8209660649299622,True,477,0.8592490553855896,True,c12_correct
478,479,479_5.bmp,preprocessed_results\479\479_5.bmp,478,478,478,0.8947266340255737,68,0.005343066528439522,0.8893835674971342,478|68|242|664|479,0.89472663|0.00534307|0.00481889|0.00351985|0.00327373,1,0.8947266340255737,True,478,0.8947266340255737,True,478,0.5948625206947327,True,478,0.7974658012390137,True,478,0.7989952564239502,True,c12_correct
479,480,480_4.bmp,preprocessed_results\480\480_4.bmp,479,479,479,0.8802027106285095,535,0.011716771870851517,0.868485938757658,479|535|538|478|475,0.88020271|0.01171677|0.00594961|0.00312043|0.00260810,1,0.8802027106285095,True,479,0.8802027106285095,True,479,0.8709864616394043,True,479,0.8217035531997681,True,479,0.8502179384231567,True,c12_correct
480,481,481_6.bmp,preprocessed_results\481\481_6.bmp,480,480,480,0.8961623311042786,481,0.006750448606908321,0.8894118824973702,480|481|529|394|402,0.89616233|0.00675045|0.00321506|0.00314625|0.00206917,1,0.8961623311042786,True,480,0.8961623311042786,True,480,0.8149152994155884,True,480,0.8314621448516846,True,480,0.86237633228302,True,c12_correct
481,482,482_7.bmp,preprocessed_results\482\482_7.bmp,481,481,481,0.857101559638977,510,0.010087750852108002,0.847013808786869,481|510|465|480|39,0.85710156|0.01008775|0.00696822|0.00287296|0.00274051,1,0.857101559638977,True,481,0.857101559638977,True,481,0.8376964926719666,True,481,0.8280289173126221,True,481,0.7661782503128052,True,c12_correct
482,483,483_9.bmp,preprocessed_results\483\483_9.bmp,482,482,482,0.9296143054962158,484,0.005394277162849903,0.9242200283333659,482|484|483|451|467,0.92961431|0.00539428|0.00253357|0.00208055|0.00166186,1,0.9296143054962158,True,482,0.9296143054962158,True,482,0.7329362034797668,True,482,0.8339354991912842,True,482,0.879608690738678,True,c12_correct
483,484,484_9.bmp,preprocessed_results\484\484_9.bmp,483,483,483,0.9222404956817627,482,0.002289103576913476,0.9199513921048492,483|482|514|227|415,0.92224050|0.00228910|0.00187082|0.00178079|0.00153630,1,0.9222404956817627,True,483,0.9222404956817627,True,483,0.7253075242042542,True,483,0.8191611766815186,True,483,0.8170647621154785,True,c12_correct
484,485,485_9.bmp,preprocessed_results\485\485_9.bmp,484,484,484,0.8616365194320679,485,0.010827655903995037,0.8508088635280728,484|485|477|464|476,0.86163652|0.01082766|0.00953183|0.00391553|0.00377069,1,0.8616365194320679,True,484,0.8616365194320679,True,484,0.8536112308502197,True,484,0.8338409066200256,True,484,0.7494290471076965,True,c12_correct
485,486,486_4.bmp,preprocessed_results\486\486_4.bmp,485,485,485,0.8770010471343994,477,0.008337326347827911,0.8686637207865715,485|477|432|484|473,0.87700105|0.00833733|0.00438397|0.00435288|0.00245036,1,0.8770010471343994,True,485,0.8770010471343994,True,485,0.8448038101196289,True,485,0.8359718322753906,True,485,0.8256142139434814,True,c12_correct
486,487,487_8.bmp,preprocessed_results\487\487_8.bmp,486,486,486,0.752816915512085,487,0.0688420757651329,0.6839748397469521,486|487|464|484|493,0.75281692|0.06884208|0.01663190|0.00796778|0.00714078,1,0.752816915512085,True,486,0.752816915512085,True,486,0.6228037476539612,True,486,0.8442103266716003,True,486,0.7294294238090515,True,c12_correct
487,488,488_2.bmp,preprocessed_results\488\488_2.bmp,487,487,487,0.7909268140792847,486,0.05465134233236313,0.7362754717469215,487|486|526|464|457,0.79092681|0.05465134|0.00615604|0.00404773|0.00396135,1,0.7909268140792847,True,487,0.7909268140792847,True,487,0.7792618870735168,True,487,0.8012044429779053,True,487,0.7528406977653503,True,c12_correct
488,489,489_8.bmp,preprocessed_results\489\489_8.bmp,488,488,488,0.8348533511161804,489,0.006237134337425232,0.8286162167787552,488|489|518|459|426,0.83485335|0.00623713|0.00329469|0.00224658|0.00183457,1,0.8348533511161804,True,488,0.8348533511161804,True,488,0.8568167686462402,True,488,0.7900928258895874,True,488,0.8381079435348511,True,c12_correct
489,490,490_2.bmp,preprocessed_results\490\490_2.bmp,489,489,489,0.8316042423248291,467,0.01483855489641428,0.8167656874284148,489|467|533|488|535,0.83160424|0.01483855|0.00520432|0.00425696|0.00325860,1,0.8316042423248291,True,489,0.8316042423248291,True,489,0.8219152688980103,True,489,0.8572245240211487,True,489,0.7876899242401123,True,c12_correct
490,491,491_2.bmp,preprocessed_results\491\491_2.bmp,490,490,490,0.9067361950874329,466,0.01134437881410122,0.8953918162733316,490|466|478|419|422,0.90673620|0.01134438|0.00378108|0.00287140|0.00266999,1,0.9067361950874329,True,490,0.9067361950874329,True,490,0.7424941658973694,True,490,0.8397802710533142,True,490,0.686689019203186,True,c12_correct
491,492,492_9.bmp,preprocessed_results\492\492_9.bmp,491,491,491,0.7186740636825562,415,0.016833465546369553,0.7018405981361866,491|415|514|375|463,0.71867406|0.01683347|0.01119290|0.00812162|0.00565572,1,0.7186740636825562,True,491,0.7186740636825562,True,491,0.8104493618011475,True,491,0.8335945010185242,True,491,0.8204584121704102,True,c12_correct
492,493,493_1.bmp,preprocessed_results\493\493_1.bmp,492,492,492,0.5541307926177979,493,0.027189742773771286,0.5269410498440266,492|493|503|508|526,0.55413079|0.02718974|0.02653454|0.02035051|0.01112949,1,0.5541307926177979,True,492,0.5541307926177979,True,492,0.19336239993572235,True,492,0.7570893168449402,True,492,0.37707045674324036,True,c12_correct
493,494,494_3.bmp,preprocessed_results\494\494_3.bmp,493,493,493,0.8277723789215088,492,0.010189447551965714,0.8175829313695431,493|492|461|489|377,0.82777238|0.01018945|0.00538341|0.00483729|0.00394184,1,0.8277723789215088,True,493,0.8277723789215088,True,493,0.8352253437042236,True,493,0.8244214057922363,True,493,0.8714358806610107,True,c12_correct
494,495,495_4.bmp,preprocessed_results\495\495_4.bmp,494,494,494,0.8297637701034546,80,0.003968685399740934,0.8257950847037137,494|80|495|35|470,0.82976377|0.00396869|0.00380115|0.00335194|0.00296127,1,0.8297637701034546,True,494,0.8297637701034546,True,494,0.927399754524231,True,494,0.8385035395622253,True,494,0.8312074542045593,True,c12_correct
495,496,496_6.bmp,preprocessed_results\496\496_6.bmp,495,495,495,0.8673414587974548,378,0.003903821809217334,0.8634376369882375,495|378|494|489|518,0.86734146|0.00390382|0.00301881|0.00205387|0.00204687,1,0.8673414587974548,True,495,0.8673414587974548,True,495,0.8537381291389465,True,495,0.8546514511108398,True,495,0.8285897374153137,True,c12_correct
496,497,497_1.bmp,preprocessed_results\497\497_1.bmp,496,496,496,0.24792268872261047,497,0.030429137870669365,0.2174935508519411,496|497|552|459|164,0.24792269|0.03042914|0.01797484|0.01609243|0.01523445,1,0.24792268872261047,True,496,0.24792268872261047,True,496,0.17623190581798553,True,496,0.7798049449920654,True,496,0.2604149281978607,True,c12_correct
497,498,498_9.bmp,preprocessed_results\498\498_9.bmp,497,497,497,0.32369300723075867,447,0.037996452301740646,0.285696554929018,497|447|8|459|423,0.32369301|0.03799645|0.02096362|0.02082787|0.01546615,1,0.32369300723075867,True,497,0.32369300723075867,True,497,0.5835350155830383,True,497,0.8248348832130432,True,497,0.7212235331535339,True,c12_correct
498,499,499_8.bmp,preprocessed_results\499\499_8.bmp,498,498,498,0.7335977554321289,462,0.027184853330254555,0.7064129021018744,498|462|506|405|463,0.73359776|0.02718485|0.02096808|0.00682738|0.00577931,1,0.7335977554321289,True,498,0.7335977554321289,True,498,0.9140306115150452,True,498,0.8492593169212341,True,498,0.805068850517273,True,c12_correct
499,500,500_10.bmp,preprocessed_results\500\500_10.bmp,499,499,499,0.7511962652206421,61,0.013914460316300392,0.7372818049043417,499|61|498|112|428,0.75119627|0.01391446|0.00947876|0.00817404|0.00744779,1,0.7511962652206421,True,499,0.7511962652206421,True,499,0.7168269753456116,True,499,0.8472002744674683,True,499,0.7729728817939758,True,c12_correct
500,501,501_3.bmp,preprocessed_results\501\501_3.bmp,500,500,500,0.810610830783844,502,0.008507362566888332,0.8021034682169557,500|502|281|426|387,0.81061083|0.00850736|0.00669011|0.00619358|0.00595306,1,0.810610830783844,True,500,0.810610830783844,True,500,0.9203007817268372,True,500,0.8355689644813538,True,500,0.7945132851600647,True,c12_correct
501,502,502_7.bmp,preprocessed_results\502\502_7.bmp,501,501,501,0.7179652452468872,511,0.011601805686950684,0.7063634395599365,501|511|416|334|461,0.71796525|0.01160181|0.00764891|0.00735931|0.00686278,1,0.7179652452468872,True,501,0.7179652452468872,True,501,0.7506052255630493,True,501,0.8522939682006836,True,501,0.81671142578125,True,c12_correct
502,503,503_4.bmp,preprocessed_results\503\503_4.bmp,502,502,502,0.922744631767273,500,0.003884188598021865,0.9188604431692511,502|500|430|207|493,0.92274463|0.00388419|0.00285734|0.00260606|0.00163768,1,0.922744631767273,True,502,0.922744631767273,True,502,0.6088289618492126,True,502,0.8347219228744507,True,502,0.8314885497093201,True,c12_correct
503,504,504_4.bmp,preprocessed_results\504\504_4.bmp,503,503,482,0.09919024258852005,468,0.06755585968494415,0.0316343829035759,482|468|66|148|484,0.09919024|0.06755586|0.04686261|0.04507392|0.03928436,47,0.0035010322462767363,False,482,0.09919024258852005,False,534,0.012089760974049568,False,503,0.028190873563289642,True,503,0.0738213062286377,True,teacher_all_correct;low_margin
504,505,505_10.bmp,preprocessed_results\505\505_10.bmp,504,504,504,0.8815479874610901,555,0.01086705643683672,0.8706809310242534,504|555|505|359|517,0.88154799|0.01086706|0.00870544|0.00321569|0.00286454,1,0.8815479874610901,True,504,0.8815479874610901,True,504,0.9343798160552979,True,504,0.8265007138252258,True,504,0.8717280626296997,True,c12_correct
505,506,506_10.bmp,preprocessed_results\506\506_10.bmp,505,505,505,0.8589862585067749,504,0.015122591517865658,0.8438636669889092,505|504|479|555|71,0.85898626|0.01512259|0.00401089|0.00319676|0.00277820,1,0.8589862585067749,True,505,0.8589862585067749,True,505,0.8419013023376465,True,505,0.824862003326416,True,505,0.7990568280220032,True,c12_correct
506,507,507_1.bmp,preprocessed_results\507\507_1.bmp,506,506,506,0.5111498832702637,403,0.02053934335708618,0.4906105399131775,506|403|499|365|407,0.51114988|0.02053934|0.01895755|0.01273534|0.01261086,1,0.5111498832702637,True,506,0.5111498832702637,True,506,0.7096995115280151,True,506,0.8113783597946167,True,506,0.6614295244216919,True,c12_correct
507,508,508_6.bmp,preprocessed_results\508\508_6.bmp,507,507,507,0.6354855298995972,336,0.02058551274240017,0.614900017157197,507|336|529|388|26,0.63548553|0.02058551|0.01516939|0.01144453|0.00768690,1,0.6354855298995972,True,507,0.6354855298995972,True,507,0.7128391861915588,True,507,0.8052840828895569,True,507,0.6986538767814636,True,c12_correct
508,509,509_8.bmp,preprocessed_results\509\509_8.bmp,508,508,508,0.8933426141738892,509,0.004149954300373793,0.8891926598735154,508|509|510|457|473,0.89334261|0.00414995|0.00364016|0.00291964|0.00277035,1,0.8933426141738892,True,508,0.8933426141738892,True,508,0.827589750289917,True,508,0.842714250087738,True,508,0.822607696056366,True,c12_correct
509,510,510_5.bmp,preprocessed_results\510\510_5.bmp,509,509,509,0.7425498962402344,350,0.005121795926243067,0.7374281003139913,509|350|180|444|238,0.74254990|0.00512180|0.00500505|0.00341257|0.00322861,1,0.7425498962402344,True,509,0.7425498962402344,True,509,0.7132691740989685,True,509,0.8207140564918518,True,509,0.7344158291816711,True,c12_correct
510,511,511_6.bmp,preprocessed_results\511\511_6.bmp,510,510,510,0.8479828238487244,511,0.009892559610307217,0.8380902642384171,510|511|481|473|418,0.84798282|0.00989256|0.00687955|0.00568364|0.00279354,1,0.8479828238487244,True,510,0.8479828238487244,True,510,0.8302801847457886,True,510,0.8476369976997375,True,510,0.7547556161880493,True,c12_correct
511,512,512_8.bmp,preprocessed_results\512\512_8.bmp,511,511,511,0.8501690626144409,510,0.012954557314515114,0.8372145052999258,511|510|416|203|365,0.85016906|0.01295456|0.00540313|0.00532482|0.00373714,1,0.8501690626144409,True,511,0.8501690626144409,True,511,0.8195828795433044,True,511,0.8413814306259155,True,511,0.8525072336196899,True,c12_correct
512,513,513_10.bmp,preprocessed_results\513\513_10.bmp,512,512,512,0.8588684797286987,356,0.0036121816374361515,0.8552562980912626,512|356|542|543|180,0.85886848|0.00361218|0.00289389|0.00272756|0.00261060,1,0.8588684797286987,True,512,0.8588684797286987,True,512,0.8089703321456909,True,512,0.8129591941833496,True,512,0.7567296028137207,True,c12_correct
513,514,514_5.bmp,preprocessed_results\514\514_5.bmp,513,513,513,0.9195902347564697,563,0.008389420807361603,0.9112008139491081,513|563|372|378|512,0.91959023|0.00838942|0.00267676|0.00229750|0.00175217,1,0.9195902347564697,True,513,0.9195902347564697,True,513,0.9172853231430054,True,513,0.8600581288337708,True,513,0.8800508975982666,True,c12_correct
514,515,515_9.bmp,preprocessed_results\515\515_9.bmp,514,514,514,0.8544214367866516,515,0.005613037850707769,0.8488083989359438,514|515|413|448|476,0.85442144|0.00561304|0.00447937|0.00333652|0.00273113,1,0.8544214367866516,True,514,0.8544214367866516,True,514,0.8656211495399475,True,514,0.8095507025718689,True,514,0.7963224649429321,True,c12_correct
515,516,516_8.bmp,preprocessed_results\516\516_8.bmp,515,515,515,0.4910188913345337,394,0.038780052214860916,0.4522388391196728,515|394|396|344|514,0.49101889|0.03878005|0.01754154|0.01631015|0.01354468,1,0.4910188913345337,True,515,0.4910188913345337,True,515,0.6109889149665833,True,515,0.8082057237625122,True,515,0.6910360455513,True,c12_correct
516,517,517_5.bmp,preprocessed_results\517\517_5.bmp,516,516,516,0.9045416712760925,517,0.006407236214727163,0.8981344350613654,516|517|387|351|495,0.90454167|0.00640724|0.00326977|0.00211168|0.00192096,1,0.9045416712760925,True,516,0.9045416712760925,True,516,0.8810247182846069,True,516,0.8561574220657349,True,516,0.8636320233345032,True,c12_correct
517,518,518_3.bmp,preprocessed_results\518\518_3.bmp,517,517,517,0.8912093639373779,539,0.0055414363741874695,0.8856679275631905,517|539|516|450|519,0.89120936|0.00554144|0.00445184|0.00295941|0.00266817,1,0.8912093639373779,True,517,0.8912093639373779,True,517,0.8423092365264893,True,517,0.8049063086509705,True,517,0.7985512614250183,True,c12_correct
518,519,519_9.bmp,preprocessed_results\519\519_9.bmp,518,518,518,0.8769731521606445,546,0.007781578693538904,0.8691915734671056,518|546|55|547|519,0.87697315|0.00778158|0.00386541|0.00378561|0.00334547,1,0.8769731521606445,True,518,0.8769731521606445,True,518,0.8140689730644226,True,518,0.8515801429748535,True,518,0.8244645595550537,True,c12_correct
519,520,520_6.bmp,preprocessed_results\520\520_6.bmp,519,519,519,0.8663596510887146,416,0.0039531090296804905,0.8624065420590341,519|416|461|55|381,0.86635965|0.00395311|0.00387760|0.00380785|0.00297506,1,0.8663596510887146,True,519,0.8663596510887146,True,519,0.8117327690124512,True,519,0.8426928520202637,True,519,0.7862889170646667,True,c12_correct
520,521,521_5.bmp,preprocessed_results\521\521_5.bmp,520,520,520,0.8527234196662903,521,0.017134321853518486,0.8355890978127718,520|521|238|544|413,0.85272342|0.01713432|0.00313845|0.00304053|0.00257892,1,0.8527234196662903,True,520,0.8527234196662903,True,520,0.8655318021774292,True,520,0.8458176255226135,True,520,0.8818084001541138,True,c12_correct
521,522,522_8.bmp,preprocessed_results\522\522_8.bmp,521,521,521,0.862558901309967,520,0.01887672021985054,0.8436821810901165,521|520|444|436|135,0.86255890|0.01887672|0.00335115|0.00319107|0.00227917,1,0.862558901309967,True,521,0.862558901309967,True,521,0.8288049101829529,True,521,0.814247190952301,True,521,0.8515796661376953,True,c12_correct
522,523,523_9.bmp,preprocessed_results\523\523_9.bmp,522,522,522,0.8508368134498596,523,0.007113842759281397,0.8437229706905782,522|523|16|407|401,0.85083681|0.00711384|0.00572699|0.00518117|0.00489702,1,0.8508368134498596,True,522,0.8508368134498596,True,522,0.8966403007507324,True,522,0.8360264897346497,True,522,0.8502647876739502,True,c12_correct
523,524,524_5.bmp,preprocessed_results\524\524_5.bmp,523,523,523,0.8354672789573669,522,0.02155614085495472,0.8139111381024122,523|522|443|365|233,0.83546728|0.02155614|0.00460552|0.00315632|0.00294465,1,0.8354672789573669,True,523,0.8354672789573669,True,523,0.8649977445602417,True,523,0.8427602648735046,True,523,0.8132157921791077,True,c12_correct
524,525,525_6.bmp,preprocessed_results\525\525_6.bmp,524,524,524,0.8889933824539185,420,0.0019353135721758008,0.8870580688817427,524|420|240|287|470,0.88899338|0.00193531|0.00177253|0.00158351|0.00154304,1,0.8889933824539185,True,524,0.8889933824539185,True,524,0.8779066801071167,True,524,0.8492957353591919,True,524,0.8300513625144958,True,c12_correct
525,526,526_7.bmp,preprocessed_results\526\526_7.bmp,525,525,525,0.8861141800880432,524,0.002843751572072506,0.8832704285159707,525|524|527|426|199,0.88611418|0.00284375|0.00262576|0.00256362|0.00201779,1,0.8861141800880432,True,525,0.8861141800880432,True,525,0.8663102984428406,True,525,0.8488562703132629,True,525,0.8479049205780029,True,c12_correct
526,527,527_3.bmp,preprocessed_results\527\527_3.bmp,526,526,526,0.8216137290000916,527,0.005664762109518051,0.8159489668905735,526|527|514|477|412,0.82161373|0.00566476|0.00481456|0.00322209|0.00270373,1,0.8216137290000916,True,526,0.8216137290000916,True,526,0.78758704662323,True,526,0.8476907014846802,True,526,0.8150076270103455,True,c12_correct
527,528,528_8.bmp,preprocessed_results\528\528_8.bmp,527,527,527,0.8645661473274231,526,0.006616999860852957,0.8579491474665701,527|526|493|489|181,0.86456615|0.00661700|0.00282505|0.00254853|0.00243282,1,0.8645661473274231,True,527,0.8645661473274231,True,527,0.8568797707557678,True,527,0.8370013236999512,True,527,0.8195081353187561,True,c12_correct
528,529,529_10.bmp,preprocessed_results\529\529_10.bmp,528,528,528,0.7213683724403381,506,0.01138373464345932,0.7099846377968788,528|506|544|239|398,0.72136837|0.01138373|0.00664849|0.00577695|0.00576035,1,0.7213683724403381,True,528,0.7213683724403381,True,528,0.7740767002105713,True,528,0.8174744248390198,True,528,0.6879824995994568,True,c12_correct
529,530,530_5.bmp,preprocessed_results\530\530_5.bmp,529,529,529,0.857873260974884,507,0.013075534254312515,0.8447977267205715,529|507|528|388|267,0.85787326|0.01307553|0.00518688|0.00468510|0.00356959,1,0.857873260974884,True,529,0.857873260974884,True,529,0.8812710046768188,True,529,0.839743435382843,True,529,0.8540804982185364,True,c12_correct
530,531,531_7.bmp,preprocessed_results\531\531_7.bmp,530,530,530,0.7269566655158997,531,0.01597074791789055,0.7109859175980091,530|531|407|558|152,0.72695667|0.01597075|0.00974874|0.00926760|0.00767278,1,0.7269566655158997,True,530,0.7269566655158997,True,530,0.7831916213035583,True,530,0.8326126337051392,True,530,0.8483911752700806,True,c12_correct
531,532,532_8.bmp,preprocessed_results\532\532_8.bmp,531,531,531,0.8925679326057434,530,0.01572113297879696,0.8768467996269464,531|530|219|439|103,0.89256793|0.01572113|0.00236562|0.00233440|0.00189495,1,0.8925679326057434,True,531,0.8925679326057434,True,531,0.6934899091720581,True,531,0.84482741355896,True,531,0.7451040148735046,True,c12_correct
532,533,533_3.bmp,preprocessed_results\533\533_3.bmp,532,532,532,0.7920697331428528,479,0.01254364475607872,0.7795260883867741,532|479|436|538|552,0.79206973|0.01254364|0.00925002|0.00484481|0.00452868,1,0.7920697331428528,True,532,0.7920697331428528,True,532,0.9072022438049316,True,532,0.7976082563400269,True,532,0.8073616027832031,True,c12_correct
533,534,534_9.bmp,preprocessed_results\534\534_9.bmp,533,533,533,0.8993033170700073,273,0.004878009203821421,0.8944253078661859,533|273|489|547|376,0.89930332|0.00487801|0.00357692|0.00319393|0.00286577,1,0.8993033170700073,True,533,0.8993033170700073,True,533,0.9275917410850525,True,533,0.8342698812484741,True,533,0.8599106669425964,True,c12_correct
534,535,535_2.bmp,preprocessed_results\535\535_2.bmp,534,534,534,0.517382025718689,148,0.014088232070207596,0.5032937936484814,534|148|332|181|180,0.51738203|0.01408823|0.01117773|0.00925361|0.00807546,1,0.517382025718689,True,534,0.517382025718689,True,534,0.3317716717720032,True,534,0.7262925505638123,True,534,0.29744553565979004,True,c12_correct
535,536,536_8.bmp,preprocessed_results\536\536_8.bmp,535,535,535,0.8653200268745422,555,0.0031967018730938435,0.8621233250014484,535|555|448|479|27,0.86532003|0.00319670|0.00306557|0.00292150|0.00277506,1,0.8653200268745422,True,535,0.8653200268745422,True,535,0.8084248304367065,True,535,0.8425214886665344,True,535,0.7911618947982788,True,c12_correct
536,537,537_9.bmp,preprocessed_results\537\537_9.bmp,536,536,536,0.878416895866394,374,0.003721171524375677,0.8746957243420184,536|374|347|535|395,0.87841690|0.00372117|0.00244157|0.00239172|0.00233515,1,0.878416895866394,True,536,0.878416895866394,True,536,0.7912564277648926,True,536,0.8333178758621216,True,536,0.8338385820388794,True,c12_correct
537,538,538_9.bmp,preprocessed_results\538\538_9.bmp,537,537,537,0.9262126684188843,355,0.004318952094763517,0.9218937163241208,537|355|536|354|145,0.92621267|0.00431895|0.00342955|0.00294240|0.00206963,1,0.9262126684188843,True,537,0.9262126684188843,True,537,0.8843194246292114,True,537,0.8462104201316833,True,537,0.8593040704727173,True,c12_correct
538,539,539_3.bmp,preprocessed_results\539\539_3.bmp,538,538,538,0.794559121131897,479,0.017587987706065178,0.7769711334258318,538|479|362|469|455,0.79455912|0.01758799|0.00742725|0.00572754|0.00531140,1,0.794559121131897,True,538,0.794559121131897,True,538,0.5942493677139282,True,538,0.8424755930900574,True,538,0.6969955563545227,True,c12_correct
539,540,540_2.bmp,preprocessed_results\540\540_2.bmp,539,539,539,0.7069579362869263,504,0.00795176811516285,0.6990061681717634,539|504|533|537|478,0.70695794|0.00795177|0.00776833|0.00733039|0.00512021,1,0.7069579362869263,True,539,0.7069579362869263,True,539,0.7741122245788574,True,539,0.8419188857078552,True,539,0.8500657081604004,True,c12_correct
540,541,541_10.bmp,preprocessed_results\541\541_10.bmp,540,540,540,0.8902400135993958,558,0.0052843252196908,0.884955688379705,540|558|541|283|532,0.89024001|0.00528433|0.00520231|0.00442132|0.00360400,1,0.8902400135993958,True,540,0.8902400135993958,True,540,0.9362656474113464,True,540,0.8091968297958374,True,540,0.8896350264549255,True,c12_correct
541,542,542_5.bmp,preprocessed_results\542\542_5.bmp,541,541,541,0.7806943655014038,540,0.012976836413145065,0.7677175290882587,541|540|20|598|225,0.78069437|0.01297684|0.00598668|0.00580828|0.00530098,1,0.7806943655014038,True,541,0.7806943655014038,True,541,0.8399538397789001,True,541,0.8411489129066467,True,541,0.8643888235092163,True,c12_correct
542,543,543_6.bmp,preprocessed_results\543\543_6.bmp,542,542,542,0.8653804659843445,543,0.011935770511627197,0.8534446954727173,542|543|471|243|138,0.86538047|0.01193577|0.00411790|0.00327123|0.00298840,1,0.8653804659843445,True,542,0.8653804659843445,True,542,0.8808819651603699,True,542,0.8367440700531006,True,542,0.8033409118652344,True,c12_correct
543,544,544_4.bmp,preprocessed_results\544\544_4.bmp,543,543,543,0.5659946799278259,542,0.07464556396007538,0.49134911596775055,543|542|512|536|180,0.56599468|0.07464556|0.03628085|0.00910733|0.00814354,1,0.5659946799278259,True,543,0.5659946799278259,True,543,0.16607996821403503,True,543,0.42461761832237244,True,543,0.5148686766624451,True,c12_correct
544,545,545_6.bmp,preprocessed_results\545\545_6.bmp,544,544,544,0.8518334627151489,12,0.009217549115419388,0.8426159135997295,544|12|180|421|543,0.85183346|0.00921755|0.00518260|0.00486570|0.00357765,1,0.8518334627151489,True,544,0.8518334627151489,True,544,0.8962070345878601,True,544,0.8263787627220154,True,544,0.8093364238739014,True,c12_correct
545,546,546_4.bmp,preprocessed_results\546\546_4.bmp,545,545,545,0.8319365382194519,344,0.01080920547246933,0.8211273327469826,545|344|322|96|313,0.83193654|0.01080921|0.00605328|0.00556484|0.00378631,1,0.8319365382194519,True,545,0.8319365382194519,True,545,0.8967752456665039,True,545,0.8560627102851868,True,545,0.84101802110672,True,c12_correct
546,547,547_3.bmp,preprocessed_results\547\547_3.bmp,546,546,546,0.6359223127365112,518,0.017144588753581047,0.6187777239829302,546|518|547|705|464,0.63592231|0.01714459|0.01054464|0.00723366|0.00633783,1,0.6359223127365112,True,546,0.6359223127365112,True,546,0.7849562764167786,True,546,0.8555740118026733,True,546,0.6904088258743286,True,c12_correct
547,548,548_9.bmp,preprocessed_results\548\548_9.bmp,547,547,547,0.8134076595306396,546,0.008251837454736233,0.8051558220759034,547|546|409|518|495,0.81340766|0.00825184|0.00616162|0.00598274|0.00548274,1,0.8134076595306396,True,547,0.8134076595306396,True,547,0.6334936022758484,True,547,0.8497468829154968,True,547,0.7485069036483765,True,c12_correct
548,549,549_10.bmp,preprocessed_results\549\549_10.bmp,548,548,548,0.8893446922302246,549,0.0073096915148198605,0.8820350007154047,548|549|294|437|801,0.88934469|0.00730969|0.00307455|0.00288985|0.00258744,1,0.8893446922302246,True,548,0.8893446922302246,True,548,0.874372124671936,True,548,0.8416139483451843,True,548,0.8429470062255859,True,c12_correct
549,550,550_1.bmp,preprocessed_results\550\550_1.bmp,549,549,549,0.4029768407344818,548,0.08400160074234009,0.3189752399921417,549|548|134|451|294,0.40297684|0.08400160|0.02112595|0.01358702|0.01344610,1,0.4029768407344818,True,549,0.4029768407344818,True,549,0.5067136287689209,True,549,0.7926397323608398,True,549,0.6053488850593567,True,c12_correct
550,551,551_3.bmp,preprocessed_results\551\551_3.bmp,550,550,550,0.8979704976081848,483,0.005839567631483078,0.8921309299767017,550|483|358|357|540,0.89797050|0.00583957|0.00550932|0.00490640|0.00439192,1,0.8979704976081848,True,550,0.8979704976081848,True,550,0.7952713370323181,True,550,0.8383545875549316,True,550,0.7009209990501404,True,c12_correct
551,552,552_9.bmp,preprocessed_results\552\552_9.bmp,551,551,551,0.8557515144348145,550,0.006941549945622683,0.8488099644891918,551|550|362|432|358,0.85575151|0.00694155|0.00266639|0.00265200|0.00204962,1,0.8557515144348145,True,551,0.8557515144348145,True,551,0.8618177175521851,True,551,0.8283205628395081,True,551,0.8357982635498047,True,c12_correct
552,553,553_3.bmp,preprocessed_results\553\553_3.bmp,552,552,552,0.8616602420806885,86,0.013133888132870197,0.8485263539478183,552|86|152|282|117,0.86166024|0.01313389|0.00463591|0.00383679|0.00358329,1,0.8616602420806885,True,552,0.8616602420806885,True,552,0.8545439839363098,True,552,0.8149360418319702,True,552,0.7994791269302368,True,c12_correct
553,554,554_2.bmp,preprocessed_results\554\554_2.bmp,553,553,553,0.7697004675865173,513,0.006240855436772108,0.7634596121497452,553|513|563|552|164,0.76970047|0.00624086|0.00516543|0.00441446|0.00382825,1,0.7697004675865173,True,553,0.7697004675865173,True,553,0.8480286002159119,True,553,0.8277097344398499,True,553,0.7632375359535217,True,c12_correct
554,555,555_8.bmp,preprocessed_results\555\555_8.bmp,554,554,554,0.8844420909881592,555,0.008930708281695843,0.8755113827064633,554|555|751|347|505,0.88444209|0.00893071|0.00380277|0.00317339|0.00295907,1,0.8844420909881592,True,554,0.8844420909881592,True,554,0.8374891877174377,True,554,0.8094587326049805,True,554,0.798941969871521,True,c12_correct
555,556,556_3.bmp,preprocessed_results\556\556_3.bmp,555,555,555,0.8776236176490784,504,0.014975436963140965,0.8626481806859374,555|504|554|505|455,0.87762362|0.01497544|0.01039907|0.00291530|0.00277839,1,0.8776236176490784,True,555,0.8776236176490784,True,555,0.9200707674026489,True,555,0.842933177947998,True,555,0.8176687359809875,True,c12_correct
556,557,557_8.bmp,preprocessed_results\557\557_8.bmp,556,556,556,0.8761119246482849,557,0.004797895904630423,0.8713140287436545,556|557|359|35|454,0.87611192|0.00479790|0.00371535|0.00238333|0.00230956,1,0.8761119246482849,True,556,0.8761119246482849,True,556,0.8734621405601501,True,556,0.8128315806388855,True,556,0.8671649098396301,True,c12_correct
557,558,558_8.bmp,preprocessed_results\558\558_8.bmp,557,557,557,0.896560549736023,556,0.006441957782953978,0.890118591953069,557|556|559|475|474,0.89656055|0.00644196|0.00600237|0.00428796|0.00335746,1,0.896560549736023,True,557,0.896560549736023,True,557,0.8359882831573486,True,557,0.8468859195709229,True,557,0.8355513215065002,True,c12_correct
558,559,559_7.bmp,preprocessed_results\559\559_7.bmp,558,558,558,0.8664542436599731,530,0.00866775680333376,0.8577864868566394,558|530|514|227|226,0.86645424|0.00866776|0.00561734|0.00389575|0.00332238,1,0.8664542436599731,True,558,0.8664542436599731,True,558,0.8294911980628967,True,558,0.8262139558792114,True,558,0.8168430924415588,True,c12_correct
559,560,560_3.bmp,preprocessed_results\560\560_3.bmp,559,559,559,0.8314060568809509,475,0.015686998143792152,0.8157190587371588,559|475|557|479|376,0.83140606|0.01568700|0.00946249|0.00732143|0.00348127,1,0.8314060568809509,True,559,0.8314060568809509,True,559,0.8080613613128662,True,559,0.8404749035835266,True,559,0.7618443369865417,True,c12_correct
560,561,561_3.bmp,preprocessed_results\561\561_3.bmp,560,560,560,0.8441840410232544,673,0.0035105301067233086,0.8406735109165311,560|673|561|333|479,0.84418404|0.00351053|0.00336360|0.00309855|0.00304797,1,0.8441840410232544,True,560,0.8441840410232544,True,560,0.844511866569519,True,560,0.8274595737457275,True,560,0.8677397966384888,True,c12_correct
561,562,562_7.bmp,preprocessed_results\562\562_7.bmp,561,561,561,0.8232143521308899,247,0.006325023248791695,0.8168893288820982,561|247|554|560|475,0.82321435|0.00632502|0.00609411|0.00526137|0.00469206,1,0.8232143521308899,True,561,0.8232143521308899,True,561,0.8221206665039062,True,561,0.8221179842948914,True,561,0.8431116938591003,True,c12_correct
562,563,563_7.bmp,preprocessed_results\563\563_7.bmp,562,562,562,0.8853563666343689,563,0.011596513912081718,0.8737598527222872,562|563|536|561|229,0.88535637|0.01159651|0.00322154|0.00191741|0.00178030,1,0.8853563666343689,True,562,0.8853563666343689,True,562,0.8896483182907104,True,562,0.8021352887153625,True,562,0.8164016604423523,True,c12_correct
563,564,564_3.bmp,preprocessed_results\564\564_3.bmp,563,563,563,0.7911332845687866,562,0.008863775990903378,0.7822695085778832,563|562|358|513|557,0.79113328|0.00886378|0.00853928|0.00838319|0.00547206,1,0.7911332845687866,True,563,0.7911332845687866,True,563,0.8333712816238403,True,563,0.8184922337532043,True,563,0.8542077541351318,True,c12_correct
564,565,565_9.bmp,preprocessed_results\565\565_9.bmp,564,564,564,0.9071154594421387,565,0.01076371781527996,0.8963517416268587,564|565|666|247|684,0.90711546|0.01076372|0.00215592|0.00206718|0.00191052,1,0.9071154594421387,True,564,0.9071154594421387,True,564,0.7058294415473938,True,564,0.8118752837181091,True,564,0.8225021362304688,True,c12_correct
565,566,566_7.bmp,preprocessed_results\566\566_7.bmp,565,565,565,0.8697323203086853,564,0.003420480526983738,0.8663118397817016,565|564|42|273|156,0.86973232|0.00342048|0.00335644|0.00291800|0.00253655,1,0.8697323203086853,True,565,0.8697323203086853,True,565,0.82013338804245,True,565,0.8045112490653992,True,565,0.7207930684089661,True,c12_correct
566,567,567_7.bmp,preprocessed_results\567\567_7.bmp,566,566,566,0.7852659821510315,624,0.009093282744288445,0.776172699406743,566|624|118|567|80,0.78526598|0.00909328|0.00378957|0.00376419|0.00372507,1,0.7852659821510315,True,566,0.7852659821510315,True,566,0.7641646265983582,True,566,0.810370147228241,True,566,0.7816810011863708,True,c12_correct
567,568,568_8.bmp,preprocessed_results\568\568_8.bmp,567,567,567,0.7848731279373169,141,0.009674353525042534,0.7751987744122744,567|141|566|434|299,0.78487313|0.00967435|0.00708190|0.00560034|0.00493185,1,0.7848731279373169,True,567,0.7848731279373169,True,567,0.891059160232544,True,567,0.8459230065345764,True,567,0.8694577813148499,True,c12_correct
568,569,569_5.bmp,preprocessed_results\569\569_5.bmp,568,568,568,0.7330114245414734,187,0.019573096185922623,0.7134383283555508,568|187|186|624|828,0.73301142|0.01957310|0.01518996|0.00689582|0.00688076,1,0.7330114245414734,True,568,0.7330114245414734,True,568,0.3284417688846588,True,568,0.8109583258628845,True,568,0.6579229235649109,True,c12_correct
569,570,570_9.bmp,preprocessed_results\570\570_9.bmp,569,569,569,0.8444653749465942,284,0.004654547665268183,0.8398108272813261,569|284|564|38|605,0.84446537|0.00465455|0.00382002|0.00373782|0.00301388,1,0.8444653749465942,True,569,0.8444653749465942,True,569,0.8762131333351135,True,569,0.8326850533485413,True,569,0.8026889562606812,True,c12_correct
570,571,571_5.bmp,preprocessed_results\571\571_5.bmp,570,570,570,0.8001980185508728,824,0.011882209219038486,0.7883158093318343,570|824|658|571|682,0.80019802|0.01188221|0.01025879|0.00710373|0.00632243,1,0.8001980185508728,True,570,0.8001980185508728,True,570,0.8145580291748047,True,570,0.8402755856513977,True,570,0.829820990562439,True,c12_correct
571,572,572_10.bmp,preprocessed_results\572\572_10.bmp,571,571,571,0.7258620858192444,824,0.013332429341971874,0.7125296564772725,571|824|759|570|683,0.72586209|0.01333243|0.00960476|0.00770745|0.00393768,1,0.7258620858192444,True,571,0.7258620858192444,True,571,0.7043437361717224,True,571,0.8432472944259644,True,571,0.6774974465370178,True,c12_correct
572,573,573_7.bmp,preprocessed_results\573\573_7.bmp,572,572,572,0.91228187084198,573,0.0035748849622905254,0.9087069858796895,572|573|279|780|596,0.91228187|0.00357488|0.00225778|0.00179317|0.00166015,1,0.91228187084198,True,572,0.91228187084198,True,572,0.9032832384109497,True,572,0.8480008840560913,True,572,0.8271405696868896,True,c12_correct
573,574,574_4.bmp,preprocessed_results\574\574_4.bmp,573,573,573,0.8752669095993042,181,0.0035016434267163277,0.8717652661725879,573|181|761|613|679,0.87526691|0.00350164|0.00261546|0.00222681|0.00218291,1,0.8752669095993042,True,573,0.8752669095993042,True,573,0.8737680912017822,True,573,0.8598915338516235,True,573,0.8191491961479187,True,c12_correct
574,575,575_7.bmp,preprocessed_results\575\575_7.bmp,574,574,574,0.6070639491081238,705,0.00979558564722538,0.5972683634608984,574|705|804|348|600,0.60706395|0.00979559|0.00892736|0.00646410|0.00614342,1,0.6070639491081238,True,574,0.6070639491081238,True,574,0.6000933647155762,True,574,0.8483745455741882,True,574,0.6838150024414062,True,c12_correct
575,576,576_5.bmp,preprocessed_results\576\576_5.bmp,575,575,575,0.6811586022377014,798,0.015012768097221851,0.6661458341404796,575|798|622|147|165,0.68115860|0.01501277|0.00861403|0.00746163|0.00724685,1,0.6811586022377014,True,575,0.6811586022377014,True,575,0.4106456935405731,True,575,0.7709347009658813,True,575,0.3296733498573303,True,c12_correct
576,577,577_4.bmp,preprocessed_results\577\577_4.bmp,576,576,576,0.6758313179016113,577,0.0943031758069992,0.5815281420946121,576|577|273|676|272,0.67583132|0.09430318|0.04963601|0.00978042|0.00533919,1,0.6758313179016113,True,576,0.6758313179016113,True,576,0.7005963325500488,True,576,0.8066973090171814,True,576,0.652164876461029,True,c12_correct
577,578,578_9.bmp,preprocessed_results\578\578_9.bmp,577,577,577,0.6399372816085815,649,0.06932096183300018,0.5706163197755814,577|649|635|576|743,0.63993728|0.06932096|0.04144724|0.01422949|0.01381726,1,0.6399372816085815,True,577,0.6399372816085815,True,577,0.486961305141449,True,577,0.8196503520011902,True,577,0.7975424528121948,True,c12_correct
578,579,579_10.bmp,preprocessed_results\579\579_10.bmp,578,578,578,0.9114481806755066,579,0.0054718004539608955,0.9059763802215457,578|579|624|564|272,0.91144818|0.00547180|0.00328347|0.00312822|0.00262294,1,0.9114481806755066,True,578,0.9114481806755066,True,578,0.8128853440284729,True,578,0.8431575894355774,True,578,0.8384861350059509,True,c12_correct
579,580,580_4.bmp,preprocessed_results\580\580_4.bmp,579,579,579,0.7597514986991882,225,0.009073743596673012,0.7506777551025152,579|225|793|578|341,0.75975150|0.00907374|0.00669582|0.00397007|0.00336548,1,0.7597514986991882,True,579,0.7597514986991882,True,579,0.6658768057823181,True,579,0.7939478754997253,True,579,0.7486945986747742,True,c12_correct
580,581,581_2.bmp,preprocessed_results\581\581_2.bmp,580,580,580,0.8414960503578186,581,0.007122010458260775,0.8343740398995578,580|581|730|237|670,0.84149605|0.00712201|0.00706306|0.00321903|0.00281852,1,0.8414960503578186,True,580,0.8414960503578186,True,580,0.9284958243370056,True,580,0.8277145624160767,True,580,0.8693168759346008,True,c12_correct
581,582,582_6.bmp,preprocessed_results\582\582_6.bmp,581,581,581,0.760928213596344,580,0.012348261661827564,0.7485799519345164,581|580|670|730|829,0.76092821|0.01234826|0.01008779|0.00539186|0.00472405,1,0.760928213596344,True,581,0.760928213596344,True,581,0.8728988766670227,True,581,0.8266555070877075,True,581,0.8007642030715942,True,c12_correct
582,583,583_8.bmp,preprocessed_results\583\583_8.bmp,582,582,582,0.8432291746139526,729,0.00895280484110117,0.8342763697728515,582|729|583|661|740,0.84322917|0.00895280|0.00828871|0.00669459|0.00554723,1,0.8432291746139526,True,582,0.8432291746139526,True,582,0.7595785856246948,True,582,0.8471682071685791,True,582,0.6714209318161011,True,c12_correct
583,584,584_4.bmp,preprocessed_results\584\584_4.bmp,583,583,583,0.7030165195465088,582,0.03590047359466553,0.6671160459518433,583|582|225|640|803,0.70301652|0.03590047|0.01457854|0.00554319|0.00540227,1,0.7030165195465088,True,583,0.7030165195465088,True,583,0.6009465456008911,True,583,0.8454543352127075,True,583,0.7781446576118469,True,c12_correct
584,585,585_1.bmp,preprocessed_results\585\585_1.bmp,584,584,584,0.823673665523529,832,0.007316987961530685,0.8163566775619984,584|832|606|31|181,0.82367367|0.00731699|0.00559732|0.00426569|0.00419268,1,0.823673665523529,True,584,0.823673665523529,True,584,0.7324533462524414,True,584,0.8085829019546509,True,584,0.7725411653518677,True,c12_correct
585,586,586_8.bmp,preprocessed_results\586\586_8.bmp,585,585,585,0.8633845448493958,730,0.004787645768374205,0.8585968990810215,585|730|584|592|787,0.86338454|0.00478765|0.00392891|0.00241102|0.00172314,1,0.8633845448493958,True,585,0.8633845448493958,True,585,0.8758999705314636,True,585,0.8405324220657349,True,585,0.853384792804718,True,c12_correct
586,587,587_8.bmp,preprocessed_results\587\587_8.bmp,586,586,586,0.8518599271774292,595,0.004194648936390877,0.8476652782410383,586|595|710|645|625,0.85185993|0.00419465|0.00385992|0.00363190|0.00359651,1,0.8518599271774292,True,586,0.8518599271774292,True,586,0.7731673717498779,True,586,0.834930419921875,True,586,0.8065755367279053,True,c12_correct
587,588,588_4.bmp,preprocessed_results\588\588_4.bmp,587,587,587,0.8708004355430603,744,0.004862002097070217,0.8659384334459901,587|744|775|720|655,0.87080044|0.00486200|0.00306114|0.00278397|0.00228637,1,0.8708004355430603,True,587,0.8708004355430603,True,587,0.8325669169425964,True,587,0.8259183168411255,True,587,0.8950766324996948,True,c12_correct
588,589,589_5.bmp,preprocessed_results\589\589_5.bmp,588,588,588,0.8895907998085022,729,0.0028706497978419065,0.8867201500106603,588|729|788|829|722,0.88959080|0.00287065|0.00226246|0.00196775|0.00193247,1,0.8895907998085022,True,588,0.8895907998085022,True,588,0.838396430015564,True,588,0.8360456824302673,True,588,0.7844556570053101,True,c12_correct
589,590,590_6.bmp,preprocessed_results\590\590_6.bmp,589,589,589,0.8912542462348938,653,0.006911430042237043,0.8843428161926568,589|653|588|739|216,0.89125425|0.00691143|0.00522519|0.00399031|0.00394989,1,0.8912542462348938,True,589,0.8912542462348938,True,589,0.8990544080734253,True,589,0.8296301960945129,True,589,0.8656368255615234,True,c12_correct
590,591,591_8.bmp,preprocessed_results\591\591_8.bmp,590,590,590,0.6577527523040771,644,0.010285260155797005,0.6474674921482801,590|644|672|591|645,0.65775275|0.01028526|0.00875971|0.00778070|0.00630420,1,0.6577527523040771,True,590,0.6577527523040771,True,590,0.8320532441139221,True,590,0.8213177919387817,True,590,0.8012827038764954,True,c12_correct
591,592,592_10.bmp,preprocessed_results\592\592_10.bmp,591,591,591,0.7673470973968506,590,0.012661010026931763,0.7546860873699188,591|590|678|564|606,0.76734710|0.01266101|0.00752531|0.00530114|0.00331557,1,0.7673470973968506,True,591,0.7673470973968506,True,591,0.8048316240310669,True,591,0.8026928901672363,True,591,0.7980667948722839,True,c12_correct
592,593,593_6.bmp,preprocessed_results\593\593_6.bmp,592,592,592,0.5514602065086365,823,0.02269081585109234,0.5287693906575441,592|823|714|712|805,0.55146021|0.02269082|0.01087681|0.01066508|0.00702639,1,0.5514602065086365,True,592,0.5514602065086365,True,592,0.6329646110534668,True,592,0.8152289390563965,True,592,0.5561684370040894,True,c12_correct
593,594,594_9.bmp,preprocessed_results\594\594_9.bmp,593,593,593,0.8090619444847107,592,0.003992748446762562,0.8050691960379481,593|592|674|747|600,0.80906194|0.00399275|0.00354330|0.00278969|0.00277100,1,0.8090619444847107,True,593,0.8090619444847107,True,593,0.8596174716949463,True,593,0.8215174078941345,True,593,0.8312087655067444,True,c12_correct
594,595,595_2.bmp,preprocessed_results\595\595_2.bmp,594,594,594,0.05391779541969299,768,0.03259842097759247,0.021319374442100525,594|768|623|735|65,0.05391780|0.03259842|0.02633149|0.01851890|0.01848306,1,0.05391779541969299,True,594,0.05391779541969299,True,594,0.1351948380470276,True,594,0.5024271607398987,True,594,0.041368599981069565,True,c12_correct
595,596,596_1.bmp,preprocessed_results\596\596_1.bmp,595,595,595,0.9567438960075378,738,0.001973793376237154,0.9547701026313007,595|738|762|594|610,0.95674390|0.00197379|0.00163707|0.00156061|0.00122722,1,0.9567438960075378,True,595,0.9567438960075378,True,595,0.8340688943862915,True,595,0.811821460723877,True,595,0.7921245098114014,True,c12_correct
596,597,597_4.bmp,preprocessed_results\597\597_4.bmp,596,596,596,0.7919290065765381,612,0.03056022711098194,0.7613687794655561,596|612|799|606|613,0.79192901|0.03056023|0.02376750|0.00328482|0.00326950,1,0.7919290065765381,True,596,0.7919290065765381,True,596,0.8494617342948914,True,596,0.8299543261528015,True,596,0.8173383474349976,True,c12_correct
597,598,598_1.bmp,preprocessed_results\598\598_1.bmp,597,597,597,0.6959164142608643,588,0.012156452052295208,0.683759962208569,597|588|585|829|612,0.69591641|0.01215645|0.01018430|0.01000387|0.00748088,1,0.6959164142608643,True,597,0.6959164142608643,True,597,0.8094093799591064,True,597,0.8379803895950317,True,597,0.6959353089332581,True,c12_correct
598,599,599_6.bmp,preprocessed_results\599\599_6.bmp,598,598,598,0.7416558265686035,599,0.04695981368422508,0.6946960128843784,598|599|504|505|531,0.74165583|0.04695981|0.00736866|0.00660000|0.00447805,1,0.7416558265686035,True,598,0.7416558265686035,True,598,0.7206870317459106,True,598,0.8373162150382996,True,598,0.6950010061264038,True,c12_correct
599,600,600_1.bmp,preprocessed_results\600\600_1.bmp,599,599,599,0.3938960134983063,598,0.0822993740439415,0.3115966394543648,599|598|648|102|272,0.39389601|0.08229937|0.00924978|0.00827652|0.00690335,1,0.3938960134983063,True,599,0.3938960134983063,True,599,0.5601286888122559,True,599,0.8072377443313599,True,599,0.714825451374054,True,c12_correct
600,601,601_4.bmp,preprocessed_results\601\601_4.bmp,600,600,600,0.7038642764091492,653,0.03725877404212952,0.6666055023670197,600|653|803|680|641,0.70386428|0.03725877|0.01791870|0.00685940|0.00663751,1,0.7038642764091492,True,600,0.7038642764091492,True,600,0.702908456325531,True,600,0.8082936406135559,True,600,0.7221542596817017,True,c12_correct
601,602,602_4.bmp,preprocessed_results\602\602_4.bmp,601,601,601,0.8725521564483643,577,0.004597870633006096,0.8679542858153582,601|577|789|641|629,0.87255216|0.00459787|0.00434273|0.00427344|0.00264082,1,0.8725521564483643,True,601,0.8725521564483643,True,601,0.8022288084030151,True,601,0.8422353267669678,True,601,0.8066268563270569,True,c12_correct
602,603,603_5.bmp,preprocessed_results\603\603_5.bmp,602,602,602,0.7233020067214966,603,0.015336512587964535,0.707965494133532,602|603|585|605|730,0.72330201|0.01533651|0.00553947|0.00415357|0.00304784,1,0.7233020067214966,True,602,0.7233020067214966,True,602,0.637692928314209,True,602,0.8323687314987183,True,602,0.6936464309692383,True,c12_correct
603,604,604_1.bmp,preprocessed_results\604\604_1.bmp,603,603,603,0.6032519340515137,170,0.012724816799163818,0.5905271172523499,603|170|674|632|730,0.60325193|0.01272482|0.01039154|0.00891333|0.00797593,1,0.6032519340515137,True,603,0.6032519340515137,True,603,0.8316977024078369,True,603,0.8260597586631775,True,603,0.7750232815742493,True,c12_correct
604,605,605_2.bmp,preprocessed_results\605\605_2.bmp,604,604,604,0.8323794007301331,605,0.02265743538737297,0.8097219653427601,604|605|644|333|356,0.83237940|0.02265744|0.01134179|0.00363700|0.00336042,1,0.8323794007301331,True,604,0.8323794007301331,True,604,0.898590087890625,True,604,0.8196991086006165,True,604,0.8681185841560364,True,c12_correct
605,606,606_2.bmp,preprocessed_results\606\606_2.bmp,605,605,605,0.3483692705631256,604,0.0307270810008049,0.3176421895623207,605|604|679|114|585,0.34836927|0.03072708|0.01905880|0.01339633|0.01237721,1,0.3483692705631256,True,605,0.3483692705631256,True,605,0.5807172656059265,True,605,0.840211033821106,True,605,0.7095798850059509,True,c12_correct
606,607,607_7.bmp,preprocessed_results\607\607_7.bmp,606,606,606,0.8316025733947754,832,0.012033851817250252,0.8195687215775251,606|832|584|678|679,0.83160257|0.01203385|0.00681229|0.00379389|0.00325239,1,0.8316025733947754,True,606,0.8316025733947754,True,606,0.808849573135376,True,606,0.8225315809249878,True,606,0.7336457371711731,True,c12_correct
607,608,608_7.bmp,preprocessed_results\608\608_7.bmp,607,607,607,0.8720605969429016,606,0.012142450548708439,0.8599181463941932,607|606|832|584|612,0.87206060|0.01214245|0.00388957|0.00334330|0.00296203,1,0.8720605969429016,True,607,0.8720605969429016,True,607,0.8555631041526794,True,607,0.7839940786361694,True,607,0.8409034609794617,True,c12_correct
608,609,609_8.bmp,preprocessed_results\609\609_8.bmp,608,608,608,0.7265492081642151,609,0.08764274418354034,0.6389064639806747,608|609|802|737|356,0.72654921|0.08764274|0.00594251|0.00535085|0.00527368,1,0.7265492081642151,True,608,0.7265492081642151,True,608,0.9104138612747192,True,608,0.8216097354888916,True,608,0.8106690645217896,True,c12_correct
609,610,610_7.bmp,preprocessed_results\610\610_7.bmp,609,609,609,0.8969686031341553,608,0.009700494818389416,0.8872681083157659,609|608|718|774|692,0.89696860|0.00970049|0.00431658|0.00421021|0.00275905,1,0.8969686031341553,True,609,0.8969686031341553,True,609,0.4277072548866272,True,609,0.827454686164856,True,609,0.8200046420097351,True,c12_correct
610,611,611_2.bmp,preprocessed_results\611\611_2.bmp,610,610,610,0.3417190611362457,788,0.017036592587828636,0.3246824685484171,610|788|659|690|805,0.34171906|0.01703659|0.01254889|0.01197606|0.01118842,1,0.3417190611362457,True,610,0.3417190611362457,True,610,0.3709578514099121,True,610,0.7673488855361938,True,610,0.4211404025554657,True,c12_correct
611,612,612_8.bmp,preprocessed_results\612\612_8.bmp,611,611,611,0.8702388405799866,127,0.004158966243267059,0.8660798743367195,611|127|610|788|437,0.87023884|0.00415897|0.00391836|0.00338817|0.00336605,1,0.8702388405799866,True,611,0.8702388405799866,True,611,0.8876060843467712,True,611,0.8179609179496765,True,611,0.8912956118583679,True,c12_correct
612,613,613_5.bmp,preprocessed_results\613\613_5.bmp,612,612,612,0.3534092605113983,656,0.037900492548942566,0.31550876796245575,612|656|606|596|595,0.35340926|0.03790049|0.02258052|0.02209904|0.01864480,1,0.3534092605113983,True,612,0.3534092605113983,True,612,0.30603092908859253,True,612,0.792716920375824,True,612,0.605542004108429,True,c12_correct
613,614,614_2.bmp,preprocessed_results\614\614_2.bmp,613,613,613,0.81179279088974,607,0.013633869588375092,0.7981589213013649,613|607|730|612|709,0.81179279|0.01363387|0.00932248|0.00784478|0.00604729,1,0.81179279088974,True,613,0.81179279088974,True,613,0.7792367935180664,True,613,0.8169025182723999,True,613,0.7798118591308594,True,c12_correct
614,615,615_7.bmp,preprocessed_results\615\615_7.bmp,614,614,614,0.8690224885940552,623,0.020313413813710213,0.848709074780345,614|623|615|731|730,0.86902249|0.02031341|0.01876461|0.00305581|0.00244036,1,0.8690224885940552,True,614,0.8690224885940552,True,614,0.28471139073371887,True,614,0.8083599805831909,True,614,0.46218010783195496,True,c12_correct
615,616,616_7.bmp,preprocessed_results\616\616_7.bmp,615,615,615,0.5767203569412231,614,0.09208444505929947,0.4846359118819237,615|614|745|731|575,0.57672036|0.09208445|0.00887452|0.00692253|0.00614481,1,0.5767203569412231,True,615,0.5767203569412231,True,615,0.818782389163971,True,615,0.8276355266571045,True,615,0.693838894367218,True,c12_correct
616,617,617_5.bmp,preprocessed_results\617\617_5.bmp,616,616,616,0.26886826753616333,617,0.02119254134595394,0.2476757261902094,616|617|813|821|685,0.26886827|0.02119254|0.01861014|0.01136767|0.01036970,1,0.26886826753616333,True,616,0.26886826753616333,True,616,0.4340938329696655,True,616,0.7842610478401184,True,616,0.5446008443832397,True,c12_correct
617,618,618_8.bmp,preprocessed_results\618\618_8.bmp,617,617,617,0.5203247666358948,616,0.028053399175405502,0.4922713674604893,617|616|758|612|636,0.52032477|0.02805340|0.01667228|0.01258086|0.01198968,1,0.5203247666358948,True,617,0.5203247666358948,True,617,0.6538663506507874,True,617,0.7917538285255432,True,617,0.6308088898658752,True,c12_correct
618,619,619_8.bmp,preprocessed_results\619\619_8.bmp,618,618,618,0.7627339363098145,637,0.026390958577394485,0.73634297773242,618|637|750|655|636,0.76273394|0.02639096|0.00689452|0.00630746|0.00572926,1,0.7627339363098145,True,618,0.7627339363098145,True,618,0.8699744939804077,True,618,0.8300392031669617,True,618,0.811296284198761,True,c12_correct
619,620,620_9.bmp,preprocessed_results\620\620_9.bmp,619,619,619,0.831177294254303,565,0.006895707920193672,0.8242815863341093,619|565|583|803|700,0.83117729|0.00689571|0.00578274|0.00294880|0.00231271,1,0.831177294254303,True,619,0.831177294254303,True,619,0.9164095520973206,True,619,0.8396556973457336,True,619,0.8786786794662476,True,c12_correct
620,621,621_8.bmp,preprocessed_results\621\621_8.bmp,620,620,620,0.8912695050239563,737,0.00973318051546812,0.8815363245084882,620|737|660|757|621,0.89126951|0.00973318|0.00373629|0.00241831|0.00237219,1,0.8912695050239563,True,620,0.8912695050239563,True,620,0.6989827156066895,True,620,0.8205710053443909,True,620,0.8061519861221313,True,c12_correct
621,622,622_8.bmp,preprocessed_results\622\622_8.bmp,621,621,621,0.8672078251838684,825,0.0059080482460558414,0.8612997769378126,621|825|755|790|819,0.86720783|0.00590805|0.00487249|0.00425550|0.00347125,1,0.8672078251838684,True,621,0.8672078251838684,True,621,0.8494077920913696,True,621,0.8268380165100098,True,621,0.8445371985435486,True,c12_correct
622,623,623_9.bmp,preprocessed_results\623\623_9.bmp,622,622,622,0.3254398703575134,181,0.04589483141899109,0.27954503893852234,622|181|354|174|804,0.32543987|0.04589483|0.01885350|0.01635758|0.00980133,1,0.3254398703575134,True,622,0.3254398703575134,True,622,0.023671835660934448,True,622,0.6581400036811829,True,622,0.10168912261724472,True,c12_correct
623,624,624_6.bmp,preprocessed_results\624\624_6.bmp,623,623,623,0.8646906614303589,731,0.010062702931463718,0.8546279584988952,623|731|614|615|575,0.86469066|0.01006270|0.00962824|0.00754035|0.00546342,1,0.8646906614303589,True,623,0.8646906614303589,True,623,0.27208808064460754,True,623,0.8195009827613831,True,623,0.7239165306091309,True,c12_correct
624,625,625_4.bmp,preprocessed_results\625\625_4.bmp,624,624,624,0.6849589347839355,828,0.03944180905818939,0.6455171257257462,624|828|625|672|578,0.68495893|0.03944181|0.01948154|0.00613126|0.00522418,1,0.6849589347839355,True,624,0.6849589347839355,True,624,0.6685619950294495,True,624,0.8169474005699158,True,624,0.6100174784660339,True,c12_correct
625,626,626_10.bmp,preprocessed_results\626\626_10.bmp,625,625,625,0.790490984916687,829,0.01515515148639679,0.7753358334302902,625|829|711|656|710,0.79049098|0.01515515|0.00783154|0.00462621|0.00461102,1,0.790490984916687,True,625,0.790490984916687,True,625,0.6291863322257996,True,625,0.8303066492080688,True,625,0.7000053524971008,True,c12_correct
626,627,627_3.bmp,preprocessed_results\627\627_3.bmp,626,626,626,0.7353993654251099,726,0.02825491689145565,0.7071444485336542,626|726|595|13|690,0.73539937|0.02825492|0.01198303|0.00719824|0.00568579,1,0.7353993654251099,True,626,0.7353993654251099,True,626,0.5901753902435303,True,626,0.8347569704055786,True,626,0.7940283417701721,True,c12_correct
627,628,628_5.bmp,preprocessed_results\628\628_5.bmp,627,627,627,0.7510346174240112,626,0.014078844338655472,0.7369557730853558,627|626|753|313|770,0.75103462|0.01407884|0.00844214|0.00544866|0.00505275,1,0.7510346174240112,True,627,0.7510346174240112,True,627,0.8968281745910645,True,627,0.8485985398292542,True,627,0.8010682463645935,True,c12_correct
628,629,629_1.bmp,preprocessed_results\629\629_1.bmp,628,628,628,0.7938964366912842,629,0.04434039071202278,0.7495560459792614,628|629|31|41|745,0.79389644|0.04434039|0.00753824|0.00443817|0.00423408,1,0.7938964366912842,True,628,0.7938964366912842,True,628,0.8888077735900879,True,628,0.8408412337303162,True,628,0.749374270439148,True,c12_correct
629,630,630_10.bmp,preprocessed_results\630\630_10.bmp,629,629,629,0.7042669653892517,628,0.01539632584899664,0.6888706395402551,629|628|601|645|812,0.70426697|0.01539633|0.00476236|0.00372460|0.00357897,1,0.7042669653892517,True,629,0.7042669653892517,True,629,0.8557741641998291,True,629,0.825927197933197,True,629,0.7697530388832092,True,c12_correct
630,631,631_5.bmp,preprocessed_results\631\631_5.bmp,630,630,630,0.8389164209365845,633,0.0051806229166686535,0.8337357980199158,630|633|631|689|636,0.83891642|0.00518062|0.00480808|0.00411780|0.00273881,1,0.8389164209365845,True,630,0.8389164209365845,True,630,0.7907403707504272,True,630,0.8087314963340759,True,630,0.6561229825019836,True,c12_correct
631,632,632_7.bmp,preprocessed_results\632\632_7.bmp,631,631,631,0.30844277143478394,630,0.10872914642095566,0.19971362501382828,631|630|681|721|512,0.30844277|0.10872915|0.07435350|0.03344557|0.01980098,1,0.30844277143478394,True,631,0.30844277143478394,True,631,0.28559058904647827,True,631,0.6269147396087646,True,631,0.30591651797294617,True,c12_correct
632,633,633_5.bmp,preprocessed_results\633\633_5.bmp,632,632,632,0.5661419630050659,205,0.01630033180117607,0.5498416312038898,632|205|340|501|694,0.56614196|0.01630033|0.01553262|0.00852994|0.00760292,1,0.5661419630050659,True,632,0.5661419630050659,True,632,0.7804486155509949,True,632,0.8148478269577026,True,632,0.7747930884361267,True,c12_correct
633,634,634_6.bmp,preprocessed_results\634\634_6.bmp,633,633,633,0.8550525307655334,769,0.004982468672096729,0.8500700620934367,633|769|585|793|775,0.85505253|0.00498247|0.00361895|0.00265144|0.00254045,1,0.8550525307655334,True,633,0.8550525307655334,True,633,0.8500492572784424,True,633,0.8421072959899902,True,633,0.8671535849571228,True,c12_correct
634,635,635_7.bmp,preprocessed_results\635\635_7.bmp,634,634,634,0.8845432996749878,635,0.00929927732795477,0.875244022347033,634|635|802|677|598,0.88454330|0.00929928|0.00630814|0.00359444|0.00326842,1,0.8845432996749878,True,634,0.8845432996749878,True,634,0.8750883340835571,True,634,0.8179458975791931,True,634,0.8784717321395874,True,c12_correct
635,636,636_4.bmp,preprocessed_results\636\636_4.bmp,635,635,635,0.7467395663261414,634,0.009275155141949654,0.7374644111841917,635|634|649|577|677,0.74673957|0.00927516|0.00848262|0.00612816|0.00486019,1,0.7467395663261414,True,635,0.7467395663261414,True,635,0.34251144528388977,True,635,0.7981862425804138,True,635,0.6458693742752075,True,c12_correct
636,637,637_6.bmp,preprocessed_results\637\637_6.bmp,636,636,636,0.1763683408498764,708,0.03151972219347954,0.14484861865639687,636|708|637|612|594,0.17636834|0.03151972|0.02027807|0.01528225|0.01346036,1,0.1763683408498764,True,636,0.1763683408498764,True,636,0.3811275064945221,True,636,0.7207691669464111,True,636,0.3900849223136902,True,c12_correct
637,638,638_5.bmp,preprocessed_results\638\638_5.bmp,637,637,637,0.7389432787895203,636,0.015411805361509323,0.7235314734280109,637|636|474|618|750,0.73894328|0.01541181|0.01395623|0.00615097|0.00587373,1,0.7389432787895203,True,637,0.7389432787895203,True,637,0.5954379439353943,True,637,0.8297706842422485,True,637,0.6080052852630615,True,c12_correct
638,639,639_2.bmp,preprocessed_results\639\639_2.bmp,638,638,638,0.8408554792404175,740,0.008774511516094208,0.8320809677243233,638|740|639|732|786,0.84085548|0.00877451|0.00650911|0.00333138|0.00289604,1,0.8408554792404175,True,638,0.8408554792404175,True,638,0.8092776536941528,True,638,0.8303149342536926,True,638,0.8251897096633911,True,c12_correct
639,640,640_5.bmp,preprocessed_results\640\640_5.bmp,639,639,639,0.7708348631858826,638,0.026279151439666748,0.7445557117462158,639|638|741|114|667,0.77083486|0.02627915|0.00475054|0.00429197|0.00409416,1,0.7708348631858826,True,639,0.7708348631858826,True,639,0.8479583859443665,True,639,0.831378698348999,True,639,0.7896431088447571,True,c12_correct
640,641,641_3.bmp,preprocessed_results\641\641_3.bmp,640,640,640,0.8012838959693909,804,0.018525172024965286,0.7827587239444256,640|804|666|648|144,0.80128390|0.01852517|0.00951821|0.00902878|0.00499421,1,0.8012838959693909,True,640,0.8012838959693909,True,640,0.48953163623809814,True,640,0.7389493584632874,True,640,0.615608811378479,True,c12_correct
641,642,642_6.bmp,preprocessed_results\642\642_6.bmp,641,641,641,0.6298288702964783,814,0.024269862100481987,0.6055590081959963,641|814|805|630|577,0.62982887|0.02426986|0.01436710|0.01073120|0.00875880,1,0.6298288702964783,True,641,0.6298288702964783,True,641,0.5348408818244934,True,641,0.7617475986480713,True,641,0.6499571800231934,True,c12_correct
642,643,643_1.bmp,preprocessed_results\643\643_1.bmp,642,642,642,0.8851942420005798,643,0.004382386803627014,0.8808118551969528,642|643|588|719|704,0.88519424|0.00438239|0.00266124|0.00148290|0.00146616,1,0.8851942420005798,True,642,0.8851942420005798,True,642,0.8334652185440063,True,642,0.8592438697814941,True,642,0.844412624835968,True,c12_correct
643,644,644_4.bmp,preprocessed_results\644\644_4.bmp,643,643,643,0.8739141225814819,654,0.004301684908568859,0.8696124376729131,643|654|698|667|284,0.87391412|0.00430168|0.00376911|0.00365827|0.00355064,1,0.8739141225814819,True,643,0.8739141225814819,True,643,0.757024884223938,True,643,0.8212904334068298,True,643,0.7109177708625793,True,c12_correct
644,645,645_2.bmp,preprocessed_results\645\645_2.bmp,644,644,644,0.7674777507781982,604,0.028449714183807373,0.7390280365943909,644|604|678|645|590,0.76747775|0.02844971|0.00682822|0.00652749|0.00550713,1,0.7674777507781982,True,644,0.7674777507781982,True,644,0.740349531173706,True,644,0.8282961249351501,True,644,0.7284954190254211,True,c12_correct
645,646,646_5.bmp,preprocessed_results\646\646_5.bmp,645,645,645,0.8465133905410767,644,0.02109081856906414,0.8254225719720125,645|644|680|637|827,0.84651339|0.02109082|0.01468957|0.00424095|0.00422550,1,0.8465133905410767,True,645,0.8465133905410767,True,645,0.7541916370391846,True,645,0.8337938189506531,True,645,0.8159314393997192,True,c12_correct
646,647,647_5.bmp,preprocessed_results\647\647_5.bmp,646,646,646,0.8903968930244446,139,0.00545839499682188,0.8849384980276227,646|139|111|708|268,0.89039689|0.00545839|0.00376122|0.00362335|0.00357790,1,0.8903968930244446,True,646,0.8903968930244446,True,646,0.8776431679725647,True,646,0.8447206020355225,True,646,0.831527054309845,True,c12_correct
647,648,648_8.bmp,preprocessed_results\648\648_8.bmp,647,647,647,0.8675609230995178,701,0.007329154759645462,0.8602317683398724,647|701|700|63|339,0.86756092|0.00732915|0.00527133|0.00357502|0.00332081,1,0.8675609230995178,True,647,0.8675609230995178,True,647,0.8684585690498352,True,647,0.8317281603813171,True,647,0.7524805068969727,True,c12_correct
648,649,649_8.bmp,preprocessed_results\649\649_8.bmp,648,648,635,0.16016724705696106,648,0.05788828432559967,0.10227896273136139,635|648|634|720|649,0.16016725|0.05788828|0.04899364|0.04499412|0.03286569,2,0.05788828432559967,True,635,0.16016724705696106,False,648,0.11128096282482147,True,648,0.7768216729164124,True,648,0.1880190223455429,True,teacher_all_correct;true_in_top5
649,650,650_7.bmp,preprocessed_results\650\650_7.bmp,649,649,649,0.6070202589035034,689,0.05575885251164436,0.551261406391859,649|689|635|721|688,0.60702026|0.05575885|0.03475110|0.02927116|0.01857217,1,0.6070202589035034,True,649,0.6070202589035034,True,649,0.7068547010421753,True,649,0.8300508856773376,True,649,0.7391310334205627,True,c12_correct
650,651,651_8.bmp,preprocessed_results\651\651_8.bmp,650,650,650,0.8663378953933716,651,0.012034812942147255,0.8543030824512243,650|651|810|696|17,0.86633790|0.01203481|0.00833328|0.00515546|0.00324787,1,0.8663378953933716,True,650,0.8663378953933716,True,650,0.7359526753425598,True,650,0.8402119278907776,True,650,0.7608921527862549,True,c12_correct
651,652,652_8.bmp,preprocessed_results\652\652_8.bmp,651,651,651,0.8563933968544006,650,0.011495986953377724,0.8448974099010229,651|650|710|791|813,0.85639340|0.01149599|0.00345396|0.00323407|0.00302712,1,0.8563933968544006,True,651,0.8563933968544006,True,651,0.9092772006988525,True,651,0.8375067114830017,True,651,0.8474342226982117,True,c12_correct
652,653,653_6.bmp,preprocessed_results\653\653_6.bmp,652,652,652,0.8541297316551208,653,0.007774796336889267,0.8463549353182316,652|653|76|216|437,0.85412973|0.00777480|0.00204775|0.00203539|0.00199999,1,0.8541297316551208,True,652,0.8541297316551208,True,652,0.8050265312194824,True,652,0.8557862043380737,True,652,0.8084131479263306,True,c12_correct
653,654,654_2.bmp,preprocessed_results\654\654_2.bmp,653,653,653,0.8728960752487183,652,0.01296065840870142,0.8599354168400168,653|652|589|681|803,0.87289608|0.01296066|0.00300616|0.00270518|0.00216288,1,0.8728960752487183,True,653,0.8728960752487183,True,653,0.8893001079559326,True,653,0.8034396171569824,True,653,0.8083924055099487,True,c12_correct
654,655,655_9.bmp,preprocessed_results\655\655_9.bmp,654,654,654,0.856195330619812,667,0.002585606649518013,0.853609723970294,654|667|224|751|732,0.85619533|0.00258561|0.00257844|0.00239724|0.00226196,1,0.856195330619812,True,654,0.856195330619812,True,654,0.9074268937110901,True,654,0.8469024896621704,True,654,0.8431201577186584,True,c12_correct
655,656,656_2.bmp,preprocessed_results\656\656_2.bmp,655,655,655,0.8202446699142456,587,0.007569293025881052,0.8126753768883646,655|587|224|767|339,0.82024467|0.00756929|0.00514244|0.00437747|0.00358666,1,0.8202446699142456,True,655,0.8202446699142456,True,655,0.861706018447876,True,655,0.8345526456832886,True,655,0.7915332913398743,True,c12_correct
656,657,657_7.bmp,preprocessed_results\657\657_7.bmp,656,656,656,0.7446856498718262,612,0.012005481868982315,0.7326801680028439,656|612|607|658|625,0.74468565|0.01200548|0.00653604|0.00500771|0.00428926,1,0.7446856498718262,True,656,0.7446856498718262,True,656,0.8960912823677063,True,656,0.8378342986106873,True,656,0.8541589379310608,True,c12_correct
657,658,658_6.bmp,preprocessed_results\658\658_6.bmp,657,657,657,0.29513102769851685,719,0.05435744673013687,0.24077358096837997,657|719|769|713|671,0.29513103|0.05435745|0.02749741|0.01903901|0.01532790,1,0.29513102769851685,True,657,0.29513102769851685,True,657,0.38508695363998413,True,657,0.8212250471115112,True,657,0.5697774887084961,True,c12_correct
658,659,659_5.bmp,preprocessed_results\659\659_5.bmp,658,658,658,0.7964316010475159,729,0.010291111655533314,0.7861404893919826,658|729|570|656|659,0.79643160|0.01029111|0.00527543|0.00489622|0.00457789,1,0.7964316010475159,True,658,0.7964316010475159,True,658,0.7804256677627563,True,658,0.84274822473526,True,658,0.7636809945106506,True,c12_correct
659,660,660_6.bmp,preprocessed_results\660\660_6.bmp,659,659,659,0.8136587142944336,708,0.015486247837543488,0.7981724664568901,659|708|587|712|632,0.81365871|0.01548625|0.00441530|0.00416632|0.00372837,1,0.8136587142944336,True,659,0.8136587142944336,True,659,0.8799626231193542,True,659,0.8294431567192078,True,659,0.8062250018119812,True,c12_correct
660,661,661_8.bmp,preprocessed_results\661\661_8.bmp,660,660,660,0.8607046008110046,261,0.017245670780539513,0.8434589300304651,660|261|620|650|830,0.86070460|0.01724567|0.00459680|0.00261951|0.00250958,1,0.8607046008110046,True,660,0.8607046008110046,True,660,0.7146506905555725,True,660,0.8423738479614258,True,660,0.7999226450920105,True,c12_correct
661,662,662_3.bmp,preprocessed_results\662\662_3.bmp,661,661,661,0.763964056968689,735,0.020657286047935486,0.7433067709207535,661|735|759|582|291,0.76396406|0.02065729|0.00750190|0.00596473|0.00474706,1,0.763964056968689,True,661,0.763964056968689,True,661,0.7410330772399902,True,661,0.7986645102500916,True,661,0.7257075309753418,True,c12_correct
662,663,663_4.bmp,preprocessed_results\663\663_4.bmp,662,662,662,0.868091344833374,663,0.02964893914759159,0.8384424056857824,662|663|752|206|784,0.86809134|0.02964894|0.00307163|0.00272296|0.00210045,1,0.868091344833374,True,662,0.868091344833374,True,662,0.8482135534286499,True,662,0.8355651497840881,True,662,0.8401483297348022,True,c12_correct
663,664,664_2.bmp,preprocessed_results\664\664_2.bmp,663,663,663,0.8936108350753784,662,0.004560288041830063,0.8890505470335484,663|662|51|50|597,0.89361084|0.00456029|0.00249731|0.00189375|0.00188231,1,0.8936108350753784,True,663,0.8936108350753784,True,663,0.8180405497550964,True,663,0.8204469084739685,True,663,0.8323892951011658,True,c12_correct
664,665,665_7.bmp,preprocessed_results\665\665_7.bmp,664,664,664,0.9065610766410828,478,0.003485294757410884,0.9030757818836719,664|478|684|259|622,0.90656108|0.00348529|0.00166569|0.00164874|0.00162611,1,0.9065610766410828,True,664,0.9065610766410828,True,664,0.8094494342803955,True,664,0.8256710171699524,True,664,0.7714526653289795,True,c12_correct
665,666,666_10.bmp,preprocessed_results\666\666_10.bmp,665,665,665,0.8648992776870728,143,0.0037090559490025043,0.8611902217380702,665|143|641|640|664,0.86489928|0.00370906|0.00307420|0.00275573|0.00272251,1,0.8648992776870728,True,665,0.8648992776870728,True,665,0.8493893146514893,True,665,0.8404381275177002,True,665,0.8486233353614807,True,c12_correct
666,667,667_6.bmp,preprocessed_results\667\667_6.bmp,666,666,666,0.7236323952674866,667,0.050499327480793,0.6731330677866936,666|667|640|805|641,0.72363240|0.05049933|0.01474719|0.01329142|0.01189405,1,0.7236323952674866,True,666,0.7236323952674866,True,666,0.8738091588020325,True,666,0.8207194805145264,True,666,0.8297033905982971,True,c12_correct
667,668,668_2.bmp,preprocessed_results\668\668_2.bmp,667,667,667,0.48534971475601196,666,0.028246309608221054,0.4571034051477909,667|666|805|641|720,0.48534971|0.02824631|0.01434814|0.01145028|0.01047071,1,0.48534971475601196,True,667,0.48534971475601196,True,667,0.6630561947822571,True,667,0.7951633334159851,True,667,0.4848223030567169,True,c12_correct
668,669,669_10.bmp,preprocessed_results\669\669_10.bmp,668,668,668,0.9148038625717163,571,0.003078337060287595,0.9117255255114287,668|571|669|770|671,0.91480386|0.00307834|0.00289271|0.00284457|0.00269427,1,0.9148038625717163,True,668,0.9148038625717163,True,668,0.8858882784843445,True,668,0.8419224619865417,True,668,0.8599560260772705,True,c12_correct
669,670,670_7.bmp,preprocessed_results\670\670_7.bmp,669,669,669,0.6256866455078125,668,0.051432665437459946,0.5742539800703526,669|668|671|683|592,0.62568665|0.05143267|0.04089882|0.02353411|0.00954919,1,0.6256866455078125,True,669,0.6256866455078125,True,669,0.37516382336616516,True,669,0.8061708807945251,True,669,0.5370157957077026,True,c12_correct
670,671,671_7.bmp,preprocessed_results\671\671_7.bmp,670,670,670,0.29512566328048706,829,0.06811907142400742,0.22700659185647964,670|829|729|722|580,0.29512566|0.06811907|0.02251909|0.02048188|0.01570979,1,0.29512566328048706,True,670,0.29512566328048706,True,670,0.667723536491394,True,670,0.8263224959373474,True,670,0.7176429033279419,True,c12_correct
671,672,672_9.bmp,preprocessed_results\672\672_9.bmp,671,671,671,0.7730301022529602,670,0.00951712392270565,0.7635129783302546,671|670|627|715|668,0.77303010|0.00951712|0.00845841|0.00819976|0.00531943,1,0.7730301022529602,True,671,0.7730301022529602,True,671,0.825165867805481,True,671,0.8283267021179199,True,671,0.8297877907752991,True,c12_correct
672,673,673_1.bmp,preprocessed_results\673\673_1.bmp,672,672,672,0.609177827835083,808,0.029506368562579155,0.5796714592725039,672|808|666|673|640,0.60917783|0.02950637|0.01631411|0.01433046|0.01329403,1,0.609177827835083,True,672,0.609177827835083,True,672,0.632642924785614,True,672,0.8298543691635132,True,672,0.7457426190376282,True,c12_correct
673,674,674_1.bmp,preprocessed_results\674\674_1.bmp,673,673,673,0.8428601026535034,672,0.01487954892218113,0.8279805537313223,673|672|333|719|808,0.84286010|0.01487955|0.00659039|0.00312389|0.00251589,1,0.8428601026535034,True,673,0.8428601026535034,True,673,0.6771842837333679,True,673,0.8346313834190369,True,673,0.8120169043540955,True,c12_correct
674,675,675_1.bmp,preprocessed_results\675\675_1.bmp,674,674,674,0.8696916103363037,675,0.006949760019779205,0.8627418503165245,674|675|340|770|292,0.86969161|0.00694976|0.00538096|0.00391442|0.00305226,1,0.8696916103363037,True,674,0.8696916103363037,True,674,0.8729297518730164,True,674,0.8369001150131226,True,674,0.8675593137741089,True,c12_correct
675,676,676_4.bmp,preprocessed_results\676\676_4.bmp,675,675,675,0.7203332185745239,674,0.009328367188572884,0.711004851385951,675|674|671|729|311,0.72033322|0.00932837|0.00609926|0.00599997|0.00594548,1,0.7203332185745239,True,675,0.7203332185745239,True,675,0.652470588684082,True,675,0.8207762241363525,True,675,0.6689297556877136,True,c12_correct
676,677,677_8.bmp,preprocessed_results\677\677_8.bmp,676,676,676,0.915757417678833,686,0.0032114561181515455,0.9125459615606815,676|686|720|576|750,0.91575742|0.00321146|0.00316956|0.00244924|0.00217296,1,0.915757417678833,True,676,0.915757417678833,True,676,0.9276899099349976,True,676,0.8227919340133667,True,676,0.8042450547218323,True,c12_correct
677,678,678_6.bmp,preprocessed_results\678\678_6.bmp,677,677,677,0.8272759318351746,802,0.01230565644800663,0.8149702753871679,677|802|634|577|750,0.82727593|0.01230566|0.00756802|0.00754407|0.00639094,1,0.8272759318351746,True,677,0.8272759318351746,True,677,0.7219314575195312,True,677,0.827867329120636,True,677,0.7647194862365723,True,c12_correct
678,679,679_8.bmp,preprocessed_results\679\679_8.bmp,678,678,678,0.12096571177244186,591,0.0572156086564064,0.06375010311603546,678|591|564|569|565,0.12096571|0.05721561|0.05152010|0.02967587|0.02041928,1,0.12096571177244186,True,678,0.12096571177244186,True,678,0.18638832867145538,True,678,0.7605376839637756,True,678,0.3744686245918274,True,c12_correct
679,680,680_3.bmp,preprocessed_results\680\680_3.bmp,679,679,679,0.8688974380493164,689,0.004995374009013176,0.8639020640403032,679|689|645|142|246,0.86889744|0.00499537|0.00477902|0.00382503|0.00356553,1,0.8688974380493164,True,679,0.8688974380493164,True,679,0.8530398607254028,True,679,0.8408514261245728,True,679,0.8326483368873596,True,c12_correct
680,681,681_6.bmp,preprocessed_results\681\681_6.bmp,680,680,680,0.8717042803764343,681,0.030866438522934914,0.8408378418534994,680|681|641|645|803,0.87170428|0.03086644|0.00457529|0.00406659|0.00234343,1,0.8717042803764343,True,680,0.8717042803764343,True,680,0.8919033408164978,True,680,0.8464335799217224,True,680,0.8963442444801331,True,c12_correct
681,682,682_4.bmp,preprocessed_results\682\682_4.bmp,681,681,681,0.8220791220664978,680,0.02510126866400242,0.7969778534024954,681|680|631|373|689,0.82207912|0.02510127|0.01585371|0.00676380|0.00656897,1,0.8220791220664978,True,681,0.8220791220664978,True,681,0.8101258873939514,True,681,0.8263357877731323,True,681,0.6086785197257996,True,c12_correct
682,683,683_5.bmp,preprocessed_results\683\683_5.bmp,682,682,682,0.8981934189796448,680,0.009202197194099426,0.8889912217855453,682|680|600|641|826,0.89819342|0.00920220|0.00574862|0.00406631|0.00303545,1,0.8981934189796448,True,682,0.8981934189796448,True,682,0.7254308462142944,True,682,0.8056145906448364,True,682,0.7017676830291748,True,c12_correct
683,684,684_5.bmp,preprocessed_results\684\684_5.bmp,683,683,683,0.8202139735221863,765,0.009860953316092491,0.8103530202060938,683|765|682|734|696,0.82021397|0.00986095|0.00873686|0.00576605|0.00493223,1,0.8202139735221863,True,683,0.8202139735221863,True,683,0.7975139021873474,True,683,0.8494805097579956,True,683,0.8620020151138306,True,c12_correct
684,685,685_8.bmp,preprocessed_results\685\685_8.bmp,684,684,684,0.850913405418396,685,0.011917347088456154,0.8389960583299398,684|685|634|808|576,0.85091341|0.01191735|0.00562265|0.00428752|0.00327231,1,0.850913405418396,True,684,0.850913405418396,True,684,0.8825656175613403,True,684,0.8250247240066528,True,684,0.8459816575050354,True,c12_correct
685,686,686_8.bmp,preprocessed_results\686\686_8.bmp,685,685,685,0.8432539701461792,689,0.00999191403388977,0.8332620561122894,685|689|636|751|809,0.84325397|0.00999191|0.00967023|0.00538532|0.00403206,1,0.8432539701461792,True,685,0.8432539701461792,True,685,0.8603894710540771,True,685,0.8375489711761475,True,685,0.7828481197357178,True,c12_correct
686,687,687_4.bmp,preprocessed_results\687\687_4.bmp,686,686,686,0.810613214969635,576,0.007112934719771147,0.8035002802498639,686|576|687|672|694,0.81061321|0.00711293|0.00544997|0.00485367|0.00433739,1,0.810613214969635,True,686,0.810613214969635,True,686,0.8255349397659302,True,686,0.8478847742080688,True,686,0.7967273592948914,True,c12_correct
687,688,688_2.bmp,preprocessed_results\688\688_2.bmp,687,687,687,0.792651891708374,686,0.01458712387830019,0.7780647678300738,687|686|146|745|809,0.79265189|0.01458712|0.00591212|0.00467938|0.00429089,1,0.792651891708374,True,687,0.792651891708374,True,687,0.7627320289611816,True,687,0.8159930109977722,True,687,0.7664199471473694,True,c12_correct
688,689,689_7.bmp,preprocessed_results\689\689_7.bmp,688,688,688,0.6880518198013306,649,0.05322246253490448,0.6348293572664261,688|649|689|636|630,0.68805182|0.05322246|0.01038696|0.00905236|0.00778772,1,0.6880518198013306,True,688,0.6880518198013306,True,688,0.6102604269981384,True,688,0.7857319712638855,True,688,0.6053035855293274,True,c12_correct
689,690,690_5.bmp,preprocessed_results\690\690_5.bmp,689,689,689,0.9035026431083679,649,0.003956400323659182,0.8995462427847087,689|649|53|685|373,0.90350264|0.00395640|0.00350889|0.00350859|0.00233327,1,0.9035026431083679,True,689,0.9035026431083679,True,689,0.8599101305007935,True,689,0.7923964858055115,True,689,0.8369880318641663,True,c12_correct
690,691,691_3.bmp,preprocessed_results\691\691_3.bmp,690,690,690,0.8135937452316284,680,0.005095361266285181,0.8084983839653432,690|680|691|636|681,0.81359375|0.00509536|0.00417590|0.00315798|0.00257022,1,0.8135937452316284,True,690,0.8135937452316284,True,690,0.8414046764373779,True,690,0.8494356870651245,True,690,0.8285141587257385,True,c12_correct
691,692,692_8.bmp,preprocessed_results\692\692_8.bmp,691,691,691,0.8977358341217041,644,0.002487818244844675,0.8952480158768594,691|644|739|142|690,0.89773583|0.00248782|0.00241058|0.00216117|0.00202710,1,0.8977358341217041,True,691,0.8977358341217041,True,691,0.8663047552108765,True,691,0.8356442451477051,True,691,0.8310261964797974,True,c12_correct
692,693,693_1.bmp,preprocessed_results\693\693_1.bmp,692,692,692,0.8873271346092224,693,0.008443944156169891,0.8788831904530525,692|693|744|694|609,0.88732713|0.00844394|0.00420398|0.00316187|0.00284478,1,0.8873271346092224,True,692,0.8873271346092224,True,692,0.8668488264083862,True,692,0.8471980094909668,True,692,0.8842757940292358,True,c12_correct
693,694,694_10.bmp,preprocessed_results\694\694_10.bmp,693,693,693,0.8025191426277161,623,0.007422555238008499,0.7950965873897076,693|623|786|692|655,0.80251914|0.00742256|0.00504070|0.00266636|0.00249077,1,0.8025191426277161,True,693,0.8025191426277161,True,693,0.8963043093681335,True,693,0.8369061946868896,True,693,0.7294517159461975,True,c12_correct
694,695,695_3.bmp,preprocessed_results\695\695_3.bmp,694,694,694,0.7992106080055237,610,0.008629201911389828,0.7905814060941339,694|610|692|588|658,0.79921061|0.00862920|0.00558533|0.00497208|0.00327050,1,0.7992106080055237,True,694,0.7992106080055237,True,694,0.9407322406768799,True,694,0.8431742191314697,True,694,0.7741764783859253,True,c12_correct
695,696,696_2.bmp,preprocessed_results\696\696_2.bmp,695,695,695,0.7529028058052063,713,0.013526607304811478,0.7393761985003948,695|713|819|694|789,0.75290281|0.01352661|0.00655315|0.00603061|0.00512002,1,0.7529028058052063,True,695,0.7529028058052063,True,695,0.5757243633270264,True,695,0.814939022064209,True,695,0.7577893137931824,True,c12_correct
696,697,697_8.bmp,preprocessed_results\697\697_8.bmp,696,696,696,0.6868631839752197,697,0.017273511737585068,0.6695896722376347,696|697|761|810|683,0.68686318|0.01727351|0.00933715|0.00841284|0.00603994,1,0.6868631839752197,True,696,0.6868631839752197,True,696,0.6861755847930908,True,696,0.8179118037223816,True,696,0.7950625419616699,True,c12_correct
697,698,698_4.bmp,preprocessed_results\698\698_4.bmp,697,697,697,0.47317540645599365,651,0.03499038144946098,0.43818502500653267,697|651|811|696|594,0.47317541|0.03499038|0.03208771|0.02747886|0.01555760,1,0.47317540645599365,True,697,0.47317540645599365,True,697,0.6713472008705139,True,697,0.8263067007064819,True,697,0.8315950036048889,True,c12_correct
698,699,699_10.bmp,preprocessed_results\699\699_10.bmp,698,698,698,0.8742117285728455,700,0.0047990414313972,0.8694126871414483,698|700|321|598|643,0.87421173|0.00479904|0.00407170|0.00289820|0.00271041,1,0.8742117285728455,True,698,0.8742117285728455,True,698,0.7658138275146484,True,698,0.8229856491088867,True,698,0.7955018281936646,True,c12_correct
699,700,700_9.bmp,preprocessed_results\700\700_9.bmp,699,699,699,0.8301854729652405,801,0.012130415998399258,0.8180550569668412,699|801|724|681|743,0.83018547|0.01213042|0.00897762|0.00564700|0.00513112,1,0.8301854729652405,True,699,0.8301854729652405,True,699,0.849251389503479,True,699,0.7855161428451538,True,699,0.7685827612876892,True,c12_correct
700,701,701_10.bmp,preprocessed_results\701\701_10.bmp,700,700,700,0.8883806467056274,701,0.00810431782156229,0.8802763288840652,700|701|619|698|708,0.88838065|0.00810432|0.00301099|0.00273549|0.00244644,1,0.8883806467056274,True,700,0.8883806467056274,True,700,0.9178433418273926,True,700,0.8476139307022095,True,700,0.8115937113761902,True,c12_correct
701,702,702_2.bmp,preprocessed_results\702\702_2.bmp,701,701,701,0.7662643194198608,142,0.023930275812745094,0.7423340436071157,701|142|679|699|246,0.76626432|0.02393028|0.02113429|0.01791956|0.00792673,1,0.7662643194198608,True,701,0.7662643194198608,True,701,0.8408625721931458,True,701,0.8187310099601746,True,701,0.7923184037208557,True,c12_correct
702,703,703_1.bmp,preprocessed_results\703\703_1.bmp,702,702,702,0.7733670473098755,144,0.005893202964216471,0.767473844345659,702|144|31|73|298,0.77336705|0.00589320|0.00461043|0.00455289|0.00452890,1,0.7733670473098755,True,702,0.7733670473098755,True,702,0.552041232585907,True,702,0.7955354452133179,True,702,0.7277166843414307,True,c12_correct
703,704,704_5.bmp,preprocessed_results\704\704_5.bmp,703,703,703,0.847331166267395,717,0.004143356811255217,0.8431878094561398,703|717|105|687|723,0.84733117|0.00414336|0.00395638|0.00351749|0.00297260,1,0.847331166267395,True,703,0.847331166267395,True,703,0.8759176135063171,True,703,0.8247318267822266,True,703,0.783637285232544,True,c12_correct
704,705,705_4.bmp,preprocessed_results\705\705_4.bmp,704,704,704,0.9249761700630188,705,0.003220726503059268,0.9217554435599595,704|705|575|574|639,0.92497617|0.00322073|0.00251291|0.00235375|0.00205022,1,0.9249761700630188,True,704,0.9249761700630188,True,704,0.8916358351707458,True,704,0.8448039293289185,True,704,0.8487984538078308,True,c12_correct
705,706,706_8.bmp,preprocessed_results\706\706_8.bmp,705,705,705,0.6449220776557922,720,0.016101151704788208,0.628820925951004,705|720|43|639|144,0.64492208|0.01610115|0.01108692|0.01011765|0.00613264,1,0.6449220776557922,True,705,0.6449220776557922,True,705,0.7836349010467529,True,705,0.8529424667358398,True,705,0.781327486038208,True,c12_correct
706,707,707_6.bmp,preprocessed_results\707\707_6.bmp,706,706,706,0.7306228280067444,607,0.009174552746117115,0.7214482752606273,706|607|625|615|656,0.73062283|0.00917455|0.00747037|0.00710866|0.00604497,1,0.7306228280067444,True,706,0.7306228280067444,True,706,0.8988238573074341,True,706,0.8047617077827454,True,706,0.8251847624778748,True,c12_correct
707,708,708_5.bmp,preprocessed_results\708\708_5.bmp,707,707,707,0.8745200634002686,772,0.006108219735324383,0.8684118436649442,707|772|619|644|604,0.87452006|0.00610822|0.00349847|0.00333003|0.00223349,1,0.8745200634002686,True,707,0.8745200634002686,True,707,0.7795225381851196,True,707,0.8375548124313354,True,707,0.8175740242004395,True,c12_correct
708,709,709_9.bmp,preprocessed_results\709\709_9.bmp,708,708,708,0.8155368566513062,695,0.013880027458071709,0.8016568291932344,708|695|659|600|713,0.81553686|0.01388003|0.01327851|0.00738044|0.00730853,1,0.8155368566513062,True,708,0.8155368566513062,True,708,0.8112240433692932,True,708,0.8069322109222412,True,708,0.7324357032775879,True,c12_correct
709,710,710_9.bmp,preprocessed_results\710\710_9.bmp,709,709,709,0.8379999399185181,708,0.011492259800434113,0.826507680118084,709|708|633|792|587,0.83799994|0.01149226|0.00534755|0.00482568|0.00338019,1,0.8379999399185181,True,709,0.8379999399185181,True,709,0.8625116348266602,True,709,0.8198668360710144,True,709,0.806826651096344,True,c12_correct
710,711,711_3.bmp,preprocessed_results\711\711_3.bmp,710,710,710,0.9025536775588989,788,0.011577187106013298,0.8909764904528856,710|788|651|610|603,0.90255368|0.01157719|0.00235943|0.00195347|0.00181908,1,0.9025536775588989,True,710,0.9025536775588989,True,710,0.9016873836517334,True,710,0.8491073250770569,True,710,0.8474054336547852,True,c12_correct
711,712,712_10.bmp,preprocessed_results\712\712_10.bmp,711,711,711,0.615452766418457,773,0.027525315061211586,0.5879274513572454,711|773|586|710|581,0.61545277|0.02752532|0.01292419|0.01125109|0.00958108,1,0.615452766418457,True,711,0.615452766418457,True,711,0.5008769631385803,True,711,0.815839946269989,True,711,0.7459145784378052,True,c12_correct
712,713,713_1.bmp,preprocessed_results\713\713_1.bmp,712,712,712,0.8218420743942261,833,0.009355124086141586,0.8124869503080845,712|833|584|585|161,0.82184207|0.00935512|0.00430375|0.00326734|0.00316144,1,0.8218420743942261,True,712,0.8218420743942261,True,712,0.7964853048324585,True,712,0.8216192722320557,True,712,0.7631890177726746,True,c12_correct
713,714,714_5.bmp,preprocessed_results\714\714_5.bmp,713,713,713,0.8625518083572388,763,0.006415728945285082,0.8561360794119537,713|763|695|604|717,0.86255181|0.00641573|0.00417422|0.00408550|0.00331915,1,0.8625518083572388,True,713,0.8625518083572388,True,713,0.7958324551582336,True,713,0.8662267327308655,True,713,0.819880485534668,True,c12_correct
714,715,715_7.bmp,preprocessed_results\715\715_7.bmp,714,714,714,0.824795126914978,712,0.011502045206725597,0.8132930817082524,714|712|701|800|715,0.82479513|0.01150205|0.01007199|0.00798850|0.00636096,1,0.824795126914978,True,714,0.824795126914978,True,714,0.8066099286079407,True,714,0.8299732804298401,True,714,0.8449108600616455,True,c12_correct
715,716,716_2.bmp,preprocessed_results\716\716_2.bmp,715,715,715,0.8421393036842346,781,0.004925970453768969,0.8372133332304657,715|781|595|592|812,0.84213930|0.00492597|0.00388247|0.00343966|0.00336773,1,0.8421393036842346,True,715,0.8421393036842346,True,715,0.8294448852539062,True,715,0.831108570098877,True,715,0.8237711191177368,True,c12_correct
716,717,717_6.bmp,preprocessed_results\717\717_6.bmp,716,716,716,0.5287426710128784,780,0.011690429411828518,0.5170522416010499,716|780|5|69|139,0.52874267|0.01169043|0.00979667|0.00918766|0.00767784,1,0.5287426710128784,True,716,0.5287426710128784,True,716,0.5626362562179565,True,716,0.7956428527832031,True,716,0.70195072889328,True,c12_correct
717,718,718_9.bmp,preprocessed_results\718\718_9.bmp,717,717,717,0.732889711856842,723,0.01780756376683712,0.7150821480900049,717|723|716|294|176,0.73288971|0.01780756|0.00968158|0.00801593|0.00673060,1,0.732889711856842,True,717,0.732889711856842,True,717,0.7832764983177185,True,717,0.8654016256332397,True,717,0.8547244668006897,True,c12_correct
718,719,719_3.bmp,preprocessed_results\719\719_3.bmp,718,718,718,0.8021860718727112,609,0.011202207766473293,0.7909838641062379,718|609|691|802|774,0.80218607|0.01120221|0.00719721|0.00611656|0.00564443,1,0.8021860718727112,True,718,0.8021860718727112,True,718,0.6867493391036987,True,718,0.8261821269989014,True,718,0.7831935882568359,True,c12_correct
719,720,720_8.bmp,preprocessed_results\720\720_8.bmp,719,719,719,0.8166077733039856,588,0.00858707632869482,0.8080206969752908,719|588|657|734|607,0.81660777|0.00858708|0.00718251|0.00485913|0.00458356,1,0.8166077733039856,True,719,0.8166077733039856,True,719,0.8718757629394531,True,719,0.8411716818809509,True,719,0.8633854985237122,True,c12_correct
720,721,721_5.bmp,preprocessed_results\721\721_5.bmp,720,720,720,0.8275420069694519,805,0.010693782940506935,0.816848224028945,720|805|635|667|43,0.82754201|0.01069378|0.00605876|0.00462994|0.00333526,1,0.8275420069694519,True,720,0.8275420069694519,True,720,0.6558298468589783,True,720,0.8223745822906494,True,720,0.7489140629768372,True,c12_correct
721,722,722_8.bmp,preprocessed_results\722\722_8.bmp,721,721,721,0.8415074348449707,720,0.011051573790609837,0.8304558610543609,721|720|649|689|102,0.84150743|0.01105157|0.01082185|0.00638505|0.00371516,1,0.8415074348449707,True,721,0.8415074348449707,True,721,0.8522708415985107,True,721,0.8350260853767395,True,721,0.7737956643104553,True,c12_correct
722,723,723_5.bmp,preprocessed_results\723\723_5.bmp,722,722,722,0.9101092219352722,614,0.004969605710357428,0.9051396162249148,722|614|107|354|245,0.91010922|0.00496961|0.00288593|0.00166799|0.00147880,1,0.9101092219352722,True,722,0.9101092219352722,True,722,0.7884635329246521,True,722,0.8220201730728149,True,722,0.8602184057235718,True,c12_correct
723,724,724_6.bmp,preprocessed_results\724\724_6.bmp,723,723,723,0.7307880520820618,575,0.008595244027674198,0.7221928080543876,723|575|156|407|406,0.73078805|0.00859524|0.00838336|0.00827277|0.00501049,1,0.7307880520820618,True,723,0.7307880520820618,True,723,0.6225326061248779,True,723,0.7992411255836487,True,723,0.6476049423217773,True,c12_correct
724,725,725_1.bmp,preprocessed_results\725\725_1.bmp,724,724,724,0.8979347348213196,212,0.008075911551713943,0.8898588232696056,724|212|198|725|690,0.89793473|0.00807591|0.00257017|0.00230246|0.00227774,1,0.8979347348213196,True,724,0.8979347348213196,True,724,0.826915979385376,True,724,0.8171414136886597,True,724,0.8406717777252197,True,c12_correct
725,726,726_10.bmp,preprocessed_results\726\726_10.bmp,725,725,725,0.8046755194664001,831,0.007357023656368256,0.7973184958100319,725|831|573|724|181,0.80467552|0.00735702|0.00458527|0.00334794|0.00238825,1,0.8046755194664001,True,725,0.8046755194664001,True,725,0.6343439817428589,True,725,0.8143738508224487,True,725,0.8659583926200867,True,c12_correct
726,727,727_4.bmp,preprocessed_results\727\727_4.bmp,726,726,726,0.26103946566581726,595,0.07586447149515152,0.18517499417066574,726|595|626|594|812,0.26103947|0.07586447|0.03813108|0.03427018|0.02853323,1,0.26103946566581726,True,726,0.26103946566581726,True,726,0.7094920873641968,True,726,0.799552321434021,True,726,0.5761816501617432,True,c12_correct
727,728,728_7.bmp,preprocessed_results\728\728_7.bmp,727,727,727,0.7512929439544678,85,0.012115895748138428,0.7391770482063293,727|85|726|193|183,0.75129294|0.01211590|0.00820580|0.00667261|0.00665931,1,0.7512929439544678,True,727,0.7512929439544678,True,727,0.7832393050193787,True,727,0.8069332838058472,True,727,0.7975663542747498,True,c12_correct
728,729,729_5.bmp,preprocessed_results\729\729_5.bmp,728,728,728,0.8854933381080627,729,0.012393966317176819,0.8730993717908859,728|729|658|768|291,0.88549334|0.01239397|0.00534259|0.00370556|0.00245426,1,0.8854933381080627,True,728,0.8854933381080627,True,728,0.8730370402336121,True,728,0.8134559392929077,True,728,0.8519501686096191,True,c12_correct
729,730,730_7.bmp,preprocessed_results\730\730_7.bmp,729,729,729,0.6483997702598572,728,0.04310869798064232,0.6052910722792149,729|728|658|675|311,0.64839977|0.04310870|0.01769516|0.00941198|0.00718774,1,0.6483997702598572,True,729,0.6483997702598572,True,729,0.651513397693634,True,729,0.8108862042427063,True,729,0.745355486869812,True,c12_correct
730,731,731_10.bmp,preprocessed_results\731\731_10.bmp,730,730,730,0.20359405875205994,712,0.06370166689157486,0.13989239186048508,730|712|575|592|602,0.20359406|0.06370167|0.03243423|0.02242227|0.02157667,1,0.20359405875205994,True,730,0.20359405875205994,True,730,0.13370417058467865,True,730,0.7891611456871033,True,730,0.3374369442462921,True,c12_correct
731,732,732_6.bmp,preprocessed_results\732\732_6.bmp,731,731,731,0.747993528842926,730,0.07726011425256729,0.6707334145903587,731|730|603|581|760,0.74799353|0.07726011|0.00749280|0.00534781|0.00372798,1,0.747993528842926,True,731,0.747993528842926,True,731,0.802076518535614,True,731,0.8301293253898621,True,731,0.8427202701568604,True,c12_correct
732,733,733_7.bmp,preprocessed_results\733\733_7.bmp,732,732,732,0.8698139190673828,638,0.007731925696134567,0.8620819933712482,732|638|691|7|749,0.86981392|0.00773193|0.00344648|0.00276672|0.00254565,1,0.8698139190673828,True,732,0.8698139190673828,True,732,0.8801876306533813,True,732,0.8160028457641602,True,732,0.7840685248374939,True,c12_correct
733,734,734_6.bmp,preprocessed_results\734\734_6.bmp,733,733,733,0.7869158387184143,781,0.0056552584283053875,0.7812605802901089,733|781|691|647|28,0.78691584|0.00565526|0.00352053|0.00331776|0.00325179,1,0.7869158387184143,True,733,0.7869158387184143,True,733,0.3716263175010681,True,733,0.8069204688072205,True,733,0.5465685129165649,True,c12_correct
734,735,735_7.bmp,preprocessed_results\735\735_7.bmp,734,734,734,0.5960438251495361,758,0.02497575618326664,0.5710680689662695,734|758|820|572|761,0.59604383|0.02497576|0.02278386|0.01901108|0.01171266,1,0.5960438251495361,True,734,0.5960438251495361,True,734,0.7940828800201416,True,734,0.8314414620399475,True,734,0.8008023500442505,True,c12_correct
735,736,736_1.bmp,preprocessed_results\736\736_1.bmp,735,735,735,0.8737330436706543,777,0.007968018762767315,0.865765024907887,735|777|573|827|825,0.87373304|0.00796802|0.00335523|0.00283785|0.00246879,1,0.8737330436706543,True,735,0.8737330436706543,True,735,0.8419012427330017,True,735,0.8397605419158936,True,735,0.7869759202003479,True,c12_correct
736,737,737_5.bmp,preprocessed_results\737\737_5.bmp,736,736,736,0.9225702881813049,285,0.003343359800055623,0.9192269283812493,736|285|828|609|734,0.92257029|0.00334336|0.00214841|0.00172911|0.00121681,1,0.9225702881813049,True,736,0.9225702881813049,True,736,0.8102192282676697,True,736,0.8206385970115662,True,736,0.8199791312217712,True,c12_correct
737,738,738_1.bmp,preprocessed_results\738\738_1.bmp,737,737,737,0.8411573171615601,642,0.004663977771997452,0.8364933393895626,737|642|736|608|158,0.84115732|0.00466398|0.00432178|0.00409250|0.00303370,1,0.8411573171615601,True,737,0.8411573171615601,True,737,0.6827730536460876,True,737,0.8103747367858887,True,737,0.8601246476173401,True,c12_correct
738,739,739_10.bmp,preprocessed_results\739\739_10.bmp,738,738,738,0.5744848847389221,815,0.03440537676215172,0.5400795079767704,738|815|6|638|353,0.57448488|0.03440538|0.00802254|0.00756163|0.00743426,1,0.5744848847389221,True,738,0.5744848847389221,True,738,0.6232466101646423,True,738,0.7946040630340576,True,738,0.6754065155982971,True,c12_correct
739,740,740_5.bmp,preprocessed_results\740\740_5.bmp,739,739,739,0.8789860606193542,738,0.006021479144692421,0.8729645814746618,739|738|775|180|639,0.87898606|0.00602148|0.00266667|0.00251735|0.00235993,1,0.8789860606193542,True,739,0.8789860606193542,True,739,0.6708300709724426,True,739,0.8389901518821716,True,739,0.8182113766670227,True,c12_correct
740,741,741_5.bmp,preprocessed_results\741\741_5.bmp,740,740,740,0.791267991065979,582,0.0072137825191020966,0.7840542085468769,740|582|638|745|686,0.79126799|0.00721378|0.00554642|0.00470712|0.00409071,1,0.791267991065979,True,740,0.791267991065979,True,740,0.7132567167282104,True,740,0.8359063863754272,True,740,0.786200225353241,True,c12_correct
741,742,742_3.bmp,preprocessed_results\742\742_3.bmp,741,741,741,0.8034012317657471,790,0.004394188057631254,0.7990070437081158,741|790|697|693|811,0.80340123|0.00439419|0.00283038|0.00274023|0.00253051,1,0.8034012317657471,True,741,0.8034012317657471,True,741,0.7002654671669006,True,741,0.8210167288780212,True,741,0.8347502946853638,True,c12_correct
742,743,743_3.bmp,preprocessed_results\743\743_3.bmp,742,742,742,0.7999128103256226,743,0.019691500812768936,0.7802213095128536,742|743|679|139|699,0.79991281|0.01969150|0.00653770|0.00522021|0.00455647,1,0.7999128103256226,True,742,0.7999128103256226,True,742,0.5366860628128052,True,742,0.8249933123588562,True,742,0.6989537477493286,True,c12_correct
743,744,744_9.bmp,preprocessed_results\744\744_9.bmp,743,743,743,0.7889383435249329,803,0.008671876974403858,0.780266466550529,743|803|742|649|689,0.78893834|0.00867188|0.00703659|0.00644274|0.00593140,1,0.7889383435249329,True,743,0.7889383435249329,True,743,0.8428818583488464,True,743,0.8203832507133484,True,743,0.83699631690979,True,c12_correct
744,745,745_4.bmp,preprocessed_results\745\745_4.bmp,744,744,744,0.888744056224823,745,0.003947227727621794,0.8847968284972012,744|745|587|547|76,0.88874406|0.00394723|0.00265570|0.00220127|0.00179315,1,0.888744056224823,True,744,0.888744056224823,True,744,0.8404918313026428,True,744,0.835802435874939,True,744,0.8406144976615906,True,c12_correct
745,746,746_6.bmp,preprocessed_results\746\746_6.bmp,745,745,745,0.7372680902481079,744,0.02490113489329815,0.7123669553548098,745|744|628|615|192,0.73726809|0.02490113|0.00916291|0.00565416|0.00403063,1,0.7372680902481079,True,745,0.7372680902481079,True,745,0.8211878538131714,True,745,0.8045864701271057,True,745,0.8436995148658752,True,c12_correct
746,747,747_5.bmp,preprocessed_results\747\747_5.bmp,746,746,746,0.6067070960998535,47,0.009391434490680695,0.5973156616091728,746|47|823|822|275,0.60670710|0.00939143|0.00769748|0.00589380|0.00564770,1,0.6067070960998535,True,746,0.6067070960998535,True,746,0.8934510946273804,True,746,0.816819429397583,True,746,0.789045512676239,True,c12_correct
747,748,748_10.bmp,preprocessed_results\748\748_10.bmp,747,747,747,0.3434222936630249,817,0.014241953380405903,0.329180340282619,747|817|815|99|327,0.34342229|0.01424195|0.00926236|0.00925304|0.00924134,1,0.3434222936630249,True,747,0.3434222936630249,True,747,0.5942050814628601,True,747,0.822374165058136,True,747,0.7030231356620789,True,c12_correct
748,749,749_4.bmp,preprocessed_results\749\749_4.bmp,748,748,748,0.7180148363113403,339,0.006097571924328804,0.7119172643870115,748|339|732|728|110,0.71801484|0.00609757|0.00558700|0.00472782|0.00462700,1,0.7180148363113403,True,748,0.7180148363113403,True,748,0.6167593002319336,True,748,0.8198447227478027,True,748,0.7673811912536621,True,c12_correct
749,750,750_3.bmp,preprocessed_results\750\750_3.bmp,749,749,749,0.19507256150245667,341,0.035799767822027206,0.15927279368042946,749|341|769|733|669,0.19507256|0.03579977|0.03530852|0.02347831|0.01944076,1,0.19507256150245667,True,749,0.19507256150245667,True,749,0.05390109866857529,True,749,0.7678540945053101,True,749,0.27677640318870544,True,c12_correct
750,751,751_10.bmp,preprocessed_results\751\751_10.bmp,750,750,750,0.5437592267990112,636,0.08119097352027893,0.4625682532787323,750|636|685|827|637,0.54375923|0.08119097|0.04068946|0.01789330|0.01296308,1,0.5437592267990112,True,750,0.5437592267990112,True,750,0.425139844417572,True,750,0.806046187877655,True,750,0.5551028251647949,True,c12_correct
751,752,752_1.bmp,preprocessed_results\752\752_1.bmp,751,751,751,0.8608293533325195,685,0.012273206375539303,0.8485561469569802,751|685|800|750|809,0.86082935|0.01227321|0.00806513|0.00447102|0.00322610,1,0.8608293533325195,True,751,0.8608293533325195,True,751,0.8482720255851746,True,751,0.8352059125900269,True,751,0.8272689580917358,True,c12_correct
752,753,753_9.bmp,preprocessed_results\753\753_9.bmp,752,752,752,0.6101455092430115,753,0.04072600230574608,0.5694195069372654,752|753|613|163|92,0.61014551|0.04072600|0.01347057|0.01113860|0.00849737,1,0.6101455092430115,True,752,0.6101455092430115,True,752,0.8024954795837402,True,752,0.8090261816978455,True,752,0.7966165542602539,True,c12_correct
753,754,754_7.bmp,preprocessed_results\754\754_7.bmp,753,753,753,0.6871429085731506,752,0.010363126173615456,0.6767797823995352,753|752|663|627|785,0.68714291|0.01036313|0.00902425|0.00533289|0.00512777,1,0.6871429085731506,True,753,0.6871429085731506,True,753,0.8344249129295349,True,753,0.8393559455871582,True,753,0.8602154850959778,True,c12_correct
754,755,755_4.bmp,preprocessed_results\755\755_4.bmp,754,754,754,0.7449682950973511,755,0.01045321673154831,0.7345150783658028,754|755|784|779|806,0.74496830|0.01045322|0.00856931|0.00848064|0.00606285,1,0.7449682950973511,True,754,0.7449682950973511,True,754,0.8089666366577148,True,754,0.8204677700996399,True,754,0.7471224069595337,True,c12_correct
755,756,756_7.bmp,preprocessed_results\756\756_7.bmp,755,755,755,0.5143266320228577,829,0.023220786824822426,0.49110584519803524,755|829|821|762|754,0.51432663|0.02322079|0.01638409|0.01110949|0.00939117,1,0.5143266320228577,True,755,0.5143266320228577,True,755,0.4699784219264984,True,755,0.8088878393173218,True,755,0.6238556504249573,True,c12_correct
756,757,757_5.bmp,preprocessed_results\757\757_5.bmp,756,756,756,0.4768219292163849,757,0.03372088074684143,0.44310104846954346,756|757|802|734|608,0.47682193|0.03372088|0.03293310|0.02640542|0.01939005,1,0.4768219292163849,True,756,0.4768219292163849,True,756,0.42578789591789246,True,756,0.7739802002906799,True,756,0.5101516842842102,True,c12_correct
757,758,758_10.bmp,preprocessed_results\758\758_10.bmp,757,757,757,0.8870481848716736,765,0.012674329802393913,0.8743738550692797,757|765|756|621|790,0.88704818|0.01267433|0.00412684|0.00337783|0.00330805,1,0.8870481848716736,True,757,0.8870481848716736,True,757,0.8131369948387146,True,757,0.8541081547737122,True,757,0.819161593914032,True,c12_correct
758,759,759_7.bmp,preprocessed_results\759\759_7.bmp,758,758,758,0.8761150240898132,612,0.006573410704731941,0.8695416133850813,758|612|820|780|572,0.87611502|0.00657341|0.00394911|0.00305083|0.00304997,1,0.8761150240898132,True,758,0.8761150240898132,True,758,0.8703835010528564,True,758,0.8223780393600464,True,758,0.8737745881080627,True,c12_correct
759,760,760_7.bmp,preprocessed_results\760\760_7.bmp,759,759,759,0.5450538992881775,825,0.02514186128973961,0.5199120379984379,759|825|597|661|758,0.54505390|0.02514186|0.01350142|0.01180443|0.01003267,1,0.5450538992881775,True,759,0.5450538992881775,True,759,0.46561285853385925,True,759,0.8187664747238159,True,759,0.7191508412361145,True,c12_correct
760,761,761_2.bmp,preprocessed_results\761\761_2.bmp,760,760,760,0.5998766422271729,163,0.01848210021853447,0.5813945420086384,760|163|607|799|706,0.59987664|0.01848210|0.00691695|0.00627761|0.00559378,1,0.5998766422271729,True,760,0.5998766422271729,True,760,0.3863924443721771,True,760,0.8248385190963745,True,760,0.6396490335464478,True,c12_correct
761,762,762_2.bmp,preprocessed_results\762\762_2.bmp,761,761,761,0.7068917155265808,774,0.012707085348665714,0.6941846301779151,761|774|699|250|587,0.70689172|0.01270709|0.01249012|0.00576630|0.00545271,1,0.7068917155265808,True,761,0.7068917155265808,True,761,0.8449850082397461,True,761,0.8468576669692993,True,761,0.8162725567817688,True,c12_correct
762,763,763_5.bmp,preprocessed_results\763\763_5.bmp,762,762,762,0.8697171211242676,763,0.004908437840640545,0.864808683283627,762|763|726|806|595,0.86971712|0.00490844|0.00374429|0.00372615|0.00353961,1,0.8697171211242676,True,762,0.8697171211242676,True,762,0.8864448666572571,True,762,0.8141148686408997,True,762,0.9264835119247437,True,c12_correct
763,764,764_9.bmp,preprocessed_results\764\764_9.bmp,763,763,763,0.61531001329422,179,0.010612457059323788,0.6046975562348962,763|179|695|59|295,0.61531001|0.01061246|0.00979369|0.00977692|0.00948664,1,0.61531001329422,True,763,0.61531001329422,True,763,0.4626695513725281,True,763,0.8256973028182983,True,763,0.7456676363945007,True,c12_correct
764,765,765_10.bmp,preprocessed_results\765\765_10.bmp,764,764,764,0.7910573482513428,780,0.0156398992985487,0.7754174489527941,764|780|570|658|580,0.79105735|0.01563990|0.00584053|0.00477030|0.00436084,1,0.7910573482513428,True,764,0.7910573482513428,True,764,0.8529503345489502,True,764,0.8475973010063171,True,764,0.8283530473709106,True,c12_correct
765,766,766_4.bmp,preprocessed_results\766\766_4.bmp,765,765,765,0.8057360053062439,683,0.018629448488354683,0.7871065568178892,765|683|757|759|36,0.80573601|0.01862945|0.00932876|0.00572844|0.00452520,1,0.8057360053062439,True,765,0.8057360053062439,True,765,0.8672357797622681,True,765,0.8218420743942261,True,765,0.843184232711792,True,c12_correct
766,767,767_1.bmp,preprocessed_results\767\767_1.bmp,766,766,766,0.6615309119224548,241,0.02549290470778942,0.6360380072146654,766|241|240|811|242,0.66153091|0.02549290|0.02237700|0.00919370|0.00721982,1,0.6615309119224548,True,766,0.6615309119224548,True,766,0.8010082244873047,True,766,0.8330778479576111,True,766,0.7541123032569885,True,c12_correct
767,768,768_7.bmp,preprocessed_results\768\768_7.bmp,767,767,767,0.884484052658081,766,0.008944113738834858,0.8755399389192462,767|766|762|792|47,0.88448405|0.00894411|0.00548605|0.00285474|0.00203154,1,0.884484052658081,True,767,0.884484052658081,True,767,0.8669053912162781,True,767,0.8321184515953064,True,767,0.881009042263031,True,c12_correct
768,769,769_3.bmp,preprocessed_results\769\769_3.bmp,768,768,768,0.2998068630695343,643,0.032069217413663864,0.26773764565587044,768|643|658|728|620,0.29980686|0.03206922|0.03197378|0.02146967|0.01795136,1,0.2998068630695343,True,768,0.2998068630695343,True,768,0.6220777034759521,True,768,0.8202661871910095,True,768,0.6661307215690613,True,c12_correct
769,770,770_7.bmp,preprocessed_results\770\770_7.bmp,769,769,769,0.6385444402694702,768,0.05427177995443344,0.5842726603150368,769|768|807|791|709,0.63854444|0.05427178|0.01422693|0.00748086|0.00693137,1,0.6385444402694702,True,769,0.6385444402694702,True,769,0.844516932964325,True,769,0.8198307156562805,True,769,0.7372100353240967,True,c12_correct
770,771,771_5.bmp,preprocessed_results\771\771_5.bmp,770,770,770,0.8888270258903503,825,0.004383094608783722,0.8844439312815666,770|825|310|593|782,0.88882703|0.00438309|0.00365270|0.00351251|0.00326342,1,0.8888270258903503,True,770,0.8888270258903503,True,770,0.9242972135543823,True,770,0.8612874150276184,True,770,0.8671259880065918,True,c12_correct
771,772,772_2.bmp,preprocessed_results\772\772_2.bmp,771,771,771,0.8347362279891968,770,0.005201141815632582,0.8295350861735642,771|770|324|421|825,0.83473623|0.00520114|0.00472205|0.00449803|0.00365467,1,0.8347362279891968,True,771,0.8347362279891968,True,771,0.8333413600921631,True,771,0.8263617753982544,True,771,0.8189568519592285,True,c12_correct
772,773,773_2.bmp,preprocessed_results\773\773_2.bmp,772,772,772,0.8602221608161926,773,0.012992436066269875,0.8472297247499228,772|773|220|707|709,0.86022216|0.01299244|0.00332559|0.00330311|0.00308761,1,0.8602221608161926,True,772,0.8602221608161926,True,772,0.7737786173820496,True,772,0.8130958080291748,True,772,0.802988588809967,True,c12_correct
773,774,774_10.bmp,preprocessed_results\774\774_10.bmp,773,773,773,0.7139573693275452,327,0.027093566954135895,0.6868638023734093,773|327|772|607|799,0.71395737|0.02709357|0.02210327|0.01402759|0.00658673,1,0.7139573693275452,True,773,0.7139573693275452,True,773,0.2890675961971283,True,773,0.7663669586181641,True,773,0.5089797377586365,True,c12_correct
774,775,775_1.bmp,preprocessed_results\775\775_1.bmp,774,774,774,0.6361095309257507,718,0.018538175150752068,0.6175713557749987,774|718|678|356|738,0.63610953|0.01853818|0.01511096|0.00784603|0.00739817,1,0.6361095309257507,True,774,0.6361095309257507,True,774,0.6370245218276978,True,774,0.8085955381393433,True,774,0.6804124712944031,True,c12_correct
775,776,776_9.bmp,preprocessed_results\776\776_9.bmp,775,775,775,0.7349591851234436,774,0.011639753356575966,0.7233194317668676,775|774|630|243|739,0.73495919|0.01163975|0.00447012|0.00426439|0.00372599,1,0.7349591851234436,True,775,0.7349591851234436,True,775,0.7591488361358643,True,775,0.83292156457901,True,775,0.7964518070220947,True,c12_correct
776,777,777_7.bmp,preprocessed_results\777\777_7.bmp,776,776,776,0.5702127814292908,777,0.03106672503054142,0.5391460563987494,776|777|659|728|675,0.57021278|0.03106673|0.01858682|0.01358749|0.00836492,1,0.5702127814292908,True,776,0.5702127814292908,True,776,0.35153302550315857,True,776,0.8151620626449585,True,776,0.5621093511581421,True,c12_correct
777,778,778_3.bmp,preprocessed_results\778\778_3.bmp,777,777,777,0.8138688206672668,776,0.01724315620958805,0.7966256644576788,777|776|597|735|627,0.81386882|0.01724316|0.01255875|0.00687109|0.00488258,1,0.8138688206672668,True,777,0.8138688206672668,True,777,0.8554141521453857,True,777,0.8536622524261475,True,777,0.7581092715263367,True,c12_correct
778,779,779_2.bmp,preprocessed_results\779\779_2.bmp,778,778,778,0.7676939368247986,593,0.008976971730589867,0.7587169650942087,778|593|782|779|157,0.76769394|0.00897697|0.00643855|0.00629065|0.00498015,1,0.7676939368247986,True,778,0.7676939368247986,True,778,0.8275300860404968,True,778,0.7983047366142273,True,778,0.8338059186935425,True,c12_correct
779,780,780_7.bmp,preprocessed_results\780\780_7.bmp,779,779,779,0.7736262083053589,754,0.02270083874464035,0.7509253695607185,779|754|23|778|784,0.77362621|0.02270084|0.01559175|0.00687056|0.00429241,1,0.7736262083053589,True,779,0.7736262083053589,True,779,0.7505873441696167,True,779,0.8327327966690063,True,779,0.8817277550697327,True,c12_correct
780,781,781_4.bmp,preprocessed_results\781\781_4.bmp,780,780,780,0.7636755704879761,764,0.04275438189506531,0.7209211885929108,780|764|781|820|163,0.76367557|0.04275438|0.01076839|0.00738585|0.00603106,1,0.7636755704879761,True,780,0.7636755704879761,True,780,0.7823757529258728,True,780,0.8120697140693665,True,780,0.7439947128295898,True,c12_correct
781,782,782_8.bmp,preprocessed_results\782\782_8.bmp,781,781,781,0.4722205102443695,812,0.024284547194838524,0.447935963049531,781|812|7|780|761,0.47222051|0.02428455|0.01796495|0.01560794|0.01315039,1,0.4722205102443695,True,781,0.4722205102443695,True,781,0.5130535364151001,True,781,0.809104859828949,True,781,0.7177642583847046,True,c12_correct
782,783,783_5.bmp,preprocessed_results\783\783_5.bmp,782,782,782,0.8446316719055176,783,0.006753966677933931,0.8378777052275836,782|783|675|311|729,0.84463167|0.00675397|0.00355728|0.00343681|0.00308563,1,0.8446316719055176,True,782,0.8446316719055176,True,782,0.8377717137336731,True,782,0.8274394869804382,True,782,0.8592616319656372,True,c12_correct
783,784,784_3.bmp,preprocessed_results\784\784_3.bmp,783,783,783,0.44685566425323486,788,0.019380275160074234,0.42747538909316063,783|788|715|611|710,0.44685566|0.01938028|0.01567237|0.01464730|0.01268293,1,0.44685566425323486,True,783,0.44685566425323486,True,783,0.682346522808075,True,783,0.823278546333313,True,783,0.701256513595581,True,c12_correct
784,785,785_5.bmp,preprocessed_results\785\785_5.bmp,784,784,784,0.9131380915641785,758,0.00605458440259099,0.9070835071615875,784|758|785|573|572,0.91313809|0.00605458|0.00408723|0.00391714|0.00382039,1,0.9131380915641785,True,784,0.9131380915641785,True,784,0.7829760313034058,True,784,0.8028006553649902,True,784,0.7331425547599792,True,c12_correct
785,786,786_5.bmp,preprocessed_results\786\786_5.bmp,785,785,785,0.517695963382721,186,0.0219271257519722,0.49576883763074875,785|186|199|708|740,0.51769596|0.02192713|0.01824440|0.01519190|0.01329324,1,0.517695963382721,True,785,0.517695963382721,True,785,0.4986671805381775,True,785,0.8118979930877686,True,785,0.6348058581352234,True,c12_correct
786,787,787_7.bmp,preprocessed_results\787\787_7.bmp,786,786,786,0.8400884866714478,211,0.004735372960567474,0.8353531137108803,786|211|746|638|623,0.84008849|0.00473537|0.00471216|0.00402651|0.00303449,1,0.8400884866714478,True,786,0.8400884866714478,True,786,0.7983059287071228,True,786,0.8385656476020813,True,786,0.8324108719825745,True,c12_correct
787,788,788_4.bmp,preprocessed_results\788\788_4.bmp,787,787,787,0.7053043246269226,723,0.013668959029018879,0.6916353655979037,787|723|214|575|546,0.70530432|0.01366896|0.00499805|0.00474805|0.00422226,1,0.7053043246269226,True,787,0.7053043246269226,True,787,0.7396114468574524,True,787,0.8288825750350952,True,787,0.8266700506210327,True,c12_correct
788,789,789_3.bmp,preprocessed_results\789\789_3.bmp,788,788,788,0.7302448749542236,710,0.030273834243416786,0.6999710407108068,788|710|601|706|246,0.73024487|0.03027383|0.00766930|0.00720248|0.00496782,1,0.7302448749542236,True,788,0.7302448749542236,True,788,0.8578034043312073,True,788,0.8190180659294128,True,788,0.8522015810012817,True,c12_correct
789,790,790_6.bmp,preprocessed_results\790\790_6.bmp,789,789,789,0.6832265257835388,747,0.006376283708959818,0.676850242074579,789|747|786|254|695,0.68322653|0.00637628|0.00631488|0.00609296|0.00591627,1,0.6832265257835388,True,789,0.6832265257835388,True,789,0.8916593194007874,True,789,0.8339644074440002,True,789,0.8176243305206299,True,c12_correct
790,791,791_6.bmp,preprocessed_results\791\791_6.bmp,790,790,790,0.8785430192947388,757,0.004046241287142038,0.8744967780075967,790|757|621|734|827,0.87854302|0.00404624|0.00272913|0.00241870|0.00218485,1,0.8785430192947388,True,790,0.8785430192947388,True,790,0.8379978537559509,True,790,0.8025386929512024,True,790,0.808245062828064,True,c12_correct
791,792,792_9.bmp,preprocessed_results\792\792_9.bmp,791,791,791,0.6328697800636292,814,0.02642526663839817,0.606444513425231,791|814|586|807|741,0.63286978|0.02642527|0.02034569|0.01230529|0.01025536,1,0.6328697800636292,True,791,0.6328697800636292,True,791,0.5546739101409912,True,791,0.8044087886810303,True,791,0.649776816368103,True,c12_correct
792,793,793_1.bmp,preprocessed_results\793\793_1.bmp,792,792,792,0.587940514087677,791,0.03200770169496536,0.5559328123927116,792|791|597|768|752,0.58794051|0.03200770|0.01561639|0.01317565|0.01190413,1,0.587940514087677,True,792,0.587940514087677,True,792,0.5016608238220215,True,792,0.8311678171157837,True,792,0.7395445704460144,True,c12_correct
793,794,794_2.bmp,preprocessed_results\794\794_2.bmp,793,793,793,0.7436793446540833,633,0.00965401716530323,0.73402532748878,793|633|792|730|145,0.74367934|0.00965402|0.00656745|0.00515928|0.00474296,1,0.7436793446540833,True,793,0.7436793446540833,True,793,0.7918055653572083,True,793,0.8197426795959473,True,793,0.8239144682884216,True,c12_correct
794,795,795_7.bmp,preprocessed_results\795\795_7.bmp,794,794,794,0.887737512588501,776,0.002383103594183922,0.885354408994317,794|776|798|64|771,0.88773751|0.00238310|0.00213945|0.00198509|0.00179300,1,0.887737512588501,True,794,0.887737512588501,True,794,0.8861412405967712,True,794,0.838858962059021,True,794,0.8409881591796875,True,c12_correct
795,796,796_5.bmp,preprocessed_results\796\796_5.bmp,795,795,795,0.8933897614479065,24,0.006982160732150078,0.8864076007157564,795|24|10|749|262,0.89338976|0.00698216|0.00310040|0.00233848|0.00223507,1,0.8933897614479065,True,795,0.8933897614479065,True,795,0.8512799739837646,True,795,0.809112548828125,True,795,0.7890259027481079,True,c12_correct
796,797,797_6.bmp,preprocessed_results\797\797_6.bmp,796,796,796,0.6865346431732178,797,0.013022910803556442,0.6735117323696613,796|797|633|817|60,0.68653464|0.01302291|0.00684552|0.00610051|0.00591955,1,0.6865346431732178,True,796,0.6865346431732178,True,796,0.7734987139701843,True,796,0.8278284072875977,True,796,0.7948226928710938,True,c12_correct
797,798,798_4.bmp,preprocessed_results\798\798_4.bmp,797,797,797,0.7592573165893555,796,0.021272458136081696,0.7379848584532738,797|796|816|771|749,0.75925732|0.02127246|0.01191913|0.00561009|0.00490504,1,0.7592573165893555,True,797,0.7592573165893555,True,797,0.8465627431869507,True,797,0.8372403979301453,True,797,0.861422061920166,True,c12_correct
798,799,799_7.bmp,preprocessed_results\799\799_7.bmp,798,798,798,0.7336980104446411,340,0.018930569291114807,0.7147674411535263,798|340|632|187|799,0.73369801|0.01893057|0.00872772|0.00639622|0.00636418,1,0.7336980104446411,True,798,0.7336980104446411,True,798,0.7958263158798218,True,798,0.8344866633415222,True,798,0.8338578939437866,True,c12_correct
799,800,800_9.bmp,preprocessed_results\800\800_9.bmp,799,799,799,0.6264491677284241,820,0.019321633502840996,0.6071275342255831,799|820|784|831|758,0.62644917|0.01932163|0.00935485|0.00816332|0.00778265,1,0.6264491677284241,True,799,0.6264491677284241,True,799,0.6425712704658508,True,799,0.7443276047706604,True,799,0.7117093801498413,True,c12_correct
800,801,801_9.bmp,preprocessed_results\801\801_9.bmp,800,800,800,0.6865416765213013,801,0.02186674438416958,0.6646749321371317,800|801|784|406|690,0.68654168|0.02186674|0.01365919|0.01245921|0.01241839,1,0.6865416765213013,True,800,0.6865416765213013,True,800,0.6927305459976196,True,800,0.8028324842453003,True,800,0.7952053546905518,True,c12_correct
801,802,802_10.bmp,preprocessed_results\802\802_10.bmp,801,801,801,0.8272759318351746,800,0.009806046262383461,0.8174698855727911,801|800|805|833|182,0.82727593|0.00980605|0.00772138|0.00484851|0.00372119,1,0.8272759318351746,True,801,0.8272759318351746,True,801,0.7864294052124023,True,801,0.8212141394615173,True,801,0.8285868167877197,True,c12_correct
802,803,803_6.bmp,preprocessed_results\803\803_6.bmp,802,802,802,0.5896955728530884,808,0.06002110242843628,0.5296744704246521,802|808|677|641|634,0.58969557|0.06002110|0.02960504|0.02722859|0.01860400,1,0.5896955728530884,True,802,0.5896955728530884,True,802,0.6579345464706421,True,802,0.8390828371047974,True,802,0.7771684527397156,True,c12_correct
803,804,804_5.bmp,preprocessed_results\804\804_5.bmp,803,803,803,0.8274797797203064,802,0.021468136459589005,0.8060116432607174,803|802|677|678|679,0.82747978|0.02146814|0.01211821|0.00788472|0.00663738,1,0.8274797797203064,True,803,0.8274797797203064,True,803,0.8135547041893005,True,803,0.829255998134613,True,803,0.7941527962684631,True,c12_correct
804,805,805_6.bmp,preprocessed_results\805\805_6.bmp,804,804,804,0.8958951234817505,648,0.01959814503788948,0.876296978443861,804|648|372|640|116,0.89589512|0.01959815|0.00441665|0.00342616|0.00177300,1,0.8958951234817505,True,804,0.8958951234817505,True,804,0.8623617887496948,True,804,0.8114106059074402,True,804,0.8332839012145996,True,c12_correct
805,806,806_2.bmp,preprocessed_results\806\806_2.bmp,805,805,805,0.7666890621185303,635,0.012535875663161278,0.754153186455369,805|635|667|814|833,0.76668906|0.01253588|0.01211005|0.00681259|0.00677399,1,0.7666890621185303,True,805,0.7666890621185303,True,805,0.8003060817718506,True,805,0.8363927602767944,True,805,0.8092162013053894,True,c12_correct
806,807,807_10.bmp,preprocessed_results\807\807_10.bmp,806,806,806,0.8593284487724304,807,0.010419351048767567,0.8489090977236629,806|807|823|151|822,0.85932845|0.01041935|0.00587353|0.00479314|0.00365816,1,0.8593284487724304,True,806,0.8593284487724304,True,806,0.8478014469146729,True,806,0.8689967393875122,True,806,0.8691104650497437,True,c12_correct
807,808,808_9.bmp,preprocessed_results\808\808_9.bmp,807,807,807,0.836826741695404,806,0.006607488263398409,0.8302192534320056,807|806|327|801|724,0.83682674|0.00660749|0.00552385|0.00339099|0.00335076,1,0.836826741695404,True,807,0.836826741695404,True,807,0.665131688117981,True,807,0.8398054242134094,True,807,0.7523230314254761,True,c12_correct
808,809,809_9.bmp,preprocessed_results\809\809_9.bmp,808,808,808,0.7441291213035583,684,0.012430017814040184,0.7316991034895182,808|684|802|809|679,0.74412912|0.01243002|0.01124785|0.01010963|0.00766813,1,0.7441291213035583,True,808,0.7441291213035583,True,808,0.8457425236701965,True,808,0.8338132500648499,True,808,0.8517754077911377,True,c12_correct
809,810,810_2.bmp,preprocessed_results\810\810_2.bmp,809,809,809,0.8686182498931885,679,0.020617198199033737,0.8480010516941547,809|679|678|714|832,0.86861825|0.02061720|0.01001300|0.00596155|0.00289861,1,0.8686182498931885,True,809,0.8686182498931885,True,809,0.9014624357223511,True,809,0.8320712447166443,True,809,0.8451311588287354,True,c12_correct
810,811,811_6.bmp,preprocessed_results\811\811_6.bmp,810,810,810,0.6719707250595093,830,0.01846187375485897,0.6535088513046503,810|830|650|806|286,0.67197073|0.01846187|0.01130766|0.01026794|0.00919507,1,0.6719707250595093,True,810,0.6719707250595093,True,810,0.6556991934776306,True,810,0.7777270078659058,True,810,0.7712095379829407,True,c12_correct
811,812,812_7.bmp,preprocessed_results\812\812_7.bmp,811,811,811,0.9320643544197083,810,0.005721727851778269,0.92634262656793,811|810|761|697|767,0.93206435|0.00572173|0.00290887|0.00171966|0.00148459,1,0.9320643544197083,True,811,0.9320643544197083,True,811,0.8971156477928162,True,811,0.8440882563591003,True,811,0.8868623971939087,True,c12_correct
812,813,813_10.bmp,preprocessed_results\813\813_10.bmp,812,812,812,0.732943058013916,781,0.06961984932422638,0.6633232086896896,812|781|702|780|726,0.73294306|0.06961985|0.01443631|0.00657938|0.00496552,1,0.732943058013916,True,812,0.732943058013916,True,812,0.7530909180641174,True,812,0.8285841941833496,True,812,0.7057342529296875,True,c12_correct
813,814,814_7.bmp,preprocessed_results\814\814_7.bmp,813,813,813,0.8702576160430908,809,0.00964007806032896,0.8606175379827619,813|809|812|827|774,0.87025762|0.00964008|0.00582524|0.00363655|0.00337353,1,0.8702576160430908,True,813,0.8702576160430908,True,813,0.8159284591674805,True,813,0.8379573822021484,True,813,0.8712455034255981,True,c12_correct
814,815,815_1.bmp,preprocessed_results\815\815_1.bmp,814,814,814,0.8754344582557678,805,0.013715892098844051,0.8617185661569238,814|805|815|833|679,0.87543446|0.01371589|0.00844330|0.00389814|0.00265374,1,0.8754344582557678,True,814,0.8754344582557678,True,814,0.9168203473091125,True,814,0.8445712924003601,True,814,0.8545490503311157,True,c12_correct
815,816,816_10.bmp,preprocessed_results\816\816_10.bmp,815,815,815,0.7959629893302917,814,0.008823263458907604,0.7871397258713841,815|814|712|738|805,0.79596299|0.00882326|0.00557889|0.00419558|0.00407390,1,0.7959629893302917,True,815,0.7959629893302917,True,815,0.8046196699142456,True,815,0.8444237112998962,True,815,0.7264080047607422,True,c12_correct
816,817,817_10.bmp,preprocessed_results\817\817_10.bmp,816,816,816,0.7887550592422485,796,0.015872662886977196,0.7728823963552713,816|796|340|797|37,0.78875506|0.01587266|0.01321104|0.01023331|0.00748625,1,0.7887550592422485,True,816,0.7887550592422485,True,816,0.7738312482833862,True,816,0.8452804684638977,True,816,0.8351038098335266,True,c12_correct
817,818,818_5.bmp,preprocessed_results\818\818_5.bmp,817,817,817,0.7791446447372437,110,0.011258569546043873,0.7678860751911998,817|110|602|183|792,0.77914464|0.01125857|0.00976329|0.00687149|0.00492952,1,0.7791446447372437,True,817,0.7791446447372437,True,817,0.8523483872413635,True,817,0.8392099738121033,True,817,0.8518121838569641,True,c12_correct
818,819,819_3.bmp,preprocessed_results\819\819_3.bmp,818,818,818,0.7812544107437134,769,0.008958786725997925,0.7722956240177155,818|769|330|749|243,0.78125441|0.00895879|0.00664926|0.00481152|0.00391403,1,0.7812544107437134,True,818,0.7812544107437134,True,818,0.8573648929595947,True,818,0.8437612652778625,True,818,0.823134183883667,True,c12_correct
819,820,820_7.bmp,preprocessed_results\820\820_7.bmp,819,819,819,0.8517552614212036,739,0.003866502083837986,0.8478887593373656,819|739|695|713|329,0.85175526|0.00386650|0.00367712|0.00285551|0.00208567,1,0.8517552614212036,True,819,0.8517552614212036,True,819,0.8287280201911926,True,819,0.8267502188682556,True,819,0.8885705471038818,True,c12_correct
820,821,821_2.bmp,preprocessed_results\821\821_2.bmp,820,820,820,0.8076841831207275,780,0.010425688698887825,0.7972584944218397,820|780|734|572|764,0.80768418|0.01042569|0.00730303|0.00710571|0.00641796,1,0.8076841831207275,True,820,0.8076841831207275,True,820,0.7628335952758789,True,820,0.8203697204589844,True,820,0.8466358184814453,True,c12_correct
821,822,822_3.bmp,preprocessed_results\822\822_3.bmp,821,821,821,0.8000765442848206,740,0.007666412275284529,0.792410132009536,821|740|673|790|658,0.80007654|0.00766641|0.00693981|0.00383952|0.00376961,1,0.8000765442848206,True,821,0.8000765442848206,True,821,0.8118764758110046,True,821,0.8407095074653625,True,821,0.8323631882667542,True,c12_correct
822,823,823_10.bmp,preprocessed_results\823\823_10.bmp,822,822,822,0.8981685638427734,752,0.0039351326413452625,0.8942334312014282,822|752|596|823|780,0.89816856|0.00393513|0.00288835|0.00283126|0.00277442,1,0.8981685638427734,True,822,0.8981685638427734,True,822,0.8878539204597473,True,822,0.8384420871734619,True,822,0.8571101427078247,True,c12_correct
823,824,824_8.bmp,preprocessed_results\824\824_8.bmp,823,823,823,0.739686131477356,588,0.009869707748293877,0.7298164237290621,823|588|700|805|740,0.73968613|0.00986971|0.00590954|0.00534901|0.00433379,1,0.739686131477356,True,823,0.739686131477356,True,823,0.8278863430023193,True,823,0.8354722857475281,True,823,0.8636191487312317,True,c12_correct
824,825,825_10.bmp,preprocessed_results\825\825_10.bmp,824,824,824,0.8198912143707275,830,0.006193066947162151,0.8136981474235654,824|830|570|571|93,0.81989121|0.00619307|0.00609473|0.00395188|0.00315715,1,0.8198912143707275,True,824,0.8198912143707275,True,824,0.7188448905944824,True,824,0.7918769717216492,True,824,0.6961085796356201,True,c12_correct
825,826,826_2.bmp,preprocessed_results\826\826_2.bmp,825,825,825,0.8446812629699707,573,0.006658296100795269,0.8380229668691754,825|573|759|668|770,0.84468126|0.00665830|0.00561932|0.00441551|0.00342750,1,0.8446812629699707,True,825,0.8446812629699707,True,825,0.9235658049583435,True,825,0.8366360068321228,True,825,0.8013372421264648,True,c12_correct
826,827,827_10.bmp,preprocessed_results\827\827_10.bmp,826,826,826,0.8259406089782715,827,0.023715905845165253,0.8022247031331062,826|827|644|809|162,0.82594061|0.02371591|0.01077229|0.00735621|0.00338589,1,0.8259406089782715,True,826,0.8259406089782715,True,826,0.8816589713096619,True,826,0.8449801206588745,True,826,0.780332088470459,True,c12_correct
827,828,828_10.bmp,preprocessed_results\828\828_10.bmp,827,827,827,0.851954996585846,826,0.021145999431610107,0.8308089971542358,827|826|644|645|803,0.85195500|0.02114600|0.00928366|0.00471281|0.00329426,1,0.851954996585846,True,827,0.851954996585846,True,827,0.7068804502487183,True,827,0.8418859243392944,True,827,0.7859734296798706,True,c12_correct
828,829,829_2.bmp,preprocessed_results\829\829_2.bmp,828,828,828,0.8672782778739929,811,0.005790133960545063,0.8614881439134479,828|811|580|829|790,0.86727828|0.00579013|0.00527632|0.00394104|0.00375306,1,0.8672782778739929,True,828,0.8672782778739929,True,828,0.6957080364227295,True,828,0.8078099489212036,True,828,0.5804144144058228,True,c12_correct
829,830,830_5.bmp,preprocessed_results\830\830_5.bmp,829,829,829,0.8653863668441772,99,0.005818284582346678,0.8595680822618306,829|99|588|809|665,0.86538637|0.00581828|0.00458007|0.00445787|0.00278143,1,0.8653863668441772,True,829,0.8653863668441772,True,829,0.8663713932037354,True,829,0.8249068260192871,True,829,0.8298493027687073,True,c12_correct
830,831,831_8.bmp,preprocessed_results\831\831_8.bmp,830,830,830,0.8430380821228027,620,0.011788024567067623,0.8312500575557351,830|620|831|824|287,0.84303808|0.01178802|0.01039435|0.00483994|0.00329835,1,0.8430380821228027,True,830,0.8430380821228027,True,830,0.8657361268997192,True,830,0.8167375922203064,True,830,0.8117547631263733,True,c12_correct
831,832,832_9.bmp,preprocessed_results\832\832_9.bmp,831,831,831,0.14054737985134125,799,0.04573461040854454,0.09481276944279671,831|799|752|425|806,0.14054738|0.04573461|0.03705120|0.03691563|0.01728525,1,0.14054737985134125,True,831,0.14054737985134125,True,830,0.03701392188668251,False,831,0.794791579246521,True,831,0.29672980308532715,True,c12_correct
832,833,833_10.bmp,preprocessed_results\833\833_10.bmp,832,832,832,0.3366754353046417,564,0.01845771074295044,0.3182177245616913,832|564|282|77|606,0.33667544|0.01845771|0.01686830|0.01045265|0.00891710,1,0.3366754353046417,True,832,0.3366754353046417,True,832,0.8061517477035522,True,832,0.8294907808303833,True,832,0.8162710666656494,True,c12_correct
833,834,834_8.bmp,preprocessed_results\834\834_8.bmp,833,833,833,0.8297392129898071,563,0.007446211762726307,0.8222930012270808,833|563|712|832|584,0.82973921|0.00744621|0.00561317|0.00481849|0.00286740,1,0.8297392129898071,True,833,0.8297392129898071,True,833,0.8513408899307251,True,833,0.8211889863014221,True,833,0.8769004940986633,True,c12_correct
