global_epoch,stage,epoch,w_loss,a_loss,train_acc,val_loss,val_acc,lr,num_ops,epoch_time
1,1,1,6.733144,0.000000,0.0021,6.726755,0.0024,0.024976,8,50815.0
2,1,2,6.633090,0.000000,0.0057,6.598869,0.0084,0.024905,8,52807.7
