index,subject_id,filename,path,label,true_label,c12_top1,c12_top1_prob,c12_top2,c12_top2_prob,c12_margin_top1_top2,c12_top5_labels,c12_top5_probs,c12_true_rank,c12_true_prob,c12_true_in_top5,c12_pred,c12_conf,c12_correct,mobilenet_pred,mobilenet_conf,mobilenet_correct,effv2m_pred,effv2m_conf,effv2m_correct,resnet50_pred,resnet50_conf,resnet50_correct,diagnosis
0,1,1_10.bmp,preprocessed_results\1\1_10.bmp,0,0,0,0.9248842597007751,1,0.03617903217673302,0.8887052275240421,0|1|308|13|207,0.92488426|0.03617903|0.00461137|0.00252199|0.00166764,1,0.9248842597007751,True,0,0.9248842597007751,True,0,0.8807249069213867,True,0,0.8586646914482117,True,0,0.8092822432518005,True,c12_correct
1,2,2_9.bmp,preprocessed_results\2\2_9.bmp,1,1,1,0.8887578845024109,0,0.015030056238174438,0.8737278282642365,1|0|97|269|207,0.88875788|0.01503006|0.00392212|0.00297312|0.00220330,1,0.8887578845024109,True,1,0.8887578845024109,True,1,0.8541948199272156,True,1,0.8367971181869507,True,1,0.7320094108581543,True,c12_correct
2,3,3_8.bmp,preprocessed_results\3\3_8.bmp,2,2,2,0.921038031578064,623,0.019922900944948196,0.9011151306331158,2|623|136|12|215,0.92103803|0.01992290|0.00691554|0.00205313|0.00177172,1,0.921038031578064,True,2,0.921038031578064,True,2,0.6435295343399048,True,2,0.7944902181625366,True,2,0.7591208219528198,True,c12_correct
3,4,4_6.bmp,preprocessed_results\4\4_6.bmp,3,3,3,0.9598163962364197,191,0.0016536703333258629,0.9581627259030938,3|191|319|141|2,0.95981640|0.00165367|0.00153669|0.00140168|0.00132405,1,0.9598163962364197,True,3,0.9598163962364197,True,3,0.9039043188095093,True,3,0.8390026092529297,True,3,0.7672256827354431,True,c12_correct
4,5,5_10.bmp,preprocessed_results\5\5_10.bmp,4,4,4,0.8623403310775757,170,0.03246287256479263,0.829877458512783,4|170|198|269|256,0.86234033|0.03246287|0.00930848|0.00506771|0.00311141,1,0.8623403310775757,True,4,0.8623403310775757,True,4,0.601411759853363,True,4,0.8194741010665894,True,4,0.7296889424324036,True,c12_correct
5,6,6_6.bmp,preprocessed_results\6\6_6.bmp,5,5,5,0.5857614874839783,171,0.31657540798187256,0.2691860795021057,5|171|813|13|543,0.58576149|0.31657541|0.00624609|0.00357332|0.00253284,1,0.5857614874839783,True,5,0.5857614874839783,True,5,0.43013983964920044,True,5,0.7179867029190063,True,5,0.2726656496524811,True,c12_correct
6,7,7_10.bmp,preprocessed_results\7\7_10.bmp,6,6,6,0.7918641567230225,246,0.023165032267570496,0.768699124455452,6|246|738|538|717,0.79186416|0.02316503|0.00715385|0.00545206|0.00541497,1,0.7918641567230225,True,6,0.7918641567230225,True,6,0.5747631192207336,True,6,0.796624481678009,True,6,0.5902025103569031,True,c12_correct
7,8,8_4.bmp,preprocessed_results\8\8_4.bmp,7,7,7,0.6835253238677979,6,0.08827928453683853,0.5952460393309593,7|6|733|644|177,0.68352532|0.08827928|0.01662348|0.01448821|0.00943866,1,0.6835253238677979,True,7,0.6835253238677979,True,7,0.5926808714866638,True,7,0.8468852639198303,True,7,0.6875666975975037,True,c12_correct
8,9,9_10.bmp,preprocessed_results\9\9_10.bmp,8,8,8,0.9315075278282166,184,0.0071958559565246105,0.9243116718716919,8|184|164|72|230,0.93150753|0.00719586|0.00378186|0.00295255|0.00244958,1,0.9315075278282166,True,8,0.9315075278282166,True,8,0.5520250797271729,True,8,0.8310112357139587,True,8,0.6806895136833191,True,c12_correct
9,10,10_5.bmp,preprocessed_results\10\10_5.bmp,9,9,9,0.7955053448677063,120,0.0429711788892746,0.7525341659784317,9|120|55|8|300,0.79550534|0.04297118|0.01016838|0.00752591|0.00701761,1,0.7955053448677063,True,9,0.7955053448677063,True,9,0.619391918182373,True,9,0.8094950914382935,True,9,0.6716591119766235,True,c12_correct
10,11,11_3.bmp,preprocessed_results\11\11_3.bmp,10,10,10,0.8867034316062927,795,0.009628497995436192,0.8770749336108565,10|795|262|807|94,0.88670343|0.00962850|0.00397342|0.00356739|0.00351928,1,0.8867034316062927,True,10,0.8867034316062927,True,10,0.8380301594734192,True,10,0.8394871354103088,True,10,0.7967588901519775,True,c12_correct
11,12,12_2.bmp,preprocessed_results\12\12_2.bmp,11,11,11,0.9705089926719666,728,0.0021827176678925753,0.968326275004074,11|728|658|101|50,0.97050899|0.00218272|0.00216010|0.00134343|0.00130265,1,0.9705089926719666,True,11,0.9705089926719666,True,11,0.928759753704071,True,11,0.8239507675170898,True,11,0.7952887415885925,True,c12_correct
12,13,13_2.bmp,preprocessed_results\13\13_2.bmp,12,12,12,0.6543077230453491,544,0.010111188516020775,0.6441965345293283,12|544|136|24|338,0.65430772|0.01011119|0.00830248|0.00785199|0.00780689,1,0.6543077230453491,True,12,0.6543077230453491,True,12,0.5140480399131775,True,12,0.8241737484931946,True,12,0.7720719575881958,True,c12_correct
13,14,14_6.bmp,preprocessed_results\14\14_6.bmp,13,13,13,0.8290013074874878,783,0.013502031564712524,0.8154992759227753,13|783|5|311|69,0.82900131|0.01350203|0.01199633|0.00890980|0.00706640,1,0.8290013074874878,True,13,0.8290013074874878,True,13,0.7909603118896484,True,13,0.8155294060707092,True,13,0.6058489084243774,True,c12_correct
14,15,15_10.bmp,preprocessed_results\15\15_10.bmp,14,14,14,0.793867290019989,190,0.023050256073474884,0.7708170339465141,14|190|15|187|307,0.79386729|0.02305026|0.01004887|0.00842708|0.00795424,1,0.793867290019989,True,14,0.793867290019989,True,14,0.7235614061355591,True,14,0.8184342384338379,True,14,0.6824061274528503,True,c12_correct
15,16,16_2.bmp,preprocessed_results\16\16_2.bmp,15,15,15,0.9380539059638977,621,0.008182178251445293,0.9298717277124524,15|621|143|777|275,0.93805391|0.00818218|0.00150334|0.00146792|0.00138626,1,0.9380539059638977,True,15,0.9380539059638977,True,15,0.8461008667945862,True,15,0.8468760848045349,True,15,0.8123117089271545,True,c12_correct
16,17,17_4.bmp,preprocessed_results\17\17_4.bmp,16,16,16,0.4241679012775421,62,0.05503292754292488,0.36913497373461723,16|62|670|704|82,0.42416790|0.05503293|0.03099204|0.02178288|0.02035658,1,0.4241679012775421,True,16,0.4241679012775421,True,16,0.3511635661125183,True,16,0.8122283220291138,True,16,0.4472997188568115,True,c12_correct
17,18,18_7.bmp,preprocessed_results\18\18_7.bmp,17,17,17,0.48533084988594055,811,0.022137433290481567,0.463193416595459,17|811|243|108|162,0.48533085|0.02213743|0.01651316|0.01138888|0.01110635,1,0.48533084988594055,True,17,0.48533084988594055,True,17,0.1562063843011856,True,17,0.5694795250892639,True,17,0.3814961612224579,True,c12_correct
18,19,19_10.bmp,preprocessed_results\19\19_10.bmp,18,18,18,0.9315318465232849,19,0.007485432084649801,0.9240464144386351,18|19|135|396|356,0.93153185|0.00748543|0.00365666|0.00208800|0.00144490,1,0.9315318465232849,True,18,0.9315318465232849,True,18,0.7634387016296387,True,18,0.840829074382782,True,18,0.7625004649162292,True,c12_correct
19,20,20_8.bmp,preprocessed_results\20\20_8.bmp,19,19,19,0.7690980434417725,18,0.03979389742016792,0.7293041460216045,19|18|205|784|777,0.76909804|0.03979390|0.01333171|0.00574288|0.00366172,1,0.7690980434417725,True,19,0.7690980434417725,True,19,0.6597826480865479,True,19,0.8270338177680969,True,19,0.7015617489814758,True,c12_correct
20,21,21_4.bmp,preprocessed_results\21\21_4.bmp,20,20,20,0.9121218919754028,21,0.019114693626761436,0.8930071983486414,20|21|225|275|290,0.91212189|0.01911469|0.00681219|0.00326051|0.00320255,1,0.9121218919754028,True,20,0.9121218919754028,True,20,0.9255138635635376,True,20,0.8117364048957825,True,20,0.8344922065734863,True,c12_correct
21,22,22_10.bmp,preprocessed_results\22\22_10.bmp,21,21,21,0.7256730794906616,275,0.03969332203269005,0.6859797574579716,21|275|290|14|93,0.72567308|0.03969332|0.01182605|0.00855137|0.00733715,1,0.7256730794906616,True,21,0.7256730794906616,True,21,0.6421736478805542,True,21,0.8118278384208679,True,21,0.617303729057312,True,c12_correct
22,23,23_1.bmp,preprocessed_results\23\23_1.bmp,22,22,22,0.6956347227096558,429,0.014948115684092045,0.6806866070255637,22|429|51|23|383,0.69563472|0.01494812|0.01053730|0.00716928|0.00594741,1,0.6956347227096558,True,22,0.6956347227096558,True,22,0.7866286039352417,True,22,0.8204826712608337,True,22,0.7457966804504395,True,c12_correct
23,24,24_3.bmp,preprocessed_results\24\24_3.bmp,23,23,23,0.8980076909065247,129,0.008312495425343513,0.8896951954811811,23|129|149|269|195,0.89800769|0.00831250|0.00350407|0.00254790|0.00209115,1,0.8980076909065247,True,23,0.8980076909065247,True,23,0.8302608132362366,True,23,0.8364779353141785,True,23,0.8065637350082397,True,c12_correct
24,25,25_6.bmp,preprocessed_results\25\25_6.bmp,24,24,24,0.9136893153190613,88,0.01050299871712923,0.903186316601932,24|88|94|238|25,0.91368932|0.01050300|0.00862810|0.00520615|0.00344554,1,0.9136893153190613,True,24,0.9136893153190613,True,24,0.7651947140693665,True,24,0.8136984705924988,True,24,0.7999095320701599,True,c12_correct
25,26,26_7.bmp,preprocessed_results\26\26_7.bmp,25,25,25,0.42950406670570374,495,0.021098503842949867,0.40840556286275387,25|495|409|547|115,0.42950407|0.02109850|0.01864977|0.01533815|0.01342012,1,0.42950406670570374,True,25,0.42950406670570374,True,25,0.06464889645576477,True,25,0.7919244766235352,True,25,0.41483059525489807,True,c12_correct
26,27,27_3.bmp,preprocessed_results\27\27_3.bmp,26,26,26,0.9169820547103882,27,0.01099511981010437,0.9059869349002838,26|27|266|130|22,0.91698205|0.01099512|0.00522298|0.00423955|0.00261802,1,0.9169820547103882,True,26,0.9169820547103882,True,26,0.8164071440696716,True,26,0.8006393909454346,True,26,0.7260542511940002,True,c12_correct
27,28,28_10.bmp,preprocessed_results\28\28_10.bmp,27,27,27,0.9774670004844666,26,0.004086021799594164,0.9733809786848724,27|26|590|332|644,0.97746700|0.00408602|0.00161783|0.00097060|0.00084838,1,0.9774670004844666,True,27,0.9774670004844666,True,27,0.7906268835067749,True,27,0.8479205965995789,True,27,0.8497887253761292,True,c12_correct
28,29,29_2.bmp,preprocessed_results\29\29_2.bmp,28,28,28,0.5267728567123413,423,0.02350899949669838,0.5032638572156429,28|423|189|223|203,0.52677286|0.02350900|0.01806638|0.01407494|0.01316555,1,0.5267728567123413,True,28,0.5267728567123413,True,28,0.626236081123352,True,28,0.8167579174041748,True,28,0.6886655688285828,True,c12_correct
29,30,30_1.bmp,preprocessed_results\30\30_1.bmp,29,29,29,0.9501388669013977,28,0.0083573954179883,0.9417814714834094,29|28|189|198|59,0.95013887|0.00835740|0.00319573|0.00121742|0.00099102,1,0.9501388669013977,True,29,0.9501388669013977,True,29,0.5189663171768188,True,29,0.8354495763778687,True,29,0.6698707342147827,True,c12_correct
30,31,31_2.bmp,preprocessed_results\31\31_2.bmp,30,30,30,0.9300985336303711,315,0.005014536902308464,0.9250839967280626,30|315|195|247|194,0.93009853|0.00501454|0.00398074|0.00377952|0.00330526,1,0.9300985336303711,True,30,0.9300985336303711,True,30,0.6529351472854614,True,30,0.8002597093582153,True,30,0.6364003419876099,True,c12_correct
31,32,32_1.bmp,preprocessed_results\32\32_1.bmp,31,31,31,0.7830891609191895,30,0.1469208300113678,0.6361683309078217,31|30|667|144|788,0.78308916|0.14692083|0.00434640|0.00380704|0.00253081,1,0.7830891609191895,True,31,0.7830891609191895,True,31,0.7627430558204651,True,31,0.7920277714729309,True,31,0.45891278982162476,True,c12_correct
32,33,33_2.bmp,preprocessed_results\33\33_2.bmp,32,32,32,0.9816261529922485,305,0.0019002278568223119,0.9797259251354262,32|305|89|25|54,0.98162615|0.00190023|0.00149133|0.00071929|0.00059968,1,0.9816261529922485,True,32,0.9816261529922485,True,32,0.7682380676269531,True,32,0.821094274520874,True,32,0.7448704242706299,True,c12_correct
33,34,34_9.bmp,preprocessed_results\34\34_9.bmp,33,33,33,0.9518743753433228,218,0.005399862304329872,0.9464745130389929,33|218|32|212|206,0.95187438|0.00539986|0.00317745|0.00197039|0.00116439,1,0.9518743753433228,True,33,0.9518743753433228,True,33,0.8822765946388245,True,33,0.848554253578186,True,33,0.8941352367401123,True,c12_correct
34,35,35_5.bmp,preprocessed_results\35\35_5.bmp,34,34,34,0.7594786882400513,35,0.01851777359843254,0.7409609146416187,34|35|204|200|622,0.75947869|0.01851777|0.01600917|0.01101090|0.00653778,1,0.7594786882400513,True,34,0.7594786882400513,True,34,0.7380006313323975,True,34,0.7965006828308105,True,34,0.6176049709320068,True,c12_correct
35,36,36_1.bmp,preprocessed_results\36\36_1.bmp,35,35,35,0.820443332195282,212,0.014209949411451817,0.8062333827838302,35|212|450|284|517,0.82044333|0.01420995|0.01121440|0.01031109|0.00661199,1,0.820443332195282,True,35,0.820443332195282,True,35,0.6518524289131165,True,35,0.8184676766395569,True,35,0.49229666590690613,True,c12_correct
36,37,37_10.bmp,preprocessed_results\37\37_10.bmp,36,36,36,0.4258398413658142,119,0.036221444606781006,0.3896183967590332,36|119|759|290|318,0.42583984|0.03622144|0.01634242|0.01245358|0.01201326,1,0.4258398413658142,True,36,0.4258398413658142,True,36,0.38822150230407715,True,36,0.7999899983406067,True,36,0.727613091468811,True,c12_correct
37,38,38_8.bmp,preprocessed_results\38\38_8.bmp,37,37,37,0.13539668917655945,36,0.05954055115580559,0.07585613802075386,37|36|243|431|162,0.13539669|0.05954055|0.05008707|0.03285119|0.03142829,1,0.13539668917655945,True,37,0.13539668917655945,True,37,0.1673590987920761,True,37,0.7726715803146362,True,37,0.20163676142692566,True,c12_correct
38,39,39_4.bmp,preprocessed_results\39\39_4.bmp,38,38,38,0.3866373598575592,173,0.055821798741817474,0.33081556111574173,38|173|172|59|39,0.38663736|0.05582180|0.04800226|0.03152389|0.02483229,1,0.3866373598575592,True,38,0.3866373598575592,True,38,0.2230079174041748,True,38,0.5822464227676392,True,38,0.25276806950569153,True,c12_correct
39,40,40_4.bmp,preprocessed_results\40\40_4.bmp,39,39,39,0.8821043968200684,519,0.0035015197936445475,0.8786028770264238,39|519|198|408|28,0.88210440|0.00350152|0.00307672|0.00286295|0.00277325,1,0.8821043968200684,True,39,0.8821043968200684,True,39,0.224213108420372,True,39,0.803942084312439,True,39,0.5198343992233276,True,c12_correct
40,41,41_2.bmp,preprocessed_results\41\41_2.bmp,40,40,40,0.5684299468994141,41,0.029926570132374763,0.5385033767670393,40|41|453|80|125,0.56842995|0.02992657|0.02585466|0.02337950|0.01507966,1,0.5684299468994141,True,40,0.5684299468994141,True,40,0.24941806495189667,True,40,0.7928423881530762,True,40,0.6868985295295715,True,c12_correct
41,42,42_10.bmp,preprocessed_results\42\42_10.bmp,41,41,41,0.957267165184021,40,0.003179100574925542,0.9540880646090955,41|40|336|354|315,0.95726717|0.00317910|0.00145918|0.00133451|0.00120605,1,0.957267165184021,True,41,0.957267165184021,True,41,0.8734882473945618,True,41,0.8249853849411011,True,41,0.8626769185066223,True,c12_correct
42,43,43_1.bmp,preprocessed_results\43\43_1.bmp,42,42,42,0.8484182357788086,173,0.011849935166537762,0.8365683006122708,42|173|304|102|328,0.84841824|0.01184994|0.00499669|0.00408652|0.00386602,1,0.8484182357788086,True,42,0.8484182357788086,True,42,0.3920891582965851,True,42,0.8104299306869507,True,42,0.7076659798622131,True,c12_correct
43,44,44_10.bmp,preprocessed_results\44\44_10.bmp,43,43,43,0.8854447603225708,720,0.006683737970888615,0.8787610223516822,43|720|356|440|786,0.88544476|0.00668374|0.00394357|0.00382620|0.00293178,1,0.8854447603225708,True,43,0.8854447603225708,True,43,0.4377520680427551,True,43,0.8148924708366394,True,43,0.7492145895957947,True,c12_correct
44,45,45_6.bmp,preprocessed_results\45\45_6.bmp,44,44,44,0.5102705955505371,144,0.034521304070949554,0.47574929147958755,44|144|45|716|320,0.51027060|0.03452130|0.02430443|0.01811712|0.01573401,1,0.5102705955505371,True,44,0.5102705955505371,True,44,0.5076844096183777,True,44,0.748665452003479,True,44,0.5809341073036194,True,c12_correct
45,46,46_10.bmp,preprocessed_results\46\46_10.bmp,45,45,45,0.6524981260299683,44,0.03077203966677189,0.6217260863631964,45|44|305|294|77,0.65249813|0.03077204|0.01283686|0.01221135|0.01074199,1,0.6524981260299683,True,45,0.6524981260299683,True,45,0.3774649202823639,True,45,0.7789205312728882,True,45,0.4231581687927246,True,c12_correct
46,47,47_4.bmp,preprocessed_results\47\47_4.bmp,46,46,46,0.8744076490402222,295,0.008086532354354858,0.8663211166858673,46|295|411|47|216,0.87440765|0.00808653|0.00654009|0.00390650|0.00369028,1,0.8744076490402222,True,46,0.8744076490402222,True,46,0.6877673864364624,True,46,0.8202536106109619,True,46,0.7196124792098999,True,c12_correct
47,48,48_10.bmp,preprocessed_results\48\48_10.bmp,47,47,47,0.7226792573928833,241,0.07373742759227753,0.6489418298006058,47|241|811|568|162,0.72267926|0.07373743|0.02245936|0.01078881|0.00984760,1,0.7226792573928833,True,47,0.7226792573928833,True,47,0.605961263179779,True,47,0.8081603050231934,True,47,0.7619240283966064,True,c12_correct
48,49,49_4.bmp,preprocessed_results\49\49_4.bmp,48,48,48,0.7779044508934021,204,0.013079756870865822,0.7648246940225363,48|204|34|49|334,0.77790445|0.01307976|0.00860877|0.00726562|0.00723753,1,0.7779044508934021,True,48,0.7779044508934021,True,48,0.8156861066818237,True,48,0.8508113026618958,True,48,0.8228476643562317,True,c12_correct
49,50,50_6.bmp,preprocessed_results\50\50_6.bmp,49,49,49,0.8539174199104309,334,0.008397852070629597,0.8455195678398013,49|334|105|25|48,0.85391742|0.00839785|0.00793031|0.00691843|0.00673439,1,0.8539174199104309,True,49,0.8539174199104309,True,49,0.4845832586288452,True,49,0.7833954691886902,True,49,0.5612953901290894,True,c12_correct
50,51,51_1.bmp,preprocessed_results\51\51_1.bmp,50,50,50,0.6771185994148254,51,0.026468439027667046,0.6506501603871584,50|51|517|334|54,0.67711860|0.02646844|0.01938912|0.01248908|0.01068373,1,0.6771185994148254,True,50,0.6771185994148254,True,50,0.3544188439846039,True,50,0.7341454029083252,True,50,0.34317246079444885,True,c12_correct
51,52,52_10.bmp,preprocessed_results\52\52_10.bmp,51,51,51,0.882014811038971,50,0.006570849567651749,0.8754439614713192,51|50|252|766|160,0.88201481|0.00657085|0.00445619|0.00385766|0.00244145,1,0.882014811038971,True,51,0.882014811038971,True,51,0.7491098642349243,True,51,0.8387874960899353,True,51,0.7764038443565369,True,c12_correct
52,53,53_8.bmp,preprocessed_results\53\53_8.bmp,52,52,52,0.7370933890342712,494,0.022799164056777954,0.7142942249774933,52|494|53|163|313,0.73709339|0.02279916|0.01861136|0.01259385|0.00850506,1,0.7370933890342712,True,52,0.7370933890342712,True,52,0.5507976412773132,True,52,0.7985531687736511,True,52,0.6830511093139648,True,c12_correct
53,54,54_6.bmp,preprocessed_results\54\54_6.bmp,53,53,53,0.9661504626274109,52,0.005366340279579163,0.9607841223478317,53|52|128|163|824,0.96615046|0.00536634|0.00100812|0.00092770|0.00070593,1,0.9661504626274109,True,53,0.9661504626274109,True,53,0.8920429944992065,True,53,0.8253206610679626,True,53,0.8081114888191223,True,c12_correct
54,55,55_7.bmp,preprocessed_results\55\55_7.bmp,54,54,54,0.963921844959259,55,0.0033144450280815363,0.9606073999311775,54|55|101|100|262,0.96392184|0.00331445|0.00206293|0.00120369|0.00115675,1,0.963921844959259,True,54,0.963921844959259,True,54,0.7777950763702393,True,54,0.8272848725318909,True,54,0.7903697490692139,True,c12_correct
55,56,56_10.bmp,preprocessed_results\56\56_10.bmp,55,55,55,0.9348921775817871,339,0.005194169469177723,0.9296980081126094,55|339|107|54|213,0.93489218|0.00519417|0.00382153|0.00213061|0.00155225,1,0.9348921775817871,True,55,0.9348921775817871,True,55,0.8364313244819641,True,55,0.818697452545166,True,55,0.7862163186073303,True,c12_correct
56,57,57_1.bmp,preprocessed_results\57\57_1.bmp,56,56,56,0.6558719873428345,194,0.013692357577383518,0.642179629765451,56|194|195|561|114,0.65587199|0.01369236|0.00982802|0.00800530|0.00723015,1,0.6558719873428345,True,56,0.6558719873428345,True,56,0.18220864236354828,True,56,0.7715623378753662,True,56,0.6962523460388184,True,c12_correct
57,58,58_6.bmp,preprocessed_results\58\58_6.bmp,57,57,57,0.9354516267776489,143,0.004379740450531244,0.9310718863271177,57|143|56|541|247,0.93545163|0.00437974|0.00329902|0.00302458|0.00245463,1,0.9354516267776489,True,57,0.9354516267776489,True,57,0.49123674631118774,True,57,0.8275512456893921,True,57,0.6907556653022766,True,c12_correct
58,59,59_2.bmp,preprocessed_results\59\59_2.bmp,58,58,58,0.8741953372955322,102,0.009254597127437592,0.8649407401680946,58|102|88|18|94,0.87419534|0.00925460|0.00723539|0.00545657|0.00536311,1,0.8741953372955322,True,58,0.8741953372955322,True,58,0.5202440023422241,True,58,0.8225477933883667,True,58,0.7890242338180542,True,c12_correct
59,60,60_7.bmp,preprocessed_results\60\60_7.bmp,59,59,59,0.7548567056655884,640,0.006547038443386555,0.7483096672222018,59|640|271|722|58,0.75485671|0.00654704|0.00600738|0.00561929|0.00477109,1,0.7548567056655884,True,59,0.7548567056655884,True,59,0.5646008253097534,True,59,0.8154273629188538,True,59,0.6202681064605713,True,c12_correct
60,61,61_2.bmp,preprocessed_results\61\61_2.bmp,60,60,60,0.8664244413375854,61,0.00800145510584116,0.8584229862317443,60|61|49|818|18,0.86642444|0.00800146|0.00689012|0.00556621|0.00376426,1,0.8664244413375854,True,60,0.8664244413375854,True,60,0.7853826880455017,True,60,0.7712644338607788,True,60,0.5907732248306274,True,c12_correct
61,62,62_4.bmp,preprocessed_results\62\62_4.bmp,61,61,61,0.9207417964935303,104,0.006238373927772045,0.9145034225657582,61|104|105|157|60,0.92074180|0.00623837|0.00521572|0.00257330|0.00244703,1,0.9207417964935303,True,61,0.9207417964935303,True,61,0.8814461827278137,True,61,0.798884928226471,True,61,0.8315823078155518,True,c12_correct
62,63,63_8.bmp,preprocessed_results\63\63_8.bmp,62,62,62,0.44178611040115356,63,0.04699224233627319,0.39479386806488037,62|63|267|137|446,0.44178611|0.04699224|0.02178103|0.01260012|0.01061626,1,0.44178611040115356,True,62,0.44178611040115356,True,62,0.476125031709671,True,62,0.8014726638793945,True,62,0.7636124491691589,True,c12_correct
63,64,64_10.bmp,preprocessed_results\64\64_10.bmp,63,63,63,0.8964825868606567,62,0.021461347118020058,0.8750212397426367,63|62|26|332|5,0.89648259|0.02146135|0.00303475|0.00162900|0.00157200,1,0.8964825868606567,True,63,0.8964825868606567,True,63,0.4559694230556488,True,63,0.8451396226882935,True,63,0.8261426687240601,True,c12_correct
64,65,65_6.bmp,preprocessed_results\65\65_6.bmp,64,64,64,0.4783841073513031,65,0.11059843748807907,0.36778566986322403,64|65|316|61|317,0.47838411|0.11059844|0.02881047|0.01674322|0.01257897,1,0.4783841073513031,True,64,0.4783841073513031,True,64,0.5273507237434387,True,64,0.7972436547279358,True,64,0.52939373254776,True,c12_correct
65,66,66_4.bmp,preprocessed_results\66\66_4.bmp,65,65,65,0.8283433318138123,93,0.012181107886135578,0.8161622239276767,65|93|428|235|186,0.82834333|0.01218111|0.00758171|0.00411460|0.00374206,1,0.8283433318138123,True,65,0.8283433318138123,True,65,0.6855688095092773,True,65,0.8091311454772949,True,65,0.740159809589386,True,c12_correct
66,67,67_4.bmp,preprocessed_results\67\67_4.bmp,66,66,66,0.8507406115531921,96,0.018935931846499443,0.8318046797066927,66|96|250|67|97,0.85074061|0.01893593|0.01390138|0.01028733|0.00509058,1,0.8507406115531921,True,66,0.8507406115531921,True,66,0.8472670316696167,True,66,0.7875736951828003,True,66,0.7049486637115479,True,c12_correct
67,68,68_7.bmp,preprocessed_results\68\68_7.bmp,67,67,67,0.8757982850074768,494,0.008673000149428844,0.867125284858048,67|494|66|317|79,0.87579829|0.00867300|0.00687908|0.00335905|0.00267678,1,0.8757982850074768,True,67,0.8757982850074768,True,67,0.8217620849609375,True,67,0.8229901194572449,True,67,0.7200608253479004,True,c12_correct
68,69,69_2.bmp,preprocessed_results\69\69_2.bmp,68,68,68,0.22641882300376892,146,0.0374433659017086,0.18897545710206032,68|146|178|314|69,0.22641882|0.03744337|0.02466320|0.02225129|0.02175030,1,0.22641882300376892,True,68,0.22641882300376892,True,68,0.026988841593265533,True,68,0.7519341111183167,True,68,0.14163829386234283,True,c12_correct
69,70,70_5.bmp,preprocessed_results\70\70_5.bmp,69,69,69,0.9351757764816284,68,0.006418419536203146,0.9287573569454253,69|68|305|295|163,0.93517578|0.00641842|0.00222285|0.00201846|0.00159073,1,0.9351757764816284,True,69,0.9351757764816284,True,69,0.8746724128723145,True,69,0.8396960496902466,True,69,0.7727867364883423,True,c12_correct
70,71,71_8.bmp,preprocessed_results\71\71_8.bmp,70,70,70,0.8453474044799805,483,0.008843045681715012,0.8365043587982655,70|483|210|220|134,0.84534740|0.00884305|0.00462487|0.00452728|0.00415324,1,0.8453474044799805,True,70,0.8453474044799805,True,70,0.7841553092002869,True,70,0.7792479991912842,True,70,0.6955704092979431,True,c12_correct
71,72,72_3.bmp,preprocessed_results\72\72_3.bmp,71,71,71,0.8868808746337891,96,0.007232542149722576,0.8796483324840665,71|96|123|605|164,0.88688087|0.00723254|0.00342546|0.00340188|0.00324626,1,0.8868808746337891,True,71,0.8868808746337891,True,71,0.7174938321113586,True,71,0.8179856538772583,True,71,0.758594810962677,True,c12_correct
72,73,73_7.bmp,preprocessed_results\73\73_7.bmp,72,72,72,0.9240264892578125,103,0.005257938988506794,0.9187685502693057,72|103|340|146|300,0.92402649|0.00525794|0.00482232|0.00466014|0.00233814,1,0.9240264892578125,True,72,0.9240264892578125,True,72,0.8958276510238647,True,72,0.8229001760482788,True,72,0.747757613658905,True,c12_correct
73,74,74_10.bmp,preprocessed_results\74\74_10.bmp,73,73,73,0.9837718605995178,296,0.002418473595753312,0.9813533870037645,73|296|72|531|273,0.98377186|0.00241847|0.00187788|0.00105681|0.00057578,1,0.9837718605995178,True,73,0.9837718605995178,True,73,0.7160604596138,True,73,0.8188269138336182,True,73,0.8023044466972351,True,c12_correct
74,75,75_10.bmp,preprocessed_results\75\75_10.bmp,74,74,74,0.9079322218894958,387,0.006694167386740446,0.9012380545027554,74|387|75|384|203,0.90793222|0.00669417|0.00509831|0.00462044|0.00272634,1,0.9079322218894958,True,74,0.9079322218894958,True,74,0.8527525067329407,True,74,0.8163149356842041,True,74,0.7581993341445923,True,c12_correct
75,76,76_5.bmp,preprocessed_results\76\76_5.bmp,75,75,75,0.2944915294647217,173,0.07119990140199661,0.22329162806272507,75|173|74|91|172,0.29449153|0.07119990|0.02791628|0.02782787|0.02396232,1,0.2944915294647217,True,75,0.2944915294647217,True,75,0.2246255725622177,True,75,0.7689766883850098,True,75,0.4210888147354126,True,c12_correct
76,77,77_7.bmp,preprocessed_results\77\77_7.bmp,76,76,76,0.8865615129470825,165,0.006385955028235912,0.8801755579188466,76|165|294|156|546,0.88656151|0.00638596|0.00456637|0.00365775|0.00320677,1,0.8865615129470825,True,76,0.8865615129470825,True,76,0.8419529795646667,True,76,0.8249607086181641,True,76,0.7500277161598206,True,c12_correct
77,78,78_8.bmp,preprocessed_results\78\78_8.bmp,77,77,77,0.7841699719429016,199,0.02241453155875206,0.7617554403841496,77|199|45|76|142,0.78416997|0.02241453|0.01624741|0.00907128|0.00363748,1,0.7841699719429016,True,77,0.7841699719429016,True,77,0.7245749831199646,True,77,0.8255394101142883,True,77,0.7718297839164734,True,c12_correct
78,79,79_10.bmp,preprocessed_results\79\79_10.bmp,78,78,78,0.960199236869812,91,0.002200758783146739,0.9579984780866653,78|91|258|4|335,0.96019924|0.00220076|0.00173574|0.00145046|0.00132742,1,0.960199236869812,True,78,0.960199236869812,True,78,0.8185819983482361,True,78,0.8190589547157288,True,78,0.7982648611068726,True,c12_correct
79,80,80_7.bmp,preprocessed_results\80\80_7.bmp,79,79,79,0.8775310516357422,83,0.017544914036989212,0.859986137598753,79|83|534|211|40,0.87753105|0.01754491|0.00723875|0.00621875|0.00424505,1,0.8775310516357422,True,79,0.8775310516357422,True,79,0.7811741232872009,True,79,0.8437343835830688,True,79,0.7179116606712341,True,c12_correct
80,81,81_9.bmp,preprocessed_results\81\81_9.bmp,80,80,80,0.8985593914985657,81,0.008990338072180748,0.8895690534263849,80|81|466|251|244,0.89855939|0.00899034|0.00683091|0.00362381|0.00306090,1,0.8985593914985657,True,80,0.8985593914985657,True,80,0.8158132433891296,True,80,0.8460924625396729,True,80,0.7770246863365173,True,c12_correct
81,82,82_7.bmp,preprocessed_results\82\82_7.bmp,81,81,81,0.9430734515190125,80,0.0038199429400265217,0.9392535085789859,81|80|470|47|235,0.94307345|0.00381994|0.00166155|0.00161692|0.00151712,1,0.9430734515190125,True,81,0.9430734515190125,True,81,0.7951616048812866,True,81,0.8131719827651978,True,81,0.7468585968017578,True,c12_correct
82,83,83_4.bmp,preprocessed_results\83\83_4.bmp,82,82,82,0.7244995832443237,197,0.07096508145332336,0.6535345017910004,82|197|57|25|167,0.72449958|0.07096508|0.05280584|0.00736284|0.00382620,1,0.7244995832443237,True,82,0.7244995832443237,True,82,0.2235851287841797,True,82,0.7997211813926697,True,82,0.4985150098800659,True,c12_correct
83,84,84_6.bmp,preprocessed_results\84\84_6.bmp,83,83,83,0.1324542611837387,148,0.056229278445243835,0.07622498273849487,83|148|82|171|57,0.13245426|0.05622928|0.04180700|0.02350487|0.02299644,1,0.1324542611837387,True,83,0.1324542611837387,True,83,0.36072197556495667,True,83,0.7975923418998718,True,83,0.5456641912460327,True,c12_correct
84,85,85_3.bmp,preprocessed_results\85\85_3.bmp,84,84,84,0.9684296250343323,85,0.0021374239586293697,0.9662922010757029,84|85|331|671|308,0.96842963|0.00213742|0.00110178|0.00089951|0.00077403,1,0.9684296250343323,True,84,0.9684296250343323,True,84,0.8762915730476379,True,84,0.8383473753929138,True,84,0.8841228485107422,True,c12_correct
85,86,86_7.bmp,preprocessed_results\86\86_7.bmp,85,85,85,0.3079903721809387,84,0.12448440492153168,0.18350596725940704,85|84|725|0|250,0.30799037|0.12448440|0.03038110|0.02550468|0.01720517,1,0.3079903721809387,True,85,0.3079903721809387,True,85,0.032001130282878876,True,85,0.7507665753364563,True,85,0.21948964893817902,True,c12_correct
86,87,87_4.bmp,preprocessed_results\87\87_4.bmp,86,86,86,0.8503574728965759,87,0.03215998411178589,0.81819748878479,86|87|196|613|450,0.85035747|0.03215998|0.00441344|0.00303894|0.00285000,1,0.8503574728965759,True,86,0.8503574728965759,True,86,0.46734973788261414,True,86,0.7750694751739502,True,86,0.6007105708122253,True,c12_correct
87,88,88_7.bmp,preprocessed_results\88\88_7.bmp,87,87,87,0.6482923030853271,86,0.02899784967303276,0.6192944534122944,87|86|151|262|198,0.64829230|0.02899785|0.02166212|0.01829951|0.01072701,1,0.6482923030853271,True,87,0.6482923030853271,True,87,0.7911491990089417,True,87,0.8361907601356506,True,87,0.7942354083061218,True,c12_correct
88,89,89_2.bmp,preprocessed_results\89\89_2.bmp,88,88,88,0.583582878112793,8,0.041794463992118835,0.5417884141206741,88|8|156|18|94,0.58358288|0.04179446|0.02376325|0.01835864|0.01515360,1,0.583582878112793,True,88,0.583582878112793,True,88,0.6978532671928406,True,88,0.80516117811203,True,88,0.6853646636009216,True,c12_correct
89,90,90_10.bmp,preprocessed_results\90\90_10.bmp,89,89,89,0.36339616775512695,171,0.03228050470352173,0.3311156630516052,89|171|4|423|243,0.36339617|0.03228050|0.02289237|0.01521949|0.01440208,1,0.36339616775512695,True,89,0.36339616775512695,True,89,0.3164088726043701,True,89,0.8305042386054993,True,89,0.40172386169433594,True,c12_correct
90,91,91_8.bmp,preprocessed_results\91\91_8.bmp,90,90,90,0.9249668121337891,91,0.007290735375136137,0.9176760767586529,90|91|214|173|496,0.92496681|0.00729074|0.00335803|0.00217688|0.00205343,1,0.9249668121337891,True,90,0.9249668121337891,True,90,0.8476839065551758,True,90,0.8359744548797607,True,90,0.7084757685661316,True,c12_correct
91,92,92_9.bmp,preprocessed_results\92\92_9.bmp,91,91,91,0.7920892834663391,90,0.08358868211507797,0.7085006013512611,91|90|496|78|454,0.79208928|0.08358868|0.02324504|0.00875281|0.00600944,1,0.7920892834663391,True,91,0.7920892834663391,True,91,0.7135505676269531,True,91,0.8198827505111694,True,91,0.7364636063575745,True,c12_correct
92,93,93_4.bmp,preprocessed_results\93\93_4.bmp,92,92,92,0.9065011739730835,151,0.013463911600410938,0.8930372623726726,92|151|87|127|257,0.90650117|0.01346391|0.00738895|0.00331556|0.00290572,1,0.9065011739730835,True,92,0.9065011739730835,True,92,0.8777135610580444,True,92,0.8404753804206848,True,92,0.7434505224227905,True,c12_correct
93,94,94_6.bmp,preprocessed_results\94\94_6.bmp,93,93,93,0.8848330974578857,163,0.003423027927055955,0.8814100695308298,93|163|309|129|218,0.88483310|0.00342303|0.00286812|0.00257289|0.00241705,1,0.8848330974578857,True,93,0.8848330974578857,True,93,0.57289719581604,True,93,0.826086699962616,True,93,0.8152825236320496,True,c12_correct
94,95,95_7.bmp,preprocessed_results\95\95_7.bmp,94,94,94,0.8893287181854248,203,0.004719699267297983,0.8846090189181268,94|203|262|95|178,0.88932872|0.00471970|0.00341299|0.00329275|0.00320534,1,0.8893287181854248,True,94,0.8893287181854248,True,94,0.8332896828651428,True,94,0.8332309126853943,True,94,0.7720972895622253,True,c12_correct
95,96,96_8.bmp,preprocessed_results\96\96_8.bmp,95,95,95,0.9538000226020813,50,0.003393507795408368,0.9504065148066729,95|50|775|294|813,0.95380002|0.00339351|0.00307999|0.00119134|0.00106974,1,0.9538000226020813,True,95,0.9538000226020813,True,95,0.7778681516647339,True,95,0.7915501594543457,True,95,0.7649679780006409,True,c12_correct
96,97,97_9.bmp,preprocessed_results\97\97_9.bmp,96,96,96,0.7015783786773682,292,0.0523901991546154,0.6491881795227528,96|292|7|300|49,0.70157838|0.05239020|0.02783713|0.00763552|0.00651664,1,0.7015783786773682,True,96,0.7015783786773682,True,96,0.09452249109745026,True,96,0.7569231390953064,True,96,0.6545661091804504,True,c12_correct
97,98,98_7.bmp,preprocessed_results\98\98_7.bmp,97,97,97,0.8443222045898438,1,0.02178169973194599,0.8225405048578978,97|1|303|147|7,0.84432220|0.02178170|0.00737879|0.00696791|0.00480267,1,0.8443222045898438,True,97,0.8443222045898438,True,97,0.34083837270736694,True,97,0.7955737113952637,True,97,0.581470787525177,True,c12_correct
98,99,99_3.bmp,preprocessed_results\99\99_3.bmp,98,98,98,0.9526585340499878,279,0.001180249615572393,0.9514782844344154,98|279|455|99|250,0.95265853|0.00118025|0.00107326|0.00103729|0.00100207,1,0.9526585340499878,True,98,0.9526585340499878,True,98,0.8331804275512695,True,98,0.8251369595527649,True,98,0.8091744780540466,True,c12_correct
99,100,100_4.bmp,preprocessed_results\100\100_4.bmp,99,99,99,0.9549186825752258,664,0.0019414728740230203,0.9529772097012028,99|664|279|232|661,0.95491868|0.00194147|0.00159314|0.00147216|0.00133764,1,0.9549186825752258,True,99,0.9549186825752258,True,99,0.8797392249107361,True,99,0.8287761807441711,True,99,0.6222241520881653,True,c12_correct
100,101,101_5.bmp,preprocessed_results\101\101_5.bmp,100,100,100,0.9431506395339966,4,0.00433484697714448,0.9388157925568521,100|4|146|132|340,0.94315064|0.00433485|0.00242459|0.00198169|0.00123446,1,0.9431506395339966,True,100,0.9431506395339966,True,100,0.3956323564052582,True,100,0.7405723333358765,True,100,0.7262161374092102,True,c12_correct
101,102,102_4.bmp,preprocessed_results\102\102_4.bmp,101,101,101,0.9587657451629639,325,0.0019643197301775217,0.9568014254327863,101|325|723|141|99,0.95876575|0.00196432|0.00170823|0.00128760|0.00121663,1,0.9587657451629639,True,101,0.9587657451629639,True,101,0.902595579624176,True,101,0.8511186242103577,True,101,0.7943485975265503,True,c12_correct
102,103,103_6.bmp,preprocessed_results\103\103_6.bmp,102,102,102,0.8070488572120667,801,0.02524186111986637,0.7818069960922003,102|801|72|182|196,0.80704886|0.02524186|0.01589612|0.01531033|0.01034101,1,0.8070488572120667,True,102,0.8070488572120667,True,102,0.6483811140060425,True,102,0.7950174808502197,True,102,0.4758383333683014,True,c12_correct
103,104,104_8.bmp,preprocessed_results\104\104_8.bmp,103,103,103,0.5373404026031494,102,0.1506873369216919,0.3866530656814575,103|102|56|833|373,0.53734040|0.15068734|0.01020917|0.00856760|0.00834491,1,0.5373404026031494,True,103,0.5373404026031494,True,103,0.14023493230342865,True,103,0.7945865988731384,True,103,0.48975270986557007,True,c12_correct
104,105,105_4.bmp,preprocessed_results\105\105_4.bmp,104,104,104,0.7909071445465088,50,0.031033704057335854,0.7598734404891729,104|50|771|61|131,0.79090714|0.03103370|0.01158387|0.00571055|0.00443878,1,0.7909071445465088,True,104,0.7909071445465088,True,104,0.66318678855896,True,104,0.7871723175048828,True,104,0.5598569512367249,True,c12_correct
105,106,106_4.bmp,preprocessed_results\106\106_4.bmp,105,105,105,0.6623281240463257,152,0.04790427163243294,0.6144238524138927,105|152|26|15|275,0.66232812|0.04790427|0.01375583|0.00901063|0.00818879,1,0.6623281240463257,True,105,0.6623281240463257,True,105,0.7331260442733765,True,105,0.8437362313270569,True,105,0.7526111006736755,True,c12_correct
106,107,107_10.bmp,preprocessed_results\107\107_10.bmp,106,106,106,0.6406756639480591,274,0.032230913639068604,0.6084447503089905,106|274|453|56|166,0.64067566|0.03223091|0.01465122|0.01095940|0.00523810,1,0.6406756639480591,True,106,0.6406756639480591,True,106,0.5406783819198608,True,106,0.7941035628318787,True,106,0.4922419488430023,True,c12_correct
107,108,108_7.bmp,preprocessed_results\108\108_7.bmp,107,107,107,0.9564758539199829,279,0.0020267777144908905,0.954449076205492,107|279|55|384|115,0.95647585|0.00202678|0.00188751|0.00153979|0.00134693,1,0.9564758539199829,True,107,0.9564758539199829,True,107,0.8775529861450195,True,107,0.8353186249732971,True,107,0.7888235449790955,True,c12_correct
108,109,109_10.bmp,preprocessed_results\109\109_10.bmp,108,108,108,0.9639802575111389,109,0.0033758676145225763,0.9606043898966163,108|109|233|817|276,0.96398026|0.00337587|0.00135167|0.00084695|0.00076555,1,0.9639802575111389,True,108,0.9639802575111389,True,108,0.8457583785057068,True,108,0.8356016874313354,True,108,0.8565263748168945,True,c12_correct
109,110,110_9.bmp,preprocessed_results\110\110_9.bmp,109,109,109,0.9364486932754517,108,0.008750668726861477,0.9276980245485902,109|108|773|63|59,0.93644869|0.00875067|0.00462200|0.00251167|0.00151929,1,0.9364486932754517,True,109,0.9364486932754517,True,109,0.827057421207428,True,109,0.8375621438026428,True,109,0.7923041582107544,True,c12_correct
110,111,111_7.bmp,preprocessed_results\111\111_7.bmp,110,110,110,0.9590181112289429,111,0.002383996034041047,0.9566341151949018,110|111|807|746|720,0.95901811|0.00238400|0.00184740|0.00158802|0.00119625,1,0.9590181112289429,True,110,0.9590181112289429,True,110,0.8151899576187134,True,110,0.8302757740020752,True,110,0.7916369438171387,True,c12_correct
111,112,112_1.bmp,preprocessed_results\112\112_1.bmp,111,111,111,0.9156816601753235,110,0.006690308917313814,0.9089913512580097,111|110|710|698|787,0.91568166|0.00669031|0.00658566|0.00243907|0.00240606,1,0.9156816601753235,True,111,0.9156816601753235,True,111,0.7532030344009399,True,111,0.832529604434967,True,111,0.8635942339897156,True,c12_correct
112,113,113_2.bmp,preprocessed_results\113\113_2.bmp,112,112,112,0.9690910577774048,795,0.0030194290447980165,0.9660716287326068,112|795|113|816|22,0.96909106|0.00301943|0.00200483|0.00145822|0.00122858,1,0.9690910577774048,True,112,0.9690910577774048,True,112,0.8074002861976624,True,112,0.8285282254219055,True,112,0.789537250995636,True,c12_correct
113,114,114_1.bmp,preprocessed_results\114\114_1.bmp,113,113,113,0.8008899688720703,112,0.0948304831981659,0.7060594856739044,113|112|128|3|214,0.80088997|0.09483048|0.00735293|0.00431233|0.00386959,1,0.8008899688720703,True,113,0.8008899688720703,True,113,0.8869433403015137,True,113,0.8477755784988403,True,113,0.8546180129051208,True,c12_correct
114,115,115_5.bmp,preprocessed_results\115\115_5.bmp,114,114,114,0.9537362456321716,115,0.003134606173262,0.9506016394589096,114|115|234|142|144,0.95373625|0.00313461|0.00230448|0.00202926|0.00194491,1,0.9537362456321716,True,114,0.9537362456321716,True,114,0.858517050743103,True,114,0.8238390684127808,True,114,0.7999060750007629,True,c12_correct
115,116,116_8.bmp,preprocessed_results\116\116_8.bmp,115,115,115,0.872830867767334,114,0.0136717539280653,0.8591591138392687,115|114|142|701|699,0.87283087|0.01367175|0.00918169|0.00766560|0.00612957,1,0.872830867767334,True,115,0.872830867767334,True,115,0.8030570149421692,True,115,0.823432981967926,True,115,0.8693581223487854,True,c12_correct
116,117,117_6.bmp,preprocessed_results\117\117_6.bmp,116,116,116,0.909603476524353,152,0.007098528556525707,0.9025049479678273,116|152|117|564|569,0.90960348|0.00709853|0.00662755|0.00373026|0.00333367,1,0.909603476524353,True,116,0.909603476524353,True,116,0.5297648310661316,True,116,0.8277447819709778,True,116,0.5974102020263672,True,c12_correct
117,118,118_1.bmp,preprocessed_results\118\118_1.bmp,117,117,117,0.5907084345817566,116,0.04306771978735924,0.5476407147943974,117|116|283|539|184,0.59070843|0.04306772|0.01876811|0.00965650|0.00930605,1,0.5907084345817566,True,117,0.5907084345817566,True,117,0.19313696026802063,True,117,0.768704891204834,True,117,0.4743545949459076,True,c12_correct
118,119,119_9.bmp,preprocessed_results\119\119_9.bmp,118,118,118,0.714954137802124,318,0.03327959403395653,0.6816745437681675,118|318|204|288|128,0.71495414|0.03327959|0.01587894|0.01233613|0.00972648,1,0.714954137802124,True,118,0.714954137802124,True,118,0.6040449738502502,True,118,0.7981835603713989,True,118,0.6394839882850647,True,c12_correct
119,120,120_7.bmp,preprocessed_results\120\120_7.bmp,119,119,119,0.8045451641082764,207,0.017438704147934914,0.7871064599603415,119|207|288|187|122,0.80454516|0.01743870|0.01095637|0.00600760|0.00397601,1,0.8045451641082764,True,119,0.8045451641082764,True,119,0.4365595579147339,True,119,0.8015689849853516,True,119,0.6659476161003113,True,c12_correct
120,121,121_7.bmp,preprocessed_results\121\121_7.bmp,120,120,120,0.792476236820221,274,0.0275223758071661,0.7649538610130548,120|274|396|267|189,0.79247624|0.02752238|0.00705929|0.00567442|0.00337149,1,0.792476236820221,True,120,0.792476236820221,True,120,0.24567803740501404,True,120,0.8141081929206848,True,120,0.5666559338569641,True,c12_correct
121,122,122_4.bmp,preprocessed_results\122\122_4.bmp,121,121,121,0.8153640627861023,120,0.01485800463706255,0.8005060581490397,121|120|209|40|453,0.81536406|0.01485800|0.00796499|0.00606270|0.00504186,1,0.8153640627861023,True,121,0.8153640627861023,True,121,0.8331889510154724,True,121,0.8172509074211121,True,121,0.7588832974433899,True,c12_correct
122,123,123_9.bmp,preprocessed_results\123\123_9.bmp,122,122,122,0.9666690230369568,180,0.004873423371464014,0.9617955996654928,122|180|123|205|473,0.96666902|0.00487342|0.00384840|0.00153775|0.00065947,1,0.9666690230369568,True,122,0.9666690230369568,True,122,0.871587336063385,True,122,0.8455568552017212,True,122,0.872175395488739,True,c12_correct
123,124,124_9.bmp,preprocessed_results\124\124_9.bmp,123,123,123,0.900227427482605,207,0.007007538340985775,0.8932198891416192,123|207|149|62|128,0.90022743|0.00700754|0.00417817|0.00345082|0.00298646,1,0.900227427482605,True,123,0.900227427482605,True,123,0.8018882274627686,True,123,0.8397006392478943,True,123,0.80231773853302,True,c12_correct
124,125,125_9.bmp,preprocessed_results\125\125_9.bmp,124,124,124,0.38270092010498047,125,0.09725964069366455,0.2854412794113159,124|125|231|185|467,0.38270092|0.09725964|0.02527218|0.02405877|0.01936729,1,0.38270092010498047,True,124,0.38270092010498047,True,124,0.5464208126068115,True,124,0.7816704511642456,True,124,0.5780638456344604,True,c12_correct
125,126,126_9.bmp,preprocessed_results\126\126_9.bmp,125,125,125,0.9577808976173401,124,0.003912688698619604,0.9538682089187205,125|124|40|56|247,0.95778090|0.00391269|0.00139945|0.00079062|0.00078389,1,0.9577808976173401,True,125,0.9577808976173401,True,125,0.6981365084648132,True,125,0.8288835883140564,True,125,0.7750445008277893,True,c12_correct
126,127,127_2.bmp,preprocessed_results\127\127_2.bmp,126,126,126,0.9624605774879456,247,0.003248516470193863,0.9592120610177517,126|247|246|127|24,0.96246058|0.00324852|0.00193232|0.00115221|0.00098273,1,0.9624605774879456,True,126,0.9624605774879456,True,126,0.8147421479225159,True,126,0.8071259260177612,True,126,0.8581547737121582,True,c12_correct
127,128,128_4.bmp,preprocessed_results\128\128_4.bmp,127,127,127,0.8843892216682434,441,0.0030014824587851763,0.8813877392094582,127|441|247|165|552,0.88438922|0.00300148|0.00282575|0.00250785|0.00238394,1,0.8843892216682434,True,127,0.8843892216682434,True,127,0.8600190877914429,True,127,0.801263689994812,True,127,0.7618902325630188,True,c12_correct
128,129,129_8.bmp,preprocessed_results\129\129_8.bmp,128,128,128,0.9706546068191528,207,0.003148120827972889,0.9675064859911799,128|207|129|52|53,0.97065461|0.00314812|0.00197034|0.00183543|0.00158110,1,0.9706546068191528,True,128,0.9706546068191528,True,128,0.9176016449928284,True,128,0.8296204805374146,True,128,0.8694758415222168,True,c12_correct
129,130,130_7.bmp,preprocessed_results\130\130_7.bmp,129,129,129,0.6705381274223328,243,0.027061358094215393,0.6434767693281174,129|243|128|157|61,0.67053813|0.02706136|0.00984490|0.00875945|0.00786908,1,0.6705381274223328,True,129,0.6705381274223328,True,129,0.5872846841812134,True,129,0.8207898139953613,True,129,0.7634854912757874,True,c12_correct
130,131,131_7.bmp,preprocessed_results\131\131_7.bmp,130,130,130,0.8604758381843567,131,0.01144476793706417,0.8490310702472925,130|131|104|268|171,0.86047584|0.01144477|0.01122636|0.00898906|0.00461223,1,0.8604758381843567,True,130,0.8604758381843567,True,130,0.7277887463569641,True,130,0.8364720940589905,True,130,0.7359280586242676,True,c12_correct
131,132,132_6.bmp,preprocessed_results\132\132_6.bmp,131,131,131,0.9770697355270386,130,0.0031864249613136053,0.973883310565725,131|130|250|330|288,0.97706974|0.00318642|0.00073262|0.00071386|0.00062786,1,0.9770697355270386,True,131,0.9770697355270386,True,131,0.8703324794769287,True,131,0.8311718106269836,True,131,0.8959197998046875,True,c12_correct
132,133,133_3.bmp,preprocessed_results\133\133_3.bmp,132,132,132,0.972377598285675,671,0.002009877935051918,0.9703677203506231,132|671|775|310|4,0.97237760|0.00200988|0.00194860|0.00126593|0.00072928,1,0.972377598285675,True,132,0.972377598285675,True,132,0.868712842464447,True,132,0.8296734094619751,True,132,0.8229104280471802,True,c12_correct
133,134,134_6.bmp,preprocessed_results\134\134_6.bmp,133,133,133,0.8902503252029419,775,0.008364124223589897,0.881886200979352,133|775|132|180|671,0.89025033|0.00836412|0.00745958|0.00354774|0.00315940,1,0.8902503252029419,True,133,0.8902503252029419,True,133,0.7530146837234497,True,133,0.8402273654937744,True,133,0.7523941993713379,True,c12_correct
134,135,135_3.bmp,preprocessed_results\135\135_3.bmp,134,134,134,0.7570185661315918,548,0.025015834718942642,0.7320027314126492,134|548|437|135|246,0.75701857|0.02501583|0.01129119|0.00695039|0.00656579,1,0.7570185661315918,True,134,0.7570185661315918,True,134,0.20827709138393402,True,134,0.7575277090072632,True,134,0.4385334551334381,True,c12_correct
135,136,136_1.bmp,preprocessed_results\136\136_1.bmp,135,135,135,0.9591602087020874,28,0.003040863201022148,0.9561193455010653,135|28|565|569|18,0.95916021|0.00304086|0.00262121|0.00114606|0.00094901,1,0.9591602087020874,True,135,0.9591602087020874,True,135,0.6060073375701904,True,135,0.7870514988899231,True,135,0.4044603407382965,True,c12_correct
136,137,137_9.bmp,preprocessed_results\137\137_9.bmp,136,136,136,0.8936457633972168,16,0.005409367848187685,0.8882363955490291,136|16|137|216|172,0.89364576|0.00540937|0.00515597|0.00322170|0.00242779,1,0.8936457633972168,True,136,0.8936457633972168,True,136,0.4424760639667511,True,136,0.8150215744972229,True,136,0.6663075685501099,True,c12_correct
137,138,138_10.bmp,preprocessed_results\138\138_10.bmp,137,137,137,0.9867454171180725,136,0.002225185977295041,0.9845202311407775,137|136|257|266|34,0.98674542|0.00222519|0.00044704|0.00043224|0.00035486,1,0.9867454171180725,True,137,0.9867454171180725,True,137,0.6915363669395447,True,137,0.8016167283058167,True,137,0.7315720319747925,True,c12_correct
138,139,139_4.bmp,preprocessed_results\139\139_4.bmp,138,138,138,0.9661388993263245,560,0.001255654264241457,0.964883245062083,138|560|153|333|405,0.96613890|0.00125565|0.00112968|0.00078167|0.00071935,1,0.9661388993263245,True,138,0.9661388993263245,True,138,0.6187554001808167,True,138,0.8126793503761292,True,138,0.7880300879478455,True,c12_correct
139,140,140_2.bmp,preprocessed_results\140\140_2.bmp,139,139,139,0.620978832244873,268,0.06447220593690872,0.5565066263079643,139|268|463|560|138,0.62097883|0.06447221|0.01517638|0.01138863|0.01049856,1,0.620978832244873,True,139,0.620978832244873,True,139,0.6756494641304016,True,139,0.8272345066070557,True,139,0.6089816689491272,True,c12_correct
140,141,141_4.bmp,preprocessed_results\141\141_4.bmp,140,140,140,0.11068779230117798,564,0.037857506424188614,0.07283028587698936,140|564|467|334|315,0.11068779|0.03785751|0.02820518|0.02573217|0.01925432,1,0.11068779230117798,True,140,0.11068779230117798,True,141,0.022094620391726494,False,140,0.7283158302307129,True,140,0.06530822813510895,True,c12_correct
141,142,142_7.bmp,preprocessed_results\142\142_7.bmp,141,141,141,0.8853427767753601,140,0.00917030405253172,0.8761724727228284,141|140|154|299|579,0.88534278|0.00917030|0.00768448|0.00592070|0.00255931,1,0.8853427767753601,True,141,0.8853427767753601,True,141,0.8705301880836487,True,141,0.7959815859794617,True,141,0.6441239714622498,True,c12_correct
142,143,143_9.bmp,preprocessed_results\143\143_9.bmp,142,142,142,0.9615119099617004,247,0.001811746507883072,0.9597001634538174,142|247|701|333|677,0.96151191|0.00181175|0.00104030|0.00092649|0.00090268,1,0.9615119099617004,True,142,0.9615119099617004,True,142,0.8433498740196228,True,142,0.8188344836235046,True,142,0.8558642268180847,True,c12_correct
143,144,144_6.bmp,preprocessed_results\144\144_6.bmp,143,143,143,0.6900092363357544,564,0.03684356063604355,0.6531656756997108,143|564|184|57|115,0.69000924|0.03684356|0.00964215|0.00899085|0.00769213,1,0.6900092363357544,True,143,0.6900092363357544,True,143,0.6582048535346985,True,143,0.8093852400779724,True,143,0.750218391418457,True,c12_correct
144,145,145_10.bmp,preprocessed_results\145\145_10.bmp,144,144,144,0.8788045644760132,145,0.011150610633194447,0.8676539538428187,144|145|77|245|57,0.87880456|0.01115061|0.00823475|0.00543196|0.00296176,1,0.8788045644760132,True,144,0.8788045644760132,True,144,0.7101138234138489,True,144,0.819853663444519,True,144,0.7676721811294556,True,c12_correct
145,146,146_7.bmp,preprocessed_results\146\146_7.bmp,145,145,145,0.9760141968727112,144,0.0014074025675654411,0.9746067943051457,145|144|476|438|117,0.97601420|0.00140740|0.00109945|0.00081810|0.00064394,1,0.9760141968727112,True,145,0.9760141968727112,True,145,0.9326630234718323,True,145,0.8330891728401184,True,145,0.8091732263565063,True,c12_correct
146,147,147_3.bmp,preprocessed_results\147\147_3.bmp,146,146,146,0.9648451805114746,708,0.0020418770145624876,0.9628033034969121,146|708|700|186|340,0.96484518|0.00204188|0.00163244|0.00158513|0.00109314,1,0.9648451805114746,True,146,0.9648451805114746,True,146,0.8832305669784546,True,146,0.8268202543258667,True,146,0.8632963299751282,True,c12_correct
147,148,148_5.bmp,preprocessed_results\148\148_5.bmp,147,147,147,0.8876057863235474,304,0.009319289587438107,0.8782864967361093,147|304|326|38|146,0.88760579|0.00931929|0.00334683|0.00313430|0.00285112,1,0.8876057863235474,True,147,0.8876057863235474,True,147,0.7279912829399109,True,147,0.8391075134277344,True,147,0.6580083966255188,True,c12_correct
148,149,149_10.bmp,preprocessed_results\149\149_10.bmp,148,148,148,0.9670064449310303,149,0.0040413751266896725,0.9629650698043406,148|149|449|178|534,0.96700644|0.00404138|0.00121483|0.00109081|0.00084047,1,0.9670064449310303,True,148,0.9670064449310303,True,148,0.8899001479148865,True,148,0.8064243197441101,True,148,0.8157286047935486,True,c12_correct
149,150,150_9.bmp,preprocessed_results\150\150_9.bmp,149,149,149,0.8638561367988586,148,0.008068965747952461,0.8557871710509062,149|148|178|326|69,0.86385614|0.00806897|0.00405580|0.00370907|0.00350746,1,0.8638561367988586,True,149,0.8638561367988586,True,149,0.8110630512237549,True,149,0.8185693621635437,True,149,0.7895731925964355,True,c12_correct
150,151,151_1.bmp,preprocessed_results\151\151_1.bmp,150,150,150,0.978213369846344,151,0.0020686076022684574,0.9761447622440755,150|151|262|214|101,0.97821337|0.00206861|0.00152472|0.00094517|0.00092352,1,0.978213369846344,True,150,0.978213369846344,True,150,0.8370028138160706,True,150,0.8262868523597717,True,150,0.8613103628158569,True,c12_correct
151,152,152_3.bmp,preprocessed_results\152\152_3.bmp,151,151,151,0.9636080265045166,150,0.0060875797644257545,0.9575204467400908,151|150|87|257|245,0.96360803|0.00608758|0.00211880|0.00121897|0.00104385,1,0.9636080265045166,True,151,0.9636080265045166,True,151,0.8621994853019714,True,151,0.8132287263870239,True,151,0.8697288036346436,True,c12_correct
152,153,153_6.bmp,preprocessed_results\153\153_6.bmp,152,152,152,0.9290605187416077,153,0.009162391535937786,0.9198981272056699,152|153|552|192|200,0.92906052|0.00916239|0.00259662|0.00213182|0.00205725,1,0.9290605187416077,True,152,0.9290605187416077,True,152,0.8363532423973083,True,152,0.8279730081558228,True,152,0.7846482992172241,True,c12_correct
153,154,154_4.bmp,preprocessed_results\154\154_4.bmp,153,153,153,0.7316056489944458,152,0.041743140667676926,0.6898625083267689,153|152|277|638|333,0.73160565|0.04174314|0.00863593|0.00710987|0.00409551,1,0.7316056489944458,True,153,0.7316056489944458,True,153,0.8115285038948059,True,153,0.8511444926261902,True,153,0.7809192538261414,True,c12_correct
154,155,155_1.bmp,preprocessed_results\155\155_1.bmp,154,154,154,0.6118846535682678,153,0.018032539635896683,0.5938521139323711,154|153|299|414|567,0.61188465|0.01803254|0.01095706|0.00862100|0.00846792,1,0.6118846535682678,True,154,0.6118846535682678,True,154,0.6563773155212402,True,154,0.7553694248199463,True,154,0.3994339406490326,True,c12_correct
155,156,156_4.bmp,preprocessed_results\156\156_4.bmp,155,155,155,0.9490749835968018,459,0.002508303616195917,0.9465666799806058,155|459|71|575|268,0.94907498|0.00250830|0.00148821|0.00130899|0.00108439,1,0.9490749835968018,True,155,0.9490749835968018,True,155,0.835520327091217,True,155,0.8193793892860413,True,155,0.7775201201438904,True,c12_correct
156,157,157_4.bmp,preprocessed_results\157\157_4.bmp,156,156,156,0.9792320728302002,76,0.0022183270193636417,0.9770137458108366,156|76|638|71|304,0.97923207|0.00221833|0.00121610|0.00116247|0.00103082,1,0.9792320728302002,True,156,0.9792320728302002,True,156,0.8068952560424805,True,156,0.8478406071662903,True,156,0.8637118339538574,True,c12_correct
157,158,158_8.bmp,preprocessed_results\158\158_8.bmp,157,157,157,0.7240138649940491,60,0.05717068910598755,0.6668431758880615,157|60|135|211|203,0.72401386|0.05717069|0.01347684|0.00513102|0.00422483,1,0.7240138649940491,True,157,0.7240138649940491,True,157,0.6611343026161194,True,157,0.8001556992530823,True,157,0.7132526636123657,True,c12_correct
158,159,159_1.bmp,preprocessed_results\159\159_1.bmp,158,158,158,0.48639920353889465,92,0.05084628611803055,0.4355529174208641,158|92|119|187|186,0.48639920|0.05084629|0.03555046|0.03037949|0.02676307,1,0.48639920353889465,True,158,0.48639920353889465,True,158,0.7010530829429626,True,158,0.8117755055427551,True,158,0.7012854814529419,True,c12_correct
159,160,160_2.bmp,preprocessed_results\160\160_2.bmp,159,159,159,0.7282127141952515,225,0.013096882030367851,0.7151158321648836,159|225|87|158|284,0.72821271|0.01309688|0.01165582|0.00657734|0.00498524,1,0.7282127141952515,True,159,0.7282127141952515,True,159,0.6661088466644287,True,159,0.8215495944023132,True,159,0.7436680197715759,True,c12_correct
160,161,161_2.bmp,preprocessed_results\161\161_2.bmp,160,160,160,0.9171558022499084,164,0.012873074971139431,0.904282727278769,160|164|242|532|296,0.91715580|0.01287307|0.00306364|0.00293204|0.00204682,1,0.9171558022499084,True,160,0.9171558022499084,True,160,0.8526556491851807,True,160,0.8050232529640198,True,160,0.820405125617981,True,c12_correct
161,162,162_1.bmp,preprocessed_results\162\162_1.bmp,161,161,161,0.9362148642539978,228,0.0020933770574629307,0.9341214871965349,161|228|127|256|788,0.93621486|0.00209338|0.00177557|0.00140376|0.00130661,1,0.9362148642539978,True,161,0.9362148642539978,True,161,0.797141969203949,True,161,0.8428506851196289,True,161,0.7490168809890747,True,c12_correct
162,163,163_6.bmp,preprocessed_results\163\163_6.bmp,162,162,162,0.9241088032722473,15,0.00629989430308342,0.9178089089691639,162|15|763|659|589,0.92410880|0.00629989|0.00377417|0.00376737|0.00329752,1,0.9241088032722473,True,162,0.9241088032722473,True,162,0.9035300612449646,True,162,0.8371347188949585,True,162,0.8153663277626038,True,c12_correct
163,164,164_5.bmp,preprocessed_results\164\164_5.bmp,163,163,163,0.9264485239982605,139,0.002551845507696271,0.9238966784905642,163|139|277|115|700,0.92644852|0.00255185|0.00225456|0.00155009|0.00144266,1,0.9264485239982605,True,163,0.9264485239982605,True,163,0.8881769180297852,True,163,0.8575111627578735,True,163,0.7255865335464478,True,c12_correct
164,165,165_8.bmp,preprocessed_results\165\165_8.bmp,164,164,164,0.9333226680755615,379,0.002469173865392804,0.9308534942101687,164|379|156|530|344,0.93332267|0.00246917|0.00219698|0.00186836|0.00157135,1,0.9333226680755615,True,164,0.9333226680755615,True,164,0.7812374830245972,True,164,0.8020152449607849,True,164,0.8257097005844116,True,c12_correct
165,166,166_10.bmp,preprocessed_results\166\166_10.bmp,165,165,165,0.8472552299499512,164,0.033559855073690414,0.8136953748762608,165|164|449|603|798,0.84725523|0.03355986|0.00402430|0.00384626|0.00341681,1,0.8472552299499512,True,165,0.8472552299499512,True,165,0.5112488865852356,True,165,0.8095921874046326,True,165,0.603300154209137,True,c12_correct
166,167,167_3.bmp,preprocessed_results\167\167_3.bmp,166,166,166,0.9350691437721252,195,0.0026485121343284845,0.9324206316377968,166|195|332|209|18,0.93506914|0.00264851|0.00178155|0.00128511|0.00123349,1,0.9350691437721252,True,166,0.9350691437721252,True,166,0.8218576908111572,True,166,0.8294761776924133,True,166,0.8195942044258118,True,c12_correct
167,168,168_2.bmp,preprocessed_results\168\168_2.bmp,167,167,167,0.9620233774185181,7,0.00197023106738925,0.9600531463511288,167|7|62|274|99,0.96202338|0.00197023|0.00110592|0.00099505|0.00090895,1,0.9620233774185181,True,167,0.9620233774185181,True,167,0.8021335005760193,True,167,0.7979095578193665,True,167,0.8171961307525635,True,c12_correct
168,169,169_5.bmp,preprocessed_results\169\169_5.bmp,168,168,168,0.8767774105072021,169,0.019396211951971054,0.8573811985552311,168|169|20|290|264,0.87677741|0.01939621|0.01599226|0.01344309|0.00852306,1,0.8767774105072021,True,168,0.8767774105072021,True,168,0.7974244952201843,True,168,0.8168457746505737,True,168,0.7132217884063721,True,c12_correct
169,170,170_5.bmp,preprocessed_results\170\170_5.bmp,169,169,169,0.9348816275596619,40,0.0035998031962662935,0.9312818243633956,169|40|29|289|307,0.93488163|0.00359980|0.00250218|0.00195681|0.00163581,1,0.9348816275596619,True,169,0.9348816275596619,True,169,0.8553663492202759,True,169,0.8771561980247498,True,169,0.8854435682296753,True,c12_correct
170,171,171_4.bmp,preprocessed_results\171\171_4.bmp,170,170,170,0.9669782519340515,527,0.0012242106022313237,0.9657540413318202,170|527|799|4|187,0.96697825|0.00122421|0.00087705|0.00077238|0.00072096,1,0.9669782519340515,True,170,0.9669782519340515,True,170,0.7291039824485779,True,170,0.8119744062423706,True,170,0.858112633228302,True,c12_correct
171,172,172_7.bmp,preprocessed_results\172\172_7.bmp,171,171,171,0.9157409071922302,5,0.042567044496536255,0.873173862695694,171|5|431|234|456,0.91574091|0.04256704|0.00202928|0.00159660|0.00099629,1,0.9157409071922302,True,171,0.9157409071922302,True,171,0.8306266069412231,True,171,0.8253284096717834,True,171,0.8125949501991272,True,c12_correct
172,173,173_10.bmp,preprocessed_results\173\173_10.bmp,172,172,172,0.8904388546943665,173,0.008241553790867329,0.8821973009034991,172|173|59|338|42,0.89043885|0.00824155|0.00322741|0.00296614|0.00289256,1,0.8904388546943665,True,172,0.8904388546943665,True,172,0.7578164339065552,True,172,0.8331236839294434,True,172,0.7167661190032959,True,c12_correct
173,174,174_7.bmp,preprocessed_results\174\174_7.bmp,173,173,173,0.7278583645820618,172,0.044785939157009125,0.6830724254250526,173|172|125|194|832,0.72785836|0.04478594|0.01409780|0.01137896|0.00846198,1,0.7278583645820618,True,173,0.7278583645820618,True,173,0.5832736492156982,True,173,0.7467624545097351,True,173,0.19913488626480103,True,c12_correct
174,175,175_9.bmp,preprocessed_results\175\175_9.bmp,174,174,174,0.8927298188209534,302,0.006063517183065414,0.886666301637888,174|302|580|248|123,0.89272982|0.00606352|0.00361821|0.00270142|0.00228731,1,0.8927298188209534,True,174,0.8927298188209534,True,174,0.7172622084617615,True,174,0.8420572280883789,True,174,0.854189932346344,True,c12_correct
175,176,176_9.bmp,preprocessed_results\176\176_9.bmp,175,175,175,0.9402374625205994,174,0.004727305844426155,0.9355101566761732,175|174|234|566|69,0.94023746|0.00472731|0.00283381|0.00173066|0.00108890,1,0.9402374625205994,True,175,0.9402374625205994,True,175,0.7735891342163086,True,175,0.8099017143249512,True,175,0.7913162112236023,True,c12_correct
176,177,177_2.bmp,preprocessed_results\177\177_2.bmp,176,176,176,0.80991530418396,413,0.006983717437833548,0.8029315867461264,176|413|132|227|536,0.80991530|0.00698372|0.00610403|0.00497819|0.00468260,1,0.80991530418396,True,176,0.80991530418396,True,176,0.7942101359367371,True,176,0.8357143402099609,True,176,0.7837280631065369,True,c12_correct
177,178,178_6.bmp,preprocessed_results\178\178_6.bmp,177,177,177,0.6825018525123596,18,0.03382467105984688,0.6486771814525127,177|18|6|644|62,0.68250185|0.03382467|0.01116129|0.01082953|0.00859088,1,0.6825018525123596,True,177,0.6825018525123596,True,177,0.16811606287956238,True,177,0.7692499756813049,True,177,0.3029850423336029,True,c12_correct
178,179,179_7.bmp,preprocessed_results\179\179_7.bmp,178,178,178,0.6302438378334045,314,0.05886107310652733,0.5713827647268772,178|314|188|547|179,0.63024384|0.05886107|0.04887106|0.01773228|0.01180088,1,0.6302438378334045,True,178,0.6302438378334045,True,178,0.33975064754486084,True,178,0.7597794532775879,True,178,0.6061444878578186,True,c12_correct
179,180,180_5.bmp,preprocessed_results\180\180_5.bmp,179,179,179,0.7692114114761353,127,0.012988634407520294,0.756222777068615,179|127|43|125|259,0.76921141|0.01298863|0.01258897|0.00953996|0.00656343,1,0.7692114114761353,True,179,0.7692114114761353,True,179,0.6312983632087708,True,179,0.8325896263122559,True,179,0.7081709504127502,True,c12_correct
180,181,181_1.bmp,preprocessed_results\181\181_1.bmp,180,180,180,0.9183329939842224,133,0.009753184393048286,0.9085798095911741,180|133|775|557|543,0.91833299|0.00975318|0.00278649|0.00258974|0.00237187,1,0.9183329939842224,True,180,0.9183329939842224,True,180,0.4434238076210022,True,180,0.828423798084259,True,180,0.8463737368583679,True,c12_correct
181,182,182_7.bmp,preprocessed_results\182\182_7.bmp,181,181,181,0.8396661281585693,144,0.008220716379582882,0.8314454117789865,181|144|96|482|57,0.83966613|0.00822072|0.00754364|0.00748418|0.00639701,1,0.8396661281585693,True,181,0.8396661281585693,True,181,0.7225337028503418,True,181,0.7987844944000244,True,181,0.8321947455406189,True,c12_correct
182,183,183_7.bmp,preprocessed_results\183\183_7.bmp,182,182,182,0.9721507430076599,183,0.0035464877728372812,0.9686042552348226,182|183|145|553|486,0.97215074|0.00354649|0.00232636|0.00078901|0.00063036,1,0.9721507430076599,True,182,0.9721507430076599,True,182,0.8696910738945007,True,182,0.7900404930114746,True,182,0.725307285785675,True,c12_correct
183,184,184_4.bmp,preprocessed_results\184\184_4.bmp,183,183,183,0.8816928267478943,182,0.004704216029495001,0.8769886107183993,183|182|71|76|548,0.88169283|0.00470422|0.00392334|0.00280265|0.00239323,1,0.8816928267478943,True,183,0.8816928267478943,True,183,0.6980287432670593,True,183,0.8130531311035156,True,183,0.760003387928009,True,c12_correct
184,185,185_4.bmp,preprocessed_results\185\185_4.bmp,184,184,184,0.980748176574707,117,0.0017665987834334373,0.9789815777912736,184|117|221|558|377,0.98074818|0.00176660|0.00073612|0.00067986|0.00043119,1,0.980748176574707,True,184,0.980748176574707,True,184,0.7390642762184143,True,184,0.8190711140632629,True,184,0.7744104862213135,True,c12_correct
185,186,186_3.bmp,preprocessed_results\186\186_3.bmp,185,185,185,0.7558231949806213,221,0.027332114055752754,0.7284910809248686,185|221|184|515|80,0.75582319|0.02733211|0.01101415|0.00650483|0.00575496,1,0.7558231949806213,True,185,0.7558231949806213,True,185,0.29822805523872375,True,185,0.7094709873199463,True,185,0.4877299666404724,True,c12_correct
186,187,187_3.bmp,preprocessed_results\187\187_3.bmp,186,186,186,0.8536453247070312,624,0.01941637322306633,0.8342289514839649,186|624|187|828|146,0.85364532|0.01941637|0.01001254|0.00388677|0.00362138,1,0.8536453247070312,True,186,0.8536453247070312,True,186,0.6921707987785339,True,186,0.8258807063102722,True,186,0.8163854479789734,True,c12_correct
187,188,188_2.bmp,preprocessed_results\188\188_2.bmp,187,187,187,0.9590276479721069,186,0.017880626022815704,0.9411470219492912,187|186|319|711|14,0.95902765|0.01788063|0.00122394|0.00107350|0.00083892,1,0.9590276479721069,True,187,0.9590276479721069,True,187,0.8801901340484619,True,187,0.8142859935760498,True,187,0.8107775449752808,True,c12_correct
188,189,189_10.bmp,preprocessed_results\189\189_10.bmp,188,188,188,0.8797973990440369,78,0.011432765983045101,0.8683646330609918,188|78|212|258|198,0.87979740|0.01143277|0.00673973|0.00583989|0.00293548,1,0.8797973990440369,True,188,0.8797973990440369,True,188,0.7862221002578735,True,188,0.8071659207344055,True,188,0.7120335698127747,True,c12_correct
189,190,190_3.bmp,preprocessed_results\190\190_3.bmp,189,189,189,0.860852062702179,263,0.004634078126400709,0.8562179845757782,189|263|28|440|167,0.86085206|0.00463408|0.00412242|0.00375783|0.00372051,1,0.860852062702179,True,189,0.860852062702179,True,189,0.7538758516311646,True,189,0.8346072435379028,True,189,0.7637075185775757,True,c12_correct
190,191,191_7.bmp,preprocessed_results\191\191_7.bmp,190,190,190,0.8639763593673706,298,0.022379692643880844,0.8415966667234898,190|298|529|334|200,0.86397636|0.02237969|0.00793870|0.00589041|0.00448808,1,0.8639763593673706,True,190,0.8639763593673706,True,190,0.8809478878974915,True,190,0.8123565912246704,True,190,0.8308550119400024,True,c12_correct
191,192,192_4.bmp,preprocessed_results\192\192_4.bmp,191,191,191,0.9681861996650696,190,0.0019264055881649256,0.9662597940769047,191|190|348|339|205,0.96818620|0.00192641|0.00077363|0.00067338|0.00066881,1,0.9681861996650696,True,191,0.9681861996650696,True,191,0.6761000156402588,True,191,0.805824875831604,True,191,0.7596541047096252,True,c12_correct
192,193,193_8.bmp,preprocessed_results\193\193_8.bmp,192,192,192,0.9715466499328613,279,0.0009093729313462973,0.970637277001515,192|279|152|74|193,0.97154665|0.00090937|0.00083438|0.00060853|0.00046168,1,0.9715466499328613,True,192,0.9715466499328613,True,192,0.8635520935058594,True,192,0.8436235785484314,True,192,0.8953000903129578,True,c12_correct
193,194,194_1.bmp,preprocessed_results\194\194_1.bmp,193,193,193,0.6346473097801208,105,0.04505074396729469,0.5895965658128262,193|105|28|157|255,0.63464731|0.04505074|0.03119561|0.01584753|0.01347462,1,0.6346473097801208,True,193,0.6346473097801208,True,193,0.25841450691223145,True,193,0.8001052737236023,True,193,0.523648738861084,True,c12_correct
194,195,195_3.bmp,preprocessed_results\195\195_3.bmp,194,194,194,0.9720984697341919,195,0.00649484945461154,0.9656036202795804,194|195|229|561|242,0.97209847|0.00649485|0.00110215|0.00067908|0.00066541,1,0.9720984697341919,True,194,0.9720984697341919,True,194,0.8073306679725647,True,194,0.8306631445884705,True,194,0.7384713292121887,True,c12_correct
195,196,196_7.bmp,preprocessed_results\196\196_7.bmp,195,195,195,0.9711297154426575,194,0.0042189923115074635,0.96691072313115,195|194|218|79|166,0.97112972|0.00421899|0.00124416|0.00076120|0.00062778,1,0.9711297154426575,True,195,0.9711297154426575,True,195,0.9186434149742126,True,195,0.8346476554870605,True,195,0.8738242387771606,True,c12_correct
196,197,197_3.bmp,preprocessed_results\197\197_3.bmp,196,196,196,0.6641302108764648,197,0.03152909502387047,0.6326011158525944,196|197|116|451|272,0.66413021|0.03152910|0.01429280|0.00973533|0.00915894,1,0.6641302108764648,True,196,0.6641302108764648,True,196,0.44837522506713867,True,196,0.8273608684539795,True,196,0.5978438854217529,True,c12_correct
197,198,198_4.bmp,preprocessed_results\198\198_4.bmp,197,197,197,0.8679946660995483,82,0.016263170167803764,0.8517314959317446,197|82|57|44|414,0.86799467|0.01626317|0.01268505|0.00616032|0.00447737,1,0.8679946660995483,True,197,0.8679946660995483,True,197,0.8606288433074951,True,197,0.8093128800392151,True,197,0.8993310332298279,True,c12_correct
198,199,199_5.bmp,preprocessed_results\199\199_5.bmp,198,198,198,0.9381062388420105,199,0.008668608032166958,0.9294376308098435,198|199|78|269|4,0.93810624|0.00866861|0.00252173|0.00169098|0.00164304,1,0.9381062388420105,True,198,0.9381062388420105,True,198,0.7220126390457153,True,198,0.8029091954231262,True,198,0.8736505508422852,True,c12_correct
199,200,200_7.bmp,preprocessed_results\200\200_7.bmp,199,199,199,0.39226198196411133,269,0.19724321365356445,0.19501876831054688,199|269|285|198|284,0.39226198|0.19724321|0.06402041|0.04578545|0.01985308,1,0.39226198196411133,True,199,0.39226198196411133,True,199,0.18955020606517792,True,199,0.7320022583007812,True,199,0.26996520161628723,True,c12_correct
200,201,201_8.bmp,preprocessed_results\201\201_8.bmp,200,200,200,0.804312527179718,173,0.018081670626997948,0.7862308565527201,200|173|172|39|358,0.80431253|0.01808167|0.01768057|0.01124600|0.00869630,1,0.804312527179718,True,200,0.804312527179718,True,200,0.5731226205825806,True,200,0.8169140219688416,True,200,0.6540271043777466,True,c12_correct
201,202,202_9.bmp,preprocessed_results\202\202_9.bmp,201,201,201,0.8178460001945496,130,0.007084491662681103,0.8107615085318685,201|130|206|131|291,0.81784600|0.00708449|0.00656245|0.00552658|0.00465511,1,0.8178460001945496,True,201,0.8178460001945496,True,201,0.6883870363235474,True,201,0.7909005284309387,True,201,0.6317028403282166,True,c12_correct
202,203,203_9.bmp,preprocessed_results\203\203_9.bmp,202,202,202,0.8458477854728699,203,0.010931775905191898,0.834916009567678,202|203|379|413|130,0.84584779|0.01093178|0.00770049|0.00504254|0.00433396,1,0.8458477854728699,True,202,0.8458477854728699,True,202,0.42812013626098633,True,202,0.8198879361152649,True,202,0.612805962562561,True,c12_correct
203,204,204_1.bmp,preprocessed_results\204\204_1.bmp,203,203,203,0.9730860590934753,202,0.0029987867455929518,0.9700872723478824,203|202|188|94|135,0.97308606|0.00299879|0.00047719|0.00046551|0.00044995,1,0.9730860590934753,True,203,0.9730860590934753,True,203,0.862687349319458,True,203,0.8107929825782776,True,203,0.871471643447876,True,c12_correct
204,205,205_5.bmp,preprocessed_results\205\205_5.bmp,204,204,204,0.7787032723426819,262,0.010226523503661156,0.7684767488390207,204|262|34|118|818,0.77870327|0.01022652|0.01011374|0.00895681|0.00594137,1,0.7787032723426819,True,204,0.7787032723426819,True,204,0.6951114535331726,True,204,0.8362873196601868,True,204,0.5314761400222778,True,c12_correct
205,206,206_10.bmp,preprocessed_results\206\206_10.bmp,205,205,205,0.8993725776672363,335,0.0035531220491975546,0.8958194556180388,205|335|8|296|292,0.89937258|0.00355312|0.00341656|0.00339835|0.00282915,1,0.8993725776672363,True,205,0.8993725776672363,True,205,0.7638404369354248,True,205,0.8207537531852722,True,205,0.7261906862258911,True,c12_correct
206,207,207_2.bmp,preprocessed_results\207\207_2.bmp,206,206,206,0.9745454788208008,207,0.013005121611058712,0.9615403572097421,206|207|288|131|602,0.97454548|0.01300512|0.00118206|0.00076941|0.00062751,1,0.9745454788208008,True,206,0.9745454788208008,True,206,0.9028711318969727,True,206,0.7930517792701721,True,206,0.7774891257286072,True,c12_correct
207,208,208_3.bmp,preprocessed_results\208\208_3.bmp,207,207,207,0.7475469708442688,206,0.05325527489185333,0.6942916959524155,207|206|23|257|425,0.74754697|0.05325527|0.01127249|0.00945495|0.00883204,1,0.7475469708442688,True,207,0.7475469708442688,True,207,0.5326303839683533,True,207,0.8301960229873657,True,207,0.6706754565238953,True,c12_correct
208,209,209_7.bmp,preprocessed_results\209\209_7.bmp,208,208,208,0.43608179688453674,217,0.07274502515792847,0.3633367717266083,208|217|135|209|277,0.43608180|0.07274503|0.05969232|0.03920507|0.02775956,1,0.43608179688453674,True,208,0.43608179688453674,True,208,0.24935010075569153,True,208,0.7777497172355652,True,208,0.37020203471183777,True,c12_correct
209,210,210_2.bmp,preprocessed_results\210\210_2.bmp,209,209,209,0.874728798866272,338,0.00589866703376174,0.8688301318325102,209|338|208|233|316,0.87472880|0.00589867|0.00578479|0.00431796|0.00301988,1,0.874728798866272,True,209,0.874728798866272,True,209,0.8772916197776794,True,209,0.7664820551872253,True,209,0.7923738360404968,True,c12_correct
210,211,211_5.bmp,preprocessed_results\211\211_5.bmp,210,210,210,0.7798448204994202,211,0.19962036609649658,0.5802244544029236,210|211|70|83|76,0.77984482|0.19962037|0.00119090|0.00087588|0.00053915,1,0.7798448204994202,True,210,0.7798448204994202,True,210,0.8622680902481079,True,210,0.851537823677063,True,210,0.8339458703994751,True,c12_correct
211,212,212_6.bmp,preprocessed_results\212\212_6.bmp,211,211,211,0.9118585586547852,189,0.006404859479516745,0.9054536991752684,211|189|109|210|477,0.91185856|0.00640486|0.00559988|0.00527793|0.00427897,1,0.9118585586547852,True,211,0.9118585586547852,True,211,0.3676847219467163,True,211,0.8031045198440552,True,211,0.6269712448120117,True,c12_correct
212,213,213_10.bmp,preprocessed_results\213\213_10.bmp,212,212,212,0.9381935596466064,213,0.007749495562165976,0.9304440640844405,212|213|188|33|218,0.93819356|0.00774950|0.00397645|0.00343414|0.00332859,1,0.9381935596466064,True,212,0.9381935596466064,True,212,0.6021069884300232,True,212,0.8243248462677002,True,212,0.8317739963531494,True,c12_correct
213,214,214_2.bmp,preprocessed_results\214\214_2.bmp,213,213,213,0.7924180030822754,212,0.011887204833328724,0.7805307982489467,213|212|270|140|531,0.79241800|0.01188720|0.00877155|0.00827849|0.00471378,1,0.7924180030822754,True,213,0.7924180030822754,True,213,0.7619452476501465,True,213,0.8009544014930725,True,213,0.8243927359580994,True,c12_correct
214,215,215_2.bmp,preprocessed_results\215\215_2.bmp,214,214,214,0.8106316328048706,136,0.01240411214530468,0.7982275206595659,214|136|588|90|215,0.81063163|0.01240411|0.00820647|0.00613273|0.00487374,1,0.8106316328048706,True,214,0.8106316328048706,True,214,0.4718441069126129,True,214,0.7981656789779663,True,214,0.5653918385505676,True,c12_correct
215,216,216_8.bmp,preprocessed_results\216\216_8.bmp,215,215,215,0.9437627792358398,214,0.0037914542481303215,0.9399713249877095,215|214|449|165|352,0.94376278|0.00379145|0.00203481|0.00203345|0.00114476,1,0.9437627792358398,True,215,0.9437627792358398,True,215,0.7754679918289185,True,215,0.8316750526428223,True,215,0.7807191610336304,True,c12_correct
216,217,217_9.bmp,preprocessed_results\217\217_9.bmp,216,216,216,0.8899674415588379,217,0.009942146949470043,0.8800252946093678,216|217|589|335|45,0.88996744|0.00994215|0.00955728|0.00498906|0.00488690,1,0.8899674415588379,True,216,0.8899674415588379,True,216,0.8194435238838196,True,216,0.8304846882820129,True,216,0.7456266283988953,True,c12_correct
217,218,218_1.bmp,preprocessed_results\218\218_1.bmp,217,217,217,0.8593233227729797,204,0.00879619736224413,0.8505271254107356,217|204|216|118|162,0.85932332|0.00879620|0.00517488|0.00345790|0.00306507,1,0.8593233227729797,True,217,0.8593233227729797,True,217,0.8642519116401672,True,217,0.8381491303443909,True,217,0.863914430141449,True,c12_correct
218,219,219_9.bmp,preprocessed_results\219\219_9.bmp,218,218,218,0.564168393611908,195,0.03177643194794655,0.5323919616639614,218|195|219|72|296,0.56416839|0.03177643|0.02197578|0.01067756|0.00929948,1,0.564168393611908,True,218,0.564168393611908,True,218,0.5211737751960754,True,218,0.7741115093231201,True,218,0.6186277866363525,True,c12_correct
219,220,220_6.bmp,preprocessed_results\220\220_6.bmp,219,219,219,0.8531582951545715,183,0.009491187520325184,0.8436671076342463,219|183|151|20|725,0.85315830|0.00949119|0.00810989|0.00473021|0.00356807,1,0.8531582951545715,True,219,0.8531582951545715,True,219,0.5918978452682495,True,219,0.7925917506217957,True,219,0.665554940700531,True,c12_correct
220,221,221_7.bmp,preprocessed_results\221\221_7.bmp,220,220,220,0.9576139450073242,221,0.004477786365896463,0.9531361586414278,220|221|332|512|605,0.95761395|0.00447779|0.00291781|0.00173123|0.00168007,1,0.9576139450073242,True,220,0.9576139450073242,True,220,0.6868171691894531,True,220,0.8361133933067322,True,220,0.7207807898521423,True,c12_correct
221,222,222_5.bmp,preprocessed_results\222\222_5.bmp,221,221,221,0.7953972816467285,185,0.01096349861472845,0.7844337830320001,221|185|665|143|184,0.79539728|0.01096350|0.00917467|0.00599051|0.00518238,1,0.7953972816467285,True,221,0.7953972816467285,True,221,0.4035095274448395,True,221,0.8170692324638367,True,221,0.4797017574310303,True,c12_correct
222,223,223_7.bmp,preprocessed_results\223\223_7.bmp,222,222,222,0.773966908454895,123,0.011252643540501595,0.7627142649143934,222|123|112|180|162,0.77396691|0.01125264|0.00730169|0.00663689|0.00599787,1,0.773966908454895,True,222,0.773966908454895,True,222,0.47959819436073303,True,222,0.7863883376121521,True,222,0.5274297595024109,True,c12_correct
223,224,224_6.bmp,preprocessed_results\224\224_6.bmp,223,223,223,0.7826223969459534,203,0.021232888102531433,0.7613895088434219,223|203|94|58|262,0.78262240|0.02123289|0.02006515|0.01833239|0.00847235,1,0.7826223969459534,True,223,0.7826223969459534,True,223,0.7447614073753357,True,223,0.8157117962837219,True,223,0.8110013008117676,True,c12_correct
224,225,225_7.bmp,preprocessed_results\225\225_7.bmp,224,224,224,0.14450205862522125,269,0.07859018445014954,0.06591187417507172,224|269|35|598|249,0.14450206|0.07859018|0.04217292|0.04065752|0.03692794,1,0.14450205862522125,True,224,0.14450205862522125,True,224,0.09333335608243942,True,224,0.7459568977355957,True,224,0.19052866101264954,True,c12_correct
225,226,226_8.bmp,preprocessed_results\226\226_8.bmp,225,225,225,0.9323421716690063,285,0.004234383348375559,0.9281077883206308,225|285|541|284|273,0.93234217|0.00423438|0.00365777|0.00289472|0.00229317,1,0.9323421716690063,True,225,0.9323421716690063,True,225,0.7652304768562317,True,225,0.8429888486862183,True,225,0.7250452041625977,True,c12_correct
226,227,227_7.bmp,preprocessed_results\227\227_7.bmp,226,226,226,0.8696333765983582,413,0.009818388149142265,0.8598149884492159,226|413|526|562|366,0.86963338|0.00981839|0.00711512|0.00418609|0.00406322,1,0.8696333765983582,True,226,0.8696333765983582,True,226,0.45197227597236633,True,226,0.8348656296730042,True,226,0.6886224150657654,True,c12_correct
227,228,228_5.bmp,preprocessed_results\228\228_5.bmp,227,227,227,0.6968467235565186,558,0.055506378412246704,0.6413403451442719,227|558|226|70|530,0.69684672|0.05550638|0.04501225|0.01142683|0.00781508,1,0.6968467235565186,True,227,0.6968467235565186,True,227,0.4341992139816284,True,227,0.8207723498344421,True,227,0.7048823237419128,True,c12_correct
228,229,229_10.bmp,preprocessed_results\229\229_10.bmp,228,228,228,0.9163550138473511,316,0.003389621153473854,0.9129653926938772,228|316|211|79|214,0.91635501|0.00338962|0.00290458|0.00254418|0.00239339,1,0.9163550138473511,True,228,0.9163550138473511,True,228,0.7146780490875244,True,228,0.7583143711090088,True,228,0.7007896304130554,True,c12_correct
229,230,230_6.bmp,preprocessed_results\230\230_6.bmp,229,229,229,0.953631579875946,56,0.001747742760926485,0.9518838371150196,229|56|487|165|544,0.95363158|0.00174774|0.00163575|0.00143870|0.00141550,1,0.953631579875946,True,229,0.953631579875946,True,229,0.8153754472732544,True,229,0.8242619633674622,True,229,0.8153120875358582,True,c12_correct
230,231,231_8.bmp,preprocessed_results\231\231_8.bmp,230,230,230,0.8547682762145996,229,0.011422399431467056,0.8433458767831326,230|229|10|8|231,0.85476828|0.01142240|0.00982930|0.00706937|0.00538552,1,0.8547682762145996,True,230,0.8547682762145996,True,230,0.8343822360038757,True,230,0.8032076358795166,True,230,0.8424414992332458,True,c12_correct
231,232,232_2.bmp,preprocessed_results\232\232_2.bmp,231,231,231,0.19035062193870544,230,0.14673826098442078,0.04361236095428467,231|230|18|101|226,0.19035062|0.14673826|0.08704027|0.02069506|0.01825449,1,0.19035062193870544,True,231,0.19035062193870544,True,231,0.28941118717193604,True,231,0.6178604364395142,True,231,0.2477644979953766,True,c12_correct
232,233,233_9.bmp,preprocessed_results\233\233_9.bmp,232,232,232,0.8197172284126282,233,0.016720818355679512,0.8029964100569487,232|233|100|340|623,0.81971723|0.01672082|0.00689800|0.00663053|0.00525865,1,0.8197172284126282,True,232,0.8197172284126282,True,232,0.7298665046691895,True,232,0.8017300367355347,True,232,0.7295190691947937,True,c12_correct
233,234,234_5.bmp,preprocessed_results\234\234_5.bmp,233,233,233,0.9516841173171997,108,0.00573999946936965,0.9459441178478301,233|108|232|338|109,0.95168412|0.00574000|0.00297043|0.00148729|0.00129323,1,0.9516841173171997,True,233,0.9516841173171997,True,233,0.8580744862556458,True,233,0.8248369097709656,True,233,0.8038818836212158,True,c12_correct
234,235,235_1.bmp,preprocessed_results\235\235_1.bmp,234,234,234,0.7597174048423767,197,0.01934538409113884,0.7403720207512379,234|197|298|434|146,0.75971740|0.01934538|0.01153937|0.01003579|0.00823544,1,0.7597174048423767,True,234,0.7597174048423767,True,234,0.4189314544200897,True,234,0.7478001713752747,True,234,0.3923686444759369,True,c12_correct
235,236,236_1.bmp,preprocessed_results\236\236_1.bmp,235,235,235,0.8581538200378418,234,0.022211285308003426,0.8359425347298384,235|234|474|539|612,0.85815382|0.02221129|0.00592225|0.00479050|0.00463933,1,0.8581538200378418,True,235,0.8581538200378418,True,235,0.8523260951042175,True,235,0.7926990985870361,True,235,0.5071165561676025,True,c12_correct
236,237,237_3.bmp,preprocessed_results\237\237_3.bmp,236,236,236,0.13726024329662323,318,0.0911778062582016,0.04608243703842163,236|318|175|136|4,0.13726024|0.09117781|0.07922024|0.02462148|0.02246116,1,0.13726024329662323,True,236,0.13726024329662323,True,236,0.20972086489200592,True,236,0.7620693445205688,True,236,0.4973122775554657,True,c12_correct
237,238,238_8.bmp,preprocessed_results\238\238_8.bmp,237,237,237,0.9058150053024292,236,0.023861825466156006,0.8819531798362732,237|236|40|167|41,0.90581501|0.02386183|0.00383231|0.00320284|0.00242762,1,0.9058150053024292,True,237,0.9058150053024292,True,237,0.4853178858757019,True,237,0.819837212562561,True,237,0.8048105239868164,True,c12_correct
238,239,239_8.bmp,preprocessed_results\239\239_8.bmp,238,238,238,0.7040088772773743,178,0.011730343103408813,0.6922785341739655,238|178|437|60|211,0.70400888|0.01173034|0.00962020|0.00648177|0.00614660,1,0.7040088772773743,True,238,0.7040088772773743,True,238,0.810429573059082,True,238,0.835816502571106,True,238,0.834819495677948,True,c12_correct
239,240,240_3.bmp,preprocessed_results\240\240_3.bmp,239,239,239,0.8317181468009949,410,0.010317179374396801,0.8214009674265981,239|410|76|436|674,0.83171815|0.01031718|0.00965161|0.00785198|0.00581005,1,0.8317181468009949,True,239,0.8317181468009949,True,239,0.8432623744010925,True,239,0.8423862457275391,True,239,0.776098906993866,True,c12_correct
240,241,241_8.bmp,preprocessed_results\241\241_8.bmp,240,240,240,0.9127097725868225,241,0.007512050215154886,0.9051977223716676,240|241|77|195|220,0.91270977|0.00751205|0.00305808|0.00255112|0.00188910,1,0.9127097725868225,True,240,0.9127097725868225,True,240,0.691243052482605,True,240,0.8382948637008667,True,240,0.7810190916061401,True,c12_correct
241,242,242_2.bmp,preprocessed_results\242\242_2.bmp,241,241,241,0.759002685546875,147,0.01728987693786621,0.7417128086090088,241|147|65|746|47,0.75900269|0.01728988|0.00627290|0.00499983|0.00445061,1,0.759002685546875,True,241,0.759002685546875,True,241,0.3010842800140381,True,241,0.7817326188087463,True,241,0.430002361536026,True,c12_correct
242,243,243_7.bmp,preprocessed_results\243\243_7.bmp,242,242,242,0.9800843000411987,478,0.0008584462339058518,0.9792258538072929,242|478|160|68|781,0.98008430|0.00085845|0.00051576|0.00045469|0.00044511,1,0.9800843000411987,True,242,0.9800843000411987,True,242,0.8462074995040894,True,242,0.8403093218803406,True,242,0.9073469042778015,True,c12_correct
243,244,244_9.bmp,preprocessed_results\244\244_9.bmp,243,243,243,0.9417880773544312,162,0.0065735201351344585,0.9352145572192967,243|162|589|17|769,0.94178808|0.00657352|0.00579569|0.00213209|0.00158004,1,0.9417880773544312,True,243,0.9417880773544312,True,243,0.8873431086540222,True,243,0.8073908090591431,True,243,0.8504442572593689,True,c12_correct
244,245,245_1.bmp,preprocessed_results\245\245_1.bmp,244,244,244,0.9199586510658264,22,0.006001424044370651,0.9139572270214558,244|22|392|258|198,0.91995865|0.00600142|0.00309678|0.00297491|0.00225288,1,0.9199586510658264,True,244,0.9199586510658264,True,244,0.9235342144966125,True,244,0.8125522136688232,True,244,0.8109917044639587,True,c12_correct
245,246,246_1.bmp,preprocessed_results\246\246_1.bmp,245,245,245,0.8406763076782227,665,0.02123747020959854,0.8194388374686241,245|665|702|144|29,0.84067631|0.02123747|0.00665169|0.00421308|0.00304795,1,0.8406763076782227,True,245,0.8406763076782227,True,245,0.42013996839523315,True,245,0.793397068977356,True,245,0.5347439646720886,True,c12_correct
246,247,247_4.bmp,preprocessed_results\247\247_4.bmp,246,246,246,0.6838334202766418,247,0.20537376403808594,0.4784596562385559,246|247|6|221|126,0.68383342|0.20537376|0.00641881|0.00300816|0.00221701,1,0.6838334202766418,True,246,0.6838334202766418,True,246,0.7111591696739197,True,246,0.7422641515731812,True,246,0.628157377243042,True,c12_correct
247,248,248_2.bmp,preprocessed_results\248\248_2.bmp,247,247,247,0.7688953876495361,246,0.021005520597100258,0.7478898670524359,247|246|30|56|142,0.76889539|0.02100552|0.01901649|0.00366345|0.00284607,1,0.7688953876495361,True,247,0.7688953876495361,True,247,0.04243095591664314,True,247,0.7841535210609436,True,247,0.46840715408325195,True,c12_correct
248,249,249_1.bmp,preprocessed_results\249\249_1.bmp,248,248,248,0.9561120867729187,302,0.0056326561607420444,0.9504794306121767,248|302|198|250|174,0.95611209|0.00563266|0.00257389|0.00117286|0.00094969,1,0.9561120867729187,True,248,0.9561120867729187,True,248,0.8978615403175354,True,248,0.8354926109313965,True,248,0.8666630983352661,True,c12_correct
249,250,250_8.bmp,preprocessed_results\250\250_8.bmp,249,249,249,0.9330344796180725,269,0.004547348245978355,0.9284871313720942,249|269|268|1|207,0.93303448|0.00454735|0.00385614|0.00285725|0.00173146,1,0.9330344796180725,True,249,0.9330344796180725,True,249,0.7653617262840271,True,249,0.8135241866111755,True,249,0.8509129881858826,True,c12_correct
250,251,251_5.bmp,preprocessed_results\251\251_5.bmp,250,250,250,0.9637000560760498,436,0.001984425587579608,0.9617156304884702,250|436|312|162|204,0.96370006|0.00198443|0.00162411|0.00099829|0.00071337,1,0.9637000560760498,True,250,0.9637000560760498,True,250,0.711665153503418,True,250,0.8265690803527832,True,250,0.7893664240837097,True,c12_correct
251,252,252_4.bmp,preprocessed_results\252\252_4.bmp,251,251,251,0.680906355381012,277,0.060919973999261856,0.6199863813817501,251|277|197|320|292,0.68090636|0.06091997|0.02087157|0.01341311|0.00918965,1,0.680906355381012,True,251,0.680906355381012,True,251,0.1984560340642929,True,251,0.7467906475067139,True,251,0.22764840722084045,True,c12_correct
252,253,253_10.bmp,preprocessed_results\253\253_10.bmp,252,252,252,0.75030517578125,284,0.011448012664914131,0.7388571631163359,252|284|154|289|694,0.75030518|0.01144801|0.00941524|0.00891530|0.00787280,1,0.75030517578125,True,252,0.75030517578125,True,252,0.7362930178642273,True,252,0.7890079617500305,True,252,0.6123083829879761,True,c12_correct
253,254,254_4.bmp,preprocessed_results\254\254_4.bmp,253,253,253,0.13891489803791046,658,0.03043551929295063,0.10847937874495983,253|658|728|249|262,0.13891490|0.03043552|0.02623831|0.01720899|0.01720229,1,0.13891489803791046,True,253,0.13891489803791046,True,253,0.5054067373275757,True,253,0.7730311751365662,True,253,0.4806680977344513,True,c12_correct
254,255,255_4.bmp,preprocessed_results\255\255_4.bmp,254,254,254,0.8612125515937805,255,0.026596467941999435,0.8346160836517811,254|255|55|749|228,0.86121255|0.02659647|0.00381001|0.00308555|0.00193819,1,0.8612125515937805,True,254,0.8612125515937805,True,254,0.839789092540741,True,254,0.807001531124115,True,254,0.8626630306243896,True,c12_correct
255,256,256_6.bmp,preprocessed_results\256\256_6.bmp,255,255,255,0.8577572107315063,254,0.011243125423789024,0.8465140853077173,255|254|266|43|262,0.85775721|0.01124313|0.00502821|0.00396326|0.00281956,1,0.8577572107315063,True,255,0.8577572107315063,True,255,0.4139748811721802,True,255,0.7597140669822693,True,255,0.3981412351131439,True,c12_correct
256,257,257_3.bmp,preprocessed_results\257\257_3.bmp,256,256,256,0.9574313759803772,319,0.002054226119071245,0.955377149861306,256|319|791|257|4,0.95743138|0.00205423|0.00116458|0.00097485|0.00066069,1,0.9574313759803772,True,256,0.9574313759803772,True,256,0.7808870673179626,True,256,0.8371625542640686,True,256,0.7890276908874512,True,c12_correct
257,258,258_8.bmp,preprocessed_results\258\258_8.bmp,257,257,257,0.8426944613456726,207,0.006653463002294302,0.8360409983433783,257|207|311|174|206,0.84269446|0.00665346|0.00474868|0.00453839|0.00426618,1,0.8426944613456726,True,257,0.8426944613456726,True,257,0.7103919982910156,True,257,0.8322258591651917,True,257,0.8520551323890686,True,c12_correct
258,259,259_10.bmp,preprocessed_results\259\259_10.bmp,258,258,258,0.9270745515823364,77,0.009472057223320007,0.9176024943590164,258|77|144|78|200,0.92707455|0.00947206|0.00282631|0.00218765|0.00169756,1,0.9270745515823364,True,258,0.9270745515823364,True,258,0.6906899809837341,True,258,0.8548904061317444,True,258,0.6546504497528076,True,c12_correct
259,260,260_2.bmp,preprocessed_results\260\260_2.bmp,259,259,259,0.7599053382873535,139,0.011503317393362522,0.748402020893991,259|139|111|787|52,0.75990534|0.01150332|0.00915743|0.00701594|0.00683928,1,0.7599053382873535,True,259,0.7599053382873535,True,259,0.6693030595779419,True,259,0.7926037311553955,True,259,0.7015136480331421,True,c12_correct
260,261,261_1.bmp,preprocessed_results\261\261_1.bmp,260,260,260,0.9270809888839722,261,0.004894894082099199,0.922186094801873,260|261|287|217|128,0.92708099|0.00489489|0.00257904|0.00206463|0.00178002,1,0.9270809888839722,True,260,0.9270809888839722,True,260,0.8733338117599487,True,260,0.8392126560211182,True,260,0.7274884581565857,True,c12_correct
261,262,262_4.bmp,preprocessed_results\262\262_4.bmp,261,261,261,0.9111820459365845,290,0.006742930039763451,0.904439115896821,261|290|128|260|217,0.91118205|0.00674293|0.00547032|0.00397906|0.00383477,1,0.9111820459365845,True,261,0.9111820459365845,True,261,0.7054235935211182,True,261,0.8258645534515381,True,261,0.8168089389801025,True,c12_correct
262,263,263_5.bmp,preprocessed_results\263\263_5.bmp,262,262,262,0.9847567677497864,255,0.0005039290990680456,0.9842528386507183,262|255|334|204|263,0.98475677|0.00050393|0.00047770|0.00038902|0.00030587,1,0.9847567677497864,True,262,0.9847567677497864,True,262,0.9032405614852905,True,262,0.8574600219726562,True,262,0.8420262932777405,True,c12_correct
263,264,264_2.bmp,preprocessed_results\264\264_2.bmp,263,263,263,0.9703009724617004,262,0.0035056795459240675,0.9667952929157764,263|262|339|191|728,0.97030097|0.00350568|0.00095875|0.00068660|0.00067371,1,0.9703009724617004,True,263,0.9703009724617004,True,263,0.8010860085487366,True,263,0.8188163638114929,True,263,0.759357213973999,True,c12_correct
264,265,265_5.bmp,preprocessed_results\265\265_5.bmp,264,264,264,0.7890346646308899,208,0.016762156039476395,0.7722725085914135,264|208|295|286|168,0.78903466|0.01676216|0.01026596|0.00557030|0.00513788,1,0.7890346646308899,True,264,0.7890346646308899,True,264,0.6136935353279114,True,264,0.8081297874450684,True,264,0.7784490585327148,True,c12_correct
265,266,266_1.bmp,preprocessed_results\266\266_1.bmp,265,265,265,0.9013047218322754,153,0.005747233517467976,0.8955574883148074,265|153|37|307|138,0.90130472|0.00574723|0.00467537|0.00299188|0.00259690,1,0.9013047218322754,True,265,0.9013047218322754,True,265,0.4188287556171417,True,265,0.8068385124206543,True,265,0.7418564558029175,True,c12_correct
266,267,267_3.bmp,preprocessed_results\267\267_3.bmp,266,266,266,0.608869194984436,338,0.032762546092271805,0.5761066488921642,266|338|113|112|497,0.60886919|0.03276255|0.02581484|0.02042537|0.01512599,1,0.608869194984436,True,266,0.608869194984436,True,266,0.4354759454727173,True,266,0.8210803866386414,True,266,0.6285802125930786,True,c12_correct
267,268,268_1.bmp,preprocessed_results\268\268_1.bmp,267,267,267,0.9524397253990173,7,0.004295465536415577,0.9481442598626018,267|7|76|107|289,0.95243973|0.00429547|0.00174727|0.00155420|0.00129307,1,0.9524397253990173,True,267,0.9524397253990173,True,267,0.8494590520858765,True,267,0.8352119326591492,True,267,0.8283273577690125,True,c12_correct
268,269,269_7.bmp,preprocessed_results\269\269_7.bmp,268,268,268,0.9691305756568909,240,0.0012351240729913116,0.9678954515838996,268|240|251|171|562,0.96913058|0.00123512|0.00090375|0.00088933|0.00063820,1,0.9691305756568909,True,268,0.9691305756568909,True,268,0.9157472848892212,True,268,0.8257851600646973,True,268,0.8202613592147827,True,c12_correct
269,270,270_1.bmp,preprocessed_results\270\270_1.bmp,269,269,269,0.5567262172698975,139,0.06729914993047714,0.4894270673394203,269|139|285|568|47,0.55672622|0.06729915|0.04255478|0.03110086|0.01660511,1,0.5567262172698975,True,269,0.5567262172698975,True,269,0.7094284296035767,True,269,0.8128648400306702,True,269,0.671527087688446,True,c12_correct
270,271,271_3.bmp,preprocessed_results\271\271_3.bmp,270,270,270,0.7340666055679321,271,0.21310190856456757,0.5209646970033646,270|271|634|267|166,0.73406661|0.21310191|0.00466372|0.00147776|0.00111260,1,0.7340666055679321,True,270,0.7340666055679321,True,270,0.8442605137825012,True,270,0.8455799221992493,True,270,0.8132631182670593,True,c12_correct
271,272,272_1.bmp,preprocessed_results\272\272_1.bmp,271,271,271,0.9010675549507141,648,0.005951530300080776,0.8951160246506333,271|648|634|555|87,0.90106755|0.00595153|0.00331944|0.00307545|0.00228674,1,0.9010675549507141,True,271,0.9010675549507141,True,271,0.5981502532958984,True,271,0.7453829646110535,True,271,0.6488009095191956,True,c12_correct
272,273,273_6.bmp,preprocessed_results\273\273_6.bmp,272,272,272,0.9167857766151428,273,0.01902262680232525,0.8977631498128176,272|273|565|271|142,0.91678578|0.01902263|0.00292543|0.00242634|0.00226617,1,0.9167857766151428,True,272,0.9167857766151428,True,272,0.7804572582244873,True,272,0.8263424038887024,True,272,0.7741585373878479,True,c12_correct
273,274,274_2.bmp,preprocessed_results\274\274_2.bmp,273,273,273,0.9194045066833496,272,0.020211849361658096,0.8991926573216915,273|272|576|578|143,0.91940451|0.02021185|0.00424374|0.00367380|0.00270705,1,0.9194045066833496,True,273,0.9194045066833496,True,273,0.8765882849693298,True,273,0.8251475095748901,True,273,0.9320734739303589,True,c12_correct
274,275,275_8.bmp,preprocessed_results\275\275_8.bmp,274,274,274,0.7343879342079163,289,0.00921982154250145,0.7251681126654148,274|289|568|52|47,0.73438793|0.00921982|0.00873046|0.00850454|0.00792230,1,0.7343879342079163,True,274,0.7343879342079163,True,274,0.7217784523963928,True,274,0.8319404721260071,True,274,0.7625699043273926,True,c12_correct
275,276,276_3.bmp,preprocessed_results\276\276_3.bmp,275,275,275,0.8759497404098511,14,0.00826978962868452,0.8676799507811666,275|14|21|274|278,0.87594974|0.00826979|0.00789909|0.00655768|0.00650854,1,0.8759497404098511,True,275,0.8759497404098511,True,275,0.8376737236976624,True,275,0.8120813369750977,True,275,0.7673323750495911,True,c12_correct
276,277,277_6.bmp,preprocessed_results\277\277_6.bmp,276,276,276,0.17698118090629578,42,0.14604882895946503,0.03093235194683075,276|42|328|251|329,0.17698118|0.14604883|0.07703565|0.03774044|0.03396550,1,0.17698118090629578,True,276,0.17698118090629578,True,276,0.0907338485121727,True,276,0.5429534316062927,True,276,0.12268649786710739,True,c12_correct
277,278,278_5.bmp,preprocessed_results\278\278_5.bmp,277,277,277,0.9105758666992188,320,0.006997798103839159,0.9035780685953796,277|320|61|505|290,0.91057587|0.00699780|0.00477315|0.00278703|0.00216382,1,0.9105758666992188,True,277,0.9105758666992188,True,277,0.4913191497325897,True,277,0.7926443815231323,True,277,0.3603668510913849,True,c12_correct
278,279,279_6.bmp,preprocessed_results\279\279_6.bmp,278,278,278,0.8568263649940491,271,0.01016724668443203,0.846659118309617,278|271|173|279|172,0.85682636|0.01016725|0.00626102|0.00561969|0.00533172,1,0.8568263649940491,True,278,0.8568263649940491,True,278,0.40090474486351013,True,278,0.8005096912384033,True,278,0.7219039797782898,True,c12_correct
279,280,280_4.bmp,preprocessed_results\280\280_4.bmp,279,279,279,0.9580014944076538,278,0.003834425937384367,0.9541670684702694,279|278|271|98|700,0.95800149|0.00383443|0.00315340|0.00199606|0.00193996,1,0.9580014944076538,True,279,0.9580014944076538,True,279,0.7882598042488098,True,279,0.8061201572418213,True,279,0.7376769781112671,True,c12_correct
280,281,281_5.bmp,preprocessed_results\281\281_5.bmp,280,280,280,0.9479315280914307,281,0.01901531219482422,0.9289162158966064,280|281|148|217|95,0.94793153|0.01901531|0.00232089|0.00135589|0.00105346,1,0.9479315280914307,True,280,0.9479315280914307,True,280,0.9118324518203735,True,280,0.8175246119499207,True,280,0.8789328336715698,True,c12_correct
281,282,282_1.bmp,preprocessed_results\282\282_1.bmp,281,281,281,0.9610327482223511,420,0.008627117611467838,0.9524056306108832,281|420|189|280|287,0.96103275|0.00862712|0.00212353|0.00077571|0.00074751,1,0.9610327482223511,True,281,0.9610327482223511,True,281,0.828276515007019,True,281,0.8484746217727661,True,281,0.8046217560768127,True,c12_correct
282,283,283_9.bmp,preprocessed_results\283\283_9.bmp,282,282,282,0.8010754585266113,283,0.03715112805366516,0.7639243304729462,282|283|273|531|272,0.80107546|0.03715113|0.02914087|0.02147885|0.00646926,1,0.8010754585266113,True,282,0.8010754585266113,True,282,0.4796973764896393,True,282,0.8201028108596802,True,282,0.584182858467102,True,c12_correct
283,284,284_7.bmp,preprocessed_results\284\284_7.bmp,283,283,283,0.9160701036453247,282,0.02855808287858963,0.8875120207667351,283|282|273|117|689,0.91607010|0.02855808|0.01266333|0.00233990|0.00169821,1,0.9160701036453247,True,283,0.9160701036453247,True,283,0.6692676544189453,True,283,0.8352515697479248,True,283,0.7591683864593506,True,c12_correct
284,285,285_8.bmp,preprocessed_results\285\285_8.bmp,284,284,284,0.7110335826873779,224,0.055416081100702286,0.6556175015866756,284|224|225|285|252,0.71103358|0.05541608|0.01482556|0.01184520|0.00981908,1,0.7110335826873779,True,284,0.7110335826873779,True,284,0.6396360397338867,True,284,0.8167852759361267,True,284,0.637486457824707,True,c12_correct
285,286,286_3.bmp,preprocessed_results\286\286_3.bmp,285,285,285,0.6286686062812805,612,0.04079907760024071,0.5878695286810398,285|612|284|225|86,0.62866861|0.04079908|0.02695524|0.02045702|0.00874572,1,0.6286686062812805,True,285,0.6286686062812805,True,285,0.5719086527824402,True,285,0.8006489276885986,True,285,0.5580289959907532,True,c12_correct
286,287,287_9.bmp,preprocessed_results\287\287_9.bmp,286,286,286,0.8635378479957581,287,0.04484279826283455,0.8186950497329235,286|287|136|14|653,0.86353785|0.04484280|0.00790909|0.00522504|0.00208070,1,0.8635378479957581,True,286,0.8635378479957581,True,286,0.313799649477005,True,286,0.8087708950042725,True,286,0.5781782865524292,True,c12_correct
287,288,288_8.bmp,preprocessed_results\288\288_8.bmp,287,287,287,0.45148876309394836,286,0.0636010617017746,0.38788770139217377,287|286|169|524|269,0.45148876|0.06360106|0.04020510|0.02482836|0.01692477,1,0.45148876309394836,True,287,0.45148876309394836,True,287,0.45278987288475037,True,287,0.7865373492240906,True,287,0.44465741515159607,True,c12_correct
288,289,289_8.bmp,preprocessed_results\289\289_8.bmp,288,288,288,0.9815043807029724,131,0.0014943433925509453,0.9800100373104215,288|131|206|313|222,0.98150438|0.00149434|0.00050073|0.00046513|0.00043312,1,0.9815043807029724,True,288,0.9815043807029724,True,288,0.8680344820022583,True,288,0.815605103969574,True,288,0.8436425924301147,True,c12_correct
289,290,290_6.bmp,preprocessed_results\290\290_6.bmp,289,289,289,0.8011452555656433,277,0.01741855964064598,0.7837266959249973,289|277|274|261|331,0.80114526|0.01741856|0.01294170|0.00438186|0.00410869,1,0.8011452555656433,True,289,0.8011452555656433,True,289,0.5426594614982605,True,289,0.8239730596542358,True,289,0.6133415699005127,True,c12_correct
290,291,291_4.bmp,preprocessed_results\291\291_4.bmp,290,290,290,0.8803123235702515,291,0.02765824645757675,0.8526540771126747,290|291|159|97|661,0.88031232|0.02765825|0.01041789|0.00464661|0.00280995,1,0.8803123235702515,True,290,0.8803123235702515,True,290,0.9032749533653259,True,290,0.8247109055519104,True,290,0.7619705200195312,True,c12_correct
291,292,292_1.bmp,preprocessed_results\292\292_1.bmp,291,291,291,0.9224483370780945,49,0.003425637958571315,0.9190226991195232,291|49|252|290|325,0.92244834|0.00342564|0.00325214|0.00300566|0.00283491,1,0.9224483370780945,True,291,0.9224483370780945,True,291,0.744962215423584,True,291,0.8015739321708679,True,291,0.6713095307350159,True,c12_correct
292,293,293_8.bmp,preprocessed_results\293\293_8.bmp,292,292,292,0.9373486042022705,298,0.01599879562854767,0.9213498085737228,292|298|284|252|197,0.93734860|0.01599880|0.00210824|0.00147120|0.00121579,1,0.9373486042022705,True,292,0.9373486042022705,True,292,0.7079032063484192,True,292,0.8061219453811646,True,292,0.7966090440750122,True,c12_correct
293,294,294_10.bmp,preprocessed_results\294\294_10.bmp,293,293,293,0.8397900462150574,292,0.0407775342464447,0.7990125119686127,293|292|636|297|545,0.83979005|0.04077753|0.00536125|0.00534883|0.00459256,1,0.8397900462150574,True,293,0.8397900462150574,True,293,0.8582970499992371,True,293,0.8386491537094116,True,293,0.6501796841621399,True,c12_correct
294,295,295_6.bmp,preprocessed_results\295\295_6.bmp,294,294,294,0.4631187915802002,549,0.04291712865233421,0.420201662927866,294|549|436|548|76,0.46311879|0.04291713|0.02770506|0.02001092|0.01660003,1,0.4631187915802002,True,294,0.4631187915802002,True,294,0.544096052646637,True,294,0.7959542274475098,True,294,0.6131967902183533,True,c12_correct
295,296,296_6.bmp,preprocessed_results\296\296_6.bmp,295,295,295,0.7959127426147461,294,0.0097694406285882,0.7861433019861579,295|294|441|210|253,0.79591274|0.00976944|0.00668722|0.00572795|0.00478527,1,0.7959127426147461,True,295,0.7959127426147461,True,295,0.6463165879249573,True,295,0.797756552696228,True,295,0.6330760717391968,True,c12_correct
296,297,297_3.bmp,preprocessed_results\297\297_3.bmp,296,296,296,0.9168405532836914,297,0.03501497954130173,0.8818255737423897,296|297|73|274|141,0.91684055|0.03501498|0.01010375|0.00331169|0.00206031,1,0.9168405532836914,True,296,0.9168405532836914,True,296,0.7036672234535217,True,296,0.8199683427810669,True,296,0.6635331511497498,True,c12_correct
297,298,298_4.bmp,preprocessed_results\298\298_4.bmp,297,297,297,0.749175488948822,296,0.0456375852227211,0.7035379037261009,297|296|205|341|689,0.74917549|0.04563759|0.01783390|0.00641230|0.00519318,1,0.749175488948822,True,297,0.749175488948822,True,297,0.44422048330307007,True,297,0.7591803669929504,True,297,0.12947478890419006,True,c12_correct
298,299,299_9.bmp,preprocessed_results\299\299_9.bmp,298,298,298,0.962561845779419,566,0.001480662147514522,0.9610811836319044,298|566|774|364|190,0.96256185|0.00148066|0.00126255|0.00095319|0.00084986,1,0.962561845779419,True,298,0.962561845779419,True,298,0.8842045664787292,True,298,0.8106371760368347,True,298,0.837958574295044,True,c12_correct
299,300,300_10.bmp,preprocessed_results\300\300_10.bmp,299,299,299,0.7680975198745728,298,0.01886977069079876,0.749227749183774,299|298|191|141|297,0.76809752|0.01886977|0.01405803|0.01221452|0.00588525,1,0.7680975198745728,True,299,0.7680975198745728,True,299,0.49184510111808777,True,299,0.7829300165176392,True,299,0.5852370858192444,True,c12_correct
300,301,301_10.bmp,preprocessed_results\301\301_10.bmp,300,300,300,0.9209690690040588,86,0.005782107822597027,0.9151869611814618,300|86|298|244|495,0.92096907|0.00578211|0.00530481|0.00237572|0.00213054,1,0.9209690690040588,True,300,0.9209690690040588,True,300,0.7432777285575867,True,300,0.8505785465240479,True,300,0.8668290376663208,True,c12_correct
301,302,302_10.bmp,preprocessed_results\302\302_10.bmp,301,301,301,0.39831292629241943,43,0.03238578513264656,0.3659271411597729,301|43|519|440|55,0.39831293|0.03238579|0.02149368|0.01781485|0.01461653,1,0.39831292629241943,True,301,0.39831292629241943,True,301,0.17879712581634521,True,301,0.727555513381958,True,301,0.4160085916519165,True,c12_correct
302,303,303_10.bmp,preprocessed_results\303\303_10.bmp,302,302,302,0.911544919013977,286,0.015871062874794006,0.895673856139183,302|286|269|248|318,0.91154492|0.01587106|0.00519665|0.00364359|0.00284937,1,0.911544919013977,True,302,0.911544919013977,True,302,0.30232182145118713,True,302,0.7718635201454163,True,302,0.6770495772361755,True,c12_correct
303,304,304_6.bmp,preprocessed_results\304\304_6.bmp,303,303,303,0.9340620040893555,235,0.006018286570906639,0.9280437175184488,303|235|617|249|616,0.93406200|0.00601829|0.00359967|0.00304626|0.00258297,1,0.9340620040893555,True,303,0.9340620040893555,True,303,0.5962857007980347,True,303,0.8218790292739868,True,303,0.8225775361061096,True,c12_correct
304,305,305_2.bmp,preprocessed_results\305\305_2.bmp,304,304,304,0.9818615913391113,50,0.0008660225430503488,0.980995568796061,304|50|188|326|95,0.98186159|0.00086602|0.00082306|0.00072238|0.00063545,1,0.9818615913391113,True,304,0.9818615913391113,True,304,0.764291524887085,True,304,0.8651877045631409,True,304,0.8464246988296509,True,c12_correct
305,306,306_6.bmp,preprocessed_results\306\306_6.bmp,305,305,305,0.5749080181121826,304,0.04021585360169411,0.5346921645104885,305|304|10|32|28,0.57490802|0.04021585|0.03601333|0.02757500|0.02308838,1,0.5749080181121826,True,305,0.5749080181121826,True,305,0.38261932134628296,True,305,0.7979332208633423,True,305,0.2887662649154663,True,c12_correct
306,307,307_7.bmp,preprocessed_results\307\307_7.bmp,306,306,306,0.965579628944397,307,0.0018643164075911045,0.9637153125368059,306|307|118|817|112,0.96557963|0.00186432|0.00141690|0.00127529|0.00108513,1,0.965579628944397,True,306,0.965579628944397,True,306,0.8926535248756409,True,306,0.8391762375831604,True,306,0.8505324721336365,True,c12_correct
307,308,308_9.bmp,preprocessed_results\308\308_9.bmp,307,307,307,0.9217395782470703,306,0.0037220462691038847,0.9180175319779664,307|306|263|274|119,0.92173958|0.00372205|0.00280216|0.00246253|0.00211261,1,0.9217395782470703,True,307,0.9217395782470703,True,307,0.8449850082397461,True,307,0.8386923670768738,True,307,0.8274281620979309,True,c12_correct
308,309,309_9.bmp,preprocessed_results\309\309_9.bmp,308,308,308,0.9262073636054993,309,0.004541375674307346,0.9216659879311919,308|309|410|84|0,0.92620736|0.00454138|0.00386135|0.00222670|0.00205906,1,0.9262073636054993,True,308,0.9262073636054993,True,308,0.7227191925048828,True,308,0.8334454894065857,True,308,0.8108764886856079,True,c12_correct
309,310,310_9.bmp,preprocessed_results\310\310_9.bmp,309,309,309,0.9477053284645081,179,0.001711603137664497,0.9459937253268436,309|179|724|308|101,0.94770533|0.00171160|0.00167875|0.00163686|0.00132203,1,0.9477053284645081,True,309,0.9477053284645081,True,309,0.8192331194877625,True,309,0.8189021348953247,True,309,0.777419924736023,True,c12_correct
310,311,311_9.bmp,preprocessed_results\311\311_9.bmp,310,310,310,0.7330239415168762,674,0.01817694865167141,0.7148469928652048,310|674|659|652|783,0.73302394|0.01817695|0.00808627|0.00786956|0.00719592,1,0.7330239415168762,True,310,0.7330239415168762,True,310,0.3805178105831146,True,310,0.7872028946876526,True,310,0.5297548770904541,True,c12_correct
311,312,312_7.bmp,preprocessed_results\312\312_7.bmp,311,311,311,0.800984263420105,675,0.013278258964419365,0.7877060044556856,311|675|193|274|129,0.80098426|0.01327826|0.00904923|0.00651492|0.00500609,1,0.800984263420105,True,311,0.800984263420105,True,311,0.8486864566802979,True,311,0.8067275285720825,True,311,0.8541154861450195,True,c12_correct
312,313,313_3.bmp,preprocessed_results\313\313_3.bmp,312,312,312,0.9504197239875793,12,0.002540020039305091,0.9478797039482743,312|12|622|340|330,0.95041972|0.00254002|0.00242135|0.00229747|0.00145460,1,0.9504197239875793,True,312,0.9504197239875793,True,312,0.8039668202400208,True,312,0.8282945156097412,True,312,0.8195515275001526,True,c12_correct
313,314,314_9.bmp,preprocessed_results\314\314_9.bmp,313,313,313,0.9410749077796936,206,0.002005398739129305,0.9390695090405643,313|206|724|317|239,0.94107491|0.00200540|0.00186758|0.00171179|0.00116003,1,0.9410749077796936,True,313,0.9410749077796936,True,313,0.6932271718978882,True,313,0.815483808517456,True,313,0.8201410174369812,True,c12_correct
314,315,315_5.bmp,preprocessed_results\315\315_5.bmp,314,314,314,0.9448674917221069,315,0.013321341946721077,0.9315461497753859,314|315|185|82|232,0.94486749|0.01332134|0.00205831|0.00178526|0.00146631,1,0.9448674917221069,True,314,0.9448674917221069,True,314,0.8028514385223389,True,314,0.8271735906600952,True,314,0.7651713490486145,True,c12_correct
315,316,316_1.bmp,preprocessed_results\316\316_1.bmp,315,315,315,0.9360174536705017,125,0.00497556384652853,0.9310418898239732,315|125|28|531|535,0.93601745|0.00497556|0.00354889|0.00288463|0.00189612,1,0.9360174536705017,True,315,0.9360174536705017,True,315,0.8353484272956848,True,315,0.8631104826927185,True,315,0.8702097535133362,True,c12_correct
316,317,317_6.bmp,preprocessed_results\317\317_6.bmp,316,316,316,0.957123339176178,60,0.002134735696017742,0.9549886034801602,316|60|4|238|260,0.95712334|0.00213474|0.00210443|0.00146739|0.00121397,1,0.957123339176178,True,316,0.957123339176178,True,316,0.8036032915115356,True,316,0.8215985298156738,True,316,0.8687023520469666,True,c12_correct
317,318,318_10.bmp,preprocessed_results\318\318_10.bmp,317,317,317,0.9502935409545898,323,0.008345811627805233,0.9419477293267846,317|323|64|340|150,0.95029354|0.00834581|0.00673296|0.00196788|0.00123913,1,0.9502935409545898,True,317,0.9502935409545898,True,317,0.6233959197998047,True,317,0.7890346646308899,True,317,0.6588646173477173,True,c12_correct
318,319,319_5.bmp,preprocessed_results\319\319_5.bmp,318,318,318,0.9184815883636475,162,0.004370988812297583,0.9141105995513499,318|162|17|136|733,0.91848159|0.00437099|0.00363234|0.00287666|0.00135774,1,0.9184815883636475,True,318,0.9184815883636475,True,318,0.8758119940757751,True,318,0.8465142250061035,True,318,0.825977623462677,True,c12_correct
319,320,320_1.bmp,preprocessed_results\320\320_1.bmp,319,319,319,0.7777324318885803,260,0.01782638393342495,0.7599060479551554,319|260|318|82|217,0.77773243|0.01782638|0.00860132|0.00397126|0.00386743,1,0.7777324318885803,True,319,0.7777324318885803,True,319,0.6944219470024109,True,319,0.8185691833496094,True,319,0.8090822696685791,True,c12_correct
320,321,321_8.bmp,preprocessed_results\321\321_8.bmp,320,320,320,0.48478570580482483,321,0.07948468625545502,0.4053010195493698,320|321|42|276|575,0.48478571|0.07948469|0.02120480|0.01670032|0.01242410,1,0.48478570580482483,True,320,0.48478570580482483,True,320,0.41550564765930176,True,320,0.7745705842971802,True,320,0.1909407377243042,True,c12_correct
321,322,322_2.bmp,preprocessed_results\322\322_2.bmp,321,321,321,0.4214218854904175,320,0.22382423281669617,0.1975976526737213,321|320|655|276|71,0.42142189|0.22382423|0.01367042|0.01352687|0.01306976,1,0.4214218854904175,True,321,0.4214218854904175,True,321,0.10646232962608337,True,321,0.2016560584306717,True,321,0.08975730836391449,True,c12_correct
322,323,323_6.bmp,preprocessed_results\323\323_6.bmp,322,322,322,0.9605626463890076,170,0.0028924117796123028,0.9576702346093953,322|170|527|799|528,0.96056265|0.00289241|0.00158439|0.00112960|0.00100583,1,0.9605626463890076,True,322,0.9605626463890076,True,322,0.3592623174190521,True,322,0.7716378569602966,True,322,0.6282961368560791,True,c12_correct
323,324,324_5.bmp,preprocessed_results\324\324_5.bmp,323,323,323,0.6982989311218262,416,0.03221585601568222,0.666083075106144,323|416|2|316|511,0.69829893|0.03221586|0.02828890|0.02140108|0.01389540,1,0.6982989311218262,True,323,0.6982989311218262,True,323,0.5006257891654968,True,323,0.8051959872245789,True,323,0.5609757900238037,True,c12_correct
324,325,325_9.bmp,preprocessed_results\325\325_9.bmp,324,324,324,0.6342525482177734,201,0.037741489708423615,0.5965110585093498,324|201|130|423|395,0.63425255|0.03774149|0.03730793|0.01740642|0.01312556,1,0.6342525482177734,True,324,0.6342525482177734,True,324,0.310334712266922,True,324,0.7866380214691162,True,324,0.4754652678966522,True,c12_correct
325,326,326_4.bmp,preprocessed_results\326\326_4.bmp,325,325,325,0.9397324323654175,522,0.0036891037598252296,0.9360433286055923,325|522|274|336|275,0.93973243|0.00368910|0.00304973|0.00291897|0.00283755,1,0.9397324323654175,True,325,0.9397324323654175,True,325,0.8391897082328796,True,325,0.8308422565460205,True,325,0.8266931772232056,True,c12_correct
326,327,327_5.bmp,preprocessed_results\327\327_5.bmp,326,326,326,0.5868462324142456,16,0.0314071886241436,0.555439043790102,326|16|603|136|32,0.58684623|0.03140719|0.02589429|0.01502365|0.00770481,1,0.5868462324142456,True,326,0.5868462324142456,True,326,0.6641405820846558,True,326,0.8102614879608154,True,326,0.6277344822883606,True,c12_correct
327,328,328_7.bmp,preprocessed_results\328\328_7.bmp,327,327,327,0.3463728129863739,241,0.03103160671889782,0.3153412062674761,327|241|259|163|647,0.34637281|0.03103161|0.02008885|0.01920739|0.01877876,1,0.3463728129863739,True,327,0.3463728129863739,True,327,0.08096951246261597,True,327,0.7444038391113281,True,327,0.5394582748413086,True,c12_correct
328,329,329_5.bmp,preprocessed_results\329\329_5.bmp,328,328,328,0.8490655422210693,10,0.015296543017029762,0.8337689992040396,328|10|329|58|202,0.84906554|0.01529654|0.01183317|0.00554382|0.00495355,1,0.8490655422210693,True,328,0.8490655422210693,True,328,0.6017061471939087,True,328,0.8068865537643433,True,328,0.732943058013916,True,c12_correct
329,330,330_6.bmp,preprocessed_results\330\330_6.bmp,329,329,329,0.9402639269828796,266,0.004460346885025501,0.9358035800978541,329|266|262|38|253,0.94026393|0.00446035|0.00321744|0.00205148|0.00190156,1,0.9402639269828796,True,329,0.9402639269828796,True,329,0.6605647802352905,True,329,0.8139509558677673,True,329,0.5688748955726624,True,c12_correct
330,331,331_7.bmp,preprocessed_results\331\331_7.bmp,330,330,330,0.9137391448020935,180,0.024235274642705917,0.8895038701593876,330|180|338|331|774,0.91373914|0.02423527|0.00400992|0.00240726|0.00233808,1,0.9137391448020935,True,330,0.9137391448020935,True,330,0.7909072041511536,True,330,0.823542594909668,True,330,0.7473279237747192,True,c12_correct
331,332,332_3.bmp,preprocessed_results\332\332_3.bmp,331,331,331,0.9417020082473755,279,0.007694666739553213,0.9340073415078223,331|279|101|52|128,0.94170201|0.00769467|0.00150477|0.00145226|0.00139202,1,0.9417020082473755,True,331,0.9417020082473755,True,331,0.7794360518455505,True,331,0.7931804060935974,True,331,0.7637822031974792,True,c12_correct
332,333,333_9.bmp,preprocessed_results\333\333_9.bmp,332,332,332,0.9413082599639893,479,0.003038497408851981,0.9382697625551373,332|479|535|63|98,0.94130826|0.00303850|0.00299183|0.00267739|0.00156798,1,0.9413082599639893,True,332,0.9413082599639893,True,332,0.504421055316925,True,332,0.8121078610420227,True,332,0.767697811126709,True,c12_correct
333,334,334_8.bmp,preprocessed_results\334\334_8.bmp,333,333,333,0.7877002358436584,332,0.04357798025012016,0.7441222555935383,333|332|183|171|773,0.78770024|0.04357798|0.00747704|0.00691094|0.00513675,1,0.7877002358436584,True,333,0.7877002358436584,True,333,0.2913348078727722,True,333,0.8001828193664551,True,333,0.3853820860385895,True,c12_correct
334,335,335_4.bmp,preprocessed_results\335\335_4.bmp,334,334,334,0.924769401550293,335,0.012516526505351067,0.9122528750449419,334|335|214|370|371,0.92476940|0.01251653|0.00493849|0.00198352|0.00172337,1,0.924769401550293,True,334,0.924769401550293,True,334,0.8308634757995605,True,334,0.8177525401115417,True,334,0.6939746141433716,True,c12_correct
335,336,336_9.bmp,preprocessed_results\336\336_9.bmp,335,335,335,0.8931825757026672,334,0.017300501465797424,0.8758820742368698,335|334|8|45|190,0.89318258|0.01730050|0.00247005|0.00228623|0.00209823,1,0.8931825757026672,True,335,0.8931825757026672,True,335,0.7048458456993103,True,335,0.7636817097663879,True,335,0.5654311776161194,True,c12_correct
336,337,337_8.bmp,preprocessed_results\337\337_8.bmp,336,336,336,0.7888949513435364,41,0.028172649443149567,0.7607223019003868,336|41|390|29|405,0.78889495|0.02817265|0.01043640|0.00601030|0.00532828,1,0.7888949513435364,True,336,0.7888949513435364,True,336,0.613970160484314,True,336,0.8274381756782532,True,336,0.6100314855575562,True,c12_correct
337,338,338_8.bmp,preprocessed_results\338\338_8.bmp,337,337,337,0.8717389702796936,336,0.016053056344389915,0.8556859139353037,337|336|303|333|706,0.87173897|0.01605306|0.00389100|0.00383452|0.00346349,1,0.8717389702796936,True,337,0.8717389702796936,True,337,0.7319801449775696,True,337,0.816789448261261,True,337,0.7970611453056335,True,c12_correct
338,339,339_2.bmp,preprocessed_results\339\339_2.bmp,338,338,338,0.923612117767334,233,0.003368222853168845,0.9202438949141651,338|233|172|590|738,0.92361212|0.00336822|0.00330059|0.00257708|0.00240777,1,0.923612117767334,True,338,0.923612117767334,True,338,0.8284817337989807,True,338,0.7798557281494141,True,338,0.8720651865005493,True,c12_correct
339,340,340_9.bmp,preprocessed_results\340\340_9.bmp,339,339,339,0.6737377643585205,746,0.01395096629858017,0.6597867980599403,339|746|257|49|647,0.67373776|0.01395097|0.00921307|0.00861885|0.00857916,1,0.6737377643585205,True,339,0.6737377643585205,True,339,0.7800619006156921,True,339,0.8263714909553528,True,339,0.8406185507774353,True,c12_correct
340,341,341_5.bmp,preprocessed_results\341\341_5.bmp,340,340,340,0.9713620543479919,146,0.0030161882750689983,0.968345866072923,340|146|794|330|798,0.97136205|0.00301619|0.00099141|0.00079069|0.00078187,1,0.9713620543479919,True,340,0.9713620543479919,True,340,0.9355489611625671,True,340,0.8285942077636719,True,340,0.809528648853302,True,c12_correct
341,342,342_5.bmp,preprocessed_results\342\342_5.bmp,341,341,341,0.8252960443496704,800,0.013506157323718071,0.8117898870259523,341|800|157|384|793,0.82529604|0.01350616|0.01249877|0.00642524|0.00428801,1,0.8252960443496704,True,341,0.8252960443496704,True,341,0.23000776767730713,True,341,0.7969291806221008,True,341,0.676072895526886,True,c12_correct
342,343,343_4.bmp,preprocessed_results\343\343_4.bmp,342,342,342,0.9382428526878357,350,0.0017508743330836296,0.9364919783547521,342|350|343|352|364,0.93824285|0.00175087|0.00160440|0.00155571|0.00153119,1,0.9382428526878357,True,342,0.9382428526878357,True,342,0.8359135389328003,True,342,0.8311133980751038,True,342,0.8589710593223572,True,c12_correct
343,344,344_7.bmp,preprocessed_results\344\344_7.bmp,343,343,343,0.16312289237976074,503,0.03363064303994179,0.12949224933981895,343|503|24|345|469,0.16312289|0.03363064|0.02377613|0.01940589|0.01908755,1,0.16312289237976074,True,343,0.16312289237976074,True,343,0.3310820162296295,True,343,0.647014319896698,True,343,0.28462186455726624,True,c12_correct
344,345,345_3.bmp,preprocessed_results\345\345_3.bmp,344,344,344,0.9619515538215637,515,0.004601311404258013,0.9573502424173057,344|515|396|319|80,0.96195155|0.00460131|0.00109790|0.00106295|0.00095934,1,0.9619515538215637,True,344,0.9619515538215637,True,344,0.8178269267082214,True,344,0.8154652714729309,True,344,0.8828286528587341,True,c12_correct
345,346,346_5.bmp,preprocessed_results\346\346_5.bmp,345,345,345,0.968940019607544,456,0.0036474696826189756,0.965292549924925,345|456|179|352|487,0.96894002|0.00364747|0.00089064|0.00085310|0.00061748,1,0.968940019607544,True,345,0.968940019607544,True,345,0.8786259889602661,True,345,0.8222123980522156,True,345,0.8011511564254761,True,c12_correct
346,347,347_10.bmp,preprocessed_results\347\347_10.bmp,346,346,346,0.9041900634765625,364,0.004862090572714806,0.8993279729038477,346|364|702|722|315,0.90419006|0.00486209|0.00354587|0.00326248|0.00308874,1,0.9041900634765625,True,346,0.9041900634765625,True,346,0.675952136516571,True,346,0.8474368453025818,True,346,0.7494010925292969,True,c12_correct
347,348,348_1.bmp,preprocessed_results\348\348_1.bmp,347,347,347,0.9394887685775757,346,0.004546598996967077,0.9349421695806086,347|346|335|473|45,0.93948877|0.00454660|0.00386570|0.00312559|0.00137178,1,0.9394887685775757,True,347,0.9394887685775757,True,347,0.8916627764701843,True,347,0.8317981958389282,True,347,0.7899946570396423,True,c12_correct
348,349,349_3.bmp,preprocessed_results\349\349_3.bmp,348,348,392,0.7643033862113953,348,0.019672337919473648,0.7446310482919216,392|348|325|429|393,0.76430339|0.01967234|0.01683130|0.00806619|0.00709517,2,0.019672337919473648,True,392,0.7643033862113953,False,348,0.05139249935746193,True,348,0.06953317672014236,True,348,0.07705648988485336,True,teacher_all_correct;true_in_top5
349,350,350_2.bmp,preprocessed_results\350\350_2.bmp,349,349,349,0.8151456117630005,266,0.02638142742216587,0.7887641843408346,349|266|395|348|301,0.81514561|0.02638143|0.00958060|0.00849718|0.00610332,1,0.8151456117630005,True,349,0.8151456117630005,True,349,0.8411916494369507,True,349,0.8387691974639893,True,349,0.882623016834259,True,c12_correct
350,351,351_9.bmp,preprocessed_results\351\351_9.bmp,350,350,350,0.915937066078186,556,0.006633121520280838,0.9093039445579052,350|556|342|412|469,0.91593707|0.00663312|0.00427192|0.00328159|0.00277948,1,0.915937066078186,True,350,0.915937066078186,True,350,0.8780113458633423,True,350,0.8518442511558533,True,350,0.7975200414657593,True,c12_correct
351,352,352_3.bmp,preprocessed_results\352\352_3.bmp,351,351,351,0.8978378772735596,510,0.0104451859369874,0.8873926913365722,351|510|342|508|557,0.89783788|0.01044519|0.00640767|0.00229749|0.00223423,1,0.8978378772735596,True,351,0.8978378772735596,True,351,0.8574929237365723,True,351,0.8305898904800415,True,351,0.8287941217422485,True,c12_correct
352,353,353_5.bmp,preprocessed_results\353\353_5.bmp,352,352,352,0.9528771042823792,178,0.0036747546400874853,0.9492023496422917,352|178|353|396|547,0.95287710|0.00367475|0.00258878|0.00229521|0.00134283,1,0.9528771042823792,True,352,0.9528771042823792,True,352,0.8175946474075317,True,352,0.8413774371147156,True,352,0.8154023289680481,True,c12_correct
353,354,354_1.bmp,preprocessed_results\354\354_1.bmp,353,353,353,0.21820877492427826,433,0.16262584924697876,0.0555829256772995,353|433|546|352|343,0.21820877|0.16262585|0.14593112|0.04718259|0.01793057,1,0.21820877492427826,True,353,0.21820877492427826,True,353,0.2764774262905121,True,353,0.555644154548645,True,353,0.2533957064151764,True,c12_correct
354,355,355_4.bmp,preprocessed_results\355\355_4.bmp,354,354,354,0.9306485056877136,35,0.003938134294003248,0.9267103713937104,354|35|563|394|181,0.93064851|0.00393813|0.00333577|0.00286518|0.00274747,1,0.9306485056877136,True,354,0.9306485056877136,True,354,0.822378933429718,True,354,0.8537753224372864,True,354,0.8701257109642029,True,c12_correct
355,356,356_8.bmp,preprocessed_results\356\356_8.bmp,355,355,355,0.9104921221733093,227,0.00729391211643815,0.9031982100568712,355|227|354|486|527,0.91049212|0.00729391|0.00538996|0.00463430|0.00342139,1,0.9104921221733093,True,355,0.9104921221733093,True,355,0.6106467247009277,True,355,0.8204054236412048,True,355,0.8268659710884094,True,c12_correct
356,357,357_7.bmp,preprocessed_results\357\357_7.bmp,356,356,356,0.8492337465286255,543,0.01089321356266737,0.8383405329659581,356|543|557|512|475,0.84923375|0.01089321|0.00601749|0.00374135|0.00313206,1,0.8492337465286255,True,356,0.8492337465286255,True,356,0.7409515976905823,True,356,0.8283064961433411,True,356,0.688817024230957,True,c12_correct
357,358,358_1.bmp,preprocessed_results\358\358_1.bmp,357,357,357,0.9238489866256714,363,0.0032373566646128893,0.9206116299610585,357|363|550|56|231,0.92384899|0.00323736|0.00208903|0.00181787|0.00139644,1,0.9238489866256714,True,357,0.9238489866256714,True,357,0.7662981748580933,True,357,0.8453443646430969,True,357,0.6619211435317993,True,c12_correct
358,359,359_10.bmp,preprocessed_results\359\359_10.bmp,358,358,358,0.8753037452697754,359,0.051749952137470245,0.8235537931323051,358|359|554|372|513,0.87530375|0.05174995|0.00291266|0.00212134|0.00187691,1,0.8753037452697754,True,358,0.8753037452697754,True,358,0.8303564786911011,True,358,0.8350566029548645,True,358,0.7469042539596558,True,c12_correct
359,360,360_2.bmp,preprocessed_results\360\360_2.bmp,359,359,359,0.9217634797096252,358,0.01318039558827877,0.9085830841213465,359|358|44|258|554,0.92176348|0.01318040|0.00665896|0.00319817|0.00179348,1,0.9217634797096252,True,359,0.9217634797096252,True,359,0.6284681558609009,True,359,0.8129370212554932,True,359,0.5059595108032227,True,c12_correct
360,361,361_3.bmp,preprocessed_results\361\361_3.bmp,360,360,360,0.7054750919342041,98,0.03194356709718704,0.6735315248370171,360|98|361|341|607,0.70547509|0.03194357|0.01314510|0.00609079|0.00440424,1,0.7054750919342041,True,360,0.7054750919342041,True,360,0.7583115100860596,True,360,0.818217396736145,True,360,0.7646821737289429,True,c12_correct
361,362,362_4.bmp,preprocessed_results\362\362_4.bmp,361,361,361,0.961932897567749,360,0.0033461677376180887,0.9585867298301309,361|360|459|98|116,0.96193290|0.00334617|0.00105815|0.00105404|0.00093977,1,0.961932897567749,True,361,0.961932897567749,True,361,0.8344733119010925,True,361,0.8251808881759644,True,361,0.868922233581543,True,c12_correct
362,363,363_5.bmp,preprocessed_results\363\363_5.bmp,362,362,362,0.9342691898345947,363,0.006236972287297249,0.9280322175472975,362|363|808|117|552,0.93426919|0.00623697|0.00400445|0.00385901|0.00166673,1,0.9342691898345947,True,362,0.9342691898345947,True,362,0.9076599478721619,True,362,0.8025630116462708,True,362,0.8394796848297119,True,c12_correct
363,364,364_1.bmp,preprocessed_results\364\364_1.bmp,363,363,363,0.6992131471633911,357,0.018826378509402275,0.6803867686539888,363|357|358|362|205,0.69921315|0.01882638|0.01752064|0.01018529|0.01000468,1,0.6992131471633911,True,363,0.6992131471633911,True,363,0.3553469181060791,True,363,0.7881960272789001,True,363,0.6281689405441284,True,c12_correct
364,365,365_7.bmp,preprocessed_results\365\365_7.bmp,364,364,364,0.926482617855072,376,0.002454753965139389,0.9240278638899326,364|376|434|374|402,0.92648262|0.00245475|0.00244934|0.00226148|0.00211463,1,0.926482617855072,True,364,0.926482617855072,True,364,0.8811852931976318,True,364,0.8194340467453003,True,364,0.7897982001304626,True,c12_correct
365,366,366_4.bmp,preprocessed_results\366\366_4.bmp,365,365,365,0.9000874757766724,63,0.004732987843453884,0.8953544879332185,365|63|395|385|191,0.90008748|0.00473299|0.00330857|0.00316886|0.00232412,1,0.9000874757766724,True,365,0.9000874757766724,True,365,0.8103225231170654,True,365,0.8556822538375854,True,365,0.856239378452301,True,c12_correct
366,367,367_3.bmp,preprocessed_results\367\367_3.bmp,366,366,366,0.9230151176452637,382,0.004509910941123962,0.9185052067041397,366|382|346|314|448,0.92301512|0.00450991|0.00212287|0.00165849|0.00145127,1,0.9230151176452637,True,366,0.9230151176452637,True,366,0.5558934211730957,True,366,0.8435027599334717,True,366,0.7370438575744629,True,c12_correct
367,368,368_3.bmp,preprocessed_results\368\368_3.bmp,367,367,367,0.9590025544166565,366,0.0022727246396243572,0.9567298297770321,367|366|487|100|383,0.95900255|0.00227272|0.00129072|0.00057041|0.00057007,1,0.9590025544166565,True,367,0.9590025544166565,True,367,0.8832902908325195,True,367,0.8485002517700195,True,367,0.8563825488090515,True,c12_correct
368,369,369_10.bmp,preprocessed_results\369\369_10.bmp,368,368,368,0.9610108733177185,369,0.003971953876316547,0.957038919441402,368|369|203|335|174,0.96101087|0.00397195|0.00262976|0.00164573|0.00112264,1,0.9610108733177185,True,368,0.9610108733177185,True,368,0.8311357498168945,True,368,0.8389531970024109,True,368,0.7574450969696045,True,c12_correct
369,370,370_7.bmp,preprocessed_results\370\370_7.bmp,369,369,369,0.947507917881012,368,0.0018968436634168029,0.9456110742175952,369|368|458|730|174,0.94750792|0.00189684|0.00182099|0.00176399|0.00127366,1,0.947507917881012,True,369,0.947507917881012,True,369,0.892685055732727,True,369,0.8368263244628906,True,369,0.8526294231414795,True,c12_correct
370,371,371_3.bmp,preprocessed_results\371\371_3.bmp,370,370,370,0.9416069984436035,78,0.005728390999138355,0.9358786074444652,370|78|462|248|517,0.94160700|0.00572839|0.00482157|0.00249569|0.00161470,1,0.9416069984436035,True,370,0.9416069984436035,True,370,0.7823209166526794,True,370,0.8408583402633667,True,370,0.863349437713623,True,c12_correct
371,372,372_3.bmp,preprocessed_results\372\372_3.bmp,371,371,371,0.8240746855735779,393,0.007716859690845013,0.8163578258827329,371|393|232|351|334,0.82407469|0.00771686|0.00666862|0.00638850|0.00603977,1,0.8240746855735779,True,371,0.8240746855735779,True,371,0.8163006901741028,True,371,0.8454236388206482,True,371,0.8162509202957153,True,c12_correct
372,373,373_1.bmp,preprocessed_results\373\373_1.bmp,372,372,372,0.9250367879867554,690,0.004060925915837288,0.9209758620709181,372|690|720|648|102,0.92503679|0.00406093|0.00198825|0.00151928|0.00135462,1,0.9250367879867554,True,372,0.9250367879867554,True,372,0.8237771391868591,True,372,0.8252207040786743,True,372,0.7975998520851135,True,c12_correct
373,374,374_8.bmp,preprocessed_results\374\374_8.bmp,373,373,373,0.9183611273765564,372,0.0029533044435083866,0.915407822933048,373|372|160|548|451,0.91836113|0.00295330|0.00197989|0.00188943|0.00177259,1,0.9183611273765564,True,373,0.9183611273765564,True,373,0.8778768181800842,True,373,0.842119574546814,True,373,0.799150288105011,True,c12_correct
374,375,375_3.bmp,preprocessed_results\375\375_3.bmp,374,374,374,0.9883219599723816,153,0.0012376017402857542,0.9870843582320958,374|153|376|375|156,0.98832196|0.00123760|0.00060528|0.00027871|0.00026308,1,0.9883219599723816,True,374,0.9883219599723816,True,374,0.7133087515830994,True,374,0.8285359144210815,True,374,0.858775794506073,True,c12_correct
375,376,376_8.bmp,preprocessed_results\376\376_8.bmp,375,375,375,0.534317672252655,374,0.04441139101982117,0.48990628123283386,375|374|615|367|377,0.53431767|0.04441139|0.03484992|0.01877273|0.01615296,1,0.534317672252655,True,375,0.534317672252655,True,375,0.15678776800632477,True,375,0.7917875051498413,True,375,0.3288825452327728,True,c12_correct
376,377,377_3.bmp,preprocessed_results\377\377_3.bmp,376,376,376,0.6655030846595764,141,0.03673823922872543,0.628764845430851,376|141|245|27|539,0.66550308|0.03673824|0.03126300|0.01754152|0.00732406,1,0.6655030846595764,True,376,0.6655030846595764,True,376,0.8329886198043823,True,376,0.8003675937652588,True,376,0.6278231143951416,True,c12_correct
377,378,378_4.bmp,preprocessed_results\378\378_4.bmp,377,377,377,0.9562535285949707,546,0.002607467584311962,0.9536460610106587,377|546|226|18|6,0.95625353|0.00260747|0.00172633|0.00122469|0.00103740,1,0.9562535285949707,True,377,0.9562535285949707,True,377,0.7480230331420898,True,377,0.8133232593536377,True,377,0.6568224430084229,True,c12_correct
378,379,379_2.bmp,preprocessed_results\379\379_2.bmp,378,378,378,0.8726565837860107,178,0.010010305792093277,0.8626462779939175,378|178|165|188|379,0.87265658|0.01001031|0.00503559|0.00435262|0.00416339,1,0.8726565837860107,True,378,0.8726565837860107,True,378,0.4278271794319153,True,378,0.7720738053321838,True,378,0.6804508566856384,True,c12_correct
379,380,380_4.bmp,preprocessed_results\380\380_4.bmp,379,379,379,0.9258288145065308,497,0.005525956396013498,0.9203028581105173,379|497|485|423|202,0.92582881|0.00552596|0.00368530|0.00326287|0.00320860,1,0.9258288145065308,True,379,0.9258288145065308,True,379,0.8471320867538452,True,379,0.8378275632858276,True,379,0.8011637926101685,True,c12_correct
380,381,381_9.bmp,preprocessed_results\381\381_9.bmp,380,380,380,0.8181049823760986,453,0.006254015490412712,0.8118509668856859,380|453|468|218|452,0.81810498|0.00625402|0.00605697|0.00533733|0.00495637,1,0.8181049823760986,True,380,0.8181049823760986,True,380,0.6941123008728027,True,380,0.8252941370010376,True,380,0.6801044940948486,True,c12_correct
381,382,382_5.bmp,preprocessed_results\382\382_5.bmp,381,381,381,0.9733257293701172,464,0.0011118680704385042,0.9722138612996787,381|464|316|446|461,0.97332573|0.00111187|0.00080533|0.00051318|0.00043254,1,0.9733257293701172,True,381,0.9733257293701172,True,381,0.9052135944366455,True,381,0.8312296867370605,True,381,0.8911692500114441,True,c12_correct
382,383,383_7.bmp,preprocessed_results\383\383_7.bmp,382,382,382,0.6258944272994995,448,0.025928083807229996,0.5999663434922695,382|448|226|535|412,0.62589443|0.02592808|0.02488755|0.01251559|0.00912570,1,0.6258944272994995,True,382,0.6258944272994995,True,382,0.5502936244010925,True,382,0.7703027725219727,True,382,0.5199201703071594,True,c12_correct
383,384,384_1.bmp,preprocessed_results\384\384_1.bmp,383,383,383,0.7771008610725403,202,0.025286270305514336,0.751814590767026,383|202|94|203|22,0.77710086|0.02528627|0.00987618|0.00793395|0.00764056,1,0.7771008610725403,True,383,0.7771008610725403,True,383,0.31814223527908325,True,383,0.7797489762306213,True,383,0.5572812557220459,True,c12_correct
384,385,385_10.bmp,preprocessed_results\385\385_10.bmp,384,384,384,0.7214682698249817,385,0.011535226367413998,0.7099330434575677,384|385|4|456|32,0.72146827|0.01153523|0.00990025|0.00972019|0.00467135,1,0.7214682698249817,True,384,0.7214682698249817,True,384,0.3037925362586975,True,384,0.774836003780365,True,384,0.6627215147018433,True,c12_correct
385,386,386_10.bmp,preprocessed_results\386\386_10.bmp,385,385,385,0.9438275694847107,384,0.00471173319965601,0.9391158362850547,385|384|502|382|492,0.94382757|0.00471173|0.00358696|0.00094579|0.00093510,1,0.9438275694847107,True,385,0.9438275694847107,True,385,0.8061366677284241,True,385,0.8334371447563171,True,385,0.8550474643707275,True,c12_correct
386,387,387_7.bmp,preprocessed_results\387\387_7.bmp,386,386,386,0.9527100324630737,387,0.002948357490822673,0.9497616749722511,386|387|474|543|599,0.95271003|0.00294836|0.00145839|0.00098582|0.00079906,1,0.9527100324630737,True,386,0.9527100324630737,True,386,0.9161335229873657,True,386,0.8424725532531738,True,386,0.847882866859436,True,c12_correct
387,388,388_4.bmp,preprocessed_results\388\388_4.bmp,387,387,387,0.9480035901069641,452,0.0016512541333213449,0.9463523359736428,387|452|134|300|95,0.94800359|0.00165125|0.00144489|0.00134932|0.00106013,1,0.9480035901069641,True,387,0.9480035901069641,True,387,0.908347487449646,True,387,0.8003862500190735,True,387,0.8443091511726379,True,c12_correct
388,389,389_7.bmp,preprocessed_results\389\389_7.bmp,388,388,388,0.8825708031654358,507,0.00515275914222002,0.8774180440232158,388|507|5|95|725,0.88257080|0.00515276|0.00283504|0.00251001|0.00172766,1,0.8825708031654358,True,388,0.8825708031654358,True,388,0.7104275226593018,True,388,0.8495438098907471,True,388,0.7035365104675293,True,c12_correct
389,390,390_3.bmp,preprocessed_results\390\390_3.bmp,389,389,389,0.9762162566184998,178,0.0034343465231359005,0.9727819100953639,389|178|26|149|119,0.97621626|0.00343435|0.00077469|0.00054880|0.00048233,1,0.9762162566184998,True,389,0.9762162566184998,True,389,0.8872882127761841,True,389,0.8385114073753357,True,389,0.8760157823562622,True,c12_correct
390,391,391_7.bmp,preprocessed_results\391\391_7.bmp,390,390,390,0.9210444688796997,336,0.004722722806036472,0.9163217460736632,390|336|19|29|428,0.92104447|0.00472272|0.00293961|0.00240284|0.00190499,1,0.9210444688796997,True,390,0.9210444688796997,True,390,0.8213221430778503,True,390,0.848007321357727,True,390,0.8881559371948242,True,c12_correct
391,392,392_2.bmp,preprocessed_results\392\392_2.bmp,391,391,391,0.920166015625,429,0.005415018182247877,0.9147509974427521,391|429|133|50|406,0.92016602|0.00541502|0.00437559|0.00414171|0.00354686,1,0.920166015625,True,391,0.920166015625,True,391,0.6365172863006592,True,391,0.836934506893158,True,391,0.8515275120735168,True,c12_correct
392,393,393_8.bmp,preprocessed_results\393\393_8.bmp,392,392,392,0.8582494854927063,289,0.006462418474256992,0.8517870670184493,392|289|529|498|267,0.85824949|0.00646242|0.00428672|0.00366531|0.00326662,1,0.8582494854927063,True,392,0.8582494854927063,True,392,0.5194188952445984,True,392,0.8234752416610718,True,392,0.5370354056358337,True,c12_correct
393,394,394_3.bmp,preprocessed_results\394\394_3.bmp,393,393,393,0.9178853034973145,473,0.004645447246730328,0.9132398562505841,393|473|176|763|377,0.91788530|0.00464545|0.00396197|0.00268896|0.00178617,1,0.9178853034973145,True,393,0.9178853034973145,True,393,0.7049318552017212,True,393,0.8134331107139587,True,393,0.7944087982177734,True,c12_correct
394,395,395_5.bmp,preprocessed_results\395\395_5.bmp,394,394,394,0.938791811466217,496,0.005205916240811348,0.9335858952254057,394|496|173|354|395,0.93879181|0.00520592|0.00277148|0.00227595|0.00192539,1,0.938791811466217,True,394,0.938791811466217,True,394,0.830297589302063,True,394,0.8526662588119507,True,394,0.8303137421607971,True,c12_correct
395,396,396_2.bmp,preprocessed_results\396\396_2.bmp,395,395,395,0.9491958022117615,375,0.0017506848089396954,0.9474451174028218,395|375|365|306|394,0.94919580|0.00175068|0.00131554|0.00093631|0.00093305,1,0.9491958022117615,True,395,0.9491958022117615,True,395,0.848617672920227,True,395,0.8385721445083618,True,395,0.8658705949783325,True,c12_correct
396,397,397_1.bmp,preprocessed_results\397\397_1.bmp,396,396,396,0.944827675819397,448,0.002602859167382121,0.9422248166520149,396|448|460|453|440,0.94482768|0.00260286|0.00112755|0.00107829|0.00101008,1,0.944827675819397,True,396,0.944827675819397,True,396,0.9139247536659241,True,396,0.8464984893798828,True,396,0.8796849846839905,True,c12_correct
397,398,398_1.bmp,preprocessed_results\398\398_1.bmp,397,397,397,0.8839969635009766,396,0.04152914136648178,0.8424678221344948,397|396|332|56|356,0.88399696|0.04152914|0.00284381|0.00281492|0.00262416,1,0.8839969635009766,True,397,0.8839969635009766,True,397,0.6681879758834839,True,397,0.8119211196899414,True,397,0.7160138487815857,True,c12_correct
398,399,399_6.bmp,preprocessed_results\399\399_6.bmp,398,398,398,0.9471874833106995,498,0.002943621017038822,0.9442438622936606,398|498|545|399|236,0.94718748|0.00294362|0.00271320|0.00191951|0.00137666,1,0.9471874833106995,True,398,0.9471874833106995,True,398,0.8623167872428894,True,398,0.8174144625663757,True,398,0.8503283262252808,True,c12_correct
399,400,400_7.bmp,preprocessed_results\400\400_7.bmp,399,399,399,0.9161703586578369,293,0.0111002242192626,0.9050701344385743,399|293|398|444|498,0.91617036|0.01110022|0.00604083|0.00209268|0.00178182,1,0.9161703586578369,True,399,0.9161703586578369,True,399,0.8126164674758911,True,399,0.802280068397522,True,399,0.7908414602279663,True,c12_correct
400,401,401_6.bmp,preprocessed_results\401\401_6.bmp,400,400,400,0.7994449734687805,361,0.016187455505132675,0.7832575179636478,400|361|453|40|468,0.79944497|0.01618746|0.00852715|0.00645631|0.00621778,1,0.7994449734687805,True,400,0.7994449734687805,True,400,0.4864318072795868,True,400,0.8256038427352905,True,400,0.5878109335899353,True,c12_correct
401,402,402_2.bmp,preprocessed_results\402\402_2.bmp,401,401,401,0.23153524100780487,40,0.07390715926885605,0.15762808173894882,401|40|414|299|409,0.23153524|0.07390716|0.05951454|0.02403685|0.02207701,1,0.23153524100780487,True,401,0.23153524100780487,True,401,0.13911888003349304,True,401,0.759295642375946,True,401,0.2681601047515869,True,c12_correct
402,403,403_10.bmp,preprocessed_results\403\403_10.bmp,402,402,402,0.4459870457649231,403,0.034916892647743225,0.41107015311717987,402|403|364|234|298,0.44598705|0.03491689|0.01598663|0.01181494|0.01165204,1,0.4459870457649231,True,402,0.4459870457649231,True,402,0.4223253130912781,True,402,0.8581081628799438,True,402,0.775801420211792,True,c12_correct
403,404,404_4.bmp,preprocessed_results\404\404_4.bmp,403,403,403,0.9125677347183228,402,0.006125497631728649,0.9064422370865941,403|402|292|406|386,0.91256773|0.00612550|0.00235939|0.00206828|0.00192878,1,0.9125677347183228,True,403,0.9125677347183228,True,403,0.9121338725090027,True,403,0.8454281687736511,True,403,0.7743913531303406,True,c12_correct
404,405,405_1.bmp,preprocessed_results\405\405_1.bmp,404,404,404,0.8234574794769287,235,0.019151611253619194,0.8043058682233095,404|235|234|376|406,0.82345748|0.01915161|0.00841359|0.00814955|0.00610886,1,0.8234574794769287,True,404,0.8234574794769287,True,404,0.5287154316902161,True,404,0.7869118452072144,True,404,0.3238120675086975,True,c12_correct
405,406,406_5.bmp,preprocessed_results\406\406_5.bmp,405,405,405,0.945720374584198,404,0.009905267506837845,0.9358151070773602,405|404|523|415|336,0.94572037|0.00990527|0.00184288|0.00119381|0.00085808,1,0.945720374584198,True,405,0.945720374584198,True,405,0.833754301071167,True,405,0.8363074064254761,True,405,0.8961847424507141,True,c12_correct
406,407,407_10.bmp,preprocessed_results\407\407_10.bmp,406,406,406,0.9626245498657227,407,0.0028503823559731245,0.9597741675097495,406|407|165|523|164,0.96262455|0.00285038|0.00228222|0.00127260|0.00067303,1,0.9626245498657227,True,406,0.9626245498657227,True,406,0.9067416787147522,True,406,0.7969353199005127,True,406,0.8354146480560303,True,c12_correct
407,408,408_2.bmp,preprocessed_results\408\408_2.bmp,407,407,407,0.9756633639335632,54,0.005687160417437553,0.9699762035161257,407|54|141|406|723,0.97566336|0.00568716|0.00084885|0.00081121|0.00071282,1,0.9756633639335632,True,407,0.9756633639335632,True,407,0.9253193140029907,True,407,0.8108774423599243,True,407,0.874504029750824,True,c12_correct
408,409,409_1.bmp,preprocessed_results\409\409_1.bmp,408,408,408,0.9643731117248535,200,0.001970952609553933,0.9624021591152996,408|200|346|59|95,0.96437311|0.00197095|0.00140372|0.00122227|0.00113503,1,0.9643731117248535,True,408,0.9643731117248535,True,408,0.8587311506271362,True,408,0.8448264598846436,True,408,0.7911651730537415,True,c12_correct
409,410,410_3.bmp,preprocessed_results\410\410_3.bmp,409,409,409,0.640191376209259,403,0.030427074059844017,0.609764302149415,409|403|9|8|349,0.64019138|0.03042707|0.01241429|0.00896755|0.00717063,1,0.640191376209259,True,409,0.640191376209259,True,409,0.6187589764595032,True,409,0.7896389961242676,True,409,0.5626306533813477,True,c12_correct
410,411,411_4.bmp,preprocessed_results\411\411_4.bmp,410,410,410,0.9744687676429749,411,0.0027155140414834023,0.9717532536014915,410|411|782|46|308,0.97446877|0.00271551|0.00113841|0.00088971|0.00071943,1,0.9744687676429749,True,410,0.9744687676429749,True,410,0.8469293117523193,True,410,0.8406693935394287,True,410,0.86758953332901,True,c12_correct
411,412,412_5.bmp,preprocessed_results\412\412_5.bmp,411,411,411,0.9324651956558228,410,0.015119438990950584,0.9173457566648722,411|410|16|138|770,0.93246520|0.01511944|0.00360259|0.00157393|0.00114536,1,0.9324651956558228,True,411,0.9324651956558228,True,411,0.7994868159294128,True,411,0.8317533731460571,True,411,0.8302191495895386,True,c12_correct
412,413,413_1.bmp,preprocessed_results\413\413_1.bmp,412,412,412,0.8006470203399658,413,0.00802568905055523,0.7926213312894106,412|413|156|178|226,0.80064702|0.00802569|0.00655645|0.00525824|0.00440572,1,0.8006470203399658,True,412,0.8006470203399658,True,412,0.27554649114608765,True,412,0.7844807505607605,True,412,0.49109575152397156,True,c12_correct
413,414,414_6.bmp,preprocessed_results\414\414_6.bmp,413,413,413,0.9690974354743958,412,0.001490749535150826,0.9676066859392449,413|412|379|202|514,0.96909744|0.00149075|0.00090905|0.00066124|0.00057372,1,0.9690974354743958,True,413,0.9690974354743958,True,413,0.8799477815628052,True,413,0.8400689959526062,True,413,0.8653119802474976,True,c12_correct
414,415,415_6.bmp,preprocessed_results\415\415_6.bmp,414,414,414,0.9096951484680176,717,0.006138550583273172,0.9035565978847444,414|717|234|434|27,0.90969515|0.00613855|0.00556982|0.00377741|0.00298457,1,0.9096951484680176,True,414,0.9096951484680176,True,414,0.690808892250061,True,414,0.8280960321426392,True,414,0.8324770927429199,True,c12_correct
415,416,416_3.bmp,preprocessed_results\416\416_3.bmp,415,415,415,0.8464731574058533,184,0.012870537117123604,0.8336026202887297,415|184|375|367|247,0.84647316|0.01287054|0.01087980|0.00711002|0.00469551,1,0.8464731574058533,True,415,0.8464731574058533,True,415,0.2438715249300003,True,415,0.7937860488891602,True,415,0.4754919409751892,True,c12_correct
416,417,417_8.bmp,preprocessed_results\417\417_8.bmp,416,416,416,0.94864821434021,519,0.003647350240498781,0.9450008640997112,416|519|301|323|417,0.94864821|0.00364735|0.00301623|0.00181891|0.00153189,1,0.94864821434021,True,416,0.94864821434021,True,416,0.8700920343399048,True,416,0.8211844563484192,True,416,0.8290951251983643,True,c12_correct
417,418,418_9.bmp,preprocessed_results\418\418_9.bmp,417,417,417,0.9365248680114746,416,0.005162297748029232,0.9313625702634454,417|416|228|427|546,0.93652487|0.00516230|0.00181180|0.00177226|0.00174058,1,0.9365248680114746,True,417,0.9365248680114746,True,417,0.891620934009552,True,417,0.8391908407211304,True,417,0.8393221497535706,True,c12_correct
418,419,419_10.bmp,preprocessed_results\419\419_10.bmp,418,418,418,0.9448050856590271,419,0.0023783347569406033,0.9424267509020865,418|419|394|659|398,0.94480509|0.00237833|0.00166451|0.00141923|0.00138113,1,0.9448050856590271,True,418,0.9448050856590271,True,418,0.8131977319717407,True,418,0.8364100456237793,True,418,0.7852705717086792,True,c12_correct
419,420,420_10.bmp,preprocessed_results\420\420_10.bmp,419,419,419,0.8275939226150513,418,0.007959935814142227,0.819633986800909,419|418|459|491|507,0.82759392|0.00795994|0.00541927|0.00488185|0.00363570,1,0.8275939226150513,True,419,0.8275939226150513,True,419,0.7821871042251587,True,419,0.8454174995422363,True,419,0.7650594115257263,True,c12_correct
420,421,421_10.bmp,preprocessed_results\421\421_10.bmp,420,420,420,0.80191969871521,798,0.008543255738914013,0.793376442976296,420|798|237|165|421,0.80191970|0.00854326|0.00601056|0.00444762|0.00427302,1,0.80191969871521,True,420,0.80191969871521,True,420,0.8017114400863647,True,420,0.7928467988967896,True,420,0.73836749792099,True,c12_correct
421,422,422_10.bmp,preprocessed_results\422\422_10.bmp,421,421,421,0.830609917640686,544,0.007904930040240288,0.8227049876004457,421|544|420|455|443,0.83060992|0.00790493|0.00664550|0.00467953|0.00464404,1,0.830609917640686,True,421,0.830609917640686,True,421,0.48841598629951477,True,421,0.8112139105796814,True,421,0.6844539642333984,True,c12_correct
422,423,423_4.bmp,preprocessed_results\423\423_4.bmp,422,422,422,0.9392985105514526,423,0.003710484365001321,0.9355880261864513,422|423|535|374|185,0.93929851|0.00371048|0.00204087|0.00186664|0.00120771,1,0.9392985105514526,True,422,0.9392985105514526,True,422,0.9248849749565125,True,422,0.8451526165008545,True,422,0.8530077338218689,True,c12_correct
423,424,424_1.bmp,preprocessed_results\424\424_1.bmp,423,423,423,0.5391398668289185,392,0.02060524746775627,0.5185346193611622,423|392|472|226|422,0.53913987|0.02060525|0.01988420|0.01311010|0.01264315,1,0.5391398668289185,True,423,0.5391398668289185,True,423,0.3396140933036804,True,423,0.7819032669067383,True,423,0.4309881329536438,True,c12_correct
424,425,425_5.bmp,preprocessed_results\425\425_5.bmp,424,424,424,0.9447082877159119,499,0.002143670804798603,0.9425646169111133,424|499|425|398|1,0.94470829|0.00214367|0.00189367|0.00149536|0.00094185,1,0.9447082877159119,True,424,0.9447082877159119,True,424,0.9133528470993042,True,424,0.8522358536720276,True,424,0.8695542216300964,True,c12_correct
425,426,426_4.bmp,preprocessed_results\426\426_4.bmp,425,425,425,0.9189308285713196,424,0.0025794957764446735,0.9163513327948749,425|424|831|431|13,0.91893083|0.00257950|0.00216536|0.00194320|0.00170756,1,0.9189308285713196,True,425,0.9189308285713196,True,425,0.9030925631523132,True,425,0.8392125964164734,True,425,0.8846896886825562,True,c12_correct
426,427,427_7.bmp,preprocessed_results\427\427_7.bmp,426,426,426,0.9434366226196289,519,0.0017292131669819355,0.941707409452647,426|519|453|545|502,0.94343662|0.00172921|0.00166430|0.00160453|0.00157041,1,0.9434366226196289,True,426,0.9434366226196289,True,426,0.8991060256958008,True,426,0.8334020972251892,True,426,0.8852187991142273,True,c12_correct
427,428,428_3.bmp,preprocessed_results\428\428_3.bmp,427,427,427,0.9572873711585999,66,0.0012664911337196827,0.9560208800248802,427|66|508|417|387,0.95728737|0.00126649|0.00103487|0.00092011|0.00075346,1,0.9572873711585999,True,427,0.9572873711585999,True,427,0.8526126146316528,True,427,0.8335573673248291,True,427,0.8391363620758057,True,c12_correct
428,429,429_10.bmp,preprocessed_results\429\429_10.bmp,428,428,428,0.9283977150917053,519,0.002765640849247575,0.9256320742424577,428|519|663|499|777,0.92839772|0.00276564|0.00267242|0.00158733|0.00135905,1,0.9283977150917053,True,428,0.9283977150917053,True,428,0.8744204044342041,True,428,0.8407467603683472,True,428,0.805730402469635,True,c12_correct
429,430,430_3.bmp,preprocessed_results\430\430_3.bmp,429,429,429,0.9584775567054749,428,0.0020995584782212973,0.9563779982272536,429|428|391|546|15,0.95847756|0.00209956|0.00164820|0.00133381|0.00078577,1,0.9584775567054749,True,429,0.9584775567054749,True,429,0.855950653553009,True,429,0.848420262336731,True,429,0.8118656873703003,True,c12_correct
430,431,431_4.bmp,preprocessed_results\431\431_4.bmp,430,430,430,0.9749246835708618,398,0.005813227035105228,0.9691114565357566,430|398|431|187|150,0.97492468|0.00581323|0.00188583|0.00090605|0.00046780,1,0.9749246835708618,True,430,0.9749246835708618,True,430,0.8141841292381287,True,430,0.8278679847717285,True,430,0.8163642287254333,True,c12_correct
431,432,432_7.bmp,preprocessed_results\432\432_7.bmp,431,431,431,0.9487445950508118,430,0.001444377820007503,0.9473002172308043,431|430|207|316|128,0.94874460|0.00144438|0.00100802|0.00087507|0.00080076,1,0.9487445950508118,True,431,0.9487445950508118,True,431,0.8850045204162598,True,431,0.8097748160362244,True,431,0.8338109254837036,True,c12_correct
432,433,433_4.bmp,preprocessed_results\433\433_4.bmp,432,432,432,0.9119588732719421,433,0.0041163619607687,0.9078425113111734,432|433|485|184|144,0.91195887|0.00411636|0.00407857|0.00302677|0.00245834,1,0.9119588732719421,True,432,0.9119588732719421,True,432,0.7560624480247498,True,432,0.7653794288635254,True,432,0.8538130521774292,True,c12_correct
433,434,434_3.bmp,preprocessed_results\434\434_3.bmp,433,433,433,0.9325961470603943,432,0.0072758737951517105,0.9253202732652426,433|432|353|546|301,0.93259615|0.00727587|0.00247062|0.00199748|0.00182469,1,0.9325961470603943,True,433,0.9325961470603943,True,433,0.8646385073661804,True,433,0.8368082046508789,True,433,0.8246939778327942,True,c12_correct
434,435,435_7.bmp,preprocessed_results\435\435_7.bmp,434,434,434,0.9783121347427368,277,0.0012144484790042043,0.9770976862637326,434|277|470|52|639,0.97831213|0.00121445|0.00100554|0.00081811|0.00049977,1,0.9783121347427368,True,434,0.9783121347427368,True,434,0.8219753503799438,True,434,0.8228733539581299,True,434,0.7497440576553345,True,c12_correct
435,436,436_4.bmp,preprocessed_results\436\436_4.bmp,435,435,435,0.9615353941917419,558,0.0025699634570628405,0.9589654307346791,435|558|434|463|554,0.96153539|0.00256996|0.00206701|0.00086602|0.00076121,1,0.9615353941917419,True,435,0.9615353941917419,True,435,0.6084012985229492,True,435,0.8273805379867554,True,435,0.8244805335998535,True,c12_correct
436,437,437_4.bmp,preprocessed_results\437\437_4.bmp,436,436,436,0.9450374841690063,532,0.003310329746454954,0.9417271544225514,436|532|450|250|440,0.94503748|0.00331033|0.00314426|0.00288825|0.00133368,1,0.9450374841690063,True,436,0.9450374841690063,True,436,0.8275806903839111,True,436,0.7984253764152527,True,436,0.8134279847145081,True,c12_correct
437,438,438_4.bmp,preprocessed_results\438\438_4.bmp,437,437,437,0.9092835187911987,611,0.005296747200191021,0.9039867715910077,437|611|413|294|238,0.90928352|0.00529675|0.00420082|0.00408665|0.00263955,1,0.9092835187911987,True,437,0.9092835187911987,True,437,0.8375970125198364,True,437,0.8146589398384094,True,437,0.771968424320221,True,c12_correct
438,439,439_4.bmp,preprocessed_results\439\439_4.bmp,438,438,438,0.9311489462852478,145,0.005405882373452187,0.9257430639117956,438|145|185|116|117,0.93114895|0.00540588|0.00377111|0.00205654|0.00161392,1,0.9311489462852478,True,438,0.9311489462852478,True,438,0.5931490659713745,True,438,0.8085972666740417,True,438,0.7763228416442871,True,c12_correct
439,440,440_2.bmp,preprocessed_results\440\440_2.bmp,439,439,439,0.9479502439498901,247,0.002971445443108678,0.9449787985067815,439|247|438|505|494,0.94795024|0.00297145|0.00174837|0.00102010|0.00087130,1,0.9479502439498901,True,439,0.9479502439498901,True,439,0.8011302947998047,True,439,0.8216367363929749,True,439,0.7732090950012207,True,c12_correct
440,441,441_9.bmp,preprocessed_results\441\441_9.bmp,440,440,440,0.6146926283836365,372,0.052154555916786194,0.5625380724668503,440|372|43|77|96,0.61469263|0.05215456|0.02353515|0.02307974|0.01519850,1,0.6146926283836365,True,440,0.6146926283836365,True,440,0.6834114789962769,True,440,0.7999699115753174,True,440,0.521472692489624,True,c12_correct
441,442,442_8.bmp,preprocessed_results\442\442_8.bmp,441,441,441,0.888770580291748,295,0.02537798136472702,0.863392598927021,441|295|335|453|259,0.88877058|0.02537798|0.00400395|0.00273541|0.00243595,1,0.888770580291748,True,441,0.888770580291748,True,441,0.8880318403244019,True,441,0.8478755950927734,True,441,0.8672533631324768,True,c12_correct
442,443,443_7.bmp,preprocessed_results\443\443_7.bmp,442,442,442,0.9445424675941467,314,0.0016661768313497305,0.942876290762797,442|314|430|443|22,0.94454247|0.00166618|0.00146143|0.00132454|0.00118335,1,0.9445424675941467,True,442,0.9445424675941467,True,442,0.8943262696266174,True,442,0.8451249599456787,True,442,0.8594251871109009,True,c12_correct
443,444,444_3.bmp,preprocessed_results\444\444_3.bmp,443,443,443,0.923490583896637,463,0.0032185327727347612,0.9202720511239022,443|463|442|674|498,0.92349058|0.00321853|0.00227578|0.00208957|0.00199553,1,0.923490583896637,True,443,0.923490583896637,True,443,0.8580949306488037,True,443,0.8210931420326233,True,443,0.8607308268547058,True,c12_correct
444,445,445_9.bmp,preprocessed_results\445\445_9.bmp,444,444,444,0.9474902749061584,509,0.0028990600258111954,0.9445912148803473,444|509|446|521|351,0.94749027|0.00289906|0.00188308|0.00174821|0.00145162,1,0.9474902749061584,True,444,0.9474902749061584,True,444,0.8689219355583191,True,444,0.8448366522789001,True,444,0.8411538004875183,True,c12_correct
445,446,446_7.bmp,preprocessed_results\446\446_7.bmp,445,445,445,0.9703208208084106,486,0.00198212917894125,0.9683386916294694,445|486|74|32|464,0.97032082|0.00198213|0.00106041|0.00088498|0.00080815,1,0.9703208208084106,True,445,0.9703208208084106,True,445,0.9187013506889343,True,445,0.8314332962036133,True,445,0.8662471771240234,True,c12_correct
446,447,447_2.bmp,preprocessed_results\447\447_2.bmp,446,446,446,0.8917916417121887,245,0.007454609498381615,0.8843370322138071,446|245|434|351|279,0.89179164|0.00745461|0.00607338|0.00261593|0.00253250,1,0.8917916417121887,True,446,0.8917916417121887,True,446,0.7627747654914856,True,446,0.8126873970031738,True,446,0.594318687915802,True,c12_correct
447,448,448_2.bmp,preprocessed_results\448\448_2.bmp,447,447,447,0.9418837428092957,332,0.0024125080090016127,0.939471234800294,447|332|497|383|471,0.94188374|0.00241251|0.00223389|0.00121737|0.00113380,1,0.9418837428092957,True,447,0.9418837428092957,True,447,0.8598167896270752,True,447,0.8205518126487732,True,447,0.8293733596801758,True,c12_correct
448,449,449_1.bmp,preprocessed_results\449\449_1.bmp,448,448,448,0.5044505000114441,396,0.03833881393074989,0.4661116860806942,448|396|482|468|422,0.50445050|0.03833881|0.02438802|0.00997607|0.00855054,1,0.5044505000114441,True,448,0.5044505000114441,True,448,0.38993149995803833,True,448,0.77523273229599,True,448,0.4614828824996948,True,c12_correct
449,450,450_2.bmp,preprocessed_results\450\450_2.bmp,449,449,449,0.9053218364715576,416,0.004857740830630064,0.9004640956409276,449|416|345|215|165,0.90532184|0.00485774|0.00338234|0.00311502|0.00245840,1,0.9053218364715576,True,449,0.9053218364715576,True,449,0.8688580989837646,True,449,0.8256469964981079,True,449,0.836574137210846,True,c12_correct
450,451,451_8.bmp,preprocessed_results\451\451_8.bmp,450,450,450,0.7369334101676941,300,0.008537561632692814,0.7283958485350013,450|300|451|440|400,0.73693341|0.00853756|0.00780030|0.00731612|0.00677590,1,0.7369334101676941,True,450,0.7369334101676941,True,450,0.7412509322166443,True,450,0.8221929669380188,True,450,0.7111970782279968,True,c12_correct
451,452,452_3.bmp,preprocessed_results\452\452_3.bmp,451,451,451,0.8760234713554382,477,0.04406494274735451,0.8319585286080837,451|477|484|102|126,0.87602347|0.04406494|0.00672566|0.00250095|0.00211541,1,0.8760234713554382,True,451,0.8760234713554382,True,451,0.7373565435409546,True,451,0.8133565187454224,True,451,0.6878321170806885,True,c12_correct
452,453,453_2.bmp,preprocessed_results\453\453_2.bmp,452,452,452,0.94701087474823,453,0.012184091843664646,0.9348267829045653,452|453|471|559|451,0.94701087|0.01218409|0.00158407|0.00152303|0.00081027,1,0.94701087474823,True,452,0.94701087474823,True,452,0.7939463257789612,True,452,0.8517740368843079,True,452,0.8110964894294739,True,c12_correct
453,454,454_5.bmp,preprocessed_results\454\454_5.bmp,453,453,453,0.7990199327468872,452,0.04472413286566734,0.7542957998812199,453|452|166|298|400,0.79901993|0.04472413|0.00368873|0.00349245|0.00317753,1,0.7990199327468872,True,453,0.7990199327468872,True,453,0.7048370242118835,True,453,0.8343883156776428,True,453,0.7946453094482422,True,c12_correct
454,455,455_3.bmp,preprocessed_results\455\455_3.bmp,454,454,454,0.9124665856361389,181,0.005770660005509853,0.9066959256306291,454|181|556|455|359,0.91246659|0.00577066|0.00446517|0.00430498|0.00330038,1,0.9124665856361389,True,454,0.9124665856361389,True,454,0.8186838626861572,True,454,0.8077970743179321,True,454,0.7233676910400391,True,c12_correct
455,456,456_1.bmp,preprocessed_results\456\456_1.bmp,455,455,455,0.7762019038200378,555,0.017629457637667656,0.7585724461823702,455|555|454|145|516,0.77620190|0.01762946|0.01258485|0.00987064|0.00849809,1,0.7762019038200378,True,455,0.7762019038200378,True,455,0.5567833781242371,True,455,0.7748892307281494,True,455,0.4954957365989685,True,c12_correct
456,457,457_10.bmp,preprocessed_results\457\457_10.bmp,456,456,456,0.781999945640564,487,0.00660617183893919,0.7753937738016248,456|487|457|510|345,0.78199995|0.00660617|0.00634830|0.00597123|0.00578642,1,0.781999945640564,True,456,0.781999945640564,True,456,0.533681333065033,True,456,0.7577482461929321,True,456,0.65876305103302,True,c12_correct
457,458,458_8.bmp,preprocessed_results\458\458_8.bmp,457,457,457,0.9541143774986267,456,0.0029506823047995567,0.9511636951938272,457|456|351|176|503,0.95411438|0.00295068|0.00132024|0.00107392|0.00107162,1,0.9541143774986267,True,457,0.9541143774986267,True,457,0.7573872208595276,True,457,0.8167873024940491,True,457,0.7931007742881775,True,c12_correct
458,459,459_10.bmp,preprocessed_results\459\459_10.bmp,458,458,458,0.7999963164329529,440,0.010960942134261131,0.7890353742986917,458|440|406|453|459,0.79999632|0.01096094|0.01006180|0.00725731|0.00575142,1,0.7999963164329529,True,458,0.7999963164329529,True,458,0.7415952682495117,True,458,0.8078147768974304,True,458,0.7203735113143921,True,c12_correct
459,460,460_4.bmp,preprocessed_results\460\460_4.bmp,459,459,459,0.6563460230827332,152,0.0511813722550869,0.6051646508276463,459|152|329|71|449,0.65634602|0.05118137|0.01216235|0.01103432|0.00837364,1,0.6563460230827332,True,459,0.6563460230827332,True,459,0.6056215763092041,True,459,0.8454481959342957,True,459,0.5765892863273621,True,c12_correct
460,461,461_5.bmp,preprocessed_results\461\461_5.bmp,460,460,460,0.9643011689186096,178,0.0009792395867407322,0.9633219293318689,460|178|461|519|381,0.96430117|0.00097924|0.00089108|0.00074801|0.00057895,1,0.9643011689186096,True,460,0.9643011689186096,True,460,0.8983414173126221,True,460,0.8506454825401306,True,460,0.8142290711402893,True,c12_correct
461,462,462_5.bmp,preprocessed_results\462\462_5.bmp,461,461,461,0.9346186518669128,457,0.004635073244571686,0.9299835786223412,461|457|460|519|465,0.93461865|0.00463507|0.00381424|0.00185037|0.00148386,1,0.9346186518669128,True,461,0.9346186518669128,True,461,0.8528012633323669,True,461,0.8252031207084656,True,461,0.7828893661499023,True,c12_correct
462,463,463_2.bmp,preprocessed_results\463\463_2.bmp,462,462,462,0.9515968561172485,370,0.005269363522529602,0.9463274925947189,462|370|62|774|517,0.95159686|0.00526936|0.00467858|0.00282966|0.00131152,1,0.9515968561172485,True,462,0.9515968561172485,True,462,0.8105193972587585,True,462,0.8441853523254395,True,462,0.808924674987793,True,c12_correct
463,464,464_7.bmp,preprocessed_results\464\464_7.bmp,463,463,463,0.9783250689506531,462,0.0012437306577339768,0.9770813382929191,463|462|123|461|473,0.97832507|0.00124373|0.00085644|0.00078498|0.00043392,1,0.9783250689506531,True,463,0.9783250689506531,True,463,0.9118176102638245,True,463,0.8307620286941528,True,463,0.8405880331993103,True,c12_correct
464,465,465_5.bmp,preprocessed_results\465\465_5.bmp,464,464,464,0.9226629734039307,457,0.003416455117985606,0.9192465182859451,464|457|484|465|344,0.92266297|0.00341646|0.00326994|0.00188765|0.00173715,1,0.9226629734039307,True,464,0.9226629734039307,True,464,0.8837125897407532,True,464,0.8494890332221985,True,464,0.8341916799545288,True,c12_correct
465,466,466_2.bmp,preprocessed_results\466\466_2.bmp,465,465,465,0.883169949054718,451,0.006307488307356834,0.8768624607473612,465|451|417|481|467,0.88316995|0.00630749|0.00568031|0.00418120|0.00253063,1,0.883169949054718,True,465,0.883169949054718,True,465,0.9069345593452454,True,465,0.8406772613525391,True,465,0.8302757740020752,True,c12_correct
466,467,467_2.bmp,preprocessed_results\467\467_2.bmp,466,466,466,0.9722810983657837,80,0.0024349717423319817,0.9698461266234517,466|80|470|467|81,0.97228110|0.00243497|0.00136489|0.00099613|0.00084199,1,0.9722810983657837,True,466,0.9722810983657837,True,466,0.9351160526275635,True,466,0.8387351632118225,True,466,0.7081406712532043,True,c12_correct
467,468,468_6.bmp,preprocessed_results\468\468_6.bmp,467,467,467,0.9426988959312439,489,0.002883724169805646,0.9398151717614383,467|489|466|423|495,0.94269890|0.00288372|0.00162837|0.00141453|0.00103178,1,0.9426988959312439,True,467,0.9426988959312439,True,467,0.9228125810623169,True,467,0.8389483094215393,True,467,0.8378611207008362,True,c12_correct
468,469,469_9.bmp,preprocessed_results\469\469_9.bmp,468,468,468,0.9325346350669861,469,0.00722266361117363,0.9253119714558125,468|469|453|446|99,0.93253464|0.00722266|0.00644036|0.00211270|0.00160864,1,0.9325346350669861,True,468,0.9325346350669861,True,468,0.8984293341636658,True,468,0.8440496921539307,True,468,0.8083028793334961,True,c12_correct
469,470,470_2.bmp,preprocessed_results\470\470_2.bmp,469,469,469,0.965411365032196,468,0.0017211243975907564,0.9636902406346053,469|468|437|491|538,0.96541137|0.00172112|0.00169168|0.00090893|0.00090289,1,0.965411365032196,True,469,0.965411365032196,True,469,0.8778026700019836,True,469,0.8437231779098511,True,469,0.7384085655212402,True,c12_correct
470,471,471_5.bmp,preprocessed_results\471\471_5.bmp,470,470,470,0.9202670454978943,408,0.013117451220750809,0.9071495942771435,470|408|173|200|464,0.92026705|0.01311745|0.00395356|0.00191718|0.00170906,1,0.9202670454978943,True,470,0.9202670454978943,True,470,0.7261019349098206,True,470,0.811663806438446,True,470,0.7900039553642273,True,c12_correct
471,472,472_7.bmp,preprocessed_results\472\472_7.bmp,471,471,471,0.9814456105232239,329,0.0013228367315605283,0.9801227737916633,471|329|138|550|46,0.98144561|0.00132284|0.00129909|0.00080897|0.00080740,1,0.9814456105232239,True,471,0.9814456105232239,True,471,0.9013407230377197,True,471,0.8126850128173828,True,471,0.8625997304916382,True,c12_correct
472,473,473_8.bmp,preprocessed_results\473\473_8.bmp,472,472,472,0.967853307723999,435,0.0017625127220526338,0.9660907950019464,472|435|397|473|409,0.96785331|0.00176251|0.00150886|0.00094174|0.00088319,1,0.967853307723999,True,472,0.967853307723999,True,472,0.9088041186332703,True,472,0.8292422294616699,True,472,0.9102038741111755,True,c12_correct
473,474,474_5.bmp,preprocessed_results\474\474_5.bmp,473,473,473,0.9505589008331299,472,0.0041633667424321175,0.9463955340906978,473|472|347|462|461,0.95055890|0.00416337|0.00188280|0.00130909|0.00080562,1,0.9505589008331299,True,473,0.9505589008331299,True,473,0.897605299949646,True,473,0.8311772346496582,True,473,0.8162436485290527,True,c12_correct
474,475,475_10.bmp,preprocessed_results\475\475_10.bmp,474,474,474,0.9678360819816589,636,0.0015875385142862797,0.9662485434673727,474|636|751|533|685,0.96783608|0.00158754|0.00085398|0.00077228|0.00055643,1,0.9678360819816589,True,474,0.9678360819816589,True,474,0.9257514476776123,True,474,0.8597701787948608,True,474,0.8653368353843689,True,c12_correct
475,476,476_5.bmp,preprocessed_results\476\476_5.bmp,475,475,475,0.9528670310974121,548,0.002145993523299694,0.9507210375741124,475|548|540|532|373,0.95286703|0.00214599|0.00165368|0.00144544|0.00135315,1,0.9528670310974121,True,475,0.9528670310974121,True,475,0.7519541382789612,True,475,0.8244870901107788,True,475,0.8108190894126892,True,c12_correct
476,477,477_1.bmp,preprocessed_results\477\477_1.bmp,476,476,476,0.6172980666160583,477,0.1032797172665596,0.5140183493494987,476|477|484|145|451,0.61729807|0.10327972|0.01689029|0.00789241|0.00609090,1,0.6172980666160583,True,476,0.6172980666160583,True,476,0.756567120552063,True,476,0.8199299573898315,True,476,0.7269499897956848,True,c12_correct
477,478,478_7.bmp,preprocessed_results\478\478_7.bmp,477,477,477,0.9468461275100708,476,0.004741556942462921,0.9421045705676079,477|476|182|484|555,0.94684613|0.00474156|0.00191442|0.00181925|0.00168403,1,0.9468461275100708,True,477,0.9468461275100708,True,477,0.9024249911308289,True,477,0.8209660649299622,True,477,0.8592490553855896,True,c12_correct
478,479,479_5.bmp,preprocessed_results\479\479_5.bmp,478,478,478,0.9072034358978271,555,0.0035455396864563227,0.9036578962113708,478|555|554|68|372,0.90720344|0.00354554|0.00298078|0.00198151|0.00174207,1,0.9072034358978271,True,478,0.9072034358978271,True,478,0.5948625206947327,True,478,0.7974658012390137,True,478,0.7989952564239502,True,c12_correct
479,480,480_4.bmp,preprocessed_results\480\480_4.bmp,479,479,479,0.9639872312545776,559,0.0018129423260688782,0.9621742889285088,479|559|475|535|538,0.96398723|0.00181294|0.00171087|0.00114123|0.00100637,1,0.9639872312545776,True,479,0.9639872312545776,True,479,0.8709864616394043,True,479,0.8217035531997681,True,479,0.8502179384231567,True,c12_correct
480,481,481_6.bmp,preprocessed_results\481\481_6.bmp,480,480,480,0.9187389016151428,481,0.006390464957803488,0.9123484366573393,480|481|402|498|364,0.91873890|0.00639046|0.00322958|0.00250906|0.00229640,1,0.9187389016151428,True,480,0.9187389016151428,True,480,0.8149152994155884,True,480,0.8314621448516846,True,480,0.86237633228302,True,c12_correct
481,482,482_7.bmp,preprocessed_results\482\482_7.bmp,481,481,481,0.9340131878852844,63,0.002192801097407937,0.9318203867878765,481|63|480|546|492,0.93401319|0.00219280|0.00217598|0.00189499|0.00168892,1,0.9340131878852844,True,481,0.9340131878852844,True,481,0.8376964926719666,True,481,0.8280289173126221,True,481,0.7661782503128052,True,c12_correct
482,483,483_9.bmp,preprocessed_results\483\483_9.bmp,482,482,482,0.9016285538673401,484,0.005136530846357346,0.8964920230209827,482|484|185|483|70,0.90162855|0.00513653|0.00334109|0.00281998|0.00216137,1,0.9016285538673401,True,482,0.9016285538673401,True,482,0.7329362034797668,True,482,0.8339354991912842,True,482,0.879608690738678,True,c12_correct
483,484,484_9.bmp,preprocessed_results\484\484_9.bmp,483,483,483,0.9175720810890198,134,0.0023637088015675545,0.9152083722874522,483|134|366|479|230,0.91757208|0.00236371|0.00185379|0.00183441|0.00147371,1,0.9175720810890198,True,483,0.9175720810890198,True,483,0.7253075242042542,True,483,0.8191611766815186,True,483,0.8170647621154785,True,c12_correct
484,485,485_9.bmp,preprocessed_results\485\485_9.bmp,484,484,484,0.9213076233863831,485,0.00540718249976635,0.9159004408866167,484|485|372|78|39,0.92130762|0.00540718|0.00307943|0.00253392|0.00187842,1,0.9213076233863831,True,484,0.9213076233863831,True,484,0.8536112308502197,True,484,0.8338409066200256,True,484,0.7494290471076965,True,c12_correct
485,486,486_4.bmp,preprocessed_results\486\486_4.bmp,485,485,485,0.9345255494117737,188,0.00391116039827466,0.930614389013499,485|188|477|484|432,0.93452555|0.00391116|0.00318248|0.00262801|0.00258340,1,0.9345255494117737,True,485,0.9345255494117737,True,485,0.8448038101196289,True,485,0.8359718322753906,True,485,0.8256142139434814,True,c12_correct
486,487,487_8.bmp,preprocessed_results\487\487_8.bmp,486,486,486,0.8012848496437073,445,0.05344252660870552,0.7478423230350018,486|445|487|386|464,0.80128485|0.05344253|0.01055743|0.00563503|0.00524056,1,0.8012848496437073,True,486,0.8012848496437073,True,486,0.6228037476539612,True,486,0.8442103266716003,True,486,0.7294294238090515,True,c12_correct
487,488,488_2.bmp,preprocessed_results\488\488_2.bmp,487,487,487,0.9319326281547546,345,0.008494734764099121,0.9234378933906555,487|345|526|486|314,0.93193263|0.00849473|0.00382217|0.00338994|0.00209452,1,0.9319326281547546,True,487,0.9319326281547546,True,487,0.7792618870735168,True,487,0.8012044429779053,True,487,0.7528406977653503,True,c12_correct
488,489,489_8.bmp,preprocessed_results\489\489_8.bmp,488,488,488,0.9443459510803223,489,0.004683725070208311,0.939662226010114,488|489|459|81|361,0.94434595|0.00468373|0.00322914|0.00118073|0.00092732,1,0.9443459510803223,True,488,0.9443459510803223,True,488,0.8568167686462402,True,488,0.7900928258895874,True,488,0.8381079435348511,True,c12_correct
489,490,490_2.bmp,preprocessed_results\490\490_2.bmp,489,489,489,0.9551230669021606,533,0.004424590617418289,0.9506984762847424,489|533|467|488|466,0.95512307|0.00442459|0.00352194|0.00284709|0.00156663,1,0.9551230669021606,True,489,0.9551230669021606,True,489,0.8219152688980103,True,489,0.8572245240211487,True,489,0.7876899242401123,True,c12_correct
490,491,491_2.bmp,preprocessed_results\491\491_2.bmp,490,490,490,0.9357038140296936,466,0.003909587394446135,0.9317942266352475,490|466|479|235|491,0.93570381|0.00390959|0.00225459|0.00218986|0.00196030,1,0.9357038140296936,True,490,0.9357038140296936,True,490,0.7424941658973694,True,490,0.8397802710533142,True,490,0.686689019203186,True,c12_correct
491,492,492_9.bmp,preprocessed_results\492\492_9.bmp,491,491,491,0.9083184599876404,514,0.0044817752204835415,0.9038366847671568,491|514|375|479|463,0.90831846|0.00448178|0.00340459|0.00330732|0.00300262,1,0.9083184599876404,True,491,0.9083184599876404,True,491,0.8104493618011475,True,491,0.8335945010185242,True,491,0.8204584121704102,True,c12_correct
492,493,493_1.bmp,preprocessed_results\493\493_1.bmp,492,492,492,0.4622436761856079,381,0.021542394533753395,0.4407012816518545,492|381|448|493|369,0.46224368|0.02154239|0.02053224|0.01998326|0.01627050,1,0.4622436761856079,True,492,0.4622436761856079,True,492,0.19336239993572235,True,492,0.7570893168449402,True,492,0.37707045674324036,True,c12_correct
493,494,494_3.bmp,preprocessed_results\494\494_3.bmp,493,493,493,0.9033183455467224,492,0.007355221081525087,0.8959631244651973,493|492|467|377|489,0.90331835|0.00735522|0.00257818|0.00220953|0.00195596,1,0.9033183455467224,True,493,0.9033183455467224,True,493,0.8352253437042236,True,493,0.8244214057922363,True,493,0.8714358806610107,True,c12_correct
494,495,495_4.bmp,preprocessed_results\495\495_4.bmp,494,494,494,0.9619339108467102,45,0.0029033038299530745,0.9590306070167571,494|45|488|35|495,0.96193391|0.00290330|0.00180960|0.00139860|0.00128116,1,0.9619339108467102,True,494,0.9619339108467102,True,494,0.927399754524231,True,494,0.8385035395622253,True,494,0.8312074542045593,True,c12_correct
495,496,496_6.bmp,preprocessed_results\496\496_6.bmp,495,495,495,0.9467671513557434,74,0.0031845238991081715,0.9435826274566352,495|74|494|467|485,0.94676715|0.00318452|0.00270326|0.00122812|0.00095707,1,0.9467671513557434,True,495,0.9467671513557434,True,495,0.8537381291389465,True,495,0.8546514511108398,True,495,0.8285897374153137,True,c12_correct
496,497,497_1.bmp,preprocessed_results\497\497_1.bmp,496,496,497,0.24032528698444366,496,0.235723614692688,0.004601672291755676,497|496|83|221|476,0.24032529|0.23572361|0.03608022|0.03120051|0.01885019,2,0.235723614692688,True,497,0.24032528698444366,False,496,0.17623190581798553,True,496,0.7798049449920654,True,496,0.2604149281978607,True,teacher_all_correct;low_margin;true_in_top5
497,498,498_9.bmp,preprocessed_results\498\498_9.bmp,497,497,497,0.7780212759971619,274,0.028120772913098335,0.7499005030840635,497|274|329|167|328,0.77802128|0.02812077|0.00665326|0.00596739|0.00561867,1,0.7780212759971619,True,497,0.7780212759971619,True,497,0.5835350155830383,True,497,0.8248348832130432,True,497,0.7212235331535339,True,c12_correct
498,499,499_8.bmp,preprocessed_results\499\499_8.bmp,498,498,498,0.9285789728164673,462,0.013307598419487476,0.9152713743969798,498|462|398|463|370,0.92857897|0.01330760|0.00677920|0.00287729|0.00206374,1,0.9285789728164673,True,498,0.9285789728164673,True,498,0.9140306115150452,True,498,0.8492593169212341,True,498,0.805068850517273,True,c12_correct
499,500,500_10.bmp,preprocessed_results\500\500_10.bmp,499,499,499,0.9430873394012451,424,0.002826554235070944,0.9402607851661742,499|424|498|112|330,0.94308734|0.00282655|0.00223179|0.00178414|0.00104148,1,0.9430873394012451,True,499,0.9430873394012451,True,499,0.7168269753456116,True,499,0.8472002744674683,True,499,0.7729728817939758,True,c12_correct
500,501,501_3.bmp,preprocessed_results\501\501_3.bmp,500,500,500,0.9579409956932068,406,0.005233000963926315,0.9527079947292805,500|406|407|436|502,0.95794100|0.00523300|0.00301723|0.00128628|0.00103048,1,0.9579409956932068,True,500,0.9579409956932068,True,500,0.9203007817268372,True,500,0.8355689644813538,True,500,0.7945132851600647,True,c12_correct
501,502,502_7.bmp,preprocessed_results\502\502_7.bmp,501,501,501,0.9037917256355286,90,0.003450160613283515,0.900341565022245,501|90|112|54|632,0.90379173|0.00345016|0.00249637|0.00243192|0.00186238,1,0.9037917256355286,True,501,0.9037917256355286,True,501,0.7506052255630493,True,501,0.8522939682006836,True,501,0.81671142578125,True,c12_correct
502,503,503_4.bmp,preprocessed_results\503\503_4.bmp,502,502,502,0.8754122257232666,500,0.00941148679703474,0.8660007389262319,502|500|480|426|430,0.87541223|0.00941149|0.00552890|0.00459074|0.00364915,1,0.8754122257232666,True,502,0.8754122257232666,True,502,0.6088289618492126,True,502,0.8347219228744507,True,502,0.8314885497093201,True,c12_correct
503,504,504_4.bmp,preprocessed_results\504\504_4.bmp,503,503,482,0.2722734808921814,148,0.05352278798818588,0.21875069290399551,482|148|484|453|468,0.27227348|0.05352279|0.04779398|0.02655215|0.02321796,82,0.0017073467606678605,False,482,0.2722734808921814,False,534,0.012089760974049568,False,503,0.028190873563289642,True,503,0.0738213062286377,True,teacher_all_correct
504,505,505_10.bmp,preprocessed_results\505\505_10.bmp,504,504,504,0.9120290875434875,505,0.019010936841368675,0.8930181507021189,504|505|555|489|145,0.91202909|0.01901094|0.00800619|0.00274253|0.00172822,1,0.9120290875434875,True,504,0.9120290875434875,True,504,0.9343798160552979,True,504,0.8265007138252258,True,504,0.8717280626296997,True,c12_correct
505,506,506_10.bmp,preprocessed_results\506\506_10.bmp,505,505,505,0.9687559604644775,504,0.0033309641294181347,0.9654249963350594,505|504|441|183|438,0.96875596|0.00333096|0.00107930|0.00079155|0.00058204,1,0.9687559604644775,True,505,0.9687559604644775,True,505,0.8419013023376465,True,505,0.824862003326416,True,505,0.7990568280220032,True,c12_correct
506,507,507_1.bmp,preprocessed_results\507\507_1.bmp,506,506,506,0.45002982020378113,407,0.07384663075208664,0.3761831894516945,506|407|459|784|829,0.45002982|0.07384663|0.02550347|0.01139901|0.01001434,1,0.45002982020378113,True,506,0.45002982020378113,True,506,0.7096995115280151,True,506,0.8113783597946167,True,506,0.6614295244216919,True,c12_correct
507,508,508_6.bmp,preprocessed_results\508\508_6.bmp,507,507,507,0.8138435482978821,388,0.010275890119373798,0.8035676581785083,507|388|23|153|474,0.81384355|0.01027589|0.00659900|0.00386791|0.00347769,1,0.8138435482978821,True,507,0.8138435482978821,True,507,0.7128391861915588,True,507,0.8052840828895569,True,507,0.6986538767814636,True,c12_correct
508,509,509_8.bmp,preprocessed_results\509\509_8.bmp,508,508,508,0.955603837966919,509,0.0038500733207911253,0.9517537646461278,508|509|500|342|472,0.95560384|0.00385007|0.00081880|0.00077394|0.00076747,1,0.955603837966919,True,508,0.955603837966919,True,508,0.827589750289917,True,508,0.842714250087738,True,508,0.822607696056366,True,c12_correct
509,510,510_5.bmp,preprocessed_results\510\510_5.bmp,509,509,509,0.8287465572357178,398,0.0048109181225299835,0.8239356391131878,509|398|346|436|622,0.82874656|0.00481092|0.00325467|0.00265780|0.00235583,1,0.8287465572357178,True,509,0.8287465572357178,True,509,0.7132691740989685,True,509,0.8207140564918518,True,509,0.7344158291816711,True,c12_correct
510,511,511_6.bmp,preprocessed_results\511\511_6.bmp,510,510,510,0.9363887906074524,511,0.006672765128314495,0.9297160254791379,510|511|481|473|351,0.93638879|0.00667277|0.00173702|0.00159205|0.00157461,1,0.9363887906074524,True,510,0.9363887906074524,True,510,0.8302801847457886,True,510,0.8476369976997375,True,510,0.7547556161880493,True,c12_correct
511,512,512_8.bmp,preprocessed_results\512\512_8.bmp,511,511,511,0.9277383089065552,203,0.004020835738629103,0.9237174731679261,511|203|78|510|416,0.92773831|0.00402084|0.00314553|0.00288062|0.00207239,1,0.9277383089065552,True,511,0.9277383089065552,True,511,0.8195828795433044,True,511,0.8413814306259155,True,511,0.8525072336196899,True,c12_correct
512,513,513_10.bmp,preprocessed_results\513\513_10.bmp,512,512,512,0.9622806906700134,561,0.002153269713744521,0.9601274209562689,512|561|180|631|356,0.96228069|0.00215327|0.00096558|0.00090085|0.00083977,1,0.9622806906700134,True,512,0.9622806906700134,True,512,0.8089703321456909,True,512,0.8129591941833496,True,512,0.7567296028137207,True,c12_correct
513,514,514_5.bmp,preprocessed_results\514\514_5.bmp,513,513,513,0.9559239149093628,563,0.006400913931429386,0.9495230009779334,513|563|372|412|358,0.95592391|0.00640091|0.00204729|0.00098636|0.00094912,1,0.9559239149093628,True,513,0.9559239149093628,True,513,0.9172853231430054,True,513,0.8600581288337708,True,513,0.8800508975982666,True,c12_correct
514,515,515_9.bmp,preprocessed_results\515\515_9.bmp,514,514,514,0.9113907217979431,413,0.004725692328065634,0.9066650294698775,514|413|486|558|476,0.91139072|0.00472569|0.00290150|0.00280972|0.00214232,1,0.9113907217979431,True,514,0.9113907217979431,True,514,0.8656211495399475,True,514,0.8095507025718689,True,514,0.7963224649429321,True,c12_correct
515,516,516_8.bmp,preprocessed_results\516\516_8.bmp,515,515,515,0.7341229915618896,352,0.015424954704940319,0.7186980368569493,515|352|364|344|394,0.73412299|0.01542495|0.01186909|0.00794327|0.00720406,1,0.7341229915618896,True,515,0.7341229915618896,True,515,0.6109889149665833,True,515,0.8082057237625122,True,515,0.6910360455513,True,c12_correct
516,517,517_5.bmp,preprocessed_results\517\517_5.bmp,516,516,516,0.9672142863273621,351,0.0017315769800916314,0.9654827093472704,516|351|517|461|412,0.96721429|0.00173158|0.00151187|0.00105437|0.00085664,1,0.9672142863273621,True,516,0.9672142863273621,True,516,0.8810247182846069,True,516,0.8561574220657349,True,516,0.8636320233345032,True,c12_correct
517,518,518_3.bmp,preprocessed_results\518\518_3.bmp,517,517,517,0.9448992013931274,39,0.0014768957626074553,0.94342230563052,517|39|35|539|188,0.94489920|0.00147690|0.00135556|0.00134680|0.00124097,1,0.9448992013931274,True,517,0.9448992013931274,True,517,0.8423092365264893,True,517,0.8049063086509705,True,517,0.7985512614250183,True,c12_correct
518,519,519_9.bmp,preprocessed_results\519\519_9.bmp,518,518,518,0.9696877598762512,546,0.0014397406484931707,0.968248019227758,518|546|787|55|489,0.96968776|0.00143974|0.00111357|0.00085653|0.00077436,1,0.9696877598762512,True,518,0.9696877598762512,True,518,0.8140689730644226,True,518,0.8515801429748535,True,518,0.8244645595550537,True,c12_correct
519,520,520_6.bmp,preprocessed_results\520\520_6.bmp,519,519,519,0.9628639221191406,322,0.002390835667029023,0.9604730864521116,519|322|317|430|517,0.96286392|0.00239084|0.00114201|0.00101107|0.00078023,1,0.9628639221191406,True,519,0.9628639221191406,True,519,0.8117327690124512,True,519,0.8426928520202637,True,519,0.7862889170646667,True,c12_correct
520,521,521_5.bmp,preprocessed_results\521\521_5.bmp,520,520,520,0.9393404722213745,521,0.014639632776379585,0.9247008394449949,520|521|420|310|13,0.93934047|0.01463963|0.00116306|0.00104562|0.00083490,1,0.9393404722213745,True,520,0.9393404722213745,True,520,0.8655318021774292,True,520,0.8458176255226135,True,520,0.8818084001541138,True,c12_correct
521,522,522_8.bmp,preprocessed_results\522\522_8.bmp,521,521,521,0.963509202003479,520,0.0052910116501152515,0.9582181903533638,521|520|436|222|310,0.96350920|0.00529101|0.00407391|0.00093551|0.00058391,1,0.963509202003479,True,521,0.963509202003479,True,521,0.8288049101829529,True,521,0.814247190952301,True,521,0.8515796661376953,True,c12_correct
522,523,523_9.bmp,preprocessed_results\523\523_9.bmp,522,522,522,0.981687605381012,407,0.001066400669515133,0.9806212047114968,522|407|325|523|138,0.98168761|0.00106640|0.00084171|0.00064169|0.00060689,1,0.981687605381012,True,522,0.981687605381012,True,522,0.8966403007507324,True,522,0.8360264897346497,True,522,0.8502647876739502,True,c12_correct
523,524,524_5.bmp,preprocessed_results\524\524_5.bmp,523,523,523,0.9730788469314575,522,0.0015986425569280982,0.9714802043745294,523|522|138|453|11,0.97307885|0.00159864|0.00110937|0.00060887|0.00054821,1,0.9730788469314575,True,523,0.9730788469314575,True,523,0.8649977445602417,True,523,0.8427602648735046,True,523,0.8132157921791077,True,c12_correct
524,525,525_6.bmp,preprocessed_results\525\525_6.bmp,524,524,524,0.9590810537338257,563,0.002791422652080655,0.956289631081745,524|563|240|525|513,0.95908105|0.00279142|0.00118117|0.00112066|0.00074636,1,0.9590810537338257,True,524,0.9590810537338257,True,524,0.8779066801071167,True,524,0.8492957353591919,True,524,0.8300513625144958,True,c12_correct
525,526,526_7.bmp,preprocessed_results\526\526_7.bmp,525,525,525,0.9444195032119751,524,0.006372940726578236,0.9380465624853969,525|524|324|563|199,0.94441950|0.00637294|0.00192628|0.00189675|0.00100578,1,0.9444195032119751,True,525,0.9444195032119751,True,525,0.8663102984428406,True,525,0.8488562703132629,True,525,0.8479049205780029,True,c12_correct
526,527,527_3.bmp,preprocessed_results\527\527_3.bmp,526,526,526,0.946307897567749,413,0.003335437970235944,0.9429724595975131,526|413|527|530|379,0.94630790|0.00333544|0.00160390|0.00132924|0.00122809,1,0.946307897567749,True,526,0.946307897567749,True,526,0.78758704662323,True,526,0.8476907014846802,True,526,0.8150076270103455,True,c12_correct
527,528,528_8.bmp,preprocessed_results\528\528_8.bmp,527,527,527,0.9417562484741211,526,0.003314025467261672,0.9384422230068594,527|526|493|492|448,0.94175625|0.00331403|0.00144700|0.00143743|0.00128332,1,0.9417562484741211,True,527,0.9417562484741211,True,527,0.8568797707557678,True,527,0.8370013236999512,True,527,0.8195081353187561,True,c12_correct
528,529,529_10.bmp,preprocessed_results\529\529_10.bmp,528,528,528,0.7570436596870422,322,0.011556193232536316,0.7454874664545059,528|322|510|481|398,0.75704366|0.01155619|0.01050770|0.00829140|0.00611131,1,0.7570436596870422,True,528,0.7570436596870422,True,528,0.7740767002105713,True,528,0.8174744248390198,True,528,0.6879824995994568,True,c12_correct
529,530,530_5.bmp,preprocessed_results\530\530_5.bmp,529,529,529,0.9444544911384583,7,0.002411605091765523,0.9420428860466927,529|7|528|119|369,0.94445449|0.00241161|0.00203356|0.00172113|0.00131775,1,0.9444544911384583,True,529,0.9444544911384583,True,529,0.8812710046768188,True,529,0.839743435382843,True,529,0.8540804982185364,True,c12_correct
530,531,531_7.bmp,preprocessed_results\531\531_7.bmp,530,530,530,0.9510672092437744,211,0.002579468535259366,0.948487740708515,530|211|532|531|526,0.95106721|0.00257947|0.00120643|0.00108426|0.00106297,1,0.9510672092437744,True,530,0.9510672092437744,True,530,0.7831916213035583,True,530,0.8326126337051392,True,530,0.8483911752700806,True,c12_correct
531,532,532_8.bmp,preprocessed_results\532\532_8.bmp,531,531,531,0.9226205348968506,530,0.01906021684408188,0.9035603180527687,531|530|282|273|274,0.92262053|0.01906022|0.00247339|0.00212592|0.00172809,1,0.9226205348968506,True,531,0.9226205348968506,True,531,0.6934899091720581,True,531,0.84482741355896,True,531,0.7451040148735046,True,c12_correct
532,533,533_3.bmp,preprocessed_results\533\533_3.bmp,532,532,532,0.9522581696510315,530,0.0030011204071342945,0.9492570492438972,532|530|436|346|479,0.95225817|0.00300112|0.00299737|0.00204907|0.00126741,1,0.9522581696510315,True,532,0.9522581696510315,True,532,0.9072022438049316,True,532,0.7976082563400269,True,532,0.8073616027832031,True,c12_correct
533,534,534_9.bmp,preprocessed_results\534\534_9.bmp,533,533,533,0.9593645930290222,547,0.002623324515298009,0.9567412685137242,533|547|141|539|43,0.95936459|0.00262332|0.00228750|0.00135286|0.00099318,1,0.9593645930290222,True,533,0.9593645930290222,True,533,0.9275917410850525,True,533,0.8342698812484741,True,533,0.8599106669425964,True,c12_correct
534,535,535_2.bmp,preprocessed_results\535\535_2.bmp,534,534,534,0.6614165902137756,238,0.014199942350387573,0.6472166478633881,534|238|6|332|139,0.66141659|0.01419994|0.01310376|0.01307849|0.01165783,1,0.6614165902137756,True,534,0.6614165902137756,True,534,0.3317716717720032,True,534,0.7262925505638123,True,534,0.29744553565979004,True,c12_correct
535,536,536_8.bmp,preprocessed_results\536\536_8.bmp,535,535,535,0.9177719354629517,332,0.003413890954107046,0.9143580445088446,535|332|555|422|448,0.91777194|0.00341389|0.00294539|0.00285241|0.00159629,1,0.9177719354629517,True,535,0.9177719354629517,True,535,0.8084248304367065,True,535,0.8425214886665344,True,535,0.7911618947982788,True,c12_correct
536,537,537_9.bmp,preprocessed_results\537\537_9.bmp,536,536,536,0.9668323993682861,540,0.001865973463281989,0.9649664259050041,536|540|537|356|561,0.96683240|0.00186597|0.00156719|0.00097967|0.00065428,1,0.9668323993682861,True,536,0.9668323993682861,True,536,0.7912564277648926,True,536,0.8333178758621216,True,536,0.8338385820388794,True,c12_correct
537,538,538_9.bmp,preprocessed_results\538\538_9.bmp,537,537,537,0.9708370566368103,615,0.0015421529533341527,0.9692949036834762,537|615|355|536|31,0.97083706|0.00154215|0.00120733|0.00120492|0.00087388,1,0.9708370566368103,True,537,0.9708370566368103,True,537,0.8843194246292114,True,537,0.8462104201316833,True,537,0.8593040704727173,True,c12_correct
538,539,539_3.bmp,preprocessed_results\539\539_3.bmp,538,538,538,0.9135717749595642,479,0.005693258251994848,0.9078785167075694,538|479|455|469|562,0.91357177|0.00569326|0.00418267|0.00283936|0.00213661,1,0.9135717749595642,True,538,0.9135717749595642,True,538,0.5942493677139282,True,538,0.8424755930900574,True,538,0.6969955563545227,True,c12_correct
539,540,540_2.bmp,preprocessed_results\540\540_2.bmp,539,539,539,0.9580903649330139,533,0.0025245219003409147,0.955565843032673,539|533|665|273|144,0.95809036|0.00252452|0.00223371|0.00124384|0.00113705,1,0.9580903649330139,True,539,0.9580903649330139,True,539,0.7741122245788574,True,539,0.8419188857078552,True,539,0.8500657081604004,True,c12_correct
540,541,541_10.bmp,preprocessed_results\541\541_10.bmp,540,540,540,0.9523276090621948,541,0.006940034683793783,0.945387574378401,540|541|550|532|475,0.95232761|0.00694003|0.00284180|0.00238516|0.00234481,1,0.9523276090621948,True,540,0.9523276090621948,True,540,0.9362656474113464,True,540,0.8091968297958374,True,540,0.8896350264549255,True,c12_correct
541,542,542_5.bmp,preprocessed_results\542\542_5.bmp,541,541,541,0.9418059587478638,559,0.004743336234241724,0.937062622513622,541|559|540|27|531,0.94180596|0.00474334|0.00313381|0.00232061|0.00157102,1,0.9418059587478638,True,541,0.9418059587478638,True,541,0.8399538397789001,True,541,0.8411489129066467,True,541,0.8643888235092163,True,c12_correct
542,543,543_6.bmp,preprocessed_results\543\543_6.bmp,542,542,542,0.9593150019645691,543,0.0025065208319574594,0.9568084811326116,542|543|550|405|500,0.95931500|0.00250652|0.00152629|0.00139491|0.00082842,1,0.9593150019645691,True,542,0.9593150019645691,True,542,0.8808819651603699,True,542,0.8367440700531006,True,542,0.8033409118652344,True,c12_correct
543,544,544_4.bmp,preprocessed_results\544\544_4.bmp,543,543,543,0.8390446305274963,542,0.031115524470806122,0.8079291060566902,543|542|512|356|544,0.83904463|0.03111552|0.01151466|0.00633259|0.00353703,1,0.8390446305274963,True,543,0.8390446305274963,True,543,0.16607996821403503,True,543,0.42461761832237244,True,543,0.5148686766624451,True,c12_correct
544,545,545_6.bmp,preprocessed_results\545\545_6.bmp,544,544,544,0.9455813765525818,12,0.006103507708758116,0.9394778688438237,544|12|413|455|421,0.94558138|0.00610351|0.00126758|0.00111199|0.00081897,1,0.9455813765525818,True,544,0.9455813765525818,True,544,0.8962070345878601,True,544,0.8263787627220154,True,544,0.8093364238739014,True,c12_correct
545,546,546_4.bmp,preprocessed_results\546\546_4.bmp,545,545,545,0.9559377431869507,96,0.003339244984090328,0.9525984982028604,545|96|344|322|380,0.95593774|0.00333924|0.00144495|0.00133580|0.00127619,1,0.9559377431869507,True,545,0.9559377431869507,True,545,0.8967752456665039,True,545,0.8560627102851868,True,545,0.84101802110672,True,c12_correct
546,547,547_3.bmp,preprocessed_results\547\547_3.bmp,546,546,546,0.9071794748306274,547,0.004947960842400789,0.9022315139882267,546|547|353|377|156,0.90717947|0.00494796|0.00353459|0.00297886|0.00183699,1,0.9071794748306274,True,546,0.9071794748306274,True,546,0.7849562764167786,True,546,0.8555740118026733,True,546,0.6904088258743286,True,c12_correct
547,548,548_9.bmp,preprocessed_results\548\548_9.bmp,547,547,547,0.9535719752311707,546,0.013317338190972805,0.9402546370401978,547|546|262|348|446,0.95357198|0.01331734|0.00115712|0.00113265|0.00109292,1,0.9535719752311707,True,547,0.9535719752311707,True,547,0.6334936022758484,True,547,0.8497468829154968,True,547,0.7485069036483765,True,c12_correct
548,549,549_10.bmp,preprocessed_results\549\549_10.bmp,548,548,548,0.9611917734146118,801,0.003018917515873909,0.9581728558987379,548|801|437|549|449,0.96119177|0.00301892|0.00146642|0.00127640|0.00117372,1,0.9611917734146118,True,548,0.9611917734146118,True,548,0.874372124671936,True,548,0.8416139483451843,True,548,0.8429470062255859,True,c12_correct
549,550,550_1.bmp,preprocessed_results\550\550_1.bmp,549,549,549,0.8403950929641724,548,0.018595267087221146,0.8217998258769512,549|548|178|555|562,0.84039509|0.01859527|0.00896749|0.00546396|0.00472910,1,0.8403950929641724,True,549,0.8403950929641724,True,549,0.5067136287689209,True,549,0.7926397323608398,True,549,0.6053488850593567,True,c12_correct
550,551,551_3.bmp,preprocessed_results\551\551_3.bmp,550,550,550,0.9594051837921143,551,0.009681710042059422,0.9497234737500548,550|551|540|471|536,0.95940518|0.00968171|0.00337461|0.00162151|0.00146783,1,0.9594051837921143,True,550,0.9594051837921143,True,550,0.7952713370323181,True,550,0.8383545875549316,True,550,0.7009209990501404,True,c12_correct
551,552,552_9.bmp,preprocessed_results\552\552_9.bmp,551,551,551,0.9285487532615662,550,0.0034013050608336926,0.9251474482007325,551|550|144|763|554,0.92854875|0.00340131|0.00146936|0.00121834|0.00121698,1,0.9285487532615662,True,551,0.9285487532615662,True,551,0.8618177175521851,True,551,0.8283205628395081,True,551,0.8357982635498047,True,c12_correct
552,553,553_3.bmp,preprocessed_results\553\553_3.bmp,552,552,552,0.876089334487915,532,0.007600087672472,0.868489246815443,552|532|117|553|559,0.87608933|0.00760009|0.00671338|0.00533372|0.00368845,1,0.876089334487915,True,552,0.876089334487915,True,552,0.8545439839363098,True,552,0.8149360418319702,True,552,0.7994791269302368,True,c12_correct
553,554,554_2.bmp,preprocessed_results\554\554_2.bmp,553,553,553,0.8201931118965149,552,0.018201395869255066,0.8019917160272598,553|552|164|584|221,0.82019311|0.01820140|0.01081105|0.00680172|0.00436293,1,0.8201931118965149,True,553,0.8201931118965149,True,553,0.8480286002159119,True,553,0.8277097344398499,True,553,0.7632375359535217,True,c12_correct
554,555,555_8.bmp,preprocessed_results\555\555_8.bmp,554,554,554,0.924113929271698,555,0.00632220134139061,0.9177917279303074,554|555|347|359|600,0.92411393|0.00632220|0.00394971|0.00263160|0.00233825,1,0.924113929271698,True,554,0.924113929271698,True,554,0.8374891877174377,True,554,0.8094587326049805,True,554,0.798941969871521,True,c12_correct
555,556,556_3.bmp,preprocessed_results\556\556_3.bmp,555,555,555,0.9829435348510742,554,0.0024002224672585726,0.9805433123838156,555|554|504|30|549,0.98294353|0.00240022|0.00162183|0.00044612|0.00042398,1,0.9829435348510742,True,555,0.9829435348510742,True,555,0.9200707674026489,True,555,0.842933177947998,True,555,0.8176687359809875,True,c12_correct
556,557,557_8.bmp,preprocessed_results\557\557_8.bmp,556,556,556,0.9555215835571289,454,0.002885206136852503,0.9526363774202764,556|454|557|359|258,0.95552158|0.00288521|0.00209008|0.00094746|0.00090831,1,0.9555215835571289,True,556,0.9555215835571289,True,556,0.8734621405601501,True,556,0.8128315806388855,True,556,0.8671649098396301,True,c12_correct
557,558,558_8.bmp,preprocessed_results\558\558_8.bmp,557,557,557,0.9582178592681885,556,0.0025617778301239014,0.9556560814380646,557|556|356|559|539,0.95821786|0.00256178|0.00128741|0.00120268|0.00087059,1,0.9582178592681885,True,557,0.9582178592681885,True,557,0.8359882831573486,True,557,0.8468859195709229,True,557,0.8355513215065002,True,c12_correct
558,559,559_7.bmp,preprocessed_results\559\559_7.bmp,558,558,558,0.9777316451072693,530,0.0013540383661165833,0.9763776067411527,558|530|514|534|532,0.97773165|0.00135404|0.00130432|0.00060368|0.00057841,1,0.9777316451072693,True,558,0.9777316451072693,True,558,0.8294911980628967,True,558,0.8262139558792114,True,558,0.8168430924415588,True,c12_correct
559,560,560_3.bmp,preprocessed_results\560\560_3.bmp,559,559,559,0.9358114004135132,479,0.008243752643465996,0.9275676477700472,559|479|557|475|541,0.93581140|0.00824375|0.00542525|0.00272023|0.00209372,1,0.9358114004135132,True,559,0.9358114004135132,True,559,0.8080613613128662,True,559,0.8404749035835266,True,559,0.7618443369865417,True,c12_correct
560,561,561_3.bmp,preprocessed_results\561\561_3.bmp,560,560,560,0.9716164469718933,677,0.000998240546323359,0.97061820642557,560|677|138|559|577,0.97161645|0.00099824|0.00099462|0.00093827|0.00093620,1,0.9716164469718933,True,560,0.9716164469718933,True,560,0.844511866569519,True,560,0.8274595737457275,True,560,0.8677397966384888,True,c12_correct
561,562,562_7.bmp,preprocessed_results\562\562_7.bmp,561,561,561,0.9669821858406067,590,0.0012078259605914354,0.9657743598800153,561|590|560|648|247,0.96698219|0.00120783|0.00117563|0.00112675|0.00104931,1,0.9669821858406067,True,561,0.9669821858406067,True,561,0.8221206665039062,True,561,0.8221179842948914,True,561,0.8431116938591003,True,c12_correct
562,563,563_7.bmp,preprocessed_results\563\563_7.bmp,562,562,562,0.9500493407249451,563,0.0042233592830598354,0.9458259814418852,562|563|549|485|455,0.95004934|0.00422336|0.00161677|0.00130394|0.00128403,1,0.9500493407249451,True,562,0.9500493407249451,True,562,0.8896483182907104,True,562,0.8021352887153625,True,562,0.8164016604423523,True,c12_correct
563,564,564_3.bmp,preprocessed_results\564\564_3.bmp,563,563,563,0.9369769096374512,513,0.0037492106202989817,0.9332276990171522,563|513|562|524|485,0.93697691|0.00374921|0.00314961|0.00147577|0.00109712,1,0.9369769096374512,True,563,0.9369769096374512,True,563,0.8333712816238403,True,563,0.8184922337532043,True,563,0.8542077541351318,True,c12_correct
564,565,565_9.bmp,preprocessed_results\565\565_9.bmp,564,564,564,0.9372119903564453,565,0.005562302656471729,0.9316496876999736,564|565|286|677|115,0.93721199|0.00556230|0.00350006|0.00158040|0.00133870,1,0.9372119903564453,True,564,0.9372119903564453,True,564,0.7058294415473938,True,564,0.8118752837181091,True,564,0.8225021362304688,True,c12_correct
565,566,566_7.bmp,preprocessed_results\566\566_7.bmp,565,565,565,0.9572674036026001,564,0.0012747597647830844,0.955992643837817,565|564|116|304|135,0.95726740|0.00127476|0.00120245|0.00084582|0.00080474,1,0.9572674036026001,True,565,0.9572674036026001,True,565,0.82013338804245,True,565,0.8045112490653992,True,565,0.7207930684089661,True,c12_correct
566,567,567_7.bmp,preprocessed_results\567\567_7.bmp,566,566,566,0.9057884216308594,175,0.019562389701604843,0.8862260319292545,566|175|774|574|249,0.90578842|0.01956239|0.00342790|0.00285518|0.00251527,1,0.9057884216308594,True,566,0.9057884216308594,True,566,0.7641646265983582,True,566,0.810370147228241,True,566,0.7816810011863708,True,c12_correct
567,568,568_8.bmp,preprocessed_results\568\568_8.bmp,567,567,567,0.9062877893447876,566,0.013496997766196728,0.8927907915785909,567|566|662|141|434,0.90628779|0.01349700|0.00819869|0.00388017|0.00296611,1,0.9062877893447876,True,567,0.9062877893447876,True,567,0.891059160232544,True,567,0.8459230065345764,True,567,0.8694577813148499,True,c12_correct
568,569,569_5.bmp,preprocessed_results\569\569_5.bmp,568,568,568,0.8074935674667358,186,0.01943349651992321,0.7880600709468126,568|186|772|624|646,0.80749357|0.01943350|0.00813667|0.00598402|0.00558825,1,0.8074935674667358,True,568,0.8074935674667358,True,568,0.3284417688846588,True,568,0.8109583258628845,True,568,0.6579229235649109,True,c12_correct
569,570,570_9.bmp,preprocessed_results\570\570_9.bmp,569,569,569,0.9480506181716919,763,0.002511681290343404,0.9455389368813485,569|763|762|678|573,0.94805062|0.00251168|0.00211912|0.00121500|0.00083986,1,0.9480506181716919,True,569,0.9480506181716919,True,569,0.8762131333351135,True,569,0.8326850533485413,True,569,0.8026889562606812,True,c12_correct
570,571,571_5.bmp,preprocessed_results\571\571_5.bmp,570,570,570,0.8818264007568359,682,0.01159595511853695,0.870230445638299,570|682|822|571|824,0.88182640|0.01159596|0.01059484|0.00723996|0.00355045,1,0.8818264007568359,True,570,0.8818264007568359,True,570,0.8145580291748047,True,570,0.8402755856513977,True,570,0.829820990562439,True,c12_correct
571,572,572_10.bmp,preprocessed_results\572\572_10.bmp,571,571,571,0.8736281394958496,570,0.005523055326193571,0.868105084169656,571|570|682|651|683,0.87362814|0.00552306|0.00459694|0.00419524|0.00303461,1,0.8736281394958496,True,571,0.8736281394958496,True,571,0.7043437361717224,True,571,0.8432472944259644,True,571,0.6774974465370178,True,c12_correct
572,573,573_7.bmp,preprocessed_results\573\573_7.bmp,572,572,572,0.9599503874778748,700,0.0021405203733593225,0.9578098671045154,572|700|780|734|596,0.95995039|0.00214052|0.00191444|0.00139120|0.00104933,1,0.9599503874778748,True,572,0.9599503874778748,True,572,0.9032832384109497,True,572,0.8480008840560913,True,572,0.8271405696868896,True,c12_correct
573,574,574_4.bmp,preprocessed_results\574\574_4.bmp,573,573,573,0.9522342681884766,761,0.0015620988560840487,0.9506721693323925,573|761|656|569|784,0.95223427|0.00156210|0.00148669|0.00129107|0.00090244,1,0.9522342681884766,True,573,0.9522342681884766,True,573,0.8737680912017822,True,573,0.8598915338516235,True,573,0.8191491961479187,True,c12_correct
574,575,575_7.bmp,preprocessed_results\575\575_7.bmp,574,574,574,0.6840178966522217,600,0.016343435272574425,0.6676744613796473,574|600|705|740|704,0.68401790|0.01634344|0.01100569|0.00664664|0.00631161,1,0.6840178966522217,True,574,0.6840178966522217,True,574,0.6000933647155762,True,574,0.8483745455741882,True,574,0.6838150024414062,True,c12_correct
575,576,576_5.bmp,preprocessed_results\576\576_5.bmp,575,575,575,0.6419781446456909,165,0.05544980242848396,0.586528342217207,575|165|326|712|659,0.64197814|0.05544980|0.02267924|0.01700168|0.00763893,1,0.6419781446456909,True,575,0.6419781446456909,True,575,0.4106456935405731,True,575,0.7709347009658813,True,575,0.3296733498573303,True,c12_correct
576,577,577_4.bmp,preprocessed_results\577\577_4.bmp,576,576,576,0.8247954845428467,577,0.058518219739198685,0.766277264803648,576|577|273|664|272,0.82479548|0.05851822|0.02098801|0.00513802|0.00452630,1,0.8247954845428467,True,576,0.8247954845428467,True,576,0.7005963325500488,True,576,0.8066973090171814,True,576,0.652164876461029,True,c12_correct
577,578,578_9.bmp,preprocessed_results\578\578_9.bmp,577,577,577,0.8043774366378784,576,0.05375280603766441,0.750624630600214,577|576|649|635|743,0.80437744|0.05375281|0.02001366|0.01810329|0.00707295,1,0.8043774366378784,True,577,0.8043774366378784,True,577,0.486961305141449,True,577,0.8196503520011902,True,577,0.7975424528121948,True,c12_correct
578,579,579_10.bmp,preprocessed_results\579\579_10.bmp,578,578,578,0.9724488258361816,579,0.0008137163822539151,0.9716351094539277,578|579|272|274|275,0.97244883|0.00081372|0.00078701|0.00073732|0.00073005,1,0.9724488258361816,True,578,0.9724488258361816,True,578,0.8128853440284729,True,578,0.8431575894355774,True,578,0.8384861350059509,True,c12_correct
579,580,580_4.bmp,preprocessed_results\580\580_4.bmp,579,579,579,0.797947883605957,143,0.02106180600821972,0.7768860775977373,579|143|793|225|705,0.79794788|0.02106181|0.01308213|0.00812846|0.00626770,1,0.797947883605957,True,579,0.797947883605957,True,579,0.6658768057823181,True,579,0.7939478754997253,True,579,0.7486945986747742,True,c12_correct
580,581,581_2.bmp,preprocessed_results\581\581_2.bmp,580,580,580,0.9649896621704102,730,0.0018296320922672749,0.9631600300781429,580|730|704|581|335,0.96498966|0.00182963|0.00099982|0.00091763|0.00068217,1,0.9649896621704102,True,580,0.9649896621704102,True,580,0.9284958243370056,True,580,0.8277145624160767,True,580,0.8693168759346008,True,c12_correct
581,582,582_6.bmp,preprocessed_results\582\582_6.bmp,581,581,581,0.9377447962760925,580,0.0037708936724811792,0.9339739026036114,581|580|670|829|777,0.93774480|0.00377089|0.00311765|0.00287767|0.00219990,1,0.9377447962760925,True,581,0.9377447962760925,True,581,0.8728988766670227,True,581,0.8266555070877075,True,581,0.8007642030715942,True,c12_correct
582,583,583_8.bmp,preprocessed_results\583\583_8.bmp,582,582,582,0.8935520648956299,615,0.008249743841588497,0.8853023210540414,582|615|640|583|143,0.89355206|0.00824974|0.00804470|0.00496780|0.00473393,1,0.8935520648956299,True,582,0.8935520648956299,True,582,0.7595785856246948,True,582,0.8471682071685791,True,582,0.6714209318161011,True,c12_correct
583,584,584_4.bmp,preprocessed_results\584\584_4.bmp,583,583,583,0.8552290201187134,582,0.01999352127313614,0.8352354988455772,583|582|717|86|597,0.85522902|0.01999352|0.00533384|0.00339286|0.00325793,1,0.8552290201187134,True,583,0.8552290201187134,True,583,0.6009465456008911,True,583,0.8454543352127075,True,583,0.7781446576118469,True,c12_correct
584,585,585_1.bmp,preprocessed_results\585\585_1.bmp,584,584,584,0.8781538605690002,832,0.013614953495562077,0.8645389070734382,584|832|706|606|438,0.87815386|0.01361495|0.00351301|0.00314370|0.00302377,1,0.8781538605690002,True,584,0.8781538605690002,True,584,0.7324533462524414,True,584,0.8085829019546509,True,584,0.7725411653518677,True,c12_correct
585,586,586_8.bmp,preprocessed_results\586\586_8.bmp,585,585,585,0.9107049703598022,730,0.004282222129404545,0.9064227482303977,585|730|679|584|595,0.91070497|0.00428222|0.00415032|0.00334502|0.00185914,1,0.9107049703598022,True,585,0.9107049703598022,True,585,0.8758999705314636,True,585,0.8405324220657349,True,585,0.853384792804718,True,c12_correct
586,587,587_8.bmp,preprocessed_results\587\587_8.bmp,586,586,586,0.9277068972587585,587,0.008777720853686333,0.9189291764050722,586|587|693|594|761,0.92770690|0.00877772|0.00365167|0.00235648|0.00206284,1,0.9277068972587585,True,586,0.9277068972587585,True,586,0.7731673717498779,True,586,0.834930419921875,True,586,0.8065755367279053,True,c12_correct
587,588,588_4.bmp,preprocessed_results\588\588_4.bmp,587,587,587,0.9663424491882324,721,0.002069436013698578,0.9642730131745338,587|721|576|744|691,0.96634245|0.00206944|0.00142935|0.00109062|0.00092003,1,0.9663424491882324,True,587,0.9663424491882324,True,587,0.8325669169425964,True,587,0.8259183168411255,True,587,0.8950766324996948,True,c12_correct
588,589,589_5.bmp,preprocessed_results\589\589_5.bmp,588,588,588,0.9139348864555359,788,0.002250061836093664,0.9116848246194422,588|788|806|580|730,0.91393489|0.00225006|0.00137026|0.00133252|0.00133188,1,0.9139348864555359,True,588,0.9139348864555359,True,588,0.838396430015564,True,588,0.8360456824302673,True,588,0.7844556570053101,True,c12_correct
589,590,590_6.bmp,preprocessed_results\590\590_6.bmp,589,589,589,0.9687889814376831,763,0.0018923364114016294,0.9668966450262815,589|763|713|588|216,0.96878898|0.00189234|0.00144905|0.00090008|0.00088850,1,0.9687889814376831,True,589,0.9687889814376831,True,589,0.8990544080734253,True,589,0.8296301960945129,True,589,0.8656368255615234,True,c12_correct
590,591,591_8.bmp,preprocessed_results\591\591_8.bmp,590,590,590,0.9444578886032104,644,0.007484337314963341,0.9369735512882471,590|644|591|691|561,0.94445789|0.00748434|0.00483902|0.00359180|0.00307425,1,0.9444578886032104,True,590,0.9444578886032104,True,590,0.8320532441139221,True,590,0.8213177919387817,True,590,0.8012827038764954,True,c12_correct
591,592,592_10.bmp,preprocessed_results\592\592_10.bmp,591,591,591,0.9716517925262451,590,0.004857827443629503,0.9667939650826156,591|590|792|684|124,0.97165179|0.00485783|0.00094869|0.00081625|0.00074636,1,0.9716517925262451,True,591,0.9716517925262451,True,591,0.8048316240310669,True,591,0.8026928901672363,True,591,0.7980667948722839,True,c12_correct
592,593,593_6.bmp,preprocessed_results\593\593_6.bmp,592,592,592,0.6778719425201416,823,0.017485028132796288,0.6603869143873453,592|823|706|593|787,0.67787194|0.01748503|0.01194211|0.00985311|0.00459269,1,0.6778719425201416,True,592,0.6778719425201416,True,592,0.6329646110534668,True,592,0.8152289390563965,True,592,0.5561684370040894,True,c12_correct
593,594,594_9.bmp,preprocessed_results\594\594_9.bmp,593,593,593,0.9163685441017151,592,0.005023488309234381,0.9113450557924807,593|592|638|674|786,0.91636854|0.00502349|0.00240407|0.00239483|0.00195050,1,0.9163685441017151,True,593,0.9163685441017151,True,593,0.8596174716949463,True,593,0.8215174078941345,True,593,0.8312087655067444,True,c12_correct
594,595,595_2.bmp,preprocessed_results\595\595_2.bmp,594,594,768,0.2937498688697815,594,0.056741174310445786,0.2370086945593357,768|594|297|807|740,0.29374987|0.05674117|0.03400933|0.03073345|0.01981754,2,0.056741174310445786,True,768,0.2937498688697815,False,594,0.1351948380470276,True,594,0.5024271607398987,True,594,0.041368599981069565,True,teacher_all_correct;true_in_top5
595,596,596_1.bmp,preprocessed_results\596\596_1.bmp,595,595,595,0.9648218750953674,594,0.0036749159917235374,0.9611469591036439,595|594|623|726|762,0.96482188|0.00367492|0.00150918|0.00121618|0.00110680,1,0.9648218750953674,True,595,0.9648218750953674,True,595,0.8340688943862915,True,595,0.811821460723877,True,595,0.7921245098114014,True,c12_correct
596,597,597_4.bmp,preprocessed_results\597\597_4.bmp,596,596,596,0.8503358960151672,612,0.026044992730021477,0.8242909032851458,596|612|613|799|607,0.85033590|0.02604499|0.00440701|0.00435382|0.00410458,1,0.8503358960151672,True,596,0.8503358960151672,True,596,0.8494617342948914,True,596,0.8299543261528015,True,596,0.8173383474349976,True,c12_correct
597,598,598_1.bmp,preprocessed_results\598\598_1.bmp,597,597,597,0.6329965591430664,585,0.021287044510245323,0.6117095146328211,597|585|829|791|792,0.63299656|0.02128704|0.01705746|0.01686821|0.01648449,1,0.6329965591430664,True,597,0.6329965591430664,True,597,0.8094093799591064,True,597,0.8379803895950317,True,597,0.6959353089332581,True,c12_correct
598,599,599_6.bmp,preprocessed_results\599\599_6.bmp,598,598,598,0.9201058745384216,599,0.015062587335705757,0.9050432872027159,598|599|634|743|273,0.92010587|0.01506259|0.00337541|0.00264016|0.00238274,1,0.9201058745384216,True,598,0.9201058745384216,True,598,0.7206870317459106,True,598,0.8373162150382996,True,598,0.6950010061264038,True,c12_correct
599,600,600_1.bmp,preprocessed_results\600\600_1.bmp,599,599,599,0.5923894047737122,598,0.09264872223138809,0.49974068254232407,599|598|635|577|634,0.59238940|0.09264872|0.02748711|0.00717280|0.00630567,1,0.5923894047737122,True,599,0.5923894047737122,True,599,0.5601286888122559,True,599,0.8072377443313599,True,599,0.714825451374054,True,c12_correct
600,601,601_4.bmp,preprocessed_results\601\601_4.bmp,600,600,600,0.9146007895469666,653,0.007205911446362734,0.9073948781006038,600|653|641|675|652,0.91460079|0.00720591|0.00535322|0.00299090|0.00207033,1,0.9146007895469666,True,600,0.9146007895469666,True,600,0.702908456325531,True,600,0.8082936406135559,True,600,0.7221542596817017,True,c12_correct
601,602,602_4.bmp,preprocessed_results\602\602_4.bmp,601,601,601,0.9533869624137878,814,0.002576787257567048,0.9508101751562208,601|814|600|641|635,0.95338696|0.00257679|0.00189859|0.00155719|0.00142156,1,0.9533869624137878,True,601,0.9533869624137878,True,601,0.8022288084030151,True,601,0.8422353267669678,True,601,0.8066268563270569,True,c12_correct
602,603,603_5.bmp,preprocessed_results\603\603_5.bmp,602,602,602,0.6582710146903992,603,0.023783473297953606,0.6344875413924456,602|603|238|585|622,0.65827101|0.02378347|0.01163498|0.00905053|0.00546451,1,0.6582710146903992,True,602,0.6582710146903992,True,602,0.637692928314209,True,602,0.8323687314987183,True,602,0.6936464309692383,True,c12_correct
603,604,604_1.bmp,preprocessed_results\604\604_1.bmp,603,603,603,0.8572657704353333,378,0.0031639470253139734,0.8541018234100193,603|378|674|288|170,0.85726577|0.00316395|0.00315246|0.00289916|0.00282346,1,0.8572657704353333,True,603,0.8572657704353333,True,603,0.8316977024078369,True,603,0.8260597586631775,True,603,0.7750232815742493,True,c12_correct
604,605,605_2.bmp,preprocessed_results\605\605_2.bmp,604,604,604,0.9118312001228333,605,0.017923207953572273,0.893907992169261,604|605|644|678|726,0.91183120|0.01792321|0.00546326|0.00241596|0.00208797,1,0.9118312001228333,True,604,0.9118312001228333,True,604,0.898590087890625,True,604,0.8196991086006165,True,604,0.8681185841560364,True,c12_correct
605,606,606_2.bmp,preprocessed_results\606\606_2.bmp,605,605,605,0.8290027976036072,604,0.01610446721315384,0.8128983303904533,605|604|451|246|103,0.82900280|0.01610447|0.00521681|0.00377518|0.00363777,1,0.8290027976036072,True,605,0.8290027976036072,True,605,0.5807172656059265,True,605,0.840211033821106,True,605,0.7095798850059509,True,c12_correct
606,607,607_7.bmp,preprocessed_results\607\607_7.bmp,606,606,606,0.9260690808296204,832,0.006788126192986965,0.9192809546366334,606|832|279|678|584,0.92606908|0.00678813|0.00471371|0.00386800|0.00332101,1,0.9260690808296204,True,606,0.9260690808296204,True,606,0.808849573135376,True,606,0.8225315809249878,True,606,0.7336457371711731,True,c12_correct
607,608,608_7.bmp,preprocessed_results\608\608_7.bmp,607,607,607,0.953779399394989,792,0.00201514083892107,0.9517642585560679,607|792|647|706|625,0.95377940|0.00201514|0.00164227|0.00154160|0.00111691,1,0.953779399394989,True,607,0.953779399394989,True,607,0.8555631041526794,True,607,0.7839940786361694,True,607,0.8409034609794617,True,c12_correct
608,609,609_8.bmp,preprocessed_results\609\609_8.bmp,608,608,608,0.9127674102783203,609,0.032305262982845306,0.880462147295475,608|609|813|802|138,0.91276741|0.03230526|0.00513171|0.00215745|0.00127139,1,0.9127674102783203,True,608,0.9127674102783203,True,608,0.9104138612747192,True,608,0.8216097354888916,True,608,0.8106690645217896,True,c12_correct
609,610,610_7.bmp,preprocessed_results\610\610_7.bmp,609,609,609,0.8530147075653076,608,0.0389350987970829,0.8140796087682247,609|608|813|734|594,0.85301471|0.03893510|0.00711459|0.00414433|0.00327009,1,0.8530147075653076,True,609,0.8530147075653076,True,609,0.4277072548866272,True,609,0.827454686164856,True,609,0.8200046420097351,True,c12_correct
610,611,611_2.bmp,preprocessed_results\611\611_2.bmp,610,610,610,0.484139621257782,646,0.013438345864415169,0.4707012753933668,610|646|690|295|742,0.48413962|0.01343835|0.01162596|0.01146010|0.00984080,1,0.484139621257782,True,610,0.484139621257782,True,610,0.3709578514099121,True,610,0.7673488855361938,True,610,0.4211404025554657,True,c12_correct
611,612,612_8.bmp,preprocessed_results\612\612_8.bmp,611,611,611,0.9545988440513611,610,0.006086994428187609,0.9485118496231735,611|610|601|681|781,0.95459884|0.00608699|0.00201304|0.00104719|0.00103710,1,0.9545988440513611,True,611,0.9545988440513611,True,611,0.8876060843467712,True,611,0.8179609179496765,True,611,0.8912956118583679,True,c12_correct
612,613,613_5.bmp,preprocessed_results\613\613_5.bmp,612,612,612,0.8207383155822754,303,0.015557128004729748,0.8051811875775456,612|303|755|656|726,0.82073832|0.01555713|0.01463475|0.00825698|0.00370161,1,0.8207383155822754,True,612,0.8207383155822754,True,612,0.30603092908859253,True,612,0.792716920375824,True,612,0.605542004108429,True,c12_correct
613,614,614_2.bmp,preprocessed_results\614\614_2.bmp,613,613,613,0.9477073550224304,607,0.010858810506761074,0.9368485445156693,613|607|785|793|612,0.94770736|0.01085881|0.00214161|0.00170895|0.00124798,1,0.9477073550224304,True,613,0.9477073550224304,True,613,0.7792367935180664,True,613,0.8169025182723999,True,613,0.7798118591308594,True,c12_correct
614,615,615_7.bmp,preprocessed_results\615\615_7.bmp,614,614,614,0.730636715888977,615,0.07531526684761047,0.6553214490413666,614|615|438|623|712,0.73063672|0.07531527|0.01217091|0.00912457|0.00686339,1,0.730636715888977,True,614,0.730636715888977,True,614,0.28471139073371887,True,614,0.8083599805831909,True,614,0.46218010783195496,True,c12_correct
615,616,616_7.bmp,preprocessed_results\616\616_7.bmp,615,615,615,0.9275451302528381,614,0.011612988077104092,0.915932142175734,615|614|582|706|713,0.92754513|0.01161299|0.00314129|0.00158619|0.00106928,1,0.9275451302528381,True,615,0.9275451302528381,True,615,0.818782389163971,True,615,0.8276355266571045,True,615,0.693838894367218,True,c12_correct
616,617,617_5.bmp,preprocessed_results\617\617_5.bmp,616,616,616,0.7043244242668152,617,0.017079057171940804,0.6872453670948744,616|617|802|541|618,0.70432442|0.01707906|0.01411399|0.01122822|0.00880023,1,0.7043244242668152,True,616,0.7043244242668152,True,616,0.4340938329696655,True,616,0.7842610478401184,True,616,0.5446008443832397,True,c12_correct
617,618,618_8.bmp,preprocessed_results\618\618_8.bmp,617,617,617,0.8042523860931396,758,0.009078414179384708,0.7951739719137549,617|758|756|616|673,0.80425239|0.00907841|0.00688993|0.00660047|0.00563545,1,0.8042523860931396,True,617,0.8042523860931396,True,617,0.6538663506507874,True,617,0.7917538285255432,True,617,0.6308088898658752,True,c12_correct
618,619,619_8.bmp,preprocessed_results\619\619_8.bmp,618,618,618,0.8638795018196106,648,0.010607709176838398,0.8532717926427722,618|648|750|598|560,0.86387950|0.01060771|0.00841569|0.00613471|0.00531787,1,0.8638795018196106,True,618,0.8638795018196106,True,618,0.8699744939804077,True,618,0.8300392031669617,True,618,0.811296284198761,True,c12_correct
619,620,620_9.bmp,preprocessed_results\620\620_9.bmp,619,619,619,0.9572794437408447,583,0.002655853983014822,0.9546235897578299,619|583|803|565|597,0.95727944|0.00265585|0.00248658|0.00234069|0.00136802,1,0.9572794437408447,True,619,0.9572794437408447,True,619,0.9164095520973206,True,619,0.8396556973457336,True,619,0.8786786794662476,True,c12_correct
620,621,621_8.bmp,preprocessed_results\621\621_8.bmp,620,620,620,0.9228752851486206,287,0.0026018929202109575,0.9202733922284096,620|287|737|765|642,0.92287529|0.00260189|0.00254466|0.00244047|0.00219199,1,0.9228752851486206,True,620,0.9228752851486206,True,620,0.6989827156066895,True,620,0.8205710053443909,True,620,0.8061519861221313,True,c12_correct
621,622,622_8.bmp,preprocessed_results\622\622_8.bmp,621,621,621,0.9655201435089111,613,0.0016828590305522084,0.9638372844783589,621|613|790|819|15,0.96552014|0.00168286|0.00127196|0.00116580|0.00116578,1,0.9655201435089111,True,621,0.9655201435089111,True,621,0.8494077920913696,True,621,0.8268380165100098,True,621,0.8445371985435486,True,c12_correct
622,623,623_9.bmp,preprocessed_results\623\623_9.bmp,622,622,622,0.18075822293758392,181,0.07939792424440384,0.10136029869318008,622|181|198|632|302,0.18075822|0.07939792|0.04075450|0.02889100|0.02813362,1,0.18075822293758392,True,622,0.18075822293758392,True,622,0.023671835660934448,True,622,0.6581400036811829,True,622,0.10168912261724472,True,c12_correct
623,624,624_6.bmp,preprocessed_results\624\624_6.bmp,623,623,623,0.9236899018287659,815,0.00872221402823925,0.9149676878005266,623|815|731|745|755,0.92368990|0.00872221|0.00859185|0.00231877|0.00194546,1,0.9236899018287659,True,623,0.9236899018287659,True,623,0.27208808064460754,True,623,0.8195009827613831,True,623,0.7239165306091309,True,c12_correct
624,625,625_4.bmp,preprocessed_results\625\625_4.bmp,624,624,624,0.7908188104629517,676,0.013614330440759659,0.777204480022192,624|676|828|186|706,0.79081881|0.01361433|0.01133877|0.00818372|0.00695286,1,0.7908188104629517,True,624,0.7908188104629517,True,624,0.6685619950294495,True,624,0.8169474005699158,True,624,0.6100174784660339,True,c12_correct
625,626,626_10.bmp,preprocessed_results\626\626_10.bmp,625,625,625,0.8575834035873413,656,0.0037176909390836954,0.8538657126482576,625|656|665|792|101,0.85758340|0.00371769|0.00359538|0.00248596|0.00242323,1,0.8575834035873413,True,625,0.8575834035873413,True,625,0.6291863322257996,True,625,0.8303066492080688,True,625,0.7000053524971008,True,c12_correct
626,627,627_3.bmp,preprocessed_results\627\627_3.bmp,626,626,626,0.8842313289642334,726,0.013170672580599785,0.8710606563836336,626|726|734|627|595,0.88423133|0.01317067|0.00395608|0.00327969|0.00300348,1,0.8842313289642334,True,626,0.8842313289642334,True,626,0.5901753902435303,True,626,0.8347569704055786,True,626,0.7940283417701721,True,c12_correct
627,628,628_5.bmp,preprocessed_results\628\628_5.bmp,627,627,627,0.9181236028671265,626,0.00919275265187025,0.9089308502152562,627|626|753|770|807,0.91812360|0.00919275|0.00391418|0.00121226|0.00104351,1,0.9181236028671265,True,627,0.9181236028671265,True,627,0.8968281745910645,True,627,0.8485985398292542,True,627,0.8010682463645935,True,c12_correct
628,629,629_1.bmp,preprocessed_results\629\629_1.bmp,628,628,628,0.7961034178733826,629,0.12659506499767303,0.6695083528757095,628|629|812|31|645,0.79610342|0.12659506|0.00616413|0.00445184|0.00369239,1,0.7961034178733826,True,628,0.7961034178733826,True,628,0.8888077735900879,True,628,0.8408412337303162,True,628,0.749374270439148,True,c12_correct
629,630,630_10.bmp,preprocessed_results\630\630_10.bmp,629,629,629,0.941746711730957,628,0.005494438111782074,0.936252273619175,629|628|6|601|812,0.94174671|0.00549444|0.00276624|0.00155706|0.00154113,1,0.941746711730957,True,629,0.941746711730957,True,629,0.8557741641998291,True,629,0.825927197933197,True,629,0.7697530388832092,True,c12_correct
630,631,631_5.bmp,preprocessed_results\631\631_5.bmp,630,630,630,0.9250292181968689,801,0.0035220328718423843,0.9215071853250265,630|801|688|636|649,0.92502922|0.00352203|0.00265589|0.00185044|0.00173673,1,0.9250292181968689,True,630,0.9250292181968689,True,630,0.7907403707504272,True,630,0.8087314963340759,True,630,0.6561229825019836,True,c12_correct
631,632,632_7.bmp,preprocessed_results\632\632_7.bmp,631,631,631,0.6095278859138489,681,0.09111242741346359,0.5184154585003853,631|681|630|512|721,0.60952789|0.09111243|0.03799341|0.03774944|0.01503894,1,0.6095278859138489,True,631,0.6095278859138489,True,631,0.28559058904647827,True,631,0.6269147396087646,True,631,0.30591651797294617,True,c12_correct
632,633,633_5.bmp,preprocessed_results\633\633_5.bmp,632,632,632,0.9195702075958252,501,0.004236095584928989,0.9153341120108962,632|501|170|12|642,0.91957021|0.00423610|0.00365889|0.00208348|0.00199937,1,0.9195702075958252,True,632,0.9195702075958252,True,632,0.7804486155509949,True,632,0.8148478269577026,True,632,0.7747930884361267,True,c12_correct
633,634,634_6.bmp,preprocessed_results\634\634_6.bmp,633,633,633,0.9700119495391846,819,0.002800018060952425,0.9672119314782321,633|819|162|709|803,0.97001195|0.00280002|0.00082508|0.00066064|0.00047835,1,0.9700119495391846,True,633,0.9700119495391846,True,633,0.8500492572784424,True,633,0.8421072959899902,True,633,0.8671535849571228,True,c12_correct
634,635,635_7.bmp,preprocessed_results\635\635_7.bmp,634,634,634,0.9783071279525757,635,0.001994895748794079,0.9763122322037816,634|635|271|270|648,0.97830713|0.00199490|0.00128242|0.00080804|0.00078259,1,0.9783071279525757,True,634,0.9783071279525757,True,634,0.8750883340835571,True,634,0.8179458975791931,True,634,0.8784717321395874,True,c12_correct
635,636,636_4.bmp,preprocessed_results\636\636_4.bmp,635,635,635,0.9493179321289062,641,0.002190954750403762,0.9471269773785025,635|641|720|114|805,0.94931793|0.00219095|0.00213915|0.00146478|0.00137518,1,0.9493179321289062,True,635,0.9493179321289062,True,635,0.34251144528388977,True,635,0.7981862425804138,True,635,0.6458693742752075,True,c12_correct
636,637,637_6.bmp,preprocessed_results\637\637_6.bmp,636,636,636,0.6308397054672241,630,0.0410894900560379,0.5897502154111862,636|630|708|637|688,0.63083971|0.04108949|0.03789341|0.02805280|0.01742684,1,0.6308397054672241,True,636,0.6308397054672241,True,636,0.3811275064945221,True,636,0.7207691669464111,True,636,0.3900849223136902,True,c12_correct
637,638,638_5.bmp,preprocessed_results\638\638_5.bmp,637,637,637,0.7728809714317322,636,0.03372849151492119,0.739152479916811,637|636|474|560|618,0.77288097|0.03372849|0.01245617|0.00404652|0.00344402,1,0.7728809714317322,True,637,0.7728809714317322,True,637,0.5954379439353943,True,637,0.8297706842422485,True,637,0.6080052852630615,True,c12_correct
638,639,639_2.bmp,preprocessed_results\639\639_2.bmp,638,638,638,0.9529358148574829,639,0.0064484174363315105,0.9464873974211514,638|639|740|762|786,0.95293581|0.00644842|0.00203013|0.00080357|0.00075826,1,0.9529358148574829,True,638,0.9529358148574829,True,638,0.8092776536941528,True,638,0.8303149342536926,True,638,0.8251897096633911,True,c12_correct
639,640,640_5.bmp,preprocessed_results\640\640_5.bmp,639,639,639,0.952181339263916,638,0.004878853913396597,0.9473024853505194,639|638|741|739|114,0.95218134|0.00487885|0.00427583|0.00101675|0.00089876,1,0.952181339263916,True,639,0.952181339263916,True,639,0.8479583859443665,True,639,0.831378698348999,True,639,0.7896431088447571,True,c12_correct
640,641,641_3.bmp,preprocessed_results\641\641_3.bmp,640,640,640,0.8498104214668274,804,0.0368746742606163,0.8129357472062111,640|804|666|648|641,0.84981042|0.03687467|0.01091774|0.00981584|0.00440798,1,0.8498104214668274,True,640,0.8498104214668274,True,640,0.48953163623809814,True,640,0.7389493584632874,True,640,0.615608811378479,True,c12_correct
641,642,642_6.bmp,preprocessed_results\642\642_6.bmp,641,641,641,0.916299045085907,805,0.011608252301812172,0.9046907927840948,641|805|648|814|667,0.91629905|0.01160825|0.00360074|0.00343718|0.00161639,1,0.916299045085907,True,641,0.916299045085907,True,641,0.5348408818244934,True,641,0.7617475986480713,True,641,0.6499571800231934,True,c12_correct
642,643,643_1.bmp,preprocessed_results\643\643_1.bmp,642,642,642,0.9367896914482117,620,0.004253098275512457,0.9325365931726992,642|620|643|698|570,0.93678969|0.00425310|0.00291592|0.00141837|0.00107074,1,0.9367896914482117,True,642,0.9367896914482117,True,642,0.8334652185440063,True,642,0.8592438697814941,True,642,0.844412624835968,True,c12_correct
643,644,644_4.bmp,preprocessed_results\644\644_4.bmp,643,643,643,0.887281060218811,667,0.015834307298064232,0.8714467529207468,643|667|686|642|741,0.88728106|0.01583431|0.00546989|0.00531112|0.00487479,1,0.887281060218811,True,643,0.887281060218811,True,643,0.757024884223938,True,643,0.8212904334068298,True,643,0.7109177708625793,True,c12_correct
644,645,645_2.bmp,preprocessed_results\645\645_2.bmp,644,644,644,0.9299197793006897,590,0.008222195319831371,0.9216975839808583,644|590|604|618|332,0.92991978|0.00822220|0.00542073|0.00466267|0.00358473,1,0.9299197793006897,True,644,0.9299197793006897,True,644,0.740349531173706,True,644,0.8282961249351501,True,644,0.7284954190254211,True,c12_correct
645,646,646_5.bmp,preprocessed_results\646\646_5.bmp,645,645,645,0.9568615555763245,475,0.0032241761218756437,0.9536373794544488,645|475|644|356|604,0.95686156|0.00322418|0.00233822|0.00206921|0.00195049,1,0.9568615555763245,True,645,0.9568615555763245,True,645,0.7541916370391846,True,645,0.8337938189506531,True,645,0.8159314393997192,True,c12_correct
646,647,647_5.bmp,preprocessed_results\647\647_5.bmp,646,646,646,0.9798294305801392,568,0.002124094869941473,0.9777053357101977,646|568|694|438|732,0.97982943|0.00212409|0.00108657|0.00092819|0.00073074,1,0.9798294305801392,True,646,0.9798294305801392,True,646,0.8776431679725647,True,646,0.8447206020355225,True,646,0.831527054309845,True,c12_correct
647,648,648_8.bmp,preprocessed_results\648\648_8.bmp,647,647,647,0.9728035926818848,333,0.001651042141020298,0.9711525505408645,647|333|272|327|607,0.97280359|0.00165104|0.00113876|0.00059396|0.00059078,1,0.9728035926818848,True,647,0.9728035926818848,True,647,0.8684585690498352,True,647,0.8317281603813171,True,647,0.7524805068969727,True,c12_correct
648,649,649_8.bmp,preprocessed_results\649\649_8.bmp,648,648,648,0.15090031921863556,635,0.06679871678352356,0.084101602435112,648|635|666|649|667,0.15090032|0.06679872|0.06292414|0.04004225|0.03405155,1,0.15090031921863556,True,648,0.15090031921863556,True,648,0.11128096282482147,True,648,0.7768216729164124,True,648,0.1880190223455429,True,c12_correct
649,650,650_7.bmp,preprocessed_results\650\650_7.bmp,649,649,649,0.8416143655776978,689,0.02140670083463192,0.8202076647430658,649|689|721|635|743,0.84161437|0.02140670|0.00865582|0.00861423|0.00639390,1,0.8416143655776978,True,649,0.8416143655776978,True,649,0.7068547010421753,True,649,0.8300508856773376,True,649,0.7391310334205627,True,c12_correct
650,651,651_8.bmp,preprocessed_results\651\651_8.bmp,650,650,650,0.9201234579086304,651,0.004015491344034672,0.9161079665645957,650|651|696|596|830,0.92012346|0.00401549|0.00258812|0.00180811|0.00150611,1,0.9201234579086304,True,650,0.9201234579086304,True,650,0.7359526753425598,True,650,0.8402119278907776,True,650,0.7608921527862549,True,c12_correct
651,652,652_8.bmp,preprocessed_results\652\652_8.bmp,651,651,651,0.9603090882301331,650,0.0031568696722388268,0.9571522185578942,651|650|632|812|623,0.96030909|0.00315687|0.00097997|0.00092868|0.00089650,1,0.9603090882301331,True,651,0.9603090882301331,True,651,0.9092772006988525,True,651,0.8375067114830017,True,651,0.8474342226982117,True,c12_correct
652,653,653_6.bmp,preprocessed_results\653\653_6.bmp,652,652,652,0.9370403289794922,653,0.004680032376199961,0.9323602966032922,652|653|803|725|698,0.93704033|0.00468003|0.00133214|0.00119204|0.00116390,1,0.9370403289794922,True,652,0.9370403289794922,True,652,0.8050265312194824,True,652,0.8557862043380737,True,652,0.8084131479263306,True,c12_correct
653,654,654_2.bmp,preprocessed_results\654\654_2.bmp,653,653,653,0.9605100750923157,652,0.006912911776453257,0.9535971633158624,653|652|641|589|681,0.96051008|0.00691291|0.00122350|0.00078208|0.00076306,1,0.9605100750923157,True,653,0.9605100750923157,True,653,0.8893001079559326,True,653,0.8034396171569824,True,653,0.8083924055099487,True,c12_correct
654,655,655_9.bmp,preprocessed_results\655\655_9.bmp,654,654,654,0.9702311754226685,732,0.0008903031703084707,0.96934087225236,654|732|716|667|599,0.97023118|0.00089030|0.00081554|0.00061398|0.00057055,1,0.9702311754226685,True,654,0.9702311754226685,True,654,0.9074268937110901,True,654,0.8469024896621704,True,654,0.8431201577186584,True,c12_correct
655,656,656_2.bmp,preprocessed_results\656\656_2.bmp,655,655,655,0.9113026857376099,692,0.0037882491014897823,0.9075144366361201,655|692|587|767|130,0.91130269|0.00378825|0.00372713|0.00240387|0.00223556,1,0.9113026857376099,True,655,0.9113026857376099,True,655,0.861706018447876,True,655,0.8345526456832886,True,655,0.7915332913398743,True,c12_correct
656,657,657_7.bmp,preprocessed_results\657\657_7.bmp,656,656,656,0.9535700082778931,712,0.0030387809965759516,0.9505312272813171,656|712|612|740|618,0.95357001|0.00303878|0.00160426|0.00146131|0.00111220,1,0.9535700082778931,True,656,0.9535700082778931,True,656,0.8960912823677063,True,656,0.8378342986106873,True,656,0.8541589379310608,True,c12_correct
657,658,658_6.bmp,preprocessed_results\658\658_6.bmp,657,657,657,0.5741222500801086,792,0.061278313398361206,0.5128439366817474,657|792|696|793|719,0.57412225|0.06127831|0.01815018|0.01792143|0.01077776,1,0.5741222500801086,True,657,0.5741222500801086,True,657,0.38508695363998413,True,657,0.8212250471115112,True,657,0.5697774887084961,True,c12_correct
658,659,659_5.bmp,preprocessed_results\659\659_5.bmp,658,658,658,0.956866443157196,729,0.0026424576062709093,0.9542239855509251,658|729|694|287|728,0.95686644|0.00264246|0.00251586|0.00120051|0.00109484,1,0.956866443157196,True,658,0.956866443157196,True,658,0.7804256677627563,True,658,0.84274822473526,True,658,0.7636809945106506,True,c12_correct
659,660,660_6.bmp,preprocessed_results\660\660_6.bmp,659,659,659,0.9390493035316467,708,0.0036162559408694506,0.9354330475907773,659|708|712|587|600,0.93904930|0.00361626|0.00319347|0.00299276|0.00270347,1,0.9390493035316467,True,659,0.9390493035316467,True,659,0.8799626231193542,True,659,0.8294431567192078,True,659,0.8062250018119812,True,c12_correct
660,661,661_8.bmp,preprocessed_results\661\661_8.bmp,660,660,660,0.9526684880256653,736,0.0031622310634702444,0.949506256962195,660|736|830|261|822,0.95266849|0.00316223|0.00270689|0.00260612|0.00180015,1,0.9526684880256653,True,660,0.9526684880256653,True,660,0.7146506905555725,True,660,0.8423738479614258,True,660,0.7999226450920105,True,c12_correct
661,662,662_3.bmp,preprocessed_results\662\662_3.bmp,661,661,661,0.8225283622741699,759,0.011230428703129292,0.8112979335710406,661|759|735|291|290,0.82252836|0.01123043|0.00760002|0.00696254|0.00588168,1,0.8225283622741699,True,661,0.8225283622741699,True,661,0.7410330772399902,True,661,0.7986645102500916,True,661,0.7257075309753418,True,c12_correct
662,663,663_4.bmp,preprocessed_results\663\663_4.bmp,662,662,662,0.9668047428131104,663,0.009039278142154217,0.9577654646709561,662|663|567|566|93,0.96680474|0.00903928|0.00128925|0.00085075|0.00079947,1,0.9668047428131104,True,662,0.9668047428131104,True,662,0.8482135534286499,True,662,0.8355651497840881,True,662,0.8401483297348022,True,c12_correct
663,664,664_2.bmp,preprocessed_results\664\664_2.bmp,663,663,663,0.9436944127082825,777,0.0020452416501939297,0.9416491710580885,663|777|662|597|801,0.94369441|0.00204524|0.00195770|0.00134114|0.00112898,1,0.9436944127082825,True,663,0.9436944127082825,True,663,0.8180405497550964,True,663,0.8204469084739685,True,663,0.8323892951011658,True,c12_correct
664,665,665_7.bmp,preprocessed_results\665\665_7.bmp,664,664,664,0.9639484286308289,686,0.001376249478198588,0.9625721791526303,664|686|578|804|666,0.96394843|0.00137625|0.00100539|0.00100070|0.00090051,1,0.9639484286308289,True,664,0.9639484286308289,True,664,0.8094494342803955,True,664,0.8256710171699524,True,664,0.7714526653289795,True,c12_correct
665,666,666_10.bmp,preprocessed_results\666\666_10.bmp,665,665,665,0.9514600038528442,221,0.00326175382360816,0.9481982500292361,665|221|815|664|99,0.95146000|0.00326175|0.00272045|0.00232631|0.00225382,1,0.9514600038528442,True,665,0.9514600038528442,True,665,0.8493893146514893,True,665,0.8404381275177002,True,665,0.8486233353614807,True,c12_correct
666,667,667_6.bmp,preprocessed_results\667\667_6.bmp,666,666,666,0.8465809226036072,667,0.01299394853413105,0.8335869740694761,666|667|641|805|640,0.84658092|0.01299395|0.01283260|0.01271509|0.01062309,1,0.8465809226036072,True,666,0.8465809226036072,True,666,0.8738091588020325,True,666,0.8207194805145264,True,666,0.8297033905982971,True,c12_correct
667,668,668_2.bmp,preprocessed_results\668\668_2.bmp,667,667,667,0.7714799642562866,698,0.02239132672548294,0.7490886375308037,667|698|643|666|111,0.77147996|0.02239133|0.01176377|0.00672242|0.00368057,1,0.7714799642562866,True,667,0.7714799642562866,True,667,0.6630561947822571,True,667,0.7951633334159851,True,667,0.4848223030567169,True,c12_correct
668,669,669_10.bmp,preprocessed_results\669\669_10.bmp,668,668,668,0.9645819067955017,669,0.00221875193528831,0.9623631548602134,668|669|765|770|626,0.96458191|0.00221875|0.00111723|0.00086652|0.00076716,1,0.9645819067955017,True,668,0.9645819067955017,True,668,0.8858882784843445,True,668,0.8419224619865417,True,668,0.8599560260772705,True,c12_correct
669,670,670_7.bmp,preprocessed_results\670\670_7.bmp,669,669,669,0.7274742722511292,668,0.08031602203845978,0.6471582502126694,669|668|765|683|749,0.72747427|0.08031602|0.03485655|0.00816793|0.00507040,1,0.7274742722511292,True,669,0.7274742722511292,True,669,0.37516382336616516,True,669,0.8061708807945251,True,669,0.5370157957077026,True,c12_correct
670,671,671_7.bmp,preprocessed_results\671\671_7.bmp,670,670,670,0.6428268551826477,826,0.022772982716560364,0.6200538724660873,670|826|777|829|780,0.64282686|0.02277298|0.01911327|0.01862652|0.01586040,1,0.6428268551826477,True,670,0.6428268551826477,True,670,0.667723536491394,True,670,0.8263224959373474,True,670,0.7176429033279419,True,c12_correct
671,672,672_9.bmp,preprocessed_results\672\672_9.bmp,671,671,671,0.8869317770004272,657,0.006055811885744333,0.8808759651146829,671|657|627|670|781,0.88693178|0.00605581|0.00432893|0.00376331|0.00281941,1,0.8869317770004272,True,671,0.8869317770004272,True,671,0.825165867805481,True,671,0.8283267021179199,True,671,0.8297877907752991,True,c12_correct
672,673,673_1.bmp,preprocessed_results\673\673_1.bmp,672,672,672,0.6764755249023438,673,0.02715887874364853,0.6493166461586952,672|673|808|686|750,0.67647552|0.02715888|0.01868206|0.00884966|0.00608378,1,0.6764755249023438,True,672,0.6764755249023438,True,672,0.632642924785614,True,672,0.8298543691635132,True,672,0.7457426190376282,True,c12_correct
673,674,674_1.bmp,preprocessed_results\674\674_1.bmp,673,673,673,0.8865967392921448,672,0.01107514277100563,0.8755215965211391,673|672|333|750|686,0.88659674|0.01107514|0.00723908|0.00467681|0.00462220,1,0.8865967392921448,True,673,0.8865967392921448,True,673,0.6771842837333679,True,673,0.8346313834190369,True,673,0.8120169043540955,True,c12_correct
674,675,675_1.bmp,preprocessed_results\675\675_1.bmp,674,674,674,0.9423550367355347,646,0.0032297982834279537,0.9391252384521067,674|646|675|610|659,0.94235504|0.00322980|0.00214769|0.00197721|0.00144628,1,0.9423550367355347,True,674,0.9423550367355347,True,674,0.8729297518730164,True,674,0.8369001150131226,True,674,0.8675593137741089,True,c12_correct
675,676,676_4.bmp,preprocessed_results\676\676_4.bmp,675,675,675,0.8557546138763428,674,0.010990076698362827,0.84476453717798,675|674|5|783|310,0.85575461|0.01099008|0.00355779|0.00322373|0.00321873,1,0.8557546138763428,True,675,0.8557546138763428,True,675,0.652470588684082,True,675,0.8207762241363525,True,675,0.6689297556877136,True,c12_correct
676,677,677_8.bmp,preprocessed_results\677\677_8.bmp,676,676,676,0.9682202339172363,757,0.0011385526740923524,0.967081681243144,676|757|750|686|720,0.96822023|0.00113855|0.00113111|0.00100011|0.00087011,1,0.9682202339172363,True,676,0.9682202339172363,True,676,0.9276899099349976,True,676,0.8227919340133667,True,676,0.8042450547218323,True,c12_correct
677,678,678_6.bmp,preprocessed_results\678\678_6.bmp,677,677,677,0.8975569605827332,750,0.0108195124194026,0.8867374481633306,677|750|751|684|685,0.89755696|0.01081951|0.00419933|0.00393850|0.00380908,1,0.8975569605827332,True,677,0.8975569605827332,True,677,0.7219314575195312,True,677,0.827867329120636,True,677,0.7647194862365723,True,c12_correct
678,679,679_8.bmp,preprocessed_results\679\679_8.bmp,678,678,678,0.41264039278030396,591,0.0542815662920475,0.35835882648825645,678|591|569|604|644,0.41264039|0.05428157|0.02049419|0.01981833|0.01813270,1,0.41264039278030396,True,678,0.41264039278030396,True,678,0.18638832867145538,True,678,0.7605376839637756,True,678,0.3744686245918274,True,c12_correct
679,680,680_3.bmp,preprocessed_results\680\680_3.bmp,679,679,679,0.8905376195907593,814,0.0037229135632514954,0.8868147060275078,679|814|649|282|681,0.89053762|0.00372291|0.00300423|0.00258694|0.00230066,1,0.8905376195907593,True,679,0.8905376195907593,True,679,0.8530398607254028,True,679,0.8408514261245728,True,679,0.8326483368873596,True,c12_correct
680,681,681_6.bmp,preprocessed_results\681\681_6.bmp,680,680,680,0.9475529789924622,681,0.005070395767688751,0.9424825832247734,680|681|641|802|803,0.94755298|0.00507040|0.00215293|0.00193245|0.00144270,1,0.9475529789924622,True,680,0.9475529789924622,True,680,0.8919033408164978,True,680,0.8464335799217224,True,680,0.8963442444801331,True,c12_correct
681,682,682_4.bmp,preprocessed_results\682\682_4.bmp,681,681,681,0.8384474515914917,631,0.01668388582766056,0.8217635657638311,681|631|680|679|557,0.83844745|0.01668389|0.01323751|0.00373063|0.00322533,1,0.8384474515914917,True,681,0.8384474515914917,True,681,0.8101258873939514,True,681,0.8263357877731323,True,681,0.6086785197257996,True,c12_correct
682,683,683_5.bmp,preprocessed_results\683\683_5.bmp,682,682,682,0.9489287734031677,826,0.0029235961847007275,0.946005177218467,682|826|641|802|683,0.94892877|0.00292360|0.00212577|0.00134293|0.00113882,1,0.9489287734031677,True,682,0.9489287734031677,True,682,0.7254308462142944,True,682,0.8056145906448364,True,682,0.7017676830291748,True,c12_correct
683,684,684_5.bmp,preprocessed_results\684\684_5.bmp,683,683,683,0.9383194446563721,765,0.015494138933718204,0.9228253057226539,683|765|810|682|749,0.93831944|0.01549414|0.00215406|0.00133564|0.00104566,1,0.9383194446563721,True,683,0.9383194446563721,True,683,0.7975139021873474,True,683,0.8494805097579956,True,683,0.8620020151138306,True,c12_correct
684,685,685_8.bmp,preprocessed_results\685\685_8.bmp,684,684,684,0.9375003576278687,685,0.005801679566502571,0.9316986780613661,684|685|750|634|686,0.93750036|0.00580168|0.00343889|0.00335675|0.00270130,1,0.9375003576278687,True,684,0.9375003576278687,True,684,0.8825656175613403,True,684,0.8250247240066528,True,684,0.8459816575050354,True,c12_correct
685,686,686_8.bmp,preprocessed_results\686\686_8.bmp,685,685,685,0.928439736366272,684,0.004084866028279066,0.9243548703379929,685|684|636|631|103,0.92843974|0.00408487|0.00345328|0.00337180|0.00195831,1,0.928439736366272,True,685,0.928439736366272,True,685,0.8603894710540771,True,685,0.8375489711761475,True,685,0.7828481197357178,True,c12_correct
686,687,687_4.bmp,preprocessed_results\687\687_4.bmp,686,686,686,0.9529829025268555,576,0.002938399091362953,0.9500445034354925,686|576|750|666|667,0.95298290|0.00293840|0.00232833|0.00170231|0.00158876,1,0.9529829025268555,True,686,0.9529829025268555,True,686,0.8255349397659302,True,686,0.8478847742080688,True,686,0.7967273592948914,True,c12_correct
687,688,688_2.bmp,preprocessed_results\688\688_2.bmp,687,687,687,0.8123934864997864,686,0.04349343478679657,0.7689000517129898,687|686|743|576|143,0.81239349|0.04349343|0.00974219|0.00915030|0.00853565,1,0.8123934864997864,True,687,0.8123934864997864,True,687,0.7627320289611816,True,687,0.8159930109977722,True,687,0.7664199471473694,True,c12_correct
688,689,689_7.bmp,preprocessed_results\689\689_7.bmp,688,688,688,0.8433310389518738,630,0.01137176901102066,0.8319592699408531,688|630|577|649|645,0.84333104|0.01137177|0.00685246|0.00453736|0.00437011,1,0.8433310389518738,True,688,0.8433310389518738,True,688,0.6102604269981384,True,688,0.7857319712638855,True,688,0.6053035855293274,True,c12_correct
689,690,690_5.bmp,preprocessed_results\690\690_5.bmp,689,689,689,0.9516485929489136,649,0.0025053357239812613,0.9491432572249323,689|649|721|685|224,0.95164859|0.00250534|0.00200474|0.00144473|0.00125334,1,0.9516485929489136,True,689,0.9516485929489136,True,689,0.8599101305007935,True,689,0.7923964858055115,True,689,0.8369880318641663,True,c12_correct
690,691,691_3.bmp,preprocessed_results\691\691_3.bmp,690,690,690,0.945492684841156,678,0.006745888851583004,0.938746795989573,690|678|680|691|730,0.94549268|0.00674589|0.00388923|0.00359631|0.00155046,1,0.945492684841156,True,690,0.945492684841156,True,690,0.8414046764373779,True,690,0.8494356870651245,True,690,0.8285141587257385,True,c12_correct
691,692,692_8.bmp,preprocessed_results\692\692_8.bmp,691,691,691,0.9710837602615356,690,0.001817750046029687,0.969266010215506,691|690|644|701|827,0.97108376|0.00181775|0.00072798|0.00069841|0.00053966,1,0.9710837602615356,True,691,0.9710837602615356,True,691,0.8663047552108765,True,691,0.8356442451477051,True,691,0.8310261964797974,True,c12_correct
692,693,693_1.bmp,preprocessed_results\693\693_1.bmp,692,692,692,0.957120418548584,693,0.009026236832141876,0.9480941817164421,692|693|744|141|757,0.95712042|0.00902624|0.00270500|0.00114384|0.00093458,1,0.957120418548584,True,692,0.957120418548584,True,692,0.8668488264083862,True,692,0.8471980094909668,True,692,0.8842757940292358,True,c12_correct
693,694,694_10.bmp,preprocessed_results\694\694_10.bmp,693,693,693,0.8712475299835205,692,0.005107191391289234,0.8661403385922313,693|692|827|757|587,0.87124753|0.00510719|0.00317972|0.00275248|0.00269322,1,0.8712475299835205,True,693,0.8712475299835205,True,693,0.8963043093681335,True,693,0.8369061946868896,True,693,0.7294517159461975,True,c12_correct
694,695,695_3.bmp,preprocessed_results\695\695_3.bmp,694,694,694,0.9889768958091736,646,0.0007363827317021787,0.9882405130774714,694|646|610|695|704,0.98897690|0.00073638|0.00056769|0.00032896|0.00031686,1,0.9889768958091736,True,694,0.9889768958091736,True,694,0.9407322406768799,True,694,0.8431742191314697,True,694,0.7741764783859253,True,c12_correct
695,696,696_2.bmp,preprocessed_results\696\696_2.bmp,695,695,695,0.8898944854736328,789,0.0052359686233103275,0.8846585168503225,695|789|739|819|673,0.88989449|0.00523597|0.00397574|0.00391592|0.00373975,1,0.8898944854736328,True,695,0.8898944854736328,True,695,0.5757243633270264,True,695,0.814939022064209,True,695,0.7577893137931824,True,c12_correct
696,697,697_8.bmp,preprocessed_results\697\697_8.bmp,696,696,696,0.7025779485702515,792,0.03420879691839218,0.6683691516518593,696|792|756|697|806,0.70257795|0.03420880|0.01921569|0.01295526|0.00591096,1,0.7025779485702515,True,696,0.7025779485702515,True,696,0.6861755847930908,True,696,0.8179118037223816,True,696,0.7950625419616699,True,c12_correct
697,698,698_4.bmp,preprocessed_results\698\698_4.bmp,697,697,697,0.6153499484062195,761,0.014468928799033165,0.6008810196071863,697|761|595|696|811,0.61534995|0.01446893|0.01371953|0.01263675|0.01056536,1,0.6153499484062195,True,697,0.6153499484062195,True,697,0.6713472008705139,True,697,0.8263067007064819,True,697,0.8315950036048889,True,c12_correct
698,699,699_10.bmp,preprocessed_results\699\699_10.bmp,698,698,698,0.8870404958724976,598,0.008971594274044037,0.8780689015984535,698|598|700|666|572,0.88704050|0.00897159|0.00643573|0.00370886|0.00369823,1,0.8870404958724976,True,698,0.8870404958724976,True,698,0.7658138275146484,True,698,0.8229856491088867,True,698,0.7955018281936646,True,c12_correct
699,700,700_9.bmp,preprocessed_results\700\700_9.bmp,699,699,699,0.9237362742424011,801,0.005927504505962133,0.917808769736439,699|801|743|637|724,0.92373627|0.00592750|0.00568739|0.00322271|0.00303188,1,0.9237362742424011,True,699,0.9237362742424011,True,699,0.849251389503479,True,699,0.7855161428451538,True,699,0.7685827612876892,True,c12_correct
700,701,701_10.bmp,preprocessed_results\701\701_10.bmp,700,700,700,0.9612209796905518,708,0.004110122565180063,0.9571108571253717,700|708|572|698|701,0.96122098|0.00411012|0.00158704|0.00078877|0.00069370,1,0.9612209796905518,True,700,0.9612209796905518,True,700,0.9178433418273926,True,700,0.8476139307022095,True,700,0.8115937113761902,True,c12_correct
701,702,702_2.bmp,preprocessed_results\702\702_2.bmp,701,701,701,0.898162305355072,634,0.0075057256035506725,0.8906565797515213,701|634|700|801|142,0.89816231|0.00750573|0.00672000|0.00523641|0.00228133,1,0.898162305355072,True,701,0.898162305355072,True,701,0.8408625721931458,True,701,0.8187310099601746,True,701,0.7923184037208557,True,c12_correct
702,703,703_1.bmp,preprocessed_results\703\703_1.bmp,702,702,702,0.9052650928497314,664,0.00266716699115932,0.9025979258585721,702|664|804|694|245,0.90526509|0.00266717|0.00215076|0.00204284|0.00182433,1,0.9052650928497314,True,702,0.9052650928497314,True,702,0.552041232585907,True,702,0.7955354452133179,True,702,0.7277166843414307,True,c12_correct
703,704,704_5.bmp,preprocessed_results\704\704_5.bmp,703,703,703,0.9272943735122681,366,0.0030564633198082447,0.9242379101924598,703|366|723|628|629,0.92729437|0.00305646|0.00253418|0.00164036|0.00136125,1,0.9272943735122681,True,703,0.9272943735122681,True,703,0.8759176135063171,True,703,0.8247318267822266,True,703,0.783637285232544,True,c12_correct
704,705,705_4.bmp,preprocessed_results\705\705_4.bmp,704,704,704,0.9483184814453125,705,0.009178086183965206,0.9391403952613473,704|705|639|580|600,0.94831848|0.00917809|0.00279908|0.00146188|0.00078329,1,0.9483184814453125,True,704,0.9483184814453125,True,704,0.8916358351707458,True,704,0.8448039293289185,True,704,0.8487984538078308,True,c12_correct
705,706,706_8.bmp,preprocessed_results\706\706_8.bmp,705,705,705,0.843406617641449,639,0.010376798920333385,0.8330298187211156,705|639|43|704|720,0.84340662|0.01037680|0.00940621|0.00881177|0.00655581,1,0.843406617641449,True,705,0.843406617641449,True,705,0.7836349010467529,True,705,0.8529424667358398,True,705,0.781327486038208,True,c12_correct
706,707,707_6.bmp,preprocessed_results\707\707_6.bmp,706,706,706,0.8942911028862,143,0.006056265905499458,0.8882348369807005,706|143|607|612|731,0.89429110|0.00605627|0.00403907|0.00353372|0.00301006,1,0.8942911028862,True,706,0.8942911028862,True,706,0.8988238573074341,True,706,0.8047617077827454,True,706,0.8251847624778748,True,c12_correct
707,708,708_5.bmp,preprocessed_results\708\708_5.bmp,707,707,707,0.8751999735832214,619,0.012144900858402252,0.8630550727248192,707|619|772|644|827,0.87519997|0.01214490|0.00513589|0.00404768|0.00397980,1,0.8751999735832214,True,707,0.8751999735832214,True,707,0.7795225381851196,True,707,0.8375548124313354,True,707,0.8175740242004395,True,c12_correct
708,709,709_9.bmp,preprocessed_results\709\709_9.bmp,708,708,708,0.7126150131225586,659,0.02693314291536808,0.6856818702071905,708|659|709|619|600,0.71261501|0.02693314|0.01123706|0.00947414|0.00882587,1,0.7126150131225586,True,708,0.7126150131225586,True,708,0.8112240433692932,True,708,0.8069322109222412,True,708,0.7324357032775879,True,c12_correct
709,710,710_9.bmp,preprocessed_results\710\710_9.bmp,709,709,709,0.964558482170105,708,0.005189598072320223,0.9593688840977848,709|708|633|827|757,0.96455848|0.00518960|0.00192307|0.00173309|0.00074696,1,0.964558482170105,True,709,0.964558482170105,True,709,0.8625116348266602,True,709,0.8198668360710144,True,709,0.806826651096344,True,c12_correct
710,711,711_3.bmp,preprocessed_results\711\711_3.bmp,710,710,710,0.9611027836799622,788,0.004159743431955576,0.9569430402480066,710|788|124|610|730,0.96110278|0.00415974|0.00084908|0.00062845|0.00060134,1,0.9611027836799622,True,710,0.9611027836799622,True,710,0.9016873836517334,True,710,0.8491073250770569,True,710,0.8474054336547852,True,c12_correct
711,712,712_10.bmp,preprocessed_results\712\712_10.bmp,711,711,711,0.9271244406700134,568,0.005340435076504946,0.9217840055935085,711|568|773|581|272,0.92712444|0.00534044|0.00465678|0.00326388|0.00255917,1,0.9271244406700134,True,711,0.9271244406700134,True,711,0.5008769631385803,True,711,0.815839946269989,True,711,0.7459145784378052,True,c12_correct
712,713,713_1.bmp,preprocessed_results\713\713_1.bmp,712,712,712,0.9579175114631653,833,0.001715895370580256,0.956201616092585,712|833|619|182|42,0.95791751|0.00171590|0.00114454|0.00113923|0.00099401,1,0.9579175114631653,True,712,0.9579175114631653,True,712,0.7964853048324585,True,712,0.8216192722320557,True,712,0.7631890177726746,True,c12_correct
713,714,714_5.bmp,preprocessed_results\714\714_5.bmp,713,713,713,0.9516069889068604,583,0.0024344646371901035,0.9491725242696702,713|583|589|582|819,0.95160699|0.00243446|0.00195118|0.00140857|0.00101099,1,0.9516069889068604,True,713,0.9516069889068604,True,713,0.7958324551582336,True,713,0.8662267327308655,True,713,0.819880485534668,True,c12_correct
714,715,715_7.bmp,preprocessed_results\715\715_7.bmp,714,714,714,0.8673984408378601,619,0.011214527301490307,0.8561839135363698,714|619|709|800|656,0.86739844|0.01121453|0.00520937|0.00507141|0.00298560,1,0.8673984408378601,True,714,0.8673984408378601,True,714,0.8066099286079407,True,714,0.8299732804298401,True,714,0.8449108600616455,True,c12_correct
715,716,716_2.bmp,preprocessed_results\716\716_2.bmp,715,715,715,0.8619537353515625,733,0.006120452657341957,0.8558332826942205,715|733|595|681|730,0.86195374|0.00612045|0.00433377|0.00418726|0.00388171,1,0.8619537353515625,True,715,0.8619537353515625,True,715,0.8294448852539062,True,715,0.831108570098877,True,715,0.8237711191177368,True,c12_correct
716,717,717_6.bmp,preprocessed_results\717\717_6.bmp,716,716,716,0.650396466255188,780,0.023308174684643745,0.6270882915705442,716|780|617|5|734,0.65039647|0.02330817|0.02158622|0.01064179|0.00852794,1,0.650396466255188,True,716,0.650396466255188,True,716,0.5626362562179565,True,716,0.7956428527832031,True,716,0.70195072889328,True,c12_correct
717,718,718_9.bmp,preprocessed_results\718\718_9.bmp,717,717,717,0.9378238320350647,716,0.006928307469934225,0.9308955245651305,717|716|723|713|294,0.93782383|0.00692831|0.00259606|0.00140600|0.00099878,1,0.9378238320350647,True,717,0.9378238320350647,True,717,0.7832764983177185,True,717,0.8654016256332397,True,717,0.8547244668006897,True,c12_correct
718,719,719_3.bmp,preprocessed_results\719\719_3.bmp,718,718,718,0.8837124705314636,688,0.009958152659237385,0.8737543178722262,718|688|716|590|692,0.88371247|0.00995815|0.00482103|0.00468758|0.00345674,1,0.8837124705314636,True,718,0.8837124705314636,True,718,0.6867493391036987,True,718,0.8261821269989014,True,718,0.7831935882568359,True,c12_correct
719,720,720_8.bmp,preprocessed_results\720\720_8.bmp,719,719,719,0.9345291256904602,607,0.004162799101322889,0.9303663265891373,719|607|762|734|785,0.93452913|0.00416280|0.00288923|0.00277372|0.00218521,1,0.9345291256904602,True,719,0.9345291256904602,True,719,0.8718757629394531,True,719,0.8411716818809509,True,719,0.8633854985237122,True,c12_correct
720,721,721_5.bmp,preprocessed_results\721\721_5.bmp,720,720,720,0.9527183771133423,635,0.004141141194850206,0.9485772359184921,720|635|686|630|833,0.95271838|0.00414114|0.00125205|0.00123326|0.00120411,1,0.9527183771133423,True,720,0.9527183771133423,True,720,0.6558298468589783,True,720,0.8223745822906494,True,720,0.7489140629768372,True,c12_correct
721,722,722_8.bmp,preprocessed_results\722\722_8.bmp,721,721,721,0.9706341028213501,102,0.001870310865342617,0.9687637919560075,721|102|106|103|689,0.97063410|0.00187031|0.00162866|0.00109598|0.00095598,1,0.9706341028213501,True,721,0.9706341028213501,True,721,0.8522708415985107,True,721,0.8350260853767395,True,721,0.7737956643104553,True,c12_correct
722,723,723_5.bmp,preprocessed_results\723\723_5.bmp,722,722,722,0.9477760195732117,614,0.006378188729286194,0.9413978308439255,722|614|702|828|175,0.94777602|0.00637819|0.00215472|0.00147227|0.00123287,1,0.9477760195732117,True,722,0.9477760195732117,True,722,0.7884635329246521,True,722,0.8220201730728149,True,722,0.8602184057235718,True,c12_correct
723,724,724_6.bmp,preprocessed_results\724\724_6.bmp,723,723,723,0.8650081157684326,135,0.010160647332668304,0.8548474684357643,723|135|777|141|713,0.86500812|0.01016065|0.00467520|0.00421832|0.00405142,1,0.8650081157684326,True,723,0.8650081157684326,True,723,0.6225326061248779,True,723,0.7992411255836487,True,723,0.6476049423217773,True,c12_correct
724,725,725_1.bmp,preprocessed_results\725\725_1.bmp,724,724,724,0.9662474989891052,725,0.001764610642567277,0.964482888346538,724|725|698|500|762,0.96624750|0.00176461|0.00160752|0.00110157|0.00100056,1,0.9662474989891052,True,724,0.9662474989891052,True,724,0.826915979385376,True,724,0.8171414136886597,True,724,0.8406717777252197,True,c12_correct
725,726,726_10.bmp,preprocessed_results\726\726_10.bmp,725,725,725,0.9432913661003113,250,0.00431526405736804,0.9389761020429432,725|250|573|724|831,0.94329137|0.00431526|0.00253880|0.00248820|0.00232001,1,0.9432913661003113,True,725,0.9432913661003113,True,725,0.6343439817428589,True,725,0.8143738508224487,True,725,0.8659583926200867,True,c12_correct
726,727,727_4.bmp,preprocessed_results\727\727_4.bmp,726,726,726,0.3871394693851471,594,0.07316749542951584,0.31397197395563126,726|594|630|595|734,0.38713947|0.07316750|0.05411623|0.03891754|0.02645450,1,0.3871394693851471,True,726,0.3871394693851471,True,726,0.7094920873641968,True,726,0.799552321434021,True,726,0.5761816501617432,True,c12_correct
727,728,728_7.bmp,preprocessed_results\728\728_7.bmp,727,727,727,0.9150925874710083,726,0.008989815600216389,0.9061027718707919,727|726|703|595|51,0.91509259|0.00898982|0.00489628|0.00271674|0.00191529,1,0.9150925874710083,True,727,0.9150925874710083,True,727,0.7832393050193787,True,727,0.8069332838058472,True,727,0.7975663542747498,True,c12_correct
728,729,729_5.bmp,preprocessed_results\729\729_5.bmp,728,728,728,0.957233190536499,658,0.002915474586188793,0.9543177159503102,728|658|729|768|253,0.95723319|0.00291547|0.00264798|0.00257687|0.00222673,1,0.957233190536499,True,728,0.957233190536499,True,728,0.8730370402336121,True,728,0.8134559392929077,True,728,0.8519501686096191,True,c12_correct
729,730,730_7.bmp,preprocessed_results\730\730_7.bmp,729,729,729,0.9422730803489685,728,0.010195549577474594,0.9320775307714939,729|728|658|768|36,0.94227308|0.01019555|0.00306399|0.00187720|0.00105296,1,0.9422730803489685,True,729,0.9422730803489685,True,729,0.651513397693634,True,729,0.8108862042427063,True,729,0.745355486869812,True,c12_correct
730,731,731_10.bmp,preprocessed_results\731\731_10.bmp,730,730,730,0.11580420285463333,731,0.08291225880384445,0.03289194405078888,730|731|712|575|659,0.11580420|0.08291226|0.07590155|0.03044507|0.03001010,1,0.11580420285463333,True,730,0.11580420285463333,True,730,0.13370417058467865,True,730,0.7891611456871033,True,730,0.3374369442462921,True,c12_correct
731,732,732_6.bmp,preprocessed_results\732\732_6.bmp,731,731,731,0.9071320295333862,730,0.023872921243309975,0.8832591082900763,731|730|706|707|582,0.90713203|0.02387292|0.00634217|0.00590627|0.00294685,1,0.9071320295333862,True,731,0.9071320295333862,True,731,0.802076518535614,True,731,0.8301293253898621,True,731,0.8427202701568604,True,c12_correct
732,733,733_7.bmp,preprocessed_results\733\733_7.bmp,732,732,732,0.9711658358573914,733,0.003751565469428897,0.9674142703879625,732|733|749|396|60,0.97116584|0.00375157|0.00073638|0.00072318|0.00070538,1,0.9711658358573914,True,732,0.9711658358573914,True,732,0.8801876306533813,True,732,0.8160028457641602,True,732,0.7840685248374939,True,c12_correct
733,734,734_6.bmp,preprocessed_results\734\734_6.bmp,733,733,733,0.8658638000488281,194,0.004747556056827307,0.8611162439920008,733|194|180|631|125,0.86586380|0.00474756|0.00421280|0.00298789|0.00241923,1,0.8658638000488281,True,733,0.8658638000488281,True,733,0.3716263175010681,True,733,0.8069204688072205,True,733,0.5465685129165649,True,c12_correct
734,735,735_7.bmp,preprocessed_results\735\735_7.bmp,734,734,734,0.8470014929771423,594,0.02845163270831108,0.8185498602688313,734|594|761|756|572,0.84700149|0.02845163|0.00617456|0.00462056|0.00461460,1,0.8470014929771423,True,734,0.8470014929771423,True,734,0.7940828800201416,True,734,0.8314414620399475,True,734,0.8008023500442505,True,c12_correct
735,736,736_1.bmp,preprocessed_results\736\736_1.bmp,735,735,735,0.9408375024795532,36,0.0026383535005152225,0.938199148979038,735|36|759|777|783,0.94083750|0.00263835|0.00228071|0.00174507|0.00155627,1,0.9408375024795532,True,735,0.9408375024795532,True,735,0.8419012427330017,True,735,0.8397605419158936,True,735,0.7869759202003479,True,c12_correct
736,737,737_5.bmp,preprocessed_results\737\737_5.bmp,736,736,736,0.9563618898391724,694,0.0025599084328860044,0.9538019814062864,736|694|285|737|820,0.95636189|0.00255991|0.00181622|0.00162402|0.00110383,1,0.9563618898391724,True,736,0.9563618898391724,True,736,0.8102192282676697,True,736,0.8206385970115662,True,736,0.8199791312217712,True,c12_correct
737,738,738_1.bmp,preprocessed_results\738\738_1.bmp,737,737,737,0.9329960942268372,736,0.0017023412510752678,0.9312937529757619,737|736|620|159|661,0.93299609|0.00170234|0.00159458|0.00142448|0.00116407,1,0.9329960942268372,True,737,0.9329960942268372,True,737,0.6827730536460876,True,737,0.8103747367858887,True,737,0.8601246476173401,True,c12_correct
738,739,739_10.bmp,preprocessed_results\739\739_10.bmp,738,738,738,0.9269089698791504,739,0.011226771399378777,0.9156821984797716,738|739|629|156|815,0.92690897|0.01122677|0.00564919|0.00167227|0.00156628,1,0.9269089698791504,True,738,0.9269089698791504,True,738,0.6232466101646423,True,738,0.7946040630340576,True,738,0.6754065155982971,True,c12_correct
739,740,740_5.bmp,preprocessed_results\740\740_5.bmp,739,739,739,0.9220866560935974,738,0.013739803805947304,0.9083468522876501,739|738|691|829|629,0.92208666|0.01373980|0.00306155|0.00278366|0.00239971,1,0.9220866560935974,True,739,0.9220866560935974,True,739,0.6708300709724426,True,739,0.8389901518821716,True,739,0.8182113766670227,True,c12_correct
740,741,741_5.bmp,preprocessed_results\741\741_5.bmp,740,740,740,0.9491133093833923,582,0.0061003235168755054,0.9430129858665168,740|582|784|186|574,0.94911331|0.00610032|0.00169802|0.00156867|0.00126727,1,0.9491133093833923,True,740,0.9491133093833923,True,740,0.7132567167282104,True,740,0.8359063863754272,True,740,0.786200225353241,True,c12_correct
741,742,742_3.bmp,preprocessed_results\742\742_3.bmp,741,741,741,0.8806227445602417,697,0.0031059987377375364,0.8775167458225042,741|697|791|764|772,0.88062274|0.00310600|0.00270111|0.00257028|0.00229127,1,0.8806227445602417,True,741,0.8806227445602417,True,741,0.7002654671669006,True,741,0.8210167288780212,True,741,0.8347502946853638,True,c12_correct
742,743,743_3.bmp,preprocessed_results\743\743_3.bmp,742,742,742,0.9282032251358032,743,0.006080487743020058,0.9221227373927832,742|743|760|679|586,0.92820323|0.00608049|0.00396105|0.00315891|0.00300308,1,0.9282032251358032,True,742,0.9282032251358032,True,742,0.5366860628128052,True,742,0.8249933123588562,True,742,0.6989537477493286,True,c12_correct
743,744,744_9.bmp,preprocessed_results\744\744_9.bmp,743,743,743,0.9486353397369385,649,0.008018012158572674,0.9406173275783658,743|649|689|577|742,0.94863534|0.00801801|0.00359570|0.00300015|0.00171516,1,0.9486353397369385,True,743,0.9486353397369385,True,743,0.8428818583488464,True,743,0.8203832507133484,True,743,0.83699631690979,True,c12_correct
744,745,745_4.bmp,preprocessed_results\745\745_4.bmp,744,744,744,0.9671305418014526,587,0.004695982206612825,0.9624345595948398,744|587|745|272|46,0.96713054|0.00469598|0.00058759|0.00054669|0.00053713,1,0.9671305418014526,True,744,0.9671305418014526,True,744,0.8404918313026428,True,744,0.835802435874939,True,744,0.8406144976615906,True,c12_correct
745,746,746_6.bmp,preprocessed_results\746\746_6.bmp,745,745,745,0.9318833351135254,744,0.010885810479521751,0.9209975246340036,745|744|628|629|805,0.93188334|0.01088581|0.00287360|0.00120284|0.00116661,1,0.9318833351135254,True,745,0.9318833351135254,True,745,0.8211878538131714,True,745,0.8045864701271057,True,745,0.8436995148658752,True,c12_correct
746,747,747_5.bmp,preprocessed_results\747\747_5.bmp,746,746,746,0.8738608360290527,700,0.010712296701967716,0.863148539327085,746|700|810|111|351,0.87386084|0.01071230|0.00536447|0.00277643|0.00241884,1,0.8738608360290527,True,746,0.8738608360290527,True,746,0.8934510946273804,True,746,0.816819429397583,True,746,0.789045512676239,True,c12_correct
747,748,748_10.bmp,preprocessed_results\748\748_10.bmp,747,747,747,0.855539083480835,797,0.0075596910901367664,0.8479793923906982,747|797|759|623|795,0.85553908|0.00755969|0.00625405|0.00465742|0.00390895,1,0.855539083480835,True,747,0.855539083480835,True,747,0.5942050814628601,True,747,0.822374165058136,True,747,0.7030231356620789,True,c12_correct
748,749,749_4.bmp,preprocessed_results\749\749_4.bmp,748,748,748,0.7863718867301941,749,0.01745143160223961,0.7689204551279545,748|749|339|110|812,0.78637189|0.01745143|0.01614445|0.00727677|0.00724418,1,0.7863718867301941,True,748,0.7863718867301941,True,748,0.6167593002319336,True,748,0.8198447227478027,True,748,0.7673811912536621,True,c12_correct
749,750,750_3.bmp,preprocessed_results\750\750_3.bmp,749,749,749,0.3598499894142151,733,0.06837547570466995,0.29147451370954514,749|733|341|812|669,0.35984999|0.06837548|0.02389270|0.02365347|0.01914812,1,0.3598499894142151,True,749,0.3598499894142151,True,749,0.05390109866857529,True,749,0.7678540945053101,True,749,0.27677640318870544,True,c12_correct
750,751,751_10.bmp,preprocessed_results\751\751_10.bmp,750,750,750,0.79567950963974,636,0.008487198501825333,0.7871923111379147,750|636|676|677|804,0.79567951|0.00848720|0.00691111|0.00474835|0.00465325,1,0.79567950963974,True,750,0.79567950963974,True,750,0.425139844417572,True,750,0.806046187877655,True,750,0.5551028251647949,True,c12_correct
751,752,752_1.bmp,preprocessed_results\752\752_1.bmp,751,751,751,0.9384536147117615,750,0.004235866013914347,0.9342177486978471,751|750|809|30|677,0.93845361|0.00423587|0.00271174|0.00214819|0.00183485,1,0.9384536147117615,True,751,0.9384536147117615,True,751,0.8482720255851746,True,751,0.8352059125900269,True,751,0.8272689580917358,True,c12_correct
752,753,753_9.bmp,preprocessed_results\753\753_9.bmp,752,752,752,0.8838555812835693,753,0.022954575717449188,0.8609010055661201,752|753|92|831|279,0.88385558|0.02295458|0.00409536|0.00245169|0.00189299,1,0.8838555812835693,True,752,0.8838555812835693,True,752,0.8024954795837402,True,752,0.8090261816978455,True,752,0.7966165542602539,True,c12_correct
753,754,754_7.bmp,preprocessed_results\754\754_7.bmp,753,753,753,0.8767447471618652,752,0.0047072554007172585,0.872037491761148,753|752|290|11|831,0.87674475|0.00470726|0.00281500|0.00252399|0.00231449,1,0.8767447471618652,True,753,0.8767447471618652,True,753,0.8344249129295349,True,753,0.8393559455871582,True,753,0.8602154850959778,True,c12_correct
754,755,755_4.bmp,preprocessed_results\755\755_4.bmp,754,754,754,0.8562358617782593,784,0.007697595749050379,0.8485382660292089,754|784|755|779|615,0.85623586|0.00769760|0.00594497|0.00441193|0.00322588,1,0.8562358617782593,True,754,0.8562358617782593,True,754,0.8089666366577148,True,754,0.8204677700996399,True,754,0.7471224069595337,True,c12_correct
755,756,756_7.bmp,preprocessed_results\756\756_7.bmp,755,755,755,0.66326504945755,754,0.013003516010940075,0.65026153344661,755|754|673|821|697,0.66326505|0.01300352|0.00893507|0.00877247|0.00779319,1,0.66326504945755,True,755,0.66326504945755,True,755,0.4699784219264984,True,755,0.8088878393173218,True,755,0.6238556504249573,True,c12_correct
756,757,757_5.bmp,preprocessed_results\757\757_5.bmp,756,756,756,0.6389405131340027,826,0.02918480895459652,0.6097557041794062,756|826|757|618|685,0.63894051|0.02918481|0.02225197|0.02224518|0.02003803,1,0.6389405131340027,True,756,0.6389405131340027,True,756,0.42578789591789246,True,756,0.7739802002906799,True,756,0.5101516842842102,True,c12_correct
757,758,758_10.bmp,preprocessed_results\758\758_10.bmp,757,757,757,0.9372526407241821,756,0.0066470252349972725,0.9306056154891849,757|756|790|765|676,0.93725264|0.00664703|0.00212887|0.00194373|0.00191661,1,0.9372526407241821,True,757,0.9372526407241821,True,757,0.8131369948387146,True,757,0.8541081547737122,True,757,0.819161593914032,True,c12_correct
758,759,759_7.bmp,preprocessed_results\759\759_7.bmp,758,758,758,0.9593141078948975,820,0.0034564677625894547,0.955857640132308,758|820|626|734|617,0.95931411|0.00345647|0.00169001|0.00132211|0.00109674,1,0.9593141078948975,True,758,0.9593141078948975,True,758,0.8703835010528564,True,758,0.8223780393600464,True,758,0.8737745881080627,True,c12_correct
759,760,760_7.bmp,preprocessed_results\760\760_7.bmp,759,759,759,0.49600744247436523,683,0.023334434255957603,0.47267300821840763,759|683|621|597|583,0.49600744|0.02333443|0.01965487|0.01843090|0.01341135,1,0.49600744247436523,True,759,0.49600744247436523,True,759,0.46561285853385925,True,759,0.8187664747238159,True,759,0.7191508412361145,True,c12_correct
760,761,761_2.bmp,preprocessed_results\761\761_2.bmp,760,760,760,0.5337677597999573,607,0.018852515146136284,0.514915244653821,760|607|772|80|286,0.53376776|0.01885252|0.01186513|0.01138659|0.01087417,1,0.5337677597999573,True,760,0.5337677597999573,True,760,0.3863924443721771,True,760,0.8248385190963745,True,760,0.6396490335464478,True,c12_correct
761,762,762_2.bmp,preprocessed_results\762\762_2.bmp,761,761,761,0.7638659477233887,139,0.007654892280697823,0.7562110554426908,761|139|586|653|767,0.76386595|0.00765489|0.00596854|0.00585761|0.00418118,1,0.7638659477233887,True,761,0.7638659477233887,True,761,0.8449850082397461,True,761,0.8468576669692993,True,761,0.8162725567817688,True,c12_correct
762,763,763_5.bmp,preprocessed_results\763\763_5.bmp,762,762,762,0.9838888645172119,763,0.0012673439923673868,0.9826215205248445,762|763|734|719|768,0.98388886|0.00126734|0.00103940|0.00103695|0.00067395,1,0.9838888645172119,True,762,0.9838888645172119,True,762,0.8864448666572571,True,762,0.8141148686408997,True,762,0.9264835119247437,True,c12_correct
763,764,764_9.bmp,preprocessed_results\764\764_9.bmp,763,763,763,0.9569974541664124,287,0.0024338203947991133,0.9545636337716132,763|287|260|295|59,0.95699745|0.00243382|0.00241648|0.00125317|0.00076209,1,0.9569974541664124,True,763,0.9569974541664124,True,763,0.4626695513725281,True,763,0.8256973028182983,True,763,0.7456676363945007,True,c12_correct
764,765,765_10.bmp,preprocessed_results\765\765_10.bmp,764,764,764,0.9065659642219543,780,0.008320683613419533,0.8982452806085348,764|780|708|810|287,0.90656596|0.00832068|0.00377997|0.00252476|0.00241707,1,0.9065659642219543,True,764,0.9065659642219543,True,764,0.8529503345489502,True,764,0.8475973010063171,True,764,0.8283530473709106,True,c12_correct
765,766,766_4.bmp,preprocessed_results\766\766_4.bmp,765,765,765,0.9188065528869629,757,0.010048288851976395,0.9087582640349865,765|757|683|767|764,0.91880655|0.01004829|0.00976398|0.00368235|0.00163715,1,0.9188065528869629,True,765,0.9188065528869629,True,765,0.8672357797622681,True,765,0.8218420743942261,True,765,0.843184232711792,True,c12_correct
766,767,767_1.bmp,preprocessed_results\767\767_1.bmp,766,766,766,0.8887820243835449,241,0.0144033906981349,0.87437863368541,766|241|330|133|237,0.88878202|0.01440339|0.00577447|0.00520546|0.00359753,1,0.8887820243835449,True,766,0.8887820243835449,True,766,0.8010082244873047,True,766,0.8330778479576111,True,766,0.7541123032569885,True,c12_correct
767,768,768_7.bmp,preprocessed_results\768\768_7.bmp,767,767,767,0.9555386900901794,762,0.0039030408952385187,0.9516356491949409,767|762|766|68|765,0.95553869|0.00390304|0.00235295|0.00097672|0.00065417,1,0.9555386900901794,True,767,0.9555386900901794,True,767,0.8669053912162781,True,767,0.8321184515953064,True,767,0.881009042263031,True,c12_correct
768,769,769_3.bmp,preprocessed_results\769\769_3.bmp,768,768,768,0.5538817048072815,807,0.03359007462859154,0.52029163017869,768|807|792|639|568,0.55388170|0.03359007|0.01792616|0.01775071|0.01719846,1,0.5538817048072815,True,768,0.5538817048072815,True,768,0.6220777034759521,True,768,0.8202661871910095,True,768,0.6661307215690613,True,c12_correct
769,770,770_7.bmp,preprocessed_results\770\770_7.bmp,769,769,769,0.8593509793281555,807,0.046270702034235,0.8130802772939205,769|807|791|768|633,0.85935098|0.04627070|0.00418010|0.00392497|0.00370618,1,0.8593509793281555,True,769,0.8593509793281555,True,769,0.844516932964325,True,769,0.8198307156562805,True,769,0.7372100353240967,True,c12_correct
770,771,771_5.bmp,preprocessed_results\771\771_5.bmp,770,770,770,0.9622110724449158,310,0.0018642338691279292,0.9603468385757878,770|310|771|782|674,0.96221107|0.00186423|0.00137369|0.00117499|0.00113807,1,0.9622110724449158,True,770,0.9622110724449158,True,770,0.9242972135543823,True,770,0.8612874150276184,True,770,0.8671259880065918,True,c12_correct
771,772,772_2.bmp,preprocessed_results\772\772_2.bmp,771,771,771,0.930649995803833,603,0.0027721042279154062,0.9278778915759176,771|603|816|747|770,0.93065000|0.00277210|0.00253773|0.00147326|0.00138068,1,0.930649995803833,True,771,0.930649995803833,True,771,0.8333413600921631,True,771,0.8263617753982544,True,771,0.8189568519592285,True,c12_correct
772,773,773_2.bmp,preprocessed_results\773\773_2.bmp,772,772,772,0.9463478326797485,773,0.007667412981390953,0.9386804196983576,772|773|741|707|333,0.94634783|0.00766741|0.00249311|0.00182508|0.00088332,1,0.9463478326797485,True,772,0.9463478326797485,True,772,0.7737786173820496,True,772,0.8130958080291748,True,772,0.802988588809967,True,c12_correct
773,774,774_10.bmp,preprocessed_results\774\774_10.bmp,773,773,773,0.8536126017570496,772,0.03604753687977791,0.8175650648772717,773|772|823|583|142,0.85361260|0.03604754|0.00450391|0.00365938|0.00327138,1,0.8536126017570496,True,773,0.8536126017570496,True,773,0.2890675961971283,True,773,0.7663669586181641,True,773,0.5089797377586365,True,c12_correct
774,775,775_1.bmp,preprocessed_results\775\775_1.bmp,774,774,774,0.9108820557594299,766,0.0033752138260751963,0.9075068419333547,774|766|654|756|609,0.91088206|0.00337521|0.00290927|0.00271404|0.00219285,1,0.9108820557594299,True,774,0.9108820557594299,True,774,0.6370245218276978,True,774,0.8085955381393433,True,774,0.6804124712944031,True,c12_correct
775,776,776_9.bmp,preprocessed_results\776\776_9.bmp,775,775,775,0.8766695261001587,827,0.008111560717225075,0.8685579653829336,775|827|709|587|692,0.87666953|0.00811156|0.00709178|0.00554171|0.00374276,1,0.8766695261001587,True,775,0.8766695261001587,True,775,0.7591488361358643,True,775,0.83292156457901,True,775,0.7964518070220947,True,c12_correct
776,777,777_7.bmp,preprocessed_results\777\777_7.bmp,776,776,776,0.781429648399353,777,0.02998531050980091,0.7514443378895521,776|777|784|659|793,0.78142965|0.02998531|0.01578597|0.00802302|0.00442737,1,0.781429648399353,True,776,0.781429648399353,True,776,0.35153302550315857,True,776,0.8151620626449585,True,776,0.5621093511581421,True,c12_correct
777,778,778_3.bmp,preprocessed_results\778\778_3.bmp,777,777,777,0.9781915545463562,776,0.001139420666731894,0.9770521338796243,777|776|581|829|670,0.97819155|0.00113942|0.00069505|0.00064490|0.00051934,1,0.9781915545463562,True,777,0.9781915545463562,True,777,0.8554141521453857,True,777,0.8536622524261475,True,777,0.7581092715263367,True,c12_correct
778,779,779_2.bmp,preprocessed_results\779\779_2.bmp,778,778,778,0.9119028449058533,410,0.002456048270687461,0.9094467966351658,778|410|671|132|297,0.91190284|0.00245605|0.00239105|0.00236849|0.00166329,1,0.9119028449058533,True,778,0.9119028449058533,True,778,0.8275300860404968,True,778,0.7983047366142273,True,778,0.8338059186935425,True,c12_correct
779,780,780_7.bmp,preprocessed_results\780\780_7.bmp,779,779,779,0.9445198178291321,23,0.0026009120047092438,0.9419189058244228,779|23|784|778|816,0.94451982|0.00260091|0.00197036|0.00137135|0.00125834,1,0.9445198178291321,True,779,0.9445198178291321,True,779,0.7505873441696167,True,779,0.8327327966690063,True,779,0.8817277550697327,True,c12_correct
780,781,781_4.bmp,preprocessed_results\781\781_4.bmp,780,780,780,0.877599835395813,764,0.037892211228609085,0.8397076241672039,780|764|668|820|811,0.87759984|0.03789221|0.00396821|0.00325269|0.00313739,1,0.877599835395813,True,780,0.877599835395813,True,780,0.7823757529258728,True,780,0.8120697140693665,True,780,0.7439947128295898,True,c12_correct
781,782,782_8.bmp,preprocessed_results\782\782_8.bmp,781,781,781,0.3609970510005951,812,0.021384088322520256,0.33961296267807484,781|812|780|733|543,0.36099705|0.02138409|0.01644840|0.01588583|0.01556845,1,0.3609970510005951,True,781,0.3609970510005951,True,781,0.5130535364151001,True,781,0.809104859828949,True,781,0.7177642583847046,True,c12_correct
782,783,783_5.bmp,preprocessed_results\783\783_5.bmp,782,782,782,0.9535081386566162,110,0.002824973315000534,0.9506831653416157,782|110|410|783|674,0.95350814|0.00282497|0.00219838|0.00154349|0.00124715,1,0.9535081386566162,True,782,0.9535081386566162,True,782,0.8377717137336731,True,782,0.8274394869804382,True,782,0.8592616319656372,True,c12_correct
783,784,784_3.bmp,preprocessed_results\784\784_3.bmp,783,783,783,0.8836601376533508,589,0.005194556899368763,0.8784655807539821,783|589|610|587|780,0.88366014|0.00519456|0.00465326|0.00440539|0.00334293,1,0.8836601376533508,True,783,0.8836601376533508,True,783,0.682346522808075,True,783,0.823278546333313,True,783,0.701256513595581,True,c12_correct
784,785,785_5.bmp,preprocessed_results\785\785_5.bmp,784,784,784,0.9627812504768372,572,0.0033823156263679266,0.9593989348504692,784|572|758|785|800,0.96278125|0.00338232|0.00286691|0.00102716|0.00096524,1,0.9627812504768372,True,784,0.9627812504768372,True,784,0.7829760313034058,True,784,0.8028006553649902,True,784,0.7331425547599792,True,c12_correct
785,786,786_5.bmp,preprocessed_results\786\786_5.bmp,785,785,785,0.7025535106658936,728,0.014284191653132439,0.6882693190127611,785|728|646|199|198,0.70255351|0.01428419|0.01320246|0.01146242|0.00750669,1,0.7025535106658936,True,785,0.7025535106658936,True,785,0.4986671805381775,True,785,0.8118979930877686,True,785,0.6348058581352234,True,c12_correct
786,787,787_7.bmp,preprocessed_results\787\787_7.bmp,786,786,786,0.946076512336731,211,0.0046234834007918835,0.9414530289359391,786|211|638|338|692,0.94607651|0.00462348|0.00363165|0.00155934|0.00132571,1,0.946076512336731,True,786,0.946076512336731,True,786,0.7983059287071228,True,786,0.8385656476020813,True,786,0.8324108719825745,True,c12_correct
787,788,788_4.bmp,preprocessed_results\788\788_4.bmp,787,787,787,0.9489625692367554,723,0.0034689679741859436,0.9454936012625694,787|723|601|614|30,0.94896257|0.00346897|0.00217142|0.00165722|0.00145153,1,0.9489625692367554,True,787,0.9489625692367554,True,787,0.7396114468574524,True,787,0.8288825750350952,True,787,0.8266700506210327,True,c12_correct
788,789,789_3.bmp,preprocessed_results\789\789_3.bmp,788,788,788,0.8405203819274902,710,0.029671210795640945,0.8108491711318493,788|710|789|580|760,0.84052038|0.02967121|0.00417874|0.00306904|0.00265925,1,0.8405203819274902,True,788,0.8405203819274902,True,788,0.8578034043312073,True,788,0.8190180659294128,True,788,0.8522015810012817,True,c12_correct
789,790,790_6.bmp,preprocessed_results\790\790_6.bmp,789,789,789,0.9338670372962952,695,0.0042732106521725655,0.9295938266441226,789|695|772|749|786,0.93386704|0.00427321|0.00296193|0.00167218|0.00151995,1,0.9338670372962952,True,789,0.9338670372962952,True,789,0.8916593194007874,True,789,0.8339644074440002,True,789,0.8176243305206299,True,c12_correct
790,791,791_6.bmp,preprocessed_results\791\791_6.bmp,790,790,790,0.9474651217460632,621,0.0033032805658876896,0.9441618411801755,790|621|791|673|827,0.94746512|0.00330328|0.00295889|0.00177253|0.00173210,1,0.9474651217460632,True,790,0.9474651217460632,True,790,0.8379978537559509,True,790,0.8025386929512024,True,790,0.808245062828064,True,c12_correct
791,792,792_9.bmp,preprocessed_results\792\792_9.bmp,791,791,791,0.7726985812187195,586,0.03531496226787567,0.7373836189508438,791|586|807|801|738,0.77269858|0.03531496|0.02049618|0.01236747|0.00514329,1,0.7726985812187195,True,791,0.7726985812187195,True,791,0.5546739101409912,True,791,0.8044087886810303,True,791,0.649776816368103,True,c12_correct
792,793,793_1.bmp,preprocessed_results\793\793_1.bmp,792,792,792,0.8644793033599854,793,0.012391658499836922,0.8520876448601484,792|793|768|791|824,0.86447930|0.01239166|0.00860431|0.00404682|0.00297572,1,0.8644793033599854,True,792,0.8644793033599854,True,792,0.5016608238220215,True,792,0.8311678171157837,True,792,0.7395445704460144,True,c12_correct
793,794,794_2.bmp,preprocessed_results\794\794_2.bmp,793,793,793,0.9659034609794617,613,0.0032501379027962685,0.9626533230766654,793|613|792|707|730,0.96590346|0.00325014|0.00321295|0.00106716|0.00079597,1,0.9659034609794617,True,793,0.9659034609794617,True,793,0.7918055653572083,True,793,0.8197426795959473,True,793,0.8239144682884216,True,c12_correct
794,795,795_7.bmp,preprocessed_results\795\795_7.bmp,794,794,794,0.9693246483802795,510,0.0010265234159305692,0.968298124964349,794|510|64|747|331,0.96932465|0.00102652|0.00079127|0.00067738|0.00063309,1,0.9693246483802795,True,794,0.9693246483802795,True,794,0.8861412405967712,True,794,0.838858962059021,True,794,0.8409881591796875,True,c12_correct
795,796,796_5.bmp,preprocessed_results\796\796_5.bmp,795,795,795,0.9673382043838501,24,0.001397492247633636,0.9659407121362165,795|24|262|112|94,0.96733820|0.00139749|0.00133749|0.00112713|0.00072625,1,0.9673382043838501,True,795,0.9673382043838501,True,795,0.8512799739837646,True,795,0.809112548828125,True,795,0.7890259027481079,True,c12_correct
796,797,797_6.bmp,preprocessed_results\797\797_6.bmp,796,796,796,0.9606815576553345,632,0.0018140805186703801,0.9588674771366641,796|632|806|501|816,0.96068156|0.00181408|0.00176810|0.00127567|0.00117383,1,0.9606815576553345,True,796,0.9606815576553345,True,796,0.7734987139701843,True,796,0.8278284072875977,True,796,0.7948226928710938,True,c12_correct
797,798,798_4.bmp,preprocessed_results\798\798_4.bmp,797,797,797,0.9155833125114441,815,0.0030390138272196054,0.9125442986842245,797|815|306|816|796,0.91558331|0.00303901|0.00287029|0.00272116|0.00250929,1,0.9155833125114441,True,797,0.9155833125114441,True,797,0.8465627431869507,True,797,0.8372403979301453,True,797,0.861422061920166,True,c12_correct
798,799,799_7.bmp,preprocessed_results\799\799_7.bmp,798,798,798,0.7813469171524048,632,0.0111099136993289,0.7702370034530759,798|632|340|147|595,0.78134692|0.01110991|0.00561425|0.00484279|0.00403263,1,0.7813469171524048,True,798,0.7813469171524048,True,798,0.7958263158798218,True,798,0.8344866633415222,True,798,0.8338578939437866,True,c12_correct
799,800,800_9.bmp,preprocessed_results\800\800_9.bmp,799,799,799,0.73429274559021,758,0.04415333643555641,0.6901394091546535,799|758|820|626|627,0.73429275|0.04415334|0.01169520|0.00927399|0.00625104,1,0.73429274559021,True,799,0.73429274559021,True,799,0.6425712704658508,True,799,0.7443276047706604,True,799,0.7117093801498413,True,c12_correct
800,801,801_9.bmp,preprocessed_results\801\801_9.bmp,800,800,800,0.9231517314910889,801,0.007408156991004944,0.9157435745000839,800|801|699|617|700,0.92315173|0.00740816|0.00589865|0.00163430|0.00154710,1,0.9231517314910889,True,800,0.9231517314910889,True,800,0.6927305459976196,True,800,0.8028324842453003,True,800,0.7952053546905518,True,c12_correct
801,802,802_10.bmp,preprocessed_results\802\802_10.bmp,801,801,801,0.9170587658882141,800,0.006087941583245993,0.9109708243049681,801|800|701|548|805,0.91705877|0.00608794|0.00309453|0.00201331|0.00196923,1,0.9170587658882141,True,801,0.9170587658882141,True,801,0.7864294052124023,True,801,0.8212141394615173,True,801,0.8285868167877197,True,c12_correct
802,803,803_6.bmp,preprocessed_results\803\803_6.bmp,802,802,802,0.669745922088623,808,0.030229931697249413,0.6395159903913736,802|808|677|577|634,0.66974592|0.03022993|0.01146697|0.01080186|0.01064257,1,0.669745922088623,True,802,0.669745922088623,True,802,0.6579345464706421,True,802,0.8390828371047974,True,802,0.7771684527397156,True,c12_correct
803,804,804_5.bmp,preprocessed_results\804\804_5.bmp,803,803,803,0.9108375310897827,802,0.03644416853785515,0.8743933625519276,803|802|677|814|679,0.91083753|0.03644417|0.00704141|0.00176194|0.00112635,1,0.9108375310897827,True,803,0.9108375310897827,True,803,0.8135547041893005,True,803,0.829255998134613,True,803,0.7941527962684631,True,c12_correct
804,805,805_6.bmp,preprocessed_results\805\805_6.bmp,804,804,804,0.8872132301330566,648,0.042541034519672394,0.8446721956133842,804|648|372|640|645,0.88721323|0.04254103|0.00865758|0.00312150|0.00183388,1,0.8872132301330566,True,804,0.8872132301330566,True,804,0.8623617887496948,True,804,0.8114106059074402,True,804,0.8332839012145996,True,c12_correct
805,806,806_2.bmp,preprocessed_results\806\806_2.bmp,805,805,805,0.9555646777153015,635,0.003434734884649515,0.952129942830652,805|635|667|641|814,0.95556468|0.00343473|0.00222204|0.00190935|0.00116684,1,0.9555646777153015,True,805,0.9555646777153015,True,805,0.8003060817718506,True,805,0.8363927602767944,True,805,0.8092162013053894,True,c12_correct
806,807,807_10.bmp,preprocessed_results\807\807_10.bmp,806,806,806,0.9326056838035583,778,0.004642103333026171,0.9279635804705322,806|778|810|398|807,0.93260568|0.00464210|0.00165367|0.00126980|0.00112908,1,0.9326056838035583,True,806,0.9326056838035583,True,806,0.8478014469146729,True,806,0.8689967393875122,True,806,0.8691104650497437,True,c12_correct
807,808,808_9.bmp,preprocessed_results\808\808_9.bmp,807,807,807,0.8967598080635071,593,0.007062240969389677,0.8896975670941174,807|593|801|800|657,0.89675981|0.00706224|0.00646277|0.00383756|0.00266934,1,0.8967598080635071,True,807,0.8967598080635071,True,807,0.665131688117981,True,807,0.8398054242134094,True,807,0.7523230314254761,True,c12_correct
808,809,809_9.bmp,preprocessed_results\809\809_9.bmp,808,808,808,0.9352747201919556,809,0.0053482260555028915,0.9299264941364527,808|809|684|802|474,0.93527472|0.00534823|0.00236912|0.00205623|0.00152453,1,0.9352747201919556,True,808,0.9352747201919556,True,808,0.8457425236701965,True,808,0.8338132500648499,True,808,0.8517754077911377,True,c12_correct
809,810,810_2.bmp,preprocessed_results\810\810_2.bmp,809,809,809,0.9742144346237183,826,0.002258493099361658,0.9719559415243566,809|826|808|832|800,0.97421443|0.00225849|0.00148574|0.00103024|0.00082384,1,0.9742144346237183,True,809,0.9742144346237183,True,809,0.9014624357223511,True,809,0.8320712447166443,True,809,0.8451311588287354,True,c12_correct
810,811,811_6.bmp,preprocessed_results\811\811_6.bmp,810,810,810,0.84157395362854,806,0.01095697470009327,0.8306169789284468,810|806|830|287|236,0.84157395|0.01095697|0.00871896|0.00737385|0.00410814,1,0.84157395362854,True,810,0.84157395362854,True,810,0.6556991934776306,True,810,0.7777270078659058,True,810,0.7712095379829407,True,c12_correct
811,812,812_7.bmp,preprocessed_results\812\812_7.bmp,811,811,811,0.9861597418785095,17,0.0018268076237291098,0.9843329342547804,811|17|759|810|683,0.98615974|0.00182681|0.00101347|0.00063399|0.00030883,1,0.9861597418785095,True,811,0.9861597418785095,True,811,0.8971156477928162,True,811,0.8440882563591003,True,811,0.8868623971939087,True,c12_correct
812,813,813_10.bmp,preprocessed_results\813\813_10.bmp,812,812,812,0.9386049509048462,742,0.003942750860005617,0.9346622000448406,812|742|727|651|781,0.93860495|0.00394275|0.00335135|0.00310069|0.00219434,1,0.9386049509048462,True,812,0.9386049509048462,True,812,0.7530909180641174,True,812,0.8285841941833496,True,812,0.7057342529296875,True,c12_correct
813,814,814_7.bmp,preprocessed_results\814\814_7.bmp,813,813,813,0.9442474246025085,812,0.005083997268229723,0.9391634273342788,813|812|827|809|608,0.94424742|0.00508400|0.00137645|0.00130684|0.00122009,1,0.9442474246025085,True,813,0.9442474246025085,True,813,0.8159284591674805,True,813,0.8379573822021484,True,813,0.8712455034255981,True,c12_correct
814,815,815_1.bmp,preprocessed_results\815\815_1.bmp,814,814,814,0.9671889543533325,805,0.003202480264008045,0.9639864740893245,814|805|815|635|641,0.96718895|0.00320248|0.00188613|0.00152860|0.00061680,1,0.9671889543533325,True,814,0.9671889543533325,True,814,0.9168203473091125,True,814,0.8445712924003601,True,814,0.8545490503311157,True,c12_correct
815,816,816_10.bmp,preprocessed_results\816\816_10.bmp,815,815,815,0.9497722387313843,738,0.003308093873783946,0.9464641448576003,815|738|814|712|161,0.94977224|0.00330809|0.00254791|0.00124824|0.00105475,1,0.9497722387313843,True,815,0.9497722387313843,True,815,0.8046196699142456,True,815,0.8444237112998962,True,815,0.7264080047607422,True,c12_correct
816,817,817_10.bmp,preprocessed_results\817\817_10.bmp,816,816,816,0.941615879535675,796,0.006980887148529291,0.9346349923871458,816|796|817|797|112,0.94161588|0.00698089|0.00694668|0.00278582|0.00263655,1,0.941615879535675,True,816,0.941615879535675,True,816,0.7738312482833862,True,816,0.8452804684638977,True,816,0.8351038098335266,True,c12_correct
817,818,818_5.bmp,preprocessed_results\818\818_5.bmp,817,817,817,0.6848940849304199,792,0.017407633364200592,0.6674864515662193,817|792|273|816|602,0.68489408|0.01740763|0.01549572|0.00936477|0.00607816,1,0.6848940849304199,True,817,0.6848940849304199,True,817,0.8523483872413635,True,817,0.8392099738121033,True,817,0.8518121838569641,True,c12_correct
818,819,819_3.bmp,preprocessed_results\819\819_3.bmp,818,818,818,0.9589816927909851,60,0.002117135562002659,0.9568645572289824,818|60|632|12|264,0.95898169|0.00211714|0.00071782|0.00071488|0.00062838,1,0.9589816927909851,True,818,0.9589816927909851,True,818,0.8573648929595947,True,818,0.8437612652778625,True,818,0.823134183883667,True,c12_correct
819,820,820_7.bmp,preprocessed_results\820\820_7.bmp,819,819,819,0.9316987991333008,757,0.0038458185736089945,0.9278529805596918,819|757|633|755|739,0.93169880|0.00384582|0.00226081|0.00182650|0.00142366,1,0.9316987991333008,True,819,0.9316987991333008,True,819,0.8287280201911926,True,819,0.8267502188682556,True,819,0.8885705471038818,True,c12_correct
820,821,821_2.bmp,preprocessed_results\821\821_2.bmp,820,820,820,0.9498848915100098,780,0.003070967039093375,0.9468139244709164,820|780|764|734|811,0.94988489|0.00307097|0.00260373|0.00239602|0.00232346,1,0.9498848915100098,True,820,0.9498848915100098,True,820,0.7628335952758789,True,820,0.8203697204589844,True,820,0.8466358184814453,True,c12_correct
821,822,822_3.bmp,preprocessed_results\822\822_3.bmp,821,821,821,0.9495110511779785,673,0.005405344069004059,0.9441057071089745,821|673|740|755|87,0.94951105|0.00540534|0.00176443|0.00139501|0.00122361,1,0.9495110511779785,True,821,0.9495110511779785,True,821,0.8118764758110046,True,821,0.8407095074653625,True,821,0.8323631882667542,True,c12_correct
822,823,823_10.bmp,preprocessed_results\823\823_10.bmp,822,822,822,0.960923969745636,596,0.0036923466250300407,0.957231623120606,822|596|823|570|780,0.96092397|0.00369235|0.00354858|0.00113614|0.00069752,1,0.960923969745636,True,822,0.960923969745636,True,822,0.8878539204597473,True,822,0.8384420871734619,True,822,0.8571101427078247,True,c12_correct
823,824,824_8.bmp,preprocessed_results\824\824_8.bmp,823,823,823,0.9506703615188599,822,0.0012052955571562052,0.9494650659617037,823|822|592|773|817,0.95067036|0.00120530|0.00080604|0.00079705|0.00077397,1,0.9506703615188599,True,823,0.9506703615188599,True,823,0.8278863430023193,True,823,0.8354722857475281,True,823,0.8636191487312317,True,c12_correct
824,825,825_10.bmp,preprocessed_results\825\825_10.bmp,824,824,824,0.9635574817657471,822,0.002329509472474456,0.9612279722932726,824|822|571|570|830,0.96355748|0.00232951|0.00164272|0.00154438|0.00108708,1,0.9635574817657471,True,824,0.9635574817657471,True,824,0.7188448905944824,True,824,0.7918769717216492,True,824,0.6961085796356201,True,c12_correct
825,826,826_2.bmp,preprocessed_results\826\826_2.bmp,825,825,825,0.9439853429794312,831,0.0021240944042801857,0.941861248575151,825|831|763|770|777,0.94398534|0.00212409|0.00183030|0.00157740|0.00156219,1,0.9439853429794312,True,825,0.9439853429794312,True,825,0.9235658049583435,True,825,0.8366360068321228,True,825,0.8013372421264648,True,c12_correct
826,827,827_10.bmp,preprocessed_results\827\827_10.bmp,826,826,826,0.9525925517082214,827,0.004333270248025656,0.9482592814601958,826|827|751|616|757,0.95259255|0.00433327|0.00259452|0.00253362|0.00125588,1,0.9525925517082214,True,826,0.9525925517082214,True,826,0.8816589713096619,True,826,0.8449801206588745,True,826,0.780332088470459,True,c12_correct
827,828,828_10.bmp,preprocessed_results\828\828_10.bmp,827,827,827,0.9164766669273376,826,0.014290336519479752,0.9021863304078579,827|826|691|644|645,0.91647667|0.01429034|0.00484978|0.00432551|0.00213818,1,0.9164766669273376,True,827,0.9164766669273376,True,827,0.7068804502487183,True,827,0.8418859243392944,True,827,0.7859734296798706,True,c12_correct
828,829,829_2.bmp,preprocessed_results\829\829_2.bmp,828,828,828,0.9271137714385986,786,0.0047916630282998085,0.9223221084102988,828|786|650|692|580,0.92711377|0.00479166|0.00289432|0.00265684|0.00228965,1,0.9271137714385986,True,828,0.9271137714385986,True,828,0.6957080364227295,True,828,0.8078099489212036,True,828,0.5804144144058228,True,c12_correct
829,830,830_5.bmp,preprocessed_results\830\830_5.bmp,829,829,829,0.9206627011299133,739,0.005500677041709423,0.9151620240882039,829|739|738|809|595,0.92066270|0.00550068|0.00548910|0.00397162|0.00170290,1,0.9206627011299133,True,829,0.9206627011299133,True,829,0.8663713932037354,True,829,0.8249068260192871,True,829,0.8298493027687073,True,c12_correct
830,831,831_8.bmp,preprocessed_results\831\831_8.bmp,830,830,830,0.9116016030311584,620,0.0054526180028915405,0.9061489850282669,830|620|822|824|810,0.91160160|0.00545262|0.00308385|0.00291979|0.00194093,1,0.9116016030311584,True,830,0.9116016030311584,True,830,0.8657361268997192,True,830,0.8167375922203064,True,830,0.8117547631263733,True,c12_correct
831,832,832_9.bmp,preprocessed_results\832\832_9.bmp,831,831,799,0.21671366691589355,431,0.07559402287006378,0.14111964404582977,799|431|830|831|1,0.21671367|0.07559402|0.06569708|0.04372700|0.02276673,4,0.04372699558734894,True,799,0.21671366691589355,False,830,0.03701392188668251,False,831,0.794791579246521,True,831,0.29672980308532715,True,teacher_all_correct;true_in_top5
832,833,833_10.bmp,preprocessed_results\833\833_10.bmp,832,832,832,0.8305215239524841,304,0.010944879613816738,0.8195766443386674,832|304|678|282|531,0.83052152|0.01094488|0.00720325|0.00656449|0.00453493,1,0.8305215239524841,True,832,0.8305215239524841,True,832,0.8061517477035522,True,832,0.8294907808303833,True,832,0.8162710666656494,True,c12_correct
833,834,834_8.bmp,preprocessed_results\834\834_8.bmp,833,833,833,0.9598296880722046,832,0.0018071412341669202,0.9580225468380377,833|832|102|712|145,0.95982969|0.00180714|0.00170725|0.00111159|0.00094836,1,0.9598296880722046,True,833,0.9598296880722046,True,833,0.8513408899307251,True,833,0.8211889863014221,True,833,0.8769004940986633,True,c12_correct
