index,subject_id,filename,path,label,true_label,c12_top1,c12_top1_prob,c12_top2,c12_top2_prob,c12_margin_top1_top2,c12_top5_labels,c12_top5_probs,c12_true_rank,c12_true_prob,c12_true_in_top5,c12_pred,c12_conf,c12_correct,mobilenet_pred,mobilenet_conf,mobilenet_correct,effv2m_pred,effv2m_conf,effv2m_correct,resnet50_pred,resnet50_conf,resnet50_correct,diagnosis
0,1,1_10.bmp,preprocessed_results\1\1_10.bmp,0,0,0,0.9002624750137329,1,0.04162602499127388,0.858636450022459,0|1|308|13|207,0.90026248|0.04162602|0.00596599|0.00300080|0.00214258,1,0.9002624750137329,True,0,0.9002624750137329,True,0,0.8807249069213867,True,0,0.8586646914482117,True,0,0.8092822432518005,True,c12_correct
1,2,2_9.bmp,preprocessed_results\2\2_9.bmp,1,1,1,0.8375548720359802,0,0.016877735033631325,0.8206771370023489,1|0|97|269|753,0.83755487|0.01687774|0.00540443|0.00337960|0.00302924,1,0.8375548720359802,True,1,0.8375548720359802,True,1,0.8541948199272156,True,1,0.8367971181869507,True,1,0.7320094108581543,True,c12_correct
2,3,3_8.bmp,preprocessed_results\3\3_8.bmp,2,2,2,0.8834989666938782,623,0.021899782121181488,0.8615991845726967,2|623|136|215|90,0.88349897|0.02189978|0.00871480|0.00289377|0.00261245,1,0.8834989666938782,True,2,0.8834989666938782,True,2,0.6435295343399048,True,2,0.7944902181625366,True,2,0.7591208219528198,True,c12_correct
3,4,4_6.bmp,preprocessed_results\4\4_6.bmp,3,3,3,0.9349249005317688,191,0.002095310017466545,0.9328295905143023,3|191|319|141|2,0.93492490|0.00209531|0.00207952|0.00190709|0.00187315,1,0.9349249005317688,True,3,0.9349249005317688,True,3,0.9039043188095093,True,3,0.8390026092529297,True,3,0.7672256827354431,True,c12_correct
4,5,5_10.bmp,preprocessed_results\5\5_10.bmp,4,4,4,0.7957381010055542,170,0.03720683977007866,0.7585312612354755,4|170|198|269|256,0.79573810|0.03720684|0.01178229|0.00654505|0.00457909,1,0.7957381010055542,True,4,0.7957381010055542,True,4,0.601411759853363,True,4,0.8194741010665894,True,4,0.7296889424324036,True,c12_correct
5,6,6_6.bmp,preprocessed_results\6\6_6.bmp,5,5,5,0.5593918561935425,171,0.30433687567710876,0.2550549805164337,5|171|813|13|715,0.55939186|0.30433688|0.00789708|0.00405336|0.00321914,1,0.5593918561935425,True,5,0.5593918561935425,True,5,0.43013983964920044,True,5,0.7179867029190063,True,5,0.2726656496524811,True,c12_correct
6,7,7_10.bmp,preprocessed_results\7\7_10.bmp,6,6,6,0.7210503816604614,246,0.025156918913125992,0.6958934627473354,6|246|738|538|717,0.72105038|0.02515692|0.00832172|0.00679953|0.00635512,1,0.7210503816604614,True,6,0.7210503816604614,True,6,0.5747631192207336,True,6,0.796624481678009,True,6,0.5902025103569031,True,c12_correct
7,8,8_4.bmp,preprocessed_results\8\8_4.bmp,7,7,7,0.6077487468719482,6,0.09594761580228806,0.5118011310696602,7|6|733|644|177,0.60774875|0.09594762|0.01777583|0.01348352|0.00942475,1,0.6077487468719482,True,7,0.6077487468719482,True,7,0.5926808714866638,True,7,0.8468852639198303,True,7,0.6875666975975037,True,c12_correct
8,9,9_10.bmp,preprocessed_results\9\9_10.bmp,8,8,8,0.8844692707061768,184,0.00873494427651167,0.8757343264296651,8|184|164|230|72,0.88446927|0.00873494|0.00469292|0.00335175|0.00331593,1,0.8844692707061768,True,8,0.8844692707061768,True,8,0.5520250797271729,True,8,0.8310112357139587,True,8,0.6806895136833191,True,c12_correct
9,10,10_5.bmp,preprocessed_results\10\10_5.bmp,9,9,9,0.7164424657821655,120,0.051478199660778046,0.6649642661213875,9|120|55|8|300,0.71644247|0.05147820|0.01340678|0.00942262|0.00847644,1,0.7164424657821655,True,9,0.7164424657821655,True,9,0.619391918182373,True,9,0.8094950914382935,True,9,0.6716591119766235,True,c12_correct
10,11,11_3.bmp,preprocessed_results\11\11_3.bmp,10,10,10,0.8371651768684387,795,0.011381938122212887,0.8257832387462258,10|795|807|262|94,0.83716518|0.01138194|0.00483006|0.00452636|0.00415461,1,0.8371651768684387,True,10,0.8371651768684387,True,10,0.8380301594734192,True,10,0.8394871354103088,True,10,0.7967588901519775,True,c12_correct
11,12,12_2.bmp,preprocessed_results\12\12_2.bmp,11,11,11,0.9559451341629028,728,0.003034283872693777,0.952910850290209,11|728|658|50|101,0.95594513|0.00303428|0.00282654|0.00189415|0.00156153,1,0.9559451341629028,True,11,0.9559451341629028,True,11,0.928759753704071,True,11,0.8239507675170898,True,11,0.7952887415885925,True,c12_correct
12,13,13_2.bmp,preprocessed_results\13\13_2.bmp,12,12,12,0.5327355861663818,544,0.01369624026119709,0.5190393459051847,12|544|24|338|136,0.53273559|0.01369624|0.01002485|0.00988498|0.00877914,1,0.5327355861663818,True,12,0.5327355861663818,True,12,0.5140480399131775,True,12,0.8241737484931946,True,12,0.7720719575881958,True,c12_correct
13,14,14_6.bmp,preprocessed_results\14\14_6.bmp,13,13,13,0.756234347820282,5,0.014557636342942715,0.7416767114773393,13|5|783|311|69,0.75623435|0.01455764|0.01435175|0.01043433|0.00909035,1,0.756234347820282,True,13,0.756234347820282,True,13,0.7909603118896484,True,13,0.8155294060707092,True,13,0.6058489084243774,True,c12_correct
14,15,15_10.bmp,preprocessed_results\15\15_10.bmp,14,14,14,0.7217225432395935,190,0.024293798953294754,0.6974287442862988,14|190|307|15|187,0.72172254|0.02429380|0.01072147|0.01026833|0.00952234,1,0.7217225432395935,True,14,0.7217225432395935,True,14,0.7235614061355591,True,14,0.8184342384338379,True,14,0.6824061274528503,True,c12_correct
15,16,16_2.bmp,preprocessed_results\16\16_2.bmp,15,15,15,0.90086829662323,621,0.01136594545096159,0.8895023511722684,15|621|777|143|275,0.90086830|0.01136595|0.00230212|0.00224423|0.00211810,1,0.90086829662323,True,15,0.90086829662323,True,15,0.8461008667945862,True,15,0.8468760848045349,True,15,0.8123117089271545,True,c12_correct
16,17,17_4.bmp,preprocessed_results\17\17_4.bmp,16,16,16,0.34897521138191223,62,0.04841618239879608,0.30055902898311615,16|62|670|82|704,0.34897521|0.04841618|0.03569566|0.02131728|0.01904180,1,0.34897521138191223,True,16,0.34897521138191223,True,16,0.3511635661125183,True,16,0.8122283220291138,True,16,0.4472997188568115,True,c12_correct
17,18,18_7.bmp,preprocessed_results\18\18_7.bmp,17,17,17,0.40072235465049744,811,0.02401776984333992,0.3767045848071575,17|811|243|108|162,0.40072235|0.02401777|0.01698185|0.01152224|0.01096515,1,0.40072235465049744,True,17,0.40072235465049744,True,17,0.1562063843011856,True,17,0.5694795250892639,True,17,0.3814961612224579,True,c12_correct
18,19,19_10.bmp,preprocessed_results\19\19_10.bmp,18,18,18,0.8946104049682617,19,0.00868030171841383,0.8859301032498479,18|19|135|396|356,0.89461040|0.00868030|0.00440150|0.00354312|0.00196803,1,0.8946104049682617,True,18,0.8946104049682617,True,18,0.7634387016296387,True,18,0.840829074382782,True,18,0.7625004649162292,True,c12_correct
19,20,20_8.bmp,preprocessed_results\20\20_8.bmp,19,19,19,0.6767141819000244,18,0.04042978584766388,0.6362843960523605,19|18|205|784|777,0.67671418|0.04042979|0.01386572|0.00755833|0.00521903,1,0.6767141819000244,True,19,0.6767141819000244,True,19,0.6597826480865479,True,19,0.8270338177680969,True,19,0.7015617489814758,True,c12_correct
20,21,21_4.bmp,preprocessed_results\21\21_4.bmp,20,20,20,0.8638684749603271,21,0.025136157870292664,0.8387323170900345,20|21|225|290|275,0.86386847|0.02513616|0.00823701|0.00472761|0.00470456,1,0.8638684749603271,True,20,0.8638684749603271,True,20,0.9255138635635376,True,20,0.8117364048957825,True,20,0.8344922065734863,True,c12_correct
21,22,22_10.bmp,preprocessed_results\22\22_10.bmp,21,21,21,0.6643977761268616,275,0.03921760246157646,0.6251801736652851,21|275|290|14|93,0.66439778|0.03921760|0.01260572|0.00909793|0.00900676,1,0.6643977761268616,True,21,0.6643977761268616,True,21,0.6421736478805542,True,21,0.8118278384208679,True,21,0.617303729057312,True,c12_correct
22,23,23_1.bmp,preprocessed_results\23\23_1.bmp,22,22,22,0.6148048043251038,429,0.017008798196911812,0.597796006128192,22|429|51|23|383,0.61480480|0.01700880|0.01110038|0.00900028|0.00673326,1,0.6148048043251038,True,22,0.6148048043251038,True,22,0.7866286039352417,True,22,0.8204826712608337,True,22,0.7457966804504395,True,c12_correct
23,24,24_3.bmp,preprocessed_results\24\24_3.bmp,23,23,23,0.8646547198295593,129,0.009915295988321304,0.854739423841238,23|129|149|195|269,0.86465472|0.00991530|0.00433998|0.00280664|0.00246746,1,0.8646547198295593,True,23,0.8646547198295593,True,23,0.8302608132362366,True,23,0.8364779353141785,True,23,0.8065637350082397,True,c12_correct
24,25,25_6.bmp,preprocessed_results\25\25_6.bmp,24,24,24,0.8806767463684082,88,0.01207368541508913,0.8686030609533191,24|88|94|238|25,0.88067675|0.01207369|0.01016043|0.00712390|0.00378828,1,0.8806767463684082,True,24,0.8806767463684082,True,24,0.7651947140693665,True,24,0.8136984705924988,True,24,0.7999095320701599,True,c12_correct
25,26,26_7.bmp,preprocessed_results\26\26_7.bmp,25,25,25,0.31948861479759216,495,0.023869046941399574,0.2956195678561926,25|495|409|547|522,0.31948861|0.02386905|0.02308063|0.01699747|0.01614674,1,0.31948861479759216,True,25,0.31948861479759216,True,25,0.06464889645576477,True,25,0.7919244766235352,True,25,0.41483059525489807,True,c12_correct
26,27,27_3.bmp,preprocessed_results\27\27_3.bmp,26,26,26,0.8765388131141663,27,0.013850690796971321,0.8626881223171949,26|27|266|130|22,0.87653881|0.01385069|0.00599265|0.00487193|0.00373833,1,0.8765388131141663,True,26,0.8765388131141663,True,26,0.8164071440696716,True,26,0.8006393909454346,True,26,0.7260542511940002,True,c12_correct
27,28,28_10.bmp,preprocessed_results\28\28_10.bmp,27,27,27,0.9649268388748169,26,0.005490514915436506,0.9594363239593804,27|26|590|332|271,0.96492684|0.00549051|0.00205803|0.00134355|0.00108395,1,0.9649268388748169,True,27,0.9649268388748169,True,27,0.7906268835067749,True,27,0.8479205965995789,True,27,0.8497887253761292,True,c12_correct
28,29,29_2.bmp,preprocessed_results\29\29_2.bmp,28,28,28,0.4342919588088989,423,0.024001920595765114,0.4102900382131338,28|423|189|203|223,0.43429196|0.02400192|0.01915324|0.01513526|0.01447286,1,0.4342919588088989,True,28,0.4342919588088989,True,28,0.626236081123352,True,28,0.8167579174041748,True,28,0.6886655688285828,True,c12_correct
29,30,30_1.bmp,preprocessed_results\30\30_1.bmp,29,29,29,0.9263405203819275,28,0.010296274907886982,0.9160442454740405,29|28|189|198|59,0.92634052|0.01029627|0.00450364|0.00158435|0.00132942,1,0.9263405203819275,True,29,0.9263405203819275,True,29,0.5189663171768188,True,29,0.8354495763778687,True,29,0.6698707342147827,True,c12_correct
30,31,31_2.bmp,preprocessed_results\31\31_2.bmp,30,30,30,0.8813735246658325,315,0.00781294610351324,0.8735605785623193,30|315|195|194|247,0.88137352|0.00781295|0.00608654|0.00556278|0.00535459,1,0.8813735246658325,True,30,0.8813735246658325,True,30,0.6529351472854614,True,30,0.8002597093582153,True,30,0.6364003419876099,True,c12_correct
31,32,32_1.bmp,preprocessed_results\32\32_1.bmp,31,31,31,0.7378373742103577,30,0.1582041084766388,0.5796332657337189,31|30|144|667|788,0.73783737|0.15820411|0.00499622|0.00459047|0.00334532,1,0.7378373742103577,True,31,0.7378373742103577,True,31,0.7627430558204651,True,31,0.7920277714729309,True,31,0.45891278982162476,True,c12_correct
32,33,33_2.bmp,preprocessed_results\33\33_2.bmp,32,32,32,0.9636994004249573,89,0.0027048722840845585,0.9609945281408727,32|89|305|25|54,0.96369940|0.00270487|0.00266111|0.00111387|0.00096245,1,0.9636994004249573,True,32,0.9636994004249573,True,32,0.7682380676269531,True,32,0.821094274520874,True,32,0.7448704242706299,True,c12_correct
33,34,34_9.bmp,preprocessed_results\34\34_9.bmp,33,33,33,0.9272358417510986,218,0.0061774225905537605,0.9210584191605449,33|218|32|212|206,0.92723584|0.00617742|0.00460074|0.00228574|0.00146126,1,0.9272358417510986,True,33,0.9272358417510986,True,33,0.8822765946388245,True,33,0.848554253578186,True,33,0.8941352367401123,True,c12_correct
34,35,35_5.bmp,preprocessed_results\35\35_5.bmp,34,34,34,0.6842180490493774,35,0.02043389528989792,0.6637841537594795,34|35|204|200|622,0.68421805|0.02043390|0.01775842|0.01286248|0.00667182,1,0.6842180490493774,True,34,0.6842180490493774,True,34,0.7380006313323975,True,34,0.7965006828308105,True,34,0.6176049709320068,True,c12_correct
35,36,36_1.bmp,preprocessed_results\36\36_1.bmp,35,35,35,0.7404475212097168,212,0.017433015629649162,0.7230145055800676,35|212|450|284|517,0.74044752|0.01743302|0.01464181|0.01169926|0.00821572,1,0.7404475212097168,True,35,0.7404475212097168,True,35,0.6518524289131165,True,35,0.8184676766395569,True,35,0.49229666590690613,True,c12_correct
36,37,37_10.bmp,preprocessed_results\37\37_10.bmp,36,36,36,0.367596298456192,119,0.034565314650535583,0.33303098380565643,36|119|759|735|290,0.36759630|0.03456531|0.01746148|0.01385099|0.01340631,1,0.367596298456192,True,36,0.367596298456192,True,36,0.38822150230407715,True,36,0.7999899983406067,True,36,0.727613091468811,True,c12_correct
37,38,38_8.bmp,preprocessed_results\38\38_8.bmp,37,37,37,0.11737202852964401,36,0.05489223822951317,0.062479790300130844,37|36|243|431|162,0.11737203|0.05489224|0.04035221|0.03408869|0.02701025,1,0.11737202852964401,True,37,0.11737202852964401,True,37,0.1673590987920761,True,37,0.7726715803146362,True,37,0.20163676142692566,True,c12_correct
38,39,39_4.bmp,preprocessed_results\39\39_4.bmp,38,38,38,0.31940290331840515,173,0.054080091416835785,0.26532281190156937,38|173|172|59|39,0.31940290|0.05408009|0.04293206|0.03008920|0.02404731,1,0.31940290331840515,True,38,0.31940290331840515,True,38,0.2230079174041748,True,38,0.5822464227676392,True,38,0.25276806950569153,True,c12_correct
39,40,40_4.bmp,preprocessed_results\40\40_4.bmp,39,39,39,0.8298391103744507,519,0.0044012232683598995,0.8254378871060908,39|519|28|440|198,0.82983911|0.00440122|0.00369465|0.00355383|0.00350179,1,0.8298391103744507,True,39,0.8298391103744507,True,39,0.224213108420372,True,39,0.803942084312439,True,39,0.5198343992233276,True,c12_correct
40,41,41_2.bmp,preprocessed_results\41\41_2.bmp,40,40,40,0.4660565257072449,41,0.029719261452555656,0.4363372642546892,40|41|80|453|125,0.46605653|0.02971926|0.02746704|0.02532007|0.01547661,1,0.4660565257072449,True,40,0.4660565257072449,True,40,0.24941806495189667,True,40,0.7928423881530762,True,40,0.6868985295295715,True,c12_correct
41,42,42_10.bmp,preprocessed_results\42\42_10.bmp,41,41,41,0.9282993078231812,40,0.004331214819103479,0.9239680930040777,41|40|336|354|315,0.92829931|0.00433121|0.00223178|0.00186295|0.00180960,1,0.9282993078231812,True,41,0.9282993078231812,True,41,0.8734882473945618,True,41,0.8249853849411011,True,41,0.8626769185066223,True,c12_correct
42,43,43_1.bmp,preprocessed_results\43\43_1.bmp,42,42,42,0.7717109322547913,173,0.01475485973060131,0.75695607252419,42|173|304|328|102,0.77171093|0.01475486|0.00654948|0.00613903|0.00502844,1,0.7717109322547913,True,42,0.7717109322547913,True,42,0.3920891582965851,True,42,0.8104299306869507,True,42,0.7076659798622131,True,c12_correct
43,44,44_10.bmp,preprocessed_results\44\44_10.bmp,43,43,43,0.8226131796836853,720,0.009130410850048065,0.8134827688336372,43|720|440|356|786,0.82261318|0.00913041|0.00555385|0.00498534|0.00399973,1,0.8226131796836853,True,43,0.8226131796836853,True,43,0.4377520680427551,True,43,0.8148924708366394,True,43,0.7492145895957947,True,c12_correct
44,45,45_6.bmp,preprocessed_results\45\45_6.bmp,44,44,44,0.39155930280685425,144,0.03629189729690552,0.35526740550994873,44|144|45|716|320,0.39155930|0.03629190|0.02260076|0.01680403|0.01632624,1,0.39155930280685425,True,44,0.39155930280685425,True,44,0.5076844096183777,True,44,0.748665452003479,True,44,0.5809341073036194,True,c12_correct
45,46,46_10.bmp,preprocessed_results\46\46_10.bmp,45,45,45,0.5281624794006348,44,0.029171334579586983,0.4989911448210478,45|44|305|294|77,0.52816248|0.02917133|0.01568560|0.01350321|0.01268359,1,0.5281624794006348,True,45,0.5281624794006348,True,45,0.3774649202823639,True,45,0.7789205312728882,True,45,0.4231581687927246,True,c12_correct
46,47,47_4.bmp,preprocessed_results\47\47_4.bmp,46,46,46,0.8155421018600464,295,0.009515486657619476,0.8060266152024269,46|295|411|47|216,0.81554210|0.00951549|0.00846435|0.00495763|0.00451848,1,0.8155421018600464,True,46,0.8155421018600464,True,46,0.6877673864364624,True,46,0.8202536106109619,True,46,0.7196124792098999,True,c12_correct
47,48,48_10.bmp,preprocessed_results\48\48_10.bmp,47,47,47,0.6511984467506409,241,0.08050894737243652,0.5706894993782043,47|241|811|568|162,0.65119845|0.08050895|0.02328779|0.01152772|0.01008792,1,0.6511984467506409,True,47,0.6511984467506409,True,47,0.605961263179779,True,47,0.8081603050231934,True,47,0.7619240283966064,True,c12_correct
48,49,49_4.bmp,preprocessed_results\49\49_4.bmp,48,48,48,0.7105870842933655,204,0.013425367884337902,0.6971617164090276,48|204|128|34|334,0.71058708|0.01342537|0.00899632|0.00883711|0.00784016,1,0.7105870842933655,True,48,0.7105870842933655,True,48,0.8156861066818237,True,48,0.8508113026618958,True,48,0.8228476643562317,True,c12_correct
49,50,50_6.bmp,preprocessed_results\50\50_6.bmp,49,49,49,0.787571370601654,334,0.012035754509270191,0.7755356160923839,49|334|105|25|48,0.78757137|0.01203575|0.01097449|0.00970333|0.00919113,1,0.787571370601654,True,49,0.787571370601654,True,49,0.4845832586288452,True,49,0.7833954691886902,True,49,0.5612953901290894,True,c12_correct
50,51,51_1.bmp,preprocessed_results\51\51_1.bmp,50,50,50,0.5855223536491394,51,0.028013387694954872,0.5575089659541845,50|51|517|334|322,0.58552235|0.02801339|0.02128114|0.01602375|0.01173896,1,0.5855223536491394,True,50,0.5855223536491394,True,50,0.3544188439846039,True,50,0.7341454029083252,True,50,0.34317246079444885,True,c12_correct
51,52,52_10.bmp,preprocessed_results\52\52_10.bmp,51,51,51,0.8149216771125793,50,0.008561172522604465,0.8063605045899749,51|50|252|766|160,0.81492168|0.00856117|0.00633208|0.00596720|0.00356661,1,0.8149216771125793,True,51,0.8149216771125793,True,51,0.7491098642349243,True,51,0.8387874960899353,True,51,0.7764038443565369,True,c12_correct
52,53,53_8.bmp,preprocessed_results\53\53_8.bmp,52,52,52,0.6973129510879517,53,0.021545574069023132,0.6757673770189285,52|53|494|163|313,0.69731295|0.02154557|0.02119782|0.01279406|0.00919451,1,0.6973129510879517,True,52,0.6973129510879517,True,52,0.5507976412773132,True,52,0.7985531687736511,True,52,0.6830511093139648,True,c12_correct
53,54,54_6.bmp,preprocessed_results\54\54_6.bmp,53,53,53,0.9491905570030212,52,0.007233600597828627,0.9419569564051926,53|52|128|163|824,0.94919056|0.00723360|0.00134236|0.00125328|0.00090140,1,0.9491905570030212,True,53,0.9491905570030212,True,53,0.8920429944992065,True,53,0.8253206610679626,True,53,0.8081114888191223,True,c12_correct
54,55,55_7.bmp,preprocessed_results\55\55_7.bmp,54,54,54,0.936461329460144,55,0.0043244450353085995,0.9321368844248354,54|55|101|795|100,0.93646133|0.00432445|0.00313061|0.00185909|0.00176673,1,0.936461329460144,True,54,0.936461329460144,True,54,0.7777950763702393,True,54,0.8272848725318909,True,54,0.7903697490692139,True,c12_correct
55,56,56_10.bmp,preprocessed_results\56\56_10.bmp,55,55,55,0.9011580348014832,339,0.0062277670949697495,0.8949302677065134,55|339|107|54|215,0.90115803|0.00622777|0.00483535|0.00272079|0.00213735,1,0.9011580348014832,True,55,0.9011580348014832,True,55,0.8364313244819641,True,55,0.818697452545166,True,55,0.7862163186073303,True,c12_correct
56,57,57_1.bmp,preprocessed_results\57\57_1.bmp,56,56,56,0.5517596006393433,194,0.017349427565932274,0.534410173073411,56|194|195|561|114,0.55175960|0.01734943|0.01259472|0.00891981|0.00830333,1,0.5517596006393433,True,56,0.5517596006393433,True,56,0.18220864236354828,True,56,0.7715623378753662,True,56,0.6962523460388184,True,c12_correct
57,58,58_6.bmp,preprocessed_results\58\58_6.bmp,57,57,57,0.9140086770057678,143,0.005495684687048197,0.9085129923187196,57|143|541|56|247,0.91400868|0.00549568|0.00384368|0.00348626|0.00297334,1,0.9140086770057678,True,57,0.9140086770057678,True,57,0.49123674631118774,True,57,0.8275512456893921,True,57,0.6907556653022766,True,c12_correct
58,59,59_2.bmp,preprocessed_results\59\59_2.bmp,58,58,58,0.8069432377815247,102,0.011237051337957382,0.7957061864435673,58|102|88|18|94,0.80694324|0.01123705|0.01108928|0.00696871|0.00695349,1,0.8069432377815247,True,58,0.8069432377815247,True,58,0.5202440023422241,True,58,0.8225477933883667,True,58,0.7890242338180542,True,c12_correct
59,60,60_7.bmp,preprocessed_results\60\60_7.bmp,59,59,59,0.6646956205368042,640,0.008257239125669003,0.6564383814111352,59|640|271|722|551,0.66469562|0.00825724|0.00752710|0.00674490|0.00642657,1,0.6646956205368042,True,59,0.6646956205368042,True,59,0.5646008253097534,True,59,0.8154273629188538,True,59,0.6202681064605713,True,c12_correct
60,61,61_2.bmp,preprocessed_results\61\61_2.bmp,60,60,60,0.7941237688064575,61,0.009675232693552971,0.7844485361129045,60|61|49|818|18,0.79412377|0.00967523|0.00885157|0.00793761|0.00505672,1,0.7941237688064575,True,60,0.7941237688064575,True,60,0.7853826880455017,True,60,0.7712644338607788,True,60,0.5907732248306274,True,c12_correct
61,62,62_4.bmp,preprocessed_results\62\62_4.bmp,61,61,61,0.8718445897102356,104,0.008912370540201664,0.8629322191700339,61|104|105|157|60,0.87184459|0.00891237|0.00794888|0.00332580|0.00307518,1,0.8718445897102356,True,61,0.8718445897102356,True,61,0.8814461827278137,True,61,0.798884928226471,True,61,0.8315823078155518,True,c12_correct
62,63,63_8.bmp,preprocessed_results\63\63_8.bmp,62,62,62,0.3369969427585602,63,0.05187954753637314,0.28511739522218704,62|63|267|137|446,0.33699694|0.05187955|0.02380817|0.01427241|0.01303664,1,0.3369969427585602,True,62,0.3369969427585602,True,62,0.476125031709671,True,62,0.8014726638793945,True,62,0.7636124491691589,True,c12_correct
63,64,64_10.bmp,preprocessed_results\64\64_10.bmp,63,63,63,0.8625917434692383,62,0.020393460988998413,0.8421982824802399,63|62|26|5|23,0.86259174|0.02039346|0.00351727|0.00207360|0.00200221,1,0.8625917434692383,True,63,0.8625917434692383,True,63,0.4559694230556488,True,63,0.8451396226882935,True,63,0.8261426687240601,True,c12_correct
64,65,65_6.bmp,preprocessed_results\65\65_6.bmp,64,64,64,0.42389950156211853,65,0.09314047545194626,0.33075902611017227,64|65|316|61|317,0.42389950|0.09314048|0.02350505|0.01594524|0.01382865,1,0.42389950156211853,True,64,0.42389950156211853,True,64,0.5273507237434387,True,64,0.7972436547279358,True,64,0.52939373254776,True,c12_correct
65,66,66_4.bmp,preprocessed_results\66\66_4.bmp,65,65,65,0.7332037687301636,93,0.015679925680160522,0.717523843050003,65|93|428|235|186,0.73320377|0.01567993|0.01038241|0.00528758|0.00521565,1,0.7332037687301636,True,65,0.7332037687301636,True,65,0.6855688095092773,True,65,0.8091311454772949,True,65,0.740159809589386,True,c12_correct
66,67,67_4.bmp,preprocessed_results\67\67_4.bmp,66,66,66,0.8186864256858826,96,0.022588081657886505,0.7960983440279961,66|96|250|67|97,0.81868643|0.02258808|0.01207881|0.01120329|0.00574012,1,0.8186864256858826,True,66,0.8186864256858826,True,66,0.8472670316696167,True,66,0.7875736951828003,True,66,0.7049486637115479,True,c12_correct
67,68,68_7.bmp,preprocessed_results\68\68_7.bmp,67,67,67,0.8066570162773132,494,0.011272590607404709,0.7953844256699085,67|494|66|317|79,0.80665702|0.01127259|0.00935646|0.00404884|0.00341703,1,0.8066570162773132,True,67,0.8066570162773132,True,67,0.8217620849609375,True,67,0.8229901194572449,True,67,0.7200608253479004,True,c12_correct
68,69,69_2.bmp,preprocessed_results\69\69_2.bmp,68,68,68,0.18635575473308563,146,0.03886741027235985,0.14748834446072578,68|146|178|69|314,0.18635575|0.03886741|0.02407673|0.02101880|0.01976633,1,0.18635575473308563,True,68,0.18635575473308563,True,68,0.026988841593265533,True,68,0.7519341111183167,True,68,0.14163829386234283,True,c12_correct
69,70,70_5.bmp,preprocessed_results\70\70_5.bmp,69,69,69,0.9032871127128601,68,0.007892755791544914,0.8953943569213152,69|68|305|163|295,0.90328711|0.00789276|0.00296095|0.00222161|0.00186113,1,0.9032871127128601,True,69,0.9032871127128601,True,69,0.8746724128723145,True,69,0.8396960496902466,True,69,0.7727867364883423,True,c12_correct
70,71,71_8.bmp,preprocessed_results\71\71_8.bmp,70,70,70,0.7572157382965088,483,0.012470281682908535,0.7447454566136003,70|483|220|210|134,0.75721574|0.01247028|0.00674123|0.00576185|0.00530637,1,0.7572157382965088,True,70,0.7572157382965088,True,70,0.7841553092002869,True,70,0.7792479991912842,True,70,0.6955704092979431,True,c12_correct
71,72,72_3.bmp,preprocessed_results\72\72_3.bmp,71,71,71,0.8247390389442444,96,0.011634833179414272,0.8131042057648301,71|96|123|605|164,0.82473904|0.01163483|0.00509635|0.00493578|0.00445946,1,0.8247390389442444,True,71,0.8247390389442444,True,71,0.7174938321113586,True,71,0.8179856538772583,True,71,0.758594810962677,True,c12_correct
72,73,73_7.bmp,preprocessed_results\73\73_7.bmp,72,72,72,0.8763555884361267,103,0.008136111311614513,0.8682194771245122,72|103|146|340|300,0.87635559|0.00813611|0.00714882|0.00661162|0.00323746,1,0.8763555884361267,True,72,0.8763555884361267,True,72,0.8958276510238647,True,72,0.8229001760482788,True,72,0.747757613658905,True,c12_correct
73,74,74_10.bmp,preprocessed_results\74\74_10.bmp,73,73,73,0.9717732667922974,296,0.003289580112323165,0.9684836866799742,73|296|72|531|270,0.97177327|0.00328958|0.00317004|0.00164774|0.00092009,1,0.9717732667922974,True,73,0.9717732667922974,True,73,0.7160604596138,True,73,0.8188269138336182,True,73,0.8023044466972351,True,c12_correct
74,75,75_10.bmp,preprocessed_results\75\75_10.bmp,74,74,74,0.8633074164390564,387,0.008254341781139374,0.855053074657917,74|387|75|384|203,0.86330742|0.00825434|0.00702202|0.00492581|0.00392466,1,0.8633074164390564,True,74,0.8633074164390564,True,74,0.8527525067329407,True,74,0.8163149356842041,True,74,0.7581993341445923,True,c12_correct
75,76,76_5.bmp,preprocessed_results\76\76_5.bmp,75,75,75,0.24777363240718842,173,0.06105053052306175,0.18672310188412666,75|173|74|91|172,0.24777363|0.06105053|0.02652439|0.02434244|0.02322651,1,0.24777363240718842,True,75,0.24777363240718842,True,75,0.2246255725622177,True,75,0.7689766883850098,True,75,0.4210888147354126,True,c12_correct
76,77,77_7.bmp,preprocessed_results\77\77_7.bmp,76,76,76,0.8277072906494141,165,0.00850183330476284,0.8192054573446512,76|165|294|546|156,0.82770729|0.00850183|0.00562524|0.00532998|0.00455523,1,0.8277072906494141,True,76,0.8277072906494141,True,76,0.8419529795646667,True,76,0.8249607086181641,True,76,0.7500277161598206,True,c12_correct
77,78,78_8.bmp,preprocessed_results\78\78_8.bmp,77,77,77,0.7059519290924072,199,0.020040690898895264,0.685911238193512,77|199|45|76|142,0.70595193|0.02004069|0.01803094|0.01105159|0.00529705,1,0.7059519290924072,True,77,0.7059519290924072,True,77,0.7245749831199646,True,77,0.8255394101142883,True,77,0.7718297839164734,True,c12_correct
78,79,79_10.bmp,preprocessed_results\79\79_10.bmp,78,78,78,0.9321606755256653,91,0.003574251662939787,0.9285864238627255,78|91|258|335|4,0.93216068|0.00357425|0.00274462|0.00214491|0.00191841,1,0.9321606755256653,True,78,0.9321606755256653,True,78,0.8185819983482361,True,78,0.8190589547157288,True,78,0.7982648611068726,True,c12_correct
79,80,80_7.bmp,preprocessed_results\80\80_7.bmp,79,79,79,0.8020803332328796,83,0.023953907191753387,0.7781264260411263,79|83|534|211|40,0.80208033|0.02395391|0.01151044|0.00744913|0.00584870,1,0.8020803332328796,True,79,0.8020803332328796,True,79,0.7811741232872009,True,79,0.8437343835830688,True,79,0.7179116606712341,True,c12_correct
80,81,81_9.bmp,preprocessed_results\81\81_9.bmp,80,80,80,0.8710539937019348,81,0.009203550405800343,0.8618504432961345,80|81|466|251|166,0.87105399|0.00920355|0.00600832|0.00387633|0.00347882,1,0.8710539937019348,True,80,0.8710539937019348,True,80,0.8158132433891296,True,80,0.8460924625396729,True,80,0.7770246863365173,True,c12_correct
81,82,82_7.bmp,preprocessed_results\82\82_7.bmp,81,81,81,0.8984026312828064,80,0.00616340572014451,0.8922392255626619,81|80|470|47|774,0.89840263|0.00616341|0.00267413|0.00239354|0.00221859,1,0.8984026312828064,True,81,0.8984026312828064,True,81,0.7951616048812866,True,81,0.8131719827651978,True,81,0.7468585968017578,True,c12_correct
82,83,83_4.bmp,preprocessed_results\83\83_4.bmp,82,82,82,0.657386302947998,197,0.06980786472558975,0.5875784382224083,82|197|57|25|167,0.65738630|0.06980786|0.05991381|0.00760565|0.00493923,1,0.657386302947998,True,82,0.657386302947998,True,82,0.2235851287841797,True,82,0.7997211813926697,True,82,0.4985150098800659,True,c12_correct
83,84,84_6.bmp,preprocessed_results\84\84_6.bmp,83,83,83,0.10067112743854523,148,0.05543619766831398,0.04523492977023125,83|148|82|171|57,0.10067113|0.05543620|0.03348699|0.02320315|0.02193356,1,0.10067112743854523,True,83,0.10067112743854523,True,83,0.36072197556495667,True,83,0.7975923418998718,True,83,0.5456641912460327,True,c12_correct
84,85,85_3.bmp,preprocessed_results\85\85_3.bmp,84,84,84,0.9533707499504089,85,0.002838409272953868,0.9505323406774551,84|85|331|671|308,0.95337075|0.00283841|0.00135553|0.00124765|0.00104852,1,0.9533707499504089,True,84,0.9533707499504089,True,84,0.8762915730476379,True,84,0.8383473753929138,True,84,0.8841228485107422,True,c12_correct
85,86,86_7.bmp,preprocessed_results\86\86_7.bmp,85,85,85,0.2542897164821625,84,0.11685696244239807,0.1374327540397644,85|84|725|0|250,0.25428972|0.11685696|0.02674435|0.02330839|0.01619859,1,0.2542897164821625,True,85,0.2542897164821625,True,85,0.032001130282878876,True,85,0.7507665753364563,True,85,0.21948964893817902,True,c12_correct
86,87,87_4.bmp,preprocessed_results\87\87_4.bmp,86,86,86,0.7887822985649109,87,0.032693050801754,0.7560892477631569,86|87|196|450|619,0.78878230|0.03269305|0.00524591|0.00450069|0.00432947,1,0.7887822985649109,True,86,0.7887822985649109,True,86,0.46734973788261414,True,86,0.7750694751739502,True,86,0.6007105708122253,True,c12_correct
87,88,88_7.bmp,preprocessed_results\88\88_7.bmp,87,87,87,0.5483735799789429,86,0.030216630548238754,0.5181569494307041,87|86|151|262|198,0.54837358|0.03021663|0.02390805|0.01906342|0.01050657,1,0.5483735799789429,True,87,0.5483735799789429,True,87,0.7911491990089417,True,87,0.8361907601356506,True,87,0.7942354083061218,True,c12_correct
88,89,89_2.bmp,preprocessed_results\89\89_2.bmp,88,88,88,0.5239931344985962,8,0.039703719317913055,0.48428941518068314,88|8|156|18|94,0.52399313|0.03970372|0.02065178|0.01665819|0.01298471,1,0.5239931344985962,True,88,0.5239931344985962,True,88,0.6978532671928406,True,88,0.80516117811203,True,88,0.6853646636009216,True,c12_correct
89,90,90_10.bmp,preprocessed_results\90\90_10.bmp,89,89,89,0.29457828402519226,171,0.028261639177799225,0.26631664484739304,89|171|4|423|280,0.29457828|0.02826164|0.02023491|0.01866730|0.01296657,1,0.29457828402519226,True,89,0.29457828402519226,True,89,0.3164088726043701,True,89,0.8305042386054993,True,89,0.40172386169433594,True,c12_correct
90,91,91_8.bmp,preprocessed_results\91\91_8.bmp,90,90,90,0.8984031677246094,91,0.008270868100225925,0.8901322996243834,90|91|214|496|173,0.89840317|0.00827087|0.00380020|0.00267389|0.00259939,1,0.8984031677246094,True,90,0.8984031677246094,True,90,0.8476839065551758,True,90,0.8359744548797607,True,90,0.7084757685661316,True,c12_correct
91,92,92_9.bmp,preprocessed_results\92\92_9.bmp,91,91,91,0.7308005690574646,90,0.09279065579175949,0.6380099132657051,91|90|496|78|454,0.73080057|0.09279066|0.03083386|0.00996169|0.00736623,1,0.7308005690574646,True,91,0.7308005690574646,True,91,0.7135505676269531,True,91,0.8198827505111694,True,91,0.7364636063575745,True,c12_correct
92,93,93_4.bmp,preprocessed_results\93\93_4.bmp,92,92,92,0.8716626763343811,151,0.015451760031282902,0.8562109163030982,92|151|87|257|752,0.87166268|0.01545176|0.00807493|0.00371804|0.00347558,1,0.8716626763343811,True,92,0.8716626763343811,True,92,0.8777135610580444,True,92,0.8404753804206848,True,92,0.7434505224227905,True,c12_correct
93,94,94_6.bmp,preprocessed_results\94\94_6.bmp,93,93,93,0.8436919450759888,163,0.004111998248845339,0.8395799468271434,93|163|129|309|218,0.84369195|0.00411200|0.00331692|0.00318989|0.00311343,1,0.8436919450759888,True,93,0.8436919450759888,True,93,0.57289719581604,True,93,0.826086699962616,True,93,0.8152825236320496,True,c12_correct
94,95,95_7.bmp,preprocessed_results\95\95_7.bmp,94,94,94,0.8230024576187134,203,0.006496411748230457,0.8165060458704829,94|203|178|262|95,0.82300246|0.00649641|0.00523929|0.00451671|0.00412606,1,0.8230024576187134,True,94,0.8230024576187134,True,94,0.8332896828651428,True,94,0.8332309126853943,True,94,0.7720972895622253,True,c12_correct
95,96,96_8.bmp,preprocessed_results\96\96_8.bmp,95,95,95,0.9226972460746765,50,0.004596209619194269,0.9181010364554822,95|50|775|813|294,0.92269725|0.00459621|0.00425490|0.00178912|0.00156790,1,0.9226972460746765,True,95,0.9226972460746765,True,95,0.7778681516647339,True,95,0.7915501594543457,True,95,0.7649679780006409,True,c12_correct
96,97,97_9.bmp,preprocessed_results\97\97_9.bmp,96,96,96,0.6790534257888794,292,0.043515779078006744,0.6355376467108727,96|292|7|300|49,0.67905343|0.04351578|0.02570498|0.00795328|0.00661652,1,0.6790534257888794,True,96,0.6790534257888794,True,96,0.09452249109745026,True,96,0.7569231390953064,True,96,0.6545661091804504,True,c12_correct
97,98,98_7.bmp,preprocessed_results\98\98_7.bmp,97,97,97,0.7879831790924072,1,0.022834613919258118,0.7651485651731491,97|1|147|303|7,0.78798318|0.02283461|0.00870308|0.00810072|0.00560713,1,0.7879831790924072,True,97,0.7879831790924072,True,97,0.34083837270736694,True,97,0.7955737113952637,True,97,0.581470787525177,True,c12_correct
98,99,99_3.bmp,preprocessed_results\99\99_3.bmp,98,98,98,0.9053842425346375,279,0.0019765086472034454,0.903407733887434,98|279|455|250|545,0.90538424|0.00197651|0.00175405|0.00167930|0.00144568,1,0.9053842425346375,True,98,0.9053842425346375,True,98,0.8331804275512695,True,98,0.8251369595527649,True,98,0.8091744780540466,True,c12_correct
99,100,100_4.bmp,preprocessed_results\100\100_4.bmp,99,99,99,0.9164512157440186,664,0.0030257978942245245,0.913425417849794,99|664|279|232|661,0.91645122|0.00302580|0.00260575|0.00259372|0.00254494,1,0.9164512157440186,True,99,0.9164512157440186,True,99,0.8797392249107361,True,99,0.8287761807441711,True,99,0.6222241520881653,True,c12_correct
100,101,101_5.bmp,preprocessed_results\101\101_5.bmp,100,100,100,0.911798357963562,4,0.004845531657338142,0.9069528263062239,100|4|146|132|340,0.91179836|0.00484553|0.00392541|0.00274041|0.00186782,1,0.911798357963562,True,100,0.911798357963562,True,100,0.3956323564052582,True,100,0.7405723333358765,True,100,0.7262161374092102,True,c12_correct
101,102,102_4.bmp,preprocessed_results\102\102_4.bmp,101,101,101,0.9317874908447266,325,0.003521583043038845,0.9282659078016877,101|325|723|331|141,0.93178749|0.00352158|0.00242628|0.00182643|0.00178922,1,0.9317874908447266,True,101,0.9317874908447266,True,101,0.902595579624176,True,101,0.8511186242103577,True,101,0.7943485975265503,True,c12_correct
102,103,103_6.bmp,preprocessed_results\103\103_6.bmp,102,102,102,0.7381988763809204,801,0.03399261087179184,0.7042062655091286,102|801|182|72|196,0.73819888|0.03399261|0.01990497|0.01557720|0.01056406,1,0.7381988763809204,True,102,0.7381988763809204,True,102,0.6483811140060425,True,102,0.7950174808502197,True,102,0.4758383333683014,True,c12_correct
103,104,104_8.bmp,preprocessed_results\104\104_8.bmp,103,103,103,0.4620230197906494,102,0.14272670447826385,0.31929631531238556,103|102|56|373|833,0.46202302|0.14272670|0.01018204|0.00933900|0.00893533,1,0.4620230197906494,True,103,0.4620230197906494,True,103,0.14023493230342865,True,103,0.7945865988731384,True,103,0.48975270986557007,True,c12_correct
104,105,105_4.bmp,preprocessed_results\105\105_4.bmp,104,104,104,0.71869295835495,50,0.033026330173015594,0.6856666281819344,104|50|771|61|131,0.71869296|0.03302633|0.01369069|0.00661068|0.00501296,1,0.71869295835495,True,104,0.71869295835495,True,104,0.66318678855896,True,104,0.7871723175048828,True,104,0.5598569512367249,True,c12_correct
105,106,106_4.bmp,preprocessed_results\106\106_4.bmp,105,105,105,0.6020389795303345,152,0.042923834174871445,0.559115145355463,105|152|26|15|275,0.60203898|0.04292383|0.01462504|0.00931969|0.00830560,1,0.6020389795303345,True,105,0.6020389795303345,True,105,0.7331260442733765,True,105,0.8437362313270569,True,105,0.7526111006736755,True,c12_correct
106,107,107_10.bmp,preprocessed_results\107\107_10.bmp,106,106,106,0.5656805634498596,274,0.034509383141994476,0.5311711803078651,106|274|453|56|166,0.56568056|0.03450938|0.01434769|0.00913140|0.00635975,1,0.5656805634498596,True,106,0.5656805634498596,True,106,0.5406783819198608,True,106,0.7941035628318787,True,106,0.4922419488430023,True,c12_correct
107,108,108_7.bmp,preprocessed_results\108\108_7.bmp,107,107,107,0.9327787756919861,279,0.0027905304450541735,0.9299882452469319,107|279|55|384|712,0.93277878|0.00279053|0.00242021|0.00196225|0.00168173,1,0.9327787756919861,True,107,0.9327787756919861,True,107,0.8775529861450195,True,107,0.8353186249732971,True,107,0.7888235449790955,True,c12_correct
108,109,109_10.bmp,preprocessed_results\109\109_10.bmp,108,108,108,0.9437811374664307,109,0.0047127800062298775,0.9390683574602008,108|109|233|817|276,0.94378114|0.00471278|0.00203253|0.00117323|0.00097645,1,0.9437811374664307,True,108,0.9437811374664307,True,108,0.8457583785057068,True,108,0.8356016874313354,True,108,0.8565263748168945,True,c12_correct
109,110,110_9.bmp,preprocessed_results\110\110_9.bmp,109,109,109,0.9161039590835571,108,0.0094343526288867,0.9066696064546704,109|108|773|63|59,0.91610396|0.00943435|0.00520705|0.00304217|0.00178317,1,0.9161039590835571,True,109,0.9161039590835571,True,109,0.827057421207428,True,109,0.8375621438026428,True,109,0.7923041582107544,True,c12_correct
110,111,111_7.bmp,preprocessed_results\111\111_7.bmp,110,110,110,0.9431511759757996,111,0.0027714488096535206,0.940379727166146,110|111|807|746|720,0.94315118|0.00277145|0.00208794|0.00192652|0.00161342,1,0.9431511759757996,True,110,0.9431511759757996,True,110,0.8151899576187134,True,110,0.8302757740020752,True,110,0.7916369438171387,True,c12_correct
111,112,112_1.bmp,preprocessed_results\112\112_1.bmp,111,111,111,0.8731645345687866,110,0.00959996972233057,0.863564564846456,111|110|710|787|698,0.87316453|0.00959997|0.00819797|0.00396318|0.00286130,1,0.8731645345687866,True,111,0.8731645345687866,True,111,0.7532030344009399,True,111,0.832529604434967,True,111,0.8635942339897156,True,c12_correct
112,113,113_2.bmp,preprocessed_results\113\113_2.bmp,112,112,112,0.9479515552520752,795,0.004687572363764048,0.9432639828883111,112|795|113|816|22,0.94795156|0.00468757|0.00292644|0.00221486|0.00187627,1,0.9479515552520752,True,112,0.9479515552520752,True,112,0.8074002861976624,True,112,0.8285282254219055,True,112,0.789537250995636,True,c12_correct
113,114,114_1.bmp,preprocessed_results\114\114_1.bmp,113,113,113,0.7561023235321045,112,0.09412393718957901,0.6619783863425255,113|112|128|3|214,0.75610232|0.09412394|0.00934333|0.00517636|0.00517327,1,0.7561023235321045,True,113,0.7561023235321045,True,113,0.8869433403015137,True,113,0.8477755784988403,True,113,0.8546180129051208,True,c12_correct
114,115,115_5.bmp,preprocessed_results\115\115_5.bmp,114,114,114,0.9254970550537109,115,0.003829710418358445,0.9216673446353525,114|115|142|144|234,0.92549706|0.00382971|0.00341357|0.00307395|0.00285881,1,0.9254970550537109,True,114,0.9254970550537109,True,114,0.858517050743103,True,114,0.8238390684127808,True,114,0.7999060750007629,True,c12_correct
115,116,116_8.bmp,preprocessed_results\116\116_8.bmp,115,115,115,0.809315025806427,114,0.01590564288198948,0.7934093829244375,115|114|142|701|699,0.80931503|0.01590564|0.01190532|0.01033241|0.00854275,1,0.809315025806427,True,115,0.809315025806427,True,115,0.8030570149421692,True,115,0.823432981967926,True,115,0.8693581223487854,True,c12_correct
116,117,117_6.bmp,preprocessed_results\117\117_6.bmp,116,116,116,0.8488205075263977,152,0.008314162492752075,0.8405063450336456,116|152|117|564|569,0.84882051|0.00831416|0.00792270|0.00574875|0.00420499,1,0.8488205075263977,True,116,0.8488205075263977,True,116,0.5297648310661316,True,116,0.8277447819709778,True,116,0.5974102020263672,True,c12_correct
117,118,118_1.bmp,preprocessed_results\118\118_1.bmp,117,117,117,0.4895807206630707,116,0.047726064920425415,0.44185465574264526,117|116|283|539|184,0.48958072|0.04772606|0.01790535|0.01044055|0.00914206,1,0.4895807206630707,True,117,0.4895807206630707,True,117,0.19313696026802063,True,117,0.768704891204834,True,117,0.4743545949459076,True,c12_correct
118,119,119_9.bmp,preprocessed_results\119\119_9.bmp,118,118,118,0.6483731865882874,318,0.03011024184525013,0.6182629447430372,118|318|204|288|128,0.64837319|0.03011024|0.01627380|0.01425667|0.01191040,1,0.6483731865882874,True,118,0.6483731865882874,True,118,0.6040449738502502,True,118,0.7981835603713989,True,118,0.6394839882850647,True,c12_correct
119,120,120_7.bmp,preprocessed_results\120\120_7.bmp,119,119,119,0.7494786977767944,207,0.019298851490020752,0.7301798462867737,119|207|288|187|122,0.74947870|0.01929885|0.01318889|0.00759962|0.00502356,1,0.7494786977767944,True,119,0.7494786977767944,True,119,0.4365595579147339,True,119,0.8015689849853516,True,119,0.6659476161003113,True,c12_correct
120,121,121_7.bmp,preprocessed_results\121\121_7.bmp,120,120,120,0.7087205052375793,274,0.030657023191452026,0.6780634820461273,120|274|396|267|189,0.70872051|0.03065702|0.00918448|0.00754808|0.00461693,1,0.7087205052375793,True,120,0.7087205052375793,True,120,0.24567803740501404,True,120,0.8141081929206848,True,120,0.5666559338569641,True,c12_correct
121,122,122_4.bmp,preprocessed_results\122\122_4.bmp,121,121,121,0.7213547825813293,120,0.017321893945336342,0.704032888635993,121|120|209|40|396,0.72135478|0.01732189|0.01079851|0.00671206|0.00654291,1,0.7213547825813293,True,121,0.7213547825813293,True,121,0.8331889510154724,True,121,0.8172509074211121,True,121,0.7588832974433899,True,c12_correct
122,123,123_9.bmp,preprocessed_results\123\123_9.bmp,122,122,122,0.9458510279655457,180,0.005663780961185694,0.94018724700436,122|180|123|205|473,0.94585103|0.00566378|0.00498418|0.00197937|0.00111216,1,0.9458510279655457,True,122,0.9458510279655457,True,122,0.871587336063385,True,122,0.8455568552017212,True,122,0.872175395488739,True,c12_correct
123,124,124_9.bmp,preprocessed_results\124\124_9.bmp,123,123,123,0.8414379358291626,207,0.009630215354263783,0.8318077204748988,123|207|149|62|187,0.84143794|0.00963022|0.00614789|0.00446469|0.00440800,1,0.8414379358291626,True,123,0.8414379358291626,True,123,0.8018882274627686,True,123,0.8397006392478943,True,123,0.80231773853302,True,c12_correct
124,125,125_9.bmp,preprocessed_results\125\125_9.bmp,124,124,124,0.31862902641296387,125,0.08380813151597977,0.2348208948969841,124|125|185|467|231,0.31862903|0.08380813|0.02402515|0.02188991|0.02177946,1,0.31862902641296387,True,124,0.31862902641296387,True,124,0.5464208126068115,True,124,0.7816704511642456,True,124,0.5780638456344604,True,c12_correct
125,126,126_9.bmp,preprocessed_results\126\126_9.bmp,125,125,125,0.9210862517356873,124,0.006030138116329908,0.9150561136193573,125|124|40|405|247,0.92108625|0.00603014|0.00201851|0.00137275|0.00136736,1,0.9210862517356873,True,125,0.9210862517356873,True,125,0.6981365084648132,True,125,0.8288835883140564,True,125,0.7750445008277893,True,c12_correct
126,127,127_2.bmp,preprocessed_results\127\127_2.bmp,126,126,126,0.9435160756111145,247,0.004248134791851044,0.9392679408192635,126|247|246|182|127,0.94351608|0.00424813|0.00284406|0.00150761|0.00135910,1,0.9435160756111145,True,126,0.9435160756111145,True,126,0.8147421479225159,True,126,0.8071259260177612,True,126,0.8581547737121582,True,c12_correct
127,128,128_4.bmp,preprocessed_results\128\128_4.bmp,127,127,127,0.8167794942855835,441,0.004866187926381826,0.8119133063592017,127|441|552|247|165,0.81677949|0.00486619|0.00385595|0.00369540|0.00364806,1,0.8167794942855835,True,127,0.8167794942855835,True,127,0.8600190877914429,True,127,0.801263689994812,True,127,0.7618902325630188,True,c12_correct
128,129,129_8.bmp,preprocessed_results\129\129_8.bmp,128,128,128,0.9578151106834412,207,0.0036027091555297375,0.9542124015279114,128|207|52|129|53,0.95781511|0.00360271|0.00255084|0.00249600|0.00211841,1,0.9578151106834412,True,128,0.9578151106834412,True,128,0.9176016449928284,True,128,0.8296204805374146,True,128,0.8694758415222168,True,c12_correct
129,130,130_7.bmp,preprocessed_results\130\130_7.bmp,129,129,129,0.5958080291748047,243,0.026241092011332512,0.5695669371634722,129|243|128|157|61,0.59580803|0.02624109|0.01126489|0.00982716|0.00866758,1,0.5958080291748047,True,129,0.5958080291748047,True,129,0.5872846841812134,True,129,0.8207898139953613,True,129,0.7634854912757874,True,c12_correct
130,131,131_7.bmp,preprocessed_results\131\131_7.bmp,130,130,130,0.770583987236023,131,0.01657104305922985,0.7540129441767931,130|131|104|268|171,0.77058399|0.01657104|0.01533610|0.01134302|0.00622834,1,0.770583987236023,True,130,0.770583987236023,True,130,0.7277887463569641,True,130,0.8364720940589905,True,130,0.7359280586242676,True,c12_correct
131,132,132_6.bmp,preprocessed_results\132\132_6.bmp,131,131,131,0.961452305316925,130,0.004277316387742758,0.9571749889291823,131|130|330|288|250,0.96145231|0.00427732|0.00102034|0.00089597|0.00087789,1,0.961452305316925,True,131,0.961452305316925,True,131,0.8703324794769287,True,131,0.8311718106269836,True,131,0.8959197998046875,True,c12_correct
132,133,133_3.bmp,preprocessed_results\133\133_3.bmp,132,132,132,0.9550556540489197,671,0.003381699789315462,0.9516739542596042,132|671|775|310|133,0.95505565|0.00338170|0.00265320|0.00152806|0.00101640,1,0.9550556540489197,True,132,0.9550556540489197,True,132,0.868712842464447,True,132,0.8296734094619751,True,132,0.8229104280471802,True,c12_correct
133,134,134_6.bmp,preprocessed_results\134\134_6.bmp,133,133,133,0.8363668322563171,775,0.010831538587808609,0.8255352936685085,133|775|132|180|671,0.83636683|0.01083154|0.00990987|0.00442664|0.00434926,1,0.8363668322563171,True,133,0.8363668322563171,True,133,0.7530146837234497,True,133,0.8402273654937744,True,133,0.7523941993713379,True,c12_correct
134,135,135_3.bmp,preprocessed_results\135\135_3.bmp,134,134,134,0.6827607750892639,548,0.030215349048376083,0.6525454260408878,134|548|437|246|135,0.68276078|0.03021535|0.01164296|0.00813443|0.00806177,1,0.6827607750892639,True,134,0.6827607750892639,True,134,0.20827709138393402,True,134,0.7575277090072632,True,134,0.4385334551334381,True,c12_correct
135,136,136_1.bmp,preprocessed_results\136\136_1.bmp,135,135,135,0.9301629662513733,28,0.004327908158302307,0.925835058093071,135|28|565|569|18,0.93016297|0.00432791|0.00372304|0.00160306|0.00141989,1,0.9301629662513733,True,135,0.9301629662513733,True,135,0.6060073375701904,True,135,0.7870514988899231,True,135,0.4044603407382965,True,c12_correct
136,137,137_9.bmp,preprocessed_results\137\137_9.bmp,136,136,136,0.8409090042114258,137,0.0071922289207577705,0.833716775290668,136|137|16|216|172,0.84090900|0.00719223|0.00656379|0.00390085|0.00313306,1,0.8409090042114258,True,136,0.8409090042114258,True,136,0.4424760639667511,True,136,0.8150215744972229,True,136,0.6663075685501099,True,c12_correct
137,138,138_10.bmp,preprocessed_results\138\138_10.bmp,137,137,137,0.980057954788208,136,0.0026026926934719086,0.9774552620947361,137|136|266|257|34,0.98005795|0.00260269|0.00063609|0.00055993|0.00045692,1,0.980057954788208,True,137,0.980057954788208,True,137,0.6915363669395447,True,137,0.8016167283058167,True,137,0.7315720319747925,True,c12_correct
138,139,139_4.bmp,preprocessed_results\139\139_4.bmp,138,138,138,0.9458215832710266,560,0.0020501462277024984,0.9437714370433241,138|560|153|333|405,0.94582158|0.00205015|0.00142485|0.00098107|0.00098065,1,0.9458215832710266,True,138,0.9458215832710266,True,138,0.6187554001808167,True,138,0.8126793503761292,True,138,0.7880300879478455,True,c12_correct
139,140,140_2.bmp,preprocessed_results\140\140_2.bmp,139,139,139,0.5208866000175476,268,0.060643527656793594,0.460243072360754,139|268|463|560|138,0.52088660|0.06064353|0.01998416|0.01440814|0.01353429,1,0.5208866000175476,True,139,0.5208866000175476,True,139,0.6756494641304016,True,139,0.8272345066070557,True,139,0.6089816689491272,True,c12_correct
140,141,141_4.bmp,preprocessed_results\141\141_4.bmp,140,140,140,0.08730940520763397,564,0.03799127787351608,0.04931812733411789,140|564|467|334|315,0.08730941|0.03799128|0.02948624|0.02102230|0.01832781,1,0.08730940520763397,True,140,0.08730940520763397,True,141,0.022094620391726494,False,140,0.7283158302307129,True,140,0.06530822813510895,True,c12_correct
141,142,142_7.bmp,preprocessed_results\142\142_7.bmp,141,141,141,0.8275387287139893,140,0.01102266926318407,0.8165160594508052,141|140|154|299|579,0.82753873|0.01102267|0.00862059|0.00658615|0.00366110,1,0.8275387287139893,True,141,0.8275387287139893,True,141,0.8705301880836487,True,141,0.7959815859794617,True,141,0.6441239714622498,True,c12_correct
142,143,143_9.bmp,preprocessed_results\143\143_9.bmp,142,142,142,0.9423999190330505,247,0.0025330190546810627,0.9398668999783695,142|247|701|677|333,0.94239992|0.00253302|0.00132855|0.00124928|0.00116018,1,0.9423999190330505,True,142,0.9423999190330505,True,142,0.8433498740196228,True,142,0.8188344836235046,True,142,0.8558642268180847,True,c12_correct
143,144,144_6.bmp,preprocessed_results\144\144_6.bmp,143,143,143,0.5810462832450867,564,0.04606389254331589,0.5349823907017708,143|564|57|184|677,0.58104628|0.04606389|0.01161022|0.01063240|0.00844929,1,0.5810462832450867,True,143,0.5810462832450867,True,143,0.6582048535346985,True,143,0.8093852400779724,True,143,0.750218391418457,True,c12_correct
144,145,145_10.bmp,preprocessed_results\145\145_10.bmp,144,144,144,0.8170746564865112,145,0.011760197579860687,0.8053144589066505,144|145|77|245|57,0.81707466|0.01176020|0.00985003|0.00706787|0.00407225,1,0.8170746564865112,True,144,0.8170746564865112,True,144,0.7101138234138489,True,144,0.819853663444519,True,144,0.7676721811294556,True,c12_correct
145,146,146_7.bmp,preprocessed_results\146\146_7.bmp,145,145,145,0.9553833603858948,144,0.0020493336487561464,0.9533340267371386,145|144|476|438|117,0.95538336|0.00204933|0.00201915|0.00132977|0.00096884,1,0.9553833603858948,True,145,0.9553833603858948,True,145,0.9326630234718323,True,145,0.8330891728401184,True,145,0.8091732263565063,True,c12_correct
146,147,147_3.bmp,preprocessed_results\147\147_3.bmp,146,146,146,0.9520546793937683,186,0.002424609614536166,0.9496300697792321,146|186|708|700|340,0.95205468|0.00242461|0.00230020|0.00178212|0.00123487,1,0.9520546793937683,True,146,0.9520546793937683,True,146,0.8832305669784546,True,146,0.8268202543258667,True,146,0.8632963299751282,True,c12_correct
147,148,148_5.bmp,preprocessed_results\148\148_5.bmp,147,147,147,0.8276976346969604,304,0.010686246678233147,0.8170113880187273,147|304|146|326|38,0.82769763|0.01068625|0.00415327|0.00403649|0.00402837,1,0.8276976346969604,True,147,0.8276976346969604,True,147,0.7279912829399109,True,147,0.8391075134277344,True,147,0.6580083966255188,True,c12_correct
148,149,149_10.bmp,preprocessed_results\149\149_10.bmp,148,148,148,0.9404286742210388,149,0.006171379238367081,0.9342572949826717,148|149|449|178|534,0.94042867|0.00617138|0.00241535|0.00171264|0.00138134,1,0.9404286742210388,True,148,0.9404286742210388,True,148,0.8899001479148865,True,148,0.8064243197441101,True,148,0.8157286047935486,True,c12_correct
149,150,150_9.bmp,preprocessed_results\150\150_9.bmp,149,149,149,0.8018572330474854,148,0.008409769274294376,0.793447463773191,149|148|178|69|326,0.80185723|0.00840977|0.00542054|0.00430304|0.00415794,1,0.8018572330474854,True,149,0.8018572330474854,True,149,0.8110630512237549,True,149,0.8185693621635437,True,149,0.7895731925964355,True,c12_correct
150,151,151_1.bmp,preprocessed_results\151\151_1.bmp,150,150,150,0.9631272554397583,151,0.002640155144035816,0.9604871002957225,150|151|262|214|101,0.96312726|0.00264016|0.00233613|0.00146649|0.00138116,1,0.9631272554397583,True,150,0.9631272554397583,True,150,0.8370028138160706,True,150,0.8262868523597717,True,150,0.8613103628158569,True,c12_correct
151,152,152_3.bmp,preprocessed_results\152\152_3.bmp,151,151,151,0.9422933459281921,150,0.008328593336045742,0.9339647525921464,151|150|87|257|245,0.94229335|0.00832859|0.00279727|0.00172034|0.00143848,1,0.9422933459281921,True,151,0.9422933459281921,True,151,0.8621994853019714,True,151,0.8132287263870239,True,151,0.8697288036346436,True,c12_correct
152,153,153_6.bmp,preprocessed_results\153\153_6.bmp,152,152,152,0.8727771043777466,153,0.012751840986311436,0.8600252633914351,152|153|552|192|200,0.87277710|0.01275184|0.00423641|0.00357571|0.00313910,1,0.8727771043777466,True,152,0.8727771043777466,True,152,0.8363532423973083,True,152,0.8279730081558228,True,152,0.7846482992172241,True,c12_correct
153,154,154_4.bmp,preprocessed_results\154\154_4.bmp,153,153,153,0.6441332697868347,152,0.038591109216213226,0.6055421605706215,153|152|277|638|26,0.64413327|0.03859111|0.00921705|0.00878762|0.00494729,1,0.6441332697868347,True,153,0.6441332697868347,True,153,0.8115285038948059,True,153,0.8511444926261902,True,153,0.7809192538261414,True,c12_correct
154,155,155_1.bmp,preprocessed_results\155\155_1.bmp,154,154,154,0.5143969655036926,153,0.020265670493245125,0.4941312950104475,154|153|414|299|434,0.51439697|0.02026567|0.01076840|0.00970250|0.00938873,1,0.5143969655036926,True,154,0.5143969655036926,True,154,0.6563773155212402,True,154,0.7553694248199463,True,154,0.3994339406490326,True,c12_correct
155,156,156_4.bmp,preprocessed_results\156\156_4.bmp,155,155,155,0.9161076545715332,459,0.0038871646393090487,0.9122204899322242,155|459|71|575|577,0.91610765|0.00388716|0.00215969|0.00202202|0.00170675,1,0.9161076545715332,True,155,0.9161076545715332,True,155,0.835520327091217,True,155,0.8193793892860413,True,155,0.7775201201438904,True,c12_correct
156,157,157_4.bmp,preprocessed_results\157\157_4.bmp,156,156,156,0.9658030271530151,76,0.0030146336648613214,0.9627883934881538,156|76|638|71|304,0.96580303|0.00301463|0.00176283|0.00139456|0.00130498,1,0.9658030271530151,True,156,0.9658030271530151,True,156,0.8068952560424805,True,156,0.8478406071662903,True,156,0.8637118339538574,True,c12_correct
157,158,158_8.bmp,preprocessed_results\158\158_8.bmp,157,157,157,0.6345632076263428,60,0.06037077307701111,0.5741924345493317,157|60|135|203|211,0.63456321|0.06037077|0.01451511|0.00608225|0.00604722,1,0.6345632076263428,True,157,0.6345632076263428,True,157,0.6611343026161194,True,157,0.8001556992530823,True,157,0.7132526636123657,True,c12_correct
158,159,159_1.bmp,preprocessed_results\159\159_1.bmp,158,158,158,0.38582804799079895,92,0.04561983048915863,0.3402082175016403,158|92|119|187|186,0.38582805|0.04561983|0.03876611|0.03583244|0.03170210,1,0.38582804799079895,True,158,0.38582804799079895,True,158,0.7010530829429626,True,158,0.8117755055427551,True,158,0.7012854814529419,True,c12_correct
159,160,160_2.bmp,preprocessed_results\160\160_2.bmp,159,159,159,0.6424309015274048,225,0.013164561241865158,0.6292663402855396,159|225|87|158|737,0.64243090|0.01316456|0.01267145|0.00744970|0.00627859,1,0.6424309015274048,True,159,0.6424309015274048,True,159,0.6661088466644287,True,159,0.8215495944023132,True,159,0.7436680197715759,True,c12_correct
160,161,161_2.bmp,preprocessed_results\161\161_2.bmp,160,160,160,0.8724128603935242,164,0.015224018134176731,0.8571888422593474,160|164|242|532|296,0.87241286|0.01522402|0.00376125|0.00346309|0.00266347,1,0.8724128603935242,True,160,0.8724128603935242,True,160,0.8526556491851807,True,160,0.8050232529640198,True,160,0.820405125617981,True,c12_correct
161,162,162_1.bmp,preprocessed_results\162\162_1.bmp,161,161,161,0.9004119038581848,228,0.0027459608390927315,0.8976659430190921,161|228|127|788|256,0.90041190|0.00274596|0.00224454|0.00184222|0.00182749,1,0.9004119038581848,True,161,0.9004119038581848,True,161,0.797141969203949,True,161,0.8428506851196289,True,161,0.7490168809890747,True,c12_correct
162,163,163_6.bmp,preprocessed_results\163\163_6.bmp,162,162,162,0.872637927532196,15,0.008422226645052433,0.8642157008871436,162|15|659|589|763,0.87263793|0.00842223|0.00475412|0.00461350|0.00455643,1,0.872637927532196,True,162,0.872637927532196,True,162,0.9035300612449646,True,162,0.8371347188949585,True,162,0.8153663277626038,True,c12_correct
163,164,164_5.bmp,preprocessed_results\164\164_5.bmp,163,163,163,0.9018039107322693,139,0.002757392590865493,0.8990465181414038,163|139|277|700|115,0.90180391|0.00275739|0.00254110|0.00171625|0.00171230,1,0.9018039107322693,True,163,0.9018039107322693,True,163,0.8881769180297852,True,163,0.8575111627578735,True,163,0.7255865335464478,True,c12_correct
164,165,165_8.bmp,preprocessed_results\165\165_8.bmp,164,164,164,0.877450704574585,379,0.004460443742573261,0.8729902608320117,164|379|156|530|344,0.87745070|0.00446044|0.00323414|0.00305085|0.00246150,1,0.877450704574585,True,164,0.877450704574585,True,164,0.7812374830245972,True,164,0.8020152449607849,True,164,0.8257097005844116,True,c12_correct
165,166,166_10.bmp,preprocessed_results\166\166_10.bmp,165,165,165,0.7910302877426147,164,0.03592031076550484,0.7551099769771099,165|164|449|603|798,0.79103029|0.03592031|0.00607985|0.00494686|0.00443014,1,0.7910302877426147,True,165,0.7910302877426147,True,165,0.5112488865852356,True,165,0.8095921874046326,True,165,0.603300154209137,True,c12_correct
166,167,167_3.bmp,preprocessed_results\167\167_3.bmp,166,166,166,0.901340663433075,195,0.0037704803980886936,0.8975701830349863,166|195|332|209|114,0.90134066|0.00377048|0.00216451|0.00186592|0.00156594,1,0.901340663433075,True,166,0.901340663433075,True,166,0.8218576908111572,True,166,0.8294761776924133,True,166,0.8195942044258118,True,c12_correct
167,168,168_2.bmp,preprocessed_results\168\168_2.bmp,167,167,167,0.9413366913795471,7,0.0024400153197348118,0.9388966760598123,167|7|62|274|236,0.94133669|0.00244002|0.00138153|0.00135099|0.00114712,1,0.9413366913795471,True,167,0.9413366913795471,True,167,0.8021335005760193,True,167,0.7979095578193665,True,167,0.8171961307525635,True,c12_correct
168,169,169_5.bmp,preprocessed_results\169\169_5.bmp,168,168,168,0.8335281610488892,169,0.024119429290294647,0.8094087317585945,168|169|290|20|264,0.83352816|0.02411943|0.01662141|0.01588430|0.01027143,1,0.8335281610488892,True,168,0.8335281610488892,True,168,0.7974244952201843,True,168,0.8168457746505737,True,168,0.7132217884063721,True,c12_correct
169,170,170_5.bmp,preprocessed_results\170\170_5.bmp,169,169,169,0.9045932292938232,40,0.004086484666913748,0.9005067446269095,169|40|29|289|307,0.90459323|0.00408648|0.00328271|0.00252788|0.00223839,1,0.9045932292938232,True,169,0.9045932292938232,True,169,0.8553663492202759,True,169,0.8771561980247498,True,169,0.8854435682296753,True,c12_correct
170,171,171_4.bmp,preprocessed_results\171\171_4.bmp,170,170,170,0.9423704743385315,527,0.0018638933543115854,0.9405065809842199,170|527|799|187|4,0.94237047|0.00186389|0.00140621|0.00138510|0.00111136,1,0.9423704743385315,True,170,0.9423704743385315,True,170,0.7291039824485779,True,170,0.8119744062423706,True,170,0.858112633228302,True,c12_correct
171,172,172_7.bmp,preprocessed_results\172\172_7.bmp,171,171,171,0.875663697719574,5,0.04887792095541954,0.8267857767641544,171|5|431|234|456,0.87566370|0.04887792|0.00351873|0.00212448|0.00179326,1,0.875663697719574,True,171,0.875663697719574,True,171,0.8306266069412231,True,171,0.8253284096717834,True,171,0.8125949501991272,True,c12_correct
172,173,173_10.bmp,preprocessed_results\173\173_10.bmp,172,172,172,0.8368969559669495,173,0.009863529354333878,0.8270334266126156,172|173|59|338|42,0.83689696|0.00986353|0.00404575|0.00394698|0.00364015,1,0.8368969559669495,True,172,0.8368969559669495,True,172,0.7578164339065552,True,172,0.8331236839294434,True,172,0.7167661190032959,True,c12_correct
173,174,174_7.bmp,preprocessed_results\174\174_7.bmp,173,173,173,0.6459898352622986,172,0.047100767493247986,0.5988890677690506,173|172|125|194|832,0.64598984|0.04710077|0.01694474|0.01510501|0.01008736,1,0.6459898352622986,True,173,0.6459898352622986,True,173,0.5832736492156982,True,173,0.7467624545097351,True,173,0.19913488626480103,True,c12_correct
174,175,175_9.bmp,preprocessed_results\175\175_9.bmp,174,174,174,0.8455927968025208,302,0.0064187683165073395,0.8391740284860134,174|302|580|248|123,0.84559280|0.00641877|0.00415058|0.00344899|0.00268159,1,0.8455927968025208,True,174,0.8455927968025208,True,174,0.7172622084617615,True,174,0.8420572280883789,True,174,0.854189932346344,True,c12_correct
175,176,176_9.bmp,preprocessed_results\176\176_9.bmp,175,175,175,0.910213828086853,174,0.005799177102744579,0.9044146509841084,175|174|234|566|69,0.91021383|0.00579918|0.00337978|0.00219138|0.00159055,1,0.910213828086853,True,175,0.910213828086853,True,175,0.7735891342163086,True,175,0.8099017143249512,True,175,0.7913162112236023,True,c12_correct
176,177,177_2.bmp,preprocessed_results\177\177_2.bmp,176,176,176,0.7191620469093323,413,0.009357224218547344,0.7098048226907849,176|413|132|536|315,0.71916205|0.00935722|0.00798285|0.00612196|0.00598667,1,0.7191620469093323,True,176,0.7191620469093323,True,176,0.7942101359367371,True,176,0.8357143402099609,True,176,0.7837280631065369,True,c12_correct
177,178,178_6.bmp,preprocessed_results\178\178_6.bmp,177,177,177,0.60238116979599,18,0.03436373174190521,0.5680174380540848,177|18|6|644|62,0.60238117|0.03436373|0.01266467|0.01117927|0.00858132,1,0.60238116979599,True,177,0.60238116979599,True,177,0.16811606287956238,True,177,0.7692499756813049,True,177,0.3029850423336029,True,c12_correct
178,179,179_7.bmp,preprocessed_results\179\179_7.bmp,178,178,178,0.5754777193069458,314,0.05333436280488968,0.5221433565020561,178|314|188|547|179,0.57547772|0.05333436|0.03940536|0.02074450|0.01160256,1,0.5754777193069458,True,178,0.5754777193069458,True,178,0.33975064754486084,True,178,0.7597794532775879,True,178,0.6061444878578186,True,c12_correct
179,180,180_5.bmp,preprocessed_results\180\180_5.bmp,179,179,179,0.6631749272346497,127,0.015128063969314098,0.6480468632653356,179|127|43|125|167,0.66317493|0.01512806|0.01461399|0.01194145|0.00808012,1,0.6631749272346497,True,179,0.6631749272346497,True,179,0.6312983632087708,True,179,0.8325896263122559,True,179,0.7081709504127502,True,c12_correct
180,181,181_1.bmp,preprocessed_results\181\181_1.bmp,180,180,180,0.8752421736717224,133,0.013245027512311935,0.8619971461594105,180|133|775|557|543,0.87524217|0.01324503|0.00413382|0.00362013|0.00322464,1,0.8752421736717224,True,180,0.8752421736717224,True,180,0.4434238076210022,True,180,0.828423798084259,True,180,0.8463737368583679,True,c12_correct
181,182,182_7.bmp,preprocessed_results\182\182_7.bmp,181,181,181,0.7707468867301941,482,0.011070930399000645,0.7596759563311934,181|482|96|144|57,0.77074689|0.01107093|0.01041210|0.00836915|0.00722683,1,0.7707468867301941,True,181,0.7707468867301941,True,181,0.7225337028503418,True,181,0.7987844944000244,True,181,0.8321947455406189,True,c12_correct
182,183,183_7.bmp,preprocessed_results\183\183_7.bmp,182,182,182,0.9580329060554504,183,0.004210553597658873,0.9538223524577916,182|183|145|553|486,0.95803291|0.00421055|0.00266146|0.00110466|0.00090851,1,0.9580329060554504,True,182,0.9580329060554504,True,182,0.8696910738945007,True,182,0.7900404930114746,True,182,0.725307285785675,True,c12_correct
183,184,184_4.bmp,preprocessed_results\184\184_4.bmp,183,183,183,0.793068528175354,182,0.007027436979115009,0.786041091196239,183|182|71|548|76,0.79306853|0.00702744|0.00521498|0.00430450|0.00428698,1,0.793068528175354,True,183,0.793068528175354,True,183,0.6980287432670593,True,183,0.8130531311035156,True,183,0.760003387928009,True,c12_correct
184,185,185_4.bmp,preprocessed_results\185\185_4.bmp,184,184,184,0.9620456695556641,117,0.0027121203020215034,0.9593335492536426,184|117|221|558|377,0.96204567|0.00271212|0.00124109|0.00114435|0.00081856,1,0.9620456695556641,True,184,0.9620456695556641,True,184,0.7390642762184143,True,184,0.8190711140632629,True,184,0.7744104862213135,True,c12_correct
185,186,186_3.bmp,preprocessed_results\186\186_3.bmp,185,185,185,0.655517041683197,221,0.030039632692933083,0.6254774089902639,185|221|184|515|81,0.65551704|0.03003963|0.01127206|0.00841828|0.00745307,1,0.655517041683197,True,185,0.655517041683197,True,185,0.29822805523872375,True,185,0.7094709873199463,True,185,0.4877299666404724,True,c12_correct
186,187,187_3.bmp,preprocessed_results\187\187_3.bmp,186,186,186,0.7984321713447571,624,0.019652672111988068,0.778779499232769,186|624|187|146|828,0.79843217|0.01965267|0.01367452|0.00474149|0.00460126,1,0.7984321713447571,True,186,0.7984321713447571,True,186,0.6921707987785339,True,186,0.8258807063102722,True,186,0.8163854479789734,True,c12_correct
187,188,188_2.bmp,preprocessed_results\188\188_2.bmp,187,187,187,0.9412931799888611,186,0.022011708468198776,0.9192814715206623,187|186|319|711|14,0.94129318|0.02201171|0.00172002|0.00149217|0.00119440,1,0.9412931799888611,True,187,0.9412931799888611,True,187,0.8801901340484619,True,187,0.8142859935760498,True,187,0.8107775449752808,True,c12_correct
188,189,189_10.bmp,preprocessed_results\189\189_10.bmp,188,188,188,0.819959282875061,78,0.012887896969914436,0.8070713859051466,188|78|212|258|35,0.81995928|0.01288790|0.00774055|0.00744818|0.00409896,1,0.819959282875061,True,188,0.819959282875061,True,188,0.7862221002578735,True,188,0.8071659207344055,True,188,0.7120335698127747,True,c12_correct
189,190,190_3.bmp,preprocessed_results\190\190_3.bmp,189,189,189,0.7841994166374207,263,0.0068227448500692844,0.7773766717873514,189|263|440|167|124,0.78419942|0.00682274|0.00513970|0.00500178|0.00489693,1,0.7841994166374207,True,189,0.7841994166374207,True,189,0.7538758516311646,True,189,0.8346072435379028,True,189,0.7637075185775757,True,c12_correct
190,191,191_7.bmp,preprocessed_results\191\191_7.bmp,190,190,190,0.7983231544494629,298,0.026549428701400757,0.7717737257480621,190|298|529|334|200,0.79832315|0.02654943|0.01053701|0.00736724|0.00622488,1,0.7983231544494629,True,190,0.7983231544494629,True,190,0.8809478878974915,True,190,0.8123565912246704,True,190,0.8308550119400024,True,c12_correct
191,192,192_4.bmp,preprocessed_results\192\192_4.bmp,191,191,191,0.9401448369026184,190,0.002442091004922986,0.9377027458976954,191|190|348|365|339,0.94014484|0.00244209|0.00137829|0.00119402|0.00116362,1,0.9401448369026184,True,191,0.9401448369026184,True,191,0.6761000156402588,True,191,0.805824875831604,True,191,0.7596541047096252,True,c12_correct
192,193,193_8.bmp,preprocessed_results\193\193_8.bmp,192,192,192,0.9533731341362,279,0.001329815131612122,0.9520433190045878,192|279|152|74|213,0.95337313|0.00132982|0.00107612|0.00092430|0.00070927,1,0.9533731341362,True,192,0.9533731341362,True,192,0.8635520935058594,True,192,0.8436235785484314,True,192,0.8953000903129578,True,c12_correct
193,194,194_1.bmp,preprocessed_results\194\194_1.bmp,193,193,193,0.513762354850769,105,0.04764920473098755,0.4661131501197815,193|105|28|157|748,0.51376235|0.04764920|0.03913087|0.01787963|0.01731738,1,0.513762354850769,True,193,0.513762354850769,True,193,0.25841450691223145,True,193,0.8001052737236023,True,193,0.523648738861084,True,c12_correct
194,195,195_3.bmp,preprocessed_results\195\195_3.bmp,194,194,194,0.9597007632255554,195,0.008373500779271126,0.9513272624462843,194|195|229|561|242,0.95970076|0.00837350|0.00141106|0.00093032|0.00082569,1,0.9597007632255554,True,194,0.9597007632255554,True,194,0.8073306679725647,True,194,0.8306631445884705,True,194,0.7384713292121887,True,c12_correct
195,196,196_7.bmp,preprocessed_results\196\196_7.bmp,195,195,195,0.956964910030365,194,0.005169091280549765,0.9517958187498152,195|194|218|166|79,0.95696491|0.00516909|0.00144307|0.00093521|0.00092834,1,0.956964910030365,True,195,0.956964910030365,True,195,0.9186434149742126,True,195,0.8346476554870605,True,195,0.8738242387771606,True,c12_correct
196,197,197_3.bmp,preprocessed_results\197\197_3.bmp,196,196,196,0.551763653755188,197,0.03134853392839432,0.5204151198267937,196|197|116|451|272,0.55176365|0.03134853|0.01809517|0.01298762|0.01208158,1,0.551763653755188,True,196,0.551763653755188,True,196,0.44837522506713867,True,196,0.8273608684539795,True,196,0.5978438854217529,True,c12_correct
197,198,198_4.bmp,preprocessed_results\198\198_4.bmp,197,197,197,0.8108767867088318,82,0.016397688537836075,0.7944790981709957,197|82|57|44|414,0.81087679|0.01639769|0.01563631|0.00744447|0.00640259,1,0.8108767867088318,True,197,0.8108767867088318,True,197,0.8606288433074951,True,197,0.8093128800392151,True,197,0.8993310332298279,True,c12_correct
198,199,199_5.bmp,preprocessed_results\199\199_5.bmp,198,198,198,0.9034327268600464,199,0.010923861525952816,0.8925088653340936,198|199|78|248|4,0.90343273|0.01092386|0.00304377|0.00220505|0.00219249,1,0.9034327268600464,True,198,0.9034327268600464,True,198,0.7220126390457153,True,198,0.8029091954231262,True,198,0.8736505508422852,True,c12_correct
199,200,200_7.bmp,preprocessed_results\200\200_7.bmp,199,199,199,0.32538533210754395,269,0.164148211479187,0.16123712062835693,199|269|285|198|284,0.32538533|0.16414821|0.06647936|0.04117123|0.01872744,1,0.32538533210754395,True,199,0.32538533210754395,True,199,0.18955020606517792,True,199,0.7320022583007812,True,199,0.26996520161628723,True,c12_correct
200,201,201_8.bmp,preprocessed_results\201\201_8.bmp,200,200,200,0.7385042309761047,173,0.01973276026546955,0.7187714707106352,200|173|172|39|358,0.73850423|0.01973276|0.01969276|0.01281435|0.01224401,1,0.7385042309761047,True,200,0.7385042309761047,True,200,0.5731226205825806,True,200,0.8169140219688416,True,200,0.6540271043777466,True,c12_correct
201,202,202_9.bmp,preprocessed_results\202\202_9.bmp,201,201,201,0.7344745397567749,206,0.007656342349946499,0.7268181974068284,201|206|130|291|131,0.73447454|0.00765634|0.00742459|0.00697747|0.00689127,1,0.7344745397567749,True,201,0.7344745397567749,True,201,0.6883870363235474,True,201,0.7909005284309387,True,201,0.6317028403282166,True,c12_correct
202,203,203_9.bmp,preprocessed_results\203\203_9.bmp,202,202,202,0.7904391288757324,203,0.01432479452341795,0.7761143343523145,202|203|379|413|122,0.79043913|0.01432479|0.00983697|0.00677767|0.00463260,1,0.7904391288757324,True,202,0.7904391288757324,True,202,0.42812013626098633,True,202,0.8198879361152649,True,202,0.612805962562561,True,c12_correct
203,204,204_1.bmp,preprocessed_results\204\204_1.bmp,203,203,203,0.9593061208724976,202,0.003789113601669669,0.9555170072708279,203|202|188|511|135,0.95930612|0.00378911|0.00064821|0.00060556|0.00058934,1,0.9593061208724976,True,203,0.9593061208724976,True,203,0.862687349319458,True,203,0.8107929825782776,True,203,0.871471643447876,True,c12_correct
204,205,205_5.bmp,preprocessed_results\205\205_5.bmp,204,204,204,0.7194600105285645,262,0.012109116651117802,0.7073508938774467,204|262|34|118|818,0.71946001|0.01210912|0.01129228|0.01041555|0.00700933,1,0.7194600105285645,True,204,0.7194600105285645,True,204,0.6951114535331726,True,204,0.8362873196601868,True,204,0.5314761400222778,True,c12_correct
205,206,206_10.bmp,preprocessed_results\206\206_10.bmp,205,205,205,0.8410796523094177,8,0.00464258436113596,0.8364370679482818,205|8|296|335|738,0.84107965|0.00464258|0.00459443|0.00456694|0.00385182,1,0.8410796523094177,True,205,0.8410796523094177,True,205,0.7638404369354248,True,205,0.8207537531852722,True,205,0.7261906862258911,True,c12_correct
206,207,207_2.bmp,preprocessed_results\207\207_2.bmp,206,206,206,0.9599535465240479,207,0.016386767849326134,0.9435667786747217,206|207|288|602|131,0.95995355|0.01638677|0.00188480|0.00126662|0.00124017,1,0.9599535465240479,True,206,0.9599535465240479,True,206,0.9028711318969727,True,206,0.7930517792701721,True,206,0.7774891257286072,True,c12_correct
207,208,208_3.bmp,preprocessed_results\208\208_3.bmp,207,207,207,0.6757314205169678,206,0.053490038961172104,0.6222413815557957,207|206|23|425|257,0.67573142|0.05349004|0.01502374|0.01018774|0.01002468,1,0.6757314205169678,True,207,0.6757314205169678,True,207,0.5326303839683533,True,207,0.8301960229873657,True,207,0.6706754565238953,True,c12_correct
208,209,209_7.bmp,preprocessed_results\209\209_7.bmp,208,208,208,0.379911333322525,217,0.06342510879039764,0.3164862245321274,208|217|135|209|639,0.37991133|0.06342511|0.06324749|0.03814270|0.02608832,1,0.379911333322525,True,208,0.379911333322525,True,208,0.24935010075569153,True,208,0.7777497172355652,True,208,0.37020203471183777,True,c12_correct
209,210,210_2.bmp,preprocessed_results\210\210_2.bmp,209,209,209,0.8057186007499695,338,0.007773262448608875,0.7979453383013606,209|338|208|233|67,0.80571860|0.00777326|0.00716782|0.00574437|0.00372195,1,0.8057186007499695,True,209,0.8057186007499695,True,209,0.8772916197776794,True,209,0.7664820551872253,True,209,0.7923738360404968,True,c12_correct
210,211,211_5.bmp,preprocessed_results\211\211_5.bmp,210,210,210,0.7637495994567871,211,0.2007819563150406,0.5629676431417465,210|211|70|83|76,0.76374960|0.20078196|0.00154354|0.00135032|0.00074446,1,0.7637495994567871,True,210,0.7637495994567871,True,210,0.8622680902481079,True,210,0.851537823677063,True,210,0.8339458703994751,True,c12_correct
211,212,212_6.bmp,preprocessed_results\212\212_6.bmp,211,211,211,0.868763267993927,189,0.008368178270757198,0.8603950897231698,211|189|109|477|210,0.86876327|0.00836818|0.00724777|0.00654860|0.00624974,1,0.868763267993927,True,211,0.868763267993927,True,211,0.3676847219467163,True,211,0.8031045198440552,True,211,0.6269712448120117,True,c12_correct
212,213,213_10.bmp,preprocessed_results\213\213_10.bmp,212,212,212,0.8928884863853455,213,0.011043554171919823,0.8818449322134256,212|213|33|188|218,0.89288849|0.01104355|0.00560190|0.00537140|0.00503323,1,0.8928884863853455,True,212,0.8928884863853455,True,212,0.6021069884300232,True,212,0.8243248462677002,True,212,0.8317739963531494,True,c12_correct
213,214,214_2.bmp,preprocessed_results\214\214_2.bmp,213,213,213,0.6987470388412476,212,0.012489533051848412,0.6862575057893991,213|212|270|140|531,0.69874704|0.01248953|0.01118012|0.00891745|0.00619619,1,0.6987470388412476,True,213,0.6987470388412476,True,213,0.7619452476501465,True,213,0.8009544014930725,True,213,0.8243927359580994,True,c12_correct
214,215,215_2.bmp,preprocessed_results\215\215_2.bmp,214,214,214,0.7671458721160889,136,0.010564967058598995,0.7565809050574899,214|136|588|90|215,0.76714587|0.01056497|0.00835104|0.00615929|0.00608554,1,0.7671458721160889,True,214,0.7671458721160889,True,214,0.4718441069126129,True,214,0.7981656789779663,True,214,0.5653918385505676,True,c12_correct
215,216,216_8.bmp,preprocessed_results\216\216_8.bmp,215,215,215,0.9137194752693176,214,0.004773848690092564,0.9089456265792251,215|214|449|165|352,0.91371948|0.00477385|0.00328420|0.00251989|0.00181004,1,0.9137194752693176,True,215,0.9137194752693176,True,215,0.7754679918289185,True,215,0.8316750526428223,True,215,0.7807191610336304,True,c12_correct
216,217,217_9.bmp,preprocessed_results\217\217_9.bmp,216,216,216,0.8461726903915405,589,0.011994432657957077,0.8341782577335835,216|589|217|335|45,0.84617269|0.01199443|0.01080847|0.00585544|0.00537647,1,0.8461726903915405,True,216,0.8461726903915405,True,216,0.8194435238838196,True,216,0.8304846882820129,True,216,0.7456266283988953,True,c12_correct
217,218,218_1.bmp,preprocessed_results\218\218_1.bmp,217,217,217,0.7964103817939758,204,0.009923961944878101,0.7864864198490977,217|204|216|118|329,0.79641038|0.00992396|0.00666763|0.00438953|0.00405297,1,0.7964103817939758,True,217,0.7964103817939758,True,217,0.8642519116401672,True,217,0.8381491303443909,True,217,0.863914430141449,True,c12_correct
218,219,219_9.bmp,preprocessed_results\219\219_9.bmp,218,218,218,0.4705621004104614,195,0.03659764304757118,0.43396445736289024,218|195|219|72|296,0.47056210|0.03659764|0.02118811|0.01096756|0.00909635,1,0.4705621004104614,True,218,0.4705621004104614,True,218,0.5211737751960754,True,218,0.7741115093231201,True,218,0.6186277866363525,True,c12_correct
219,220,220_6.bmp,preprocessed_results\220\220_6.bmp,219,219,219,0.7935424447059631,151,0.010105731897056103,0.783436712808907,219|151|183|20|725,0.79354244|0.01010573|0.01002348|0.00581413|0.00401666,1,0.7935424447059631,True,219,0.7935424447059631,True,219,0.5918978452682495,True,219,0.7925917506217957,True,219,0.665554940700531,True,c12_correct
220,221,221_7.bmp,preprocessed_results\221\221_7.bmp,220,220,220,0.9306784868240356,221,0.006110824178904295,0.9245676626451313,220|221|332|605|512,0.93067849|0.00611082|0.00423138|0.00293611|0.00277705,1,0.9306784868240356,True,220,0.9306784868240356,True,220,0.6868171691894531,True,220,0.8361133933067322,True,220,0.7207807898521423,True,c12_correct
221,222,222_5.bmp,preprocessed_results\222\222_5.bmp,221,221,221,0.7162654995918274,185,0.013195382431149483,0.7030701171606779,221|185|665|143|184,0.71626550|0.01319538|0.00960892|0.00730489|0.00561070,1,0.7162654995918274,True,221,0.7162654995918274,True,221,0.4035095274448395,True,221,0.8170692324638367,True,221,0.4797017574310303,True,c12_correct
222,223,223_7.bmp,preprocessed_results\223\223_7.bmp,222,222,222,0.710059404373169,123,0.012877209112048149,0.6971821952611208,222|123|112|122|180,0.71005940|0.01287721|0.00825652|0.00719754|0.00685522,1,0.710059404373169,True,222,0.710059404373169,True,222,0.47959819436073303,True,222,0.7863883376121521,True,222,0.5274297595024109,True,c12_correct
223,224,224_6.bmp,preprocessed_results\224\224_6.bmp,223,223,223,0.7292271852493286,203,0.02226082794368267,0.7069663573056459,223|203|94|58|262,0.72922719|0.02226083|0.01934095|0.01872616|0.00943260,1,0.7292271852493286,True,223,0.7292271852493286,True,223,0.7447614073753357,True,223,0.8157117962837219,True,223,0.8110013008117676,True,c12_correct
224,225,225_7.bmp,preprocessed_results\225\225_7.bmp,224,224,224,0.11654369533061981,269,0.05842818692326546,0.058115508407354355,224|269|599|598|35,0.11654370|0.05842819|0.03806113|0.03476552|0.03474570,1,0.11654369533061981,True,224,0.11654369533061981,True,224,0.09333335608243942,True,224,0.7459568977355957,True,224,0.19052866101264954,True,c12_correct
225,226,226_8.bmp,preprocessed_results\226\226_8.bmp,225,225,225,0.8951649069786072,541,0.005673092789947987,0.8894918141886592,225|541|285|284|790,0.89516491|0.00567309|0.00528462|0.00334933|0.00296936,1,0.8951649069786072,True,225,0.8951649069786072,True,225,0.7652304768562317,True,225,0.8429888486862183,True,225,0.7250452041625977,True,c12_correct
226,227,227_7.bmp,preprocessed_results\227\227_7.bmp,226,226,226,0.8051918745040894,413,0.013312718831002712,0.7918791556730866,226|413|526|562|422,0.80519187|0.01331272|0.00874544|0.00584152|0.00560939,1,0.8051918745040894,True,226,0.8051918745040894,True,226,0.45197227597236633,True,226,0.8348656296730042,True,226,0.6886224150657654,True,c12_correct
227,228,228_5.bmp,preprocessed_results\228\228_5.bmp,227,227,227,0.5911100506782532,558,0.0672789141535759,0.5238311365246773,227|558|226|70|530,0.59111005|0.06727891|0.04718139|0.01225468|0.01124463,1,0.5911100506782532,True,227,0.5911100506782532,True,227,0.4341992139816284,True,227,0.8207723498344421,True,227,0.7048823237419128,True,c12_correct
228,229,229_10.bmp,preprocessed_results\229\229_10.bmp,228,228,228,0.84834223985672,316,0.004440222401171923,0.843902017455548,228|316|214|211|150,0.84834224|0.00444022|0.00437722|0.00432778|0.00356173,1,0.84834223985672,True,228,0.84834223985672,True,228,0.7146780490875244,True,228,0.7583143711090088,True,228,0.7007896304130554,True,c12_correct
229,230,230_6.bmp,preprocessed_results\230\230_6.bmp,229,229,229,0.9226923584938049,487,0.0025603370741009712,0.920132021419704,229|487|544|56|562,0.92269236|0.00256034|0.00230796|0.00229815|0.00218417,1,0.9226923584938049,True,229,0.9226923584938049,True,229,0.8153754472732544,True,229,0.8242619633674622,True,229,0.8153120875358582,True,c12_correct
230,231,231_8.bmp,preprocessed_results\231\231_8.bmp,230,230,230,0.7673742175102234,229,0.014575935900211334,0.752798281610012,230|229|10|8|231,0.76737422|0.01457594|0.01436254|0.01091082|0.00648915,1,0.7673742175102234,True,230,0.7673742175102234,True,230,0.8343822360038757,True,230,0.8032076358795166,True,230,0.8424414992332458,True,c12_correct
231,232,232_2.bmp,preprocessed_results\232\232_2.bmp,231,231,231,0.16163146495819092,230,0.131137415766716,0.030494049191474915,231|230|18|101|226,0.16163146|0.13113742|0.07277895|0.02138947|0.01836705,1,0.16163146495819092,True,231,0.16163146495819092,True,231,0.28941118717193604,True,231,0.6178604364395142,True,231,0.2477644979953766,True,c12_correct
232,233,233_9.bmp,preprocessed_results\233\233_9.bmp,232,232,232,0.7800455093383789,233,0.017784589901566505,0.7622609194368124,232|233|340|100|487,0.78004551|0.01778459|0.00657626|0.00653592|0.00639234,1,0.7800455093383789,True,232,0.7800455093383789,True,232,0.7298665046691895,True,232,0.8017300367355347,True,232,0.7295190691947937,True,c12_correct
233,234,234_5.bmp,preprocessed_results\234\234_5.bmp,233,233,233,0.9237947463989258,108,0.007357180118560791,0.916437566280365,233|108|232|338|109,0.92379475|0.00735718|0.00411982|0.00217217|0.00196164,1,0.9237947463989258,True,233,0.9237947463989258,True,233,0.8580744862556458,True,233,0.8248369097709656,True,233,0.8038818836212158,True,c12_correct
234,235,235_1.bmp,preprocessed_results\235\235_1.bmp,234,234,234,0.6514647006988525,197,0.02299177087843418,0.6284729298204184,234|197|434|298|146,0.65146470|0.02299177|0.01592167|0.01286047|0.01157940,1,0.6514647006988525,True,234,0.6514647006988525,True,234,0.4189314544200897,True,234,0.7478001713752747,True,234,0.3923686444759369,True,c12_correct
235,236,236_1.bmp,preprocessed_results\236\236_1.bmp,235,235,235,0.7732881903648376,234,0.024701742455363274,0.7485864479094744,235|234|474|332|539,0.77328819|0.02470174|0.00946265|0.00694851|0.00640295,1,0.7732881903648376,True,235,0.7732881903648376,True,235,0.8523260951042175,True,235,0.7926990985870361,True,235,0.5071165561676025,True,c12_correct
236,237,237_3.bmp,preprocessed_results\237\237_3.bmp,236,236,236,0.13591152429580688,175,0.07477922737598419,0.06113229691982269,236|175|318|136|4,0.13591152|0.07477923|0.07271598|0.02075985|0.02026360,1,0.13591152429580688,True,236,0.13591152429580688,True,236,0.20972086489200592,True,236,0.7620693445205688,True,236,0.4973122775554657,True,c12_correct
237,238,238_8.bmp,preprocessed_results\238\238_8.bmp,237,237,237,0.8722522854804993,236,0.02821718156337738,0.8440351039171219,237|236|40|167|41,0.87225229|0.02821718|0.00440082|0.00417858|0.00290206,1,0.8722522854804993,True,237,0.8722522854804993,True,237,0.4853178858757019,True,237,0.819837212562561,True,237,0.8048105239868164,True,c12_correct
238,239,239_8.bmp,preprocessed_results\239\239_8.bmp,238,238,238,0.6362329721450806,178,0.012899300083518028,0.6233336720615625,238|178|437|60|211,0.63623297|0.01289930|0.01086021|0.00673848|0.00643412,1,0.6362329721450806,True,238,0.6362329721450806,True,238,0.810429573059082,True,238,0.835816502571106,True,238,0.834819495677948,True,c12_correct
239,240,240_3.bmp,preprocessed_results\240\240_3.bmp,239,239,239,0.7748731970787048,410,0.01289735920727253,0.7619758378714323,239|410|76|436|674,0.77487320|0.01289736|0.01167799|0.00894056|0.00660628,1,0.7748731970787048,True,239,0.7748731970787048,True,239,0.8432623744010925,True,239,0.8423862457275391,True,239,0.776098906993866,True,c12_correct
240,241,241_8.bmp,preprocessed_results\241\241_8.bmp,240,240,240,0.8819379210472107,241,0.008316411636769772,0.8736215094104409,240|241|77|195|220,0.88193792|0.00831641|0.00346871|0.00344924|0.00244063,1,0.8819379210472107,True,240,0.8819379210472107,True,240,0.691243052482605,True,240,0.8382948637008667,True,240,0.7810190916061401,True,c12_correct
241,242,242_2.bmp,preprocessed_results\242\242_2.bmp,241,241,241,0.6576250195503235,147,0.019511468708515167,0.6381135508418083,241|147|65|746|751,0.65762502|0.01951147|0.00734423|0.00647312|0.00614366,1,0.6576250195503235,True,241,0.6576250195503235,True,241,0.3010842800140381,True,241,0.7817326188087463,True,241,0.430002361536026,True,c12_correct
242,243,243_7.bmp,preprocessed_results\243\243_7.bmp,242,242,242,0.9664139151573181,478,0.0013331513619050384,0.9650807637954131,242|478|68|160|781,0.96641392|0.00133315|0.00075170|0.00073452|0.00058840,1,0.9664139151573181,True,242,0.9664139151573181,True,242,0.8462074995040894,True,242,0.8403093218803406,True,242,0.9073469042778015,True,c12_correct
243,244,244_9.bmp,preprocessed_results\244\244_9.bmp,243,243,243,0.9028398394584656,162,0.008645826019346714,0.8941940134391189,243|162|589|17|769,0.90283984|0.00864583|0.00833908|0.00280700|0.00229393,1,0.9028398394584656,True,243,0.9028398394584656,True,243,0.8873431086540222,True,243,0.8073908090591431,True,243,0.8504442572593689,True,c12_correct
244,245,245_1.bmp,preprocessed_results\245\245_1.bmp,244,244,244,0.8690886497497559,22,0.00892157293856144,0.8601670768111944,244|22|392|258|245,0.86908865|0.00892157|0.00525243|0.00391197|0.00330064,1,0.8690886497497559,True,244,0.8690886497497559,True,244,0.9235342144966125,True,244,0.8125522136688232,True,244,0.8109917044639587,True,c12_correct
245,246,246_1.bmp,preprocessed_results\246\246_1.bmp,245,245,245,0.7854136824607849,665,0.020377453416585922,0.765036229044199,245|665|702|144|29,0.78541368|0.02037745|0.00736226|0.00502087|0.00379973,1,0.7854136824607849,True,245,0.7854136824607849,True,245,0.42013996839523315,True,245,0.793397068977356,True,245,0.5347439646720886,True,c12_correct
246,247,247_4.bmp,preprocessed_results\247\247_4.bmp,246,246,246,0.652409553527832,247,0.19671708345413208,0.45569247007369995,246|247|6|221|126,0.65240955|0.19671708|0.00771363|0.00350176|0.00249079,1,0.652409553527832,True,246,0.652409553527832,True,246,0.7111591696739197,True,246,0.7422641515731812,True,246,0.628157377243042,True,c12_correct
247,248,248_2.bmp,preprocessed_results\248\248_2.bmp,247,247,247,0.6834943294525146,246,0.0251734908670187,0.658320838585496,247|246|30|56|328,0.68349433|0.02517349|0.01925539|0.00378938|0.00369215,1,0.6834943294525146,True,247,0.6834943294525146,True,247,0.04243095591664314,True,247,0.7841535210609436,True,247,0.46840715408325195,True,c12_correct
248,249,249_1.bmp,preprocessed_results\249\249_1.bmp,248,248,248,0.9357260465621948,302,0.005907921586185694,0.9298181249760091,248|302|198|250|240,0.93572605|0.00590792|0.00330841|0.00155929|0.00137614,1,0.9357260465621948,True,248,0.9357260465621948,True,248,0.8978615403175354,True,248,0.8354926109313965,True,248,0.8666630983352661,True,c12_correct
249,250,250_8.bmp,preprocessed_results\250\250_8.bmp,249,249,249,0.8980432152748108,268,0.005040638614445925,0.8930025766603649,249|268|269|1|252,0.89804322|0.00504064|0.00454557|0.00387668|0.00277505,1,0.8980432152748108,True,249,0.8980432152748108,True,249,0.7653617262840271,True,249,0.8135241866111755,True,249,0.8509129881858826,True,c12_correct
250,251,251_5.bmp,preprocessed_results\251\251_5.bmp,250,250,250,0.9329550862312317,436,0.0029849535785615444,0.9299701326526701,250|436|312|162|204,0.93295509|0.00298495|0.00246376|0.00158257|0.00119370,1,0.9329550862312317,True,250,0.9329550862312317,True,250,0.711665153503418,True,250,0.8265690803527832,True,250,0.7893664240837097,True,c12_correct
251,252,252_4.bmp,preprocessed_results\252\252_4.bmp,251,251,251,0.5904476046562195,277,0.06014673039317131,0.5303008742630482,251|277|197|320|292,0.59044760|0.06014673|0.02097692|0.01412188|0.01027917,1,0.5904476046562195,True,251,0.5904476046562195,True,251,0.1984560340642929,True,251,0.7467906475067139,True,251,0.22764840722084045,True,c12_correct
252,253,253_10.bmp,preprocessed_results\253\253_10.bmp,252,252,252,0.6869255304336548,284,0.010755589231848717,0.6761699412018061,252|284|289|154|5,0.68692553|0.01075559|0.01050185|0.00939160|0.00720476,1,0.6869255304336548,True,252,0.6869255304336548,True,252,0.7362930178642273,True,252,0.7890079617500305,True,252,0.6123083829879761,True,c12_correct
253,254,254_4.bmp,preprocessed_results\254\254_4.bmp,253,253,253,0.11997988820075989,658,0.025888169184327126,0.09409171901643276,253|658|728|262|249,0.11997989|0.02588817|0.02394552|0.01666231|0.01521786,1,0.11997988820075989,True,253,0.11997988820075989,True,253,0.5054067373275757,True,253,0.7730311751365662,True,253,0.4806680977344513,True,c12_correct
254,255,255_4.bmp,preprocessed_results\255\255_4.bmp,254,254,254,0.783229410648346,255,0.038214460015296936,0.745014950633049,254|255|55|749|349,0.78322941|0.03821446|0.00507191|0.00462056|0.00271315,1,0.783229410648346,True,254,0.783229410648346,True,254,0.839789092540741,True,254,0.807001531124115,True,254,0.8626630306243896,True,c12_correct
255,256,256_6.bmp,preprocessed_results\256\256_6.bmp,255,255,255,0.8120124340057373,254,0.011396149173378944,0.8006162848323584,255|254|266|43|786,0.81201243|0.01139615|0.00557375|0.00433268|0.00354360,1,0.8120124340057373,True,255,0.8120124340057373,True,255,0.4139748811721802,True,255,0.7597140669822693,True,255,0.3981412351131439,True,c12_correct
256,257,257_3.bmp,preprocessed_results\257\257_3.bmp,256,256,256,0.9291719198226929,319,0.0031535462476313114,0.9260183735750616,256|319|791|257|592,0.92917192|0.00315355|0.00165058|0.00145505|0.00088393,1,0.9291719198226929,True,256,0.9291719198226929,True,256,0.7808870673179626,True,256,0.8371625542640686,True,256,0.7890276908874512,True,c12_correct
257,258,258_8.bmp,preprocessed_results\258\258_8.bmp,257,257,257,0.7689560055732727,207,0.008381708525121212,0.7605742970481515,257|207|174|311|292,0.76895601|0.00838171|0.00596991|0.00556350|0.00539844,1,0.7689560055732727,True,257,0.7689560055732727,True,257,0.7103919982910156,True,257,0.8322258591651917,True,257,0.8520551323890686,True,c12_correct
258,259,259_10.bmp,preprocessed_results\259\259_10.bmp,258,258,258,0.8934175372123718,77,0.012892276048660278,0.8805252611637115,258|77|144|78|200,0.89341754|0.01289228|0.00350520|0.00246823|0.00225468,1,0.8934175372123718,True,258,0.8934175372123718,True,258,0.6906899809837341,True,258,0.8548904061317444,True,258,0.6546504497528076,True,c12_correct
259,260,260_2.bmp,preprocessed_results\260\260_2.bmp,259,259,259,0.676171600818634,139,0.011407104320824146,0.6647644964978099,259|139|787|52|111,0.67617160|0.01140710|0.00986219|0.00911034|0.00881809,1,0.676171600818634,True,259,0.676171600818634,True,259,0.6693030595779419,True,259,0.7926037311553955,True,259,0.7015136480331421,True,c12_correct
260,261,261_1.bmp,preprocessed_results\261\261_1.bmp,260,260,260,0.881358802318573,261,0.006606488022953272,0.8747523142956197,260|261|287|128|217,0.88135880|0.00660649|0.00323649|0.00281564|0.00269957,1,0.881358802318573,True,260,0.881358802318573,True,260,0.8733338117599487,True,260,0.8392126560211182,True,260,0.7274884581565857,True,c12_correct
261,262,262_4.bmp,preprocessed_results\262\262_4.bmp,261,261,261,0.8651106953620911,290,0.00901559554040432,0.8560950998216867,261|290|128|260|217,0.86511070|0.00901560|0.00819315|0.00542802|0.00507510,1,0.8651106953620911,True,261,0.8651106953620911,True,261,0.7054235935211182,True,261,0.8258645534515381,True,261,0.8168089389801025,True,c12_correct
262,263,263_5.bmp,preprocessed_results\263\263_5.bmp,262,262,262,0.9688159227371216,255,0.0009774890495464206,0.9678384336875752,262|255|334|263|204,0.96881592|0.00097749|0.00088634|0.00068020|0.00057198,1,0.9688159227371216,True,262,0.9688159227371216,True,262,0.9032405614852905,True,262,0.8574600219726562,True,262,0.8420262932777405,True,c12_correct
263,264,264_2.bmp,preprocessed_results\264\264_2.bmp,263,263,263,0.956760048866272,262,0.003933652304112911,0.9528263965621591,263|262|339|639|267,0.95676005|0.00393365|0.00111020|0.00088138|0.00086058,1,0.956760048866272,True,263,0.956760048866272,True,263,0.8010860085487366,True,263,0.8188163638114929,True,263,0.759357213973999,True,c12_correct
264,265,265_5.bmp,preprocessed_results\265\265_5.bmp,264,264,264,0.713703453540802,208,0.018507391214370728,0.6951960623264313,264|208|295|286|168,0.71370345|0.01850739|0.00994940|0.00680289|0.00651252,1,0.713703453540802,True,264,0.713703453540802,True,264,0.6136935353279114,True,264,0.8081297874450684,True,264,0.7784490585327148,True,c12_correct
265,266,266_1.bmp,preprocessed_results\266\266_1.bmp,265,265,265,0.8646472692489624,153,0.006944084540009499,0.8577031847089529,265|153|37|307|138,0.86464727|0.00694408|0.00544558|0.00380184|0.00315132,1,0.8646472692489624,True,265,0.8646472692489624,True,265,0.4188287556171417,True,265,0.8068385124206543,True,265,0.7418564558029175,True,c12_correct
266,267,267_3.bmp,preprocessed_results\267\267_3.bmp,266,266,266,0.5217594504356384,338,0.033088404685258865,0.48867104575037956,266|338|113|112|497,0.52175945|0.03308840|0.02992004|0.02112000|0.01853721,1,0.5217594504356384,True,266,0.5217594504356384,True,266,0.4354759454727173,True,266,0.8210803866386414,True,266,0.6285802125930786,True,c12_correct
267,268,268_1.bmp,preprocessed_results\268\268_1.bmp,267,267,267,0.9258590340614319,7,0.004886112175881863,0.92097292188555,267|7|76|107|289,0.92585903|0.00488611|0.00264264|0.00244984|0.00189654,1,0.9258590340614319,True,267,0.9258590340614319,True,267,0.8494590520858765,True,267,0.8352119326591492,True,267,0.8283273577690125,True,c12_correct
268,269,269_7.bmp,preprocessed_results\269\269_7.bmp,268,268,268,0.9475507736206055,240,0.0019962936639785767,0.9455544799566269,268|240|251|171|562,0.94755077|0.00199629|0.00133162|0.00130412|0.00112237,1,0.9475507736206055,True,268,0.9475507736206055,True,268,0.9157472848892212,True,268,0.8257851600646973,True,268,0.8202613592147827,True,c12_correct
269,270,270_1.bmp,preprocessed_results\270\270_1.bmp,269,269,269,0.4198576807975769,139,0.07439067959785461,0.3454670011997223,269|139|285|568|47,0.41985768|0.07439068|0.04305110|0.03543665|0.02005250,1,0.4198576807975769,True,269,0.4198576807975769,True,269,0.7094284296035767,True,269,0.8128648400306702,True,269,0.671527087688446,True,c12_correct
270,271,271_3.bmp,preprocessed_results\271\271_3.bmp,270,270,270,0.7115685939788818,271,0.213565856218338,0.4980027377605438,270|271|634|267|247,0.71156859|0.21356586|0.00502314|0.00185103|0.00166449,1,0.7115685939788818,True,270,0.7115685939788818,True,270,0.8442605137825012,True,270,0.8455799221992493,True,270,0.8132631182670593,True,c12_correct
271,272,272_1.bmp,preprocessed_results\272\272_1.bmp,271,271,271,0.8553239107131958,648,0.006504981778562069,0.8488189289346337,271|648|555|634|87,0.85532391|0.00650498|0.00458295|0.00424752|0.00302757,1,0.8553239107131958,True,271,0.8553239107131958,True,271,0.5981502532958984,True,271,0.7453829646110535,True,271,0.6488009095191956,True,c12_correct
272,273,273_6.bmp,preprocessed_results\273\273_6.bmp,272,272,272,0.8922600746154785,273,0.018791984766721725,0.8734680898487568,272|273|565|271|647,0.89226007|0.01879198|0.00314966|0.00307570|0.00282480,1,0.8922600746154785,True,272,0.8922600746154785,True,272,0.7804572582244873,True,272,0.8263424038887024,True,272,0.7741585373878479,True,c12_correct
273,274,274_2.bmp,preprocessed_results\274\274_2.bmp,273,273,273,0.8706324696540833,272,0.02761857770383358,0.8430138919502497,273|272|576|578|143,0.87063247|0.02761858|0.00651156|0.00544147|0.00372263,1,0.8706324696540833,True,273,0.8706324696540833,True,273,0.8765882849693298,True,273,0.8251475095748901,True,273,0.9320734739303589,True,c12_correct
274,275,275_8.bmp,preprocessed_results\275\275_8.bmp,274,274,274,0.6472653150558472,52,0.010987324640154839,0.6362779904156923,274|52|289|47|568,0.64726532|0.01098732|0.01035623|0.00906079|0.00903271,1,0.6472653150558472,True,274,0.6472653150558472,True,274,0.7217784523963928,True,274,0.8319404721260071,True,274,0.7625699043273926,True,c12_correct
275,276,276_3.bmp,preprocessed_results\276\276_3.bmp,275,275,275,0.8143695592880249,14,0.010381273925304413,0.8039882853627205,275|14|21|274|278,0.81436956|0.01038127|0.01021643|0.00882937|0.00769138,1,0.8143695592880249,True,275,0.8143695592880249,True,275,0.8376737236976624,True,275,0.8120813369750977,True,275,0.7673323750495911,True,c12_correct
276,277,277_6.bmp,preprocessed_results\277\277_6.bmp,276,276,276,0.13453935086727142,42,0.13309885561466217,0.001440495252609253,276|42|328|251|329,0.13453935|0.13309886|0.07860846|0.03359538|0.03110326,1,0.13453935086727142,True,276,0.13453935086727142,True,276,0.0907338485121727,True,276,0.5429534316062927,True,276,0.12268649786710739,True,c12_correct
277,278,278_5.bmp,preprocessed_results\278\278_5.bmp,277,277,277,0.8512340784072876,320,0.00897571537643671,0.8422583630308509,277|320|61|505|290,0.85123408|0.00897572|0.00626902|0.00397629|0.00349759,1,0.8512340784072876,True,277,0.8512340784072876,True,277,0.4913191497325897,True,277,0.7926443815231323,True,277,0.3603668510913849,True,c12_correct
278,279,279_6.bmp,preprocessed_results\279\279_6.bmp,278,278,278,0.8088300228118896,271,0.010983429849147797,0.7978465929627419,278|271|173|279|172,0.80883002|0.01098343|0.00679661|0.00658574|0.00582361,1,0.8088300228118896,True,278,0.8088300228118896,True,278,0.40090474486351013,True,278,0.8005096912384033,True,278,0.7219039797782898,True,c12_correct
279,280,280_4.bmp,preprocessed_results\280\280_4.bmp,279,279,279,0.9332537055015564,278,0.005047554150223732,0.9282061513513327,279|278|271|98|700,0.93325371|0.00504755|0.00464814|0.00261832|0.00244397,1,0.9332537055015564,True,279,0.9332537055015564,True,279,0.7882598042488098,True,279,0.8061201572418213,True,279,0.7376769781112671,True,c12_correct
280,281,281_5.bmp,preprocessed_results\281\281_5.bmp,280,280,280,0.925422191619873,281,0.021948611363768578,0.9034735802561045,280|281|148|217|95,0.92542219|0.02194861|0.00284011|0.00174732|0.00157735,1,0.925422191619873,True,280,0.925422191619873,True,280,0.9118324518203735,True,280,0.8175246119499207,True,280,0.8789328336715698,True,c12_correct
281,282,282_1.bmp,preprocessed_results\282\282_1.bmp,281,281,281,0.9343324899673462,420,0.011892754584550858,0.9224397353827953,281|420|189|287|280,0.93433249|0.01189275|0.00321005|0.00117433|0.00111914,1,0.9343324899673462,True,281,0.9343324899673462,True,281,0.828276515007019,True,281,0.8484746217727661,True,281,0.8046217560768127,True,c12_correct
282,283,283_9.bmp,preprocessed_results\283\283_9.bmp,282,282,282,0.7412276268005371,283,0.038050875067710876,0.7031767517328262,282|283|273|531|142,0.74122763|0.03805088|0.03067355|0.02738856|0.00783304,1,0.7412276268005371,True,282,0.7412276268005371,True,282,0.4796973764896393,True,282,0.8201028108596802,True,282,0.584182858467102,True,c12_correct
283,284,284_7.bmp,preprocessed_results\284\284_7.bmp,283,283,283,0.8757227659225464,282,0.03568562492728233,0.840037140995264,283|282|273|117|689,0.87572277|0.03568562|0.01646911|0.00307621|0.00236905,1,0.8757227659225464,True,283,0.8757227659225464,True,283,0.6692676544189453,True,283,0.8352515697479248,True,283,0.7591683864593506,True,c12_correct
284,285,285_8.bmp,preprocessed_results\285\285_8.bmp,284,284,284,0.5914934277534485,224,0.054879795759916306,0.5366136319935322,284|224|225|285|252,0.59149343|0.05487980|0.01713120|0.01618944|0.01245302,1,0.5914934277534485,True,284,0.5914934277534485,True,284,0.6396360397338867,True,284,0.8167852759361267,True,284,0.637486457824707,True,c12_correct
285,286,286_3.bmp,preprocessed_results\286\286_3.bmp,285,285,285,0.5322683453559875,612,0.041614387184381485,0.49065395817160606,285|612|284|225|100,0.53226835|0.04161439|0.02547594|0.01849283|0.01027655,1,0.5322683453559875,True,285,0.5322683453559875,True,285,0.5719086527824402,True,285,0.8006489276885986,True,285,0.5580289959907532,True,c12_correct
286,287,287_9.bmp,preprocessed_results\287\287_9.bmp,286,286,286,0.815240204334259,287,0.045489877462387085,0.769750326871872,286|287|136|14|653,0.81524020|0.04548988|0.00936687|0.00710580|0.00297927,1,0.815240204334259,True,286,0.815240204334259,True,286,0.313799649477005,True,286,0.8087708950042725,True,286,0.5781782865524292,True,c12_correct
287,288,288_8.bmp,preprocessed_results\288\288_8.bmp,287,287,287,0.34679779410362244,286,0.05856984108686447,0.28822795301675797,287|286|169|524|123,0.34679779|0.05856984|0.03814587|0.02792775|0.01407628,1,0.34679779410362244,True,287,0.34679779410362244,True,287,0.45278987288475037,True,287,0.7865373492240906,True,287,0.44465741515159607,True,c12_correct
288,289,289_8.bmp,preprocessed_results\289\289_8.bmp,288,288,288,0.9697134494781494,131,0.0018763680709525943,0.9678370814071968,288|131|313|206|222,0.96971345|0.00187637|0.00073743|0.00066211|0.00064599,1,0.9697134494781494,True,288,0.9697134494781494,True,288,0.8680344820022583,True,288,0.815605103969574,True,288,0.8436425924301147,True,c12_correct
289,290,290_6.bmp,preprocessed_results\290\290_6.bmp,289,289,289,0.7337312698364258,277,0.01870887354016304,0.7150223962962627,289|277|274|129|128,0.73373127|0.01870887|0.01659412|0.00521096|0.00514778,1,0.7337312698364258,True,289,0.7337312698364258,True,289,0.5426594614982605,True,289,0.8239730596542358,True,289,0.6133415699005127,True,c12_correct
290,291,291_4.bmp,preprocessed_results\291\291_4.bmp,290,290,290,0.831272542476654,291,0.03389940410852432,0.7973731383681297,290|291|159|97|661,0.83127254|0.03389940|0.01302862|0.00547557|0.00410560,1,0.831272542476654,True,290,0.831272542476654,True,290,0.9032749533653259,True,290,0.8247109055519104,True,290,0.7619705200195312,True,c12_correct
291,292,292_1.bmp,preprocessed_results\292\292_1.bmp,291,291,291,0.8861188292503357,49,0.004252702929079533,0.8818661263212562,291|49|325|252|290,0.88611883|0.00425270|0.00415234|0.00413470|0.00400250,1,0.8861188292503357,True,291,0.8861188292503357,True,291,0.744962215423584,True,291,0.8015739321708679,True,291,0.6713095307350159,True,c12_correct
292,293,293_8.bmp,preprocessed_results\293\293_8.bmp,292,292,292,0.9073299169540405,298,0.018458327278494835,0.8888715896755457,292|298|284|252|197,0.90732992|0.01845833|0.00236298|0.00204116|0.00171346,1,0.9073299169540405,True,292,0.9073299169540405,True,292,0.7079032063484192,True,292,0.8061219453811646,True,292,0.7966090440750122,True,c12_correct
293,294,294_10.bmp,preprocessed_results\294\294_10.bmp,293,293,293,0.7923418283462524,292,0.038710709661245346,0.7536311186850071,293|292|636|297|545,0.79234183|0.03871071|0.00632686|0.00573338|0.00532448,1,0.7923418283462524,True,293,0.7923418283462524,True,293,0.8582970499992371,True,293,0.8386491537094116,True,293,0.6501796841621399,True,c12_correct
294,295,295_6.bmp,preprocessed_results\295\295_6.bmp,294,294,294,0.3761823773384094,549,0.038305241614580154,0.33787713572382927,294|549|436|548|76,0.37618238|0.03830524|0.02697035|0.02236975|0.01595491,1,0.3761823773384094,True,294,0.3761823773384094,True,294,0.544096052646637,True,294,0.7959542274475098,True,294,0.6131967902183533,True,c12_correct
295,296,296_6.bmp,preprocessed_results\296\296_6.bmp,295,295,295,0.6841235160827637,294,0.012432416900992393,0.6716910991817713,295|294|441|210|253,0.68412352|0.01243242|0.00909448|0.00727664|0.00704148,1,0.6841235160827637,True,295,0.6841235160827637,True,295,0.6463165879249573,True,295,0.797756552696228,True,295,0.6330760717391968,True,c12_correct
296,297,297_3.bmp,preprocessed_results\297\297_3.bmp,296,296,296,0.8705253601074219,297,0.04375235736370087,0.826773002743721,296|297|73|274|141,0.87052536|0.04375236|0.01302846|0.00618349|0.00321949,1,0.8705253601074219,True,296,0.8705253601074219,True,296,0.7036672234535217,True,296,0.8199683427810669,True,296,0.6635331511497498,True,c12_correct
297,298,298_4.bmp,preprocessed_results\298\298_4.bmp,297,297,297,0.6520239114761353,296,0.051537495106458664,0.6004864163696766,297|296|205|341|689,0.65202391|0.05153750|0.01936805|0.00841016|0.00740272,1,0.6520239114761353,True,297,0.6520239114761353,True,297,0.44422048330307007,True,297,0.7591803669929504,True,297,0.12947478890419006,True,c12_correct
298,299,299_9.bmp,preprocessed_results\299\299_9.bmp,298,298,298,0.9273530840873718,566,0.002248483244329691,0.9251046008430421,298|566|774|364|190,0.92735308|0.00224848|0.00195204|0.00183182|0.00123471,1,0.9273530840873718,True,298,0.9273530840873718,True,298,0.8842045664787292,True,298,0.8106371760368347,True,298,0.837958574295044,True,c12_correct
299,300,300_10.bmp,preprocessed_results\300\300_10.bmp,299,299,299,0.6584267020225525,298,0.021392738446593285,0.6370339635759592,299|298|191|141|81,0.65842670|0.02139274|0.01786902|0.01639652|0.00731135,1,0.6584267020225525,True,299,0.6584267020225525,True,299,0.49184510111808777,True,299,0.7829300165176392,True,299,0.5852370858192444,True,c12_correct
300,301,301_10.bmp,preprocessed_results\301\301_10.bmp,300,300,300,0.8712437152862549,86,0.007236529607325792,0.8640071856789291,300|86|298|495|244,0.87124372|0.00723653|0.00628554|0.00334618|0.00307879,1,0.8712437152862549,True,300,0.8712437152862549,True,300,0.7432777285575867,True,300,0.8505785465240479,True,300,0.8668290376663208,True,c12_correct
301,302,302_10.bmp,preprocessed_results\302\302_10.bmp,301,301,301,0.3079349100589752,43,0.03312082961201668,0.27481408044695854,301|43|519|440|55,0.30793491|0.03312083|0.02030706|0.01766463|0.01347092,1,0.3079349100589752,True,301,0.3079349100589752,True,301,0.17879712581634521,True,301,0.727555513381958,True,301,0.4160085916519165,True,c12_correct
302,303,303_10.bmp,preprocessed_results\303\303_10.bmp,302,302,302,0.8450743556022644,286,0.02139294520020485,0.8236814104020596,302|286|269|248|318,0.84507436|0.02139295|0.00706201|0.00585830|0.00401885,1,0.8450743556022644,True,302,0.8450743556022644,True,302,0.30232182145118713,True,302,0.7718635201454163,True,302,0.6770495772361755,True,c12_correct
303,304,304_6.bmp,preprocessed_results\304\304_6.bmp,303,303,303,0.8949665427207947,235,0.007513560354709625,0.887452982366085,303|235|617|249|830,0.89496654|0.00751356|0.00477067|0.00356948|0.00338932,1,0.8949665427207947,True,303,0.8949665427207947,True,303,0.5962857007980347,True,303,0.8218790292739868,True,303,0.8225775361061096,True,c12_correct
304,305,305_2.bmp,preprocessed_results\305\305_2.bmp,304,304,304,0.9668324589729309,50,0.0013967156410217285,0.9654357433319092,304|50|188|326|95,0.96683246|0.00139672|0.00132362|0.00111388|0.00100778,1,0.9668324589729309,True,304,0.9668324589729309,True,304,0.764291524887085,True,304,0.8651877045631409,True,304,0.8464246988296509,True,c12_correct
305,306,306_6.bmp,preprocessed_results\306\306_6.bmp,305,305,305,0.5296527743339539,10,0.03823809698224068,0.4914146773517132,305|10|304|32|28,0.52965277|0.03823810|0.03440720|0.02744795|0.02324399,1,0.5296527743339539,True,305,0.5296527743339539,True,305,0.38261932134628296,True,305,0.7979332208633423,True,305,0.2887662649154663,True,c12_correct
306,307,307_7.bmp,preprocessed_results\307\307_7.bmp,306,306,306,0.9464248418807983,307,0.0025592343881726265,0.9438656074926257,306|307|118|817|112,0.94642484|0.00255923|0.00184743|0.00164100|0.00145173,1,0.9464248418807983,True,306,0.9464248418807983,True,306,0.8926535248756409,True,306,0.8391762375831604,True,306,0.8505324721336365,True,c12_correct
307,308,308_9.bmp,preprocessed_results\308\308_9.bmp,307,307,307,0.8862398266792297,306,0.004741673357784748,0.881498153321445,307|306|263|274|119,0.88623983|0.00474167|0.00373716|0.00339164|0.00274662,1,0.8862398266792297,True,307,0.8862398266792297,True,307,0.8449850082397461,True,307,0.8386923670768738,True,307,0.8274281620979309,True,c12_correct
308,309,309_9.bmp,preprocessed_results\309\309_9.bmp,308,308,308,0.8910918831825256,309,0.005580199416726828,0.8855116837657988,308|309|410|84|262,0.89109188|0.00558020|0.00491927|0.00277220|0.00269052,1,0.8910918831825256,True,308,0.8910918831825256,True,308,0.7227191925048828,True,308,0.8334454894065857,True,308,0.8108764886856079,True,c12_correct
309,310,310_9.bmp,preprocessed_results\310\310_9.bmp,309,309,309,0.9259514212608337,179,0.0021168107632547617,0.923834610497579,309|179|308|724|324,0.92595142|0.00211681|0.00195065|0.00194721|0.00168972,1,0.9259514212608337,True,309,0.9259514212608337,True,309,0.8192331194877625,True,309,0.8189021348953247,True,309,0.777419924736023,True,c12_correct
310,311,311_9.bmp,preprocessed_results\311\311_9.bmp,310,310,310,0.6483572125434875,674,0.017992140725255013,0.6303650718182325,310|674|652|659|783,0.64835721|0.01799214|0.00988764|0.00790246|0.00717888,1,0.6483572125434875,True,310,0.6483572125434875,True,310,0.3805178105831146,True,310,0.7872028946876526,True,310,0.5297548770904541,True,c12_correct
311,312,312_7.bmp,preprocessed_results\312\312_7.bmp,311,311,311,0.698900043964386,675,0.016178486868739128,0.6827215570956469,311|675|193|274|129,0.69890004|0.01617849|0.01246396|0.00951822|0.00729832,1,0.698900043964386,True,311,0.698900043964386,True,311,0.8486864566802979,True,311,0.8067275285720825,True,311,0.8541154861450195,True,c12_correct
312,313,313_3.bmp,preprocessed_results\313\313_3.bmp,312,312,312,0.9202969670295715,12,0.0031677051447331905,0.9171292618848383,312|12|340|622|330,0.92029697|0.00316771|0.00301613|0.00282819|0.00186090,1,0.9202969670295715,True,312,0.9202969670295715,True,312,0.8039668202400208,True,312,0.8282945156097412,True,312,0.8195515275001526,True,c12_correct
313,314,314_9.bmp,preprocessed_results\314\314_9.bmp,313,313,313,0.9133347272872925,317,0.0024133764673024416,0.91092135081999,313|317|206|724|239,0.91333473|0.00241338|0.00228202|0.00223634|0.00171935,1,0.9133347272872925,True,313,0.9133347272872925,True,313,0.6932271718978882,True,313,0.815483808517456,True,313,0.8201410174369812,True,c12_correct
314,315,315_5.bmp,preprocessed_results\315\315_5.bmp,314,314,314,0.9052680730819702,315,0.019851699471473694,0.8854163736104965,314|315|185|82|232,0.90526807|0.01985170|0.00323490|0.00248365|0.00229004,1,0.9052680730819702,True,314,0.9052680730819702,True,314,0.8028514385223389,True,314,0.8271735906600952,True,314,0.7651713490486145,True,c12_correct
315,316,316_1.bmp,preprocessed_results\316\316_1.bmp,315,315,315,0.8986021280288696,125,0.006651348900049925,0.8919507791288197,315|125|28|531|535,0.89860213|0.00665135|0.00473037|0.00362763|0.00294980,1,0.8986021280288696,True,315,0.8986021280288696,True,315,0.8353484272956848,True,315,0.8631104826927185,True,315,0.8702097535133362,True,c12_correct
316,317,317_6.bmp,preprocessed_results\317\317_6.bmp,316,316,316,0.917207658290863,60,0.003471570322290063,0.913736087968573,316|60|4|238|260,0.91720766|0.00347157|0.00268491|0.00245266|0.00185946,1,0.917207658290863,True,316,0.917207658290863,True,316,0.8036032915115356,True,316,0.8215985298156738,True,316,0.8687023520469666,True,c12_correct
317,318,318_10.bmp,preprocessed_results\318\318_10.bmp,317,317,317,0.9337874054908752,323,0.009020362049341202,0.924767043441534,317|323|64|340|150,0.93378741|0.00902036|0.00784499|0.00218212|0.00157543,1,0.9337874054908752,True,317,0.9337874054908752,True,317,0.6233959197998047,True,317,0.7890346646308899,True,317,0.6588646173477173,True,c12_correct
318,319,319_5.bmp,preprocessed_results\319\319_5.bmp,318,318,318,0.8633283972740173,17,0.005393718369305134,0.8579346789047122,318|17|162|136|733,0.86332840|0.00539372|0.00530665|0.00404950|0.00206592,1,0.8633283972740173,True,318,0.8633283972740173,True,318,0.8758119940757751,True,318,0.8465142250061035,True,318,0.825977623462677,True,c12_correct
319,320,320_1.bmp,preprocessed_results\320\320_1.bmp,319,319,319,0.6768124103546143,260,0.02012133225798607,0.6566910780966282,319|260|318|82|828,0.67681241|0.02012133|0.00987849|0.00530702|0.00460382,1,0.6768124103546143,True,319,0.6768124103546143,True,319,0.6944219470024109,True,319,0.8185691833496094,True,319,0.8090822696685791,True,c12_correct
320,321,321_8.bmp,preprocessed_results\321\321_8.bmp,320,320,320,0.40238916873931885,321,0.06218409165740013,0.3402050770819187,320|321|42|276|575,0.40238917|0.06218409|0.02335628|0.01719920|0.01247802,1,0.40238916873931885,True,320,0.40238916873931885,True,320,0.41550564765930176,True,320,0.7745705842971802,True,320,0.1909407377243042,True,c12_correct
321,322,322_2.bmp,preprocessed_results\322\322_2.bmp,321,321,321,0.34808221459388733,320,0.2032107412815094,0.14487147331237793,321|320|276|655|71,0.34808221|0.20321074|0.01578709|0.01527941|0.01298114,1,0.34808221459388733,True,321,0.34808221459388733,True,321,0.10646232962608337,True,321,0.2016560584306717,True,321,0.08975730836391449,True,c12_correct
322,323,323_6.bmp,preprocessed_results\323\323_6.bmp,322,322,322,0.9409667253494263,170,0.003386487951502204,0.9375802373979241,322|170|527|799|528,0.94096673|0.00338649|0.00211260|0.00155038|0.00148947,1,0.9409667253494263,True,322,0.9409667253494263,True,322,0.3592623174190521,True,322,0.7716378569602966,True,322,0.6282961368560791,True,c12_correct
323,324,324_5.bmp,preprocessed_results\324\324_5.bmp,323,323,323,0.5993058085441589,416,0.03657333552837372,0.5627324730157852,323|416|2|316|511,0.59930581|0.03657334|0.03312101|0.02239770|0.01666964,1,0.5993058085441589,True,323,0.5993058085441589,True,323,0.5006257891654968,True,323,0.8051959872245789,True,323,0.5609757900238037,True,c12_correct
324,325,325_9.bmp,preprocessed_results\325\325_9.bmp,324,324,324,0.5647343993186951,201,0.038572099059820175,0.5261623002588749,324|201|130|423|395,0.56473440|0.03857210|0.03323518|0.02064927|0.01416718,1,0.5647343993186951,True,324,0.5647343993186951,True,324,0.310334712266922,True,324,0.7866380214691162,True,324,0.4754652678966522,True,c12_correct
325,326,326_4.bmp,preprocessed_results\326\326_4.bmp,325,325,325,0.9155538082122803,522,0.004567322786897421,0.9109864854253829,325|522|336|274|275,0.91555381|0.00456732|0.00354546|0.00339556|0.00307778,1,0.9155538082122803,True,325,0.9155538082122803,True,325,0.8391897082328796,True,325,0.8308422565460205,True,325,0.8266931772232056,True,c12_correct
326,327,327_5.bmp,preprocessed_results\327\327_5.bmp,326,326,326,0.46117231249809265,16,0.034588590264320374,0.4265837222337723,326|16|603|136|510,0.46117231|0.03458859|0.03229043|0.01570939|0.01026106,1,0.46117231249809265,True,326,0.46117231249809265,True,326,0.6641405820846558,True,326,0.8102614879608154,True,326,0.6277344822883606,True,c12_correct
327,328,328_7.bmp,preprocessed_results\328\328_7.bmp,327,327,327,0.2983427047729492,241,0.027568772435188293,0.2707739323377609,327|241|647|259|147,0.29834270|0.02756877|0.02087513|0.01865507|0.01806233,1,0.2983427047729492,True,327,0.2983427047729492,True,327,0.08096951246261597,True,327,0.7444038391113281,True,327,0.5394582748413086,True,c12_correct
328,329,329_5.bmp,preprocessed_results\329\329_5.bmp,328,328,328,0.7810752391815186,10,0.01847918890416622,0.7625960502773523,328|10|329|58|202,0.78107524|0.01847919|0.01339294|0.00734506|0.00695898,1,0.7810752391815186,True,328,0.7810752391815186,True,328,0.6017061471939087,True,328,0.8068865537643433,True,328,0.732943058013916,True,c12_correct
329,330,330_6.bmp,preprocessed_results\330\330_6.bmp,329,329,329,0.9027959108352661,266,0.006557002197951078,0.896238908637315,329|266|262|38|253,0.90279591|0.00655700|0.00433674|0.00285833|0.00280690,1,0.9027959108352661,True,329,0.9027959108352661,True,329,0.6605647802352905,True,329,0.8139509558677673,True,329,0.5688748955726624,True,c12_correct
330,331,331_7.bmp,preprocessed_results\331\331_7.bmp,330,330,330,0.8719354867935181,180,0.02753051370382309,0.844404973089695,330|180|338|774|331,0.87193549|0.02753051|0.00566967|0.00332018|0.00328318,1,0.8719354867935181,True,330,0.8719354867935181,True,330,0.7909072041511536,True,330,0.823542594909668,True,330,0.7473279237747192,True,c12_correct
331,332,332_3.bmp,preprocessed_results\332\332_3.bmp,331,331,331,0.9100337028503418,279,0.00843119341880083,0.901602509431541,331|279|52|101|128,0.91003370|0.00843119|0.00252331|0.00235602|0.00219494,1,0.9100337028503418,True,331,0.9100337028503418,True,331,0.7794360518455505,True,331,0.7931804060935974,True,331,0.7637822031974792,True,c12_correct
332,333,333_9.bmp,preprocessed_results\333\333_9.bmp,332,332,332,0.8989197611808777,535,0.004785609431564808,0.8941341517493129,332|535|479|63|7,0.89891976|0.00478561|0.00472531|0.00377492|0.00243834,1,0.8989197611808777,True,332,0.8989197611808777,True,332,0.504421055316925,True,332,0.8121078610420227,True,332,0.767697811126709,True,c12_correct
333,334,334_8.bmp,preprocessed_results\334\334_8.bmp,333,333,333,0.7170581817626953,332,0.04553956165909767,0.6715186201035976,333|332|183|171|773,0.71705818|0.04553956|0.00833017|0.00812758|0.00763226,1,0.7170581817626953,True,333,0.7170581817626953,True,333,0.2913348078727722,True,333,0.8001828193664551,True,333,0.3853820860385895,True,c12_correct
334,335,335_4.bmp,preprocessed_results\335\335_4.bmp,334,334,334,0.8976553678512573,335,0.014618631452322006,0.8830367363989353,334|335|214|370|371,0.89765537|0.01461863|0.00642285|0.00262397|0.00225561,1,0.8976553678512573,True,334,0.8976553678512573,True,334,0.8308634757995605,True,334,0.8177525401115417,True,334,0.6939746141433716,True,c12_correct
335,336,336_9.bmp,preprocessed_results\336\336_9.bmp,335,335,335,0.8378538489341736,334,0.022692302241921425,0.8151615466922522,335|334|8|144|45,0.83785385|0.02269230|0.00337779|0.00305942|0.00301208,1,0.8378538489341736,True,335,0.8378538489341736,True,335,0.7048458456993103,True,335,0.7636817097663879,True,335,0.5654311776161194,True,c12_correct
336,337,337_8.bmp,preprocessed_results\337\337_8.bmp,336,336,336,0.7160696983337402,41,0.02786197140812874,0.6882077269256115,336|41|390|29|245,0.71606970|0.02786197|0.01193669|0.00728670|0.00610674,1,0.7160696983337402,True,336,0.7160696983337402,True,336,0.613970160484314,True,336,0.8274381756782532,True,336,0.6100314855575562,True,c12_correct
337,338,338_8.bmp,preprocessed_results\338\338_8.bmp,337,337,337,0.8297454118728638,336,0.016946136951446533,0.8127992749214172,337|336|333|303|706,0.82974541|0.01694614|0.00458145|0.00422411|0.00374810,1,0.8297454118728638,True,337,0.8297454118728638,True,337,0.7319801449775696,True,337,0.816789448261261,True,337,0.7970611453056335,True,c12_correct
338,339,339_2.bmp,preprocessed_results\339\339_2.bmp,338,338,338,0.8851407170295715,233,0.004864320158958435,0.8802763968706131,338|233|172|590|738,0.88514072|0.00486432|0.00408993|0.00344304|0.00311180,1,0.8851407170295715,True,338,0.8851407170295715,True,338,0.8284817337989807,True,338,0.7798557281494141,True,338,0.8720651865005493,True,c12_correct
339,340,340_9.bmp,preprocessed_results\340\340_9.bmp,339,339,339,0.5791311860084534,746,0.014828200452029705,0.5643029855564237,339|746|647|257|49,0.57913119|0.01482820|0.01077326|0.01032346|0.00993387,1,0.5791311860084534,True,339,0.5791311860084534,True,339,0.7800619006156921,True,339,0.8263714909553528,True,339,0.8406185507774353,True,c12_correct
340,341,341_5.bmp,preprocessed_results\341\341_5.bmp,340,340,340,0.9530249834060669,146,0.004476172849535942,0.948548810556531,340|146|794|798|330,0.95302498|0.00447617|0.00147957|0.00107616|0.00107338,1,0.9530249834060669,True,340,0.9530249834060669,True,340,0.9355489611625671,True,340,0.8285942077636719,True,340,0.809528648853302,True,c12_correct
341,342,342_5.bmp,preprocessed_results\342\342_5.bmp,341,341,341,0.7703758478164673,800,0.01482293102890253,0.7555529167875648,341|800|157|384|793,0.77037585|0.01482293|0.01281258|0.00700131|0.00544847,1,0.7703758478164673,True,341,0.7703758478164673,True,341,0.23000776767730713,True,341,0.7969291806221008,True,341,0.676072895526886,True,c12_correct
342,343,343_4.bmp,preprocessed_results\343\343_4.bmp,342,342,342,0.9140999913215637,343,0.0022686682641506195,0.9118313230574131,342|343|350|364|352,0.91409999|0.00226867|0.00226433|0.00189643|0.00187727,1,0.9140999913215637,True,342,0.9140999913215637,True,342,0.8359135389328003,True,342,0.8311133980751038,True,342,0.8589710593223572,True,c12_correct
343,344,344_7.bmp,preprocessed_results\344\344_7.bmp,343,343,343,0.14519746601581573,503,0.030938221141695976,0.11425924487411976,343|503|24|469|514,0.14519747|0.03093822|0.02041430|0.01917557|0.01584503,1,0.14519746601581573,True,343,0.14519746601581573,True,343,0.3310820162296295,True,343,0.647014319896698,True,343,0.28462186455726624,True,c12_correct
344,345,345_3.bmp,preprocessed_results\345\345_3.bmp,344,344,344,0.9402485489845276,515,0.007182621862739325,0.9330659271217883,344|515|396|319|80,0.94024855|0.00718262|0.00160213|0.00150609|0.00126208,1,0.9402485489845276,True,344,0.9402485489845276,True,344,0.8178269267082214,True,344,0.8154652714729309,True,344,0.8828286528587341,True,c12_correct
345,346,346_5.bmp,preprocessed_results\346\346_5.bmp,345,345,345,0.9455233216285706,456,0.0057679954916238785,0.9397553261369467,345|456|352|179|487,0.94552332|0.00576800|0.00138925|0.00113783|0.00107596,1,0.9455233216285706,True,345,0.9455233216285706,True,345,0.8786259889602661,True,345,0.8222123980522156,True,345,0.8011511564254761,True,c12_correct
346,347,347_10.bmp,preprocessed_results\347\347_10.bmp,346,346,346,0.8488934636116028,364,0.007252948824316263,0.8416405147872865,346|364|702|315|722,0.84889346|0.00725295|0.00524009|0.00471915|0.00452612,1,0.8488934636116028,True,346,0.8488934636116028,True,346,0.675952136516571,True,346,0.8474368453025818,True,346,0.7494010925292969,True,c12_correct
347,348,348_1.bmp,preprocessed_results\348\348_1.bmp,347,347,347,0.9083366394042969,346,0.005881094839423895,0.902455544564873,347|346|473|335|45,0.90833664|0.00588109|0.00460275|0.00458756|0.00172177,1,0.9083366394042969,True,347,0.9083366394042969,True,347,0.8916627764701843,True,347,0.8317981958389282,True,347,0.7899946570396423,True,c12_correct
348,349,349_3.bmp,preprocessed_results\349\349_3.bmp,348,348,392,0.6998304724693298,325,0.020901577547192574,0.6789288949221373,392|325|348|429|393,0.69983047|0.02090158|0.01950023|0.00978807|0.00941199,3,0.01950022764503956,True,392,0.6998304724693298,False,348,0.05139249935746193,True,348,0.06953317672014236,True,348,0.07705648988485336,True,teacher_all_correct;true_in_top5
349,350,350_2.bmp,preprocessed_results\350\350_2.bmp,349,349,349,0.7858292460441589,266,0.023890286684036255,0.7619389593601227,349|266|395|348|301,0.78582925|0.02389029|0.00975769|0.00908191|0.00576028,1,0.7858292460441589,True,349,0.7858292460441589,True,349,0.8411916494369507,True,349,0.8387691974639893,True,349,0.882623016834259,True,c12_correct
350,351,351_9.bmp,preprocessed_results\351\351_9.bmp,350,350,350,0.8768064379692078,556,0.008382933214306831,0.8684235047549009,350|556|342|412|469,0.87680644|0.00838293|0.00588973|0.00419424|0.00364935,1,0.8768064379692078,True,350,0.8768064379692078,True,350,0.8780113458633423,True,350,0.8518442511558533,True,350,0.7975200414657593,True,c12_correct
351,352,352_3.bmp,preprocessed_results\352\352_3.bmp,351,351,351,0.8461471199989319,510,0.013895575888454914,0.832251544110477,351|510|342|557|508,0.84614712|0.01389558|0.00834322|0.00315340|0.00311266,1,0.8461471199989319,True,351,0.8461471199989319,True,351,0.8574929237365723,True,351,0.8305898904800415,True,351,0.8287941217422485,True,c12_correct
352,353,353_5.bmp,preprocessed_results\353\353_5.bmp,352,352,352,0.9279261231422424,178,0.004967986140400171,0.9229581370018423,352|178|353|396|547,0.92792612|0.00496799|0.00387589|0.00317950|0.00190816,1,0.9279261231422424,True,352,0.9279261231422424,True,352,0.8175946474075317,True,352,0.8413774371147156,True,352,0.8154023289680481,True,c12_correct
353,354,354_1.bmp,preprocessed_results\354\354_1.bmp,353,353,353,0.20471854507923126,546,0.13873149454593658,0.06598705053329468,353|546|433|352|343,0.20471855|0.13873149|0.13059454|0.04483422|0.01925150,1,0.20471854507923126,True,353,0.20471854507923126,True,353,0.2764774262905121,True,353,0.555644154548645,True,353,0.2533957064151764,True,c12_correct
354,355,355_4.bmp,preprocessed_results\355\355_4.bmp,354,354,354,0.8991180062294006,35,0.004881617613136768,0.8942363886162639,354|35|563|394|355,0.89911801|0.00488162|0.00402884|0.00356877|0.00310713,1,0.8991180062294006,True,354,0.8991180062294006,True,354,0.822378933429718,True,354,0.8537753224372864,True,354,0.8701257109642029,True,c12_correct
355,356,356_8.bmp,preprocessed_results\356\356_8.bmp,355,355,355,0.8681629300117493,227,0.00779362628236413,0.8603693037293851,355|227|354|486|527,0.86816293|0.00779363|0.00683720|0.00524566|0.00379616,1,0.8681629300117493,True,355,0.8681629300117493,True,355,0.6106467247009277,True,355,0.8204054236412048,True,355,0.8268659710884094,True,c12_correct
356,357,357_7.bmp,preprocessed_results\357\357_7.bmp,356,356,356,0.7524720430374146,543,0.013289344497025013,0.7391826985403895,356|543|557|512|475,0.75247204|0.01328934|0.00859993|0.00599306|0.00579958,1,0.7524720430374146,True,356,0.7524720430374146,True,356,0.7409515976905823,True,356,0.8283064961433411,True,356,0.688817024230957,True,c12_correct
357,358,358_1.bmp,preprocessed_results\358\358_1.bmp,357,357,357,0.8890607357025146,363,0.004040051717311144,0.8850206839852035,357|363|550|56|231,0.88906074|0.00404005|0.00273358|0.00209923|0.00188814,1,0.8890607357025146,True,357,0.8890607357025146,True,357,0.7662981748580933,True,357,0.8453443646430969,True,357,0.6619211435317993,True,c12_correct
358,359,359_10.bmp,preprocessed_results\359\359_10.bmp,358,358,358,0.8465628027915955,359,0.05045624449849129,0.7961065582931042,358|359|554|372|513,0.84656280|0.05045624|0.00445654|0.00235299|0.00222130,1,0.8465628027915955,True,358,0.8465628027915955,True,358,0.8303564786911011,True,358,0.8350566029548645,True,358,0.7469042539596558,True,c12_correct
359,360,360_2.bmp,preprocessed_results\360\360_2.bmp,359,359,359,0.8877962827682495,358,0.01573018915951252,0.872066093608737,359|358|44|258|554,0.88779628|0.01573019|0.00679709|0.00474296|0.00282042,1,0.8877962827682495,True,359,0.8877962827682495,True,359,0.6284681558609009,True,359,0.8129370212554932,True,359,0.5059595108032227,True,c12_correct
360,361,361_3.bmp,preprocessed_results\361\361_3.bmp,360,360,360,0.6365268230438232,98,0.02751506119966507,0.6090117618441582,360|98|361|341|426,0.63652682|0.02751506|0.01294777|0.00651548|0.00513769,1,0.6365268230438232,True,360,0.6365268230438232,True,360,0.7583115100860596,True,360,0.818217396736145,True,360,0.7646821737289429,True,c12_correct
361,362,362_4.bmp,preprocessed_results\362\362_4.bmp,361,361,361,0.9352337121963501,360,0.005044036079198122,0.930189676117152,361|360|459|116|98,0.93523371|0.00504404|0.00167464|0.00136506|0.00130794,1,0.9352337121963501,True,361,0.9352337121963501,True,361,0.8344733119010925,True,361,0.8251808881759644,True,361,0.868922233581543,True,c12_correct
362,363,363_5.bmp,preprocessed_results\363\363_5.bmp,362,362,362,0.9133657813072205,363,0.007547487039119005,0.9058182942681015,362|363|808|117|552,0.91336578|0.00754749|0.00507206|0.00391577|0.00198236,1,0.9133657813072205,True,362,0.9133657813072205,True,362,0.9076599478721619,True,362,0.8025630116462708,True,362,0.8394796848297119,True,c12_correct
363,364,364_1.bmp,preprocessed_results\364\364_1.bmp,363,363,363,0.6293146014213562,357,0.02304687537252903,0.6062677260488272,363|357|358|362|540,0.62931460|0.02304688|0.01810896|0.01219162|0.01001713,1,0.6293146014213562,True,363,0.6293146014213562,True,363,0.3553469181060791,True,363,0.7881960272789001,True,363,0.6281689405441284,True,c12_correct
364,365,365_7.bmp,preprocessed_results\365\365_7.bmp,364,364,364,0.8909595608711243,374,0.003220124403014779,0.8877394364681095,364|374|434|376|402,0.89095956|0.00322012|0.00319260|0.00274485|0.00256162,1,0.8909595608711243,True,364,0.8909595608711243,True,364,0.8811852931976318,True,364,0.8194340467453003,True,364,0.7897982001304626,True,c12_correct
365,366,366_4.bmp,preprocessed_results\366\366_4.bmp,365,365,365,0.850600004196167,63,0.0053073265589773655,0.8452926776371896,365|63|385|395|191,0.85060000|0.00530733|0.00445855|0.00400124|0.00319935,1,0.850600004196167,True,365,0.850600004196167,True,365,0.8103225231170654,True,365,0.8556822538375854,True,365,0.856239378452301,True,c12_correct
366,367,367_3.bmp,preprocessed_results\367\367_3.bmp,366,366,366,0.8913202285766602,382,0.005604770965874195,0.885715457610786,366|382|346|314|448,0.89132023|0.00560477|0.00256530|0.00214396|0.00209488,1,0.8913202285766602,True,366,0.8913202285766602,True,366,0.5558934211730957,True,366,0.8435027599334717,True,366,0.7370438575744629,True,c12_correct
367,368,368_3.bmp,preprocessed_results\368\368_3.bmp,367,367,367,0.9338822960853577,366,0.003028730396181345,0.9308535656891763,367|366|487|449|383,0.93388230|0.00302873|0.00183696|0.00093238|0.00084243,1,0.9338822960853577,True,367,0.9338822960853577,True,367,0.8832902908325195,True,367,0.8485002517700195,True,367,0.8563825488090515,True,c12_correct
368,369,369_10.bmp,preprocessed_results\369\369_10.bmp,368,368,368,0.9452120661735535,369,0.0047153024934232235,0.9404967636801302,368|369|203|335|391,0.94521207|0.00471530|0.00349067|0.00203892|0.00139140,1,0.9452120661735535,True,368,0.9452120661735535,True,368,0.8311357498168945,True,368,0.8389531970024109,True,368,0.7574450969696045,True,c12_correct
369,370,370_7.bmp,preprocessed_results\370\370_7.bmp,369,369,369,0.9225860238075256,368,0.002730878069996834,0.9198551457375288,369|368|458|730|342,0.92258602|0.00273088|0.00241320|0.00231530|0.00186398,1,0.9225860238075256,True,369,0.9225860238075256,True,369,0.892685055732727,True,369,0.8368263244628906,True,369,0.8526294231414795,True,c12_correct
370,371,371_3.bmp,preprocessed_results\371\371_3.bmp,370,370,370,0.9142722487449646,78,0.006208157166838646,0.908064091578126,370|78|462|248|517,0.91427225|0.00620816|0.00604390|0.00307169|0.00200605,1,0.9142722487449646,True,370,0.9142722487449646,True,370,0.7823209166526794,True,370,0.8408583402633667,True,370,0.863349437713623,True,c12_correct
371,372,372_3.bmp,preprocessed_results\372\372_3.bmp,371,371,371,0.7511858344078064,393,0.009613747708499432,0.741572086699307,371|393|351|232|334,0.75118583|0.00961375|0.00852421|0.00786978|0.00690590,1,0.7511858344078064,True,371,0.7511858344078064,True,371,0.8163006901741028,True,371,0.8454236388206482,True,371,0.8162509202957153,True,c12_correct
372,373,373_1.bmp,preprocessed_results\373\373_1.bmp,372,372,372,0.8747939467430115,690,0.005274839233607054,0.8695191075094044,372|690|720|648|102,0.87479395|0.00527484|0.00315711|0.00215891|0.00212887,1,0.8747939467430115,True,372,0.8747939467430115,True,372,0.8237771391868591,True,372,0.8252207040786743,True,372,0.7975998520851135,True,c12_correct
373,374,374_8.bmp,preprocessed_results\374\374_8.bmp,373,373,373,0.8786802887916565,372,0.003192110685631633,0.8754881781060249,373|372|160|548|451,0.87868029|0.00319211|0.00271883|0.00251047|0.00239331,1,0.8786802887916565,True,373,0.8786802887916565,True,373,0.8778768181800842,True,373,0.842119574546814,True,373,0.799150288105011,True,c12_correct
374,375,375_3.bmp,preprocessed_results\375\375_3.bmp,374,374,374,0.9810583591461182,153,0.0016838542651385069,0.9793745048809797,374|153|376|744|156,0.98105836|0.00168385|0.00074571|0.00044258|0.00039176,1,0.9810583591461182,True,374,0.9810583591461182,True,374,0.7133087515830994,True,374,0.8285359144210815,True,374,0.858775794506073,True,c12_correct
375,376,376_8.bmp,preprocessed_results\376\376_8.bmp,375,375,375,0.41896694898605347,374,0.04092036932706833,0.37804657965898514,375|374|615|367|377,0.41896695|0.04092037|0.03403185|0.02268881|0.01979065,1,0.41896694898605347,True,375,0.41896694898605347,True,375,0.15678776800632477,True,375,0.7917875051498413,True,375,0.3288825452327728,True,c12_correct
376,377,377_3.bmp,preprocessed_results\377\377_3.bmp,376,376,376,0.5967419743537903,141,0.03528042510151863,0.5614615492522717,376|141|245|27|539,0.59674197|0.03528043|0.03428464|0.01861912|0.00754551,1,0.5967419743537903,True,376,0.5967419743537903,True,376,0.8329886198043823,True,376,0.8003675937652588,True,376,0.6278231143951416,True,c12_correct
377,378,378_4.bmp,preprocessed_results\378\378_4.bmp,377,377,377,0.9327196478843689,546,0.003211841220036149,0.9295078066643327,377|546|226|18|6,0.93271965|0.00321184|0.00192687|0.00155393|0.00144000,1,0.9327196478843689,True,377,0.9327196478843689,True,377,0.7480230331420898,True,377,0.8133232593536377,True,377,0.6568224430084229,True,c12_correct
378,379,379_2.bmp,preprocessed_results\379\379_2.bmp,378,378,378,0.8224776387214661,178,0.011605193838477135,0.8108724448829889,378|178|165|379|188,0.82247764|0.01160519|0.00571839|0.00559379|0.00435190,1,0.8224776387214661,True,378,0.8224776387214661,True,378,0.4278271794319153,True,378,0.7720738053321838,True,378,0.6804508566856384,True,c12_correct
379,380,380_4.bmp,preprocessed_results\380\380_4.bmp,379,379,379,0.8908174633979797,497,0.007715107873082161,0.8831023555248976,379|497|485|476|202,0.89081746|0.00771511|0.00466796|0.00402139|0.00392903,1,0.8908174633979797,True,379,0.8908174633979797,True,379,0.8471320867538452,True,379,0.8378275632858276,True,379,0.8011637926101685,True,c12_correct
380,381,381_9.bmp,preprocessed_results\381\381_9.bmp,380,380,380,0.7575234174728394,468,0.008078187704086304,0.749445229768753,380|468|453|218|452,0.75752342|0.00807819|0.00664356|0.00643806|0.00580028,1,0.7575234174728394,True,380,0.7575234174728394,True,380,0.6941123008728027,True,380,0.8252941370010376,True,380,0.6801044940948486,True,c12_correct
381,382,382_5.bmp,preprocessed_results\382\382_5.bmp,381,381,381,0.9579666256904602,464,0.0016873948043212295,0.956279230886139,381|464|316|446|460,0.95796663|0.00168739|0.00104420|0.00084519|0.00067834,1,0.9579666256904602,True,381,0.9579666256904602,True,381,0.9052135944366455,True,381,0.8312296867370605,True,381,0.8911692500114441,True,c12_correct
382,383,383_7.bmp,preprocessed_results\383\383_7.bmp,382,382,382,0.552794873714447,448,0.027062252163887024,0.52573262155056,382|448|226|535|373,0.55279487|0.02706225|0.02356438|0.01397688|0.00962046,1,0.552794873714447,True,382,0.552794873714447,True,382,0.5502936244010925,True,382,0.7703027725219727,True,382,0.5199201703071594,True,c12_correct
383,384,384_1.bmp,preprocessed_results\384\384_1.bmp,383,383,383,0.6978414058685303,202,0.02527552656829357,0.6725658793002367,383|202|94|203|22,0.69784141|0.02527553|0.01095603|0.01034219|0.00990174,1,0.6978414058685303,True,383,0.6978414058685303,True,383,0.31814223527908325,True,383,0.7797489762306213,True,383,0.5572812557220459,True,c12_correct
384,385,385_10.bmp,preprocessed_results\385\385_10.bmp,384,384,384,0.6450132727622986,385,0.013176964595913887,0.6318363081663847,384|385|456|4|32,0.64501327|0.01317696|0.01213828|0.00897689|0.00574203,1,0.6450132727622986,True,384,0.6450132727622986,True,384,0.3037925362586975,True,384,0.774836003780365,True,384,0.6627215147018433,True,c12_correct
385,386,386_10.bmp,preprocessed_results\386\386_10.bmp,385,385,385,0.9177345037460327,384,0.005551290698349476,0.9121832130476832,385|384|502|492|382,0.91773450|0.00555129|0.00461375|0.00136219|0.00124878,1,0.9177345037460327,True,385,0.9177345037460327,True,385,0.8061366677284241,True,385,0.8334371447563171,True,385,0.8550474643707275,True,c12_correct
386,387,387_7.bmp,preprocessed_results\387\387_7.bmp,386,386,386,0.9285180568695068,387,0.0036277880426496267,0.9248902688268572,386|387|474|543|599,0.92851806|0.00362779|0.00213777|0.00122532|0.00112359,1,0.9285180568695068,True,386,0.9285180568695068,True,386,0.9161335229873657,True,386,0.8424725532531738,True,386,0.847882866859436,True,c12_correct
387,388,388_4.bmp,preprocessed_results\388\388_4.bmp,387,387,387,0.917509913444519,452,0.002395356073975563,0.9151145573705435,387|452|300|134|500,0.91750991|0.00239536|0.00199682|0.00197835|0.00155834,1,0.917509913444519,True,387,0.917509913444519,True,387,0.908347487449646,True,387,0.8003862500190735,True,387,0.8443091511726379,True,c12_correct
388,389,389_7.bmp,preprocessed_results\389\389_7.bmp,388,388,388,0.8333276510238647,507,0.006214160472154617,0.8271134905517101,388|507|5|95|252,0.83332765|0.00621416|0.00342868|0.00298366|0.00217038,1,0.8333276510238647,True,388,0.8333276510238647,True,388,0.7104275226593018,True,388,0.8495438098907471,True,388,0.7035365104675293,True,c12_correct
389,390,390_3.bmp,preprocessed_results\390\390_3.bmp,389,389,389,0.9635821580886841,178,0.004490852355957031,0.959091305732727,389|178|26|149|119,0.96358216|0.00449085|0.00101746|0.00083579|0.00069442,1,0.9635821580886841,True,389,0.9635821580886841,True,389,0.8872882127761841,True,389,0.8385114073753357,True,389,0.8760157823562622,True,c12_correct
390,391,391_7.bmp,preprocessed_results\391\391_7.bmp,390,390,390,0.880820631980896,336,0.006073040887713432,0.8747475910931826,390|336|19|29|428,0.88082063|0.00607304|0.00363226|0.00312192|0.00277545,1,0.880820631980896,True,390,0.880820631980896,True,390,0.8213221430778503,True,390,0.848007321357727,True,390,0.8881559371948242,True,c12_correct
391,392,392_2.bmp,preprocessed_results\392\392_2.bmp,391,391,391,0.8720784187316895,429,0.008515087887644768,0.8635633308440447,391|429|50|133|406,0.87207842|0.00851509|0.00533811|0.00520440|0.00457902,1,0.8720784187316895,True,391,0.8720784187316895,True,391,0.6365172863006592,True,391,0.836934506893158,True,391,0.8515275120735168,True,c12_correct
392,393,393_8.bmp,preprocessed_results\393\393_8.bmp,392,392,392,0.7998523116111755,289,0.0074008433148264885,0.792451468296349,392|289|529|498|480,0.79985231|0.00740084|0.00511837|0.00496985|0.00395945,1,0.7998523116111755,True,392,0.7998523116111755,True,392,0.5194188952445984,True,392,0.8234752416610718,True,392,0.5370354056358337,True,c12_correct
393,394,394_3.bmp,preprocessed_results\394\394_3.bmp,393,393,393,0.8856332898139954,473,0.006393008399754763,0.8792402814142406,393|473|176|763|471,0.88563329|0.00639301|0.00370516|0.00325936|0.00227427,1,0.8856332898139954,True,393,0.8856332898139954,True,393,0.7049318552017212,True,393,0.8134331107139587,True,393,0.7944087982177734,True,c12_correct
394,395,395_5.bmp,preprocessed_results\395\395_5.bmp,394,394,394,0.9115550518035889,496,0.006472176872193813,0.905082874931395,394|496|173|354|395,0.91155505|0.00647218|0.00347340|0.00297834|0.00259151,1,0.9115550518035889,True,394,0.9115550518035889,True,394,0.830297589302063,True,394,0.8526662588119507,True,394,0.8303137421607971,True,c12_correct
395,396,396_2.bmp,preprocessed_results\396\396_2.bmp,395,395,395,0.9254294633865356,375,0.0021754249464720488,0.9232540384400636,395|375|365|522|306,0.92542946|0.00217542|0.00190271|0.00137999|0.00131224,1,0.9254294633865356,True,395,0.9254294633865356,True,395,0.848617672920227,True,395,0.8385721445083618,True,395,0.8658705949783325,True,c12_correct
396,397,397_1.bmp,preprocessed_results\397\397_1.bmp,396,396,396,0.9013673663139343,448,0.004128393717110157,0.8972389725968242,396|448|440|453|460,0.90136737|0.00412839|0.00172492|0.00160206|0.00155710,1,0.9013673663139343,True,396,0.9013673663139343,True,396,0.9139247536659241,True,396,0.8464984893798828,True,396,0.8796849846839905,True,c12_correct
397,398,398_1.bmp,preprocessed_results\398\398_1.bmp,397,397,397,0.8291523456573486,396,0.0540824793279171,0.7750698663294315,397|396|332|356|56,0.82915235|0.05408248|0.00376759|0.00372542|0.00354545,1,0.8291523456573486,True,397,0.8291523456573486,True,397,0.6681879758834839,True,397,0.8119211196899414,True,397,0.7160138487815857,True,c12_correct
398,399,399_6.bmp,preprocessed_results\399\399_6.bmp,398,398,398,0.9171018004417419,498,0.004052955657243729,0.9130488447844982,398|498|545|399|236,0.91710180|0.00405296|0.00366408|0.00281231|0.00209840,1,0.9171018004417419,True,398,0.9171018004417419,True,398,0.8623167872428894,True,398,0.8174144625663757,True,398,0.8503283262252808,True,c12_correct
399,400,400_7.bmp,preprocessed_results\400\400_7.bmp,399,399,399,0.8886844515800476,293,0.013097292743623257,0.8755871588364244,399|293|398|444|498,0.88868445|0.01309729|0.00662322|0.00260349|0.00210954,1,0.8886844515800476,True,399,0.8886844515800476,True,399,0.8126164674758911,True,399,0.802280068397522,True,399,0.7908414602279663,True,c12_correct
400,401,401_6.bmp,preprocessed_results\401\401_6.bmp,400,400,400,0.7288638949394226,361,0.018334174528717995,0.7105297204107046,400|361|453|468|253,0.72886389|0.01833417|0.00900416|0.00865451|0.00725902,1,0.7288638949394226,True,400,0.7288638949394226,True,400,0.4864318072795868,True,400,0.8256038427352905,True,400,0.5878109335899353,True,c12_correct
401,402,402_2.bmp,preprocessed_results\402\402_2.bmp,401,401,401,0.18148480355739594,40,0.06781439483165741,0.11367040872573853,401|40|414|409|299,0.18148480|0.06781439|0.05161023|0.02398455|0.01986616,1,0.18148480355739594,True,401,0.18148480355739594,True,401,0.13911888003349304,True,401,0.759295642375946,True,401,0.2681601047515869,True,c12_correct
402,403,403_10.bmp,preprocessed_results\403\403_10.bmp,402,402,402,0.3537570834159851,403,0.035913918167352676,0.31784316524863243,402|403|364|527|234,0.35375708|0.03591392|0.01619383|0.01197437|0.01125325,1,0.3537570834159851,True,402,0.3537570834159851,True,402,0.4223253130912781,True,402,0.8581081628799438,True,402,0.775801420211792,True,c12_correct
403,404,404_4.bmp,preprocessed_results\404\404_4.bmp,403,403,403,0.8602443933486938,402,0.0073171090334653854,0.8529272843152285,403|402|292|406|386,0.86024439|0.00731711|0.00326971|0.00298294|0.00297842,1,0.8602443933486938,True,403,0.8602443933486938,True,403,0.9121338725090027,True,403,0.8454281687736511,True,403,0.7743913531303406,True,c12_correct
404,405,405_1.bmp,preprocessed_results\405\405_1.bmp,404,404,404,0.7625856399536133,235,0.01914190500974655,0.7434437349438667,404|235|376|234|406,0.76258564|0.01914191|0.00957518|0.00871141|0.00778969,1,0.7625856399536133,True,404,0.7625856399536133,True,404,0.5287154316902161,True,404,0.7869118452072144,True,404,0.3238120675086975,True,c12_correct
405,406,406_5.bmp,preprocessed_results\406\406_5.bmp,405,405,405,0.9064611196517944,404,0.014132536947727203,0.8923285827040672,405|404|523|415|414,0.90646112|0.01413254|0.00261366|0.00210769|0.00132290,1,0.9064611196517944,True,405,0.9064611196517944,True,405,0.833754301071167,True,405,0.8363074064254761,True,405,0.8961847424507141,True,c12_correct
406,407,407_10.bmp,preprocessed_results\407\407_10.bmp,406,406,406,0.924849808216095,407,0.004701549187302589,0.9201482590287924,406|407|165|523|164,0.92484981|0.00470155|0.00355863|0.00216801|0.00112740,1,0.924849808216095,True,406,0.924849808216095,True,406,0.9067416787147522,True,406,0.7969353199005127,True,406,0.8354146480560303,True,c12_correct
407,408,408_2.bmp,preprocessed_results\408\408_2.bmp,407,407,407,0.958853006362915,54,0.006608136463910341,0.9522448698990047,407|54|406|141|723,0.95885301|0.00660814|0.00117748|0.00117099|0.00114226,1,0.958853006362915,True,407,0.958853006362915,True,407,0.9253193140029907,True,407,0.8108774423599243,True,407,0.874504029750824,True,c12_correct
408,409,409_1.bmp,preprocessed_results\409\409_1.bmp,408,408,408,0.9444582462310791,200,0.0028192023746669292,0.9416390438564122,408|200|346|59|203,0.94445825|0.00281920|0.00208869|0.00166139|0.00156723,1,0.9444582462310791,True,408,0.9444582462310791,True,408,0.8587311506271362,True,408,0.8448264598846436,True,408,0.7911651730537415,True,c12_correct
409,410,410_3.bmp,preprocessed_results\410\410_3.bmp,409,409,409,0.5693512558937073,403,0.03096124716103077,0.5383900087326765,409|403|9|349|8,0.56935126|0.03096125|0.01186847|0.00973054|0.00894550,1,0.5693512558937073,True,409,0.5693512558937073,True,409,0.6187589764595032,True,409,0.7896389961242676,True,409,0.5626306533813477,True,c12_correct
410,411,411_4.bmp,preprocessed_results\411\411_4.bmp,410,410,410,0.9601219892501831,411,0.003562724683433771,0.9565592645667493,410|411|782|46|308,0.96012199|0.00356272|0.00166171|0.00129740|0.00100243,1,0.9601219892501831,True,410,0.9601219892501831,True,410,0.8469293117523193,True,410,0.8406693935394287,True,410,0.86758953332901,True,c12_correct
411,412,412_5.bmp,preprocessed_results\412\412_5.bmp,411,411,411,0.911520779132843,410,0.01614764705300331,0.8953731320798397,411|410|16|138|770,0.91152078|0.01614765|0.00365553|0.00189401|0.00183560,1,0.911520779132843,True,411,0.911520779132843,True,411,0.7994868159294128,True,411,0.8317533731460571,True,411,0.8302191495895386,True,c12_correct
412,413,413_1.bmp,preprocessed_results\413\413_1.bmp,412,412,412,0.725517213344574,413,0.011186828836798668,0.7143303845077753,412|413|156|178|226,0.72551721|0.01118683|0.00784772|0.00668620|0.00514758,1,0.725517213344574,True,412,0.725517213344574,True,412,0.27554649114608765,True,412,0.7844807505607605,True,412,0.49109575152397156,True,c12_correct
413,414,414_6.bmp,preprocessed_results\414\414_6.bmp,413,413,413,0.9501280188560486,412,0.0019580801017582417,0.9481699387542903,413|412|379|202|514,0.95012802|0.00195808|0.00134953|0.00095003|0.00090773,1,0.9501280188560486,True,413,0.9501280188560486,True,413,0.8799477815628052,True,413,0.8400689959526062,True,413,0.8653119802474976,True,c12_correct
414,415,415_6.bmp,preprocessed_results\415\415_6.bmp,414,414,414,0.8734817504882812,717,0.006978027522563934,0.8665037229657173,414|717|434|234|27,0.87348175|0.00697803|0.00557633|0.00549531|0.00416054,1,0.8734817504882812,True,414,0.8734817504882812,True,414,0.690808892250061,True,414,0.8280960321426392,True,414,0.8324770927429199,True,c12_correct
415,416,416_3.bmp,preprocessed_results\416\416_3.bmp,415,415,415,0.7794643044471741,375,0.013396749272942543,0.7660675551742315,415|375|184|367|247,0.77946430|0.01339675|0.01280682|0.00921621|0.00584688,1,0.7794643044471741,True,415,0.7794643044471741,True,415,0.2438715249300003,True,415,0.7937860488891602,True,415,0.4754919409751892,True,c12_correct
416,417,417_8.bmp,preprocessed_results\417\417_8.bmp,416,416,416,0.9217057228088379,519,0.004161051474511623,0.9175446713343263,416|519|301|323|417,0.92170572|0.00416105|0.00390138|0.00219447|0.00215030,1,0.9217057228088379,True,416,0.9217057228088379,True,416,0.8700920343399048,True,416,0.8211844563484192,True,416,0.8290951251983643,True,c12_correct
417,418,418_9.bmp,preprocessed_results\418\418_9.bmp,417,417,417,0.8986501693725586,416,0.0077935997396707535,0.8908565696328878,417|416|427|546|491,0.89865017|0.00779360|0.00281586|0.00265517|0.00207585,1,0.8986501693725586,True,417,0.8986501693725586,True,417,0.891620934009552,True,417,0.8391908407211304,True,417,0.8393221497535706,True,c12_correct
418,419,419_10.bmp,preprocessed_results\419\419_10.bmp,418,418,418,0.91996169090271,419,0.003073804546147585,0.9168878863565624,418|419|394|398|659,0.91996169|0.00307380|0.00212370|0.00179267|0.00171815,1,0.91996169090271,True,418,0.91996169090271,True,418,0.8131977319717407,True,418,0.8364100456237793,True,418,0.7852705717086792,True,c12_correct
419,420,420_10.bmp,preprocessed_results\420\420_10.bmp,419,419,419,0.7617123126983643,418,0.010218000039458275,0.751494312658906,419|418|459|491|507,0.76171231|0.01021800|0.00673262|0.00596891|0.00480674,1,0.7617123126983643,True,419,0.7617123126983643,True,419,0.7821871042251587,True,419,0.8454174995422363,True,419,0.7650594115257263,True,c12_correct
420,421,421_10.bmp,preprocessed_results\421\421_10.bmp,420,420,420,0.7342237234115601,798,0.009700917638838291,0.7245228057727218,420|798|237|165|421,0.73422372|0.00970092|0.00701893|0.00541067|0.00514635,1,0.7342237234115601,True,420,0.7342237234115601,True,420,0.8017114400863647,True,420,0.7928467988967896,True,420,0.73836749792099,True,c12_correct
421,422,422_10.bmp,preprocessed_results\422\422_10.bmp,421,421,421,0.7448566555976868,544,0.011664831079542637,0.7331918245181441,421|544|420|443|455,0.74485666|0.01166483|0.00820814|0.00713238|0.00623492,1,0.7448566555976868,True,421,0.7448566555976868,True,421,0.48841598629951477,True,421,0.8112139105796814,True,421,0.6844539642333984,True,c12_correct
422,423,423_4.bmp,preprocessed_results\423\423_4.bmp,422,422,422,0.9083548784255981,423,0.004668190609663725,0.9036866878159344,422|423|535|374|185,0.90835488|0.00466819|0.00293505|0.00251455|0.00144551,1,0.9083548784255981,True,422,0.9083548784255981,True,422,0.9248849749565125,True,422,0.8451526165008545,True,422,0.8530077338218689,True,c12_correct
423,424,424_1.bmp,preprocessed_results\424\424_1.bmp,423,423,423,0.4526500105857849,472,0.021730856969952583,0.43091915361583233,423|472|392|431|422,0.45265001|0.02173086|0.02165242|0.01484319|0.01460466,1,0.4526500105857849,True,423,0.4526500105857849,True,423,0.3396140933036804,True,423,0.7819032669067383,True,423,0.4309881329536438,True,c12_correct
424,425,425_5.bmp,preprocessed_results\425\425_5.bmp,424,424,424,0.9175452589988708,499,0.002737922128289938,0.9148073368705809,424|499|425|398|119,0.91754526|0.00273792|0.00246306|0.00205080|0.00126117,1,0.9175452589988708,True,424,0.9175452589988708,True,424,0.9133528470993042,True,424,0.8522358536720276,True,424,0.8695542216300964,True,c12_correct
425,426,426_4.bmp,preprocessed_results\426\426_4.bmp,425,425,425,0.870069146156311,424,0.0035156700760126114,0.8665534760802984,425|424|431|831|13,0.87006915|0.00351567|0.00316778|0.00301697|0.00230784,1,0.870069146156311,True,425,0.870069146156311,True,425,0.9030925631523132,True,425,0.8392125964164734,True,425,0.8846896886825562,True,c12_correct
426,427,427_7.bmp,preprocessed_results\427\427_7.bmp,426,426,426,0.9131096601486206,545,0.0023321895860135555,0.910777470562607,426|545|519|453|502,0.91310966|0.00233219|0.00224932|0.00215744|0.00198376,1,0.9131096601486206,True,426,0.9131096601486206,True,426,0.8991060256958008,True,426,0.8334020972251892,True,426,0.8852187991142273,True,c12_correct
427,428,428_3.bmp,preprocessed_results\428\428_3.bmp,427,427,427,0.9340245723724365,66,0.0016299154376611114,0.9323946569347754,427|66|508|417|449,0.93402457|0.00162992|0.00141365|0.00130519|0.00117482,1,0.9340245723724365,True,427,0.9340245723724365,True,427,0.8526126146316528,True,427,0.8335573673248291,True,427,0.8391363620758057,True,c12_correct
428,429,429_10.bmp,preprocessed_results\429\429_10.bmp,428,428,428,0.888046383857727,663,0.0036284744273871183,0.8844179094303399,428|663|519|499|777,0.88804638|0.00362847|0.00354413|0.00235807|0.00205482,1,0.888046383857727,True,428,0.888046383857727,True,428,0.8744204044342041,True,428,0.8407467603683472,True,428,0.805730402469635,True,c12_correct
429,430,430_3.bmp,preprocessed_results\430\430_3.bmp,429,429,429,0.940081000328064,428,0.002777297515422106,0.9373037028126419,429|428|391|546|15,0.94008100|0.00277730|0.00188648|0.00170438|0.00107196,1,0.940081000328064,True,429,0.940081000328064,True,429,0.855950653553009,True,429,0.848420262336731,True,429,0.8118656873703003,True,c12_correct
430,431,431_4.bmp,preprocessed_results\431\431_4.bmp,430,430,430,0.9648016691207886,398,0.007289889268577099,0.9575117798522115,430|398|431|187|150,0.96480167|0.00728989|0.00263139|0.00108356|0.00064873,1,0.9648016691207886,True,430,0.9648016691207886,True,430,0.8141841292381287,True,430,0.8278679847717285,True,430,0.8163642287254333,True,c12_correct
431,432,432_7.bmp,preprocessed_results\432\432_7.bmp,431,431,431,0.9248968362808228,430,0.002046066801995039,0.9228507694788277,431|430|207|128|399,0.92489684|0.00204607|0.00123163|0.00109476|0.00105949,1,0.9248968362808228,True,431,0.9248968362808228,True,431,0.8850045204162598,True,431,0.8097748160362244,True,431,0.8338109254837036,True,c12_correct
432,433,433_4.bmp,preprocessed_results\433\433_4.bmp,432,432,432,0.8656302690505981,485,0.005487944930791855,0.8601423241198063,432|485|433|184|144,0.86563027|0.00548794|0.00515984|0.00369706|0.00333525,1,0.8656302690505981,True,432,0.8656302690505981,True,432,0.7560624480247498,True,432,0.7653794288635254,True,432,0.8538130521774292,True,c12_correct
433,434,434_3.bmp,preprocessed_results\434\434_3.bmp,433,433,433,0.8963439464569092,432,0.009163770824670792,0.8871801756322384,433|432|353|546|301,0.89634395|0.00916377|0.00345363|0.00285266|0.00253474,1,0.8963439464569092,True,433,0.8963439464569092,True,433,0.8646385073661804,True,433,0.8368082046508789,True,433,0.8246939778327942,True,c12_correct
434,435,435_7.bmp,preprocessed_results\435\435_7.bmp,434,434,434,0.9669514894485474,277,0.0015107557410374284,0.9654407337075099,434|277|470|52|274,0.96695149|0.00151076|0.00123227|0.00115686|0.00069974,1,0.9669514894485474,True,434,0.9669514894485474,True,434,0.8219753503799438,True,434,0.8228733539581299,True,434,0.7497440576553345,True,c12_correct
435,436,436_4.bmp,preprocessed_results\436\436_4.bmp,435,435,435,0.9447346925735474,558,0.0031163133680820465,0.9416183792054653,435|558|434|554|463,0.94473469|0.00311631|0.00268346|0.00133771|0.00107893,1,0.9447346925735474,True,435,0.9447346925735474,True,435,0.6084012985229492,True,435,0.8273805379867554,True,435,0.8244805335998535,True,c12_correct
436,437,437_4.bmp,preprocessed_results\437\437_4.bmp,436,436,436,0.9103333353996277,532,0.004457286559045315,0.9058760488405824,436|532|450|250|440,0.91033334|0.00445729|0.00431226|0.00317013|0.00211310,1,0.9103333353996277,True,436,0.9103333353996277,True,436,0.8275806903839111,True,436,0.7984253764152527,True,436,0.8134279847145081,True,c12_correct
437,438,438_4.bmp,preprocessed_results\438\438_4.bmp,437,437,437,0.8548192381858826,611,0.0076422360725700855,0.8471770021133125,437|611|413|294|238,0.85481924|0.00764224|0.00671274|0.00468013|0.00388044,1,0.8548192381858826,True,437,0.8548192381858826,True,437,0.8375970125198364,True,437,0.8146589398384094,True,437,0.771968424320221,True,c12_correct
438,439,439_4.bmp,preprocessed_results\439\439_4.bmp,438,438,438,0.8982749581336975,145,0.006265129428356886,0.8920098287053406,438|145|185|116|533,0.89827496|0.00626513|0.00445644|0.00265825|0.00263686,1,0.8982749581336975,True,438,0.8982749581336975,True,438,0.5931490659713745,True,438,0.8085972666740417,True,438,0.7763228416442871,True,c12_correct
439,440,440_2.bmp,preprocessed_results\440\440_2.bmp,439,439,439,0.9302780032157898,247,0.0031269986648112535,0.9271510045509785,439|247|438|441|494,0.93027800|0.00312700|0.00192271|0.00117065|0.00113940,1,0.9302780032157898,True,439,0.9302780032157898,True,439,0.8011302947998047,True,439,0.8216367363929749,True,439,0.7732090950012207,True,c12_correct
440,441,441_9.bmp,preprocessed_results\441\441_9.bmp,440,440,440,0.5636165738105774,372,0.047632697969675064,0.5159838758409023,440|372|43|77|96,0.56361657|0.04763270|0.02257024|0.01920926|0.01610247,1,0.5636165738105774,True,440,0.5636165738105774,True,440,0.6834114789962769,True,440,0.7999699115753174,True,440,0.521472692489624,True,c12_correct
441,442,442_8.bmp,preprocessed_results\442\442_8.bmp,441,441,441,0.844970703125,295,0.026429811492562294,0.8185408916324377,441|295|335|38|453,0.84497070|0.02642981|0.00491185|0.00362406|0.00341629,1,0.844970703125,True,441,0.844970703125,True,441,0.8880318403244019,True,441,0.8478755950927734,True,441,0.8672533631324768,True,c12_correct
442,443,443_7.bmp,preprocessed_results\443\443_7.bmp,442,442,442,0.9187248945236206,314,0.0021272064186632633,0.9165976881049573,442|314|430|443|22,0.91872489|0.00212721|0.00204856|0.00184802|0.00163853,1,0.9187248945236206,True,442,0.9187248945236206,True,442,0.8943262696266174,True,442,0.8451249599456787,True,442,0.8594251871109009,True,c12_correct
443,444,444_3.bmp,preprocessed_results\444\444_3.bmp,443,443,443,0.898591160774231,463,0.0039224689826369286,0.894668691791594,443|463|442|498|674,0.89859116|0.00392247|0.00280256|0.00241575|0.00232142,1,0.898591160774231,True,443,0.898591160774231,True,443,0.8580949306488037,True,443,0.8210931420326233,True,443,0.8607308268547058,True,c12_correct
444,445,445_9.bmp,preprocessed_results\445\445_9.bmp,444,444,444,0.9200717806816101,509,0.00400124117732048,0.9160705395042896,444|509|446|457|440,0.92007178|0.00400124|0.00270887|0.00206265|0.00203673,1,0.9200717806816101,True,444,0.9200717806816101,True,444,0.8689219355583191,True,444,0.8448366522789001,True,444,0.8411538004875183,True,c12_correct
445,446,446_7.bmp,preprocessed_results\446\446_7.bmp,445,445,445,0.9517720937728882,486,0.002681669080629945,0.9490904246922582,445|486|74|32|444,0.95177209|0.00268167|0.00132761|0.00125135|0.00109251,1,0.9517720937728882,True,445,0.9517720937728882,True,445,0.9187013506889343,True,445,0.8314332962036133,True,445,0.8662471771240234,True,c12_correct
446,447,447_2.bmp,preprocessed_results\447\447_2.bmp,446,446,446,0.8469738960266113,434,0.008204166777431965,0.8387697292491794,446|434|245|351|279,0.84697390|0.00820417|0.00792580|0.00345806|0.00256605,1,0.8469738960266113,True,446,0.8469738960266113,True,446,0.7627747654914856,True,446,0.8126873970031738,True,446,0.594318687915802,True,c12_correct
447,448,448_2.bmp,preprocessed_results\448\448_2.bmp,447,447,447,0.9169703722000122,497,0.0027885385788977146,0.9141818336211145,447|497|332|471|383,0.91697037|0.00278854|0.00256851|0.00154920|0.00142838,1,0.9169703722000122,True,447,0.9169703722000122,True,447,0.8598167896270752,True,447,0.8205518126487732,True,447,0.8293733596801758,True,c12_correct
448,449,449_1.bmp,preprocessed_results\449\449_1.bmp,448,448,448,0.425645649433136,396,0.03488127514719963,0.39076437428593636,448|396|482|468|422,0.42564565|0.03488128|0.02202680|0.01055151|0.00865434,1,0.425645649433136,True,448,0.425645649433136,True,448,0.38993149995803833,True,448,0.77523273229599,True,448,0.4614828824996948,True,c12_correct
449,450,450_2.bmp,preprocessed_results\450\450_2.bmp,449,449,449,0.8761213421821594,416,0.005838469602167606,0.8702828725799918,449|416|215|345|165,0.87612134|0.00583847|0.00376684|0.00329744|0.00279601,1,0.8761213421821594,True,449,0.8761213421821594,True,449,0.8688580989837646,True,449,0.8256469964981079,True,449,0.836574137210846,True,c12_correct
450,451,451_8.bmp,preprocessed_results\451\451_8.bmp,450,450,450,0.6308850049972534,300,0.01005313266068697,0.6208318723365664,450|300|440|451|400,0.63088500|0.01005313|0.00947519|0.00886161|0.00841854,1,0.6308850049972534,True,450,0.6308850049972534,True,450,0.7412509322166443,True,450,0.8221929669380188,True,450,0.7111970782279968,True,c12_correct
451,452,452_3.bmp,preprocessed_results\452\452_3.bmp,451,451,451,0.8222858905792236,477,0.06190519407391548,0.7603806965053082,451|477|484|102|485,0.82228589|0.06190519|0.00742773|0.00272190|0.00268901,1,0.8222858905792236,True,451,0.8222858905792236,True,451,0.7373565435409546,True,451,0.8133565187454224,True,451,0.6878321170806885,True,c12_correct
452,453,453_2.bmp,preprocessed_results\453\453_2.bmp,452,452,452,0.9153587818145752,453,0.014651146717369556,0.9007076350972056,452|453|471|559|451,0.91535878|0.01465115|0.00234585|0.00198606|0.00134744,1,0.9153587818145752,True,452,0.9153587818145752,True,452,0.7939463257789612,True,452,0.8517740368843079,True,452,0.8110964894294739,True,c12_correct
453,454,454_5.bmp,preprocessed_results\454\454_5.bmp,453,453,453,0.7075524926185608,452,0.05234980210661888,0.6552026905119419,453|452|166|114|400,0.70755249|0.05234980|0.00544627|0.00447744|0.00436186,1,0.7075524926185608,True,453,0.7075524926185608,True,453,0.7048370242118835,True,453,0.8343883156776428,True,453,0.7946453094482422,True,c12_correct
454,455,455_3.bmp,preprocessed_results\455\455_3.bmp,454,454,454,0.880790114402771,181,0.006328224670141935,0.8744618897326291,454|181|556|455|359,0.88079011|0.00632822|0.00584626|0.00475535|0.00375805,1,0.880790114402771,True,454,0.880790114402771,True,454,0.8186838626861572,True,454,0.8077970743179321,True,454,0.7233676910400391,True,c12_correct
455,456,456_1.bmp,preprocessed_results\456\456_1.bmp,455,455,455,0.6954303979873657,555,0.02128325216472149,0.6741471458226442,455|555|454|145|516,0.69543040|0.02128325|0.01508711|0.01138349|0.00963660,1,0.6954303979873657,True,455,0.6954303979873657,True,455,0.5567833781242371,True,455,0.7748892307281494,True,455,0.4954957365989685,True,c12_correct
456,457,457_10.bmp,preprocessed_results\457\457_10.bmp,456,456,456,0.7167763710021973,487,0.008336164057254791,0.7084402069449425,456|487|510|457|485,0.71677637|0.00833616|0.00773362|0.00743709|0.00710377,1,0.7167763710021973,True,456,0.7167763710021973,True,456,0.533681333065033,True,456,0.7577482461929321,True,456,0.65876305103302,True,c12_correct
457,458,458_8.bmp,preprocessed_results\458\458_8.bmp,457,457,457,0.9298260807991028,456,0.003947660326957703,0.9258784204721451,457|456|351|503|176,0.92982608|0.00394766|0.00198078|0.00158597|0.00147142,1,0.9298260807991028,True,457,0.9298260807991028,True,457,0.7573872208595276,True,457,0.8167873024940491,True,457,0.7931007742881775,True,c12_correct
458,459,459_10.bmp,preprocessed_results\459\459_10.bmp,458,458,458,0.7148725390434265,440,0.013917801901698112,0.7009547371417284,458|440|406|453|459,0.71487254|0.01391780|0.01290163|0.00884574|0.00803281,1,0.7148725390434265,True,458,0.7148725390434265,True,458,0.7415952682495117,True,458,0.8078147768974304,True,458,0.7203735113143921,True,c12_correct
459,460,460_4.bmp,preprocessed_results\460\460_4.bmp,459,459,459,0.5804669857025146,152,0.04451965540647507,0.5359473302960396,459|152|329|449|427,0.58046699|0.04451966|0.01264315|0.01236801|0.01077206,1,0.5804669857025146,True,459,0.5804669857025146,True,459,0.6056215763092041,True,459,0.8454481959342957,True,459,0.5765892863273621,True,c12_correct
460,461,461_5.bmp,preprocessed_results\461\461_5.bmp,460,460,460,0.9336611032485962,178,0.001657584449276328,0.9320035187993199,460|178|461|519|166,0.93366110|0.00165758|0.00135582|0.00114525|0.00094720,1,0.9336611032485962,True,460,0.9336611032485962,True,460,0.8983414173126221,True,460,0.8506454825401306,True,460,0.8142290711402893,True,c12_correct
461,462,462_5.bmp,preprocessed_results\462\462_5.bmp,461,461,461,0.8939576148986816,457,0.007082605268806219,0.8868750096298754,461|457|460|519|465,0.89395761|0.00708261|0.00515676|0.00264703|0.00214070,1,0.8939576148986816,True,461,0.8939576148986816,True,461,0.8528012633323669,True,461,0.8252031207084656,True,461,0.7828893661499023,True,c12_correct
462,463,463_2.bmp,preprocessed_results\463\463_2.bmp,462,462,462,0.9231556057929993,370,0.006959819234907627,0.9161957865580916,462|370|62|774|517,0.92315561|0.00695982|0.00573855|0.00363504|0.00172804,1,0.9231556057929993,True,462,0.9231556057929993,True,462,0.8105193972587585,True,462,0.8441853523254395,True,462,0.808924674987793,True,c12_correct
463,464,464_7.bmp,preprocessed_results\464\464_7.bmp,463,463,463,0.9604634642601013,462,0.001896603498607874,0.9585668607614934,463|462|461|123|473,0.96046346|0.00189660|0.00130870|0.00112323|0.00086543,1,0.9604634642601013,True,463,0.9604634642601013,True,463,0.9118176102638245,True,463,0.8307620286941528,True,463,0.8405880331993103,True,c12_correct
464,465,465_5.bmp,preprocessed_results\465\465_5.bmp,464,464,464,0.877058744430542,457,0.005380893591791391,0.8716778508387506,464|457|484|465|344,0.87705874|0.00538089|0.00394371|0.00249532|0.00247590,1,0.877058744430542,True,464,0.877058744430542,True,464,0.8837125897407532,True,464,0.8494890332221985,True,464,0.8341916799545288,True,c12_correct
465,466,466_2.bmp,preprocessed_results\466\466_2.bmp,465,465,465,0.81884765625,451,0.00878730695694685,0.8100603492930532,465|451|417|481|467,0.81884766|0.00878731|0.00751793|0.00683813|0.00357214,1,0.81884765625,True,465,0.81884765625,True,465,0.9069345593452454,True,465,0.8406772613525391,True,465,0.8302757740020752,True,c12_correct
466,467,467_2.bmp,preprocessed_results\467\467_2.bmp,466,466,466,0.9460593461990356,80,0.00405367836356163,0.942005667835474,466|80|470|467|81,0.94605935|0.00405368|0.00225590|0.00186924|0.00140992,1,0.9460593461990356,True,466,0.9460593461990356,True,466,0.9351160526275635,True,466,0.8387351632118225,True,466,0.7081406712532043,True,c12_correct
467,468,468_6.bmp,preprocessed_results\468\468_6.bmp,467,467,467,0.9020016193389893,489,0.004316149279475212,0.897685470059514,467|489|423|466|495,0.90200162|0.00431615|0.00198842|0.00180794|0.00160537,1,0.9020016193389893,True,467,0.9020016193389893,True,467,0.9228125810623169,True,467,0.8389483094215393,True,467,0.8378611207008362,True,c12_correct
468,469,469_9.bmp,preprocessed_results\469\469_9.bmp,468,468,468,0.901143491268158,469,0.00870493147522211,0.8924385597929358,468|469|453|446|422,0.90114349|0.00870493|0.00723264|0.00288185|0.00194780,1,0.901143491268158,True,468,0.901143491268158,True,468,0.8984293341636658,True,468,0.8440496921539307,True,468,0.8083028793334961,True,c12_correct
469,470,470_2.bmp,preprocessed_results\470\470_2.bmp,469,469,469,0.9486669301986694,437,0.002282235072925687,0.9463846951257437,469|437|468|491|538,0.94866693|0.00228224|0.00223444|0.00136859|0.00107921,1,0.9486669301986694,True,469,0.9486669301986694,True,469,0.8778026700019836,True,469,0.8437231779098511,True,469,0.7384085655212402,True,c12_correct
470,471,471_5.bmp,preprocessed_results\471\471_5.bmp,470,470,470,0.873748242855072,408,0.016710657626390457,0.8570375852286816,470|408|173|200|464,0.87374824|0.01671066|0.00542840|0.00239925|0.00229591,1,0.873748242855072,True,470,0.873748242855072,True,470,0.7261019349098206,True,470,0.811663806438446,True,470,0.7900039553642273,True,c12_correct
471,472,472_7.bmp,preprocessed_results\472\472_7.bmp,471,471,471,0.9681056141853333,138,0.0017825700342655182,0.9663230441510677,471|138|329|550|46,0.96810561|0.00178257|0.00163827|0.00144130|0.00117978,1,0.9681056141853333,True,471,0.9681056141853333,True,471,0.9013407230377197,True,471,0.8126850128173828,True,471,0.8625997304916382,True,c12_correct
472,473,473_8.bmp,preprocessed_results\473\473_8.bmp,472,472,472,0.9479214549064636,435,0.002643764950335026,0.9452776899561286,472|435|397|473|409,0.94792145|0.00264376|0.00177929|0.00161161|0.00139543,1,0.9479214549064636,True,472,0.9479214549064636,True,472,0.9088041186332703,True,472,0.8292422294616699,True,472,0.9102038741111755,True,c12_correct
473,474,474_5.bmp,preprocessed_results\474\474_5.bmp,473,473,473,0.9343372583389282,472,0.005028972867876291,0.9293082854710519,473|472|347|462|409,0.93433726|0.00502897|0.00217067|0.00147980|0.00096196,1,0.9343372583389282,True,473,0.9343372583389282,True,473,0.897605299949646,True,473,0.8311772346496582,True,473,0.8162436485290527,True,c12_correct
474,475,475_10.bmp,preprocessed_results\475\475_10.bmp,474,474,474,0.9510811567306519,636,0.002084022155031562,0.9489971345756203,474|636|751|533|685,0.95108116|0.00208402|0.00142598|0.00116095|0.00081361,1,0.9510811567306519,True,474,0.9510811567306519,True,474,0.9257514476776123,True,474,0.8597701787948608,True,474,0.8653368353843689,True,c12_correct
475,476,476_5.bmp,preprocessed_results\476\476_5.bmp,475,475,475,0.9373214244842529,548,0.0027593858540058136,0.9345620386302471,475|548|540|373|532,0.93732142|0.00275939|0.00215976|0.00162586|0.00151685,1,0.9373214244842529,True,475,0.9373214244842529,True,475,0.7519541382789612,True,475,0.8244870901107788,True,475,0.8108190894126892,True,c12_correct
476,477,477_1.bmp,preprocessed_results\477\477_1.bmp,476,476,476,0.5729672312736511,477,0.1049795001745224,0.4679877310991287,476|477|484|145|379,0.57296723|0.10497950|0.01478807|0.00697377|0.00672178,1,0.5729672312736511,True,476,0.5729672312736511,True,476,0.756567120552063,True,476,0.8199299573898315,True,476,0.7269499897956848,True,c12_correct
477,478,478_7.bmp,preprocessed_results\478\478_7.bmp,477,477,477,0.9293819665908813,476,0.005521997343748808,0.9238599692471325,477|476|182|555|484,0.92938197|0.00552200|0.00236879|0.00185358|0.00180972,1,0.9293819665908813,True,477,0.9293819665908813,True,477,0.9024249911308289,True,477,0.8209660649299622,True,477,0.8592490553855896,True,c12_correct
478,479,479_5.bmp,preprocessed_results\479\479_5.bmp,478,478,478,0.8624374866485596,554,0.004653468262404203,0.8577840183861554,478|554|555|474|68,0.86243749|0.00465347|0.00441244|0.00274134|0.00247418,1,0.8624374866485596,True,478,0.8624374866485596,True,478,0.5948625206947327,True,478,0.7974658012390137,True,478,0.7989952564239502,True,c12_correct
479,480,480_4.bmp,preprocessed_results\480\480_4.bmp,479,479,479,0.9378003478050232,475,0.003131686709821224,0.934668661095202,479|475|559|535|538,0.93780035|0.00313169|0.00257927|0.00190664|0.00154292,1,0.9378003478050232,True,479,0.9378003478050232,True,479,0.8709864616394043,True,479,0.8217035531997681,True,479,0.8502179384231567,True,c12_correct
480,481,481_6.bmp,preprocessed_results\481\481_6.bmp,480,480,480,0.8816941976547241,481,0.008776882663369179,0.8729173149913549,480|481|402|498|364,0.88169420|0.00877688|0.00403365|0.00343287|0.00298014,1,0.8816941976547241,True,480,0.8816941976547241,True,480,0.8149152994155884,True,480,0.8314621448516846,True,480,0.86237633228302,True,c12_correct
481,482,482_7.bmp,preprocessed_results\482\482_7.bmp,481,481,481,0.9097641110420227,480,0.002727689454331994,0.9070364215876907,481|480|63|546|492,0.90976411|0.00272769|0.00257342|0.00242410|0.00220418,1,0.9097641110420227,True,481,0.9097641110420227,True,481,0.8376964926719666,True,481,0.8280289173126221,True,481,0.7661782503128052,True,c12_correct
482,483,483_9.bmp,preprocessed_results\483\483_9.bmp,482,482,482,0.8568382263183594,484,0.0061166067607700825,0.8507216195575893,482|484|185|483|70,0.85683823|0.00611661|0.00416563|0.00296840|0.00253026,1,0.8568382263183594,True,482,0.8568382263183594,True,482,0.7329362034797668,True,482,0.8339354991912842,True,482,0.879608690738678,True,c12_correct
483,484,484_9.bmp,preprocessed_results\484\484_9.bmp,483,483,483,0.8704505562782288,134,0.0033044263254851103,0.8671461299527436,483|134|366|479|247,0.87045056|0.00330443|0.00258370|0.00243840|0.00214534,1,0.8704505562782288,True,483,0.8704505562782288,True,483,0.7253075242042542,True,483,0.8191611766815186,True,483,0.8170647621154785,True,c12_correct
484,485,485_9.bmp,preprocessed_results\485\485_9.bmp,484,484,484,0.87896728515625,485,0.007628018036484718,0.8713392671197653,484|485|372|78|358,0.87896729|0.00762802|0.00370318|0.00334323|0.00220711,1,0.87896728515625,True,484,0.87896728515625,True,484,0.8536112308502197,True,484,0.8338409066200256,True,484,0.7494290471076965,True,c12_correct
485,486,486_4.bmp,preprocessed_results\486\486_4.bmp,485,485,485,0.9018614292144775,477,0.005276820622384548,0.896584608592093,485|477|188|432|484,0.90186143|0.00527682|0.00369125|0.00363802|0.00328358,1,0.9018614292144775,True,485,0.9018614292144775,True,485,0.8448038101196289,True,485,0.8359718322753906,True,485,0.8256142139434814,True,c12_correct
486,487,487_8.bmp,preprocessed_results\487\487_8.bmp,486,486,486,0.7414870262145996,445,0.05843944102525711,0.6830475851893425,486|445|487|386|464,0.74148703|0.05843944|0.01341543|0.00684010|0.00662403,1,0.7414870262145996,True,486,0.7414870262145996,True,486,0.6228037476539612,True,486,0.8442103266716003,True,486,0.7294294238090515,True,c12_correct
487,488,488_2.bmp,preprocessed_results\488\488_2.bmp,487,487,487,0.9138342142105103,345,0.008382726460695267,0.905451487749815,487|345|526|486|314,0.91383421|0.00838273|0.00426759|0.00396846|0.00217256,1,0.9138342142105103,True,487,0.9138342142105103,True,487,0.7792618870735168,True,487,0.8012044429779053,True,487,0.7528406977653503,True,c12_correct
488,489,489_8.bmp,preprocessed_results\489\489_8.bmp,488,488,488,0.9119663834571838,489,0.006341827567666769,0.9056245558895171,488|489|459|81|361,0.91196638|0.00634183|0.00435078|0.00159169|0.00127519,1,0.9119663834571838,True,488,0.9119663834571838,True,488,0.8568167686462402,True,488,0.7900928258895874,True,488,0.8381079435348511,True,c12_correct
489,490,490_2.bmp,preprocessed_results\490\490_2.bmp,489,489,489,0.9364449381828308,533,0.005539557430893183,0.9309053807519376,489|533|467|488|466,0.93644494|0.00553956|0.00494919|0.00381475|0.00155359,1,0.9364449381828308,True,489,0.9364449381828308,True,489,0.8219152688980103,True,489,0.8572245240211487,True,489,0.7876899242401123,True,c12_correct
490,491,491_2.bmp,preprocessed_results\491\491_2.bmp,490,490,490,0.9052605628967285,466,0.004080010112375021,0.9011805527843535,490|466|479|491|235,0.90526056|0.00408001|0.00299670|0.00289261|0.00243187,1,0.9052605628967285,True,490,0.9052605628967285,True,490,0.7424941658973694,True,490,0.8397802710533142,True,490,0.686689019203186,True,c12_correct
491,492,492_9.bmp,preprocessed_results\492\492_9.bmp,491,491,491,0.86153644323349,514,0.0060085998848080635,0.8555278433486819,491|514|375|479|463,0.86153644|0.00600860|0.00460145|0.00421561|0.00397257,1,0.86153644323349,True,491,0.86153644323349,True,491,0.8104493618011475,True,491,0.8335945010185242,True,491,0.8204584121704102,True,c12_correct
492,493,493_1.bmp,preprocessed_results\493\493_1.bmp,492,492,492,0.37611594796180725,448,0.023058414459228516,0.35305753350257874,492|448|381|493|369,0.37611595|0.02305841|0.02010210|0.01899429|0.01729400,1,0.37611594796180725,True,492,0.37611594796180725,True,492,0.19336239993572235,True,492,0.7570893168449402,True,492,0.37707045674324036,True,c12_correct
493,494,494_3.bmp,preprocessed_results\494\494_3.bmp,493,493,493,0.8716561794281006,492,0.008547368459403515,0.8631088109686971,493|492|467|377|489,0.87165618|0.00854737|0.00327656|0.00309385|0.00250341,1,0.8716561794281006,True,493,0.8716561794281006,True,493,0.8352253437042236,True,493,0.8244214057922363,True,493,0.8714358806610107,True,c12_correct
494,495,495_4.bmp,preprocessed_results\495\495_4.bmp,494,494,494,0.9437264800071716,45,0.003172429045662284,0.9405540509615093,494|45|488|35|495,0.94372648|0.00317243|0.00269128|0.00189124|0.00188989,1,0.9437264800071716,True,494,0.9437264800071716,True,494,0.927399754524231,True,494,0.8385035395622253,True,494,0.8312074542045593,True,c12_correct
495,496,496_6.bmp,preprocessed_results\496\496_6.bmp,495,495,495,0.9114220142364502,494,0.004685955122113228,0.906736059114337,495|494|74|467|485,0.91142201|0.00468596|0.00392442|0.00188358|0.00159020,1,0.9114220142364502,True,495,0.9114220142364502,True,495,0.8537381291389465,True,495,0.8546514511108398,True,495,0.8285897374153137,True,c12_correct
496,497,497_1.bmp,preprocessed_results\497\497_1.bmp,496,496,497,0.2322138398885727,496,0.1955447793006897,0.036669060587882996,497|496|83|221|476,0.23221384|0.19554478|0.02905014|0.02623959|0.02123577,2,0.1955447793006897,True,497,0.2322138398885727,False,496,0.17623190581798553,True,496,0.7798049449920654,True,496,0.2604149281978607,True,teacher_all_correct;low_margin;true_in_top5
497,498,498_9.bmp,preprocessed_results\498\498_9.bmp,497,497,497,0.721516489982605,274,0.025355050340294838,0.6961614396423101,497|274|328|329|167,0.72151649|0.02535505|0.00692552|0.00652118|0.00621154,1,0.721516489982605,True,497,0.721516489982605,True,497,0.5835350155830383,True,497,0.8248348832130432,True,497,0.7212235331535339,True,c12_correct
498,499,499_8.bmp,preprocessed_results\499\499_8.bmp,498,498,498,0.9021552801132202,462,0.015398301184177399,0.8867569789290428,498|462|398|463|431,0.90215528|0.01539830|0.00759534|0.00382449|0.00247708,1,0.9021552801132202,True,498,0.9021552801132202,True,498,0.9140306115150452,True,498,0.8492593169212341,True,498,0.805068850517273,True,c12_correct
499,500,500_10.bmp,preprocessed_results\500\500_10.bmp,499,499,499,0.9087639451026917,424,0.004052130039781332,0.9047118150629103,499|424|498|112|397,0.90876395|0.00405213|0.00326541|0.00233252|0.00137331,1,0.9087639451026917,True,499,0.9087639451026917,True,499,0.7168269753456116,True,499,0.8472002744674683,True,499,0.7729728817939758,True,c12_correct
500,501,501_3.bmp,preprocessed_results\501\501_3.bmp,500,500,500,0.9325142502784729,406,0.006383971311151981,0.9261302789673209,500|406|407|436|502,0.93251425|0.00638397|0.00374573|0.00176903|0.00140896,1,0.9325142502784729,True,500,0.9325142502784729,True,500,0.9203007817268372,True,500,0.8355689644813538,True,500,0.7945132851600647,True,c12_correct
501,502,502_7.bmp,preprocessed_results\502\502_7.bmp,501,501,501,0.8619524836540222,90,0.004334063734859228,0.857618419919163,501|90|112|54|511,0.86195248|0.00433406|0.00286352|0.00270863|0.00220391,1,0.8619524836540222,True,501,0.8619524836540222,True,501,0.7506052255630493,True,501,0.8522939682006836,True,501,0.81671142578125,True,c12_correct
502,503,503_4.bmp,preprocessed_results\503\503_4.bmp,502,502,502,0.8132455945014954,500,0.010776333510875702,0.8024692609906197,502|500|480|426|430,0.81324559|0.01077633|0.00745963|0.00616578|0.00516251,1,0.8132455945014954,True,502,0.8132455945014954,True,502,0.6088289618492126,True,502,0.8347219228744507,True,502,0.8314885497093201,True,c12_correct
503,504,504_4.bmp,preprocessed_results\504\504_4.bmp,503,503,482,0.22999677062034607,148,0.04467947408556938,0.1853172965347767,482|148|484|468|453,0.22999677|0.04467947|0.04088539|0.02448105|0.02400268,66,0.0022312693763524294,False,482,0.22999677062034607,False,534,0.012089760974049568,False,503,0.028190873563289642,True,503,0.0738213062286377,True,teacher_all_correct
504,505,505_10.bmp,preprocessed_results\505\505_10.bmp,504,504,504,0.8525166511535645,505,0.02642461098730564,0.8260920401662588,504|505|555|489|145,0.85251665|0.02642461|0.01129346|0.00477973|0.00231798,1,0.8525166511535645,True,504,0.8525166511535645,True,504,0.9343798160552979,True,504,0.8265007138252258,True,504,0.8717280626296997,True,c12_correct
505,506,506_10.bmp,preprocessed_results\506\506_10.bmp,505,505,505,0.9510387778282166,504,0.003971239551901817,0.9470675382763147,505|504|441|183|450,0.95103878|0.00397124|0.00170322|0.00093452|0.00084248,1,0.9510387778282166,True,505,0.9510387778282166,True,505,0.8419013023376465,True,505,0.824862003326416,True,505,0.7990568280220032,True,c12_correct
506,507,507_1.bmp,preprocessed_results\507\507_1.bmp,506,506,506,0.3703541159629822,407,0.06261555850505829,0.3077385574579239,506|407|459|784|829,0.37035412|0.06261556|0.02513794|0.01239773|0.01102374,1,0.3703541159629822,True,506,0.3703541159629822,True,506,0.7096995115280151,True,506,0.8113783597946167,True,506,0.6614295244216919,True,c12_correct
507,508,508_6.bmp,preprocessed_results\508\508_6.bmp,507,507,507,0.7476215362548828,388,0.011865510605275631,0.7357560256496072,507|388|23|153|474,0.74762154|0.01186551|0.00821203|0.00479931|0.00464595,1,0.7476215362548828,True,507,0.7476215362548828,True,507,0.7128391861915588,True,507,0.8052840828895569,True,507,0.6986538767814636,True,c12_correct
508,509,509_8.bmp,preprocessed_results\509\509_8.bmp,508,508,508,0.9316390156745911,509,0.005286652594804764,0.9263523630797863,508|509|472|342|500,0.93163902|0.00528665|0.00118052|0.00115763|0.00113584,1,0.9316390156745911,True,508,0.9316390156745911,True,508,0.827589750289917,True,508,0.842714250087738,True,508,0.822607696056366,True,c12_correct
509,510,510_5.bmp,preprocessed_results\510\510_5.bmp,509,509,509,0.7726452350616455,398,0.005578258074820042,0.7670669769868255,509|398|346|436|622,0.77264524|0.00557826|0.00369949|0.00313030|0.00251393,1,0.7726452350616455,True,509,0.7726452350616455,True,509,0.7132691740989685,True,509,0.8207140564918518,True,509,0.7344158291816711,True,c12_correct
510,511,511_6.bmp,preprocessed_results\511\511_6.bmp,510,510,510,0.9071597456932068,511,0.00749056925997138,0.8996691764332354,510|511|481|473|351,0.90715975|0.00749057|0.00261677|0.00223390|0.00210275,1,0.9071597456932068,True,510,0.9071597456932068,True,510,0.8302801847457886,True,510,0.8476369976997375,True,510,0.7547556161880493,True,c12_correct
511,512,512_8.bmp,preprocessed_results\512\512_8.bmp,511,511,511,0.8826420307159424,203,0.005258692428469658,0.8773833382874727,511|203|510|78|416,0.88264203|0.00525869|0.00417449|0.00396088|0.00294213,1,0.8826420307159424,True,511,0.8826420307159424,True,511,0.8195828795433044,True,511,0.8413814306259155,True,511,0.8525072336196899,True,c12_correct
512,513,513_10.bmp,preprocessed_results\513\513_10.bmp,512,512,512,0.9440798163414001,561,0.0027802730910480022,0.9412995432503521,512|561|631|180|356,0.94407982|0.00278027|0.00133858|0.00119317|0.00098706,1,0.9440798163414001,True,512,0.9440798163414001,True,512,0.8089703321456909,True,512,0.8129591941833496,True,512,0.7567296028137207,True,c12_correct
513,514,514_5.bmp,preprocessed_results\514\514_5.bmp,513,513,513,0.9371556639671326,563,0.006943290121853352,0.9302123738452792,513|563|372|412|561,0.93715566|0.00694329|0.00271520|0.00130344|0.00127182,1,0.9371556639671326,True,513,0.9371556639671326,True,513,0.9172853231430054,True,513,0.8600581288337708,True,513,0.8800508975982666,True,c12_correct
514,515,515_9.bmp,preprocessed_results\515\515_9.bmp,514,514,514,0.8651601076126099,413,0.006312401965260506,0.8588477056473494,514|413|558|476|486,0.86516011|0.00631240|0.00354461|0.00330867|0.00324442,1,0.8651601076126099,True,514,0.8651601076126099,True,514,0.8656211495399475,True,514,0.8095507025718689,True,514,0.7963224649429321,True,c12_correct
515,516,516_8.bmp,preprocessed_results\516\516_8.bmp,515,515,515,0.6770016551017761,352,0.015443759970366955,0.6615578951314092,515|352|364|344|394,0.67700166|0.01544376|0.01193696|0.00882857|0.00726363,1,0.6770016551017761,True,515,0.6770016551017761,True,515,0.6109889149665833,True,515,0.8082057237625122,True,515,0.6910360455513,True,c12_correct
516,517,517_5.bmp,preprocessed_results\517\517_5.bmp,516,516,516,0.9422729015350342,351,0.0027408080641180277,0.9395320934709162,516|351|517|461|412,0.94227290|0.00274081|0.00212899|0.00156110|0.00139044,1,0.9422729015350342,True,516,0.9422729015350342,True,516,0.8810247182846069,True,516,0.8561574220657349,True,516,0.8636320233345032,True,c12_correct
517,518,518_3.bmp,preprocessed_results\518\518_3.bmp,517,517,517,0.9104511141777039,35,0.001956440042704344,0.9084946741349995,517|35|516|39|539,0.91045111|0.00195644|0.00193853|0.00190924|0.00181246,1,0.9104511141777039,True,517,0.9104511141777039,True,517,0.8423092365264893,True,517,0.8049063086509705,True,517,0.7985512614250183,True,c12_correct
518,519,519_9.bmp,preprocessed_results\519\519_9.bmp,518,518,518,0.9514334797859192,787,0.002075609052553773,0.9493578707333654,518|787|546|489|449,0.95143348|0.00207561|0.00201040|0.00136131|0.00108623,1,0.9514334797859192,True,518,0.9514334797859192,True,518,0.8140689730644226,True,518,0.8515801429748535,True,518,0.8244645595550537,True,c12_correct
519,520,520_6.bmp,preprocessed_results\520\520_6.bmp,519,519,519,0.9390982985496521,322,0.0031697151716798544,0.9359285833779722,519|322|317|430|461,0.93909830|0.00316972|0.00176516|0.00161555|0.00109535,1,0.9390982985496521,True,519,0.9390982985496521,True,519,0.8117327690124512,True,519,0.8426928520202637,True,519,0.7862889170646667,True,c12_correct
520,521,521_5.bmp,preprocessed_results\521\521_5.bmp,520,520,520,0.9102234244346619,521,0.016317687928676605,0.8939057365059853,520|521|420|310|437,0.91022342|0.01631769|0.00155123|0.00152580|0.00115185,1,0.9102234244346619,True,520,0.9102234244346619,True,520,0.8655318021774292,True,520,0.8458176255226135,True,520,0.8818084001541138,True,c12_correct
521,522,522_8.bmp,preprocessed_results\522\522_8.bmp,521,521,521,0.9397728443145752,520,0.006961561739444733,0.9328112825751305,521|520|436|222|310,0.93977284|0.00696156|0.00533157|0.00147626|0.00089068,1,0.9397728443145752,True,521,0.9397728443145752,True,521,0.8288049101829529,True,521,0.814247190952301,True,521,0.8515796661376953,True,c12_correct
522,523,523_9.bmp,preprocessed_results\523\523_9.bmp,522,522,522,0.9730730652809143,325,0.0012850615894421935,0.9717880036914721,522|325|407|523|138,0.97307307|0.00128506|0.00117689|0.00077912|0.00074803,1,0.9730730652809143,True,522,0.9730730652809143,True,522,0.8966403007507324,True,522,0.8360264897346497,True,522,0.8502647876739502,True,c12_correct
523,524,524_5.bmp,preprocessed_results\524\524_5.bmp,523,523,523,0.9537795186042786,522,0.0025748717598617077,0.9512046468444169,523|522|138|453|11,0.95377952|0.00257487|0.00174808|0.00090341|0.00079861,1,0.9537795186042786,True,523,0.9537795186042786,True,523,0.8649977445602417,True,523,0.8427602648735046,True,523,0.8132157921791077,True,c12_correct
524,525,525_6.bmp,preprocessed_results\525\525_6.bmp,524,524,524,0.9301084280014038,563,0.004046999383717775,0.926061428617686,524|563|240|525|513,0.93010843|0.00404700|0.00193111|0.00159589|0.00113880,1,0.9301084280014038,True,524,0.9301084280014038,True,524,0.8779066801071167,True,524,0.8492957353591919,True,524,0.8300513625144958,True,c12_correct
525,526,526_7.bmp,preprocessed_results\526\526_7.bmp,525,525,525,0.909696102142334,524,0.007988288067281246,0.9017078140750527,525|524|324|563|67,0.90969610|0.00798829|0.00291487|0.00280958|0.00169270,1,0.909696102142334,True,525,0.909696102142334,True,525,0.8663102984428406,True,525,0.8488562703132629,True,525,0.8479049205780029,True,c12_correct
526,527,527_3.bmp,preprocessed_results\527\527_3.bmp,526,526,526,0.9118621349334717,413,0.0047398521564900875,0.9071222827769816,526|413|527|530|379,0.91186213|0.00473985|0.00216586|0.00196972|0.00192435,1,0.9118621349334717,True,526,0.9118621349334717,True,526,0.78758704662323,True,526,0.8476907014846802,True,526,0.8150076270103455,True,c12_correct
527,528,528_8.bmp,preprocessed_results\528\528_8.bmp,527,527,527,0.9025856852531433,526,0.0047245267778635025,0.8978611584752798,527|526|493|492|448,0.90258569|0.00472453|0.00223291|0.00216204|0.00196186,1,0.9025856852531433,True,527,0.9025856852531433,True,527,0.8568797707557678,True,527,0.8370013236999512,True,527,0.8195081353187561,True,c12_correct
528,529,529_10.bmp,preprocessed_results\529\529_10.bmp,528,528,528,0.7011891603469849,510,0.011686045676469803,0.6895031146705151,528|510|322|481|239,0.70118916|0.01168605|0.01063243|0.01002083|0.00549124,1,0.7011891603469849,True,528,0.7011891603469849,True,528,0.7740767002105713,True,528,0.8174744248390198,True,528,0.6879824995994568,True,c12_correct
529,530,530_5.bmp,preprocessed_results\530\530_5.bmp,529,529,529,0.9144166707992554,7,0.003303576959297061,0.9111130938399583,529|7|528|119|369,0.91441667|0.00330358|0.00319785|0.00264962|0.00191852,1,0.9144166707992554,True,529,0.9144166707992554,True,529,0.8812710046768188,True,529,0.839743435382843,True,529,0.8540804982185364,True,c12_correct
530,531,531_7.bmp,preprocessed_results\531\531_7.bmp,530,530,530,0.9214731454849243,211,0.0030481722205877304,0.9184249732643366,530|211|526|532|531,0.92147315|0.00304817|0.00159390|0.00154726|0.00149575,1,0.9214731454849243,True,530,0.9214731454849243,True,530,0.7831916213035583,True,530,0.8326126337051392,True,530,0.8483911752700806,True,c12_correct
531,532,532_8.bmp,preprocessed_results\532\532_8.bmp,531,531,531,0.8806278109550476,530,0.028094636276364326,0.8525331746786833,531|530|282|273|274,0.88062781|0.02809464|0.00305974|0.00283814|0.00229112,1,0.8806278109550476,True,531,0.8806278109550476,True,531,0.6934899091720581,True,531,0.84482741355896,True,531,0.7451040148735046,True,c12_correct
532,533,533_3.bmp,preprocessed_results\533\533_3.bmp,532,532,532,0.9260028600692749,530,0.004653990268707275,0.9213488698005676,532|530|436|346|479,0.92600286|0.00465399|0.00393477|0.00297069|0.00183734,1,0.9260028600692749,True,532,0.9260028600692749,True,532,0.9072022438049316,True,532,0.7976082563400269,True,532,0.8073616027832031,True,c12_correct
533,534,534_9.bmp,preprocessed_results\534\534_9.bmp,533,533,533,0.9391392469406128,547,0.0035370499826967716,0.935602196957916,533|547|141|539|474,0.93913925|0.00353705|0.00269102|0.00151600|0.00145770,1,0.9391392469406128,True,533,0.9391392469406128,True,533,0.9275917410850525,True,533,0.8342698812484741,True,533,0.8599106669425964,True,c12_correct
534,535,535_2.bmp,preprocessed_results\535\535_2.bmp,534,534,534,0.5823314189910889,238,0.016113704070448875,0.56621771492064,534|238|6|332|139,0.58233142|0.01611370|0.01352528|0.01341560|0.01022238,1,0.5823314189910889,True,534,0.5823314189910889,True,534,0.3317716717720032,True,534,0.7262925505638123,True,534,0.29744553565979004,True,c12_correct
535,536,536_8.bmp,preprocessed_results\536\536_8.bmp,535,535,535,0.8850189447402954,332,0.0036786815617233515,0.8813402631785721,535|332|422|555|448,0.88501894|0.00367868|0.00359751|0.00324093|0.00212995,1,0.8850189447402954,True,535,0.8850189447402954,True,535,0.8084248304367065,True,535,0.8425214886665344,True,535,0.7911618947982788,True,c12_correct
536,537,537_9.bmp,preprocessed_results\537\537_9.bmp,536,536,536,0.9490649700164795,540,0.002584771951660514,0.946480198064819,536|540|537|356|550,0.94906497|0.00258477|0.00210658|0.00117660|0.00094536,1,0.9490649700164795,True,536,0.9490649700164795,True,536,0.7912564277648926,True,536,0.8333178758621216,True,536,0.8338385820388794,True,c12_correct
537,538,538_9.bmp,preprocessed_results\538\538_9.bmp,537,537,537,0.9520133137702942,615,0.002181856194511056,0.9498314575757831,537|615|355|536|432,0.95201331|0.00218186|0.00197032|0.00191313|0.00109997,1,0.9520133137702942,True,537,0.9520133137702942,True,537,0.8843194246292114,True,537,0.8462104201316833,True,537,0.8593040704727173,True,c12_correct
538,539,539_3.bmp,preprocessed_results\539\539_3.bmp,538,538,538,0.8569632768630981,479,0.008369795978069305,0.8485934808850288,538|479|455|469|475,0.85696328|0.00836980|0.00550906|0.00432520|0.00362506,1,0.8569632768630981,True,538,0.8569632768630981,True,538,0.5942493677139282,True,538,0.8424755930900574,True,538,0.6969955563545227,True,c12_correct
539,540,540_2.bmp,preprocessed_results\540\540_2.bmp,539,539,539,0.9321880340576172,533,0.00367133691906929,0.9285166971385479,539|533|665|273|144,0.93218803|0.00367134|0.00284493|0.00169650|0.00152973,1,0.9321880340576172,True,539,0.9321880340576172,True,539,0.7741122245788574,True,539,0.8419188857078552,True,539,0.8500657081604004,True,c12_correct
540,541,541_10.bmp,preprocessed_results\541\541_10.bmp,540,540,540,0.9329095482826233,541,0.008957532234489918,0.9239520160481334,540|541|550|475|532,0.93290955|0.00895753|0.00370206|0.00358115|0.00283630,1,0.9329095482826233,True,540,0.9329095482826233,True,540,0.9362656474113464,True,540,0.8091968297958374,True,540,0.8896350264549255,True,c12_correct
541,542,542_5.bmp,preprocessed_results\542\542_5.bmp,541,541,541,0.9105606079101562,559,0.005675199441611767,0.9048854084685445,541|559|540|27|531,0.91056061|0.00567520|0.00443400|0.00319774|0.00263331,1,0.9105606079101562,True,541,0.9105606079101562,True,541,0.8399538397789001,True,541,0.8411489129066467,True,541,0.8643888235092163,True,c12_correct
542,543,543_6.bmp,preprocessed_results\543\543_6.bmp,542,542,542,0.9338782429695129,543,0.0034353150986135006,0.9304429278708994,542|543|550|405|500,0.93387824|0.00343532|0.00234745|0.00171657|0.00120813,1,0.9338782429695129,True,542,0.9338782429695129,True,542,0.8808819651603699,True,542,0.8367440700531006,True,542,0.8033409118652344,True,c12_correct
543,544,544_4.bmp,preprocessed_results\544\544_4.bmp,543,543,543,0.7685590386390686,542,0.03634808212518692,0.7322109565138817,543|542|512|356|544,0.76855904|0.03634808|0.01575075|0.00734816|0.00505802,1,0.7685590386390686,True,543,0.7685590386390686,True,543,0.16607996821403503,True,543,0.42461761832237244,True,543,0.5148686766624451,True,c12_correct
544,545,545_6.bmp,preprocessed_results\545\545_6.bmp,544,544,544,0.9153181314468384,12,0.0069634090177714825,0.9083547224290669,544|12|413|455|562,0.91531813|0.00696341|0.00192457|0.00145040|0.00112950,1,0.9153181314468384,True,544,0.9153181314468384,True,544,0.8962070345878601,True,544,0.8263787627220154,True,544,0.8093364238739014,True,c12_correct
545,546,546_4.bmp,preprocessed_results\546\546_4.bmp,545,545,545,0.9310125112533569,96,0.0045667910017073154,0.9264457202516496,545|96|344|322|380,0.93101251|0.00456679|0.00211194|0.00185238|0.00179726,1,0.9310125112533569,True,545,0.9310125112533569,True,545,0.8967752456665039,True,545,0.8560627102851868,True,545,0.84101802110672,True,c12_correct
546,547,547_3.bmp,preprocessed_results\547\547_3.bmp,546,546,546,0.8485975861549377,547,0.0064584617502987385,0.842139124404639,546|547|353|377|407,0.84859759|0.00645846|0.00528275|0.00405110|0.00251101,1,0.8485975861549377,True,546,0.8485975861549377,True,546,0.7849562764167786,True,546,0.8555740118026733,True,546,0.6904088258743286,True,c12_correct
547,548,548_9.bmp,preprocessed_results\548\548_9.bmp,547,547,547,0.9313810467720032,546,0.015605059452354908,0.9157759873196483,547|546|446|80|409,0.93138105|0.01560506|0.00155796|0.00147048|0.00144549,1,0.9313810467720032,True,547,0.9313810467720032,True,547,0.6334936022758484,True,547,0.8497468829154968,True,547,0.7485069036483765,True,c12_correct
548,549,549_10.bmp,preprocessed_results\549\549_10.bmp,548,548,548,0.9384781718254089,801,0.004424617625772953,0.934053554199636,548|801|437|449|246,0.93847817|0.00442462|0.00188679|0.00181963|0.00179030,1,0.9384781718254089,True,548,0.9384781718254089,True,548,0.874372124671936,True,548,0.8416139483451843,True,548,0.8429470062255859,True,c12_correct
549,550,550_1.bmp,preprocessed_results\550\550_1.bmp,549,549,549,0.7693341970443726,548,0.022191958501935005,0.7471422385424376,549|548|178|555|562,0.76933420|0.02219196|0.01237913|0.00734757|0.00648960,1,0.7693341970443726,True,549,0.7693341970443726,True,549,0.5067136287689209,True,549,0.7926397323608398,True,549,0.6053488850593567,True,c12_correct
550,551,551_3.bmp,preprocessed_results\551\551_3.bmp,550,550,550,0.9466673731803894,551,0.009894021786749363,0.93677335139364,550|551|540|471|536,0.94666737|0.00989402|0.00436922|0.00210326|0.00186516,1,0.9466673731803894,True,550,0.9466673731803894,True,550,0.7952713370323181,True,550,0.8383545875549316,True,550,0.7009209990501404,True,c12_correct
551,552,552_9.bmp,preprocessed_results\552\552_9.bmp,551,551,551,0.9060521721839905,550,0.004374692682176828,0.9016774795018137,551|550|554|540|144,0.90605217|0.00437469|0.00172937|0.00165785|0.00161302,1,0.9060521721839905,True,551,0.9060521721839905,True,551,0.8618177175521851,True,551,0.8283205628395081,True,551,0.8357982635498047,True,c12_correct
552,553,553_3.bmp,preprocessed_results\553\553_3.bmp,552,552,552,0.846816897392273,532,0.008939086459577084,0.8378778109326959,552|532|117|553|559,0.84681690|0.00893909|0.00690640|0.00568007|0.00361140,1,0.846816897392273,True,552,0.846816897392273,True,552,0.8545439839363098,True,552,0.8149360418319702,True,552,0.7994791269302368,True,c12_correct
553,554,554_2.bmp,preprocessed_results\554\554_2.bmp,553,553,553,0.7338096499443054,552,0.022220510989427567,0.7115891389548779,553|552|164|584|221,0.73380965|0.02222051|0.01322845|0.00987309|0.00587956,1,0.7338096499443054,True,553,0.7338096499443054,True,553,0.8480286002159119,True,553,0.8277097344398499,True,553,0.7632375359535217,True,c12_correct
554,555,555_8.bmp,preprocessed_results\555\555_8.bmp,554,554,554,0.8971896171569824,555,0.0072857984341681,0.8899038187228143,554|555|347|600|551,0.89718962|0.00728580|0.00514788|0.00300717|0.00288112,1,0.8971896171569824,True,554,0.8971896171569824,True,554,0.8374891877174377,True,554,0.8094587326049805,True,554,0.798941969871521,True,c12_correct
555,556,556_3.bmp,preprocessed_results\556\556_3.bmp,555,555,555,0.9718937277793884,554,0.003859760705381632,0.9680339670740068,555|554|504|800|30,0.97189373|0.00385976|0.00204688|0.00066189|0.00065432,1,0.9718937277793884,True,555,0.9718937277793884,True,555,0.9200707674026489,True,555,0.842933177947998,True,555,0.8176687359809875,True,c12_correct
556,557,557_8.bmp,preprocessed_results\557\557_8.bmp,556,556,556,0.9389218688011169,454,0.003185767913237214,0.9357361008878797,556|454|557|359|258,0.93892187|0.00318577|0.00243768|0.00115915|0.00112854,1,0.9389218688011169,True,556,0.9389218688011169,True,556,0.8734621405601501,True,556,0.8128315806388855,True,556,0.8671649098396301,True,c12_correct
557,558,558_8.bmp,preprocessed_results\558\558_8.bmp,557,557,557,0.9307240843772888,556,0.003962954971939325,0.9267611294053495,557|556|356|559|512,0.93072408|0.00396295|0.00163539|0.00156497|0.00132015,1,0.9307240843772888,True,557,0.9307240843772888,True,557,0.8359882831573486,True,557,0.8468859195709229,True,557,0.8355513215065002,True,c12_correct
558,559,559_7.bmp,preprocessed_results\559\559_7.bmp,558,558,558,0.9639743566513062,530,0.0021643696818500757,0.9618099869694561,558|530|514|435|534,0.96397436|0.00216437|0.00200110|0.00096939|0.00096846,1,0.9639743566513062,True,558,0.9639743566513062,True,558,0.8294911980628967,True,558,0.8262139558792114,True,558,0.8168430924415588,True,c12_correct
559,560,560_3.bmp,preprocessed_results\560\560_3.bmp,559,559,559,0.891798198223114,479,0.012913811951875687,0.8788843862712383,559|479|557|475|541,0.89179820|0.01291381|0.00719592|0.00537831|0.00397152,1,0.891798198223114,True,559,0.891798198223114,True,559,0.8080613613128662,True,559,0.8404749035835266,True,559,0.7618443369865417,True,c12_correct
560,561,561_3.bmp,preprocessed_results\561\561_3.bmp,560,560,560,0.9553443193435669,577,0.0014035989297553897,0.9539407204138115,560|577|677|138|559,0.95534432|0.00140360|0.00135603|0.00132539|0.00125801,1,0.9553443193435669,True,560,0.9553443193435669,True,560,0.844511866569519,True,560,0.8274595737457275,True,560,0.8677397966384888,True,c12_correct
561,562,562_7.bmp,preprocessed_results\562\562_7.bmp,561,561,561,0.9487436413764954,590,0.0017653091344982386,0.9469783322419971,561|590|247|560|648,0.94874364|0.00176531|0.00159225|0.00147750|0.00141994,1,0.9487436413764954,True,561,0.9487436413764954,True,561,0.8221206665039062,True,561,0.8221179842948914,True,561,0.8431116938591003,True,c12_correct
562,563,563_7.bmp,preprocessed_results\563\563_7.bmp,562,562,562,0.9370622038841248,563,0.003966115415096283,0.9330960884690285,562|563|549|485|561,0.93706220|0.00396612|0.00181893|0.00166033|0.00127888,1,0.9370622038841248,True,562,0.9370622038841248,True,562,0.8896483182907104,True,562,0.8021352887153625,True,562,0.8164016604423523,True,c12_correct
563,564,564_3.bmp,preprocessed_results\564\564_3.bmp,563,563,563,0.8973237872123718,562,0.005125127732753754,0.8921986594796181,563|562|513|524|485,0.89732379|0.00512513|0.00490726|0.00200267|0.00186854,1,0.8973237872123718,True,563,0.8973237872123718,True,563,0.8333712816238403,True,563,0.8184922337532043,True,563,0.8542077541351318,True,c12_correct
564,565,565_9.bmp,preprocessed_results\565\565_9.bmp,564,564,564,0.9132589101791382,565,0.006265354808419943,0.9069935553707182,564|565|286|677|591,0.91325891|0.00626535|0.00390765|0.00196439|0.00150799,1,0.9132589101791382,True,564,0.9132589101791382,True,564,0.7058294415473938,True,564,0.8118752837181091,True,564,0.8225021362304688,True,c12_correct
565,566,566_7.bmp,preprocessed_results\566\566_7.bmp,565,565,565,0.923865795135498,564,0.001944048679433763,0.9219217464560643,565|564|116|304|135,0.92386580|0.00194405|0.00176983|0.00137923|0.00112546,1,0.923865795135498,True,565,0.923865795135498,True,565,0.82013338804245,True,565,0.8045112490653992,True,565,0.7207930684089661,True,c12_correct
566,567,567_7.bmp,preprocessed_results\567\567_7.bmp,566,566,566,0.8639944195747375,175,0.02220550924539566,0.8417889103293419,566|175|574|774|249,0.86399442|0.02220551|0.00426959|0.00399740|0.00336172,1,0.8639944195747375,True,566,0.8639944195747375,True,566,0.7641646265983582,True,566,0.810370147228241,True,566,0.7816810011863708,True,c12_correct
567,568,568_8.bmp,preprocessed_results\568\568_8.bmp,567,567,567,0.844252347946167,566,0.01575387269258499,0.828498475253582,567|566|662|141|434,0.84425235|0.01575387|0.01120127|0.00555958|0.00534709,1,0.844252347946167,True,567,0.844252347946167,True,567,0.891059160232544,True,567,0.8459230065345764,True,567,0.8694577813148499,True,c12_correct
568,569,569_5.bmp,preprocessed_results\569\569_5.bmp,568,568,568,0.7097297310829163,186,0.024468891322612762,0.6852608397603035,568|186|772|646|624,0.70972973|0.02446889|0.01188736|0.00832139|0.00700628,1,0.7097297310829163,True,568,0.7097297310829163,True,568,0.3284417688846588,True,568,0.8109583258628845,True,568,0.6579229235649109,True,c12_correct
569,570,570_9.bmp,preprocessed_results\570\570_9.bmp,569,569,569,0.914396345615387,763,0.003426907118409872,0.9109694384969771,569|763|762|678|641,0.91439635|0.00342691|0.00290955|0.00170378|0.00132557,1,0.914396345615387,True,569,0.914396345615387,True,569,0.8762131333351135,True,569,0.8326850533485413,True,569,0.8026889562606812,True,c12_correct
570,571,571_5.bmp,preprocessed_results\571\571_5.bmp,570,570,570,0.8314163684844971,682,0.014784582890570164,0.8166317855939269,570|682|822|571|824,0.83141637|0.01478458|0.01306983|0.00895498|0.00428735,1,0.8314163684844971,True,570,0.8314163684844971,True,570,0.8145580291748047,True,570,0.8402755856513977,True,570,0.829820990562439,True,c12_correct
571,572,572_10.bmp,preprocessed_results\572\572_10.bmp,571,571,571,0.8279864192008972,570,0.006347949616611004,0.8216384695842862,571|570|682|651|683,0.82798642|0.00634795|0.00544678|0.00468320|0.00371485,1,0.8279864192008972,True,571,0.8279864192008972,True,571,0.7043437361717224,True,571,0.8432472944259644,True,571,0.6774974465370178,True,c12_correct
572,573,573_7.bmp,preprocessed_results\573\573_7.bmp,572,572,572,0.9348622560501099,780,0.00324420933611691,0.931618046713993,572|780|700|734|596,0.93486226|0.00324421|0.00270487|0.00183432|0.00152455,1,0.9348622560501099,True,572,0.9348622560501099,True,572,0.9032832384109497,True,572,0.8480008840560913,True,572,0.8271405696868896,True,c12_correct
573,574,574_4.bmp,preprocessed_results\574\574_4.bmp,573,573,573,0.9200817346572876,761,0.002207433572039008,0.9178743010852486,573|761|656|569|784,0.92008173|0.00220743|0.00216340|0.00172784|0.00139689,1,0.9200817346572876,True,573,0.9200817346572876,True,573,0.8737680912017822,True,573,0.8598915338516235,True,573,0.8191491961479187,True,c12_correct
574,575,575_7.bmp,preprocessed_results\575\575_7.bmp,574,574,574,0.5684214234352112,600,0.01940447837114334,0.5490169450640678,574|600|705|740|704,0.56842142|0.01940448|0.01337169|0.00813459|0.00767880,1,0.5684214234352112,True,574,0.5684214234352112,True,574,0.6000933647155762,True,574,0.8483745455741882,True,574,0.6838150024414062,True,c12_correct
575,576,576_5.bmp,preprocessed_results\576\576_5.bmp,575,575,575,0.5634992718696594,165,0.05515003576874733,0.5083492361009121,575|165|326|712|704,0.56349927|0.05515004|0.02108054|0.01793740|0.00737484,1,0.5634992718696594,True,575,0.5634992718696594,True,575,0.4106456935405731,True,575,0.7709347009658813,True,575,0.3296733498573303,True,c12_correct
576,577,577_4.bmp,preprocessed_results\577\577_4.bmp,576,576,576,0.7823089361190796,577,0.06752441823482513,0.7147845178842545,576|577|273|272|664,0.78230894|0.06752442|0.02283155|0.00616763|0.00567318,1,0.7823089361190796,True,576,0.7823089361190796,True,576,0.7005963325500488,True,576,0.8066973090171814,True,576,0.652164876461029,True,c12_correct
577,578,578_9.bmp,preprocessed_results\578\578_9.bmp,577,577,577,0.7584736943244934,576,0.06021154299378395,0.6982621513307095,577|576|649|635|743,0.75847369|0.06021154|0.02337177|0.01873388|0.00836609,1,0.7584736943244934,True,577,0.7584736943244934,True,577,0.486961305141449,True,577,0.8196503520011902,True,577,0.7975424528121948,True,c12_correct
578,579,579_10.bmp,preprocessed_results\579\579_10.bmp,578,578,578,0.9571510553359985,272,0.001216674456372857,0.9559343808796257,578|272|579|275|274,0.95715106|0.00121667|0.00112840|0.00103665|0.00095591,1,0.9571510553359985,True,578,0.9571510553359985,True,578,0.8128853440284729,True,578,0.8431575894355774,True,578,0.8384861350059509,True,c12_correct
579,580,580_4.bmp,preprocessed_results\580\580_4.bmp,579,579,579,0.7305822372436523,143,0.02532942406833172,0.7052528131753206,579|143|793|225|564,0.73058224|0.02532942|0.01270002|0.00877597|0.00817156,1,0.7305822372436523,True,579,0.7305822372436523,True,579,0.6658768057823181,True,579,0.7939478754997253,True,579,0.7486945986747742,True,c12_correct
580,581,581_2.bmp,preprocessed_results\581\581_2.bmp,580,580,580,0.9470374584197998,730,0.002318284474313259,0.9447191739454865,580|730|581|704|335,0.94703746|0.00231828|0.00134089|0.00124873|0.00101218,1,0.9470374584197998,True,580,0.9470374584197998,True,580,0.9284958243370056,True,580,0.8277145624160767,True,580,0.8693168759346008,True,c12_correct
581,582,582_6.bmp,preprocessed_results\582\582_6.bmp,581,581,581,0.9124393463134766,580,0.004502775613218546,0.907936570700258,581|580|670|829|777,0.91243935|0.00450278|0.00336165|0.00324454|0.00262477,1,0.9124393463134766,True,581,0.9124393463134766,True,581,0.8728988766670227,True,581,0.8266555070877075,True,581,0.8007642030715942,True,c12_correct
582,583,583_8.bmp,preprocessed_results\583\583_8.bmp,582,582,582,0.857846200466156,615,0.00931506883352995,0.8485311316326261,582|615|640|583|143,0.85784620|0.00931507|0.00922002|0.00607327|0.00597289,1,0.857846200466156,True,582,0.857846200466156,True,582,0.7595785856246948,True,582,0.8471682071685791,True,582,0.6714209318161011,True,c12_correct
583,584,584_4.bmp,preprocessed_results\584\584_4.bmp,583,583,583,0.798808217048645,582,0.024173112586140633,0.7746351044625044,583|582|717|597|640,0.79880822|0.02417311|0.00615031|0.00436934|0.00412193,1,0.798808217048645,True,583,0.798808217048645,True,583,0.6009465456008911,True,583,0.8454543352127075,True,583,0.7781446576118469,True,c12_correct
584,585,585_1.bmp,preprocessed_results\585\585_1.bmp,584,584,584,0.8353543877601624,832,0.01572846993803978,0.8196259178221226,584|832|706|438|606,0.83535439|0.01572847|0.00385968|0.00369807|0.00366799,1,0.8353543877601624,True,584,0.8353543877601624,True,584,0.7324533462524414,True,584,0.8085829019546509,True,584,0.7725411653518677,True,c12_correct
585,586,586_8.bmp,preprocessed_results\586\586_8.bmp,585,585,585,0.8745965361595154,730,0.005194355268031359,0.869402180891484,585|730|679|584|595,0.87459654|0.00519436|0.00457443|0.00447967|0.00230277,1,0.8745965361595154,True,585,0.8745965361595154,True,585,0.8758999705314636,True,585,0.8405324220657349,True,585,0.853384792804718,True,c12_correct
586,587,587_8.bmp,preprocessed_results\587\587_8.bmp,586,586,586,0.8837725520133972,587,0.012196682393550873,0.8715758696198463,586|587|693|594|761,0.88377255|0.01219668|0.00513955|0.00325317|0.00265527,1,0.8837725520133972,True,586,0.8837725520133972,True,586,0.7731673717498779,True,586,0.834930419921875,True,586,0.8065755367279053,True,c12_correct
587,588,588_4.bmp,preprocessed_results\588\588_4.bmp,587,587,587,0.9456722140312195,721,0.0031182430684566498,0.9425539709627628,587|721|576|744|691,0.94567221|0.00311824|0.00237050|0.00147576|0.00116577,1,0.9456722140312195,True,587,0.9456722140312195,True,587,0.8325669169425964,True,587,0.8259183168411255,True,587,0.8950766324996948,True,c12_correct
588,589,589_5.bmp,preprocessed_results\589\589_5.bmp,588,588,588,0.8607224822044373,788,0.0033427870366722345,0.857379695167765,588|788|575|730|806,0.86072248|0.00334279|0.00198867|0.00195236|0.00178515,1,0.8607224822044373,True,588,0.8607224822044373,True,588,0.838396430015564,True,588,0.8360456824302673,True,588,0.7844556570053101,True,c12_correct
589,590,590_6.bmp,preprocessed_results\590\590_6.bmp,589,589,589,0.9496748447418213,763,0.0025911114644259214,0.9470837332773954,589|763|713|588|715,0.94967484|0.00259111|0.00209600|0.00128680|0.00124311,1,0.9496748447418213,True,589,0.9496748447418213,True,589,0.8990544080734253,True,589,0.8296301960945129,True,589,0.8656368255615234,True,c12_correct
590,591,591_8.bmp,preprocessed_results\591\591_8.bmp,590,590,590,0.9181661009788513,644,0.00796396192163229,0.910202139057219,590|644|591|691|561,0.91816610|0.00796396|0.00744183|0.00504297|0.00372571,1,0.9181661009788513,True,590,0.9181661009788513,True,590,0.8320532441139221,True,590,0.8213177919387817,True,590,0.8012827038764954,True,c12_correct
591,592,592_10.bmp,preprocessed_results\592\592_10.bmp,591,591,591,0.9592044353485107,590,0.006049144081771374,0.9531552912667394,591|590|684|792|124,0.95920444|0.00604914|0.00116468|0.00113431|0.00110135,1,0.9592044353485107,True,591,0.9592044353485107,True,591,0.8048316240310669,True,591,0.8026928901672363,True,591,0.7980667948722839,True,c12_correct
592,593,593_6.bmp,preprocessed_results\593\593_6.bmp,592,592,592,0.5904799699783325,823,0.02050968073308468,0.5699702892452478,592|823|706|593|787,0.59047997|0.02050968|0.01132390|0.01079117|0.00561244,1,0.5904799699783325,True,592,0.5904799699783325,True,592,0.6329646110534668,True,592,0.8152289390563965,True,592,0.5561684370040894,True,c12_correct
593,594,594_9.bmp,preprocessed_results\594\594_9.bmp,593,593,593,0.8772110939025879,592,0.0062110270373523235,0.8710000668652356,593|592|674|638|786,0.87721109|0.00621103|0.00298922|0.00272706|0.00245969,1,0.8772110939025879,True,593,0.8772110939025879,True,593,0.8596174716949463,True,593,0.8215174078941345,True,593,0.8312087655067444,True,c12_correct
594,595,595_2.bmp,preprocessed_results\595\595_2.bmp,594,594,768,0.23790083825588226,594,0.04629005119204521,0.19161078706383705,768|594|807|297|740,0.23790084|0.04629005|0.03527659|0.02983225|0.01903707,2,0.04629005119204521,True,768,0.23790083825588226,False,594,0.1351948380470276,True,594,0.5024271607398987,True,594,0.041368599981069565,True,teacher_all_correct;true_in_top5
595,596,596_1.bmp,preprocessed_results\596\596_1.bmp,595,595,595,0.9420408606529236,594,0.0054814815521240234,0.9365593791007996,595|594|623|726|762,0.94204086|0.00548148|0.00234051|0.00181415|0.00161497,1,0.9420408606529236,True,595,0.9420408606529236,True,595,0.8340688943862915,True,595,0.811821460723877,True,595,0.7921245098114014,True,c12_correct
596,597,597_4.bmp,preprocessed_results\597\597_4.bmp,596,596,596,0.8095040321350098,612,0.026155855506658554,0.7833481766283512,596|612|613|799|607,0.80950403|0.02615586|0.00534849|0.00511548|0.00497533,1,0.8095040321350098,True,596,0.8095040321350098,True,596,0.8494617342948914,True,596,0.8299543261528015,True,596,0.8173383474349976,True,c12_correct
597,598,598_1.bmp,preprocessed_results\598\598_1.bmp,597,597,597,0.5974765419960022,585,0.02014154940843582,0.5773349925875664,597|585|791|829|792,0.59747654|0.02014155|0.01688709|0.01589369|0.01583983,1,0.5974765419960022,True,597,0.5974765419960022,True,597,0.8094093799591064,True,597,0.8379803895950317,True,597,0.6959353089332581,True,c12_correct
598,599,599_6.bmp,preprocessed_results\599\599_6.bmp,598,598,598,0.8703521490097046,599,0.021955963224172592,0.848396185785532,598|599|634|743|504,0.87035215|0.02195596|0.00458892|0.00451521|0.00338442,1,0.8703521490097046,True,598,0.8703521490097046,True,598,0.7206870317459106,True,598,0.8373162150382996,True,598,0.6950010061264038,True,c12_correct
599,600,600_1.bmp,preprocessed_results\600\600_1.bmp,599,599,599,0.5353291630744934,598,0.08080562204122543,0.454523541033268,599|598|635|577|102,0.53532916|0.08080562|0.02580517|0.00821468|0.00689129,1,0.5353291630744934,True,599,0.5353291630744934,True,599,0.5601286888122559,True,599,0.8072377443313599,True,599,0.714825451374054,True,c12_correct
600,601,601_4.bmp,preprocessed_results\601\601_4.bmp,600,600,600,0.8905990719795227,653,0.007459742948412895,0.8831393290311098,600|653|641|675|652,0.89059907|0.00745974|0.00609445|0.00347829|0.00264282,1,0.8905990719795227,True,600,0.8905990719795227,True,600,0.702908456325531,True,600,0.8082936406135559,True,600,0.7221542596817017,True,c12_correct
601,602,602_4.bmp,preprocessed_results\602\602_4.bmp,601,601,601,0.9357138276100159,814,0.0030852300114929676,0.9326285975985229,601|814|600|789|641,0.93571383|0.00308523|0.00226698|0.00195043|0.00185229,1,0.9357138276100159,True,601,0.9357138276100159,True,601,0.8022288084030151,True,601,0.8422353267669678,True,601,0.8066268563270569,True,c12_correct
602,603,603_5.bmp,preprocessed_results\603\603_5.bmp,602,602,602,0.5837371945381165,603,0.02301030233502388,0.5607268922030926,602|603|238|585|622,0.58373719|0.02301030|0.01310155|0.00945916|0.00541556,1,0.5837371945381165,True,602,0.5837371945381165,True,602,0.637692928314209,True,602,0.8323687314987183,True,602,0.6936464309692383,True,c12_correct
603,604,604_1.bmp,preprocessed_results\604\604_1.bmp,603,603,603,0.7975049614906311,378,0.004485251381993294,0.7930197101086378,603|378|288|674|314,0.79750496|0.00448525|0.00357746|0.00352831|0.00318066,1,0.7975049614906311,True,603,0.7975049614906311,True,603,0.8316977024078369,True,603,0.8260597586631775,True,603,0.7750232815742493,True,c12_correct
604,605,605_2.bmp,preprocessed_results\605\605_2.bmp,604,604,604,0.8635767102241516,605,0.025239912793040276,0.8383367974311113,604|605|644|726|678,0.86357671|0.02523991|0.00659836|0.00306333|0.00289511,1,0.8635767102241516,True,604,0.8635767102241516,True,604,0.898590087890625,True,604,0.8196991086006165,True,604,0.8681185841560364,True,c12_correct
605,606,606_2.bmp,preprocessed_results\606\606_2.bmp,605,605,605,0.7595362663269043,604,0.016303641721606255,0.743232624605298,605|604|451|246|103,0.75953627|0.01630364|0.00627357|0.00508303|0.00429835,1,0.7595362663269043,True,605,0.7595362663269043,True,605,0.5807172656059265,True,605,0.840211033821106,True,605,0.7095798850059509,True,c12_correct
606,607,607_7.bmp,preprocessed_results\607\607_7.bmp,606,606,606,0.8922735452651978,832,0.008517873473465443,0.8837556717917323,606|832|279|584|678,0.89227355|0.00851787|0.00522956|0.00463975|0.00438971,1,0.8922735452651978,True,606,0.8922735452651978,True,606,0.808849573135376,True,606,0.8225315809249878,True,606,0.7336457371711731,True,c12_correct
607,608,608_7.bmp,preprocessed_results\608\608_7.bmp,607,607,607,0.9261356592178345,792,0.0027196467854082584,0.9234160124324262,607|792|647|706|791,0.92613566|0.00271965|0.00248743|0.00187134|0.00165752,1,0.9261356592178345,True,607,0.9261356592178345,True,607,0.8555631041526794,True,607,0.7839940786361694,True,607,0.8409034609794617,True,c12_correct
608,609,609_8.bmp,preprocessed_results\609\609_8.bmp,608,608,608,0.8701355457305908,609,0.0460146963596344,0.8241208493709564,608|609|813|802|138,0.87013555|0.04601470|0.00722698|0.00287497|0.00195795,1,0.8701355457305908,True,608,0.8701355457305908,True,608,0.9104138612747192,True,608,0.8216097354888916,True,608,0.8106690645217896,True,c12_correct
609,610,610_7.bmp,preprocessed_results\610\610_7.bmp,609,609,609,0.8224283456802368,608,0.03844419866800308,0.7839841470122337,609|608|813|734|594,0.82242835|0.03844420|0.00887593|0.00433934|0.00359335,1,0.8224283456802368,True,609,0.8224283456802368,True,609,0.4277072548866272,True,609,0.827454686164856,True,609,0.8200046420097351,True,c12_correct
610,611,611_2.bmp,preprocessed_results\611\611_2.bmp,610,610,610,0.40590620040893555,646,0.012896574102342129,0.3930096263065934,610|646|295|742|690,0.40590620|0.01289657|0.01068667|0.01023936|0.00984928,1,0.40590620040893555,True,610,0.40590620040893555,True,610,0.3709578514099121,True,610,0.7673488855361938,True,610,0.4211404025554657,True,c12_correct
611,612,612_8.bmp,preprocessed_results\612\612_8.bmp,611,611,611,0.930925190448761,610,0.007119221147149801,0.9238059693016112,611|610|601|681|680,0.93092519|0.00711922|0.00323621|0.00147291|0.00126528,1,0.930925190448761,True,611,0.930925190448761,True,611,0.8876060843467712,True,611,0.8179609179496765,True,611,0.8912956118583679,True,c12_correct
612,613,613_5.bmp,preprocessed_results\613\613_5.bmp,612,612,612,0.7526020407676697,755,0.018002796918153763,0.7345992438495159,612|755|303|656|726,0.75260204|0.01800280|0.01652717|0.00975610|0.00463953,1,0.7526020407676697,True,612,0.7526020407676697,True,612,0.30603092908859253,True,612,0.792716920375824,True,612,0.605542004108429,True,c12_correct
613,614,614_2.bmp,preprocessed_results\614\614_2.bmp,613,613,613,0.9233254194259644,607,0.013629905879497528,0.9096955135464668,613|607|785|793|612,0.92332542|0.01362991|0.00291405|0.00197341|0.00185105,1,0.9233254194259644,True,613,0.9233254194259644,True,613,0.7792367935180664,True,613,0.8169025182723999,True,613,0.7798118591308594,True,c12_correct
614,615,615_7.bmp,preprocessed_results\615\615_7.bmp,614,614,614,0.670784056186676,615,0.07309319823980331,0.5976908579468727,614|615|438|623|712,0.67078406|0.07309320|0.01422722|0.00988657|0.00739206,1,0.670784056186676,True,614,0.670784056186676,True,614,0.28471139073371887,True,614,0.8083599805831909,True,614,0.46218010783195496,True,c12_correct
615,616,616_7.bmp,preprocessed_results\616\616_7.bmp,615,615,615,0.8856319785118103,614,0.014751940965652466,0.8708800375461578,615|614|582|706|314,0.88563198|0.01475194|0.00426234|0.00197790|0.00155402,1,0.8856319785118103,True,615,0.8856319785118103,True,615,0.818782389163971,True,615,0.8276355266571045,True,615,0.693838894367218,True,c12_correct
616,617,617_5.bmp,preprocessed_results\617\617_5.bmp,616,616,616,0.6220704913139343,617,0.017488593235611916,0.6045818980783224,616|617|802|541|608,0.62207049|0.01748859|0.01717068|0.01505871|0.00887096,1,0.6220704913139343,True,616,0.6220704913139343,True,616,0.4340938329696655,True,616,0.7842610478401184,True,616,0.5446008443832397,True,c12_correct
617,618,618_8.bmp,preprocessed_results\618\618_8.bmp,617,617,617,0.7440199851989746,758,0.010947143658995628,0.733072841539979,617|758|756|616|673,0.74401999|0.01094714|0.00800903|0.00769516|0.00706990,1,0.7440199851989746,True,617,0.7440199851989746,True,617,0.6538663506507874,True,617,0.7917538285255432,True,617,0.6308088898658752,True,c12_correct
618,619,619_8.bmp,preprocessed_results\619\619_8.bmp,618,618,618,0.8030838370323181,648,0.012877126224339008,0.7902067108079791,618|648|750|560|598,0.80308384|0.01287713|0.01120743|0.00752409|0.00720027,1,0.8030838370323181,True,618,0.8030838370323181,True,618,0.8699744939804077,True,618,0.8300392031669617,True,618,0.811296284198761,True,c12_correct
619,620,620_9.bmp,preprocessed_results\620\620_9.bmp,619,619,619,0.9363664984703064,803,0.003421698696911335,0.9329447997733951,619|803|583|565|597,0.93636650|0.00342170|0.00308925|0.00285561|0.00182258,1,0.9363664984703064,True,619,0.9363664984703064,True,619,0.9164095520973206,True,619,0.8396556973457336,True,619,0.8786786794662476,True,c12_correct
620,621,621_8.bmp,preprocessed_results\621\621_8.bmp,620,620,620,0.8842032551765442,737,0.0034141356591135263,0.8807891195174307,620|737|287|765|830,0.88420326|0.00341414|0.00317548|0.00308137|0.00300393,1,0.8842032551765442,True,620,0.8842032551765442,True,620,0.6989827156066895,True,620,0.8205710053443909,True,620,0.8061519861221313,True,c12_correct
621,622,622_8.bmp,preprocessed_results\622\622_8.bmp,621,621,621,0.9480669498443604,613,0.0020596098620444536,0.9460073399823159,621|613|819|15|757,0.94806695|0.00205961|0.00165091|0.00160060|0.00154526,1,0.9480669498443604,True,621,0.9480669498443604,True,621,0.8494077920913696,True,621,0.8268380165100098,True,621,0.8445371985435486,True,c12_correct
622,623,623_9.bmp,preprocessed_results\623\623_9.bmp,622,622,622,0.14358265697956085,181,0.07316958904266357,0.07041306793689728,622|181|198|632|302,0.14358266|0.07316959|0.03564006|0.02560980|0.02324530,1,0.14358265697956085,True,622,0.14358265697956085,True,622,0.023671835660934448,True,622,0.6581400036811829,True,622,0.10168912261724472,True,c12_correct
623,624,624_6.bmp,preprocessed_results\624\624_6.bmp,623,623,623,0.887528121471405,815,0.010757111012935638,0.8767710104584694,623|815|731|745|597,0.88752812|0.01075711|0.01024705|0.00368903|0.00284518,1,0.887528121471405,True,623,0.887528121471405,True,623,0.27208808064460754,True,623,0.8195009827613831,True,623,0.7239165306091309,True,c12_correct
624,625,625_4.bmp,preprocessed_results\625\625_4.bmp,624,624,624,0.7045291066169739,676,0.015924520790576935,0.6886045858263969,624|676|828|186|706,0.70452911|0.01592452|0.01294484|0.01058363|0.00801432,1,0.7045291066169739,True,624,0.7045291066169739,True,624,0.6685619950294495,True,624,0.8169474005699158,True,624,0.6100174784660339,True,c12_correct
625,626,626_10.bmp,preprocessed_results\626\626_10.bmp,625,625,625,0.7833830118179321,665,0.0042077782563865185,0.7791752335615456,625|665|656|792|777,0.78338301|0.00420778|0.00412544|0.00344963|0.00333431,1,0.7833830118179321,True,625,0.7833830118179321,True,625,0.6291863322257996,True,625,0.8303066492080688,True,625,0.7000053524971008,True,c12_correct
626,627,627_3.bmp,preprocessed_results\627\627_3.bmp,626,626,626,0.8413100242614746,726,0.014745285734534264,0.8265647385269403,626|726|734|595|627,0.84131002|0.01474529|0.00474662|0.00380508|0.00380033,1,0.8413100242614746,True,626,0.8413100242614746,True,626,0.5901753902435303,True,626,0.8347569704055786,True,626,0.7940283417701721,True,c12_correct
627,628,628_5.bmp,preprocessed_results\628\628_5.bmp,627,627,627,0.8661952614784241,626,0.012472044676542282,0.8537232168018818,627|626|753|770|807,0.86619526|0.01247204|0.00564539|0.00199392|0.00164661,1,0.8661952614784241,True,627,0.8661952614784241,True,627,0.8968281745910645,True,627,0.8485985398292542,True,627,0.8010682463645935,True,c12_correct
628,629,629_1.bmp,preprocessed_results\629\629_1.bmp,628,628,628,0.7435336709022522,629,0.1449567973613739,0.5985768735408783,628|629|812|31|649,0.74353367|0.14495680|0.00740013|0.00503858|0.00422992,1,0.7435336709022522,True,628,0.7435336709022522,True,628,0.8888077735900879,True,628,0.8408412337303162,True,628,0.749374270439148,True,c12_correct
629,630,630_10.bmp,preprocessed_results\630\630_10.bmp,629,629,629,0.9145380854606628,628,0.006493168417364359,0.9080449170432985,629|628|6|601|812,0.91453809|0.00649317|0.00371131|0.00219399|0.00198890,1,0.9145380854606628,True,629,0.9145380854606628,True,629,0.8557741641998291,True,629,0.825927197933197,True,629,0.7697530388832092,True,c12_correct
630,631,631_5.bmp,preprocessed_results\631\631_5.bmp,630,630,630,0.8855127096176147,801,0.0050253733061254025,0.8804873363114893,630|801|688|649|636,0.88551271|0.00502537|0.00366732|0.00281308|0.00262564,1,0.8855127096176147,True,630,0.8855127096176147,True,630,0.7907403707504272,True,630,0.8087314963340759,True,630,0.6561229825019836,True,c12_correct
631,632,632_7.bmp,preprocessed_results\632\632_7.bmp,631,631,631,0.5731844305992126,681,0.09111973643302917,0.48206469416618347,631|681|512|630|721,0.57318443|0.09111974|0.04110511|0.03402638|0.01645992,1,0.5731844305992126,True,631,0.5731844305992126,True,631,0.28559058904647827,True,631,0.6269147396087646,True,631,0.30591651797294617,True,c12_correct
632,633,633_5.bmp,preprocessed_results\633\633_5.bmp,632,632,632,0.8801429271697998,501,0.005680987611413002,0.8744619395583868,632|501|170|642|818,0.88014293|0.00568099|0.00497692|0.00272413|0.00262028,1,0.8801429271697998,True,632,0.8801429271697998,True,632,0.7804486155509949,True,632,0.8148478269577026,True,632,0.7747930884361267,True,c12_correct
633,634,634_6.bmp,preprocessed_results\634\634_6.bmp,633,633,633,0.953835666179657,819,0.0039835283532738686,0.9498521378263831,633|819|162|709|803,0.95383567|0.00398353|0.00110277|0.00082703|0.00077277,1,0.953835666179657,True,633,0.953835666179657,True,633,0.8500492572784424,True,633,0.8421072959899902,True,633,0.8671535849571228,True,c12_correct
634,635,635_7.bmp,preprocessed_results\635\635_7.bmp,634,634,634,0.9659319519996643,635,0.0026834115851670504,0.9632485404144973,634|635|271|677|270,0.96593195|0.00268341|0.00158382|0.00119264|0.00118387,1,0.9659319519996643,True,634,0.9659319519996643,True,634,0.8750883340835571,True,634,0.8179458975791931,True,634,0.8784717321395874,True,c12_correct
635,636,636_4.bmp,preprocessed_results\636\636_4.bmp,635,635,635,0.9319642186164856,720,0.0025148133281618357,0.9294494052883238,635|720|641|805|814,0.93196422|0.00251481|0.00217889|0.00184632|0.00174729,1,0.9319642186164856,True,635,0.9319642186164856,True,635,0.34251144528388977,True,635,0.7981862425804138,True,635,0.6458693742752075,True,c12_correct
636,637,637_6.bmp,preprocessed_results\637\637_6.bmp,636,636,636,0.5641149282455444,630,0.04412194341421127,0.5199929848313332,636|630|708|637|688,0.56411493|0.04412194|0.03862326|0.03079886|0.02025830,1,0.5641149282455444,True,636,0.5641149282455444,True,636,0.3811275064945221,True,636,0.7207691669464111,True,636,0.3900849223136902,True,c12_correct
637,638,638_5.bmp,preprocessed_results\638\638_5.bmp,637,637,637,0.6977593302726746,636,0.036974214017391205,0.6607851162552834,637|636|474|560|681,0.69775933|0.03697421|0.01740372|0.00503020|0.00451720,1,0.6977593302726746,True,637,0.6977593302726746,True,637,0.5954379439353943,True,637,0.8297706842422485,True,637,0.6080052852630615,True,c12_correct
638,639,639_2.bmp,preprocessed_results\639\639_2.bmp,638,638,638,0.9265815615653992,639,0.008637946099042892,0.9179436154663563,638|639|740|821|762,0.92658156|0.00863795|0.00276690|0.00115026|0.00108068,1,0.9265815615653992,True,638,0.9265815615653992,True,638,0.8092776536941528,True,638,0.8303149342536926,True,638,0.8251897096633911,True,c12_correct
639,640,640_5.bmp,preprocessed_results\640\640_5.bmp,639,639,639,0.923027515411377,741,0.006517455447465181,0.9165100599639118,639|741|638|739|114,0.92302752|0.00651746|0.00616928|0.00158393|0.00127313,1,0.923027515411377,True,639,0.923027515411377,True,639,0.8479583859443665,True,639,0.831378698348999,True,639,0.7896431088447571,True,c12_correct
640,641,641_3.bmp,preprocessed_results\641\641_3.bmp,640,640,640,0.8076099157333374,804,0.04321025311946869,0.7643996626138687,640|804|666|648|641,0.80760992|0.04321025|0.01187457|0.01117873|0.00519705,1,0.8076099157333374,True,640,0.8076099157333374,True,640,0.48953163623809814,True,640,0.7389493584632874,True,640,0.615608811378479,True,c12_correct
641,642,642_6.bmp,preprocessed_results\642\642_6.bmp,641,641,641,0.8806726932525635,805,0.015703272074460983,0.8649694211781025,641|805|814|648|667,0.88067269|0.01570327|0.00519369|0.00408350|0.00190278,1,0.8806726932525635,True,641,0.8806726932525635,True,641,0.5348408818244934,True,641,0.7617475986480713,True,641,0.6499571800231934,True,c12_correct
642,643,643_1.bmp,preprocessed_results\643\643_1.bmp,642,642,642,0.8979472517967224,620,0.005515377502888441,0.892431874293834,642|620|643|698|570,0.89794725|0.00551538|0.00393702|0.00196571|0.00159589,1,0.8979472517967224,True,642,0.8979472517967224,True,642,0.8334652185440063,True,642,0.8592438697814941,True,642,0.844412624835968,True,c12_correct
643,644,644_4.bmp,preprocessed_results\644\644_4.bmp,643,643,643,0.844495415687561,667,0.01658605970442295,0.8279093559831381,643|667|741|686|642,0.84449542|0.01658606|0.00771392|0.00700420|0.00575858,1,0.844495415687561,True,643,0.844495415687561,True,643,0.757024884223938,True,643,0.8212904334068298,True,643,0.7109177708625793,True,c12_correct
644,645,645_2.bmp,preprocessed_results\645\645_2.bmp,644,644,644,0.8909688591957092,590,0.011170942336320877,0.8797979168593884,644|590|604|618|332,0.89096886|0.01117094|0.00698948|0.00545219|0.00534110,1,0.8909688591957092,True,644,0.8909688591957092,True,644,0.740349531173706,True,644,0.8282961249351501,True,644,0.7284954190254211,True,c12_correct
645,646,646_5.bmp,preprocessed_results\646\646_5.bmp,645,645,645,0.9294237494468689,475,0.004495599772781134,0.9249281496740878,645|475|644|604|474,0.92942375|0.00449560|0.00307828|0.00290962|0.00282369,1,0.9294237494468689,True,645,0.9294237494468689,True,645,0.7541916370391846,True,645,0.8337938189506531,True,645,0.8159314393997192,True,c12_correct
646,647,647_5.bmp,preprocessed_results\647\647_5.bmp,646,646,646,0.968874454498291,568,0.0026782583445310593,0.96619619615376,646|568|438|694|732,0.96887445|0.00267826|0.00143117|0.00122292|0.00100515,1,0.968874454498291,True,646,0.968874454498291,True,646,0.8776431679725647,True,646,0.8447206020355225,True,646,0.831527054309845,True,c12_correct
647,648,648_8.bmp,preprocessed_results\648\648_8.bmp,647,647,647,0.9593393206596375,333,0.0020800470374524593,0.957259273622185,647|333|272|327|607,0.95933932|0.00208005|0.00149916|0.00078570|0.00077740,1,0.9593393206596375,True,647,0.9593393206596375,True,647,0.8684585690498352,True,647,0.8317281603813171,True,647,0.7524805068969727,True,c12_correct
648,649,649_8.bmp,preprocessed_results\649\649_8.bmp,648,648,648,0.11603553593158722,635,0.060847628861665726,0.055187907069921494,648|635|666|649|667,0.11603554|0.06084763|0.05500820|0.03809990|0.03268704,1,0.11603553593158722,True,648,0.11603553593158722,True,648,0.11128096282482147,True,648,0.7768216729164124,True,648,0.1880190223455429,True,c12_correct
649,650,650_7.bmp,preprocessed_results\650\650_7.bmp,649,649,649,0.8031029105186462,689,0.02107149548828602,0.7820314150303602,649|689|721|635|743,0.80310291|0.02107150|0.00987674|0.00853921|0.00811937,1,0.8031029105186462,True,649,0.8031029105186462,True,649,0.7068547010421753,True,649,0.8300508856773376,True,649,0.7391310334205627,True,c12_correct
650,651,651_8.bmp,preprocessed_results\651\651_8.bmp,650,650,650,0.8843644261360168,651,0.005140889901667833,0.879223536234349,650|651|696|596|830,0.88436443|0.00514089|0.00310893|0.00255731|0.00198041,1,0.8843644261360168,True,650,0.8843644261360168,True,650,0.7359526753425598,True,650,0.8402119278907776,True,650,0.7608921527862549,True,c12_correct
651,652,652_8.bmp,preprocessed_results\652\652_8.bmp,651,651,651,0.9403572082519531,650,0.0038730865344405174,0.9364841217175126,651|650|812|813|632,0.94035721|0.00387309|0.00140237|0.00136754|0.00123001,1,0.9403572082519531,True,651,0.9403572082519531,True,651,0.9092772006988525,True,651,0.8375067114830017,True,651,0.8474342226982117,True,c12_correct
652,653,653_6.bmp,preprocessed_results\653\653_6.bmp,652,652,652,0.9091470241546631,653,0.005932135041803122,0.90321488911286,652|653|803|833|725,0.90914702|0.00593214|0.00174753|0.00157298|0.00155885,1,0.9091470241546631,True,652,0.9091470241546631,True,652,0.8050265312194824,True,652,0.8557862043380737,True,652,0.8084131479263306,True,c12_correct
653,654,654_2.bmp,preprocessed_results\654\654_2.bmp,653,653,653,0.9413697719573975,652,0.008991727605462074,0.9323780443519354,653|652|641|681|589,0.94136977|0.00899173|0.00176733|0.00115091|0.00108775,1,0.9413697719573975,True,653,0.9413697719573975,True,653,0.8893001079559326,True,653,0.8034396171569824,True,653,0.8083924055099487,True,c12_correct
654,655,655_9.bmp,preprocessed_results\655\655_9.bmp,654,654,654,0.9544079303741455,732,0.0012312011094763875,0.9531767292646691,654|732|716|599|667,0.95440793|0.00123120|0.00116468|0.00087025|0.00079221,1,0.9544079303741455,True,654,0.9544079303741455,True,654,0.9074268937110901,True,654,0.8469024896621704,True,654,0.8431201577186584,True,c12_correct
655,656,656_2.bmp,preprocessed_results\656\656_2.bmp,655,655,655,0.8740836381912231,587,0.004528074059635401,0.8695555641315877,655|587|692|767|130,0.87408364|0.00452807|0.00446211|0.00306765|0.00277276,1,0.8740836381912231,True,655,0.8740836381912231,True,655,0.861706018447876,True,655,0.8345526456832886,True,655,0.7915332913398743,True,c12_correct
656,657,657_7.bmp,preprocessed_results\657\657_7.bmp,656,656,656,0.9208989143371582,712,0.00446385657414794,0.9164350577630103,656|712|612|740|618,0.92089891|0.00446386|0.00222979|0.00214019|0.00159501,1,0.9208989143371582,True,656,0.9208989143371582,True,656,0.8960912823677063,True,656,0.8378342986106873,True,656,0.8541589379310608,True,c12_correct
657,658,658_6.bmp,preprocessed_results\658\658_6.bmp,657,657,657,0.48951414227485657,792,0.06257160753011703,0.42694253474473953,657|792|696|793|719,0.48951414|0.06257161|0.01938826|0.01899742|0.01378847,1,0.48951414227485657,True,657,0.48951414227485657,True,657,0.38508695363998413,True,657,0.8212250471115112,True,657,0.5697774887084961,True,c12_correct
658,659,659_5.bmp,preprocessed_results\659\659_5.bmp,658,658,658,0.9306825995445251,729,0.004096639808267355,0.9265859597362578,658|729|694|728|287,0.93068260|0.00409664|0.00300725|0.00157988|0.00153845,1,0.9306825995445251,True,658,0.9306825995445251,True,658,0.7804256677627563,True,658,0.84274822473526,True,658,0.7636809945106506,True,c12_correct
659,660,660_6.bmp,preprocessed_results\660\660_6.bmp,659,659,659,0.8999492526054382,708,0.004948930349200964,0.8950003222562373,659|708|587|712|600,0.89994925|0.00494893|0.00484943|0.00421796|0.00418206,1,0.8999492526054382,True,659,0.8999492526054382,True,659,0.8799626231193542,True,659,0.8294431567192078,True,659,0.8062250018119812,True,c12_correct
660,661,661_8.bmp,preprocessed_results\661\661_8.bmp,660,660,660,0.9281947016716003,736,0.004365805070847273,0.9238288966007531,660|736|830|261|822,0.92819470|0.00436581|0.00354679|0.00322137|0.00273742,1,0.9281947016716003,True,660,0.9281947016716003,True,660,0.7146506905555725,True,660,0.8423738479614258,True,660,0.7999226450920105,True,c12_correct
661,662,662_3.bmp,preprocessed_results\662\662_3.bmp,661,661,661,0.7566370964050293,759,0.014374800026416779,0.7422622963786125,661|759|735|291|290,0.75663710|0.01437480|0.00893986|0.00871227|0.00747468,1,0.7566370964050293,True,661,0.7566370964050293,True,661,0.7410330772399902,True,661,0.7986645102500916,True,661,0.7257075309753418,True,c12_correct
662,663,663_4.bmp,preprocessed_results\663\663_4.bmp,662,662,662,0.9466897249221802,663,0.011885167099535465,0.9348045578226447,662|663|567|93|566,0.94668972|0.01188517|0.00164997|0.00127544|0.00111112,1,0.9466897249221802,True,662,0.9466897249221802,True,662,0.8482135534286499,True,662,0.8355651497840881,True,662,0.8401483297348022,True,c12_correct
663,664,664_2.bmp,preprocessed_results\664\664_2.bmp,663,663,663,0.8979284167289734,777,0.00367519143037498,0.8942532252985984,663|777|662|801|597,0.89792842|0.00367519|0.00307327|0.00219365|0.00214246,1,0.8979284167289734,True,663,0.8979284167289734,True,663,0.8180405497550964,True,663,0.8204469084739685,True,663,0.8323892951011658,True,c12_correct
664,665,665_7.bmp,preprocessed_results\665\665_7.bmp,664,664,664,0.9436193704605103,686,0.0017991282511502504,0.94182024220936,664|686|578|804|666,0.94361937|0.00179913|0.00147478|0.00145072|0.00109794,1,0.9436193704605103,True,664,0.9436193704605103,True,664,0.8094494342803955,True,664,0.8256710171699524,True,664,0.7714526653289795,True,c12_correct
665,666,666_10.bmp,preprocessed_results\666\666_10.bmp,665,665,665,0.9184942245483398,221,0.004687341395765543,0.9138068831525743,665|221|815|664|99,0.91849422|0.00468734|0.00399038|0.00368192|0.00312427,1,0.9184942245483398,True,665,0.9184942245483398,True,665,0.8493893146514893,True,665,0.8404381275177002,True,665,0.8486233353614807,True,c12_correct
666,667,667_6.bmp,preprocessed_results\667\667_6.bmp,666,666,666,0.7859914302825928,805,0.018084613606333733,0.767906816676259,666|805|641|667|640,0.78599143|0.01808461|0.01595869|0.01513136|0.01225508,1,0.7859914302825928,True,666,0.7859914302825928,True,666,0.8738091588020325,True,666,0.8207194805145264,True,666,0.8297033905982971,True,c12_correct
667,668,668_2.bmp,preprocessed_results\668\668_2.bmp,667,667,667,0.6835249662399292,698,0.026156751438975334,0.6573682148009539,667|698|643|666|720,0.68352497|0.02615675|0.01362140|0.00749487|0.00516550,1,0.6835249662399292,True,667,0.6835249662399292,True,667,0.6630561947822571,True,667,0.7951633334159851,True,667,0.4848223030567169,True,c12_correct
668,669,669_10.bmp,preprocessed_results\669\669_10.bmp,668,668,668,0.9504820108413696,669,0.002563383197411895,0.9479186276439577,668|669|765|770|626,0.95048201|0.00256338|0.00141992|0.00112126|0.00095486,1,0.9504820108413696,True,668,0.9504820108413696,True,668,0.8858882784843445,True,668,0.8419224619865417,True,668,0.8599560260772705,True,c12_correct
669,670,670_7.bmp,preprocessed_results\670\670_7.bmp,669,669,669,0.6507847309112549,668,0.09947922825813293,0.551305502653122,669|668|765|683|759,0.65078473|0.09947923|0.03966705|0.00942887|0.00708860,1,0.6507847309112549,True,669,0.6507847309112549,True,669,0.37516382336616516,True,669,0.8061708807945251,True,669,0.5370157957077026,True,c12_correct
670,671,671_7.bmp,preprocessed_results\671\671_7.bmp,670,670,670,0.5738543272018433,826,0.022334642708301544,0.5515196844935417,670|826|777|780|829,0.57385433|0.02233464|0.02071751|0.01893012|0.01787430,1,0.5738543272018433,True,670,0.5738543272018433,True,670,0.667723536491394,True,670,0.8263224959373474,True,670,0.7176429033279419,True,c12_correct
671,672,672_9.bmp,preprocessed_results\672\672_9.bmp,671,671,671,0.8513007164001465,657,0.006521716248244047,0.8447790001519024,671|657|627|670|668,0.85130072|0.00652172|0.00466080|0.00422601|0.00398929,1,0.8513007164001465,True,671,0.8513007164001465,True,671,0.825165867805481,True,671,0.8283267021179199,True,671,0.8297877907752991,True,c12_correct
672,673,673_1.bmp,preprocessed_results\673\673_1.bmp,672,672,672,0.5818897485733032,673,0.029637672007083893,0.5522520765662193,672|673|808|686|750,0.58188975|0.02963767|0.02256953|0.00946723|0.00786198,1,0.5818897485733032,True,672,0.5818897485733032,True,672,0.632642924785614,True,672,0.8298543691635132,True,672,0.7457426190376282,True,c12_correct
673,674,674_1.bmp,preprocessed_results\674\674_1.bmp,673,673,673,0.8387844562530518,672,0.012675205245614052,0.8261092510074377,673|672|333|750|821,0.83878446|0.01267521|0.00791079|0.00622426|0.00606876,1,0.8387844562530518,True,673,0.8387844562530518,True,673,0.6771842837333679,True,673,0.8346313834190369,True,673,0.8120169043540955,True,c12_correct
674,675,675_1.bmp,preprocessed_results\675\675_1.bmp,674,674,674,0.9104121923446655,646,0.0041220663115382195,0.9062901260331273,674|646|675|610|659,0.91041219|0.00412207|0.00302494|0.00257298|0.00173371,1,0.9104121923446655,True,674,0.9104121923446655,True,674,0.8729297518730164,True,674,0.8369001150131226,True,674,0.8675593137741089,True,c12_correct
675,676,676_4.bmp,preprocessed_results\676\676_4.bmp,675,675,675,0.7982833385467529,674,0.01256712805479765,0.7857162104919553,675|674|5|310|313,0.79828334|0.01256713|0.00443550|0.00357009|0.00356510,1,0.7982833385467529,True,675,0.7982833385467529,True,675,0.652470588684082,True,675,0.8207762241363525,True,675,0.6689297556877136,True,c12_correct
676,677,677_8.bmp,preprocessed_results\677\677_8.bmp,676,676,676,0.947934627532959,757,0.0017641891026869416,0.946170438430272,676|757|750|720|686,0.94793463|0.00176419|0.00171559|0.00139130|0.00132647,1,0.947934627532959,True,676,0.947934627532959,True,676,0.9276899099349976,True,676,0.8227919340133667,True,676,0.8042450547218323,True,c12_correct
677,678,678_6.bmp,preprocessed_results\678\678_6.bmp,677,677,677,0.8526695370674133,750,0.013359446078538895,0.8393100909888744,677|750|684|751|676,0.85266954|0.01335945|0.00552641|0.00532137|0.00459591,1,0.8526695370674133,True,677,0.8526695370674133,True,677,0.7219314575195312,True,677,0.827867329120636,True,677,0.7647194862365723,True,c12_correct
678,679,679_8.bmp,preprocessed_results\679\679_8.bmp,678,678,678,0.32776939868927,591,0.056741975247859955,0.27102742344141006,678|591|569|604|644,0.32776940|0.05674198|0.01960833|0.01828176|0.01614797,1,0.32776939868927,True,678,0.32776939868927,True,678,0.18638832867145538,True,678,0.7605376839637756,True,678,0.3744686245918274,True,c12_correct
679,680,680_3.bmp,preprocessed_results\680\680_3.bmp,679,679,679,0.8292561173439026,814,0.00518878735601902,0.8240673299878836,679|814|649|282|681,0.82925612|0.00518879|0.00434953|0.00347929|0.00330661,1,0.8292561173439026,True,679,0.8292561173439026,True,679,0.8530398607254028,True,679,0.8408514261245728,True,679,0.8326483368873596,True,c12_correct
680,681,681_6.bmp,preprocessed_results\681\681_6.bmp,680,680,680,0.9177857637405396,681,0.0076127429492771626,0.9101730207912624,680|681|641|802|803,0.91778576|0.00761274|0.00304210|0.00272932|0.00198985,1,0.9177857637405396,True,680,0.9177857637405396,True,680,0.8919033408164978,True,680,0.8464335799217224,True,680,0.8963442444801331,True,c12_correct
681,682,682_4.bmp,preprocessed_results\682\682_4.bmp,681,681,681,0.7866519093513489,631,0.019810346886515617,0.7668415624648333,681|631|680|689|679,0.78665191|0.01981035|0.01480524|0.00396520|0.00396310,1,0.7866519093513489,True,681,0.7866519093513489,True,681,0.8101258873939514,True,681,0.8263357877731323,True,681,0.6086785197257996,True,c12_correct
682,683,683_5.bmp,preprocessed_results\683\683_5.bmp,682,682,682,0.9272579550743103,826,0.0036689694970846176,0.9235889855772257,682|826|641|802|683,0.92725796|0.00366897|0.00289782|0.00181396|0.00147447,1,0.9272579550743103,True,682,0.9272579550743103,True,682,0.7254308462142944,True,682,0.8056145906448364,True,682,0.7017676830291748,True,c12_correct
683,684,684_5.bmp,preprocessed_results\684\684_5.bmp,683,683,683,0.9100502133369446,765,0.019602570682764053,0.8904476426541805,683|765|810|682|749,0.91005021|0.01960257|0.00290697|0.00174331|0.00163164,1,0.9100502133369446,True,683,0.9100502133369446,True,683,0.7975139021873474,True,683,0.8494805097579956,True,683,0.8620020151138306,True,c12_correct
684,685,685_8.bmp,preprocessed_results\685\685_8.bmp,684,684,684,0.9076660871505737,685,0.0073592993430793285,0.9003067878074944,684|685|750|634|686,0.90766609|0.00735930|0.00476469|0.00436916|0.00329978,1,0.9076660871505737,True,684,0.9076660871505737,True,684,0.8825656175613403,True,684,0.8250247240066528,True,684,0.8459816575050354,True,c12_correct
685,686,686_8.bmp,preprocessed_results\686\686_8.bmp,685,685,685,0.8936843872070312,684,0.005768637638539076,0.8879157495684922,685|684|631|636|103,0.89368439|0.00576864|0.00469917|0.00417274|0.00297533,1,0.8936843872070312,True,685,0.8936843872070312,True,685,0.8603894710540771,True,685,0.8375489711761475,True,685,0.7828481197357178,True,c12_correct
686,687,687_4.bmp,preprocessed_results\687\687_4.bmp,686,686,686,0.9279446005821228,576,0.00448221480473876,0.923462385777384,686|576|750|667|666,0.92794460|0.00448221|0.00337153|0.00203920|0.00199187,1,0.9279446005821228,True,686,0.9279446005821228,True,686,0.8255349397659302,True,686,0.8478847742080688,True,686,0.7967273592948914,True,c12_correct
687,688,688_2.bmp,preprocessed_results\688\688_2.bmp,687,687,687,0.7585598826408386,686,0.04442288354039192,0.7141369991004467,687|686|576|743|143,0.75855988|0.04442288|0.01168750|0.01160887|0.01011292,1,0.7585598826408386,True,687,0.7585598826408386,True,687,0.7627320289611816,True,687,0.8159930109977722,True,687,0.7664199471473694,True,c12_correct
688,689,689_7.bmp,preprocessed_results\689\689_7.bmp,688,688,688,0.786637008190155,630,0.013466970063745975,0.773170038126409,688|630|577|649|576,0.78663701|0.01346697|0.00857723|0.00569210|0.00485051,1,0.786637008190155,True,688,0.786637008190155,True,688,0.6102604269981384,True,688,0.7857319712638855,True,688,0.6053035855293274,True,c12_correct
689,690,690_5.bmp,preprocessed_results\690\690_5.bmp,689,689,689,0.9182454347610474,649,0.0036187816876918077,0.9146266530733556,689|649|721|631|685,0.91824543|0.00361878|0.00315899|0.00215727|0.00213192,1,0.9182454347610474,True,689,0.9182454347610474,True,689,0.8599101305007935,True,689,0.7923964858055115,True,689,0.8369880318641663,True,c12_correct
690,691,691_3.bmp,preprocessed_results\691\691_3.bmp,690,690,690,0.9081274271011353,678,0.008302848786115646,0.8998245783150196,690|678|680|691|730,0.90812743|0.00830285|0.00568798|0.00545215|0.00238392,1,0.9081274271011353,True,690,0.9081274271011353,True,690,0.8414046764373779,True,690,0.8494356870651245,True,690,0.8285141587257385,True,c12_correct
691,692,692_8.bmp,preprocessed_results\692\692_8.bmp,691,691,691,0.9496241807937622,690,0.0024606310762465,0.9471635497175157,691|690|701|644|827,0.94962418|0.00246063|0.00109489|0.00099364|0.00087895,1,0.9496241807937622,True,691,0.9496241807937622,True,691,0.8663047552108765,True,691,0.8356442451477051,True,691,0.8310261964797974,True,c12_correct
692,693,693_1.bmp,preprocessed_results\693\693_1.bmp,692,692,692,0.9301445484161377,693,0.011801565065979958,0.9183429833501577,692|693|744|141|757,0.93014455|0.01180157|0.00441643|0.00181960|0.00159479,1,0.9301445484161377,True,692,0.9301445484161377,True,692,0.8668488264083862,True,692,0.8471980094909668,True,692,0.8842757940292358,True,c12_correct
693,694,694_10.bmp,preprocessed_results\694\694_10.bmp,693,693,693,0.8127346038818359,692,0.00571170449256897,0.807022899389267,693|692|827|757|587,0.81273460|0.00571170|0.00443548|0.00404996|0.00363674,1,0.8127346038818359,True,693,0.8127346038818359,True,693,0.8963043093681335,True,693,0.8369061946868896,True,693,0.7294517159461975,True,c12_correct
694,695,695_3.bmp,preprocessed_results\695\695_3.bmp,694,694,694,0.9798550009727478,646,0.0011348085245117545,0.978720192448236,694|646|610|751|704,0.97985500|0.00113481|0.00093590|0.00064694|0.00053490,1,0.9798550009727478,True,694,0.9798550009727478,True,694,0.9407322406768799,True,694,0.8431742191314697,True,694,0.7741764783859253,True,c12_correct
695,696,696_2.bmp,preprocessed_results\696\696_2.bmp,695,695,695,0.8328617215156555,789,0.007422418333590031,0.8254393031820655,695|789|819|739|673,0.83286172|0.00742242|0.00575513|0.00522261|0.00513589,1,0.8328617215156555,True,695,0.8328617215156555,True,695,0.5757243633270264,True,695,0.814939022064209,True,695,0.7577893137931824,True,c12_correct
696,697,697_8.bmp,preprocessed_results\697\697_8.bmp,696,696,696,0.6212413907051086,792,0.040207765996456146,0.5810336247086525,696|792|756|697|657,0.62124139|0.04020777|0.01997159|0.01376826|0.00658951,1,0.6212413907051086,True,696,0.6212413907051086,True,696,0.6861755847930908,True,696,0.8179118037223816,True,696,0.7950625419616699,True,c12_correct
697,698,698_4.bmp,preprocessed_results\698\698_4.bmp,697,697,697,0.541061282157898,761,0.013812128454446793,0.5272491537034512,697|761|696|595|811,0.54106128|0.01381213|0.01360496|0.01326975|0.01144647,1,0.541061282157898,True,697,0.541061282157898,True,697,0.6713472008705139,True,697,0.8263067007064819,True,697,0.8315950036048889,True,c12_correct
698,699,699_10.bmp,preprocessed_results\699\699_10.bmp,698,698,698,0.828330397605896,598,0.011251420713961124,0.8170789768919349,698|598|700|572|666,0.82833040|0.01125142|0.00750718|0.00473801|0.00454449,1,0.828330397605896,True,698,0.828330397605896,True,698,0.7658138275146484,True,698,0.8229856491088867,True,698,0.7955018281936646,True,c12_correct
699,700,700_9.bmp,preprocessed_results\700\700_9.bmp,699,699,699,0.8877862691879272,801,0.008833532221615314,0.8789527369663119,699|801|743|637|724,0.88778627|0.00883353|0.00762488|0.00417440|0.00365348,1,0.8877862691879272,True,699,0.8877862691879272,True,699,0.849251389503479,True,699,0.7855161428451538,True,699,0.7685827612876892,True,c12_correct
700,701,701_10.bmp,preprocessed_results\701\701_10.bmp,700,700,700,0.940345823764801,708,0.005709988996386528,0.9346358347684145,700|708|572|698|701,0.94034582|0.00570999|0.00214674|0.00118202|0.00099895,1,0.940345823764801,True,700,0.940345823764801,True,700,0.9178433418273926,True,700,0.8476139307022095,True,700,0.8115937113761902,True,c12_correct
701,702,702_2.bmp,preprocessed_results\702\702_2.bmp,701,701,701,0.8531340956687927,634,0.00828695297241211,0.8448471426963806,701|634|700|801|142,0.85313410|0.00828695|0.00816834|0.00739246|0.00313195,1,0.8531340956687927,True,701,0.8531340956687927,True,701,0.8408625721931458,True,701,0.8187310099601746,True,701,0.7923184037208557,True,c12_correct
702,703,703_1.bmp,preprocessed_results\703\703_1.bmp,702,702,702,0.8638662695884705,664,0.003175995545461774,0.8606902740430087,702|664|804|245|694,0.86386627|0.00317600|0.00265629|0.00232111|0.00219990,1,0.8638662695884705,True,702,0.8638662695884705,True,702,0.552041232585907,True,702,0.7955354452133179,True,702,0.7277166843414307,True,c12_correct
703,704,704_5.bmp,preprocessed_results\704\704_5.bmp,703,703,703,0.886707067489624,366,0.004234195686876774,0.8824728718027472,703|366|723|628|629,0.88670707|0.00423420|0.00306432|0.00219504|0.00193770,1,0.886707067489624,True,703,0.886707067489624,True,703,0.8759176135063171,True,703,0.8247318267822266,True,703,0.783637285232544,True,c12_correct
704,705,705_4.bmp,preprocessed_results\705\705_4.bmp,704,704,704,0.909142792224884,705,0.014404447749257088,0.894738344475627,704|705|639|580|601,0.90914279|0.01440445|0.00430305|0.00202173|0.00139095,1,0.909142792224884,True,704,0.909142792224884,True,704,0.8916358351707458,True,704,0.8448039293289185,True,704,0.8487984538078308,True,c12_correct
705,706,706_8.bmp,preprocessed_results\706\706_8.bmp,705,705,705,0.7941100597381592,639,0.01214013621211052,0.7819699235260487,705|639|43|704|720,0.79411006|0.01214014|0.01107796|0.00987276|0.00776136,1,0.7941100597381592,True,705,0.7941100597381592,True,705,0.7836349010467529,True,705,0.8529424667358398,True,705,0.781327486038208,True,c12_correct
706,707,707_6.bmp,preprocessed_results\707\707_6.bmp,706,706,706,0.8313820958137512,143,0.00797287654131651,0.8234092192724347,706|143|607|612|731,0.83138210|0.00797288|0.00519034|0.00477228|0.00433187,1,0.8313820958137512,True,706,0.8313820958137512,True,706,0.8988238573074341,True,706,0.8047617077827454,True,706,0.8251847624778748,True,c12_correct
707,708,708_5.bmp,preprocessed_results\708\708_5.bmp,707,707,707,0.810141384601593,619,0.015714775770902634,0.7944266088306904,707|619|772|827|644,0.81014138|0.01571478|0.00725912|0.00540935|0.00487665,1,0.810141384601593,True,707,0.810141384601593,True,707,0.7795225381851196,True,707,0.8375548124313354,True,707,0.8175740242004395,True,c12_correct
708,709,709_9.bmp,preprocessed_results\709\709_9.bmp,708,708,708,0.6291365027427673,659,0.02556150034070015,0.6035750024020672,708|659|709|619|600,0.62913650|0.02556150|0.01323757|0.01096509|0.01090585,1,0.6291365027427673,True,708,0.6291365027427673,True,708,0.8112240433692932,True,708,0.8069322109222412,True,708,0.7324357032775879,True,c12_correct
709,710,710_9.bmp,preprocessed_results\710\710_9.bmp,709,709,709,0.9441140294075012,708,0.006284214090555906,0.9378298153169453,709|708|633|827|757,0.94411403|0.00628421|0.00251658|0.00227369|0.00107950,1,0.9441140294075012,True,709,0.9441140294075012,True,709,0.8625116348266602,True,709,0.8198668360710144,True,709,0.806826651096344,True,c12_correct
710,711,711_3.bmp,preprocessed_results\711\711_3.bmp,710,710,710,0.9448078870773315,788,0.004668933339416981,0.9401389537379146,710|788|124|246|610,0.94480789|0.00466893|0.00118660|0.00076722|0.00076132,1,0.9448078870773315,True,710,0.9448078870773315,True,710,0.9016873836517334,True,710,0.8491073250770569,True,710,0.8474054336547852,True,c12_correct
711,712,712_10.bmp,preprocessed_results\712\712_10.bmp,711,711,711,0.8960955142974854,773,0.006253860890865326,0.88984165340662,711|773|568|581|272,0.89609551|0.00625386|0.00610592|0.00409270|0.00402764,1,0.8960955142974854,True,711,0.8960955142974854,True,711,0.5008769631385803,True,711,0.815839946269989,True,711,0.7459145784378052,True,c12_correct
712,713,713_1.bmp,preprocessed_results\713\713_1.bmp,712,712,712,0.9336841702461243,833,0.0023178316187113523,0.9313663386274129,712|833|182|619|42,0.93368417|0.00231783|0.00171247|0.00168208|0.00152720,1,0.9336841702461243,True,712,0.9336841702461243,True,712,0.7964853048324585,True,712,0.8216192722320557,True,712,0.7631890177726746,True,c12_correct
713,714,714_5.bmp,preprocessed_results\714\714_5.bmp,713,713,713,0.9173495769500732,583,0.003226295579224825,0.9141232813708484,713|583|589|582|819,0.91734958|0.00322630|0.00307018|0.00196738|0.00162830,1,0.9173495769500732,True,713,0.9173495769500732,True,713,0.7958324551582336,True,713,0.8662267327308655,True,713,0.819880485534668,True,c12_correct
714,715,715_7.bmp,preprocessed_results\715\715_7.bmp,714,714,714,0.8111544251441956,619,0.013943844474852085,0.7972105806693435,714|619|800|709|670,0.81115443|0.01394384|0.00648931|0.00634372|0.00396458,1,0.8111544251441956,True,714,0.8111544251441956,True,714,0.8066099286079407,True,714,0.8299732804298401,True,714,0.8449108600616455,True,c12_correct
715,716,716_2.bmp,preprocessed_results\716\716_2.bmp,715,715,715,0.7949556112289429,733,0.007309954613447189,0.7876456566154957,715|733|681|730|671,0.79495561|0.00730995|0.00601711|0.00511391|0.00505275,1,0.7949556112289429,True,715,0.7949556112289429,True,715,0.8294448852539062,True,715,0.831108570098877,True,715,0.8237711191177368,True,c12_correct
716,717,717_6.bmp,preprocessed_results\717\717_6.bmp,716,716,716,0.5838840007781982,780,0.02771170809864998,0.5561722926795483,716|780|617|5|734,0.58388400|0.02771171|0.02211312|0.01098528|0.00856301,1,0.5838840007781982,True,716,0.5838840007781982,True,716,0.5626362562179565,True,716,0.7956428527832031,True,716,0.70195072889328,True,c12_correct
717,718,718_9.bmp,preprocessed_results\718\718_9.bmp,717,717,717,0.9080020785331726,716,0.00836651399731636,0.8996355645358562,717|716|723|713|729,0.90800208|0.00836651|0.00346013|0.00186329|0.00153317,1,0.9080020785331726,True,717,0.9080020785331726,True,717,0.7832764983177185,True,717,0.8654016256332397,True,717,0.8547244668006897,True,c12_correct
718,719,719_3.bmp,preprocessed_results\719\719_3.bmp,718,718,718,0.8396704792976379,688,0.012526734732091427,0.8271437445655465,718|688|716|590|692,0.83967048|0.01252673|0.00561274|0.00527344|0.00413771,1,0.8396704792976379,True,718,0.8396704792976379,True,718,0.6867493391036987,True,718,0.8261821269989014,True,718,0.7831935882568359,True,c12_correct
719,720,720_8.bmp,preprocessed_results\720\720_8.bmp,719,719,719,0.8972492814064026,607,0.005541473627090454,0.8917078077793121,719|607|734|762|785,0.89724928|0.00554147|0.00396297|0.00378892|0.00344439,1,0.8972492814064026,True,719,0.8972492814064026,True,719,0.8718757629394531,True,719,0.8411716818809509,True,719,0.8633854985237122,True,c12_correct
720,721,721_5.bmp,preprocessed_results\721\721_5.bmp,720,720,720,0.9282821416854858,635,0.005208891350775957,0.9230732503347099,720|635|630|833|628,0.92828214|0.00520889|0.00172849|0.00172431|0.00170765,1,0.9282821416854858,True,720,0.9282821416854858,True,720,0.6558298468589783,True,720,0.8223745822906494,True,720,0.7489140629768372,True,c12_correct
721,722,722_8.bmp,preprocessed_results\722\722_8.bmp,721,721,721,0.9547433257102966,102,0.0023045239504426718,0.952438801759854,721|102|106|103|689,0.95474333|0.00230452|0.00215496|0.00156428|0.00127097,1,0.9547433257102966,True,721,0.9547433257102966,True,721,0.8522708415985107,True,721,0.8350260853767395,True,721,0.7737956643104553,True,c12_correct
722,723,723_5.bmp,preprocessed_results\723\723_5.bmp,722,722,722,0.9207573533058167,614,0.008578470908105373,0.9121788823977113,722|614|702|828|175,0.92075735|0.00857847|0.00280006|0.00186083|0.00146396,1,0.9207573533058167,True,722,0.9207573533058167,True,722,0.7884635329246521,True,722,0.8220201730728149,True,722,0.8602184057235718,True,c12_correct
723,724,724_6.bmp,preprocessed_results\724\724_6.bmp,723,723,723,0.7937037944793701,135,0.011996724642813206,0.7817070698365569,723|135|777|713|141,0.79370379|0.01199672|0.00706557|0.00551560|0.00538811,1,0.7937037944793701,True,723,0.7937037944793701,True,723,0.6225326061248779,True,723,0.7992411255836487,True,723,0.6476049423217773,True,c12_correct
724,725,725_1.bmp,preprocessed_results\725\725_1.bmp,724,724,724,0.9450370073318481,698,0.0023480516392737627,0.9426889556925744,724|698|725|500|762,0.94503701|0.00234805|0.00231673|0.00160372|0.00152200,1,0.9450370073318481,True,724,0.9450370073318481,True,724,0.826915979385376,True,724,0.8171414136886597,True,724,0.8406717777252197,True,c12_correct
725,726,726_10.bmp,preprocessed_results\726\726_10.bmp,725,725,725,0.910799503326416,250,0.005073761101812124,0.9057257422246039,725|250|573|724|831,0.91079950|0.00507376|0.00334636|0.00334172|0.00308458,1,0.910799503326416,True,725,0.910799503326416,True,725,0.6343439817428589,True,725,0.8143738508224487,True,725,0.8659583926200867,True,c12_correct
726,727,727_4.bmp,preprocessed_results\727\727_4.bmp,726,726,726,0.3262265920639038,594,0.0642429068684578,0.261983685195446,726|594|630|595|734,0.32622659|0.06424291|0.06008328|0.03695297|0.02390726,1,0.3262265920639038,True,726,0.3262265920639038,True,726,0.7094920873641968,True,726,0.799552321434021,True,726,0.5761816501617432,True,c12_correct
727,728,728_7.bmp,preprocessed_results\728\728_7.bmp,727,727,727,0.8724018335342407,726,0.009931902401149273,0.8624699311330914,727|726|703|595|51,0.87240183|0.00993190|0.00720651|0.00394577|0.00258565,1,0.8724018335342407,True,727,0.8724018335342407,True,727,0.7832393050193787,True,727,0.8069332838058472,True,727,0.7975663542747498,True,c12_correct
728,729,729_5.bmp,preprocessed_results\729\729_5.bmp,728,728,728,0.9335289597511292,658,0.003714518388733268,0.9298144413623959,728|658|729|768|253,0.93352896|0.00371452|0.00362363|0.00318337|0.00312163,1,0.9335289597511292,True,728,0.9335289597511292,True,728,0.8730370402336121,True,728,0.8134559392929077,True,728,0.8519501686096191,True,c12_correct
729,730,730_7.bmp,preprocessed_results\730\730_7.bmp,729,729,729,0.9190352559089661,728,0.012117169797420502,0.9069180861115456,729|728|658|768|670,0.91903526|0.01211717|0.00357044|0.00211770|0.00158993,1,0.9190352559089661,True,729,0.9190352559089661,True,729,0.651513397693634,True,729,0.8108862042427063,True,729,0.745355486869812,True,c12_correct
730,731,731_10.bmp,preprocessed_results\731\731_10.bmp,730,730,730,0.1062302514910698,731,0.07341843843460083,0.032811813056468964,730|731|712|575|659,0.10623025|0.07341844|0.05814347|0.02749228|0.02515864,1,0.1062302514910698,True,730,0.1062302514910698,True,730,0.13370417058467865,True,730,0.7891611456871033,True,730,0.3374369442462921,True,c12_correct
731,732,732_6.bmp,preprocessed_results\732\732_6.bmp,731,731,731,0.8699841499328613,730,0.028979342430830002,0.8410048075020313,731|730|707|706|582,0.86998415|0.02897934|0.00713810|0.00684268|0.00395086,1,0.8699841499328613,True,731,0.8699841499328613,True,731,0.802076518535614,True,731,0.8301293253898621,True,731,0.8427202701568604,True,c12_correct
732,733,733_7.bmp,preprocessed_results\733\733_7.bmp,732,732,732,0.9561110734939575,733,0.004738837946206331,0.9513722355477512,732|733|749|818|396,0.95611107|0.00473884|0.00116749|0.00104834|0.00100782,1,0.9561110734939575,True,732,0.9561110734939575,True,732,0.8801876306533813,True,732,0.8160028457641602,True,732,0.7840685248374939,True,c12_correct
733,734,734_6.bmp,preprocessed_results\734\734_6.bmp,733,733,733,0.8092443943023682,194,0.006411682348698378,0.8028327119536698,733|194|180|631|125,0.80924439|0.00641168|0.00498671|0.00423555|0.00301637,1,0.8092443943023682,True,733,0.8092443943023682,True,733,0.3716263175010681,True,733,0.8069204688072205,True,733,0.5465685129165649,True,c12_correct
734,735,735_7.bmp,preprocessed_results\735\735_7.bmp,734,734,734,0.7963545322418213,594,0.03243853151798248,0.7639160007238388,734|594|761|756|572,0.79635453|0.03243853|0.00632790|0.00553409|0.00516880,1,0.7963545322418213,True,734,0.7963545322418213,True,734,0.7940828800201416,True,734,0.8314414620399475,True,734,0.8008023500442505,True,c12_correct
735,736,736_1.bmp,preprocessed_results\736\736_1.bmp,735,735,735,0.9094520211219788,36,0.003522709710523486,0.9059293114114553,735|36|759|777|783,0.90945202|0.00352271|0.00340022|0.00230786|0.00196248,1,0.9094520211219788,True,735,0.9094520211219788,True,735,0.8419012427330017,True,735,0.8397605419158936,True,735,0.7869759202003479,True,c12_correct
736,737,737_5.bmp,preprocessed_results\737\737_5.bmp,736,736,736,0.9341039061546326,694,0.002668290864676237,0.9314356152899563,736|694|285|737|820,0.93410391|0.00266829|0.00232065|0.00213130|0.00146719,1,0.9341039061546326,True,736,0.9341039061546326,True,736,0.8102192282676697,True,736,0.8206385970115662,True,736,0.8199791312217712,True,c12_correct
737,738,738_1.bmp,preprocessed_results\738\738_1.bmp,737,737,737,0.8945082426071167,736,0.002608655719086528,0.8918995868880302,737|736|620|159|661,0.89450824|0.00260866|0.00218494|0.00200150|0.00170025,1,0.8945082426071167,True,737,0.8945082426071167,True,737,0.6827730536460876,True,737,0.8103747367858887,True,737,0.8601246476173401,True,c12_correct
738,739,739_10.bmp,preprocessed_results\739\739_10.bmp,738,738,738,0.8907516002655029,739,0.014024834148585796,0.8767267661169171,738|739|629|156|176,0.89075160|0.01402483|0.00734026|0.00231602|0.00205612,1,0.8907516002655029,True,738,0.8907516002655029,True,738,0.6232466101646423,True,738,0.7946040630340576,True,738,0.6754065155982971,True,c12_correct
739,740,740_5.bmp,preprocessed_results\740\740_5.bmp,739,739,739,0.8784518241882324,738,0.01714283786714077,0.8613089863210917,739|738|691|829|629,0.87845182|0.01714284|0.00415078|0.00390176|0.00361101,1,0.8784518241882324,True,739,0.8784518241882324,True,739,0.6708300709724426,True,739,0.8389901518821716,True,739,0.8182113766670227,True,c12_correct
740,741,741_5.bmp,preprocessed_results\741\741_5.bmp,740,740,740,0.9233617186546326,582,0.007838953286409378,0.9155227653682232,740|582|784|186|574,0.92336172|0.00783895|0.00243434|0.00223310|0.00167133,1,0.9233617186546326,True,740,0.9233617186546326,True,740,0.7132567167282104,True,740,0.8359063863754272,True,740,0.786200225353241,True,c12_correct
741,742,742_3.bmp,preprocessed_results\742\742_3.bmp,741,741,741,0.8429444432258606,697,0.0036386901047080755,0.8393057531211525,741|697|791|764|772,0.84294444|0.00363869|0.00321160|0.00303383|0.00282138,1,0.8429444432258606,True,741,0.8429444432258606,True,741,0.7002654671669006,True,741,0.8210167288780212,True,741,0.8347502946853638,True,c12_correct
742,743,743_3.bmp,preprocessed_results\743\743_3.bmp,742,742,742,0.8916833996772766,743,0.00814695842564106,0.8835364412516356,742|743|760|679|586,0.89168340|0.00814696|0.00555604|0.00428358|0.00336299,1,0.8916833996772766,True,742,0.8916833996772766,True,742,0.5366860628128052,True,742,0.8249933123588562,True,742,0.6989537477493286,True,c12_correct
743,744,744_9.bmp,preprocessed_results\744\744_9.bmp,743,743,743,0.931404173374176,649,0.009708096273243427,0.9216960771009326,743|649|689|577|803,0.93140417|0.00970810|0.00433788|0.00362783|0.00208547,1,0.931404173374176,True,743,0.931404173374176,True,743,0.8428818583488464,True,743,0.8203832507133484,True,743,0.83699631690979,True,c12_correct
744,745,745_4.bmp,preprocessed_results\745\745_4.bmp,744,744,744,0.9472144842147827,587,0.006129903253167868,0.9410845809616148,744|587|745|272|57,0.94721448|0.00612990|0.00095269|0.00089711|0.00082255,1,0.9472144842147827,True,744,0.9472144842147827,True,744,0.8404918313026428,True,744,0.835802435874939,True,744,0.8406144976615906,True,c12_correct
745,746,746_6.bmp,preprocessed_results\746\746_6.bmp,745,745,745,0.9049212336540222,744,0.013177460059523582,0.8917437735944986,745|744|628|629|687,0.90492123|0.01317746|0.00346157|0.00165178|0.00151130,1,0.9049212336540222,True,745,0.9049212336540222,True,745,0.8211878538131714,True,745,0.8045864701271057,True,745,0.8436995148658752,True,c12_correct
746,747,747_5.bmp,preprocessed_results\747\747_5.bmp,746,746,746,0.8305685520172119,700,0.010825777426362038,0.8197427745908499,746|700|810|111|748,0.83056855|0.01082578|0.00667723|0.00338173|0.00334091,1,0.8305685520172119,True,746,0.8305685520172119,True,746,0.8934510946273804,True,746,0.816819429397583,True,746,0.789045512676239,True,c12_correct
747,748,748_10.bmp,preprocessed_results\748\748_10.bmp,747,747,747,0.8059059977531433,797,0.008849128149449825,0.7970568696036935,747|797|759|623|795,0.80590600|0.00884913|0.00849750|0.00478187|0.00477759,1,0.8059059977531433,True,747,0.8059059977531433,True,747,0.5942050814628601,True,747,0.822374165058136,True,747,0.7030231356620789,True,c12_correct
748,749,749_4.bmp,preprocessed_results\749\749_4.bmp,748,748,748,0.7373620271682739,749,0.019177548587322235,0.7181844785809517,748|749|339|812|110,0.73736203|0.01917755|0.01703090|0.00861036|0.00846049,1,0.7373620271682739,True,748,0.7373620271682739,True,748,0.6167593002319336,True,748,0.8198447227478027,True,748,0.7673811912536621,True,c12_correct
749,750,750_3.bmp,preprocessed_results\750\750_3.bmp,749,749,749,0.3115134835243225,733,0.05753219872713089,0.2539812847971916,749|733|812|341|669,0.31151348|0.05753220|0.02374518|0.02154453|0.01865540,1,0.3115134835243225,True,749,0.3115134835243225,True,749,0.05390109866857529,True,749,0.7678540945053101,True,749,0.27677640318870544,True,c12_correct
750,751,751_10.bmp,preprocessed_results\751\751_10.bmp,750,750,750,0.7461881041526794,636,0.009088316932320595,0.7370997872203588,750|636|676|677|804,0.74618810|0.00908832|0.00748894|0.00565673|0.00545388,1,0.7461881041526794,True,750,0.7461881041526794,True,750,0.425139844417572,True,750,0.806046187877655,True,750,0.5551028251647949,True,c12_correct
751,752,752_1.bmp,preprocessed_results\752\752_1.bmp,751,751,751,0.9090819358825684,750,0.005588744301348925,0.9034931915812194,751|750|809|30|677,0.90908194|0.00558874|0.00371742|0.00274904|0.00235425,1,0.9090819358825684,True,751,0.9090819358825684,True,751,0.8482720255851746,True,751,0.8352059125900269,True,751,0.8272689580917358,True,c12_correct
752,753,753_9.bmp,preprocessed_results\753\753_9.bmp,752,752,752,0.8376048803329468,753,0.027818182483315468,0.8097866978496313,752|753|92|831|206,0.83760488|0.02781818|0.00437279|0.00318217|0.00218617,1,0.8376048803329468,True,752,0.8376048803329468,True,752,0.8024954795837402,True,752,0.8090261816978455,True,752,0.7966165542602539,True,c12_correct
753,754,754_7.bmp,preprocessed_results\754\754_7.bmp,753,753,753,0.8407496213912964,752,0.0054139248095452785,0.8353356965817511,753|752|290|11|747,0.84074962|0.00541392|0.00347505|0.00258726|0.00255969,1,0.8407496213912964,True,753,0.8407496213912964,True,753,0.8344249129295349,True,753,0.8393559455871582,True,753,0.8602154850959778,True,c12_correct
754,755,755_4.bmp,preprocessed_results\755\755_4.bmp,754,754,754,0.8101603984832764,784,0.008523723110556602,0.8016366753727198,754|784|755|779|615,0.81016040|0.00852372|0.00683415|0.00563239|0.00397165,1,0.8101603984832764,True,754,0.8101603984832764,True,754,0.8089666366577148,True,754,0.8204677700996399,True,754,0.7471224069595337,True,c12_correct
755,756,756_7.bmp,preprocessed_results\756\756_7.bmp,755,755,755,0.5715641379356384,754,0.016495300456881523,0.5550688374787569,755|754|821|673|827,0.57156414|0.01649530|0.01017432|0.00998441|0.00862056,1,0.5715641379356384,True,755,0.5715641379356384,True,755,0.4699784219264984,True,755,0.8088878393173218,True,755,0.6238556504249573,True,c12_correct
756,757,757_5.bmp,preprocessed_results\757\757_5.bmp,756,756,756,0.560049295425415,826,0.02953704632818699,0.530512249097228,756|826|757|618|685,0.56004930|0.02953705|0.02559421|0.02416407|0.02270280,1,0.560049295425415,True,756,0.560049295425415,True,756,0.42578789591789246,True,756,0.7739802002906799,True,756,0.5101516842842102,True,c12_correct
757,758,758_10.bmp,preprocessed_results\758\758_10.bmp,757,757,757,0.9118286371231079,756,0.008022235706448555,0.9038064014166594,757|756|790|827|621,0.91182864|0.00802224|0.00248527|0.00240544|0.00235610,1,0.9118286371231079,True,757,0.9118286371231079,True,757,0.8131369948387146,True,757,0.8541081547737122,True,757,0.819161593914032,True,c12_correct
758,759,759_7.bmp,preprocessed_results\759\759_7.bmp,758,758,758,0.9372477531433105,820,0.004361520987004042,0.9328862321563065,758|820|626|734|617,0.93724775|0.00436152|0.00251671|0.00163079|0.00155672,1,0.9372477531433105,True,758,0.9372477531433105,True,758,0.8703835010528564,True,758,0.8223780393600464,True,758,0.8737745881080627,True,c12_correct
759,760,760_7.bmp,preprocessed_results\760\760_7.bmp,759,759,759,0.48685014247894287,683,0.02083953283727169,0.4660106096416712,759|683|621|597|583,0.48685014|0.02083953|0.01925646|0.01726818|0.01146696,1,0.48685014247894287,True,759,0.48685014247894287,True,759,0.46561285853385925,True,759,0.8187664747238159,True,759,0.7191508412361145,True,c12_correct
760,761,761_2.bmp,preprocessed_results\761\761_2.bmp,760,760,760,0.4717617630958557,607,0.01725057139992714,0.4545111916959286,760|607|759|772|80,0.47176176|0.01725057|0.01262717|0.01256522|0.01249307,1,0.4717617630958557,True,760,0.4717617630958557,True,760,0.3863924443721771,True,760,0.8248385190963745,True,760,0.6396490335464478,True,c12_correct
761,762,762_2.bmp,preprocessed_results\762\762_2.bmp,761,761,761,0.6693935990333557,139,0.009219170548021793,0.6601744284853339,761|139|653|586|96,0.66939360|0.00921917|0.00686718|0.00671329|0.00542420,1,0.6693935990333557,True,761,0.6693935990333557,True,761,0.8449850082397461,True,761,0.8468576669692993,True,761,0.8162725567817688,True,c12_correct
762,763,763_5.bmp,preprocessed_results\763\763_5.bmp,762,762,762,0.9726047515869141,763,0.001782562816515565,0.9708221887703985,762|763|719|734|768,0.97260475|0.00178256|0.00159759|0.00158868|0.00094113,1,0.9726047515869141,True,762,0.9726047515869141,True,762,0.8864448666572571,True,762,0.8141148686408997,True,762,0.9264835119247437,True,c12_correct
763,764,764_9.bmp,preprocessed_results\764\764_9.bmp,763,763,763,0.9286496043205261,287,0.0034382848534733057,0.9252113194670528,763|287|260|295|59,0.92864960|0.00343828|0.00333934|0.00164215|0.00113419,1,0.9286496043205261,True,763,0.9286496043205261,True,763,0.4626695513725281,True,763,0.8256973028182983,True,763,0.7456676363945007,True,c12_correct
764,765,765_10.bmp,preprocessed_results\765\765_10.bmp,764,764,764,0.8724472522735596,780,0.011192693375051022,0.8612545588985085,764|780|708|810|765,0.87244725|0.01119269|0.00444799|0.00328458|0.00275879,1,0.8724472522735596,True,764,0.8724472522735596,True,764,0.8529503345489502,True,764,0.8475973010063171,True,764,0.8283530473709106,True,c12_correct
765,766,766_4.bmp,preprocessed_results\766\766_4.bmp,765,765,765,0.884504497051239,757,0.013052788563072681,0.8714517084881663,765|757|683|767|764,0.88450450|0.01305279|0.01226428|0.00451972|0.00233725,1,0.884504497051239,True,765,0.884504497051239,True,765,0.8672357797622681,True,765,0.8218420743942261,True,765,0.843184232711792,True,c12_correct
766,767,767_1.bmp,preprocessed_results\767\767_1.bmp,766,766,766,0.8598540425300598,241,0.015958545729517937,0.8438954968005419,766|241|133|330|237,0.85985404|0.01595855|0.00617640|0.00562906|0.00401868,1,0.8598540425300598,True,766,0.8598540425300598,True,766,0.8010082244873047,True,766,0.8330778479576111,True,766,0.7541123032569885,True,c12_correct
767,768,768_7.bmp,preprocessed_results\768\768_7.bmp,767,767,767,0.9321449398994446,762,0.004727670457214117,0.9274172694422305,767|762|766|68|757,0.93214494|0.00472767|0.00378557|0.00140530|0.00103649,1,0.9321449398994446,True,767,0.9321449398994446,True,767,0.8669053912162781,True,767,0.8321184515953064,True,767,0.881009042263031,True,c12_correct
768,769,769_3.bmp,preprocessed_results\769\769_3.bmp,768,768,768,0.4609009921550751,807,0.03576754406094551,0.42513344809412956,768|807|639|792|568,0.46090099|0.03576754|0.02195471|0.02127619|0.01953872,1,0.4609009921550751,True,768,0.4609009921550751,True,768,0.6220777034759521,True,768,0.8202661871910095,True,768,0.6661307215690613,True,c12_correct
769,770,770_7.bmp,preprocessed_results\770\770_7.bmp,769,769,769,0.8160080313682556,807,0.05441170930862427,0.7615963220596313,769|807|791|633|768,0.81600803|0.05441171|0.00578610|0.00477753|0.00452865,1,0.8160080313682556,True,769,0.8160080313682556,True,769,0.844516932964325,True,769,0.8198307156562805,True,769,0.7372100353240967,True,c12_correct
770,771,771_5.bmp,preprocessed_results\771\771_5.bmp,770,770,770,0.9484187364578247,310,0.0020008073188364506,0.9464179291389883,770|310|771|782|674,0.94841874|0.00200081|0.00169841|0.00154318|0.00134165,1,0.9484187364578247,True,770,0.9484187364578247,True,770,0.9242972135543823,True,770,0.8612874150276184,True,770,0.8671259880065918,True,c12_correct
771,772,772_2.bmp,preprocessed_results\772\772_2.bmp,771,771,771,0.8946185111999512,603,0.003405041294172406,0.8912134699057788,771|603|816|770|747,0.89461851|0.00340504|0.00338645|0.00216625|0.00204140,1,0.8946185111999512,True,771,0.8946185111999512,True,771,0.8333413600921631,True,771,0.8263617753982544,True,771,0.8189568519592285,True,c12_correct
772,773,773_2.bmp,preprocessed_results\773\773_2.bmp,772,772,772,0.9212948679924011,773,0.010741572827100754,0.9105532951653004,772|773|741|707|647,0.92129487|0.01074157|0.00310171|0.00233223|0.00117741,1,0.9212948679924011,True,772,0.9212948679924011,True,772,0.7737786173820496,True,772,0.8130958080291748,True,772,0.802988588809967,True,c12_correct
773,774,774_10.bmp,preprocessed_results\774\774_10.bmp,773,773,773,0.8244209289550781,772,0.037773728370666504,0.7866472005844116,773|772|823|583|142,0.82442093|0.03777373|0.00523855|0.00411033|0.00382663,1,0.8244209289550781,True,773,0.8244209289550781,True,773,0.2890675961971283,True,773,0.7663669586181641,True,773,0.5089797377586365,True,c12_correct
774,775,775_1.bmp,preprocessed_results\775\775_1.bmp,774,774,774,0.8514877557754517,766,0.0053273462690413,0.8461604095064104,774|766|654|756|609,0.85148776|0.00532735|0.00429303|0.00406284|0.00350772,1,0.8514877557754517,True,774,0.8514877557754517,True,774,0.6370245218276978,True,774,0.8085955381393433,True,774,0.6804124712944031,True,c12_correct
775,776,776_9.bmp,preprocessed_results\776\776_9.bmp,775,775,775,0.8426170349121094,827,0.008552509360015392,0.834064525552094,775|827|587|709|692,0.84261703|0.00855251|0.00677767|0.00649315|0.00433883,1,0.8426170349121094,True,775,0.8426170349121094,True,775,0.7591488361358643,True,775,0.83292156457901,True,775,0.7964518070220947,True,c12_correct
776,777,777_7.bmp,preprocessed_results\777\777_7.bmp,776,776,776,0.7265868186950684,777,0.03275055065751076,0.6938362680375576,776|777|784|659|793,0.72658682|0.03275055|0.01744216|0.00678504|0.00482983,1,0.7265868186950684,True,776,0.7265868186950684,True,776,0.35153302550315857,True,776,0.8151620626449585,True,776,0.5621093511581421,True,c12_correct
777,778,778_3.bmp,preprocessed_results\778\778_3.bmp,777,777,777,0.9639489650726318,776,0.0016874315915629268,0.9622615334810689,777|776|581|829|759,0.96394897|0.00168743|0.00109695|0.00085639|0.00077853,1,0.9639489650726318,True,777,0.9639489650726318,True,777,0.8554141521453857,True,777,0.8536622524261475,True,777,0.7581092715263367,True,c12_correct
778,779,779_2.bmp,preprocessed_results\779\779_2.bmp,778,778,778,0.8822451233863831,132,0.003197215497493744,0.8790479078888893,778|132|410|671|297,0.88224512|0.00319722|0.00300615|0.00296800|0.00202842,1,0.8822451233863831,True,778,0.8822451233863831,True,778,0.8275300860404968,True,778,0.7983047366142273,True,778,0.8338059186935425,True,c12_correct
779,780,780_7.bmp,preprocessed_results\780\780_7.bmp,779,779,779,0.9207550287246704,23,0.003541290760040283,0.9172137379646301,779|23|784|778|107,0.92075503|0.00354129|0.00271155|0.00174633|0.00170516,1,0.9207550287246704,True,779,0.9207550287246704,True,779,0.7505873441696167,True,779,0.8327327966690063,True,779,0.8817277550697327,True,c12_correct
780,781,781_4.bmp,preprocessed_results\781\781_4.bmp,780,780,780,0.8407438397407532,764,0.04354873672127724,0.7971951030194759,780|764|668|811|820,0.84074384|0.04354874|0.00556968|0.00398815|0.00374036,1,0.8407438397407532,True,780,0.8407438397407532,True,780,0.7823757529258728,True,780,0.8120697140693665,True,780,0.7439947128295898,True,c12_correct
781,782,782_8.bmp,preprocessed_results\782\782_8.bmp,781,781,781,0.3034597933292389,812,0.021826762706041336,0.28163303062319756,781|812|780|733|543,0.30345979|0.02182676|0.01789705|0.01589101|0.01348261,1,0.3034597933292389,True,781,0.3034597933292389,True,781,0.5130535364151001,True,781,0.809104859828949,True,781,0.7177642583847046,True,c12_correct
782,783,783_5.bmp,preprocessed_results\783\783_5.bmp,782,782,782,0.9253204464912415,110,0.003987609874457121,0.9213328366167843,782|110|410|783|668,0.92532045|0.00398761|0.00310105|0.00196399|0.00185233,1,0.9253204464912415,True,782,0.9253204464912415,True,782,0.8377717137336731,True,782,0.8274394869804382,True,782,0.8592616319656372,True,c12_correct
783,784,784_3.bmp,preprocessed_results\784\784_3.bmp,783,783,783,0.8325664401054382,589,0.006484655197709799,0.8260817849077284,783|589|587|610|780,0.83256644|0.00648466|0.00579348|0.00550600|0.00475521,1,0.8325664401054382,True,783,0.8325664401054382,True,783,0.682346522808075,True,783,0.823278546333313,True,783,0.701256513595581,True,c12_correct
784,785,785_5.bmp,preprocessed_results\785\785_5.bmp,784,784,784,0.9394363760948181,572,0.0045303055085241795,0.9349060705862939,784|572|758|785|626,0.93943638|0.00453031|0.00440733|0.00164087|0.00149932,1,0.9394363760948181,True,784,0.9394363760948181,True,784,0.7829760313034058,True,784,0.8028006553649902,True,784,0.7331425547599792,True,c12_correct
785,786,786_5.bmp,preprocessed_results\786\786_5.bmp,785,785,785,0.6334406733512878,646,0.01461529079824686,0.618825382553041,785|646|728|199|198,0.63344067|0.01461529|0.01447629|0.01022495|0.00721134,1,0.6334406733512878,True,785,0.6334406733512878,True,785,0.4986671805381775,True,785,0.8118979930877686,True,785,0.6348058581352234,True,c12_correct
786,787,787_7.bmp,preprocessed_results\787\787_7.bmp,786,786,786,0.919550359249115,211,0.005472361110150814,0.9140779981389642,786|211|638|338|692,0.91955036|0.00547236|0.00432374|0.00229224|0.00172380,1,0.919550359249115,True,786,0.919550359249115,True,786,0.7983059287071228,True,786,0.8385656476020813,True,786,0.8324108719825745,True,c12_correct
787,788,788_4.bmp,preprocessed_results\788\788_4.bmp,787,787,787,0.9277175068855286,723,0.004096178337931633,0.9236213285475969,787|723|601|614|30,0.92771751|0.00409618|0.00295563|0.00207399|0.00179975,1,0.9277175068855286,True,787,0.9277175068855286,True,787,0.7396114468574524,True,787,0.8288825750350952,True,787,0.8266700506210327,True,c12_correct
788,789,789_3.bmp,preprocessed_results\789\789_3.bmp,788,788,788,0.76276695728302,710,0.0381176583468914,0.7246492989361286,788|710|789|580|246,0.76276696|0.03811766|0.00628049|0.00388907|0.00351694,1,0.76276695728302,True,788,0.76276695728302,True,788,0.8578034043312073,True,788,0.8190180659294128,True,788,0.8522015810012817,True,c12_correct
789,790,790_6.bmp,preprocessed_results\790\790_6.bmp,789,789,789,0.9072405099868774,695,0.00445905514061451,0.9027814548462629,789|695|772|749|657,0.90724051|0.00445906|0.00396114|0.00239814|0.00192525,1,0.9072405099868774,True,789,0.9072405099868774,True,789,0.8916593194007874,True,789,0.8339644074440002,True,789,0.8176243305206299,True,c12_correct
790,791,791_6.bmp,preprocessed_results\791\791_6.bmp,790,790,790,0.9148312211036682,621,0.005306275561451912,0.9095249455422163,790|621|791|827|757,0.91483122|0.00530628|0.00436733|0.00297982|0.00269372,1,0.9148312211036682,True,790,0.9148312211036682,True,790,0.8379978537559509,True,790,0.8025386929512024,True,790,0.808245062828064,True,c12_correct
791,792,792_9.bmp,preprocessed_results\792\792_9.bmp,791,791,791,0.6944563984870911,586,0.03543435037136078,0.6590220481157303,791|586|807|801|738,0.69445640|0.03543435|0.02480897|0.01683504|0.00575268,1,0.6944563984870911,True,791,0.6944563984870911,True,791,0.5546739101409912,True,791,0.8044087886810303,True,791,0.649776816368103,True,c12_correct
792,793,793_1.bmp,preprocessed_results\793\793_1.bmp,792,792,792,0.8103669881820679,793,0.014988123439252377,0.7953788647428155,792|793|768|791|824,0.81036699|0.01498812|0.00927863|0.00500645|0.00384579,1,0.8103669881820679,True,792,0.8103669881820679,True,792,0.5016608238220215,True,792,0.8311678171157837,True,792,0.7395445704460144,True,c12_correct
793,794,794_2.bmp,preprocessed_results\794\794_2.bmp,793,793,793,0.9447817802429199,792,0.004441531375050545,0.9403402488678694,793|792|613|707|730,0.94478178|0.00444153|0.00426328|0.00135189|0.00116044,1,0.9447817802429199,True,793,0.9447817802429199,True,793,0.7918055653572083,True,793,0.8197426795959473,True,793,0.8239144682884216,True,c12_correct
794,795,795_7.bmp,preprocessed_results\795\795_7.bmp,794,794,794,0.9443234205245972,510,0.0018051005899906158,0.9425183199346066,794|510|64|747|327,0.94432342|0.00180510|0.00128673|0.00115528|0.00091477,1,0.9443234205245972,True,794,0.9443234205245972,True,794,0.8861412405967712,True,794,0.838858962059021,True,794,0.8409881591796875,True,c12_correct
795,796,796_5.bmp,preprocessed_results\796\796_5.bmp,795,795,795,0.9414215087890625,24,0.00210636667907238,0.9393151421099901,795|24|112|262|819,0.94142151|0.00210637|0.00181509|0.00179372|0.00108881,1,0.9414215087890625,True,795,0.9414215087890625,True,795,0.8512799739837646,True,795,0.809112548828125,True,795,0.7890259027481079,True,c12_correct
796,797,797_6.bmp,preprocessed_results\797\797_6.bmp,796,796,796,0.941826343536377,632,0.0020779345650225878,0.9397484089713544,796|632|806|501|816,0.94182634|0.00207793|0.00207262|0.00180372|0.00164110,1,0.941826343536377,True,796,0.941826343536377,True,796,0.7734987139701843,True,796,0.8278284072875977,True,796,0.7948226928710938,True,c12_correct
797,798,798_4.bmp,preprocessed_results\798\798_4.bmp,797,797,797,0.8842521905899048,815,0.003686673706397414,0.8805655168835074,797|815|816|306|796,0.88425219|0.00368667|0.00354033|0.00330020|0.00319064,1,0.8842521905899048,True,797,0.8842521905899048,True,797,0.8465627431869507,True,797,0.8372403979301453,True,797,0.861422061920166,True,c12_correct
798,799,799_7.bmp,preprocessed_results\799\799_7.bmp,798,798,798,0.7208523750305176,632,0.011768274940550327,0.7090841000899673,798|632|340|147|595,0.72085238|0.01176827|0.00631961|0.00569770|0.00475076,1,0.7208523750305176,True,798,0.7208523750305176,True,798,0.7958263158798218,True,798,0.8344866633415222,True,798,0.8338578939437866,True,c12_correct
799,800,800_9.bmp,preprocessed_results\800\800_9.bmp,799,799,799,0.6671597361564636,758,0.04661784693598747,0.6205418892204762,799|758|820|626|627,0.66715974|0.04661785|0.01285570|0.01038933|0.00696014,1,0.6671597361564636,True,799,0.6671597361564636,True,799,0.6425712704658508,True,799,0.7443276047706604,True,799,0.7117093801498413,True,c12_correct
800,801,801_9.bmp,preprocessed_results\801\801_9.bmp,800,800,800,0.889040470123291,801,0.010681109502911568,0.8783593606203794,800|801|699|617|700,0.88904047|0.01068111|0.00766796|0.00224947|0.00192717,1,0.889040470123291,True,800,0.889040470123291,True,800,0.6927305459976196,True,800,0.8028324842453003,True,800,0.7952053546905518,True,c12_correct
801,802,802_10.bmp,preprocessed_results\802\802_10.bmp,801,801,801,0.8947631120681763,800,0.005953734274953604,0.8888093777932227,801|800|701|805|548,0.89476311|0.00595373|0.00307862|0.00257223|0.00239246,1,0.8947631120681763,True,801,0.8947631120681763,True,801,0.7864294052124023,True,801,0.8212141394615173,True,801,0.8285868167877197,True,c12_correct
802,803,803_6.bmp,preprocessed_results\803\803_6.bmp,802,802,802,0.5854989290237427,808,0.0311198178678751,0.5543791111558676,802|808|577|677|576,0.58549893|0.03111982|0.01432026|0.01298853|0.01117180,1,0.5854989290237427,True,802,0.5854989290237427,True,802,0.6579345464706421,True,802,0.8390828371047974,True,802,0.7771684527397156,True,c12_correct
803,804,804_5.bmp,preprocessed_results\804\804_5.bmp,803,803,803,0.8928762674331665,802,0.035447556525468826,0.8574287109076977,803|802|677|814|679,0.89287627|0.03544756|0.00889238|0.00196638|0.00115585,1,0.8928762674331665,True,803,0.8928762674331665,True,803,0.8135547041893005,True,803,0.829255998134613,True,803,0.7941527962684631,True,c12_correct
804,805,805_6.bmp,preprocessed_results\805\805_6.bmp,804,804,804,0.8559806942939758,648,0.04943021014332771,0.8065504841506481,804|648|372|640|645,0.85598069|0.04943021|0.01006809|0.00378963|0.00187220,1,0.8559806942939758,True,804,0.8559806942939758,True,804,0.8623617887496948,True,804,0.8114106059074402,True,804,0.8332839012145996,True,c12_correct
805,806,806_2.bmp,preprocessed_results\806\806_2.bmp,805,805,805,0.9374791979789734,635,0.004165131598711014,0.9333140663802624,805|635|667|641|601,0.93747920|0.00416513|0.00242109|0.00225785|0.00151215,1,0.9374791979789734,True,805,0.9374791979789734,True,805,0.8003060817718506,True,805,0.8363927602767944,True,805,0.8092162013053894,True,c12_correct
806,807,807_10.bmp,preprocessed_results\807\807_10.bmp,806,806,806,0.8911036252975464,778,0.006533441599458456,0.8845701836980879,806|778|810|807|398,0.89110363|0.00653344|0.00237519|0.00185336|0.00174581,1,0.8911036252975464,True,806,0.8911036252975464,True,806,0.8478014469146729,True,806,0.8689967393875122,True,806,0.8691104650497437,True,c12_correct
807,808,808_9.bmp,preprocessed_results\808\808_9.bmp,807,807,807,0.8517751693725586,801,0.008626164868474007,0.8431490045040846,807|801|593|800|653,0.85177517|0.00862616|0.00858196|0.00490991|0.00339358,1,0.8517751693725586,True,807,0.8517751693725586,True,807,0.665131688117981,True,807,0.8398054242134094,True,807,0.7523230314254761,True,c12_correct
808,809,809_9.bmp,preprocessed_results\809\809_9.bmp,808,808,808,0.9007327556610107,809,0.007019163109362125,0.8937135925516486,808|809|684|802|474,0.90073276|0.00701916|0.00312404|0.00277395|0.00220018,1,0.9007327556610107,True,808,0.9007327556610107,True,808,0.8457425236701965,True,808,0.8338132500648499,True,808,0.8517754077911377,True,c12_correct
809,810,810_2.bmp,preprocessed_results\810\810_2.bmp,809,809,809,0.9608831405639648,826,0.0026595215313136578,0.9582236190326512,809|826|808|832|800,0.96088314|0.00265952|0.00209177|0.00140731|0.00124166,1,0.9608831405639648,True,809,0.9608831405639648,True,809,0.9014624357223511,True,809,0.8320712447166443,True,809,0.8451311588287354,True,c12_correct
810,811,811_6.bmp,preprocessed_results\811\811_6.bmp,810,810,810,0.7925549745559692,806,0.011923182755708694,0.7806317918002605,810|806|830|287|236,0.79255497|0.01192318|0.01099991|0.00738723|0.00500116,1,0.7925549745559692,True,810,0.7925549745559692,True,810,0.6556991934776306,True,810,0.7777270078659058,True,810,0.7712095379829407,True,c12_correct
811,812,812_7.bmp,preprocessed_results\812\812_7.bmp,811,811,811,0.9769703149795532,17,0.00234152190387249,0.9746287930756807,811|17|759|810|683,0.97697031|0.00234152|0.00176770|0.00082816|0.00047890,1,0.9769703149795532,True,811,0.9769703149795532,True,811,0.8971156477928162,True,811,0.8440882563591003,True,811,0.8868623971939087,True,c12_correct
812,813,813_10.bmp,preprocessed_results\813\813_10.bmp,812,812,812,0.9115853309631348,742,0.004238123539835215,0.9073472074232996,812|742|727|651|781,0.91158533|0.00423812|0.00398545|0.00386503|0.00293463,1,0.9115853309631348,True,812,0.9115853309631348,True,812,0.7530909180641174,True,812,0.8285841941833496,True,812,0.7057342529296875,True,c12_correct
813,814,814_7.bmp,preprocessed_results\814\814_7.bmp,813,813,813,0.9233772158622742,812,0.005756886675953865,0.9176203291863203,813|812|809|827|744,0.92337722|0.00575689|0.00171264|0.00165305|0.00139139,1,0.9233772158622742,True,813,0.9233772158622742,True,813,0.8159284591674805,True,813,0.8379573822021484,True,813,0.8712455034255981,True,c12_correct
814,815,815_1.bmp,preprocessed_results\815\815_1.bmp,814,814,814,0.952081024646759,805,0.004036908503621817,0.9480441161431372,814|805|815|635|675,0.95208102|0.00403691|0.00236214|0.00193775|0.00080034,1,0.952081024646759,True,814,0.952081024646759,True,814,0.9168203473091125,True,814,0.8445712924003601,True,814,0.8545490503311157,True,c12_correct
815,816,816_10.bmp,preprocessed_results\816\816_10.bmp,815,815,815,0.9181552529335022,738,0.004159202333539724,0.9139960505999625,815|738|814|712|601,0.91815525|0.00415920|0.00337842|0.00179130|0.00157738,1,0.9181552529335022,True,815,0.9181552529335022,True,815,0.8046196699142456,True,815,0.8444237112998962,True,815,0.7264080047607422,True,c12_correct
816,817,817_10.bmp,preprocessed_results\817\817_10.bmp,816,816,816,0.922964334487915,796,0.007542357314378023,0.915421977173537,816|796|817|797|112,0.92296433|0.00754236|0.00698702|0.00335419|0.00307240,1,0.922964334487915,True,816,0.922964334487915,True,816,0.7738312482833862,True,816,0.8452804684638977,True,816,0.8351038098335266,True,c12_correct
817,818,818_5.bmp,preprocessed_results\818\818_5.bmp,817,817,817,0.589558482170105,792,0.018361994996666908,0.5711964871734381,817|792|273|816|602,0.58955848|0.01836199|0.01792649|0.01128780|0.00791928,1,0.589558482170105,True,817,0.589558482170105,True,817,0.8523483872413635,True,817,0.8392099738121033,True,817,0.8518121838569641,True,c12_correct
818,819,819_3.bmp,preprocessed_results\819\819_3.bmp,818,818,818,0.9400917887687683,60,0.0028267644811421633,0.9372650242876261,818|60|632|732|61,0.94009179|0.00282676|0.00089603|0.00083458|0.00080836,1,0.9400917887687683,True,818,0.9400917887687683,True,818,0.8573648929595947,True,818,0.8437612652778625,True,818,0.823134183883667,True,c12_correct
819,820,820_7.bmp,preprocessed_results\820\820_7.bmp,819,819,819,0.897376298904419,757,0.0055170138366520405,0.8918592850677669,819|757|633|755|795,0.89737630|0.00551701|0.00306488|0.00237633|0.00221103,1,0.897376298904419,True,819,0.897376298904419,True,819,0.8287280201911926,True,819,0.8267502188682556,True,819,0.8885705471038818,True,c12_correct
820,821,821_2.bmp,preprocessed_results\821\821_2.bmp,820,820,820,0.9251050353050232,780,0.004552711732685566,0.9205523235723376,820|780|811|764|810,0.92510504|0.00455271|0.00346268|0.00337686|0.00276321,1,0.9251050353050232,True,820,0.9251050353050232,True,820,0.7628335952758789,True,820,0.8203697204589844,True,820,0.8466358184814453,True,c12_correct
821,822,822_3.bmp,preprocessed_results\822\822_3.bmp,821,821,821,0.9208111763000488,673,0.007254679221659899,0.9135564970783889,821|673|740|755|87,0.92081118|0.00725468|0.00226146|0.00184769|0.00156889,1,0.9208111763000488,True,821,0.9208111763000488,True,821,0.8118764758110046,True,821,0.8407095074653625,True,821,0.8323631882667542,True,c12_correct
822,823,823_10.bmp,preprocessed_results\823\823_10.bmp,822,822,822,0.9418911933898926,823,0.005147155374288559,0.936744038015604,822|823|596|570|780,0.94189119|0.00514716|0.00457164|0.00148600|0.00111195,1,0.9418911933898926,True,822,0.9418911933898926,True,822,0.8878539204597473,True,822,0.8384420871734619,True,822,0.8571101427078247,True,c12_correct
823,824,824_8.bmp,preprocessed_results\824\824_8.bmp,823,823,823,0.9284567832946777,822,0.00168541818857193,0.9267713651061058,823|822|773|748|805,0.92845678|0.00168542|0.00112364|0.00107481|0.00105799,1,0.9284567832946777,True,823,0.9284567832946777,True,823,0.8278863430023193,True,823,0.8354722857475281,True,823,0.8636191487312317,True,c12_correct
824,825,825_10.bmp,preprocessed_results\825\825_10.bmp,824,824,824,0.9453408718109131,822,0.003110612742602825,0.9422302590683103,824|822|571|570|830,0.94534087|0.00311061|0.00210225|0.00193729|0.00148649,1,0.9453408718109131,True,824,0.9453408718109131,True,824,0.7188448905944824,True,824,0.7918769717216492,True,824,0.6961085796356201,True,c12_correct
825,826,826_2.bmp,preprocessed_results\826\826_2.bmp,825,825,825,0.9168574810028076,831,0.0025217272341251373,0.9143357537686825,825|831|770|763|777,0.91685748|0.00252173|0.00224463|0.00224222|0.00214728,1,0.9168574810028076,True,825,0.9168574810028076,True,825,0.9235658049583435,True,825,0.8366360068321228,True,825,0.8013372421264648,True,c12_correct
826,827,827_10.bmp,preprocessed_results\827\827_10.bmp,826,826,826,0.9228427410125732,827,0.00564603554084897,0.9171967054717243,826|827|751|616|757,0.92284274|0.00564604|0.00467755|0.00334882|0.00203056,1,0.9228427410125732,True,826,0.9228427410125732,True,826,0.8816589713096619,True,826,0.8449801206588745,True,826,0.780332088470459,True,c12_correct
827,828,828_10.bmp,preprocessed_results\828\828_10.bmp,827,827,827,0.881659746170044,826,0.017164956778287888,0.8644947893917561,827|826|691|644|645,0.88165975|0.01716496|0.00665608|0.00441510|0.00251979,1,0.881659746170044,True,827,0.881659746170044,True,827,0.7068804502487183,True,827,0.8418859243392944,True,827,0.7859734296798706,True,c12_correct
828,829,829_2.bmp,preprocessed_results\829\829_2.bmp,828,828,828,0.8744096755981445,786,0.006998667027801275,0.8674110085703433,828|786|650|692|580,0.87440968|0.00699867|0.00434794|0.00375588|0.00293265,1,0.8744096755981445,True,828,0.8744096755981445,True,828,0.6957080364227295,True,828,0.8078099489212036,True,828,0.5804144144058228,True,c12_correct
829,830,830_5.bmp,preprocessed_results\830\830_5.bmp,829,829,829,0.8939698338508606,738,0.006101311184465885,0.8878685226663947,829|738|739|809|141,0.89396983|0.00610131|0.00530875|0.00498880|0.00229670,1,0.8939698338508606,True,829,0.8939698338508606,True,829,0.8663713932037354,True,829,0.8249068260192871,True,829,0.8298493027687073,True,c12_correct
830,831,831_8.bmp,preprocessed_results\831\831_8.bmp,830,830,830,0.8775880336761475,620,0.006521929055452347,0.8710661046206951,830|620|822|824|810,0.87758803|0.00652193|0.00424410|0.00350203|0.00238985,1,0.8775880336761475,True,830,0.8775880336761475,True,830,0.8657361268997192,True,830,0.8167375922203064,True,830,0.8117547631263733,True,c12_correct
831,832,832_9.bmp,preprocessed_results\832\832_9.bmp,831,831,799,0.19236601889133453,431,0.0753621831536293,0.11700383573770523,799|431|830|831|1,0.19236602|0.07536218|0.05858083|0.03486975|0.01808214,4,0.03486975282430649,True,799,0.19236601889133453,False,830,0.03701392188668251,False,831,0.794791579246521,True,831,0.29672980308532715,True,teacher_all_correct;true_in_top5
832,833,833_10.bmp,preprocessed_results\833\833_10.bmp,832,832,832,0.7602012753486633,304,0.01214461587369442,0.7480566594749689,832|304|678|282|531,0.76020128|0.01214462|0.00878961|0.00733931|0.00603896,1,0.7602012753486633,True,832,0.7602012753486633,True,832,0.8061517477035522,True,832,0.8294907808303833,True,832,0.8162710666656494,True,c12_correct
833,834,834_8.bmp,preprocessed_results\834\834_8.bmp,833,833,833,0.9341675639152527,832,0.0025174939073622227,0.9316500700078905,833|832|102|712|487,0.93416756|0.00251749|0.00241208|0.00163195|0.00137375,1,0.9341675639152527,True,833,0.9341675639152527,True,833,0.8513408899307251,True,833,0.8211889863014221,True,833,0.8769004940986633,True,c12_correct
