index,subject_id,filename,path,label,true_label,c12_top1,c12_top1_prob,c12_top2,c12_top2_prob,c12_margin_top1_top2,c12_top5_labels,c12_top5_probs,c12_true_rank,c12_true_prob,c12_true_in_top5,c12_pred,c12_conf,c12_correct,mobilenet_pred,mobilenet_conf,mobilenet_correct,effv2m_pred,effv2m_conf,effv2m_correct,resnet50_pred,resnet50_conf,resnet50_correct,diagnosis
0,1,1_10.bmp,preprocessed_results\1\1_10.bmp,0,0,0,0.9000051617622375,1,0.0418260358273983,0.8581791259348392,0|1|308|13|207,0.90000516|0.04182604|0.00597312|0.00300479|0.00214435,1,0.9000051617622375,True,0,0.9000051617622375,True,0,0.8807249069213867,True,0,0.8586646914482117,True,0,0.8092822432518005,True,c12_correct
1,2,2_9.bmp,preprocessed_results\2\2_9.bmp,1,1,1,0.8379399180412292,0,0.016831258311867714,0.8211086597293615,1|0|97|269|753,0.83793992|0.01683126|0.00536069|0.00337286|0.00302928,1,0.8379399180412292,True,1,0.8379399180412292,True,1,0.8541948199272156,True,1,0.8367971181869507,True,1,0.7320094108581543,True,c12_correct
2,3,3_8.bmp,preprocessed_results\3\3_8.bmp,2,2,2,0.8835457563400269,623,0.02202663943171501,0.8615191169083118,2|623|136|215|90,0.88354576|0.02202664|0.00872656|0.00286297|0.00262084,1,0.8835457563400269,True,2,0.8835457563400269,True,2,0.6435295343399048,True,2,0.7944902181625366,True,2,0.7591208219528198,True,c12_correct
3,4,4_6.bmp,preprocessed_results\4\4_6.bmp,3,3,3,0.9352307319641113,191,0.0020872950553894043,0.9331434369087219,3|191|319|141|2,0.93523073|0.00208730|0.00206946|0.00189112|0.00187158,1,0.9352307319641113,True,3,0.9352307319641113,True,3,0.9039043188095093,True,3,0.8390026092529297,True,3,0.7672256827354431,True,c12_correct
4,5,5_10.bmp,preprocessed_results\5\5_10.bmp,4,4,4,0.794972836971283,170,0.03732495754957199,0.757647879421711,4|170|198|269|256,0.79497284|0.03732496|0.01186221|0.00660925|0.00460252,1,0.794972836971283,True,4,0.794972836971283,True,4,0.601411759853363,True,4,0.8194741010665894,True,4,0.7296889424324036,True,c12_correct
5,6,6_6.bmp,preprocessed_results\6\6_6.bmp,5,5,5,0.5603710412979126,171,0.3033883571624756,0.256982684135437,5|171|813|13|715,0.56037104|0.30338836|0.00788918|0.00405614|0.00322666,1,0.5603710412979126,True,5,0.5603710412979126,True,5,0.43013983964920044,True,5,0.7179867029190063,True,5,0.2726656496524811,True,c12_correct
6,7,7_10.bmp,preprocessed_results\7\7_10.bmp,6,6,6,0.7227375507354736,246,0.02513093128800392,0.6976066194474697,6|246|738|538|717,0.72273755|0.02513093|0.00828376|0.00675020|0.00633578,1,0.7227375507354736,True,6,0.7227375507354736,True,6,0.5747631192207336,True,6,0.796624481678009,True,6,0.5902025103569031,True,c12_correct
7,8,8_4.bmp,preprocessed_results\8\8_4.bmp,7,7,7,0.6082720160484314,6,0.09573482722043991,0.5125371888279915,7|6|733|644|177,0.60827202|0.09573483|0.01775590|0.01352493|0.00933121,1,0.6082720160484314,True,7,0.6082720160484314,True,7,0.5926808714866638,True,7,0.8468852639198303,True,7,0.6875666975975037,True,c12_correct
8,9,9_10.bmp,preprocessed_results\9\9_10.bmp,8,8,8,0.884891927242279,184,0.008715052157640457,0.8761768750846386,8|184|164|230|72,0.88489193|0.00871505|0.00469628|0.00333998|0.00332474,1,0.884891927242279,True,8,0.884891927242279,True,8,0.5520250797271729,True,8,0.8310112357139587,True,8,0.6806895136833191,True,c12_correct
9,10,10_5.bmp,preprocessed_results\10\10_5.bmp,9,9,9,0.7172316908836365,120,0.051534488797187805,0.6656972020864487,9|120|55|8|300,0.71723169|0.05153449|0.01342212|0.00936365|0.00844596,1,0.7172316908836365,True,9,0.7172316908836365,True,9,0.619391918182373,True,9,0.8094950914382935,True,9,0.6716591119766235,True,c12_correct
10,11,11_3.bmp,preprocessed_results\11\11_3.bmp,10,10,10,0.8370658755302429,795,0.011426602490246296,0.8256392730399966,10|795|807|262|94,0.83706588|0.01142660|0.00488135|0.00453785|0.00416901,1,0.8370658755302429,True,10,0.8370658755302429,True,10,0.8380301594734192,True,10,0.8394871354103088,True,10,0.7967588901519775,True,c12_correct
11,12,12_2.bmp,preprocessed_results\12\12_2.bmp,11,11,11,0.9560922384262085,728,0.003026461461558938,0.9530657769646496,11|728|658|50|101,0.95609224|0.00302646|0.00283082|0.00190155|0.00155114,1,0.9560922384262085,True,11,0.9560922384262085,True,11,0.928759753704071,True,11,0.8239507675170898,True,11,0.7952887415885925,True,c12_correct
12,13,13_2.bmp,preprocessed_results\13\13_2.bmp,12,12,12,0.5344375967979431,544,0.01359330490231514,0.520844291895628,12|544|24|338|136,0.53443760|0.01359330|0.00997907|0.00989064|0.00879074,1,0.5344375967979431,True,12,0.5344375967979431,True,12,0.5140480399131775,True,12,0.8241737484931946,True,12,0.7720719575881958,True,c12_correct
13,14,14_6.bmp,preprocessed_results\14\14_6.bmp,13,13,13,0.7561725974082947,5,0.014608033932745457,0.7415645634755492,13|5|783|311|69,0.75617260|0.01460803|0.01435789|0.01043403|0.00909539,1,0.7561725974082947,True,13,0.7561725974082947,True,13,0.7909603118896484,True,13,0.8155294060707092,True,13,0.6058489084243774,True,c12_correct
14,15,15_10.bmp,preprocessed_results\15\15_10.bmp,14,14,14,0.7233518362045288,190,0.024138860404491425,0.6992129758000374,14|190|307|15|187,0.72335184|0.02413886|0.01060932|0.01026104|0.00950383,1,0.7233518362045288,True,14,0.7233518362045288,True,14,0.7235614061355591,True,14,0.8184342384338379,True,14,0.6824061274528503,True,c12_correct
15,16,16_2.bmp,preprocessed_results\16\16_2.bmp,15,15,15,0.9014744162559509,621,0.011369466781616211,0.8901049494743347,15|621|777|143|275,0.90147442|0.01136947|0.00228525|0.00224754|0.00209985,1,0.9014744162559509,True,15,0.9014744162559509,True,15,0.8461008667945862,True,15,0.8468760848045349,True,15,0.8123117089271545,True,c12_correct
16,17,17_4.bmp,preprocessed_results\17\17_4.bmp,16,16,16,0.3503456115722656,62,0.04828811064362526,0.30205750092864037,16|62|670|82|704,0.35034561|0.04828811|0.03595302|0.02114094|0.01893588,1,0.3503456115722656,True,16,0.3503456115722656,True,16,0.3511635661125183,True,16,0.8122283220291138,True,16,0.4472997188568115,True,c12_correct
17,18,18_7.bmp,preprocessed_results\18\18_7.bmp,17,17,17,0.4004991948604584,811,0.02400779537856579,0.3764913994818926,17|811|243|108|162,0.40049919|0.02400780|0.01696214|0.01148479|0.01098911,1,0.4004991948604584,True,17,0.4004991948604584,True,17,0.1562063843011856,True,17,0.5694795250892639,True,17,0.3814961612224579,True,c12_correct
18,19,19_10.bmp,preprocessed_results\19\19_10.bmp,18,18,18,0.8949576616287231,19,0.00863132905215025,0.8863263325765729,18|19|135|396|356,0.89495766|0.00863133|0.00438814|0.00351667|0.00196703,1,0.8949576616287231,True,18,0.8949576616287231,True,18,0.7634387016296387,True,18,0.840829074382782,True,18,0.7625004649162292,True,c12_correct
19,20,20_8.bmp,preprocessed_results\20\20_8.bmp,19,19,19,0.6767677068710327,18,0.04034356400370598,0.6364241428673267,19|18|205|784|777,0.67676771|0.04034356|0.01392498|0.00758032|0.00521230,1,0.6767677068710327,True,19,0.6767677068710327,True,19,0.6597826480865479,True,19,0.8270338177680969,True,19,0.7015617489814758,True,c12_correct
20,21,21_4.bmp,preprocessed_results\21\21_4.bmp,20,20,20,0.8638518452644348,21,0.0251225046813488,0.838729340583086,20|21|225|290|275,0.86385185|0.02512250|0.00825505|0.00476631|0.00469546,1,0.8638518452644348,True,20,0.8638518452644348,True,20,0.9255138635635376,True,20,0.8117364048957825,True,20,0.8344922065734863,True,c12_correct
21,22,22_10.bmp,preprocessed_results\22\22_10.bmp,21,21,21,0.6642732620239258,275,0.03910166397690773,0.625171598047018,21|275|290|14|93,0.66427326|0.03910166|0.01269748|0.00915068|0.00907372,1,0.6642732620239258,True,21,0.6642732620239258,True,21,0.6421736478805542,True,21,0.8118278384208679,True,21,0.617303729057312,True,c12_correct
22,23,23_1.bmp,preprocessed_results\23\23_1.bmp,22,22,22,0.6137378811836243,429,0.01701587624847889,0.5967220049351454,22|429|51|23|383,0.61373788|0.01701588|0.01120587|0.00904421|0.00669984,1,0.6137378811836243,True,22,0.6137378811836243,True,22,0.7866286039352417,True,22,0.8204826712608337,True,22,0.7457966804504395,True,c12_correct
23,24,24_3.bmp,preprocessed_results\24\24_3.bmp,23,23,23,0.8648769855499268,129,0.009899078868329525,0.8549779066815972,23|129|149|195|269,0.86487699|0.00989908|0.00435668|0.00279749|0.00247485,1,0.8648769855499268,True,23,0.8648769855499268,True,23,0.8302608132362366,True,23,0.8364779353141785,True,23,0.8065637350082397,True,c12_correct
24,25,25_6.bmp,preprocessed_results\25\25_6.bmp,24,24,24,0.8808196187019348,88,0.012031083926558495,0.8687885347753763,24|88|94|238|2,0.88081962|0.01203108|0.01016120|0.00708836|0.00378930,1,0.8808196187019348,True,24,0.8808196187019348,True,24,0.7651947140693665,True,24,0.8136984705924988,True,24,0.7999095320701599,True,c12_correct
25,26,26_7.bmp,preprocessed_results\26\26_7.bmp,25,25,25,0.3211223781108856,495,0.023737164214253426,0.2973852138966322,25|495|409|547|522,0.32112238|0.02373716|0.02286756|0.01694361|0.01617448,1,0.3211223781108856,True,25,0.3211223781108856,True,25,0.06464889645576477,True,25,0.7919244766235352,True,25,0.41483059525489807,True,c12_correct
26,27,27_3.bmp,preprocessed_results\27\27_3.bmp,26,26,26,0.8756177425384521,27,0.01391441747546196,0.8617033250629902,26|27|266|130|22,0.87561774|0.01391442|0.00607055|0.00490825|0.00376943,1,0.8756177425384521,True,26,0.8756177425384521,True,26,0.8164071440696716,True,26,0.8006393909454346,True,26,0.7260542511940002,True,c12_correct
27,28,28_10.bmp,preprocessed_results\28\28_10.bmp,27,27,27,0.9649322628974915,26,0.005443689879029989,0.9594885730184615,27|26|590|332|271,0.96493226|0.00544369|0.00207010|0.00133734|0.00108655,1,0.9649322628974915,True,27,0.9649322628974915,True,27,0.7906268835067749,True,27,0.8479205965995789,True,27,0.8497887253761292,True,c12_correct
28,29,29_2.bmp,preprocessed_results\29\29_2.bmp,28,28,28,0.4364224672317505,423,0.02375074289739132,0.41267172433435917,28|423|189|203|223,0.43642247|0.02375074|0.01909796|0.01492706|0.01451363,1,0.4364224672317505,True,28,0.4364224672317505,True,28,0.626236081123352,True,28,0.8167579174041748,True,28,0.6886655688285828,True,c12_correct
29,30,30_1.bmp,preprocessed_results\30\30_1.bmp,29,29,29,0.9264761805534363,28,0.010310281999409199,0.9161658985540271,29|28|189|198|59,0.92647618|0.01031028|0.00448719|0.00158438|0.00132195,1,0.9264761805534363,True,29,0.9264761805534363,True,29,0.5189663171768188,True,29,0.8354495763778687,True,29,0.6698707342147827,True,c12_correct
30,31,31_2.bmp,preprocessed_results\31\31_2.bmp,30,30,30,0.8822539448738098,315,0.007780088577419519,0.8744738562963903,30|315|195|194|247,0.88225394|0.00778009|0.00605599|0.00551832|0.00531750,1,0.8822539448738098,True,30,0.8822539448738098,True,30,0.6529351472854614,True,30,0.8002597093582153,True,30,0.6364003419876099,True,c12_correct
31,32,32_1.bmp,preprocessed_results\32\32_1.bmp,31,31,31,0.7388286590576172,30,0.15761113166809082,0.5812175273895264,31|30|144|667|788,0.73882866|0.15761113|0.00499228|0.00462150|0.00334851,1,0.7388286590576172,True,31,0.7388286590576172,True,31,0.7627430558204651,True,31,0.7920277714729309,True,31,0.45891278982162476,True,c12_correct
32,33,33_2.bmp,preprocessed_results\33\33_2.bmp,32,32,32,0.9635657668113708,89,0.0027279374189674854,0.9608378293924034,32|89|305|25|54,0.96356577|0.00272794|0.00271048|0.00111185|0.00096884,1,0.9635657668113708,True,32,0.9635657668113708,True,32,0.7682380676269531,True,32,0.821094274520874,True,32,0.7448704242706299,True,c12_correct
33,34,34_9.bmp,preprocessed_results\34\34_9.bmp,33,33,33,0.9272436499595642,218,0.006225406192243099,0.9210182437673211,33|218|32|212|206,0.92724365|0.00622541|0.00460006|0.00228632|0.00147140,1,0.9272436499595642,True,33,0.9272436499595642,True,33,0.8822765946388245,True,33,0.848554253578186,True,33,0.8941352367401123,True,c12_correct
34,35,35_5.bmp,preprocessed_results\35\35_5.bmp,34,34,34,0.6837424039840698,35,0.020567001774907112,0.6631754022091627,34|35|204|200|622,0.68374240|0.02056700|0.01777860|0.01287565|0.00672645,1,0.6837424039840698,True,34,0.6837424039840698,True,34,0.7380006313323975,True,34,0.7965006828308105,True,34,0.6176049709320068,True,c12_correct
35,36,36_1.bmp,preprocessed_results\36\36_1.bmp,35,35,35,0.7407446503639221,212,0.017487797886133194,0.7232568524777889,35|212|450|284|517,0.74074465|0.01748780|0.01456062|0.01178381|0.00822274,1,0.7407446503639221,True,35,0.7407446503639221,True,35,0.6518524289131165,True,35,0.8184676766395569,True,35,0.49229666590690613,True,c12_correct
36,37,37_10.bmp,preprocessed_results\37\37_10.bmp,36,36,36,0.36704006791114807,119,0.034382179379463196,0.3326578885316849,36|119|759|735|290,0.36704007|0.03438218|0.01754962|0.01393324|0.01345151,1,0.36704006791114807,True,36,0.36704006791114807,True,36,0.38822150230407715,True,36,0.7999899983406067,True,36,0.727613091468811,True,c12_correct
37,38,38_8.bmp,preprocessed_results\38\38_8.bmp,37,37,37,0.11715100705623627,36,0.054808419197797775,0.06234258785843849,37|36|243|431|162,0.11715101|0.05480842|0.04046741|0.03383667|0.02731668,1,0.11715100705623627,True,37,0.11715100705623627,True,37,0.1673590987920761,True,37,0.7726715803146362,True,37,0.20163676142692566,True,c12_correct
38,39,39_4.bmp,preprocessed_results\39\39_4.bmp,38,38,38,0.31886136531829834,173,0.05414978787302971,0.26471157744526863,38|173|172|59|39,0.31886137|0.05414979|0.04279535|0.02995697|0.02421270,1,0.31886136531829834,True,38,0.31886136531829834,True,38,0.2230079174041748,True,38,0.5822464227676392,True,38,0.25276806950569153,True,c12_correct
39,40,40_4.bmp,preprocessed_results\40\40_4.bmp,39,39,39,0.8305355310440063,519,0.004362017847597599,0.8261735131964087,39|519|28|440|198,0.83053553|0.00436202|0.00369669|0.00353819|0.00352600,1,0.8305355310440063,True,39,0.8305355310440063,True,39,0.224213108420372,True,39,0.803942084312439,True,39,0.5198343992233276,True,c12_correct
40,41,41_2.bmp,preprocessed_results\41\41_2.bmp,40,40,40,0.46632739901542664,41,0.029848145321011543,0.4364792536944151,40|41|80|453|125,0.46632740|0.02984815|0.02770228|0.02531552|0.01542457,1,0.46632739901542664,True,40,0.46632739901542664,True,40,0.24941806495189667,True,40,0.7928423881530762,True,40,0.6868985295295715,True,c12_correct
41,42,42_10.bmp,preprocessed_results\42\42_10.bmp,41,41,41,0.9288371801376343,40,0.00431157136335969,0.9245256087742746,41|40|336|354|315,0.92883718|0.00431157|0.00221642|0.00184458|0.00180491,1,0.9288371801376343,True,41,0.9288371801376343,True,41,0.8734882473945618,True,41,0.8249853849411011,True,41,0.8626769185066223,True,c12_correct
42,43,43_1.bmp,preprocessed_results\43\43_1.bmp,42,42,42,0.7710445523262024,173,0.014758533798158169,0.7562860185280442,42|173|304|328|102,0.77104455|0.01475853|0.00661811|0.00607892|0.00500653,1,0.7710445523262024,True,42,0.7710445523262024,True,42,0.3920891582965851,True,42,0.8104299306869507,True,42,0.7076659798622131,True,c12_correct
43,44,44_10.bmp,preprocessed_results\44\44_10.bmp,43,43,43,0.8240467309951782,720,0.009237225167453289,0.8148095058277249,43|720|440|356|786,0.82404673|0.00923723|0.00549395|0.00492394|0.00397715,1,0.8240467309951782,True,43,0.8240467309951782,True,43,0.4377520680427551,True,43,0.8148924708366394,True,43,0.7492145895957947,True,c12_correct
44,45,45_6.bmp,preprocessed_results\45\45_6.bmp,44,44,44,0.3901938498020172,144,0.0365573950111866,0.3536364547908306,44|144|45|716|320,0.39019385|0.03655740|0.02260703|0.01683709|0.01646717,1,0.3901938498020172,True,44,0.3901938498020172,True,44,0.5076844096183777,True,44,0.748665452003479,True,44,0.5809341073036194,True,c12_correct
45,46,46_10.bmp,preprocessed_results\46\46_10.bmp,45,45,45,0.5293951630592346,44,0.029086537659168243,0.5003086254000664,45|44|305|294|77,0.52939516|0.02908654|0.01585201|0.01348765|0.01276593,1,0.5293951630592346,True,45,0.5293951630592346,True,45,0.3774649202823639,True,45,0.7789205312728882,True,45,0.4231581687927246,True,c12_correct
46,47,47_4.bmp,preprocessed_results\47\47_4.bmp,46,46,46,0.8156362771987915,295,0.009532972238957882,0.8061033049598336,46|295|411|47|216,0.81563628|0.00953297|0.00846031|0.00498065|0.00450554,1,0.8156362771987915,True,46,0.8156362771987915,True,46,0.6877673864364624,True,46,0.8202536106109619,True,46,0.7196124792098999,True,c12_correct
47,48,48_10.bmp,preprocessed_results\48\48_10.bmp,47,47,47,0.6495925188064575,241,0.08120650053024292,0.5683860182762146,47|241|811|568|162,0.64959252|0.08120650|0.02351661|0.01149524|0.01011454,1,0.6495925188064575,True,47,0.6495925188064575,True,47,0.605961263179779,True,47,0.8081603050231934,True,47,0.7619240283966064,True,c12_correct
48,49,49_4.bmp,preprocessed_results\49\49_4.bmp,48,48,48,0.7110175490379333,204,0.013416657224297523,0.6976008918136358,48|204|128|34|334,0.71101755|0.01341666|0.00896900|0.00885542|0.00783444,1,0.7110175490379333,True,48,0.7110175490379333,True,48,0.8156861066818237,True,48,0.8508113026618958,True,48,0.8228476643562317,True,c12_correct
49,50,50_6.bmp,preprocessed_results\50\50_6.bmp,49,49,49,0.7880712151527405,334,0.011967392638325691,0.7761038225144148,49|334|105|25|48,0.78807122|0.01196739|0.01100809|0.00967292|0.00912176,1,0.7880712151527405,True,49,0.7880712151527405,True,49,0.4845832586288452,True,49,0.7833954691886902,True,49,0.5612953901290894,True,c12_correct
50,51,51_1.bmp,preprocessed_results\51\51_1.bmp,50,50,50,0.5887401700019836,51,0.028034891933202744,0.5607052780687809,50|51|517|334|322,0.58874017|0.02803489|0.02111799|0.01595663|0.01164611,1,0.5887401700019836,True,50,0.5887401700019836,True,50,0.3544188439846039,True,50,0.7341454029083252,True,50,0.34317246079444885,True,c12_correct
51,52,52_10.bmp,preprocessed_results\52\52_10.bmp,51,51,51,0.8156626224517822,50,0.008575914427638054,0.8070867080241442,51|50|252|766|160,0.81566262|0.00857591|0.00629662|0.00594171|0.00353306,1,0.8156626224517822,True,51,0.8156626224517822,True,51,0.7491098642349243,True,51,0.8387874960899353,True,51,0.7764038443565369,True,c12_correct
52,53,53_8.bmp,preprocessed_results\53\53_8.bmp,52,52,52,0.6970300674438477,53,0.02148536778986454,0.6755446996539831,52|53|494|163|313,0.69703007|0.02148537|0.02119108|0.01293779|0.00922794,1,0.6970300674438477,True,52,0.6970300674438477,True,52,0.5507976412773132,True,52,0.7985531687736511,True,52,0.6830511093139648,True,c12_correct
53,54,54_6.bmp,preprocessed_results\54\54_6.bmp,53,53,53,0.949152946472168,52,0.007235901430249214,0.9419170450419188,53|52|128|163|824,0.94915295|0.00723590|0.00133302|0.00126156|0.00090347,1,0.949152946472168,True,53,0.949152946472168,True,53,0.8920429944992065,True,53,0.8253206610679626,True,53,0.8081114888191223,True,c12_correct
54,55,55_7.bmp,preprocessed_results\55\55_7.bmp,54,54,54,0.9368690252304077,55,0.004315737634897232,0.9325532875955105,54|55|101|795|100,0.93686903|0.00431574|0.00313031|0.00187230|0.00176599,1,0.9368690252304077,True,54,0.9368690252304077,True,54,0.7777950763702393,True,54,0.8272848725318909,True,54,0.7903697490692139,True,c12_correct
55,56,56_10.bmp,preprocessed_results\56\56_10.bmp,55,55,55,0.9014896154403687,339,0.0062774550169706345,0.895212160423398,55|339|107|54|215,0.90148962|0.00627746|0.00483443|0.00271793|0.00211890,1,0.9014896154403687,True,55,0.9014896154403687,True,55,0.8364313244819641,True,55,0.818697452545166,True,55,0.7862163186073303,True,c12_correct
56,57,57_1.bmp,preprocessed_results\57\57_1.bmp,56,56,56,0.5507909655570984,194,0.01741468720138073,0.5333762783557177,56|194|195|561|114,0.55079097|0.01741469|0.01264045|0.00893101|0.00835873,1,0.5507909655570984,True,56,0.5507909655570984,True,56,0.18220864236354828,True,56,0.7715623378753662,True,56,0.6962523460388184,True,c12_correct
57,58,58_6.bmp,preprocessed_results\58\58_6.bmp,57,57,57,0.9139410853385925,143,0.005546680185943842,0.9083944051526487,57|143|541|56|247,0.91394109|0.00554668|0.00385758|0.00348044|0.00297601,1,0.9139410853385925,True,57,0.9139410853385925,True,57,0.49123674631118774,True,57,0.8275512456893921,True,57,0.6907556653022766,True,c12_correct
58,59,59_2.bmp,preprocessed_results\59\59_2.bmp,58,58,58,0.8078519105911255,102,0.0111762136220932,0.7966756969690323,58|102|88|94|18,0.80785191|0.01117621|0.01104831|0.00694735|0.00694692,1,0.8078519105911255,True,58,0.8078519105911255,True,58,0.5202440023422241,True,58,0.8225477933883667,True,58,0.7890242338180542,True,c12_correct
59,60,60_7.bmp,preprocessed_results\60\60_7.bmp,59,59,59,0.6659131646156311,640,0.008190597407519817,0.6577225672081113,59|640|271|722|551,0.66591316|0.00819060|0.00756718|0.00675227|0.00636090,1,0.6659131646156311,True,59,0.6659131646156311,True,59,0.5646008253097534,True,59,0.8154273629188538,True,59,0.6202681064605713,True,c12_correct
60,61,61_2.bmp,preprocessed_results\61\61_2.bmp,60,60,60,0.7942951321601868,61,0.009715409949421883,0.7845797222107649,60|61|49|818|18,0.79429513|0.00971541|0.00886920|0.00797142|0.00505819,1,0.7942951321601868,True,60,0.7942951321601868,True,60,0.7853826880455017,True,60,0.7712644338607788,True,60,0.5907732248306274,True,c12_correct
61,62,62_4.bmp,preprocessed_results\62\62_4.bmp,61,61,61,0.872212827205658,104,0.008903389796614647,0.8633094374090433,61|104|105|157|60,0.87221283|0.00890339|0.00793039|0.00330227|0.00307011,1,0.872212827205658,True,61,0.872212827205658,True,61,0.8814461827278137,True,61,0.798884928226471,True,61,0.8315823078155518,True,c12_correct
62,63,63_8.bmp,preprocessed_results\63\63_8.bmp,62,62,62,0.33886033296585083,63,0.052112143486738205,0.2867481894791126,62|63|267|137|446,0.33886033|0.05211214|0.02392258|0.01416506|0.01294892,1,0.33886033296585083,True,62,0.33886033296585083,True,62,0.476125031709671,True,62,0.8014726638793945,True,62,0.7636124491691589,True,c12_correct
63,64,64_10.bmp,preprocessed_results\64\64_10.bmp,63,63,63,0.8626152276992798,62,0.020469006150960922,0.8421462215483189,63|62|26|5|23,0.86261523|0.02046901|0.00348532|0.00207778|0.00201568,1,0.8626152276992798,True,63,0.8626152276992798,True,63,0.4559694230556488,True,63,0.8451396226882935,True,63,0.8261426687240601,True,c12_correct
64,65,65_6.bmp,preprocessed_results\65\65_6.bmp,64,64,64,0.42563194036483765,65,0.09299631416797638,0.33263562619686127,64|65|316|61|317,0.42563194|0.09299631|0.02330275|0.01591467|0.01386059,1,0.42563194036483765,True,64,0.42563194036483765,True,64,0.5273507237434387,True,64,0.7972436547279358,True,64,0.52939373254776,True,c12_correct
65,66,66_4.bmp,preprocessed_results\66\66_4.bmp,65,65,65,0.7344334721565247,93,0.015812579542398453,0.7186208926141262,65|93|428|235|186,0.73443347|0.01581258|0.01030557|0.00527399|0.00518765,1,0.7344334721565247,True,65,0.7344334721565247,True,65,0.6855688095092773,True,65,0.8091311454772949,True,65,0.740159809589386,True,c12_correct
66,67,67_4.bmp,preprocessed_results\67\67_4.bmp,66,66,66,0.8178547620773315,96,0.022665061056613922,0.7951897010207176,66|96|250|67|97,0.81785476|0.02266506|0.01204783|0.01119891|0.00577671,1,0.8178547620773315,True,66,0.8178547620773315,True,66,0.8472670316696167,True,66,0.7875736951828003,True,66,0.7049486637115479,True,c12_correct
67,68,68_7.bmp,preprocessed_results\68\68_7.bmp,67,67,67,0.8068112134933472,494,0.011290060356259346,0.7955211531370878,67|494|66|317|79,0.80681121|0.01129006|0.00929105|0.00409341|0.00340388,1,0.8068112134933472,True,67,0.8068112134933472,True,67,0.8217620849609375,True,67,0.8229901194572449,True,67,0.7200608253479004,True,c12_correct
68,69,69_2.bmp,preprocessed_results\69\69_2.bmp,68,68,68,0.18632733821868896,146,0.03897225484251976,0.1473550833761692,68|146|178|69|314,0.18632734|0.03897225|0.02409638|0.02101571|0.01984674,1,0.18632733821868896,True,68,0.18632733821868896,True,68,0.026988841593265533,True,68,0.7519341111183167,True,68,0.14163829386234283,True,c12_correct
69,70,70_5.bmp,preprocessed_results\70\70_5.bmp,69,69,69,0.9033700227737427,68,0.007881752215325832,0.8954882705584168,69|68|305|163|295,0.90337002|0.00788175|0.00298355|0.00224171|0.00186266,1,0.9033700227737427,True,69,0.9033700227737427,True,69,0.8746724128723145,True,69,0.8396960496902466,True,69,0.7727867364883423,True,c12_correct
70,71,71_8.bmp,preprocessed_results\71\71_8.bmp,70,70,70,0.7579227089881897,483,0.012310737743973732,0.745611971244216,70|483|220|210|134,0.75792271|0.01231074|0.00667955|0.00572533|0.00534824,1,0.7579227089881897,True,70,0.7579227089881897,True,70,0.7841553092002869,True,70,0.7792479991912842,True,70,0.6955704092979431,True,c12_correct
71,72,72_3.bmp,preprocessed_results\72\72_3.bmp,71,71,71,0.8243932127952576,96,0.011673469096422195,0.8127197436988354,71|96|123|605|164,0.82439321|0.01167347|0.00516082|0.00492418|0.00444705,1,0.8243932127952576,True,71,0.8243932127952576,True,71,0.7174938321113586,True,71,0.8179856538772583,True,71,0.758594810962677,True,c12_correct
72,73,73_7.bmp,preprocessed_results\73\73_7.bmp,72,72,72,0.8763872385025024,103,0.008139665238559246,0.8682475732639432,72|103|146|340|300,0.87638724|0.00813967|0.00714396|0.00663762|0.00325423,1,0.8763872385025024,True,72,0.8763872385025024,True,72,0.8958276510238647,True,72,0.8229001760482788,True,72,0.747757613658905,True,c12_correct
73,74,74_10.bmp,preprocessed_results\74\74_10.bmp,73,73,73,0.9718126654624939,296,0.0032850783318281174,0.9685275871306658,73|296|72|531|270,0.97181267|0.00328508|0.00315174|0.00163466|0.00091931,1,0.9718126654624939,True,73,0.9718126654624939,True,73,0.7160604596138,True,73,0.8188269138336182,True,73,0.8023044466972351,True,c12_correct
74,75,75_10.bmp,preprocessed_results\75\75_10.bmp,74,74,74,0.8646384477615356,387,0.008138933219015598,0.85649951454252,74|387|75|384|203,0.86463845|0.00813893|0.00697246|0.00489367|0.00389501,1,0.8646384477615356,True,74,0.8646384477615356,True,74,0.8527525067329407,True,74,0.8163149356842041,True,74,0.7581993341445923,True,c12_correct
75,76,76_5.bmp,preprocessed_results\76\76_5.bmp,75,75,75,0.2482077032327652,173,0.06109907850623131,0.1871086247265339,75|173|74|91|172,0.24820770|0.06109908|0.02664271|0.02452404|0.02319290,1,0.2482077032327652,True,75,0.2482077032327652,True,75,0.2246255725622177,True,75,0.7689766883850098,True,75,0.4210888147354126,True,c12_correct
76,77,77_7.bmp,preprocessed_results\77\77_7.bmp,76,76,76,0.8293074369430542,165,0.008380506187677383,0.8209269307553768,76|165|294|546|156,0.82930744|0.00838051|0.00556525|0.00523253|0.00448909,1,0.8293074369430542,True,76,0.8293074369430542,True,76,0.8419529795646667,True,76,0.8249607086181641,True,76,0.7500277161598206,True,c12_correct
77,78,78_8.bmp,preprocessed_results\78\78_8.bmp,77,77,77,0.7078078985214233,199,0.020101701840758324,0.687706196680665,77|199|45|76|142,0.70780790|0.02010170|0.01792805|0.01106965|0.00527416,1,0.7078078985214233,True,77,0.7078078985214233,True,77,0.7245749831199646,True,77,0.8255394101142883,True,77,0.7718297839164734,True,c12_correct
78,79,79_10.bmp,preprocessed_results\79\79_10.bmp,78,78,78,0.9324725866317749,91,0.003576276358217001,0.9288963102735579,78|91|258|335|4,0.93247259|0.00357628|0.00275213|0.00213327|0.00191207,1,0.9324725866317749,True,78,0.9324725866317749,True,78,0.8185819983482361,True,78,0.8190589547157288,True,78,0.7982648611068726,True,c12_correct
79,80,80_7.bmp,preprocessed_results\80\80_7.bmp,79,79,79,0.8035745024681091,83,0.023794448003172874,0.7797800544649363,79|83|534|211|40,0.80357450|0.02379445|0.01126222|0.00740244|0.00582305,1,0.8035745024681091,True,79,0.8035745024681091,True,79,0.7811741232872009,True,79,0.8437343835830688,True,79,0.7179116606712341,True,c12_correct
80,81,81_9.bmp,preprocessed_results\81\81_9.bmp,80,80,80,0.8722449541091919,81,0.009157853201031685,0.8630871009081602,80|81|466|251|166,0.87224495|0.00915785|0.00594687|0.00388295|0.00342823,1,0.8722449541091919,True,80,0.8722449541091919,True,80,0.8158132433891296,True,80,0.8460924625396729,True,80,0.7770246863365173,True,c12_correct
81,82,82_7.bmp,preprocessed_results\82\82_7.bmp,81,81,81,0.8988311886787415,80,0.0061758351512253284,0.8926553535275161,81|80|470|47|774,0.89883119|0.00617584|0.00264127|0.00239280|0.00222102,1,0.8988311886787415,True,81,0.8988311886787415,True,81,0.7951616048812866,True,81,0.8131719827651978,True,81,0.7468585968017578,True,c12_correct
82,83,83_4.bmp,preprocessed_results\83\83_4.bmp,82,82,82,0.6577960252761841,197,0.06953085958957672,0.5882651656866074,82|197|57|25|167,0.65779603|0.06953086|0.05971369|0.00761618|0.00492978,1,0.6577960252761841,True,82,0.6577960252761841,True,82,0.2235851287841797,True,82,0.7997211813926697,True,82,0.4985150098800659,True,c12_correct
83,84,84_6.bmp,preprocessed_results\84\84_6.bmp,83,83,83,0.10048357397317886,148,0.05507434532046318,0.04540922865271568,83|148|82|171|57,0.10048357|0.05507435|0.03325596|0.02321712|0.02188645,1,0.10048357397317886,True,83,0.10048357397317886,True,83,0.36072197556495667,True,83,0.7975923418998718,True,83,0.5456641912460327,True,c12_correct
84,85,85_3.bmp,preprocessed_results\85\85_3.bmp,84,84,84,0.9533520936965942,85,0.0028458426240831614,0.9505062510725111,84|85|331|671|308,0.95335209|0.00284584|0.00135887|0.00124856|0.00104980,1,0.9533520936965942,True,84,0.9533520936965942,True,84,0.8762915730476379,True,84,0.8383473753929138,True,84,0.8841228485107422,True,c12_correct
85,86,86_7.bmp,preprocessed_results\86\86_7.bmp,85,85,85,0.2550380527973175,84,0.1168903261423111,0.1381477266550064,85|84|725|0|250,0.25503805|0.11689033|0.02670139|0.02335919|0.01613355,1,0.2550380527973175,True,85,0.2550380527973175,True,85,0.032001130282878876,True,85,0.7507665753364563,True,85,0.21948964893817902,True,c12_correct
86,87,87_4.bmp,preprocessed_results\87\87_4.bmp,86,86,86,0.7896072864532471,87,0.03260963782668114,0.7569976486265659,86|87|196|450|619,0.78960729|0.03260964|0.00520436|0.00444736|0.00433070,1,0.7896072864532471,True,86,0.7896072864532471,True,86,0.46734973788261414,True,86,0.7750694751739502,True,86,0.6007105708122253,True,c12_correct
87,88,88_7.bmp,preprocessed_results\88\88_7.bmp,87,87,87,0.5484069585800171,86,0.030254388228058815,0.5181525703519583,87|86|151|262|198,0.54840696|0.03025439|0.02403485|0.01903986|0.01057899,1,0.5484069585800171,True,87,0.5484069585800171,True,87,0.7911491990089417,True,87,0.8361907601356506,True,87,0.7942354083061218,True,c12_correct
88,89,89_2.bmp,preprocessed_results\89\89_2.bmp,88,88,88,0.5249678492546082,8,0.03940629959106445,0.4855615496635437,88|8|156|18|94,0.52496785|0.03940630|0.02057482|0.01657260|0.01304210,1,0.5249678492546082,True,88,0.5249678492546082,True,88,0.6978532671928406,True,88,0.80516117811203,True,88,0.6853646636009216,True,c12_correct
89,90,90_10.bmp,preprocessed_results\90\90_10.bmp,89,89,89,0.296315461397171,171,0.02800915576517582,0.2683063056319952,89|171|4|423|280,0.29631546|0.02800916|0.02021370|0.01848647|0.01292956,1,0.296315461397171,True,89,0.296315461397171,True,89,0.3164088726043701,True,89,0.8305042386054993,True,89,0.40172386169433594,True,c12_correct
90,91,91_8.bmp,preprocessed_results\91\91_8.bmp,90,90,90,0.898756742477417,91,0.008290993981063366,0.8904657484963536,90|91|214|496|173,0.89875674|0.00829099|0.00376575|0.00265158|0.00259804,1,0.898756742477417,True,90,0.898756742477417,True,90,0.8476839065551758,True,90,0.8359744548797607,True,90,0.7084757685661316,True,c12_correct
91,92,92_9.bmp,preprocessed_results\92\92_9.bmp,91,91,91,0.7323089838027954,90,0.09287238121032715,0.6394366025924683,91|90|496|78|454,0.73230898|0.09287238|0.03045352|0.00983920|0.00729502,1,0.7323089838027954,True,91,0.7323089838027954,True,91,0.7135505676269531,True,91,0.8198827505111694,True,91,0.7364636063575745,True,c12_correct
92,93,93_4.bmp,preprocessed_results\93\93_4.bmp,92,92,92,0.8714887499809265,151,0.015485848300158978,0.8560029016807675,92|151|87|257|752,0.87148875|0.01548585|0.00805179|0.00374366|0.00352088,1,0.8714887499809265,True,92,0.8714887499809265,True,92,0.8777135610580444,True,92,0.8404753804206848,True,92,0.7434505224227905,True,c12_correct
93,94,94_6.bmp,preprocessed_results\94\94_6.bmp,93,93,93,0.8449482917785645,163,0.004106658045202494,0.840841633733362,93|163|129|309|218,0.84494829|0.00410666|0.00328516|0.00316946|0.00308655,1,0.8449482917785645,True,93,0.8449482917785645,True,93,0.57289719581604,True,93,0.826086699962616,True,93,0.8152825236320496,True,c12_correct
94,95,95_7.bmp,preprocessed_results\95\95_7.bmp,94,94,94,0.8237786293029785,203,0.006438554264605045,0.8173400750383735,94|203|178|262|95,0.82377863|0.00643855|0.00520722|0.00451886|0.00410063,1,0.8237786293029785,True,94,0.8237786293029785,True,94,0.8332896828651428,True,94,0.8332309126853943,True,94,0.7720972895622253,True,c12_correct
95,96,96_8.bmp,preprocessed_results\96\96_8.bmp,95,95,95,0.9228124618530273,50,0.004653691314160824,0.9181587705388665,95|50|775|813|294,0.92281246|0.00465369|0.00425278|0.00177564|0.00156833,1,0.9228124618530273,True,95,0.9228124618530273,True,95,0.7778681516647339,True,95,0.7915501594543457,True,95,0.7649679780006409,True,c12_correct
96,97,97_9.bmp,preprocessed_results\97\97_9.bmp,96,96,96,0.6782198548316956,292,0.04355287924408913,0.6346669755876064,96|292|7|300|49,0.67821985|0.04355288|0.02586783|0.00798586|0.00666203,1,0.6782198548316956,True,96,0.6782198548316956,True,96,0.09452249109745026,True,96,0.7569231390953064,True,96,0.6545661091804504,True,c12_correct
97,98,98_7.bmp,preprocessed_results\98\98_7.bmp,97,97,97,0.7885659337043762,1,0.022873837500810623,0.7656920962035656,97|1|147|303|7,0.78856593|0.02287384|0.00867720|0.00810725|0.00561518,1,0.7885659337043762,True,97,0.7885659337043762,True,97,0.34083837270736694,True,97,0.7955737113952637,True,97,0.581470787525177,True,c12_correct
98,99,99_3.bmp,preprocessed_results\99\99_3.bmp,98,98,98,0.9065476059913635,279,0.001969320233911276,0.9045782857574522,98|279|455|250|545,0.90654761|0.00196932|0.00173856|0.00166313|0.00142506,1,0.9065476059913635,True,98,0.9065476059913635,True,98,0.8331804275512695,True,98,0.8251369595527649,True,98,0.8091744780540466,True,c12_correct
99,100,100_4.bmp,preprocessed_results\100\100_4.bmp,99,99,99,0.9170693755149841,664,0.002996517112478614,0.9140728584025055,99|664|279|232|661,0.91706938|0.00299652|0.00259884|0.00256201|0.00254248,1,0.9170693755149841,True,99,0.9170693755149841,True,99,0.8797392249107361,True,99,0.8287761807441711,True,99,0.6222241520881653,True,c12_correct
100,101,101_5.bmp,preprocessed_results\101\101_5.bmp,100,100,100,0.912230908870697,4,0.0048214709386229515,0.9074094379320741,100|4|146|132|340,0.91223091|0.00482147|0.00393682|0.00273628|0.00186740,1,0.912230908870697,True,100,0.912230908870697,True,100,0.3956323564052582,True,100,0.7405723333358765,True,100,0.7262161374092102,True,c12_correct
101,102,102_4.bmp,preprocessed_results\102\102_4.bmp,101,101,101,0.9317945241928101,325,0.003538992255926132,0.9282555319368839,101|325|723|331|141,0.93179452|0.00353899|0.00240608|0.00183441|0.00178296,1,0.9317945241928101,True,101,0.9317945241928101,True,101,0.902595579624176,True,101,0.8511186242103577,True,101,0.7943485975265503,True,c12_correct
102,103,103_6.bmp,preprocessed_results\103\103_6.bmp,102,102,102,0.739105761051178,801,0.03411637246608734,0.7049893885850906,102|801|182|72|196,0.73910576|0.03411637|0.01984159|0.01548615|0.01049358,1,0.739105761051178,True,102,0.739105761051178,True,102,0.6483811140060425,True,102,0.7950174808502197,True,102,0.4758383333683014,True,c12_correct
103,104,104_8.bmp,preprocessed_results\104\104_8.bmp,103,103,103,0.4622851014137268,102,0.14237576723098755,0.31990933418273926,103|102|56|373|833,0.46228510|0.14237577|0.01014624|0.00924379|0.00890788,1,0.4622851014137268,True,103,0.4622851014137268,True,103,0.14023493230342865,True,103,0.7945865988731384,True,103,0.48975270986557007,True,c12_correct
104,105,105_4.bmp,preprocessed_results\105\105_4.bmp,104,104,104,0.7190902233123779,50,0.0331634022295475,0.6859268210828304,104|50|771|61|131,0.71909022|0.03316340|0.01370715|0.00658486|0.00500272,1,0.7190902233123779,True,104,0.7190902233123779,True,104,0.66318678855896,True,104,0.7871723175048828,True,104,0.5598569512367249,True,c12_correct
105,106,106_4.bmp,preprocessed_results\106\106_4.bmp,105,105,105,0.6048581004142761,152,0.042416300624608994,0.5624417997896671,105|152|26|15|275,0.60485810|0.04241630|0.01439301|0.00930884|0.00827815,1,0.6048581004142761,True,105,0.6048581004142761,True,105,0.7331260442733765,True,105,0.8437362313270569,True,105,0.7526111006736755,True,c12_correct
106,107,107_10.bmp,preprocessed_results\107\107_10.bmp,106,106,106,0.5649510622024536,274,0.03488587960600853,0.5300651825964451,106|274|453|56|166,0.56495106|0.03488588|0.01428577|0.00914318|0.00631193,1,0.5649510622024536,True,106,0.5649510622024536,True,106,0.5406783819198608,True,106,0.7941035628318787,True,106,0.4922419488430023,True,c12_correct
107,108,108_7.bmp,preprocessed_results\108\108_7.bmp,107,107,107,0.932996928691864,279,0.0027924852911382914,0.9302044434007257,107|279|55|384|712,0.93299693|0.00279249|0.00241262|0.00194786|0.00170060,1,0.932996928691864,True,107,0.932996928691864,True,107,0.8775529861450195,True,107,0.8353186249732971,True,107,0.7888235449790955,True,c12_correct
108,109,109_10.bmp,preprocessed_results\109\109_10.bmp,108,108,108,0.9437077641487122,109,0.004729533102363348,0.9389782310463488,108|109|233|817|276,0.94370776|0.00472953|0.00202723|0.00117417|0.00098069,1,0.9437077641487122,True,108,0.9437077641487122,True,108,0.8457583785057068,True,108,0.8356016874313354,True,108,0.8565263748168945,True,c12_correct
109,110,110_9.bmp,preprocessed_results\110\110_9.bmp,109,109,109,0.9163269996643066,108,0.00938239973038435,0.9069445999339223,109|108|773|63|59,0.91632700|0.00938240|0.00523432|0.00305377|0.00177008,1,0.9163269996643066,True,109,0.9163269996643066,True,109,0.827057421207428,True,109,0.8375621438026428,True,109,0.7923041582107544,True,c12_correct
110,111,111_7.bmp,preprocessed_results\111\111_7.bmp,110,110,110,0.9433234930038452,111,0.0027512074448168278,0.9405722855590284,110|111|807|746|720,0.94332349|0.00275121|0.00208865|0.00193756|0.00160915,1,0.9433234930038452,True,110,0.9433234930038452,True,110,0.8151899576187134,True,110,0.8302757740020752,True,110,0.7916369438171387,True,c12_correct
111,112,112_1.bmp,preprocessed_results\112\112_1.bmp,111,111,111,0.8726613521575928,110,0.009707432240247726,0.862953919917345,111|110|710|787|698,0.87266135|0.00970743|0.00826611|0.00396503|0.00288944,1,0.8726613521575928,True,111,0.8726613521575928,True,111,0.7532030344009399,True,111,0.832529604434967,True,111,0.8635942339897156,True,c12_correct
112,113,113_2.bmp,preprocessed_results\113\113_2.bmp,112,112,112,0.947957456111908,795,0.004729851149022579,0.9432276049628854,112|795|113|816|22,0.94795746|0.00472985|0.00292150|0.00222773|0.00187296,1,0.947957456111908,True,112,0.947957456111908,True,112,0.8074002861976624,True,112,0.8285282254219055,True,112,0.789537250995636,True,c12_correct
113,114,114_1.bmp,preprocessed_results\114\114_1.bmp,113,113,113,0.7558615803718567,112,0.09425675123929977,0.6616048291325569,113|112|128|3|214,0.75586158|0.09425675|0.00938199|0.00519528|0.00517504,1,0.7558615803718567,True,113,0.7558615803718567,True,113,0.8869433403015137,True,113,0.8477755784988403,True,113,0.8546180129051208,True,c12_correct
114,115,115_5.bmp,preprocessed_results\115\115_5.bmp,114,114,114,0.9265688061714172,115,0.003804182866588235,0.922764623304829,114|115|142|144|234,0.92656881|0.00380418|0.00338259|0.00302825|0.00282007,1,0.9265688061714172,True,114,0.9265688061714172,True,114,0.858517050743103,True,114,0.8238390684127808,True,114,0.7999060750007629,True,c12_correct
115,116,116_8.bmp,preprocessed_results\116\116_8.bmp,115,115,115,0.8111995458602905,114,0.015824880450963974,0.7953746654093266,115|114|142|701|699,0.81119955|0.01582488|0.01177802|0.01032502|0.00854043,1,0.8111995458602905,True,115,0.8111995458602905,True,115,0.8030570149421692,True,115,0.823432981967926,True,115,0.8693581223487854,True,c12_correct
116,117,117_6.bmp,preprocessed_results\117\117_6.bmp,116,116,116,0.8496739268302917,152,0.008343358524143696,0.841330568306148,116|152|117|564|569,0.84967393|0.00834336|0.00783604|0.00572855|0.00419103,1,0.8496739268302917,True,116,0.8496739268302917,True,116,0.5297648310661316,True,116,0.8277447819709778,True,116,0.5974102020263672,True,c12_correct
117,118,118_1.bmp,preprocessed_results\118\118_1.bmp,117,117,117,0.4879858195781708,116,0.0480588898062706,0.4399269297719002,117|116|283|539|184,0.48798582|0.04805889|0.01796247|0.01050935|0.00919782,1,0.4879858195781708,True,117,0.4879858195781708,True,117,0.19313696026802063,True,117,0.768704891204834,True,117,0.4743545949459076,True,c12_correct
118,119,119_9.bmp,preprocessed_results\119\119_9.bmp,118,118,118,0.6492848992347717,318,0.029905112460255623,0.6193797867745161,118|318|204|288|128,0.64928490|0.02990511|0.01615742|0.01427146|0.01190499,1,0.6492848992347717,True,118,0.6492848992347717,True,118,0.6040449738502502,True,118,0.7981835603713989,True,118,0.6394839882850647,True,c12_correct
119,120,120_7.bmp,preprocessed_results\120\120_7.bmp,119,119,119,0.7488232254981995,207,0.019332867115736008,0.7294903583824635,119|207|288|187|122,0.74882323|0.01933287|0.01323317|0.00757600|0.00501938,1,0.7488232254981995,True,119,0.7488232254981995,True,119,0.4365595579147339,True,119,0.8015689849853516,True,119,0.6659476161003113,True,c12_correct
120,121,121_7.bmp,preprocessed_results\121\121_7.bmp,120,120,120,0.7094485759735107,274,0.030925242230296135,0.6785233337432146,120|274|396|267|189,0.70944858|0.03092524|0.00905713|0.00759080|0.00461567,1,0.7094485759735107,True,120,0.7094485759735107,True,120,0.24567803740501404,True,120,0.8141081929206848,True,120,0.5666559338569641,True,c12_correct
121,122,122_4.bmp,preprocessed_results\122\122_4.bmp,121,121,121,0.7218315005302429,120,0.01740897074341774,0.7044225297868252,121|120|209|40|396,0.72183150|0.01740897|0.01073031|0.00675064|0.00649555,1,0.7218315005302429,True,121,0.7218315005302429,True,121,0.8331889510154724,True,121,0.8172509074211121,True,121,0.7588832974433899,True,c12_correct
122,123,123_9.bmp,preprocessed_results\123\123_9.bmp,122,122,122,0.9460710883140564,180,0.005646910052746534,0.9404241782613099,122|180|123|205|473,0.94607109|0.00564691|0.00498713|0.00196919|0.00109481,1,0.9460710883140564,True,122,0.9460710883140564,True,122,0.871587336063385,True,122,0.8455568552017212,True,122,0.872175395488739,True,c12_correct
123,124,124_9.bmp,preprocessed_results\124\124_9.bmp,123,123,123,0.8419609665870667,207,0.009607319720089436,0.8323536468669772,123|207|149|62|187,0.84196097|0.00960732|0.00614506|0.00446935|0.00438347,1,0.8419609665870667,True,123,0.8419609665870667,True,123,0.8018882274627686,True,123,0.8397006392478943,True,123,0.80231773853302,True,c12_correct
124,125,125_9.bmp,preprocessed_results\125\125_9.bmp,124,124,124,0.319148987531662,125,0.083323173224926,0.235825814306736,124|125|185|231|467,0.31914899|0.08332317|0.02402112|0.02187089|0.02160752,1,0.319148987531662,True,124,0.319148987531662,True,124,0.5464208126068115,True,124,0.7816704511642456,True,124,0.5780638456344604,True,c12_correct
125,126,126_9.bmp,preprocessed_results\126\126_9.bmp,125,125,125,0.9210532903671265,124,0.006042151246219873,0.9150111391209066,125|124|40|405|247,0.92105329|0.00604215|0.00202306|0.00136940|0.00136286,1,0.9210532903671265,True,125,0.9210532903671265,True,125,0.6981365084648132,True,125,0.8288835883140564,True,125,0.7750445008277893,True,c12_correct
126,127,127_2.bmp,preprocessed_results\127\127_2.bmp,126,126,126,0.9437726140022278,247,0.0042548333294689655,0.9395177806727588,126|247|246|182|127,0.94377261|0.00425483|0.00285394|0.00149434|0.00135213,1,0.9437726140022278,True,126,0.9437726140022278,True,126,0.8147421479225159,True,126,0.8071259260177612,True,126,0.8581547737121582,True,c12_correct
127,128,128_4.bmp,preprocessed_results\128\128_4.bmp,127,127,127,0.8164946436882019,441,0.004855230450630188,0.8116394132375717,127|441|552|247|165,0.81649464|0.00485523|0.00384288|0.00371107|0.00364623,1,0.8164946436882019,True,127,0.8164946436882019,True,127,0.8600190877914429,True,127,0.801263689994812,True,127,0.7618902325630188,True,c12_correct
128,129,129_8.bmp,preprocessed_results\129\129_8.bmp,128,128,128,0.9578406810760498,207,0.003594818990677595,0.9542458620853722,128|207|52|129|53,0.95784068|0.00359482|0.00255738|0.00249361|0.00211853,1,0.9578406810760498,True,128,0.9578406810760498,True,128,0.9176016449928284,True,128,0.8296204805374146,True,128,0.8694758415222168,True,c12_correct
129,130,130_7.bmp,preprocessed_results\130\130_7.bmp,129,129,129,0.5969054102897644,243,0.026183146983385086,0.5707222633063793,129|243|128|157|61,0.59690541|0.02618315|0.01120017|0.00976464|0.00866105,1,0.5969054102897644,True,129,0.5969054102897644,True,129,0.5872846841812134,True,129,0.8207898139953613,True,129,0.7634854912757874,True,c12_correct
130,131,131_7.bmp,preprocessed_results\131\131_7.bmp,130,130,130,0.7706037759780884,131,0.016612326726317406,0.753991449251771,130|131|104|268|171,0.77060378|0.01661233|0.01533305|0.01146523|0.00622597,1,0.7706037759780884,True,130,0.7706037759780884,True,130,0.7277887463569641,True,130,0.8364720940589905,True,130,0.7359280586242676,True,c12_correct
131,132,132_6.bmp,preprocessed_results\132\132_6.bmp,131,131,131,0.9615518450737,130,0.004239845089614391,0.9573119999840856,131|130|330|288|250,0.96155185|0.00423985|0.00101595|0.00089835|0.00087002,1,0.9615518450737,True,131,0.9615518450737,True,131,0.8703324794769287,True,131,0.8311718106269836,True,131,0.8959197998046875,True,c12_correct
132,133,133_3.bmp,preprocessed_results\133\133_3.bmp,132,132,132,0.9551151394844055,671,0.0033877561800181866,0.9517273833043873,132|671|775|310|133,0.95511514|0.00338776|0.00264989|0.00152747|0.00101404,1,0.9551151394844055,True,132,0.9551151394844055,True,132,0.868712842464447,True,132,0.8296734094619751,True,132,0.8229104280471802,True,c12_correct
133,134,134_6.bmp,preprocessed_results\134\134_6.bmp,133,133,133,0.8366036415100098,775,0.010799036361277103,0.8258046051487327,133|775|132|180|671,0.83660364|0.01079904|0.00993542|0.00439390|0.00438101,1,0.8366036415100098,True,133,0.8366036415100098,True,133,0.7530146837234497,True,133,0.8402273654937744,True,133,0.7523941993713379,True,c12_correct
134,135,135_3.bmp,preprocessed_results\135\135_3.bmp,134,134,134,0.6845307350158691,548,0.03000395931303501,0.6545267757028341,134|548|437|246|135,0.68453074|0.03000396|0.01155557|0.00814321|0.00804083,1,0.6845307350158691,True,134,0.6845307350158691,True,134,0.20827709138393402,True,134,0.7575277090072632,True,134,0.4385334551334381,True,c12_correct
135,136,136_1.bmp,preprocessed_results\136\136_1.bmp,135,135,135,0.9303296804428101,28,0.00434467289596796,0.9259850075468421,135|28|565|569|18,0.93032968|0.00434467|0.00373798|0.00160261|0.00141928,1,0.9303296804428101,True,135,0.9303296804428101,True,135,0.6060073375701904,True,135,0.7870514988899231,True,135,0.4044603407382965,True,c12_correct
136,137,137_9.bmp,preprocessed_results\137\137_9.bmp,136,136,136,0.841750979423523,137,0.0071304794400930405,0.8346204999834299,136|137|16|216|172,0.84175098|0.00713048|0.00661177|0.00388074|0.00312396,1,0.841750979423523,True,136,0.841750979423523,True,136,0.4424760639667511,True,136,0.8150215744972229,True,136,0.6663075685501099,True,c12_correct
137,138,138_10.bmp,preprocessed_results\138\138_10.bmp,137,137,137,0.9801021218299866,136,0.002603091998025775,0.9774990298319608,137|136|266|257|34,0.98010212|0.00260309|0.00063225|0.00056081|0.00045649,1,0.9801021218299866,True,137,0.9801021218299866,True,137,0.6915363669395447,True,137,0.8016167283058167,True,137,0.7315720319747925,True,c12_correct
138,139,139_4.bmp,preprocessed_results\139\139_4.bmp,138,138,138,0.9461743831634521,560,0.0020306622609496117,0.9441437209025025,138|560|153|333|405,0.94617438|0.00203066|0.00142752|0.00098047|0.00096813,1,0.9461743831634521,True,138,0.9461743831634521,True,138,0.6187554001808167,True,138,0.8126793503761292,True,138,0.7880300879478455,True,c12_correct
139,140,140_2.bmp,preprocessed_results\140\140_2.bmp,139,139,139,0.5207587480545044,268,0.061343319714069366,0.45941542834043503,139|268|463|560|138,0.52075875|0.06134332|0.01972589|0.01430256|0.01344799,1,0.5207587480545044,True,139,0.5207587480545044,True,139,0.6756494641304016,True,139,0.8272345066070557,True,139,0.6089816689491272,True,c12_correct
140,141,141_4.bmp,preprocessed_results\141\141_4.bmp,140,140,140,0.08766023814678192,564,0.03801383450627327,0.04964640364050865,140|564|467|334|315,0.08766024|0.03801383|0.02908908|0.02115062|0.01844505,1,0.08766023814678192,True,140,0.08766023814678192,True,141,0.022094620391726494,False,140,0.7283158302307129,True,140,0.06530822813510895,True,c12_correct
141,142,142_7.bmp,preprocessed_results\142\142_7.bmp,141,141,141,0.8280398845672607,140,0.011034362018108368,0.8170055225491524,141|140|154|299|579,0.82803988|0.01103436|0.00864483|0.00658841|0.00366391,1,0.8280398845672607,True,141,0.8280398845672607,True,141,0.8705301880836487,True,141,0.7959815859794617,True,141,0.6441239714622498,True,c12_correct
142,143,143_9.bmp,preprocessed_results\143\143_9.bmp,142,142,142,0.9426056742668152,247,0.002511599799618125,0.9400940744671971,142|247|701|677|333,0.94260567|0.00251160|0.00133689|0.00125689|0.00115337,1,0.9426056742668152,True,142,0.9426056742668152,True,142,0.8433498740196228,True,142,0.8188344836235046,True,142,0.8558642268180847,True,c12_correct
143,144,144_6.bmp,preprocessed_results\144\144_6.bmp,143,143,143,0.58281409740448,564,0.0456760935485363,0.5371380038559437,143|564|57|184|677,0.58281410|0.04567609|0.01151417|0.01060995|0.00846977,1,0.58281409740448,True,143,0.58281409740448,True,143,0.6582048535346985,True,143,0.8093852400779724,True,143,0.750218391418457,True,c12_correct
144,145,145_10.bmp,preprocessed_results\145\145_10.bmp,144,144,144,0.8179870247840881,145,0.011717300862073898,0.8062697239220142,144|145|77|245|57,0.81798702|0.01171730|0.00989644|0.00708506|0.00405247,1,0.8179870247840881,True,144,0.8179870247840881,True,144,0.7101138234138489,True,144,0.819853663444519,True,144,0.7676721811294556,True,c12_correct
145,146,146_7.bmp,preprocessed_results\146\146_7.bmp,145,145,145,0.9558320641517639,144,0.00205466290935874,0.9537774012424052,145|144|476|438|117,0.95583206|0.00205466|0.00198258|0.00131837|0.00095129,1,0.9558320641517639,True,145,0.9558320641517639,True,145,0.9326630234718323,True,145,0.8330891728401184,True,145,0.8091732263565063,True,c12_correct
146,147,147_3.bmp,preprocessed_results\147\147_3.bmp,146,146,146,0.9520090818405151,186,0.0024286590050905943,0.9495804228354245,146|186|708|700|340,0.95200908|0.00242866|0.00230303|0.00180132|0.00123522,1,0.9520090818405151,True,146,0.9520090818405151,True,146,0.8832305669784546,True,146,0.8268202543258667,True,146,0.8632963299751282,True,c12_correct
147,148,148_5.bmp,preprocessed_results\148\148_5.bmp,147,147,147,0.8276514410972595,304,0.010781178250908852,0.8168702628463507,147|304|146|326|38,0.82765144|0.01078118|0.00413662|0.00409600|0.00401665,1,0.8276514410972595,True,147,0.8276514410972595,True,147,0.7279912829399109,True,147,0.8391075134277344,True,147,0.6580083966255188,True,c12_correct
148,149,149_10.bmp,preprocessed_results\149\149_10.bmp,148,148,148,0.9405994415283203,149,0.006214527878910303,0.93438491364941,148|149|449|178|534,0.94059944|0.00621453|0.00238418|0.00171198|0.00135967,1,0.9405994415283203,True,148,0.9405994415283203,True,148,0.8899001479148865,True,148,0.8064243197441101,True,148,0.8157286047935486,True,c12_correct
149,150,150_9.bmp,preprocessed_results\150\150_9.bmp,149,149,149,0.8030316829681396,148,0.00832502543926239,0.7947066575288773,149|148|178|69|326,0.80303168|0.00832503|0.00537751|0.00430576|0.00418213,1,0.8030316829681396,True,149,0.8030316829681396,True,149,0.8110630512237549,True,149,0.8185693621635437,True,149,0.7895731925964355,True,c12_correct
150,151,151_1.bmp,preprocessed_results\151\151_1.bmp,150,150,150,0.9630669951438904,151,0.0026508511509746313,0.9604161439929157,150|151|262|214|101,0.96306700|0.00265085|0.00232018|0.00146390|0.00138345,1,0.9630669951438904,True,150,0.9630669951438904,True,150,0.8370028138160706,True,150,0.8262868523597717,True,150,0.8613103628158569,True,c12_correct
151,152,152_3.bmp,preprocessed_results\152\152_3.bmp,151,151,151,0.942672610282898,150,0.008251475170254707,0.9344211351126432,151|150|87|257|245,0.94267261|0.00825148|0.00276847|0.00171752|0.00144004,1,0.942672610282898,True,151,0.942672610282898,True,151,0.8621994853019714,True,151,0.8132287263870239,True,151,0.8697288036346436,True,c12_correct
152,153,153_6.bmp,preprocessed_results\153\153_6.bmp,152,152,152,0.8732256293296814,153,0.012858318164944649,0.8603673111647367,152|153|552|192|200,0.87322563|0.01285832|0.00418144|0.00355821|0.00312844,1,0.8732256293296814,True,152,0.8732256293296814,True,152,0.8363532423973083,True,152,0.8279730081558228,True,152,0.7846482992172241,True,c12_correct
153,154,154_4.bmp,preprocessed_results\154\154_4.bmp,153,153,153,0.6462547779083252,152,0.03822024539113045,0.6080345325171947,153|152|277|638|121,0.64625478|0.03822025|0.00917523|0.00878155|0.00487159,1,0.6462547779083252,True,153,0.6462547779083252,True,153,0.8115285038948059,True,153,0.8511444926261902,True,153,0.7809192538261414,True,c12_correct
154,155,155_1.bmp,preprocessed_results\155\155_1.bmp,154,154,154,0.5157424211502075,153,0.020319238305091858,0.49542318284511566,154|153|414|299|434,0.51574242|0.02031924|0.01067350|0.00967960|0.00935385,1,0.5157424211502075,True,154,0.5157424211502075,True,154,0.6563773155212402,True,154,0.7553694248199463,True,154,0.3994339406490326,True,c12_correct
155,156,156_4.bmp,preprocessed_results\156\156_4.bmp,155,155,155,0.9172137975692749,459,0.003825182095170021,0.9133886154741049,155|459|71|575|577,0.91721380|0.00382518|0.00212895|0.00199814|0.00168263,1,0.9172137975692749,True,155,0.9172137975692749,True,155,0.835520327091217,True,155,0.8193793892860413,True,155,0.7775201201438904,True,c12_correct
156,157,157_4.bmp,preprocessed_results\157\157_4.bmp,156,156,156,0.9657653570175171,76,0.0030356538482010365,0.962729703169316,156|76|638|71|304,0.96576536|0.00303565|0.00177491|0.00139079|0.00131225,1,0.9657653570175171,True,156,0.9657653570175171,True,156,0.8068952560424805,True,156,0.8478406071662903,True,156,0.8637118339538574,True,c12_correct
157,158,158_8.bmp,preprocessed_results\158\158_8.bmp,157,157,157,0.635398805141449,60,0.06071971729397774,0.5746790878474712,157|60|135|203|211,0.63539881|0.06071972|0.01444341|0.00605236|0.00601231,1,0.635398805141449,True,157,0.635398805141449,True,157,0.6611343026161194,True,157,0.8001556992530823,True,157,0.7132526636123657,True,c12_correct
158,159,159_1.bmp,preprocessed_results\159\159_1.bmp,158,158,158,0.38671818375587463,92,0.04548465460538864,0.341233529150486,158|92|119|187|186,0.38671818|0.04548465|0.03857063|0.03589317|0.03171995,1,0.38671818375587463,True,158,0.38671818375587463,True,158,0.7010530829429626,True,158,0.8117755055427551,True,158,0.7012854814529419,True,c12_correct
159,160,160_2.bmp,preprocessed_results\160\160_2.bmp,159,159,159,0.6431794166564941,225,0.013179398141801357,0.6300000185146928,159|225|87|158|737,0.64317942|0.01317940|0.01268560|0.00743939|0.00627250,1,0.6431794166564941,True,159,0.6431794166564941,True,159,0.6661088466644287,True,159,0.8215495944023132,True,159,0.7436680197715759,True,c12_correct
160,161,161_2.bmp,preprocessed_results\161\161_2.bmp,160,160,160,0.8731083273887634,164,0.015121513046324253,0.8579868143424392,160|164|242|532|296,0.87310833|0.01512151|0.00377791|0.00343223|0.00265957,1,0.8731083273887634,True,160,0.8731083273887634,True,160,0.8526556491851807,True,160,0.8050232529640198,True,160,0.820405125617981,True,c12_correct
161,162,162_1.bmp,preprocessed_results\162\162_1.bmp,161,161,161,0.9006478786468506,228,0.00273603736422956,0.897911841282621,161|228|127|788|256,0.90064788|0.00273604|0.00222946|0.00184574|0.00183613,1,0.9006478786468506,True,161,0.9006478786468506,True,161,0.797141969203949,True,161,0.8428506851196289,True,161,0.7490168809890747,True,c12_correct
162,163,163_6.bmp,preprocessed_results\163\163_6.bmp,162,162,162,0.8726297616958618,15,0.008464002050459385,0.8641657596454024,162|15|659|589|763,0.87262976|0.00846400|0.00479366|0.00461257|0.00454249,1,0.8726297616958618,True,162,0.8726297616958618,True,162,0.9035300612449646,True,162,0.8371347188949585,True,162,0.8153663277626038,True,c12_correct
163,164,164_5.bmp,preprocessed_results\164\164_5.bmp,163,163,163,0.9022314548492432,139,0.002739917952567339,0.8994915368966758,163|139|277|700|115,0.90223145|0.00273992|0.00252384|0.00172572|0.00172298,1,0.9022314548492432,True,163,0.9022314548492432,True,163,0.8881769180297852,True,163,0.8575111627578735,True,163,0.7255865335464478,True,c12_correct
164,165,165_8.bmp,preprocessed_results\165\165_8.bmp,164,164,164,0.8771104216575623,379,0.004457404371351004,0.8726530172862113,164|379|156|530|344,0.87711042|0.00445740|0.00324988|0.00304727|0.00245983,1,0.8771104216575623,True,164,0.8771104216575623,True,164,0.7812374830245972,True,164,0.8020152449607849,True,164,0.8257097005844116,True,c12_correct
165,166,166_10.bmp,preprocessed_results\166\166_10.bmp,165,165,165,0.790111780166626,164,0.035793621093034744,0.7543181590735912,165|164|449|603|798,0.79011178|0.03579362|0.00606021|0.00503114|0.00444188,1,0.790111780166626,True,165,0.790111780166626,True,165,0.5112488865852356,True,165,0.8095921874046326,True,165,0.603300154209137,True,c12_correct
166,167,167_3.bmp,preprocessed_results\167\167_3.bmp,166,166,166,0.9008594751358032,195,0.0038002782966941595,0.8970591968391091,166|195|332|209|114,0.90085948|0.00380028|0.00217961|0.00186774|0.00158601,1,0.9008594751358032,True,166,0.9008594751358032,True,166,0.8218576908111572,True,166,0.8294761776924133,True,166,0.8195942044258118,True,c12_correct
167,168,168_2.bmp,preprocessed_results\168\168_2.bmp,167,167,167,0.9409496188163757,7,0.002477959729731083,0.9384716590866446,167|7|62|274|236,0.94094962|0.00247796|0.00140120|0.00136920|0.00115746,1,0.9409496188163757,True,167,0.9409496188163757,True,167,0.8021335005760193,True,167,0.7979095578193665,True,167,0.8171961307525635,True,c12_correct
168,169,169_5.bmp,preprocessed_results\169\169_5.bmp,168,168,168,0.8336406946182251,169,0.024206504225730896,0.8094341903924942,168|169|290|20|264,0.83364069|0.02420650|0.01673211|0.01599865|0.01021799,1,0.8336406946182251,True,168,0.8336406946182251,True,168,0.7974244952201843,True,168,0.8168457746505737,True,168,0.7132217884063721,True,c12_correct
169,170,170_5.bmp,preprocessed_results\170\170_5.bmp,169,169,169,0.9049090147018433,40,0.004081456456333399,0.9008275582455099,169|40|29|289|307,0.90490901|0.00408146|0.00328023|0.00253306|0.00222877,1,0.9049090147018433,True,169,0.9049090147018433,True,169,0.8553663492202759,True,169,0.8771561980247498,True,169,0.8854435682296753,True,c12_correct
170,171,171_4.bmp,preprocessed_results\171\171_4.bmp,170,170,170,0.9426411390304565,527,0.0018489164067432284,0.9407922226237133,170|527|799|187|4,0.94264114|0.00184892|0.00141037|0.00138449|0.00110842,1,0.9426411390304565,True,170,0.9426411390304565,True,170,0.7291039824485779,True,170,0.8119744062423706,True,170,0.858112633228302,True,c12_correct
171,172,172_7.bmp,preprocessed_results\172\172_7.bmp,171,171,171,0.8760368227958679,5,0.04906059801578522,0.8269762247800827,171|5|431|234|456,0.87603682|0.04906060|0.00346972|0.00211373|0.00177103,1,0.8760368227958679,True,171,0.8760368227958679,True,171,0.8306266069412231,True,171,0.8253284096717834,True,171,0.8125949501991272,True,c12_correct
172,173,173_10.bmp,preprocessed_results\173\173_10.bmp,172,172,172,0.8361326456069946,173,0.00992664135992527,0.8262060042470694,172|173|59|338|42,0.83613265|0.00992664|0.00405671|0.00398380|0.00365489,1,0.8361326456069946,True,172,0.8361326456069946,True,172,0.7578164339065552,True,172,0.8331236839294434,True,172,0.7167661190032959,True,c12_correct
173,174,174_7.bmp,preprocessed_results\174\174_7.bmp,173,173,173,0.6473097205162048,172,0.04682062193751335,0.6004890985786915,173|172|125|194|832,0.64730972|0.04682062|0.01684883|0.01507246|0.01005169,1,0.6473097205162048,True,173,0.6473097205162048,True,173,0.5832736492156982,True,173,0.7467624545097351,True,173,0.19913488626480103,True,c12_correct
174,175,175_9.bmp,preprocessed_results\175\175_9.bmp,174,174,174,0.8461278676986694,302,0.006407036446034908,0.8397208312526345,174|302|580|248|123,0.84612787|0.00640704|0.00414042|0.00343920|0.00267377,1,0.8461278676986694,True,174,0.8461278676986694,True,174,0.7172622084617615,True,174,0.8420572280883789,True,174,0.854189932346344,True,c12_correct
175,176,176_9.bmp,preprocessed_results\176\176_9.bmp,175,175,175,0.9107174277305603,174,0.0057797725312411785,0.9049376551993191,175|174|234|566|69,0.91071743|0.00577977|0.00336248|0.00217753|0.00158596,1,0.9107174277305603,True,175,0.9107174277305603,True,175,0.7735891342163086,True,175,0.8099017143249512,True,175,0.7913162112236023,True,c12_correct
176,177,177_2.bmp,preprocessed_results\177\177_2.bmp,176,176,176,0.7214807271957397,413,0.009291619062423706,0.712189108133316,176|413|132|536|315,0.72148073|0.00929162|0.00792639|0.00604032|0.00598907,1,0.7214807271957397,True,176,0.7214807271957397,True,176,0.7942101359367371,True,176,0.8357143402099609,True,176,0.7837280631065369,True,c12_correct
177,178,178_6.bmp,preprocessed_results\178\178_6.bmp,177,177,177,0.6013520956039429,18,0.03424182906746864,0.5671102665364742,177|18|6|644|62,0.60135210|0.03424183|0.01275558|0.01127715|0.00871000,1,0.6013520956039429,True,177,0.6013520956039429,True,177,0.16811606287956238,True,177,0.7692499756813049,True,177,0.3029850423336029,True,c12_correct
178,179,179_7.bmp,preprocessed_results\179\179_7.bmp,178,178,178,0.5746182799339294,314,0.05380438640713692,0.5208138935267925,178|314|188|547|179,0.57461828|0.05380439|0.03957175|0.02076564|0.01156032,1,0.5746182799339294,True,178,0.5746182799339294,True,178,0.33975064754486084,True,178,0.7597794532775879,True,178,0.6061444878578186,True,c12_correct
179,180,180_5.bmp,preprocessed_results\180\180_5.bmp,179,179,179,0.6632681488990784,127,0.015068946406245232,0.6481992024928331,179|127|43|125|167,0.66326815|0.01506895|0.01474194|0.01193425|0.00805749,1,0.6632681488990784,True,179,0.6632681488990784,True,179,0.6312983632087708,True,179,0.8325896263122559,True,179,0.7081709504127502,True,c12_correct
180,181,181_1.bmp,preprocessed_results\181\181_1.bmp,180,180,180,0.8754820227622986,133,0.013257100246846676,0.8622249225154519,180|133|775|557|543,0.87548202|0.01325710|0.00413310|0.00360788|0.00321350,1,0.8754820227622986,True,180,0.8754820227622986,True,180,0.4434238076210022,True,180,0.828423798084259,True,180,0.8463737368583679,True,c12_correct
181,182,182_7.bmp,preprocessed_results\182\182_7.bmp,181,181,181,0.7707862257957458,482,0.010901719331741333,0.7598845064640045,181|482|96|144|57,0.77078623|0.01090172|0.01042165|0.00831616|0.00715451,1,0.7707862257957458,True,181,0.7707862257957458,True,181,0.7225337028503418,True,181,0.7987844944000244,True,181,0.8321947455406189,True,c12_correct
182,183,183_7.bmp,preprocessed_results\183\183_7.bmp,182,182,182,0.9580950736999512,183,0.00424005975946784,0.9538550139404833,182|183|145|553|486,0.95809507|0.00424006|0.00266710|0.00110850|0.00090404,1,0.9580950736999512,True,182,0.9580950736999512,True,182,0.8696910738945007,True,182,0.7900404930114746,True,182,0.725307285785675,True,c12_correct
183,184,184_4.bmp,preprocessed_results\184\184_4.bmp,183,183,183,0.7942671179771423,182,0.006964326370507479,0.7873027916066349,183|182|71|548|76,0.79426712|0.00696433|0.00518556|0.00426972|0.00426823,1,0.7942671179771423,True,183,0.7942671179771423,True,183,0.6980287432670593,True,183,0.8130531311035156,True,183,0.760003387928009,True,c12_correct
184,185,185_4.bmp,preprocessed_results\185\185_4.bmp,184,184,184,0.962335467338562,117,0.002675345866009593,0.9596601214725524,184|117|221|558|377,0.96233547|0.00267535|0.00123326|0.00113005|0.00080638,1,0.962335467338562,True,184,0.962335467338562,True,184,0.7390642762184143,True,184,0.8190711140632629,True,184,0.7744104862213135,True,c12_correct
185,186,186_3.bmp,preprocessed_results\186\186_3.bmp,185,185,185,0.6573781371116638,221,0.029850976541638374,0.6275271605700254,185|221|184|515|81,0.65737814|0.02985098|0.01122354|0.00838710|0.00741396,1,0.6573781371116638,True,185,0.6573781371116638,True,185,0.29822805523872375,True,185,0.7094709873199463,True,185,0.4877299666404724,True,c12_correct
186,187,187_3.bmp,preprocessed_results\187\187_3.bmp,186,186,186,0.7986204624176025,624,0.01971697248518467,0.7789034899324179,186|624|187|146|828,0.79862046|0.01971697|0.01361854|0.00471883|0.00458953,1,0.7986204624176025,True,186,0.7986204624176025,True,186,0.6921707987785339,True,186,0.8258807063102722,True,186,0.8163854479789734,True,c12_correct
187,188,188_2.bmp,preprocessed_results\188\188_2.bmp,187,187,187,0.9413305521011353,186,0.022023744881153107,0.9193068072199821,187|186|319|711|14,0.94133055|0.02202374|0.00171466|0.00149877|0.00120416,1,0.9413305521011353,True,187,0.9413305521011353,True,187,0.8801901340484619,True,187,0.8142859935760498,True,187,0.8107775449752808,True,c12_correct
188,189,189_10.bmp,preprocessed_results\189\189_10.bmp,188,188,188,0.8205654621124268,78,0.012859897688031197,0.8077055644243956,188|78|212|258|35,0.82056546|0.01285990|0.00775528|0.00746808|0.00409380,1,0.8205654621124268,True,188,0.8205654621124268,True,188,0.7862221002578735,True,188,0.8071659207344055,True,188,0.7120335698127747,True,c12_correct
189,190,190_3.bmp,preprocessed_results\190\190_3.bmp,189,189,189,0.7854284048080444,263,0.006807871162891388,0.778620533645153,189|263|440|167|28,0.78542840|0.00680787|0.00510009|0.00493346|0.00486874,1,0.7854284048080444,True,189,0.7854284048080444,True,189,0.7538758516311646,True,189,0.8346072435379028,True,189,0.7637075185775757,True,c12_correct
190,191,191_7.bmp,preprocessed_results\191\191_7.bmp,190,190,190,0.7992900013923645,298,0.026482168585062027,0.7728078328073025,190|298|529|334|200,0.79929000|0.02648217|0.01045966|0.00732655|0.00620794,1,0.7992900013923645,True,190,0.7992900013923645,True,190,0.8809478878974915,True,190,0.8123565912246704,True,190,0.8308550119400024,True,c12_correct
191,192,192_4.bmp,preprocessed_results\192\192_4.bmp,191,191,191,0.9402351975440979,190,0.0024418863467872143,0.9377933111973107,191|190|348|365|339,0.94023520|0.00244189|0.00136733|0.00118379|0.00116795,1,0.9402351975440979,True,191,0.9402351975440979,True,191,0.6761000156402588,True,191,0.805824875831604,True,191,0.7596541047096252,True,c12_correct
192,193,193_8.bmp,preprocessed_results\193\193_8.bmp,192,192,192,0.9534823298454285,279,0.001330216764472425,0.952152113080956,192|279|152|74|213,0.95348233|0.00133022|0.00106784|0.00092565|0.00070391,1,0.9534823298454285,True,192,0.9534823298454285,True,192,0.8635520935058594,True,192,0.8436235785484314,True,192,0.8953000903129578,True,c12_correct
193,194,194_1.bmp,preprocessed_results\194\194_1.bmp,193,193,193,0.5161681771278381,105,0.047611694782972336,0.4685564823448658,193|105|28|157|748,0.51616818|0.04761169|0.03865554|0.01768486|0.01728217,1,0.5161681771278381,True,193,0.5161681771278381,True,193,0.25841450691223145,True,193,0.8001052737236023,True,193,0.523648738861084,True,c12_correct
194,195,195_3.bmp,preprocessed_results\195\195_3.bmp,194,194,194,0.9599159955978394,195,0.008319808170199394,0.95159618742764,194|195|229|561|242,0.95991600|0.00831981|0.00139439|0.00092343|0.00082542,1,0.9599159955978394,True,194,0.9599159955978394,True,194,0.8073306679725647,True,194,0.8306631445884705,True,194,0.7384713292121887,True,c12_correct
195,196,196_7.bmp,preprocessed_results\196\196_7.bmp,195,195,195,0.9571731686592102,194,0.005158890504390001,0.9520142781548202,195|194|218|79|166,0.95717317|0.00515889|0.00144700|0.00092585|0.00091909,1,0.9571731686592102,True,195,0.9571731686592102,True,195,0.9186434149742126,True,195,0.8346476554870605,True,195,0.8738242387771606,True,c12_correct
196,197,197_3.bmp,preprocessed_results\197\197_3.bmp,196,196,196,0.5531486868858337,197,0.031434427946805954,0.5217142589390278,196|197|116|451|272,0.55314869|0.03143443|0.01797904|0.01288584|0.01205588,1,0.5531486868858337,True,196,0.5531486868858337,True,196,0.44837522506713867,True,196,0.8273608684539795,True,196,0.5978438854217529,True,c12_correct
197,198,198_4.bmp,preprocessed_results\198\198_4.bmp,197,197,197,0.8113490343093872,82,0.016324510797858238,0.795024523511529,197|82|57|44|414,0.81134903|0.01632451|0.01558800|0.00740569|0.00639701,1,0.8113490343093872,True,197,0.8113490343093872,True,197,0.8606288433074951,True,197,0.8093128800392151,True,197,0.8993310332298279,True,c12_correct
198,199,199_5.bmp,preprocessed_results\199\199_5.bmp,198,198,198,0.9038375020027161,199,0.010920627973973751,0.8929168740287423,198|199|78|248|4,0.90383750|0.01092063|0.00303071|0.00218872|0.00217995,1,0.9038375020027161,True,198,0.9038375020027161,True,198,0.7220126390457153,True,198,0.8029091954231262,True,198,0.8736505508422852,True,c12_correct
199,200,200_7.bmp,preprocessed_results\200\200_7.bmp,199,199,199,0.3263680636882782,269,0.16429607570171356,0.16207198798656464,199|269|285|198|284,0.32636806|0.16429608|0.06676906|0.04136043|0.01880039,1,0.3263680636882782,True,199,0.3263680636882782,True,199,0.18955020606517792,True,199,0.7320022583007812,True,199,0.26996520161628723,True,c12_correct
200,201,201_8.bmp,preprocessed_results\201\201_8.bmp,200,200,200,0.7395204901695251,173,0.019731879234313965,0.7197886109352112,200|173|172|39|358,0.73952049|0.01973188|0.01962781|0.01274651|0.01213291,1,0.7395204901695251,True,200,0.7395204901695251,True,200,0.5731226205825806,True,200,0.8169140219688416,True,200,0.6540271043777466,True,c12_correct
201,202,202_9.bmp,preprocessed_results\202\202_9.bmp,201,201,201,0.7334915399551392,206,0.007743328809738159,0.725748211145401,201|206|130|291|131,0.73349154|0.00774333|0.00742591|0.00707023|0.00695463,1,0.7334915399551392,True,201,0.7334915399551392,True,201,0.6883870363235474,True,201,0.7909005284309387,True,201,0.6317028403282166,True,c12_correct
202,203,203_9.bmp,preprocessed_results\203\203_9.bmp,202,202,202,0.7913649678230286,203,0.014231406152248383,0.7771335616707802,202|203|379|413|122,0.79136497|0.01423141|0.00980126|0.00676480|0.00464419,1,0.7913649678230286,True,202,0.7913649678230286,True,202,0.42812013626098633,True,202,0.8198879361152649,True,202,0.612805962562561,True,c12_correct
203,204,204_1.bmp,preprocessed_results\204\204_1.bmp,203,203,203,0.9594529867172241,202,0.0037646889686584473,0.9556882977485657,203|202|188|511|135,0.95945299|0.00376469|0.00065147|0.00060195|0.00058600,1,0.9594529867172241,True,203,0.9594529867172241,True,203,0.862687349319458,True,203,0.8107929825782776,True,203,0.871471643447876,True,c12_correct
204,205,205_5.bmp,preprocessed_results\205\205_5.bmp,204,204,204,0.7189725041389465,262,0.012112735770642757,0.7068597683683038,204|262|34|118|818,0.71897250|0.01211274|0.01129952|0.01045124|0.00706364,1,0.7189725041389465,True,204,0.7189725041389465,True,204,0.6951114535331726,True,204,0.8362873196601868,True,204,0.5314761400222778,True,c12_correct
205,206,206_10.bmp,preprocessed_results\206\206_10.bmp,205,205,205,0.8419275283813477,8,0.004627839662134647,0.837299688719213,205|8|296|335|738,0.84192753|0.00462784|0.00459336|0.00452815|0.00384558,1,0.8419275283813477,True,205,0.8419275283813477,True,205,0.7638404369354248,True,205,0.8207537531852722,True,205,0.7261906862258911,True,c12_correct
206,207,207_2.bmp,preprocessed_results\207\207_2.bmp,206,206,206,0.960161566734314,207,0.016323398798704147,0.9438381679356098,206|207|288|602|131,0.96016157|0.01632340|0.00187850|0.00126086|0.00122847,1,0.960161566734314,True,206,0.960161566734314,True,206,0.9028711318969727,True,206,0.7930517792701721,True,206,0.7774891257286072,True,c12_correct
207,208,208_3.bmp,preprocessed_results\208\208_3.bmp,207,207,207,0.6760607361793518,206,0.053664881736040115,0.6223958544433117,207|206|23|425|257,0.67606074|0.05366488|0.01505117|0.01011559|0.01002356,1,0.6760607361793518,True,207,0.6760607361793518,True,207,0.5326303839683533,True,207,0.8301960229873657,True,207,0.6706754565238953,True,c12_correct
208,209,209_7.bmp,preprocessed_results\209\209_7.bmp,208,208,208,0.3785644769668579,217,0.06388827413320541,0.3146762028336525,208|217|135|209|639,0.37856448|0.06388827|0.06327823|0.03813937|0.02623263,1,0.3785644769668579,True,208,0.3785644769668579,True,208,0.24935010075569153,True,208,0.7777497172355652,True,208,0.37020203471183777,True,c12_correct
209,210,210_2.bmp,preprocessed_results\210\210_2.bmp,209,209,209,0.8063115477561951,338,0.007789434865117073,0.798522112891078,209|338|208|233|316,0.80631155|0.00778943|0.00711823|0.00573795|0.00371232,1,0.8063115477561951,True,209,0.8063115477561951,True,209,0.8772916197776794,True,209,0.7664820551872253,True,209,0.7923738360404968,True,c12_correct
210,211,211_5.bmp,preprocessed_results\211\211_5.bmp,210,210,210,0.7627974152565002,211,0.20200903713703156,0.5607883781194687,210|211|70|83|76,0.76279742|0.20200904|0.00153361|0.00134092|0.00074599,1,0.7627974152565002,True,210,0.7627974152565002,True,210,0.8622680902481079,True,210,0.851537823677063,True,210,0.8339458703994751,True,c12_correct
211,212,212_6.bmp,preprocessed_results\212\212_6.bmp,211,211,211,0.8686791062355042,189,0.008392938412725925,0.8602861678227782,211|189|109|477|210,0.86867911|0.00839294|0.00729807|0.00649540|0.00619502,1,0.8686791062355042,True,211,0.8686791062355042,True,211,0.3676847219467163,True,211,0.8031045198440552,True,211,0.6269712448120117,True,c12_correct
212,213,213_10.bmp,preprocessed_results\213\213_10.bmp,212,212,212,0.8937737941741943,213,0.010935314930975437,0.8828384792432189,212|213|33|188|218,0.89377379|0.01093531|0.00556036|0.00535088|0.00503208,1,0.8937737941741943,True,212,0.8937737941741943,True,212,0.6021069884300232,True,212,0.8243248462677002,True,212,0.8317739963531494,True,c12_correct
213,214,214_2.bmp,preprocessed_results\214\214_2.bmp,213,213,213,0.7004880309104919,212,0.012496334500610828,0.6879916964098811,213|212|270|140|30,0.70048803|0.01249633|0.01118715|0.00891701|0.00618164,1,0.7004880309104919,True,213,0.7004880309104919,True,213,0.7619452476501465,True,213,0.8009544014930725,True,213,0.8243927359580994,True,c12_correct
214,215,215_2.bmp,preprocessed_results\215\215_2.bmp,214,214,214,0.7666530013084412,136,0.01065691839903593,0.7559960829094052,214|136|588|90|215,0.76665300|0.01065692|0.00839767|0.00619175|0.00606489,1,0.7666530013084412,True,214,0.7666530013084412,True,214,0.4718441069126129,True,214,0.7981656789779663,True,214,0.5653918385505676,True,c12_correct
215,216,216_8.bmp,preprocessed_results\216\216_8.bmp,215,215,215,0.9135525822639465,214,0.0047960104420781136,0.9087565718218684,215|214|449|165|352,0.91355258|0.00479601|0.00325415|0.00252229|0.00180968,1,0.9135525822639465,True,215,0.9135525822639465,True,215,0.7754679918289185,True,215,0.8316750526428223,True,215,0.7807191610336304,True,c12_correct
216,217,217_9.bmp,preprocessed_results\217\217_9.bmp,216,216,216,0.846380889415741,589,0.012062376365065575,0.8343185130506754,216|589|217|335|45,0.84638089|0.01206238|0.01083580|0.00580245|0.00536010,1,0.846380889415741,True,216,0.846380889415741,True,216,0.8194435238838196,True,216,0.8304846882820129,True,216,0.7456266283988953,True,c12_correct
217,218,218_1.bmp,preprocessed_results\218\218_1.bmp,217,217,217,0.7959320545196533,204,0.00996203999966383,0.7859700145199895,217|204|216|118|329,0.79593205|0.00996204|0.00667115|0.00440563|0.00403049,1,0.7959320545196533,True,217,0.7959320545196533,True,217,0.8642519116401672,True,217,0.8381491303443909,True,217,0.863914430141449,True,c12_correct
218,219,219_9.bmp,preprocessed_results\219\219_9.bmp,218,218,218,0.47261202335357666,195,0.03642736002802849,0.43618466332554817,218|195|219|72|296,0.47261202|0.03642736|0.02121074|0.01084231|0.00906519,1,0.47261202335357666,True,218,0.47261202335357666,True,218,0.5211737751960754,True,218,0.7741115093231201,True,218,0.6186277866363525,True,c12_correct
219,220,220_6.bmp,preprocessed_results\220\220_6.bmp,219,219,219,0.7933883666992188,151,0.010151530615985394,0.7832368360832334,219|151|183|20|725,0.79338837|0.01015153|0.01007164|0.00582516|0.00403659,1,0.7933883666992188,True,219,0.7933883666992188,True,219,0.5918978452682495,True,219,0.7925917506217957,True,219,0.665554940700531,True,c12_correct
220,221,221_7.bmp,preprocessed_results\221\221_7.bmp,220,220,220,0.930696427822113,221,0.0060610100626945496,0.9246354177594185,220|221|332|605|512,0.93069643|0.00606101|0.00423777|0.00294765|0.00274987,1,0.930696427822113,True,220,0.930696427822113,True,220,0.6868171691894531,True,220,0.8361133933067322,True,220,0.7207807898521423,True,c12_correct
221,222,222_5.bmp,preprocessed_results\222\222_5.bmp,221,221,221,0.7166040539741516,185,0.013164332136511803,0.7034397218376398,221|185|665|143|184,0.71660405|0.01316433|0.00968756|0.00736095|0.00559804,1,0.7166040539741516,True,221,0.7166040539741516,True,221,0.4035095274448395,True,221,0.8170692324638367,True,221,0.4797017574310303,True,c12_correct
222,223,223_7.bmp,preprocessed_results\223\223_7.bmp,222,222,222,0.7095947861671448,123,0.01295041386038065,0.6966443723067641,222|123|112|122|180,0.70959479|0.01295041|0.00822370|0.00719754|0.00685718,1,0.7095947861671448,True,222,0.7095947861671448,True,222,0.47959819436073303,True,222,0.7863883376121521,True,222,0.5274297595024109,True,c12_correct
223,224,224_6.bmp,preprocessed_results\224\224_6.bmp,223,223,223,0.7301279306411743,203,0.021986380219459534,0.7081415504217148,223|203|94|58|262,0.73012793|0.02198638|0.01934008|0.01867527|0.00943956,1,0.7301279306411743,True,223,0.7301279306411743,True,223,0.7447614073753357,True,223,0.8157117962837219,True,223,0.8110013008117676,True,c12_correct
224,225,225_7.bmp,preprocessed_results\225\225_7.bmp,224,224,224,0.1168886199593544,269,0.05843455716967583,0.058454062789678574,224|269|599|598|35,0.11688862|0.05843456|0.03800090|0.03494952|0.03472012,1,0.1168886199593544,True,224,0.1168886199593544,True,224,0.09333335608243942,True,224,0.7459568977355957,True,224,0.19052866101264954,True,c12_correct
225,226,226_8.bmp,preprocessed_results\226\226_8.bmp,225,225,225,0.8953771591186523,541,0.0056386664509773254,0.889738492667675,225|541|285|284|790,0.89537716|0.00563867|0.00532190|0.00336288|0.00297446,1,0.8953771591186523,True,225,0.8953771591186523,True,225,0.7652304768562317,True,225,0.8429888486862183,True,225,0.7250452041625977,True,c12_correct
226,227,227_7.bmp,preprocessed_results\227\227_7.bmp,226,226,226,0.8063660860061646,413,0.013312427327036858,0.7930536586791277,226|413|526|562|366,0.80636609|0.01331243|0.00861144|0.00581219|0.00561363,1,0.8063660860061646,True,226,0.8063660860061646,True,226,0.45197227597236633,True,226,0.8348656296730042,True,226,0.6886224150657654,True,c12_correct
227,228,228_5.bmp,preprocessed_results\228\228_5.bmp,227,227,227,0.5937893986701965,558,0.06657182425260544,0.5272175744175911,227|558|226|70|530,0.59378940|0.06657182|0.04715864|0.01222114|0.01113715,1,0.5937893986701965,True,227,0.5937893986701965,True,227,0.4341992139816284,True,227,0.8207723498344421,True,227,0.7048823237419128,True,c12_correct
228,229,229_10.bmp,preprocessed_results\229\229_10.bmp,228,228,228,0.8485788702964783,316,0.004466939717531204,0.8441119305789471,228|316|214|211|2,0.84857887|0.00446694|0.00440268|0.00433353|0.00359843,1,0.8485788702964783,True,228,0.8485788702964783,True,228,0.7146780490875244,True,228,0.7583143711090088,True,228,0.7007896304130554,True,c12_correct
229,230,230_6.bmp,preprocessed_results\230\230_6.bmp,229,229,229,0.9230427742004395,487,0.0025230590254068375,0.9205197151750326,229|487|544|56|562,0.92304277|0.00252306|0.00229968|0.00228968|0.00217006,1,0.9230427742004395,True,229,0.9230427742004395,True,229,0.8153754472732544,True,229,0.8242619633674622,True,229,0.8153120875358582,True,c12_correct
230,231,231_8.bmp,preprocessed_results\231\231_8.bmp,230,230,230,0.7682560682296753,229,0.014532849192619324,0.753723219037056,230|229|10|8|231,0.76825607|0.01453285|0.01444443|0.01084339|0.00648793,1,0.7682560682296753,True,230,0.7682560682296753,True,230,0.8343822360038757,True,230,0.8032076358795166,True,230,0.8424414992332458,True,c12_correct
231,232,232_2.bmp,preprocessed_results\232\232_2.bmp,231,231,231,0.16185873746871948,230,0.13062459230422974,0.031234145164489746,231|230|18|101|226,0.16185874|0.13062459|0.07241283|0.02162795|0.01818707,1,0.16185873746871948,True,231,0.16185873746871948,True,231,0.28941118717193604,True,231,0.6178604364395142,True,231,0.2477644979953766,True,c12_correct
232,233,233_9.bmp,preprocessed_results\233\233_9.bmp,232,232,232,0.7797064781188965,233,0.01782216690480709,0.7618843112140894,232|233|340|100|487,0.77970648|0.01782217|0.00662479|0.00659088|0.00633909,1,0.7797064781188965,True,232,0.7797064781188965,True,232,0.7298665046691895,True,232,0.8017300367355347,True,232,0.7295190691947937,True,c12_correct
233,234,234_5.bmp,preprocessed_results\234\234_5.bmp,233,233,233,0.9238144159317017,108,0.007319784723222256,0.9164946312084794,233|108|232|338|109,0.92381442|0.00731978|0.00410533|0.00216863|0.00196252,1,0.9238144159317017,True,233,0.9238144159317017,True,233,0.8580744862556458,True,233,0.8248369097709656,True,233,0.8038818836212158,True,c12_correct
234,235,235_1.bmp,preprocessed_results\235\235_1.bmp,234,234,234,0.653116762638092,197,0.022772351279854774,0.6303444113582373,234|197|434|298|146,0.65311676|0.02277235|0.01581061|0.01283847|0.01152600,1,0.653116762638092,True,234,0.653116762638092,True,234,0.4189314544200897,True,234,0.7478001713752747,True,234,0.3923686444759369,True,c12_correct
235,236,236_1.bmp,preprocessed_results\236\236_1.bmp,235,235,235,0.7744641900062561,234,0.0246958639472723,0.7497683260589838,235|234|474|332|539,0.77446419|0.02469586|0.00939725|0.00689531|0.00635810,1,0.7744641900062561,True,235,0.7744641900062561,True,235,0.8523260951042175,True,235,0.7926990985870361,True,235,0.5071165561676025,True,c12_correct
236,237,237_3.bmp,preprocessed_results\237\237_3.bmp,236,236,236,0.135940819978714,175,0.07544968277215958,0.06049113720655441,236|175|318|136|4,0.13594082|0.07544968|0.07254732|0.02074874|0.02020047,1,0.135940819978714,True,236,0.135940819978714,True,236,0.20972086489200592,True,236,0.7620693445205688,True,236,0.4973122775554657,True,c12_correct
237,238,238_8.bmp,preprocessed_results\238\238_8.bmp,237,237,237,0.8730185031890869,236,0.027965284883975983,0.8450532183051109,237|236|40|167|41,0.87301850|0.02796528|0.00436327|0.00413281|0.00288645,1,0.8730185031890869,True,237,0.8730185031890869,True,237,0.4853178858757019,True,237,0.819837212562561,True,237,0.8048105239868164,True,c12_correct
238,239,239_8.bmp,preprocessed_results\239\239_8.bmp,238,238,238,0.6364923715591431,178,0.012869058176875114,0.623623313382268,238|178|437|60|211,0.63649237|0.01286906|0.01081979|0.00677049|0.00640759,1,0.6364923715591431,True,238,0.6364923715591431,True,238,0.810429573059082,True,238,0.835816502571106,True,238,0.834819495677948,True,c12_correct
239,240,240_3.bmp,preprocessed_results\240\240_3.bmp,239,239,239,0.774909257888794,410,0.012926409021019936,0.761982848867774,239|410|76|436|674,0.77490926|0.01292641|0.01173482|0.00893718|0.00667461,1,0.774909257888794,True,239,0.774909257888794,True,239,0.8432623744010925,True,239,0.8423862457275391,True,239,0.776098906993866,True,c12_correct
240,241,241_8.bmp,preprocessed_results\241\241_8.bmp,240,240,240,0.8822659254074097,241,0.008327171206474304,0.8739387542009354,240|241|77|195|220,0.88226593|0.00832717|0.00347526|0.00342725|0.00240541,1,0.8822659254074097,True,240,0.8822659254074097,True,240,0.691243052482605,True,240,0.8382948637008667,True,240,0.7810190916061401,True,c12_correct
241,242,242_2.bmp,preprocessed_results\242\242_2.bmp,241,241,241,0.6600202322006226,147,0.019284095615148544,0.640736136585474,241|147|65|746|751,0.66002023|0.01928410|0.00729775|0.00651917|0.00610988,1,0.6600202322006226,True,241,0.6600202322006226,True,241,0.3010842800140381,True,241,0.7817326188087463,True,241,0.430002361536026,True,c12_correct
242,243,243_7.bmp,preprocessed_results\243\243_7.bmp,242,242,242,0.9665054082870483,478,0.001330108381807804,0.9651752999052405,242|478|68|160|781,0.96650541|0.00133011|0.00075000|0.00073022|0.00058976,1,0.9665054082870483,True,242,0.9665054082870483,True,242,0.8462074995040894,True,242,0.8403093218803406,True,242,0.9073469042778015,True,c12_correct
243,244,244_9.bmp,preprocessed_results\244\244_9.bmp,243,243,243,0.9029307961463928,162,0.008721880614757538,0.8942089155316353,243|162|589|17|769,0.90293080|0.00872188|0.00837291|0.00279198|0.00229040,1,0.9029307961463928,True,243,0.9029307961463928,True,243,0.8873431086540222,True,243,0.8073908090591431,True,243,0.8504442572593689,True,c12_correct
244,245,245_1.bmp,preprocessed_results\245\245_1.bmp,244,244,244,0.8696556687355042,22,0.008857759647071362,0.8607979090884328,244|22|392|258|245,0.86965567|0.00885776|0.00521528|0.00391133|0.00330824,1,0.8696556687355042,True,244,0.8696556687355042,True,244,0.9235342144966125,True,244,0.8125522136688232,True,244,0.8109917044639587,True,c12_correct
245,246,246_1.bmp,preprocessed_results\246\246_1.bmp,245,245,245,0.7857509255409241,665,0.02034803479909897,0.7654028907418251,245|665|702|144|29,0.78575093|0.02034803|0.00741815|0.00500127|0.00380675,1,0.7857509255409241,True,245,0.7857509255409241,True,245,0.42013996839523315,True,245,0.793397068977356,True,245,0.5347439646720886,True,c12_correct
246,247,247_4.bmp,preprocessed_results\247\247_4.bmp,246,246,246,0.6543723344802856,247,0.19615814089775085,0.4582141935825348,246|247|6|221|126,0.65437233|0.19615814|0.00773931|0.00344892|0.00247821,1,0.6543723344802856,True,246,0.6543723344802856,True,246,0.7111591696739197,True,246,0.7422641515731812,True,246,0.628157377243042,True,c12_correct
247,248,248_2.bmp,preprocessed_results\248\248_2.bmp,247,247,247,0.6843259334564209,246,0.025315217673778534,0.6590107157826424,247|246|30|56|328,0.68432593|0.02531522|0.01932260|0.00378187|0.00366605,1,0.6843259334564209,True,247,0.6843259334564209,True,247,0.04243095591664314,True,247,0.7841535210609436,True,247,0.46840715408325195,True,c12_correct
248,249,249_1.bmp,preprocessed_results\249\249_1.bmp,248,248,248,0.9356685280799866,302,0.00593925453722477,0.9297292735427618,248|302|198|250|240,0.93566853|0.00593925|0.00332859|0.00156164|0.00137494,1,0.9356685280799866,True,248,0.9356685280799866,True,248,0.8978615403175354,True,248,0.8354926109313965,True,248,0.8666630983352661,True,c12_correct
249,250,250_8.bmp,preprocessed_results\250\250_8.bmp,249,249,249,0.8978989124298096,268,0.005091182887554169,0.8928077295422554,249|268|269|1|252,0.89789891|0.00509118|0.00457915|0.00388454|0.00277910,1,0.8978989124298096,True,249,0.8978989124298096,True,249,0.7653617262840271,True,249,0.8135241866111755,True,249,0.8509129881858826,True,c12_correct
250,251,251_5.bmp,preprocessed_results\251\251_5.bmp,250,250,250,0.9328931570053101,436,0.0029788361862301826,0.9299143208190799,250|436|312|162|204,0.93289316|0.00297884|0.00247260|0.00158966|0.00119199,1,0.9328931570053101,True,250,0.9328931570053101,True,250,0.711665153503418,True,250,0.8265690803527832,True,250,0.7893664240837097,True,c12_correct
251,252,252_4.bmp,preprocessed_results\252\252_4.bmp,251,251,251,0.5921282172203064,277,0.06021123379468918,0.5319169834256172,251|277|197|320|292,0.59212822|0.06021123|0.02071748|0.01412798|0.01024228,1,0.5921282172203064,True,251,0.5921282172203064,True,251,0.1984560340642929,True,251,0.7467906475067139,True,251,0.22764840722084045,True,c12_correct
252,253,253_10.bmp,preprocessed_results\253\253_10.bmp,252,252,252,0.6869305372238159,284,0.010846065357327461,0.6760844718664885,252|284|289|154|5,0.68693054|0.01084607|0.01044549|0.00938595|0.00723064,1,0.6869305372238159,True,252,0.6869305372238159,True,252,0.7362930178642273,True,252,0.7890079617500305,True,252,0.6123083829879761,True,c12_correct
253,254,254_4.bmp,preprocessed_results\254\254_4.bmp,253,253,253,0.11981888115406036,658,0.026109494268894196,0.09370938688516617,253|658|728|262|249,0.11981888|0.02610949|0.02411115|0.01660684|0.01520893,1,0.11981888115406036,True,253,0.11981888115406036,True,253,0.5054067373275757,True,253,0.7730311751365662,True,253,0.4806680977344513,True,c12_correct
254,255,255_4.bmp,preprocessed_results\255\255_4.bmp,254,254,254,0.7826105952262878,255,0.03861643001437187,0.743994165211916,254|255|55|749|349,0.78261060|0.03861643|0.00509992|0.00467181|0.00271800,1,0.7826105952262878,True,254,0.7826105952262878,True,254,0.839789092540741,True,254,0.807001531124115,True,254,0.8626630306243896,True,c12_correct
255,256,256_6.bmp,preprocessed_results\256\256_6.bmp,255,255,255,0.8127274513244629,254,0.011319980025291443,0.8014074712991714,255|254|266|43|786,0.81272745|0.01131998|0.00555382|0.00432122|0.00352551,1,0.8127274513244629,True,255,0.8127274513244629,True,255,0.4139748811721802,True,255,0.7597140669822693,True,255,0.3981412351131439,True,c12_correct
256,257,257_3.bmp,preprocessed_results\257\257_3.bmp,256,256,256,0.9294084310531616,319,0.0031301265116780996,0.9262783045414835,256|319|791|257|592,0.92940843|0.00313013|0.00165198|0.00145217|0.00088875,1,0.9294084310531616,True,256,0.9294084310531616,True,256,0.7808870673179626,True,256,0.8371625542640686,True,256,0.7890276908874512,True,c12_correct
257,258,258_8.bmp,preprocessed_results\258\258_8.bmp,257,257,257,0.7690544128417969,207,0.008392980322241783,0.7606614325195551,257|207|174|311|206,0.76905441|0.00839298|0.00599506|0.00556803|0.00542063,1,0.7690544128417969,True,257,0.7690544128417969,True,257,0.7103919982910156,True,257,0.8322258591651917,True,257,0.8520551323890686,True,c12_correct
258,259,259_10.bmp,preprocessed_results\259\259_10.bmp,258,258,258,0.89383465051651,77,0.012901327572762966,0.880933322943747,258|77|144|78|200,0.89383465|0.01290133|0.00348869|0.00245746|0.00224397,1,0.89383465051651,True,258,0.89383465051651,True,258,0.6906899809837341,True,258,0.8548904061317444,True,258,0.6546504497528076,True,c12_correct
259,260,260_2.bmp,preprocessed_results\260\260_2.bmp,259,259,259,0.6746783256530762,139,0.011382476426661015,0.6632958492264152,259|139|787|52|111,0.67467833|0.01138248|0.00989532|0.00925363|0.00889719,1,0.6746783256530762,True,259,0.6746783256530762,True,259,0.6693030595779419,True,259,0.7926037311553955,True,259,0.7015136480331421,True,c12_correct
260,261,261_1.bmp,preprocessed_results\261\261_1.bmp,260,260,260,0.8815923929214478,261,0.0065927221439778805,0.8749996707774699,260|261|287|128|217,0.88159239|0.00659272|0.00324366|0.00280313|0.00268578,1,0.8815923929214478,True,260,0.8815923929214478,True,260,0.8733338117599487,True,260,0.8392126560211182,True,260,0.7274884581565857,True,c12_correct
261,262,262_4.bmp,preprocessed_results\262\262_4.bmp,261,261,261,0.8653663396835327,290,0.009017237462103367,0.8563491022214293,261|290|128|260|217,0.86536634|0.00901724|0.00812687|0.00541707|0.00505063,1,0.8653663396835327,True,261,0.8653663396835327,True,261,0.7054235935211182,True,261,0.8258645534515381,True,261,0.8168089389801025,True,c12_correct
262,263,263_5.bmp,preprocessed_results\263\263_5.bmp,262,262,262,0.9689487814903259,255,0.0009790525073185563,0.9679697289830074,262|255|334|263|204,0.96894878|0.00097905|0.00088367|0.00067740|0.00057002,1,0.9689487814903259,True,262,0.9689487814903259,True,262,0.9032405614852905,True,262,0.8574600219726562,True,262,0.8420262932777405,True,c12_correct
263,264,264_2.bmp,preprocessed_results\264\264_2.bmp,263,263,263,0.9566556215286255,262,0.003930947277694941,0.9527246742509305,263|262|339|639|267,0.95665562|0.00393095|0.00112554|0.00088382|0.00086358,1,0.9566556215286255,True,263,0.9566556215286255,True,263,0.8010860085487366,True,263,0.8188163638114929,True,263,0.759357213973999,True,c12_correct
264,265,265_5.bmp,preprocessed_results\265\265_5.bmp,264,264,264,0.713480532169342,208,0.01836806908249855,0.6951124630868435,264|208|295|286|168,0.71348053|0.01836807|0.00997040|0.00685150|0.00653532,1,0.713480532169342,True,264,0.713480532169342,True,264,0.6136935353279114,True,264,0.8081297874450684,True,264,0.7784490585327148,True,c12_correct
265,266,266_1.bmp,preprocessed_results\266\266_1.bmp,265,265,265,0.8650480508804321,153,0.006960431579500437,0.8580876193009317,265|153|37|307|138,0.86504805|0.00696043|0.00541636|0.00378120|0.00313563,1,0.8650480508804321,True,265,0.8650480508804321,True,265,0.4188287556171417,True,265,0.8068385124206543,True,265,0.7418564558029175,True,c12_correct
266,267,267_3.bmp,preprocessed_results\267\267_3.bmp,266,266,266,0.5220842957496643,338,0.03316892683506012,0.4889153689146042,266|338|113|112|497,0.52208430|0.03316893|0.02984160|0.02106843|0.01835907,1,0.5220842957496643,True,266,0.5220842957496643,True,266,0.4354759454727173,True,266,0.8210803866386414,True,266,0.6285802125930786,True,c12_correct
267,268,268_1.bmp,preprocessed_results\268\268_1.bmp,267,267,267,0.9258874654769897,7,0.0049221389926970005,0.9209653264842927,267|7|76|107|289,0.92588747|0.00492214|0.00263726|0.00244942|0.00189854,1,0.9258874654769897,True,267,0.9258874654769897,True,267,0.8494590520858765,True,267,0.8352119326591492,True,267,0.8283273577690125,True,c12_correct
268,269,269_7.bmp,preprocessed_results\269\269_7.bmp,268,268,268,0.9479812979698181,240,0.0019802283495664597,0.9460010696202517,268|240|251|171|562,0.94798130|0.00198023|0.00132781|0.00128675|0.00110523,1,0.9479812979698181,True,268,0.9479812979698181,True,268,0.9157472848892212,True,268,0.8257851600646973,True,268,0.8202613592147827,True,c12_correct
269,270,270_1.bmp,preprocessed_results\270\270_1.bmp,269,269,269,0.42001068592071533,139,0.07410575449466705,0.3459049314260483,269|139|285|568|47,0.42001069|0.07410575|0.04334854|0.03545826|0.02009030,1,0.42001068592071533,True,269,0.42001068592071533,True,269,0.7094284296035767,True,269,0.8128648400306702,True,269,0.671527087688446,True,c12_correct
270,271,271_3.bmp,preprocessed_results\271\271_3.bmp,270,270,270,0.7117287516593933,271,0.2135864496231079,0.4981423020362854,270|271|634|267|247,0.71172875|0.21358645|0.00504456|0.00185559|0.00165810,1,0.7117287516593933,True,270,0.7117287516593933,True,270,0.8442605137825012,True,270,0.8455799221992493,True,270,0.8132631182670593,True,c12_correct
271,272,272_1.bmp,preprocessed_results\272\272_1.bmp,271,271,271,0.8562690019607544,648,0.0065124486573040485,0.8497565533034503,271|648|555|634|87,0.85626900|0.00651245|0.00453787|0.00428485|0.00300711,1,0.8562690019607544,True,271,0.8562690019607544,True,271,0.5981502532958984,True,271,0.7453829646110535,True,271,0.6488009095191956,True,c12_correct
272,273,273_6.bmp,preprocessed_results\273\273_6.bmp,272,272,272,0.8914211392402649,273,0.01893487758934498,0.8724862616509199,272|273|565|271|647,0.89142114|0.01893488|0.00315814|0.00310441|0.00286704,1,0.8914211392402649,True,272,0.8914211392402649,True,272,0.7804572582244873,True,272,0.8263424038887024,True,272,0.7741585373878479,True,c12_correct
273,274,274_2.bmp,preprocessed_results\274\274_2.bmp,273,273,273,0.8708742260932922,272,0.027415208518505096,0.8434590175747871,273|272|576|578|143,0.87087423|0.02741521|0.00654077|0.00544872|0.00374121,1,0.8708742260932922,True,273,0.8708742260932922,True,273,0.8765882849693298,True,273,0.8251475095748901,True,273,0.9320734739303589,True,c12_correct
274,275,275_8.bmp,preprocessed_results\275\275_8.bmp,274,274,274,0.6466401815414429,52,0.011029279790818691,0.6356109017506242,274|52|289|47|568,0.64664018|0.01102928|0.01039147|0.00913496|0.00907417,1,0.6466401815414429,True,274,0.6466401815414429,True,274,0.7217784523963928,True,274,0.8319404721260071,True,274,0.7625699043273926,True,c12_correct
275,276,276_3.bmp,preprocessed_results\276\276_3.bmp,275,275,275,0.8146867752075195,14,0.01049022562801838,0.8041965495795012,275|14|21|274|278,0.81468678|0.01049023|0.01025154|0.00880168|0.00766445,1,0.8146867752075195,True,275,0.8146867752075195,True,275,0.8376737236976624,True,275,0.8120813369750977,True,275,0.7673323750495911,True,c12_correct
276,277,277_6.bmp,preprocessed_results\277\277_6.bmp,276,276,276,0.13466428220272064,42,0.13280321657657623,0.0018610656261444092,276|42|328|251|329,0.13466428|0.13280322|0.07804039|0.03380801|0.03109384,1,0.13466428220272064,True,276,0.13466428220272064,True,276,0.0907338485121727,True,276,0.5429534316062927,True,276,0.12268649786710739,True,c12_correct
277,278,278_5.bmp,preprocessed_results\278\278_5.bmp,277,277,277,0.851384162902832,320,0.00899494718760252,0.8423892157152295,277|320|61|505|290,0.85138416|0.00899495|0.00628636|0.00395337|0.00350796,1,0.851384162902832,True,277,0.851384162902832,True,277,0.4913191497325897,True,277,0.7926443815231323,True,277,0.3603668510913849,True,c12_correct
278,279,279_6.bmp,preprocessed_results\279\279_6.bmp,278,278,278,0.8084524869918823,271,0.01106412336230278,0.7973883636295795,278|271|173|279|172,0.80845249|0.01106412|0.00682307|0.00660350|0.00581170,1,0.8084524869918823,True,278,0.8084524869918823,True,278,0.40090474486351013,True,278,0.8005096912384033,True,278,0.7219039797782898,True,c12_correct
279,280,280_4.bmp,preprocessed_results\280\280_4.bmp,279,279,279,0.9333359599113464,278,0.005029529798775911,0.9283064301125705,279|278|271|98|700,0.93333596|0.00502953|0.00465074|0.00261298|0.00246541,1,0.9333359599113464,True,279,0.9333359599113464,True,279,0.7882598042488098,True,279,0.8061201572418213,True,279,0.7376769781112671,True,c12_correct
280,281,281_5.bmp,preprocessed_results\281\281_5.bmp,280,280,280,0.9255046844482422,281,0.02204696089029312,0.9034577235579491,280|281|148|217|95,0.92550468|0.02204696|0.00281772|0.00174265|0.00157684,1,0.9255046844482422,True,280,0.9255046844482422,True,280,0.9118324518203735,True,280,0.8175246119499207,True,280,0.8789328336715698,True,c12_correct
281,282,282_1.bmp,preprocessed_results\282\282_1.bmp,281,281,281,0.934576690196991,420,0.011895992793142796,0.9226806974038482,281|420|189|287|280,0.93457669|0.01189599|0.00319470|0.00117163|0.00111243,1,0.934576690196991,True,281,0.934576690196991,True,281,0.828276515007019,True,281,0.8484746217727661,True,281,0.8046217560768127,True,c12_correct
282,283,283_9.bmp,preprocessed_results\283\283_9.bmp,282,282,282,0.7427406907081604,283,0.038037948310375214,0.7047027423977852,282|283|273|531|142,0.74274069|0.03803795|0.03069595|0.02689693|0.00781554,1,0.7427406907081604,True,282,0.7427406907081604,True,282,0.4796973764896393,True,282,0.8201028108596802,True,282,0.584182858467102,True,c12_correct
283,284,284_7.bmp,preprocessed_results\284\284_7.bmp,283,283,283,0.8761578798294067,282,0.03565532714128494,0.8405025526881218,283|282|273|117|689,0.87615788|0.03565533|0.01644522|0.00302536|0.00236391,1,0.8761578798294067,True,283,0.8761578798294067,True,283,0.6692676544189453,True,283,0.8352515697479248,True,283,0.7591683864593506,True,c12_correct
284,285,285_8.bmp,preprocessed_results\285\285_8.bmp,284,284,284,0.5937920808792114,224,0.05489610508084297,0.5388959757983685,284|224|225|285|252,0.59379208|0.05489611|0.01704572|0.01617134|0.01232293,1,0.5937920808792114,True,284,0.5937920808792114,True,284,0.6396360397338867,True,284,0.8167852759361267,True,284,0.637486457824707,True,c12_correct
285,286,286_3.bmp,preprocessed_results\286\286_3.bmp,285,285,285,0.534654438495636,612,0.041708655655384064,0.4929457828402519,285|612|284|225|100,0.53465444|0.04170866|0.02539174|0.01832685|0.01027434,1,0.534654438495636,True,285,0.534654438495636,True,285,0.5719086527824402,True,285,0.8006489276885986,True,285,0.5580289959907532,True,c12_correct
286,287,287_9.bmp,preprocessed_results\287\287_9.bmp,286,286,286,0.8151603937149048,287,0.04579700902104378,0.769363384693861,286|287|136|14|653,0.81516039|0.04579701|0.00935524|0.00713601|0.00295999,1,0.8151603937149048,True,286,0.8151603937149048,True,286,0.313799649477005,True,286,0.8087708950042725,True,286,0.5781782865524292,True,c12_correct
287,288,288_8.bmp,preprocessed_results\288\288_8.bmp,287,287,287,0.3470347225666046,286,0.05881285294890404,0.2882218696177006,287|286|169|524|123,0.34703472|0.05881285|0.03818043|0.02772264|0.01407860,1,0.3470347225666046,True,287,0.3470347225666046,True,287,0.45278987288475037,True,287,0.7865373492240906,True,287,0.44465741515159607,True,c12_correct
288,289,289_8.bmp,preprocessed_results\289\289_8.bmp,288,288,288,0.9696388840675354,131,0.0018769585294649005,0.9677619255380705,288|131|313|206|222,0.96963888|0.00187696|0.00074180|0.00066934|0.00064342,1,0.9696388840675354,True,288,0.9696388840675354,True,288,0.8680344820022583,True,288,0.815605103969574,True,288,0.8436425924301147,True,c12_correct
289,290,290_6.bmp,preprocessed_results\290\290_6.bmp,289,289,289,0.7349421977996826,277,0.01863119751214981,0.7163110002875328,289|277|274|129|128,0.73494220|0.01863120|0.01659607|0.00521803|0.00510131,1,0.7349421977996826,True,289,0.7349421977996826,True,289,0.5426594614982605,True,289,0.8239730596542358,True,289,0.6133415699005127,True,c12_correct
290,291,291_4.bmp,preprocessed_results\291\291_4.bmp,290,290,290,0.8320460915565491,291,0.03387708589434624,0.7981690056622028,290|291|159|97|661,0.83204609|0.03387709|0.01298388|0.00545094|0.00409546,1,0.8320460915565491,True,290,0.8320460915565491,True,290,0.9032749533653259,True,290,0.8247109055519104,True,290,0.7619705200195312,True,c12_correct
291,292,292_1.bmp,preprocessed_results\292\292_1.bmp,291,291,291,0.8866814970970154,49,0.004241518210619688,0.8824399788863957,291|49|325|252|290,0.88668150|0.00424152|0.00413587|0.00410513|0.00399657,1,0.8866814970970154,True,291,0.8866814970970154,True,291,0.744962215423584,True,291,0.8015739321708679,True,291,0.6713095307350159,True,c12_correct
292,293,293_8.bmp,preprocessed_results\293\293_8.bmp,292,292,292,0.9072430729866028,298,0.018477289006114006,0.8887657839804888,292|298|284|252|197,0.90724307|0.01847729|0.00236967|0.00204975|0.00171152,1,0.9072430729866028,True,292,0.9072430729866028,True,292,0.7079032063484192,True,292,0.8061219453811646,True,292,0.7966090440750122,True,c12_correct
293,294,294_10.bmp,preprocessed_results\294\294_10.bmp,293,293,293,0.7930908799171448,292,0.03863690420985222,0.7544539757072926,293|292|636|297|545,0.79309088|0.03863690|0.00630501|0.00573769|0.00530237,1,0.7930908799171448,True,293,0.7930908799171448,True,293,0.8582970499992371,True,293,0.8386491537094116,True,293,0.6501796841621399,True,c12_correct
294,295,295_6.bmp,preprocessed_results\295\295_6.bmp,294,294,294,0.3776370882987976,549,0.03821426257491112,0.3394228257238865,294|549|436|548|76,0.37763709|0.03821426|0.02699236|0.02235247|0.01607956,1,0.3776370882987976,True,294,0.3776370882987976,True,294,0.544096052646637,True,294,0.7959542274475098,True,294,0.6131967902183533,True,c12_correct
295,296,296_6.bmp,preprocessed_results\296\296_6.bmp,295,295,295,0.6855055093765259,294,0.012420278042554855,0.673085231333971,295|294|441|210|253,0.68550551|0.01242028|0.00897387|0.00718597|0.00700720,1,0.6855055093765259,True,295,0.6855055093765259,True,295,0.6463165879249573,True,295,0.797756552696228,True,295,0.6330760717391968,True,c12_correct
296,297,297_3.bmp,preprocessed_results\297\297_3.bmp,296,296,296,0.8698633313179016,297,0.044192247092723846,0.8256710842251778,296|297|73|274|141,0.86986333|0.04419225|0.01298861|0.00623243|0.00320968,1,0.8698633313179016,True,296,0.8698633313179016,True,296,0.7036672234535217,True,296,0.8199683427810669,True,296,0.6635331511497498,True,c12_correct
297,298,298_4.bmp,preprocessed_results\298\298_4.bmp,297,297,297,0.652996838092804,296,0.051240742206573486,0.6017560958862305,297|296|205|341|689,0.65299684|0.05124074|0.01928434|0.00842230|0.00738397,1,0.652996838092804,True,297,0.652996838092804,True,297,0.44422048330307007,True,297,0.7591803669929504,True,297,0.12947478890419006,True,c12_correct
298,299,299_9.bmp,preprocessed_results\299\299_9.bmp,298,298,298,0.9273573756217957,566,0.002251666272059083,0.9251057093497366,298|566|774|364|190,0.92735738|0.00225167|0.00196237|0.00183044|0.00123693,1,0.9273573756217957,True,298,0.9273573756217957,True,298,0.8842045664787292,True,298,0.8106371760368347,True,298,0.837958574295044,True,c12_correct
299,300,300_10.bmp,preprocessed_results\300\300_10.bmp,299,299,299,0.6590090394020081,298,0.02143160253763199,0.6375774368643761,299|298|191|141|81,0.65900904|0.02143160|0.01790983|0.01629945|0.00728186,1,0.6590090394020081,True,299,0.6590090394020081,True,299,0.49184510111808777,True,299,0.7829300165176392,True,299,0.5852370858192444,True,c12_correct
300,301,301_10.bmp,preprocessed_results\301\301_10.bmp,300,300,300,0.8715388178825378,86,0.007273906376212835,0.864264911506325,300|86|298|495|244,0.87153882|0.00727391|0.00629833|0.00333062|0.00308853,1,0.8715388178825378,True,300,0.8715388178825378,True,300,0.7432777285575867,True,300,0.8505785465240479,True,300,0.8668290376663208,True,c12_correct
301,302,302_10.bmp,preprocessed_results\302\302_10.bmp,301,301,301,0.3089961111545563,43,0.03314540162682533,0.27585070952773094,301|43|519|440|55,0.30899611|0.03314540|0.02021686|0.01764649|0.01356845,1,0.3089961111545563,True,301,0.3089961111545563,True,301,0.17879712581634521,True,301,0.727555513381958,True,301,0.4160085916519165,True,c12_correct
302,303,303_10.bmp,preprocessed_results\303\303_10.bmp,302,302,302,0.845151960849762,286,0.021433210000395775,0.8237187508493662,302|286|269|248|318,0.84515196|0.02143321|0.00707214|0.00585613|0.00401072,1,0.845151960849762,True,302,0.845151960849762,True,302,0.30232182145118713,True,302,0.7718635201454163,True,302,0.6770495772361755,True,c12_correct
303,304,304_6.bmp,preprocessed_results\304\304_6.bmp,303,303,303,0.8951191306114197,235,0.0075246840715408325,0.8875944465398788,303|235|617|249|830,0.89511913|0.00752468|0.00479321|0.00354782|0.00338790,1,0.8951191306114197,True,303,0.8951191306114197,True,303,0.5962857007980347,True,303,0.8218790292739868,True,303,0.8225775361061096,True,c12_correct
304,305,305_2.bmp,preprocessed_results\305\305_2.bmp,304,304,304,0.9669027924537659,50,0.0014022253453731537,0.9655005671083927,304|50|188|326|95,0.96690279|0.00140223|0.00131477|0.00112266|0.00100179,1,0.9669027924537659,True,304,0.9669027924537659,True,304,0.764291524887085,True,304,0.8651877045631409,True,304,0.8464246988296509,True,c12_correct
305,306,306_6.bmp,preprocessed_results\306\306_6.bmp,305,305,305,0.5311848521232605,10,0.03809714689850807,0.4930877052247524,305|10|304|32|28,0.53118485|0.03809715|0.03446813|0.02728032|0.02315292,1,0.5311848521232605,True,305,0.5311848521232605,True,305,0.38261932134628296,True,305,0.7979332208633423,True,305,0.2887662649154663,True,c12_correct
306,307,307_7.bmp,preprocessed_results\307\307_7.bmp,306,306,306,0.9462651014328003,307,0.0025611056480556726,0.9437039957847446,306|307|118|817|112,0.94626510|0.00256111|0.00184711|0.00164363|0.00145017,1,0.9462651014328003,True,306,0.9462651014328003,True,306,0.8926535248756409,True,306,0.8391762375831604,True,306,0.8505324721336365,True,c12_correct
307,308,308_9.bmp,preprocessed_results\308\308_9.bmp,307,307,307,0.8862088918685913,306,0.004738253075629473,0.8814706387929618,307|306|263|274|119,0.88620889|0.00473825|0.00374239|0.00340206|0.00274048,1,0.8862088918685913,True,307,0.8862088918685913,True,307,0.8449850082397461,True,307,0.8386923670768738,True,307,0.8274281620979309,True,c12_correct
308,309,309_9.bmp,preprocessed_results\309\309_9.bmp,308,308,308,0.8909863233566284,309,0.0056001232005655766,0.8853862001560628,308|309|410|84|262,0.89098632|0.00560012|0.00493097|0.00277140|0.00269340,1,0.8909863233566284,True,308,0.8909863233566284,True,308,0.7227191925048828,True,308,0.8334454894065857,True,308,0.8108764886856079,True,c12_correct
309,310,310_9.bmp,preprocessed_results\310\310_9.bmp,309,309,309,0.9262437224388123,179,0.0020997277460992336,0.924143994692713,309|179|724|308|324,0.92624372|0.00209973|0.00194314|0.00194099|0.00168383,1,0.9262437224388123,True,309,0.9262437224388123,True,309,0.8192331194877625,True,309,0.8189021348953247,True,309,0.777419924736023,True,c12_correct
310,311,311_9.bmp,preprocessed_results\311\311_9.bmp,310,310,310,0.6497267484664917,674,0.01804671622812748,0.6316800322383642,310|674|652|659|714,0.64972675|0.01804672|0.00985809|0.00796048|0.00719558,1,0.6497267484664917,True,310,0.6497267484664917,True,310,0.3805178105831146,True,310,0.7872028946876526,True,310,0.5297548770904541,True,c12_correct
311,312,312_7.bmp,preprocessed_results\312\312_7.bmp,311,311,311,0.6987444758415222,675,0.016285894438624382,0.6824585814028978,311|675|193|274|129,0.69874448|0.01628589|0.01254354|0.00952301|0.00732341,1,0.6987444758415222,True,311,0.6987444758415222,True,311,0.8486864566802979,True,311,0.8067275285720825,True,311,0.8541154861450195,True,c12_correct
312,313,313_3.bmp,preprocessed_results\313\313_3.bmp,312,312,312,0.9206016659736633,12,0.003157667350023985,0.9174439986236393,312|12|340|622|330,0.92060167|0.00315767|0.00300724|0.00283384|0.00185487,1,0.9206016659736633,True,312,0.9206016659736633,True,312,0.8039668202400208,True,312,0.8282945156097412,True,312,0.8195515275001526,True,c12_correct
313,314,314_9.bmp,preprocessed_results\314\314_9.bmp,313,313,313,0.9134759902954102,317,0.002420324832201004,0.9110556654632092,313|317|206|724|239,0.91347599|0.00242032|0.00229304|0.00224010|0.00171267,1,0.9134759902954102,True,313,0.9134759902954102,True,313,0.6932271718978882,True,313,0.815483808517456,True,313,0.8201410174369812,True,c12_correct
314,315,315_5.bmp,preprocessed_results\315\315_5.bmp,314,314,314,0.9066020250320435,315,0.019682319834828377,0.8869197051972151,314|315|185|82|232,0.90660203|0.01968232|0.00318865|0.00246425|0.00225438,1,0.9066020250320435,True,314,0.9066020250320435,True,314,0.8028514385223389,True,314,0.8271735906600952,True,314,0.7651713490486145,True,c12_correct
315,316,316_1.bmp,preprocessed_results\316\316_1.bmp,315,315,315,0.8999537229537964,125,0.006530143786221743,0.8934235791675746,315|125|28|531|535,0.89995372|0.00653014|0.00470931|0.00356922|0.00288693,1,0.8999537229537964,True,315,0.8999537229537964,True,315,0.8353484272956848,True,315,0.8631104826927185,True,315,0.8702097535133362,True,c12_correct
316,317,317_6.bmp,preprocessed_results\317\317_6.bmp,316,316,316,0.9169648289680481,60,0.003498221980407834,0.9134666069876403,316|60|4|238|260,0.91696483|0.00349822|0.00268235|0.00245587|0.00187895,1,0.9169648289680481,True,316,0.9169648289680481,True,316,0.8036032915115356,True,316,0.8215985298156738,True,316,0.8687023520469666,True,c12_correct
317,318,318_10.bmp,preprocessed_results\318\318_10.bmp,317,317,317,0.9341205358505249,323,0.008949849754571915,0.925170686095953,317|323|64|340|150,0.93412054|0.00894985|0.00784540|0.00218840|0.00156573,1,0.9341205358505249,True,317,0.9341205358505249,True,317,0.6233959197998047,True,317,0.7890346646308899,True,317,0.6588646173477173,True,c12_correct
318,319,319_5.bmp,preprocessed_results\319\319_5.bmp,318,318,318,0.8637222647666931,17,0.005364604759961367,0.8583576600067317,318|17|162|136|733,0.86372226|0.00536460|0.00532045|0.00404442|0.00206806,1,0.8637222647666931,True,318,0.8637222647666931,True,318,0.8758119940757751,True,318,0.8465142250061035,True,318,0.825977623462677,True,c12_correct
319,320,320_1.bmp,preprocessed_results\320\320_1.bmp,319,319,319,0.6768345236778259,260,0.02021283470094204,0.6566216889768839,319|260|318|82|828,0.67683452|0.02021283|0.00985775|0.00529275|0.00461342,1,0.6768345236778259,True,319,0.6768345236778259,True,319,0.6944219470024109,True,319,0.8185691833496094,True,319,0.8090822696685791,True,c12_correct
320,321,321_8.bmp,preprocessed_results\321\321_8.bmp,320,320,320,0.40364450216293335,321,0.06235111504793167,0.3412933871150017,320|321|42|276|575,0.40364450|0.06235112|0.02335433|0.01721862|0.01252139,1,0.40364450216293335,True,320,0.40364450216293335,True,320,0.41550564765930176,True,320,0.7745705842971802,True,320,0.1909407377243042,True,c12_correct
321,322,322_2.bmp,preprocessed_results\322\322_2.bmp,321,321,321,0.3492470979690552,320,0.2037792205810547,0.1454678773880005,321|320|276|655|71,0.34924710|0.20377922|0.01572476|0.01534044|0.01297607,1,0.3492470979690552,True,321,0.3492470979690552,True,321,0.10646232962608337,True,321,0.2016560584306717,True,321,0.08975730836391449,True,c12_correct
322,323,323_6.bmp,preprocessed_results\323\323_6.bmp,322,322,322,0.9411776065826416,170,0.0033744245301932096,0.9378031820524484,322|170|527|799|528,0.94117761|0.00337442|0.00209545|0.00154896|0.00148478,1,0.9411776065826416,True,322,0.9411776065826416,True,322,0.3592623174190521,True,322,0.7716378569602966,True,322,0.6282961368560791,True,c12_correct
323,324,324_5.bmp,preprocessed_results\324\324_5.bmp,323,323,323,0.5994433164596558,416,0.036298587918281555,0.5631447285413742,323|416|2|316|511,0.59944332|0.03629859|0.03349305|0.02230597|0.01651982,1,0.5994433164596558,True,323,0.5994433164596558,True,323,0.5006257891654968,True,323,0.8051959872245789,True,323,0.5609757900238037,True,c12_correct
324,325,325_9.bmp,preprocessed_results\325\325_9.bmp,324,324,324,0.5666899085044861,201,0.038415588438510895,0.5282743200659752,324|201|130|423|395,0.56668991|0.03841559|0.03313779|0.02042488|0.01403403,1,0.5666899085044861,True,324,0.5666899085044861,True,324,0.310334712266922,True,324,0.7866380214691162,True,324,0.4754652678966522,True,c12_correct
325,326,326_4.bmp,preprocessed_results\326\326_4.bmp,325,325,325,0.9160900115966797,522,0.004549464210867882,0.9115405473858118,325|522|336|274|275,0.91609001|0.00454946|0.00351899|0.00338303|0.00306218,1,0.9160900115966797,True,325,0.9160900115966797,True,325,0.8391897082328796,True,325,0.8308422565460205,True,325,0.8266931772232056,True,c12_correct
326,327,327_5.bmp,preprocessed_results\327\327_5.bmp,326,326,326,0.4633856415748596,16,0.03490806370973587,0.42847757786512375,326|16|603|136|510,0.46338564|0.03490806|0.03240295|0.01571377|0.01016521,1,0.4633856415748596,True,326,0.4633856415748596,True,326,0.6641405820846558,True,326,0.8102614879608154,True,326,0.6277344822883606,True,c12_correct
327,328,328_7.bmp,preprocessed_results\328\328_7.bmp,327,327,327,0.30001553893089294,241,0.027620820328593254,0.2723947186022997,327|241|647|259|147,0.30001554|0.02762082|0.02075028|0.01839887|0.01798437,1,0.30001553893089294,True,327,0.30001553893089294,True,327,0.08096951246261597,True,327,0.7444038391113281,True,327,0.5394582748413086,True,c12_correct
328,329,329_5.bmp,preprocessed_results\329\329_5.bmp,328,328,328,0.7811195850372314,10,0.018556224182248116,0.7625633608549833,328|10|329|58|202,0.78111959|0.01855622|0.01336525|0.00740592|0.00692517,1,0.7811195850372314,True,328,0.7811195850372314,True,328,0.6017061471939087,True,328,0.8068865537643433,True,328,0.732943058013916,True,c12_correct
329,330,330_6.bmp,preprocessed_results\330\330_6.bmp,329,329,329,0.9030945897102356,266,0.006538386456668377,0.8965562032535672,329|266|262|38|253,0.90309459|0.00653839|0.00432403|0.00285579|0.00279906,1,0.9030945897102356,True,329,0.9030945897102356,True,329,0.6605647802352905,True,329,0.8139509558677673,True,329,0.5688748955726624,True,c12_correct
330,331,331_7.bmp,preprocessed_results\331\331_7.bmp,330,330,330,0.8719565868377686,180,0.02751023881137371,0.8444463480263948,330|180|338|774|331,0.87195659|0.02751024|0.00565500|0.00331812|0.00331181,1,0.8719565868377686,True,330,0.8719565868377686,True,330,0.7909072041511536,True,330,0.823542594909668,True,330,0.7473279237747192,True,c12_correct
331,332,332_3.bmp,preprocessed_results\332\332_3.bmp,331,331,331,0.9103041887283325,279,0.008435379713773727,0.9018688090145588,331|279|52|101|128,0.91030419|0.00843538|0.00251077|0.00235446|0.00217939,1,0.9103041887283325,True,331,0.9103041887283325,True,331,0.7794360518455505,True,331,0.7931804060935974,True,331,0.7637822031974792,True,c12_correct
332,333,333_9.bmp,preprocessed_results\333\333_9.bmp,332,332,332,0.8992006778717041,535,0.004743712954223156,0.894456964917481,332|535|479|63|7,0.89920068|0.00474371|0.00467396|0.00379668|0.00245802,1,0.8992006778717041,True,332,0.8992006778717041,True,332,0.504421055316925,True,332,0.8121078610420227,True,332,0.767697811126709,True,c12_correct
333,334,334_8.bmp,preprocessed_results\334\334_8.bmp,333,333,333,0.7179990410804749,332,0.04531443119049072,0.6726846098899841,333|332|183|171|773,0.71799904|0.04531443|0.00832475|0.00807794|0.00767303,1,0.7179990410804749,True,333,0.7179990410804749,True,333,0.2913348078727722,True,333,0.8001828193664551,True,333,0.3853820860385895,True,c12_correct
334,335,335_4.bmp,preprocessed_results\335\335_4.bmp,334,334,334,0.8979302644729614,335,0.014550812542438507,0.8833794519305229,334|335|214|370|371,0.89793026|0.01455081|0.00637869|0.00262094|0.00224012,1,0.8979302644729614,True,334,0.8979302644729614,True,334,0.8308634757995605,True,334,0.8177525401115417,True,334,0.6939746141433716,True,c12_correct
335,336,336_9.bmp,preprocessed_results\336\336_9.bmp,335,335,335,0.8385434150695801,334,0.022638071328401566,0.8159053437411785,335|334|8|144|45,0.83854342|0.02263807|0.00335983|0.00305393|0.00299601,1,0.8385434150695801,True,335,0.8385434150695801,True,335,0.7048458456993103,True,335,0.7636817097663879,True,335,0.5654311776161194,True,c12_correct
336,337,337_8.bmp,preprocessed_results\337\337_8.bmp,336,336,336,0.7162984609603882,41,0.02801840752363205,0.6882800534367561,336|41|390|29|245,0.71629846|0.02801841|0.01189804|0.00730507|0.00613836,1,0.7162984609603882,True,336,0.7162984609603882,True,336,0.613970160484314,True,336,0.8274381756782532,True,336,0.6100314855575562,True,c12_correct
337,338,338_8.bmp,preprocessed_results\338\338_8.bmp,337,337,337,0.8294299244880676,336,0.01692437194287777,0.8125055525451899,337|336|333|303|706,0.82942992|0.01692437|0.00458319|0.00424976|0.00376877,1,0.8294299244880676,True,337,0.8294299244880676,True,337,0.7319801449775696,True,337,0.816789448261261,True,337,0.7970611453056335,True,c12_correct
338,339,339_2.bmp,preprocessed_results\339\339_2.bmp,338,338,338,0.8856164813041687,233,0.0048518055118620396,0.8807646757923067,338|233|172|590|738,0.88561648|0.00485181|0.00405583|0.00344275|0.00309947,1,0.8856164813041687,True,338,0.8856164813041687,True,338,0.8284817337989807,True,338,0.7798557281494141,True,338,0.8720651865005493,True,c12_correct
339,340,340_9.bmp,preprocessed_results\340\340_9.bmp,339,339,339,0.580030620098114,746,0.01492489967495203,0.565105720423162,339|746|647|257|49,0.58003062|0.01492490|0.01076056|0.01035289|0.00997244,1,0.580030620098114,True,339,0.580030620098114,True,339,0.7800619006156921,True,339,0.8263714909553528,True,339,0.8406185507774353,True,c12_correct
340,341,341_5.bmp,preprocessed_results\341\341_5.bmp,340,340,340,0.9531962275505066,146,0.004440091550350189,0.9487561360001564,340|146|794|330|798,0.95319623|0.00444009|0.00148541|0.00107035|0.00107010,1,0.9531962275505066,True,340,0.9531962275505066,True,340,0.9355489611625671,True,340,0.8285942077636719,True,340,0.809528648853302,True,c12_correct
341,342,342_5.bmp,preprocessed_results\342\342_5.bmp,341,341,341,0.7705883383750916,800,0.014969614334404469,0.7556187240406871,341|800|157|384|793,0.77058834|0.01496961|0.01276874|0.00696291|0.00543583,1,0.7705883383750916,True,341,0.7705883383750916,True,341,0.23000776767730713,True,341,0.7969291806221008,True,341,0.676072895526886,True,c12_correct
342,343,343_4.bmp,preprocessed_results\343\343_4.bmp,342,342,342,0.91413414478302,350,0.002262276131659746,0.9118718686513603,342|350|343|364|352,0.91413414|0.00226228|0.00225491|0.00191106|0.00189676,1,0.91413414478302,True,342,0.91413414478302,True,342,0.8359135389328003,True,342,0.8311133980751038,True,342,0.8589710593223572,True,c12_correct
343,344,344_7.bmp,preprocessed_results\344\344_7.bmp,343,343,343,0.1445418745279312,503,0.031169338151812553,0.11337253637611866,343|503|24|469|514,0.14454187|0.03116934|0.02058722|0.01917844|0.01580137,1,0.1445418745279312,True,343,0.1445418745279312,True,343,0.3310820162296295,True,343,0.647014319896698,True,343,0.28462186455726624,True,c12_correct
344,345,345_3.bmp,preprocessed_results\345\345_3.bmp,344,344,344,0.9406537413597107,515,0.007109519559890032,0.9335442217998207,344|515|396|319|80,0.94065374|0.00710952|0.00158554|0.00149790|0.00126587,1,0.9406537413597107,True,344,0.9406537413597107,True,344,0.8178269267082214,True,344,0.8154652714729309,True,344,0.8828286528587341,True,c12_correct
345,346,346_5.bmp,preprocessed_results\346\346_5.bmp,345,345,345,0.9454935789108276,456,0.0057578920386731625,0.9397356868721545,345|456|352|179|487,0.94549358|0.00575789|0.00140344|0.00114359|0.00106524,1,0.9454935789108276,True,345,0.9454935789108276,True,345,0.8786259889602661,True,345,0.8222123980522156,True,345,0.8011511564254761,True,c12_correct
346,347,347_10.bmp,preprocessed_results\347\347_10.bmp,346,346,346,0.8491076827049255,364,0.007199867162853479,0.8419078155420721,346|364|702|315|722,0.84910768|0.00719987|0.00531114|0.00473921|0.00456857,1,0.8491076827049255,True,346,0.8491076827049255,True,346,0.675952136516571,True,346,0.8474368453025818,True,346,0.7494010925292969,True,c12_correct
347,348,348_1.bmp,preprocessed_results\348\348_1.bmp,347,347,347,0.9083652496337891,346,0.005902150645852089,0.902463098987937,347|346|335|473|45,0.90836525|0.00590215|0.00460486|0.00456119|0.00172967,1,0.9083652496337891,True,347,0.9083652496337891,True,347,0.8916627764701843,True,347,0.8317981958389282,True,347,0.7899946570396423,True,c12_correct
348,349,349_3.bmp,preprocessed_results\349\349_3.bmp,348,348,392,0.7004711031913757,325,0.020941929891705513,0.6795291732996702,392|325|348|429|393,0.70047110|0.02094193|0.01949805|0.00975037|0.00936400,3,0.019498053938150406,True,392,0.7004711031913757,False,348,0.05139249935746193,True,348,0.06953317672014236,True,348,0.07705648988485336,True,teacher_all_correct;true_in_top5
349,350,350_2.bmp,preprocessed_results\350\350_2.bmp,349,349,349,0.7867093682289124,266,0.023870421573519707,0.7628389466553926,349|266|395|348|301,0.78670937|0.02387042|0.00966766|0.00904521|0.00575388,1,0.7867093682289124,True,349,0.7867093682289124,True,349,0.8411916494369507,True,349,0.8387691974639893,True,349,0.882623016834259,True,c12_correct
350,351,351_9.bmp,preprocessed_results\351\351_9.bmp,350,350,350,0.8770837783813477,556,0.008335688151419163,0.8687480902299285,350|556|342|412|469,0.87708378|0.00833569|0.00585315|0.00421503|0.00363164,1,0.8770837783813477,True,350,0.8770837783813477,True,350,0.8780113458633423,True,350,0.8518442511558533,True,350,0.7975200414657593,True,c12_correct
351,352,352_3.bmp,preprocessed_results\352\352_3.bmp,351,351,351,0.8456957340240479,510,0.013921897858381271,0.8317738361656666,351|510|342|557|508,0.84569573|0.01392190|0.00835417|0.00315985|0.00309660,1,0.8456957340240479,True,351,0.8456957340240479,True,351,0.8574929237365723,True,351,0.8305898904800415,True,351,0.8287941217422485,True,c12_correct
352,353,353_5.bmp,preprocessed_results\353\353_5.bmp,352,352,352,0.9282523393630981,178,0.004971866030246019,0.9232804733328521,352|178|353|396|547,0.92825234|0.00497187|0.00382825|0.00315533|0.00191043,1,0.9282523393630981,True,352,0.9282523393630981,True,352,0.8175946474075317,True,352,0.8413774371147156,True,352,0.8154023289680481,True,c12_correct
353,354,354_1.bmp,preprocessed_results\354\354_1.bmp,353,353,353,0.20488400757312775,546,0.13898922502994537,0.06589478254318237,353|546|433|352|343,0.20488401|0.13898923|0.13058677|0.04497343|0.01909532,1,0.20488400757312775,True,353,0.20488400757312775,True,353,0.2764774262905121,True,353,0.555644154548645,True,353,0.2533957064151764,True,c12_correct
354,355,355_4.bmp,preprocessed_results\355\355_4.bmp,354,354,354,0.8997882604598999,35,0.004885068163275719,0.8949031922966242,354|35|563|394|355,0.89978826|0.00488507|0.00401116|0.00354115|0.00308868,1,0.8997882604598999,True,354,0.8997882604598999,True,354,0.822378933429718,True,354,0.8537753224372864,True,354,0.8701257109642029,True,c12_correct
355,356,356_8.bmp,preprocessed_results\356\356_8.bmp,355,355,355,0.8688594698905945,227,0.007772971875965595,0.8610864980146289,355|227|354|486|527,0.86885947|0.00777297|0.00680249|0.00521062|0.00378785,1,0.8688594698905945,True,355,0.8688594698905945,True,355,0.6106467247009277,True,355,0.8204054236412048,True,355,0.8268659710884094,True,c12_correct
356,357,357_7.bmp,preprocessed_results\357\357_7.bmp,356,356,356,0.7539247870445251,543,0.01315575372427702,0.7407690333202481,356|543|557|512|475,0.75392479|0.01315575|0.00849018|0.00587649|0.00570049,1,0.7539247870445251,True,356,0.7539247870445251,True,356,0.7409515976905823,True,356,0.8283064961433411,True,356,0.688817024230957,True,c12_correct
357,358,358_1.bmp,preprocessed_results\358\358_1.bmp,357,357,357,0.889303982257843,363,0.0040294332429766655,0.8852745490148664,357|363|550|56|231,0.88930398|0.00402943|0.00271716|0.00211134|0.00189167,1,0.889303982257843,True,357,0.889303982257843,True,357,0.7662981748580933,True,357,0.8453443646430969,True,357,0.6619211435317993,True,c12_correct
358,359,359_10.bmp,preprocessed_results\359\359_10.bmp,358,358,358,0.8469825387001038,359,0.05050105229020119,0.7964814864099026,358|359|554|372|513,0.84698254|0.05050105|0.00442976|0.00237221|0.00221916,1,0.8469825387001038,True,358,0.8469825387001038,True,358,0.8303564786911011,True,358,0.8350566029548645,True,358,0.7469042539596558,True,c12_correct
359,360,360_2.bmp,preprocessed_results\360\360_2.bmp,359,359,359,0.8881539702415466,358,0.015670130029320717,0.8724838402122259,359|358|44|258|554,0.88815397|0.01567013|0.00682028|0.00478807|0.00280601,1,0.8881539702415466,True,359,0.8881539702415466,True,359,0.6284681558609009,True,359,0.8129370212554932,True,359,0.5059595108032227,True,c12_correct
360,361,361_3.bmp,preprocessed_results\361\361_3.bmp,360,360,360,0.6360948085784912,98,0.02781423181295395,0.6082805767655373,360|98|361|341|426,0.63609481|0.02781423|0.01292433|0.00654959|0.00511262,1,0.6360948085784912,True,360,0.6360948085784912,True,360,0.7583115100860596,True,360,0.818217396736145,True,360,0.7646821737289429,True,c12_correct
361,362,362_4.bmp,preprocessed_results\362\362_4.bmp,361,361,361,0.9355311989784241,360,0.00501826498657465,0.9305129339918494,361|360|459|116|98,0.93553120|0.00501826|0.00166641|0.00134372|0.00131408,1,0.9355311989784241,True,361,0.9355311989784241,True,361,0.8344733119010925,True,361,0.8251808881759644,True,361,0.868922233581543,True,c12_correct
362,363,363_5.bmp,preprocessed_results\363\363_5.bmp,362,362,362,0.9135472178459167,363,0.007479892112314701,0.906067325733602,362|363|808|117|552,0.91354722|0.00747989|0.00506275|0.00387014|0.00195943,1,0.9135472178459167,True,362,0.9135472178459167,True,362,0.9076599478721619,True,362,0.8025630116462708,True,362,0.8394796848297119,True,c12_correct
363,364,364_1.bmp,preprocessed_results\364\364_1.bmp,363,363,363,0.6294121146202087,357,0.022940849885344505,0.6064712647348642,363|357|358|362|641,0.62941211|0.02294085|0.01816005|0.01218862|0.01008210,1,0.6294121146202087,True,363,0.6294121146202087,True,363,0.3553469181060791,True,363,0.7881960272789001,True,363,0.6281689405441284,True,c12_correct
364,365,365_7.bmp,preprocessed_results\365\365_7.bmp,364,364,364,0.8916245698928833,374,0.003204639069736004,0.8884199308231473,364|374|434|376|402,0.89162457|0.00320464|0.00318816|0.00271720|0.00254061,1,0.8916245698928833,True,364,0.8916245698928833,True,364,0.8811852931976318,True,364,0.8194340467453003,True,364,0.7897982001304626,True,c12_correct
365,366,366_4.bmp,preprocessed_results\366\366_4.bmp,365,365,365,0.8516014218330383,63,0.00534698786213994,0.8462544339708984,365|63|385|395|191,0.85160142|0.00534699|0.00442679|0.00396979|0.00320094,1,0.8516014218330383,True,365,0.8516014218330383,True,365,0.8103225231170654,True,365,0.8556822538375854,True,365,0.856239378452301,True,c12_correct
366,367,367_3.bmp,preprocessed_results\367\367_3.bmp,366,366,366,0.8915386199951172,382,0.005570264533162117,0.8859683554619551,366|382|346|314|448,0.89153862|0.00557026|0.00256715|0.00216206|0.00209172,1,0.8915386199951172,True,366,0.8915386199951172,True,366,0.5558934211730957,True,366,0.8435027599334717,True,366,0.7370438575744629,True,c12_correct
367,368,368_3.bmp,preprocessed_results\368\368_3.bmp,367,367,367,0.9339196085929871,366,0.0030361393000930548,0.930883469292894,367|366|487|449|383,0.93391961|0.00303614|0.00182349|0.00092907|0.00083497,1,0.9339196085929871,True,367,0.9339196085929871,True,367,0.8832902908325195,True,367,0.8485002517700195,True,367,0.8563825488090515,True,c12_correct
368,369,369_10.bmp,preprocessed_results\369\369_10.bmp,368,368,368,0.9453520774841309,369,0.004694589879363775,0.9406574876047671,368|369|203|335|391,0.94535208|0.00469459|0.00347052|0.00203587|0.00138802,1,0.9453520774841309,True,368,0.9453520774841309,True,368,0.8311357498168945,True,368,0.8389531970024109,True,368,0.7574450969696045,True,c12_correct
369,370,370_7.bmp,preprocessed_results\370\370_7.bmp,369,369,369,0.9226939082145691,368,0.002732273191213608,0.9199616350233555,369|368|458|730|342,0.92269391|0.00273227|0.00240504|0.00232513|0.00185036,1,0.9226939082145691,True,369,0.9226939082145691,True,369,0.892685055732727,True,369,0.8368263244628906,True,369,0.8526294231414795,True,c12_correct
370,371,371_3.bmp,preprocessed_results\371\371_3.bmp,370,370,370,0.9145022034645081,78,0.006186285521835089,0.908315917942673,370|78|462|248|517,0.91450220|0.00618629|0.00601382|0.00306535|0.00200394,1,0.9145022034645081,True,370,0.9145022034645081,True,370,0.7823209166526794,True,370,0.8408583402633667,True,370,0.863349437713623,True,c12_correct
371,372,372_3.bmp,preprocessed_results\372\372_3.bmp,371,371,371,0.7516149878501892,393,0.009549367241561413,0.7420656206086278,371|393|351|232|334,0.75161499|0.00954937|0.00846686|0.00791448|0.00695856,1,0.7516149878501892,True,371,0.7516149878501892,True,371,0.8163006901741028,True,371,0.8454236388206482,True,371,0.8162509202957153,True,c12_correct
372,373,373_1.bmp,preprocessed_results\373\373_1.bmp,372,372,372,0.8756897449493408,690,0.0053176418878138065,0.870372103061527,372|690|720|648|102,0.87568974|0.00531764|0.00316210|0.00214505|0.00212621,1,0.8756897449493408,True,372,0.8756897449493408,True,372,0.8237771391868591,True,372,0.8252207040786743,True,372,0.7975998520851135,True,c12_correct
373,374,374_8.bmp,preprocessed_results\374\374_8.bmp,373,373,373,0.8787274360656738,372,0.0032099103555083275,0.8755175257101655,373|372|160|548|451,0.87872744|0.00320991|0.00272261|0.00251532|0.00238135,1,0.8787274360656738,True,373,0.8787274360656738,True,373,0.8778768181800842,True,373,0.842119574546814,True,373,0.799150288105011,True,c12_correct
374,375,375_3.bmp,preprocessed_results\375\375_3.bmp,374,374,374,0.9811228513717651,153,0.0016966764815151691,0.97942617489025,374|153|376|744|156,0.98112285|0.00169668|0.00074232|0.00043973|0.00039195,1,0.9811228513717651,True,374,0.9811228513717651,True,374,0.7133087515830994,True,374,0.8285359144210815,True,374,0.858775794506073,True,c12_correct
375,376,376_8.bmp,preprocessed_results\376\376_8.bmp,375,375,375,0.41964206099510193,374,0.04111765697598457,0.37852440401911736,375|374|615|367|377,0.41964206|0.04111766|0.03416966|0.02258158|0.01964281,1,0.41964206099510193,True,375,0.41964206099510193,True,375,0.15678776800632477,True,375,0.7917875051498413,True,375,0.3288825452327728,True,c12_correct
376,377,377_3.bmp,preprocessed_results\377\377_3.bmp,376,376,376,0.5966475605964661,141,0.035443514585494995,0.5612040460109711,376|141|245|27|539,0.59664756|0.03544351|0.03463145|0.01863637|0.00753447,1,0.5966475605964661,True,376,0.5966475605964661,True,376,0.8329886198043823,True,376,0.8003675937652588,True,376,0.6278231143951416,True,c12_correct
377,378,378_4.bmp,preprocessed_results\378\378_4.bmp,377,377,377,0.9326385259628296,546,0.0032311324030160904,0.9294073935598135,377|546|226|18|6,0.93263853|0.00323113|0.00192242|0.00156449|0.00145906,1,0.9326385259628296,True,377,0.9326385259628296,True,377,0.7480230331420898,True,377,0.8133232593536377,True,377,0.6568224430084229,True,c12_correct
378,379,379_2.bmp,preprocessed_results\379\379_2.bmp,378,378,378,0.8232800364494324,178,0.011615690775215626,0.8116643456742167,378|178|165|379|188,0.82328004|0.01161569|0.00569355|0.00554347|0.00437961,1,0.8232800364494324,True,378,0.8232800364494324,True,378,0.4278271794319153,True,378,0.7720738053321838,True,378,0.6804508566856384,True,c12_correct
379,380,380_4.bmp,preprocessed_results\380\380_4.bmp,379,379,379,0.8913833498954773,497,0.007647591643035412,0.8837357582524419,379|497|485|476|202,0.89138335|0.00764759|0.00462510|0.00398391|0.00391597,1,0.8913833498954773,True,379,0.8913833498954773,True,379,0.8471320867538452,True,379,0.8378275632858276,True,379,0.8011637926101685,True,c12_correct
380,381,381_9.bmp,preprocessed_results\381\381_9.bmp,380,380,380,0.7583886384963989,468,0.008092074654996395,0.7502965638414025,380|468|453|218|452,0.75838864|0.00809207|0.00659366|0.00647465|0.00576757,1,0.7583886384963989,True,380,0.7583886384963989,True,380,0.6941123008728027,True,380,0.8252941370010376,True,380,0.6801044940948486,True,c12_correct
381,382,382_5.bmp,preprocessed_results\382\382_5.bmp,381,381,381,0.9579272270202637,464,0.0016794501570984721,0.9562477768631652,381|464|316|446|460,0.95792723|0.00167945|0.00105097|0.00084808|0.00067718,1,0.9579272270202637,True,381,0.9579272270202637,True,381,0.9052135944366455,True,381,0.8312296867370605,True,381,0.8911692500114441,True,c12_correct
382,383,383_7.bmp,preprocessed_results\383\383_7.bmp,382,382,382,0.5519212484359741,448,0.027238555252552032,0.5246826931834221,382|448|226|535|412,0.55192125|0.02723856|0.02355921|0.01386668|0.00966773,1,0.5519212484359741,True,382,0.5519212484359741,True,382,0.5502936244010925,True,382,0.7703027725219727,True,382,0.5199201703071594,True,c12_correct
383,384,384_1.bmp,preprocessed_results\384\384_1.bmp,383,383,383,0.6965349912643433,202,0.025345593690872192,0.6711893975734711,383|202|94|203|22,0.69653499|0.02534559|0.01109564|0.01037476|0.01001694,1,0.6965349912643433,True,383,0.6965349912643433,True,383,0.31814223527908325,True,383,0.7797489762306213,True,383,0.5572812557220459,True,c12_correct
384,385,385_10.bmp,preprocessed_results\385\385_10.bmp,384,384,384,0.6454487442970276,385,0.013111471198499203,0.6323372730985284,384|385|456|4|32,0.64544874|0.01311147|0.01205744|0.00903433|0.00577106,1,0.6454487442970276,True,384,0.6454487442970276,True,384,0.3037925362586975,True,384,0.774836003780365,True,384,0.6627215147018433,True,c12_correct
385,386,386_10.bmp,preprocessed_results\386\386_10.bmp,385,385,385,0.9181351661682129,384,0.00552159920334816,0.9126135669648647,385|384|502|492|382,0.91813517|0.00552160|0.00458790|0.00135092|0.00123852,1,0.9181351661682129,True,385,0.9181351661682129,True,385,0.8061366677284241,True,385,0.8334371447563171,True,385,0.8550474643707275,True,c12_correct
386,387,387_7.bmp,preprocessed_results\387\387_7.bmp,386,386,386,0.9289554357528687,387,0.003595819231122732,0.9253596165217459,386|387|474|543|599,0.92895544|0.00359582|0.00212630|0.00122200|0.00111286,1,0.9289554357528687,True,386,0.9289554357528687,True,386,0.9161335229873657,True,386,0.8424725532531738,True,386,0.847882866859436,True,c12_correct
387,388,388_4.bmp,preprocessed_results\388\388_4.bmp,387,387,387,0.9178288578987122,452,0.002393427537754178,0.915435430360958,387|452|300|134|500,0.91782886|0.00239343|0.00200284|0.00197921|0.00154826,1,0.9178288578987122,True,387,0.9178288578987122,True,387,0.908347487449646,True,387,0.8003862500190735,True,387,0.8443091511726379,True,c12_correct
388,389,389_7.bmp,preprocessed_results\389\389_7.bmp,388,388,388,0.8339126706123352,507,0.006184171419590712,0.8277284991927445,388|507|5|95|252,0.83391267|0.00618417|0.00344251|0.00298194|0.00216382,1,0.8339126706123352,True,388,0.8339126706123352,True,388,0.7104275226593018,True,388,0.8495438098907471,True,388,0.7035365104675293,True,c12_correct
389,390,390_3.bmp,preprocessed_results\390\390_3.bmp,389,389,389,0.9635492563247681,178,0.00450507178902626,0.9590441845357418,389|178|26|149|119,0.96354926|0.00450507|0.00101049|0.00084496|0.00069586,1,0.9635492563247681,True,389,0.9635492563247681,True,389,0.8872882127761841,True,389,0.8385114073753357,True,389,0.8760157823562622,True,c12_correct
390,391,391_7.bmp,preprocessed_results\391\391_7.bmp,390,390,390,0.8813325762748718,336,0.006070923060178757,0.8752616532146931,390|336|19|29|428,0.88133258|0.00607092|0.00361238|0.00312566|0.00278548,1,0.8813325762748718,True,390,0.8813325762748718,True,390,0.8213221430778503,True,390,0.848007321357727,True,390,0.8881559371948242,True,c12_correct
391,392,392_2.bmp,preprocessed_results\392\392_2.bmp,391,391,391,0.8724176287651062,429,0.008492706343531609,0.8639249224215746,391|429|50|133|406,0.87241763|0.00849271|0.00537459|0.00518987|0.00460447,1,0.8724176287651062,True,391,0.8724176287651062,True,391,0.6365172863006592,True,391,0.836934506893158,True,391,0.8515275120735168,True,c12_correct
392,393,393_8.bmp,preprocessed_results\393\393_8.bmp,392,392,392,0.800637423992157,289,0.00742791872471571,0.7932095052674413,392|289|529|498|480,0.80063742|0.00742792|0.00508333|0.00493919|0.00390621,1,0.800637423992157,True,392,0.800637423992157,True,392,0.5194188952445984,True,392,0.8234752416610718,True,392,0.5370354056358337,True,c12_correct
393,394,394_3.bmp,preprocessed_results\394\394_3.bmp,393,393,393,0.8860804438591003,473,0.006310008931905031,0.8797704349271953,393|473|176|763|471,0.88608044|0.00631001|0.00374305|0.00325490|0.00225758,1,0.8860804438591003,True,393,0.8860804438591003,True,393,0.7049318552017212,True,393,0.8134331107139587,True,393,0.7944087982177734,True,c12_correct
394,395,395_5.bmp,preprocessed_results\395\395_5.bmp,394,394,394,0.9116976857185364,496,0.006444461643695831,0.9052532240748405,394|496|173|354|395,0.91169769|0.00644446|0.00349248|0.00296498|0.00258858,1,0.9116976857185364,True,394,0.9116976857185364,True,394,0.830297589302063,True,394,0.8526662588119507,True,394,0.8303137421607971,True,c12_correct
395,396,396_2.bmp,preprocessed_results\396\396_2.bmp,395,395,395,0.9253684878349304,375,0.0021734507754445076,0.9231950370594859,395|375|365|522|306,0.92536849|0.00217345|0.00190052|0.00138846|0.00131427,1,0.9253684878349304,True,395,0.9253684878349304,True,395,0.848617672920227,True,395,0.8385721445083618,True,395,0.8658705949783325,True,c12_correct
396,397,397_1.bmp,preprocessed_results\397\397_1.bmp,396,396,396,0.9019177556037903,448,0.004131131339818239,0.897786624263972,396|448|440|453|460,0.90191776|0.00413113|0.00172370|0.00159484|0.00154325,1,0.9019177556037903,True,396,0.9019177556037903,True,396,0.9139247536659241,True,396,0.8464984893798828,True,396,0.8796849846839905,True,c12_correct
397,398,398_1.bmp,preprocessed_results\398\398_1.bmp,397,397,397,0.8290454745292664,396,0.05414104089140892,0.7749044336378574,397|396|332|356|56,0.82904547|0.05414104|0.00378762|0.00373677|0.00354960,1,0.8290454745292664,True,397,0.8290454745292664,True,397,0.6681879758834839,True,397,0.8119211196899414,True,397,0.7160138487815857,True,c12_correct
398,399,399_6.bmp,preprocessed_results\399\399_6.bmp,398,398,398,0.9169203639030457,498,0.004066229332238436,0.9128541345708072,398|498|545|399|236,0.91692036|0.00406623|0.00365906|0.00280530|0.00210764,1,0.9169203639030457,True,398,0.9169203639030457,True,398,0.8623167872428894,True,398,0.8174144625663757,True,398,0.8503283262252808,True,c12_correct
399,400,400_7.bmp,preprocessed_results\400\400_7.bmp,399,399,399,0.8887458443641663,293,0.01311013288795948,0.8756357114762068,399|293|398|444|498,0.88874584|0.01311013|0.00663393|0.00258354|0.00211052,1,0.8887458443641663,True,399,0.8887458443641663,True,399,0.8126164674758911,True,399,0.802280068397522,True,399,0.7908414602279663,True,c12_correct
400,401,401_6.bmp,preprocessed_results\401\401_6.bmp,400,400,400,0.7301719784736633,361,0.018272187560796738,0.7118997909128666,400|361|453|468|253,0.73017198|0.01827219|0.00898319|0.00866310|0.00724881,1,0.7301719784736633,True,400,0.7301719784736633,True,400,0.4864318072795868,True,400,0.8256038427352905,True,400,0.5878109335899353,True,c12_correct
401,402,402_2.bmp,preprocessed_results\402\402_2.bmp,401,401,401,0.1815212517976761,40,0.06818849593400955,0.11333275586366653,401|40|414|409|299,0.18152125|0.06818850|0.05141954|0.02381878|0.01988552,1,0.1815212517976761,True,401,0.1815212517976761,True,401,0.13911888003349304,True,401,0.759295642375946,True,401,0.2681601047515869,True,c12_correct
402,403,403_10.bmp,preprocessed_results\403\403_10.bmp,402,402,402,0.3532837927341461,403,0.03564539924263954,0.3176383934915066,402|403|364|527|234,0.35328379|0.03564540|0.01632210|0.01199781|0.01140171,1,0.3532837927341461,True,402,0.3532837927341461,True,402,0.4223253130912781,True,402,0.8581081628799438,True,402,0.775801420211792,True,c12_correct
403,404,404_4.bmp,preprocessed_results\404\404_4.bmp,403,403,403,0.8600459098815918,402,0.007324178237468004,0.8527217316441238,403|402|292|406|386,0.86004591|0.00732418|0.00328752|0.00302820|0.00298765,1,0.8600459098815918,True,403,0.8600459098815918,True,403,0.9121338725090027,True,403,0.8454281687736511,True,403,0.7743913531303406,True,c12_correct
404,405,405_1.bmp,preprocessed_results\405\405_1.bmp,404,404,404,0.7625354528427124,235,0.019156038761138916,0.7433794140815735,404|235|376|234|406,0.76253545|0.01915604|0.00955924|0.00877888|0.00782636,1,0.7625354528427124,True,404,0.7625354528427124,True,404,0.5287154316902161,True,404,0.7869118452072144,True,404,0.3238120675086975,True,c12_correct
405,406,406_5.bmp,preprocessed_results\406\406_5.bmp,405,405,405,0.906484067440033,404,0.014124002307653427,0.8923600651323795,405|404|523|415|414,0.90648407|0.01412400|0.00261527|0.00209391|0.00131978,1,0.906484067440033,True,405,0.906484067440033,True,405,0.833754301071167,True,405,0.8363074064254761,True,405,0.8961847424507141,True,c12_correct
406,407,407_10.bmp,preprocessed_results\407\407_10.bmp,406,406,406,0.9254111647605896,407,0.004681350197643042,0.9207298145629466,406|407|165|523|164,0.92541116|0.00468135|0.00352389|0.00215111|0.00111549,1,0.9254111647605896,True,406,0.9254111647605896,True,406,0.9067416787147522,True,406,0.7969353199005127,True,406,0.8354146480560303,True,c12_correct
407,408,408_2.bmp,preprocessed_results\408\408_2.bmp,407,407,407,0.9591295123100281,54,0.006596534047275782,0.9525329782627523,407|54|406|141|723,0.95912951|0.00659653|0.00117813|0.00116141|0.00114039,1,0.9591295123100281,True,407,0.9591295123100281,True,407,0.9253193140029907,True,407,0.8108774423599243,True,407,0.874504029750824,True,c12_correct
408,409,409_1.bmp,preprocessed_results\409\409_1.bmp,408,408,408,0.9444242119789124,200,0.0028257248923182487,0.9415984870865941,408|200|346|59|203,0.94442421|0.00282572|0.00209635|0.00165984|0.00156431,1,0.9444242119789124,True,408,0.9444242119789124,True,408,0.8587311506271362,True,408,0.8448264598846436,True,408,0.7911651730537415,True,c12_correct
409,410,410_3.bmp,preprocessed_results\410\410_3.bmp,409,409,409,0.5682443380355835,403,0.03082187846302986,0.5374224595725536,409|403|9|349|8,0.56824434|0.03082188|0.01205294|0.00975761|0.00900024,1,0.5682443380355835,True,409,0.5682443380355835,True,409,0.6187589764595032,True,409,0.7896389961242676,True,409,0.5626306533813477,True,c12_correct
410,411,411_4.bmp,preprocessed_results\411\411_4.bmp,410,410,410,0.9601867198944092,411,0.003545804414898157,0.956640915479511,410|411|782|46|308,0.96018672|0.00354580|0.00166827|0.00129316|0.00100144,1,0.9601867198944092,True,410,0.9601867198944092,True,410,0.8469293117523193,True,410,0.8406693935394287,True,410,0.86758953332901,True,c12_correct
411,412,412_5.bmp,preprocessed_results\412\412_5.bmp,411,411,411,0.9113754630088806,410,0.016232402995228767,0.8951430600136518,411|410|16|138|770,0.91137546|0.01623240|0.00370502|0.00188984|0.00183393,1,0.9113754630088806,True,411,0.9113754630088806,True,411,0.7994868159294128,True,411,0.8317533731460571,True,411,0.8302191495895386,True,c12_correct
412,413,413_1.bmp,preprocessed_results\413\413_1.bmp,412,412,412,0.7263331413269043,413,0.01117171160876751,0.7151614297181368,412|413|156|178|226,0.72633314|0.01117171|0.00779462|0.00664188|0.00508587,1,0.7263331413269043,True,412,0.7263331413269043,True,412,0.27554649114608765,True,412,0.7844807505607605,True,412,0.49109575152397156,True,c12_correct
413,414,414_6.bmp,preprocessed_results\414\414_6.bmp,413,413,413,0.9502270221710205,412,0.0019640240352600813,0.9482629981357604,413|412|379|202|514,0.95022702|0.00196402|0.00133687|0.00094738|0.00089863,1,0.9502270221710205,True,413,0.9502270221710205,True,413,0.8799477815628052,True,413,0.8400689959526062,True,413,0.8653119802474976,True,c12_correct
414,415,415_6.bmp,preprocessed_results\415\415_6.bmp,414,414,414,0.8735846281051636,717,0.006993109825998545,0.866591518279165,414|717|434|234|27,0.87358463|0.00699311|0.00558894|0.00553479|0.00415033,1,0.8735846281051636,True,414,0.8735846281051636,True,414,0.690808892250061,True,414,0.8280960321426392,True,414,0.8324770927429199,True,c12_correct
415,416,416_3.bmp,preprocessed_results\416\416_3.bmp,415,415,415,0.7797573804855347,375,0.013401063159108162,0.7663563173264265,415|375|184|367|247,0.77975738|0.01340106|0.01283628|0.00920559|0.00584002,1,0.7797573804855347,True,415,0.7797573804855347,True,415,0.2438715249300003,True,415,0.7937860488891602,True,415,0.4754919409751892,True,c12_correct
416,417,417_8.bmp,preprocessed_results\417\417_8.bmp,416,416,416,0.9213501811027527,519,0.004163728561252356,0.9171864525415003,416|519|301|323|417,0.92135018|0.00416373|0.00394044|0.00221369|0.00214406,1,0.9213501811027527,True,416,0.9213501811027527,True,416,0.8700920343399048,True,416,0.8211844563484192,True,416,0.8290951251983643,True,c12_correct
417,418,418_9.bmp,preprocessed_results\418\418_9.bmp,417,417,417,0.8983031511306763,416,0.007802973501384258,0.890500177629292,417|416|427|546|491,0.89830315|0.00780297|0.00282761|0.00267243|0.00206713,1,0.8983031511306763,True,417,0.8983031511306763,True,417,0.891620934009552,True,417,0.8391908407211304,True,417,0.8393221497535706,True,c12_correct
418,419,419_10.bmp,preprocessed_results\419\419_10.bmp,418,418,418,0.9203160405158997,419,0.003062302013859153,0.9172537385020405,418|419|394|398|659,0.92031604|0.00306230|0.00211132|0.00178858|0.00171914,1,0.9203160405158997,True,418,0.9203160405158997,True,418,0.8131977319717407,True,418,0.8364100456237793,True,418,0.7852705717086792,True,c12_correct
419,420,420_10.bmp,preprocessed_results\420\420_10.bmp,419,419,419,0.7619296908378601,418,0.01024016086012125,0.7516895299777389,419|418|459|491|507,0.76192969|0.01024016|0.00673758|0.00590690|0.00479000,1,0.7619296908378601,True,419,0.7619296908378601,True,419,0.7821871042251587,True,419,0.8454174995422363,True,419,0.7650594115257263,True,c12_correct
420,421,421_10.bmp,preprocessed_results\421\421_10.bmp,420,420,420,0.7352145314216614,798,0.009661355055868626,0.7255531763657928,420|798|237|165|421,0.73521453|0.00966136|0.00704670|0.00535487|0.00515793,1,0.7352145314216614,True,420,0.7352145314216614,True,420,0.8017114400863647,True,420,0.7928467988967896,True,420,0.73836749792099,True,c12_correct
421,422,422_10.bmp,preprocessed_results\422\422_10.bmp,421,421,421,0.746475100517273,544,0.011544499546289444,0.7349306009709835,421|544|420|443|455,0.74647510|0.01154450|0.00819371|0.00707667|0.00622328,1,0.746475100517273,True,421,0.746475100517273,True,421,0.48841598629951477,True,421,0.8112139105796814,True,421,0.6844539642333984,True,c12_correct
422,423,423_4.bmp,preprocessed_results\423\423_4.bmp,422,422,422,0.9091234803199768,423,0.004642121959477663,0.9044813583604991,422|423|535|374|185,0.90912348|0.00464212|0.00288500|0.00248831|0.00144165,1,0.9091234803199768,True,422,0.9091234803199768,True,422,0.9248849749565125,True,422,0.8451526165008545,True,422,0.8530077338218689,True,c12_correct
423,424,424_1.bmp,preprocessed_results\424\424_1.bmp,423,423,423,0.45371466875076294,392,0.02167213335633278,0.43204253539443016,423|392|472|431|422,0.45371467|0.02167213|0.02155389|0.01472933|0.01468819,1,0.45371466875076294,True,423,0.45371466875076294,True,423,0.3396140933036804,True,423,0.7819032669067383,True,423,0.4309881329536438,True,c12_correct
424,425,425_5.bmp,preprocessed_results\425\425_5.bmp,424,424,424,0.9174407124519348,499,0.0027435272932052612,0.9146971851587296,424|499|425|398|119,0.91744071|0.00274353|0.00245455|0.00205254|0.00126291,1,0.9174407124519348,True,424,0.9174407124519348,True,424,0.9133528470993042,True,424,0.8522358536720276,True,424,0.8695542216300964,True,c12_correct
425,426,426_4.bmp,preprocessed_results\426\426_4.bmp,425,425,425,0.8696599006652832,424,0.0035184442531317472,0.8661414564121515,425|424|431|831|13,0.86965990|0.00351844|0.00316127|0.00303189|0.00231718,1,0.8696599006652832,True,425,0.8696599006652832,True,425,0.9030925631523132,True,425,0.8392125964164734,True,425,0.8846896886825562,True,c12_correct
426,427,427_7.bmp,preprocessed_results\427\427_7.bmp,426,426,426,0.9131513237953186,545,0.0023383167572319508,0.9108130070380867,426|545|519|453|502,0.91315132|0.00233832|0.00224527|0.00215427|0.00198138,1,0.9131513237953186,True,426,0.9131513237953186,True,426,0.8991060256958008,True,426,0.8334020972251892,True,426,0.8852187991142273,True,c12_correct
427,428,428_3.bmp,preprocessed_results\428\428_3.bmp,427,427,427,0.9342538118362427,66,0.0016321333823725581,0.9326216784538701,427|66|508|417|449,0.93425381|0.00163213|0.00139953|0.00128964|0.00116526,1,0.9342538118362427,True,427,0.9342538118362427,True,427,0.8526126146316528,True,427,0.8335573673248291,True,427,0.8391363620758057,True,c12_correct
428,429,429_10.bmp,preprocessed_results\429\429_10.bmp,428,428,428,0.8887471556663513,663,0.0036363627295941114,0.8851107929367572,428|663|519|499|777,0.88874716|0.00363636|0.00351312|0.00235597|0.00204579,1,0.8887471556663513,True,428,0.8887471556663513,True,428,0.8744204044342041,True,428,0.8407467603683472,True,428,0.805730402469635,True,c12_correct
429,430,430_3.bmp,preprocessed_results\430\430_3.bmp,429,429,429,0.940258800983429,428,0.0027954448014497757,0.9374633561819792,429|428|391|546|15,0.94025880|0.00279544|0.00187353|0.00170116|0.00107147,1,0.940258800983429,True,429,0.940258800983429,True,429,0.855950653553009,True,429,0.848420262336731,True,429,0.8118656873703003,True,c12_correct
430,431,431_4.bmp,preprocessed_results\431\431_4.bmp,430,430,430,0.9647610783576965,398,0.007279165554791689,0.9574819128029048,430|398|431|187|150,0.96476108|0.00727917|0.00261922|0.00109315|0.00065075,1,0.9647610783576965,True,430,0.9647610783576965,True,430,0.8141841292381287,True,430,0.8278679847717285,True,430,0.8163642287254333,True,c12_correct
431,432,432_7.bmp,preprocessed_results\432\432_7.bmp,431,431,431,0.924717366695404,430,0.002051914343610406,0.9226654523517936,431|430|207|128|399,0.92471737|0.00205191|0.00124200|0.00109657|0.00106561,1,0.924717366695404,True,431,0.924717366695404,True,431,0.8850045204162598,True,431,0.8097748160362244,True,431,0.8338109254837036,True,c12_correct
432,433,433_4.bmp,preprocessed_results\433\433_4.bmp,432,432,432,0.8655233383178711,485,0.0054506356827914715,0.8600727026350796,432|485|433|184|144,0.86552334|0.00545064|0.00513850|0.00372883|0.00337415,1,0.8655233383178711,True,432,0.8655233383178711,True,432,0.7560624480247498,True,432,0.7653794288635254,True,432,0.8538130521774292,True,c12_correct
433,434,434_3.bmp,preprocessed_results\434\434_3.bmp,433,433,433,0.8964516520500183,432,0.009124744683504105,0.8873269073665142,433|432|353|546|301,0.89645165|0.00912474|0.00345780|0.00285779|0.00254951,1,0.8964516520500183,True,433,0.8964516520500183,True,433,0.8646385073661804,True,433,0.8368082046508789,True,433,0.8246939778327942,True,c12_correct
434,435,435_7.bmp,preprocessed_results\435\435_7.bmp,434,434,434,0.9671215415000916,277,0.0015062619931995869,0.965615279506892,434|277|470|52|274,0.96712154|0.00150626|0.00122248|0.00116094|0.00070202,1,0.9671215415000916,True,434,0.9671215415000916,True,434,0.8219753503799438,True,434,0.8228733539581299,True,434,0.7497440576553345,True,c12_correct
435,436,436_4.bmp,preprocessed_results\436\436_4.bmp,435,435,435,0.9448360800743103,558,0.0030933674424886703,0.9417427126318216,435|558|434|554|463,0.94483608|0.00309337|0.00269408|0.00133472|0.00106902,1,0.9448360800743103,True,435,0.9448360800743103,True,435,0.6084012985229492,True,435,0.8273805379867554,True,435,0.8244805335998535,True,c12_correct
436,437,437_4.bmp,preprocessed_results\437\437_4.bmp,436,436,436,0.9108568429946899,532,0.004412027541548014,0.9064448154531419,436|532|450|250|440,0.91085684|0.00441203|0.00428623|0.00315582|0.00209949,1,0.9108568429946899,True,436,0.9108568429946899,True,436,0.8275806903839111,True,436,0.7984253764152527,True,436,0.8134279847145081,True,c12_correct
437,438,438_4.bmp,preprocessed_results\438\438_4.bmp,437,437,437,0.8551230430603027,611,0.007648332044482231,0.8474747110158205,437|611|413|294|238,0.85512304|0.00764833|0.00670072|0.00468293|0.00386877,1,0.8551230430603027,True,437,0.8551230430603027,True,437,0.8375970125198364,True,437,0.8146589398384094,True,437,0.771968424320221,True,c12_correct
438,439,439_4.bmp,preprocessed_results\439\439_4.bmp,438,438,438,0.8986649513244629,145,0.006278354674577713,0.8923865966498852,438|145|185|116|533,0.89866495|0.00627835|0.00444379|0.00266364|0.00261758,1,0.8986649513244629,True,438,0.8986649513244629,True,438,0.5931490659713745,True,438,0.8085972666740417,True,438,0.7763228416442871,True,c12_correct
439,440,440_2.bmp,preprocessed_results\440\440_2.bmp,439,439,439,0.9299397468566895,247,0.0031863756012171507,0.9267533712554723,439|247|438|441|494,0.92993975|0.00318638|0.00192337|0.00116590|0.00114594,1,0.9299397468566895,True,439,0.9299397468566895,True,439,0.8011302947998047,True,439,0.8216367363929749,True,439,0.7732090950012207,True,c12_correct
440,441,441_9.bmp,preprocessed_results\441\441_9.bmp,440,440,440,0.5623096227645874,372,0.04789542034268379,0.5144142024219036,440|372|43|77|96,0.56230962|0.04789542|0.02273579|0.01939560|0.01609795,1,0.5623096227645874,True,440,0.5623096227645874,True,440,0.6834114789962769,True,440,0.7999699115753174,True,440,0.521472692489624,True,c12_correct
441,442,442_8.bmp,preprocessed_results\442\442_8.bmp,441,441,441,0.8437862396240234,295,0.026876583695411682,0.8169096559286118,441|295|335|38|453,0.84378624|0.02687658|0.00491888|0.00364531|0.00342333,1,0.8437862396240234,True,441,0.8437862396240234,True,441,0.8880318403244019,True,441,0.8478755950927734,True,441,0.8672533631324768,True,c12_correct
442,443,443_7.bmp,preprocessed_results\443\443_7.bmp,442,442,442,0.918804407119751,314,0.002134490991011262,0.9166699161287397,442|314|430|443|22,0.91880441|0.00213449|0.00203583|0.00185267|0.00163474,1,0.918804407119751,True,442,0.918804407119751,True,442,0.8943262696266174,True,442,0.8451249599456787,True,442,0.8594251871109009,True,c12_correct
443,444,444_3.bmp,preprocessed_results\444\444_3.bmp,443,443,443,0.8990182280540466,463,0.003858460346236825,0.8951597677078098,443|463|442|498|674,0.89901823|0.00385846|0.00279627|0.00240819|0.00234014,1,0.8990182280540466,True,443,0.8990182280540466,True,443,0.8580949306488037,True,443,0.8210931420326233,True,443,0.8607308268547058,True,c12_correct
444,445,445_9.bmp,preprocessed_results\445\445_9.bmp,444,444,444,0.9201627969741821,509,0.003978578839451075,0.916184218134731,444|509|446|457|440,0.92016280|0.00397858|0.00271151|0.00204311|0.00204010,1,0.9201627969741821,True,444,0.9201627969741821,True,444,0.8689219355583191,True,444,0.8448366522789001,True,444,0.8411538004875183,True,c12_correct
445,446,446_7.bmp,preprocessed_results\446\446_7.bmp,445,445,445,0.9520795345306396,486,0.002643826650455594,0.949435707880184,445|486|74|32|444,0.95207953|0.00264383|0.00132502|0.00125208|0.00108673,1,0.9520795345306396,True,445,0.9520795345306396,True,445,0.9187013506889343,True,445,0.8314332962036133,True,445,0.8662471771240234,True,c12_correct
446,447,447_2.bmp,preprocessed_results\447\447_2.bmp,446,446,446,0.8465341925621033,434,0.008229190483689308,0.838305002078414,446|434|245|351|279,0.84653419|0.00822919|0.00803904|0.00344119|0.00258570,1,0.8465341925621033,True,446,0.8465341925621033,True,446,0.7627747654914856,True,446,0.8126873970031738,True,446,0.594318687915802,True,c12_correct
447,448,448_2.bmp,preprocessed_results\448\448_2.bmp,447,447,447,0.9168926477432251,497,0.0027736295014619827,0.9141190182417631,447|497|332|471|383,0.91689265|0.00277363|0.00258533|0.00154612|0.00142154,1,0.9168926477432251,True,447,0.9168926477432251,True,447,0.8598167896270752,True,447,0.8205518126487732,True,447,0.8293733596801758,True,c12_correct
448,449,449_1.bmp,preprocessed_results\449\449_1.bmp,448,448,448,0.42646241188049316,396,0.034942079335451126,0.39152033254504204,448|396|482|468|422,0.42646241|0.03494208|0.02191206|0.01059288|0.00865075,1,0.42646241188049316,True,448,0.42646241188049316,True,448,0.38993149995803833,True,448,0.77523273229599,True,448,0.4614828824996948,True,c12_correct
449,450,450_2.bmp,preprocessed_results\450\450_2.bmp,449,449,449,0.8759629130363464,416,0.005840770900249481,0.870122142136097,449|416|215|345|165,0.87596291|0.00584077|0.00378667|0.00327890|0.00279937,1,0.8759629130363464,True,449,0.8759629130363464,True,449,0.8688580989837646,True,449,0.8256469964981079,True,449,0.836574137210846,True,c12_correct
450,451,451_8.bmp,preprocessed_results\451\451_8.bmp,450,450,450,0.6317556500434875,300,0.010096677578985691,0.6216589724645019,450|300|440|451|400,0.63175565|0.01009668|0.00946768|0.00883550|0.00838516,1,0.6317556500434875,True,450,0.6317556500434875,True,450,0.7412509322166443,True,450,0.8221929669380188,True,450,0.7111970782279968,True,c12_correct
451,452,452_3.bmp,preprocessed_results\452\452_3.bmp,451,451,451,0.8233000040054321,477,0.0613132119178772,0.7619867920875549,451|477|484|102|485,0.82330000|0.06131321|0.00736340|0.00273379|0.00266517,1,0.8233000040054321,True,451,0.8233000040054321,True,451,0.7373565435409546,True,451,0.8133565187454224,True,451,0.6878321170806885,True,c12_correct
452,453,453_2.bmp,preprocessed_results\453\453_2.bmp,452,452,452,0.915325939655304,453,0.014735576696693897,0.9005903629586101,452|453|471|559|451,0.91532594|0.01473558|0.00233124|0.00197151|0.00133718,1,0.915325939655304,True,452,0.915325939655304,True,452,0.7939463257789612,True,452,0.8517740368843079,True,452,0.8110964894294739,True,c12_correct
453,454,454_5.bmp,preprocessed_results\454\454_5.bmp,453,453,453,0.7072176337242126,452,0.052162669599056244,0.6550549641251564,453|452|166|114|400,0.70721763|0.05216267|0.00541533|0.00450968|0.00436163,1,0.7072176337242126,True,453,0.7072176337242126,True,453,0.7048370242118835,True,453,0.8343883156776428,True,453,0.7946453094482422,True,c12_correct
454,455,455_3.bmp,preprocessed_results\455\455_3.bmp,454,454,454,0.8806589841842651,181,0.00638185441493988,0.8742771297693253,454|181|556|455|359,0.88065898|0.00638185|0.00581341|0.00478741|0.00374875,1,0.8806589841842651,True,454,0.8806589841842651,True,454,0.8186838626861572,True,454,0.8077970743179321,True,454,0.7233676910400391,True,c12_correct
455,456,456_1.bmp,preprocessed_results\456\456_1.bmp,455,455,455,0.6974163055419922,555,0.021252192556858063,0.6761641129851341,455|555|454|145|516,0.69741631|0.02125219|0.01494373|0.01144070|0.00949666,1,0.6974163055419922,True,455,0.6974163055419922,True,455,0.5567833781242371,True,455,0.7748892307281494,True,455,0.4954957365989685,True,c12_correct
456,457,457_10.bmp,preprocessed_results\457\457_10.bmp,456,456,456,0.7169322371482849,487,0.008247275836765766,0.7086849613115191,456|487|510|457|485,0.71693224|0.00824728|0.00771880|0.00740930|0.00706423,1,0.7169322371482849,True,456,0.7169322371482849,True,456,0.533681333065033,True,456,0.7577482461929321,True,456,0.65876305103302,True,c12_correct
457,458,458_8.bmp,preprocessed_results\458\458_8.bmp,457,457,457,0.9297565817832947,456,0.003966249525547028,0.9257903322577477,457|456|351|503|176,0.92975658|0.00396625|0.00197356|0.00160204|0.00147812,1,0.9297565817832947,True,457,0.9297565817832947,True,457,0.7573872208595276,True,457,0.8167873024940491,True,457,0.7931007742881775,True,c12_correct
458,459,459_10.bmp,preprocessed_results\459\459_10.bmp,458,458,458,0.7144452333450317,440,0.013932892121374607,0.7005123412236571,458|440|406|453|459,0.71444523|0.01393289|0.01299972|0.00885168|0.00804583,1,0.7144452333450317,True,458,0.7144452333450317,True,458,0.7415952682495117,True,458,0.8078147768974304,True,458,0.7203735113143921,True,c12_correct
459,460,460_4.bmp,preprocessed_results\460\460_4.bmp,459,459,459,0.5795062780380249,152,0.044715989381074905,0.53479028865695,459|152|329|449|427,0.57950628|0.04471599|0.01272832|0.01225994|0.01066249,1,0.5795062780380249,True,459,0.5795062780380249,True,459,0.6056215763092041,True,459,0.8454481959342957,True,459,0.5765892863273621,True,c12_correct
460,461,461_5.bmp,preprocessed_results\461\461_5.bmp,460,460,460,0.9340000152587891,178,0.0016597057692706585,0.9323403094895184,460|178|461|519|166,0.93400002|0.00165971|0.00133944|0.00113933|0.00093747,1,0.9340000152587891,True,460,0.9340000152587891,True,460,0.8983414173126221,True,460,0.8506454825401306,True,460,0.8142290711402893,True,c12_correct
461,462,462_5.bmp,preprocessed_results\462\462_5.bmp,461,461,461,0.8937749862670898,457,0.0070523107424378395,0.886722675524652,461|457|460|519|465,0.89377499|0.00705231|0.00515321|0.00264529|0.00213847,1,0.8937749862670898,True,461,0.8937749862670898,True,461,0.8528012633323669,True,461,0.8252031207084656,True,461,0.7828893661499023,True,c12_correct
462,463,463_2.bmp,preprocessed_results\463\463_2.bmp,462,462,462,0.9231565594673157,370,0.0069618974812328815,0.9161946619860828,462|370|62|774|517,0.92315656|0.00696190|0.00574196|0.00366221|0.00172461,1,0.9231565594673157,True,462,0.9231565594673157,True,462,0.8105193972587585,True,462,0.8441853523254395,True,462,0.808924674987793,True,c12_correct
463,464,464_7.bmp,preprocessed_results\464\464_7.bmp,463,463,463,0.9604784250259399,462,0.0019025288056582212,0.9585758962202817,463|462|461|123|473,0.96047843|0.00190253|0.00129830|0.00113785|0.00085625,1,0.9604784250259399,True,463,0.9604784250259399,True,463,0.9118176102638245,True,463,0.8307620286941528,True,463,0.8405880331993103,True,c12_correct
464,465,465_5.bmp,preprocessed_results\465\465_5.bmp,464,464,464,0.8778889179229736,457,0.0053163436241447926,0.8725725742988288,464|457|484|465|344,0.87788892|0.00531634|0.00389248|0.00247745|0.00245728,1,0.8778889179229736,True,464,0.8778889179229736,True,464,0.8837125897407532,True,464,0.8494890332221985,True,464,0.8341916799545288,True,c12_correct
465,466,466_2.bmp,preprocessed_results\466\466_2.bmp,465,465,465,0.8192775845527649,451,0.008798220194876194,0.8104793643578887,465|451|417|481|467,0.81927758|0.00879822|0.00745610|0.00678086|0.00354546,1,0.8192775845527649,True,465,0.8192775845527649,True,465,0.9069345593452454,True,465,0.8406772613525391,True,465,0.8302757740020752,True,c12_correct
466,467,467_2.bmp,preprocessed_results\467\467_2.bmp,466,466,466,0.94649338722229,80,0.0040620663203299046,0.9424313209019601,466|80|470|467|81,0.94649339|0.00406207|0.00222199|0.00183861|0.00140767,1,0.94649338722229,True,466,0.94649338722229,True,466,0.9351160526275635,True,466,0.8387351632118225,True,466,0.7081406712532043,True,c12_correct
467,468,468_6.bmp,preprocessed_results\468\468_6.bmp,467,467,467,0.9019495844841003,489,0.004295649938285351,0.897653934545815,467|489|423|466|495,0.90194958|0.00429565|0.00199468|0.00181420|0.00161091,1,0.9019495844841003,True,467,0.9019495844841003,True,467,0.9228125810623169,True,467,0.8389483094215393,True,467,0.8378611207008362,True,c12_correct
468,469,469_9.bmp,preprocessed_results\469\469_9.bmp,468,468,468,0.9022123217582703,469,0.008585791103541851,0.8936265306547284,468|469|453|446|422,0.90221232|0.00858579|0.00715281|0.00284797|0.00192787,1,0.9022123217582703,True,468,0.9022123217582703,True,468,0.8984293341636658,True,468,0.8440496921539307,True,468,0.8083028793334961,True,c12_correct
469,470,470_2.bmp,preprocessed_results\470\470_2.bmp,469,469,469,0.9489144682884216,437,0.0022760590072721243,0.9466384092811495,469|437|468|491|538,0.94891447|0.00227606|0.00224947|0.00134714|0.00107220,1,0.9489144682884216,True,469,0.9489144682884216,True,469,0.8778026700019836,True,469,0.8437231779098511,True,469,0.7384085655212402,True,c12_correct
470,471,471_5.bmp,preprocessed_results\471\471_5.bmp,470,470,470,0.8738548159599304,408,0.016620561480522156,0.8572342544794083,470|408|173|200|464,0.87385482|0.01662056|0.00545618|0.00240985|0.00229490,1,0.8738548159599304,True,470,0.8738548159599304,True,470,0.7261019349098206,True,470,0.811663806438446,True,470,0.7900039553642273,True,c12_correct
471,472,472_7.bmp,preprocessed_results\472\472_7.bmp,471,471,471,0.9680585861206055,138,0.0017873106990009546,0.9662712754216045,471|138|329|550|46,0.96805859|0.00178731|0.00164999|0.00143691|0.00119376,1,0.9680585861206055,True,471,0.9680585861206055,True,471,0.9013407230377197,True,471,0.8126850128173828,True,471,0.8625997304916382,True,c12_correct
472,473,473_8.bmp,preprocessed_results\473\473_8.bmp,472,472,472,0.94797682762146,435,0.0026465579867362976,0.9453302696347237,472|435|397|473|409,0.94797683|0.00264656|0.00177592|0.00159194|0.00138633,1,0.94797682762146,True,472,0.94797682762146,True,472,0.9088041186332703,True,472,0.8292422294616699,True,472,0.9102038741111755,True,c12_correct
473,474,474_5.bmp,preprocessed_results\474\474_5.bmp,473,473,473,0.9340726733207703,472,0.005020208656787872,0.9290524646639824,473|472|347|462|409,0.93407267|0.00502021|0.00218504|0.00148402|0.00096349,1,0.9340726733207703,True,473,0.9340726733207703,True,473,0.897605299949646,True,473,0.8311772346496582,True,473,0.8162436485290527,True,c12_correct
474,475,475_10.bmp,preprocessed_results\475\475_10.bmp,474,474,474,0.9510371685028076,636,0.002107638167217374,0.9489295303355902,474|636|751|533|685,0.95103717|0.00210764|0.00142699|0.00115521|0.00081475,1,0.9510371685028076,True,474,0.9510371685028076,True,474,0.9257514476776123,True,474,0.8597701787948608,True,474,0.8653368353843689,True,c12_correct
475,476,476_5.bmp,preprocessed_results\476\476_5.bmp,475,475,475,0.9368909597396851,548,0.0027760560624301434,0.9341149036772549,475|548|540|373|532,0.93689096|0.00277606|0.00217002|0.00163371|0.00152238,1,0.9368909597396851,True,475,0.9368909597396851,True,475,0.7519541382789612,True,475,0.8244870901107788,True,475,0.8108190894126892,True,c12_correct
476,477,477_1.bmp,preprocessed_results\477\477_1.bmp,476,476,476,0.5726121068000793,477,0.10481452941894531,0.46779757738113403,476|477|484|145|379,0.57261211|0.10481453|0.01469698|0.00705105|0.00672876,1,0.5726121068000793,True,476,0.5726121068000793,True,476,0.756567120552063,True,476,0.8199299573898315,True,476,0.7269499897956848,True,c12_correct
477,478,478_7.bmp,preprocessed_results\478\478_7.bmp,477,477,477,0.9292141199111938,476,0.005507259629666805,0.923706860281527,477|476|182|555|484,0.92921412|0.00550726|0.00238476|0.00187054|0.00180438,1,0.9292141199111938,True,477,0.9292141199111938,True,477,0.9024249911308289,True,477,0.8209660649299622,True,477,0.8592490553855896,True,c12_correct
478,479,479_5.bmp,preprocessed_results\479\479_5.bmp,478,478,478,0.8625859022140503,554,0.004638781771063805,0.8579471204429865,478|554|555|474|68,0.86258590|0.00463878|0.00442022|0.00272475|0.00249052,1,0.8625859022140503,True,478,0.8625859022140503,True,478,0.5948625206947327,True,478,0.7974658012390137,True,478,0.7989952564239502,True,c12_correct
479,480,480_4.bmp,preprocessed_results\480\480_4.bmp,479,479,479,0.9379833340644836,475,0.003097887383773923,0.9348854466807097,479|475|559|535|538,0.93798333|0.00309789|0.00255853|0.00189723|0.00154330,1,0.9379833340644836,True,479,0.9379833340644836,True,479,0.8709864616394043,True,479,0.8217035531997681,True,479,0.8502179384231567,True,c12_correct
480,481,481_6.bmp,preprocessed_results\481\481_6.bmp,480,480,480,0.8816930055618286,481,0.008779331110417843,0.8729136744514108,480|481|402|498|364,0.88169301|0.00877933|0.00400914|0.00345495|0.00299656,1,0.8816930055618286,True,480,0.8816930055618286,True,480,0.8149152994155884,True,480,0.8314621448516846,True,480,0.86237633228302,True,c12_correct
481,482,482_7.bmp,preprocessed_results\482\482_7.bmp,481,481,481,0.9097414016723633,480,0.002717365510761738,0.9070240361616015,481|480|63|546|492,0.90974140|0.00271737|0.00260241|0.00243305|0.00220101,1,0.9097414016723633,True,481,0.9097414016723633,True,481,0.8376964926719666,True,481,0.8280289173126221,True,481,0.7661782503128052,True,c12_correct
482,483,483_9.bmp,preprocessed_results\483\483_9.bmp,482,482,482,0.8570963740348816,484,0.006068525370210409,0.8510278486646712,482|484|185|483|70,0.85709637|0.00606853|0.00417910|0.00294798|0.00254352,1,0.8570963740348816,True,482,0.8570963740348816,True,482,0.7329362034797668,True,482,0.8339354991912842,True,482,0.879608690738678,True,c12_correct
483,484,484_9.bmp,preprocessed_results\484\484_9.bmp,483,483,483,0.8703328371047974,134,0.003339283401146531,0.8669935537036508,483|134|366|479|247,0.87033284|0.00333928|0.00258161|0.00244624|0.00215538,1,0.8703328371047974,True,483,0.8703328371047974,True,483,0.7253075242042542,True,483,0.8191611766815186,True,483,0.8170647621154785,True,c12_correct
484,485,485_9.bmp,preprocessed_results\485\485_9.bmp,484,484,484,0.8787854313850403,485,0.007602599915117025,0.8711828314699233,484|485|372|78|358,0.87878543|0.00760260|0.00374008|0.00336774|0.00220621,1,0.8787854313850403,True,484,0.8787854313850403,True,484,0.8536112308502197,True,484,0.8338409066200256,True,484,0.7494290471076965,True,c12_correct
485,486,486_4.bmp,preprocessed_results\486\486_4.bmp,485,485,485,0.9017381072044373,477,0.005263755563646555,0.8964743516407907,485|477|188|432|484,0.90173811|0.00526376|0.00377076|0.00364207|0.00327973,1,0.9017381072044373,True,485,0.9017381072044373,True,485,0.8448038101196289,True,485,0.8359718322753906,True,485,0.8256142139434814,True,c12_correct
486,487,487_8.bmp,preprocessed_results\487\487_8.bmp,486,486,486,0.7416377663612366,445,0.058597587049007416,0.6830401793122292,486|445|487|386|464,0.74163777|0.05859759|0.01329128|0.00688429|0.00661455,1,0.7416377663612366,True,486,0.7416377663612366,True,486,0.6228037476539612,True,486,0.8442103266716003,True,486,0.7294294238090515,True,c12_correct
487,488,488_2.bmp,preprocessed_results\488\488_2.bmp,487,487,487,0.9133104681968689,345,0.008427003398537636,0.9048834647983313,487|345|526|486|314,0.91331047|0.00842700|0.00427383|0.00398085|0.00220656,1,0.9133104681968689,True,487,0.9133104681968689,True,487,0.7792618870735168,True,487,0.8012044429779053,True,487,0.7528406977653503,True,c12_correct
488,489,489_8.bmp,preprocessed_results\489\489_8.bmp,488,488,488,0.9123449921607971,489,0.006271094549447298,0.9060738976113498,488|489|459|81|361,0.91234499|0.00627109|0.00434924|0.00158814|0.00126937,1,0.9123449921607971,True,488,0.9123449921607971,True,488,0.8568167686462402,True,488,0.7900928258895874,True,488,0.8381079435348511,True,c12_correct
489,490,490_2.bmp,preprocessed_results\490\490_2.bmp,489,489,489,0.9363650679588318,533,0.005549937952309847,0.9308151300065219,489|533|467|488|466,0.93636507|0.00554994|0.00492088|0.00383407|0.00155891,1,0.9363650679588318,True,489,0.9363650679588318,True,489,0.8219152688980103,True,489,0.8572245240211487,True,489,0.7876899242401123,True,c12_correct
490,491,491_2.bmp,preprocessed_results\491\491_2.bmp,490,490,490,0.9054989814758301,466,0.004081376362591982,0.9014176051132381,490|466|479|491|235,0.90549898|0.00408138|0.00297617|0.00286325|0.00245028,1,0.9054989814758301,True,490,0.9054989814758301,True,490,0.7424941658973694,True,490,0.8397802710533142,True,490,0.686689019203186,True,c12_correct
491,492,492_9.bmp,preprocessed_results\492\492_9.bmp,491,491,491,0.8613107204437256,514,0.0060242535546422005,0.8552864668890834,491|514|375|479|463,0.86131072|0.00602425|0.00463066|0.00422466|0.00395550,1,0.8613107204437256,True,491,0.8613107204437256,True,491,0.8104493618011475,True,491,0.8335945010185242,True,491,0.8204584121704102,True,c12_correct
492,493,493_1.bmp,preprocessed_results\493\493_1.bmp,492,492,492,0.37663397192955017,448,0.0231431033462286,0.35349086858332157,492|448|381|493|369,0.37663397|0.02314310|0.02005750|0.01885222|0.01734522,1,0.37663397192955017,True,492,0.37663397192955017,True,492,0.19336239993572235,True,492,0.7570893168449402,True,492,0.37707045674324036,True,c12_correct
493,494,494_3.bmp,preprocessed_results\494\494_3.bmp,493,493,493,0.8712636828422546,492,0.008596661500632763,0.8626670213416219,493|492|467|377|489,0.87126368|0.00859666|0.00328144|0.00310779|0.00250568,1,0.8712636828422546,True,493,0.8712636828422546,True,493,0.8352253437042236,True,493,0.8244214057922363,True,493,0.8714358806610107,True,c12_correct
494,495,495_4.bmp,preprocessed_results\495\495_4.bmp,494,494,494,0.943953812122345,45,0.003190223593264818,0.9407635885290802,494|45|488|35|495,0.94395381|0.00319022|0.00266116|0.00188346|0.00187732,1,0.943953812122345,True,494,0.943953812122345,True,494,0.927399754524231,True,494,0.8385035395622253,True,494,0.8312074542045593,True,c12_correct
495,496,496_6.bmp,preprocessed_results\496\496_6.bmp,495,495,495,0.9120733141899109,494,0.004657710436731577,0.9074156037531793,495|494|74|467|485,0.91207331|0.00465771|0.00391342|0.00184861|0.00156370,1,0.9120733141899109,True,495,0.9120733141899109,True,495,0.8537381291389465,True,495,0.8546514511108398,True,495,0.8285897374153137,True,c12_correct
496,497,497_1.bmp,preprocessed_results\497\497_1.bmp,496,496,497,0.2320909947156906,496,0.19510269165039062,0.03698830306529999,497|496|83|221|476,0.23209099|0.19510269|0.02927762|0.02627525|0.02111512,2,0.19510269165039062,True,497,0.2320909947156906,False,496,0.17623190581798553,True,496,0.7798049449920654,True,496,0.2604149281978607,True,teacher_all_correct;low_margin;true_in_top5
497,498,498_9.bmp,preprocessed_results\498\498_9.bmp,497,497,497,0.7200597524642944,274,0.02576947584748268,0.6942902766168118,497|274|328|329|167,0.72005975|0.02576948|0.00696009|0.00658450|0.00622690,1,0.7200597524642944,True,497,0.7200597524642944,True,497,0.5835350155830383,True,497,0.8248348832130432,True,497,0.7212235331535339,True,c12_correct
498,499,499_8.bmp,preprocessed_results\499\499_8.bmp,498,498,498,0.9023194909095764,462,0.015366120263934135,0.8869533706456423,498|462|398|463|431,0.90231949|0.01536612|0.00756339|0.00377580|0.00246470,1,0.9023194909095764,True,498,0.9023194909095764,True,498,0.9140306115150452,True,498,0.8492593169212341,True,498,0.805068850517273,True,c12_correct
499,500,500_10.bmp,preprocessed_results\500\500_10.bmp,499,499,499,0.9090752005577087,424,0.0040220958180725574,0.9050531047396362,499|424|498|112|397,0.90907520|0.00402210|0.00325259|0.00231889|0.00136698,1,0.9090752005577087,True,499,0.9090752005577087,True,499,0.7168269753456116,True,499,0.8472002744674683,True,499,0.7729728817939758,True,c12_correct
500,501,501_3.bmp,preprocessed_results\501\501_3.bmp,500,500,500,0.9324759840965271,406,0.0064634340815246105,0.9260125500150025,500|406|407|436|502,0.93247598|0.00646343|0.00377277|0.00177216|0.00140753,1,0.9324759840965271,True,500,0.9324759840965271,True,500,0.9203007817268372,True,500,0.8355689644813538,True,500,0.7945132851600647,True,c12_correct
501,502,502_7.bmp,preprocessed_results\502\502_7.bmp,501,501,501,0.8620155453681946,90,0.004373502917587757,0.8576420424506068,501|90|112|54|632,0.86201555|0.00437350|0.00286706|0.00271562|0.00220586,1,0.8620155453681946,True,501,0.8620155453681946,True,501,0.7506052255630493,True,501,0.8522939682006836,True,501,0.81671142578125,True,c12_correct
502,503,503_4.bmp,preprocessed_results\503\503_4.bmp,502,502,502,0.8134488463401794,500,0.010772007517516613,0.8026768388226628,502|500|480|426|430,0.81344885|0.01077201|0.00741391|0.00612665|0.00515925,1,0.8134488463401794,True,502,0.8134488463401794,True,502,0.6088289618492126,True,502,0.8347219228744507,True,502,0.8314885497093201,True,c12_correct
503,504,504_4.bmp,preprocessed_results\504\504_4.bmp,503,503,482,0.22947509586811066,148,0.04492892324924469,0.18454617261886597,482|148|484|468|453,0.22947510|0.04492892|0.04066105|0.02478444|0.02396482,65,0.0022547757253050804,False,482,0.22947509586811066,False,534,0.012089760974049568,False,503,0.028190873563289642,True,503,0.0738213062286377,True,teacher_all_correct
504,505,505_10.bmp,preprocessed_results\505\505_10.bmp,504,504,504,0.8537255525588989,505,0.02628772146999836,0.8274378310889006,504|505|555|489|145,0.85372555|0.02628772|0.01126862|0.00470282|0.00231333,1,0.8537255525588989,True,504,0.8537255525588989,True,504,0.9343798160552979,True,504,0.8265007138252258,True,504,0.8717280626296997,True,c12_correct
505,506,506_10.bmp,preprocessed_results\506\506_10.bmp,505,505,505,0.9512073397636414,504,0.003969028126448393,0.947238311637193,505|504|441|183|450,0.95120734|0.00396903|0.00167798|0.00094198|0.00083403,1,0.9512073397636414,True,505,0.9512073397636414,True,505,0.8419013023376465,True,505,0.824862003326416,True,505,0.7990568280220032,True,c12_correct
506,507,507_1.bmp,preprocessed_results\507\507_1.bmp,506,506,506,0.3705673813819885,407,0.06271626800298691,0.3078511133790016,506|407|459|784|829,0.37056738|0.06271627|0.02506813|0.01253876|0.01101814,1,0.3705673813819885,True,506,0.3705673813819885,True,506,0.7096995115280151,True,506,0.8113783597946167,True,506,0.6614295244216919,True,c12_correct
507,508,508_6.bmp,preprocessed_results\508\508_6.bmp,507,507,507,0.7475960850715637,388,0.011884053237736225,0.7357120318338275,507|388|23|153|474,0.74759609|0.01188405|0.00825209|0.00482414|0.00463273,1,0.7475960850715637,True,507,0.7475960850715637,True,507,0.7128391861915588,True,507,0.8052840828895569,True,507,0.6986538767814636,True,c12_correct
508,509,509_8.bmp,preprocessed_results\509\509_8.bmp,508,508,508,0.931337296962738,509,0.005298417527228594,0.9260388794355094,508|509|472|342|500,0.93133730|0.00529842|0.00117830|0.00116085|0.00114042,1,0.931337296962738,True,508,0.931337296962738,True,508,0.827589750289917,True,508,0.842714250087738,True,508,0.822607696056366,True,c12_correct
509,510,510_5.bmp,preprocessed_results\510\510_5.bmp,509,509,509,0.7719792127609253,398,0.005616637412458658,0.7663625753484666,509|398|346|436|622,0.77197921|0.00561664|0.00371975|0.00314128|0.00252506,1,0.7719792127609253,True,509,0.7719792127609253,True,509,0.7132691740989685,True,509,0.8207140564918518,True,509,0.7344158291816711,True,c12_correct
510,511,511_6.bmp,preprocessed_results\511\511_6.bmp,510,510,510,0.9071012139320374,511,0.007472705561667681,0.8996285083703697,510|511|481|473|351,0.90710121|0.00747271|0.00260416|0.00221008|0.00209106,1,0.9071012139320374,True,510,0.9071012139320374,True,510,0.8302801847457886,True,510,0.8476369976997375,True,510,0.7547556161880493,True,c12_correct
511,512,512_8.bmp,preprocessed_results\512\512_8.bmp,511,511,511,0.882439911365509,203,0.005279560573399067,0.87716035079211,511|203|510|78|416,0.88243991|0.00527956|0.00416713|0.00396273|0.00293967,1,0.882439911365509,True,511,0.882439911365509,True,511,0.8195828795433044,True,511,0.8413814306259155,True,511,0.8525072336196899,True,c12_correct
512,513,513_10.bmp,preprocessed_results\513\513_10.bmp,512,512,512,0.9437236189842224,561,0.002788762329146266,0.9409348566550761,512|561|631|180|356,0.94372362|0.00278876|0.00134819|0.00120796|0.00099549,1,0.9437236189842224,True,512,0.9437236189842224,True,512,0.8089703321456909,True,512,0.8129591941833496,True,512,0.7567296028137207,True,c12_correct
513,514,514_5.bmp,preprocessed_results\514\514_5.bmp,513,513,513,0.9372483491897583,563,0.006951872259378433,0.9302964769303799,513|563|372|412|561,0.93724835|0.00695187|0.00274099|0.00130169|0.00127556,1,0.9372483491897583,True,513,0.9372483491897583,True,513,0.9172853231430054,True,513,0.8600581288337708,True,513,0.8800508975982666,True,c12_correct
514,515,515_9.bmp,preprocessed_results\515\515_9.bmp,514,514,514,0.8658625483512878,413,0.006322828587144613,0.8595397197641432,514|413|558|476|486,0.86586255|0.00632283|0.00352333|0.00327147|0.00321644,1,0.8658625483512878,True,514,0.8658625483512878,True,514,0.8656211495399475,True,514,0.8095507025718689,True,514,0.7963224649429321,True,c12_correct
515,516,516_8.bmp,preprocessed_results\516\516_8.bmp,515,515,515,0.6771361231803894,352,0.015489469282329082,0.6616466538980603,515|352|364|344|394,0.67713612|0.01548947|0.01196357|0.00887196|0.00728291,1,0.6771361231803894,True,515,0.6771361231803894,True,515,0.6109889149665833,True,515,0.8082057237625122,True,515,0.6910360455513,True,c12_correct
516,517,517_5.bmp,preprocessed_results\517\517_5.bmp,516,516,516,0.9425935745239258,351,0.0027079181745648384,0.9398856563493609,516|351|517|461|412,0.94259357|0.00270792|0.00212588|0.00154167|0.00139024,1,0.9425935745239258,True,516,0.9425935745239258,True,516,0.8810247182846069,True,516,0.8561574220657349,True,516,0.8636320233345032,True,c12_correct
517,518,518_3.bmp,preprocessed_results\518\518_3.bmp,517,517,517,0.9107900857925415,35,0.001952514285221696,0.9088375715073198,517|35|516|39|539,0.91079009|0.00195251|0.00191894|0.00191743|0.00181545,1,0.9107900857925415,True,517,0.9107900857925415,True,517,0.8423092365264893,True,517,0.8049063086509705,True,517,0.7985512614250183,True,c12_correct
518,519,519_9.bmp,preprocessed_results\519\519_9.bmp,518,518,518,0.9513731598854065,787,0.0020919472444802523,0.9492812126409262,518|787|546|489|449,0.95137316|0.00209195|0.00201694|0.00135215|0.00108815,1,0.9513731598854065,True,518,0.9513731598854065,True,518,0.8140689730644226,True,518,0.8515801429748535,True,518,0.8244645595550537,True,c12_correct
519,520,520_6.bmp,preprocessed_results\520\520_6.bmp,519,519,519,0.9389321804046631,322,0.003190498799085617,0.9357416816055775,519|322|317|430|461,0.93893218|0.00319050|0.00177852|0.00161216|0.00108600,1,0.9389321804046631,True,519,0.9389321804046631,True,519,0.8117327690124512,True,519,0.8426928520202637,True,519,0.7862889170646667,True,c12_correct
520,521,521_5.bmp,preprocessed_results\521\521_5.bmp,520,520,520,0.9101840853691101,521,0.016352711245417595,0.8938313741236925,520|521|420|310|437,0.91018409|0.01635271|0.00155126|0.00154386|0.00114797,1,0.9101840853691101,True,520,0.9101840853691101,True,520,0.8655318021774292,True,520,0.8458176255226135,True,520,0.8818084001541138,True,c12_correct
521,522,522_8.bmp,preprocessed_results\522\522_8.bmp,521,521,521,0.9398525357246399,520,0.006924280431121588,0.9329282552935183,521|520|436|222|310,0.93985254|0.00692428|0.00534877|0.00148029|0.00090038,1,0.9398525357246399,True,521,0.9398525357246399,True,521,0.8288049101829529,True,521,0.814247190952301,True,521,0.8515796661376953,True,c12_correct
522,523,523_9.bmp,preprocessed_results\523\523_9.bmp,522,522,522,0.9731769561767578,325,0.0012829272309318185,0.971894028945826,522|325|407|523|138,0.97317696|0.00128293|0.00117337|0.00077611|0.00074408,1,0.9731769561767578,True,522,0.9731769561767578,True,522,0.8966403007507324,True,522,0.8360264897346497,True,522,0.8502647876739502,True,c12_correct
523,524,524_5.bmp,preprocessed_results\524\524_5.bmp,523,523,523,0.9538516998291016,522,0.0025753320660442114,0.9512763677630574,523|522|138|453|11,0.95385170|0.00257533|0.00174891|0.00090393|0.00080609,1,0.9538516998291016,True,523,0.9538516998291016,True,523,0.8649977445602417,True,523,0.8427602648735046,True,523,0.8132157921791077,True,c12_correct
524,525,525_6.bmp,preprocessed_results\525\525_6.bmp,524,524,524,0.9303560256958008,563,0.004036222584545612,0.9263198031112552,524|563|240|525|513,0.93035603|0.00403622|0.00194181|0.00159416|0.00113551,1,0.9303560256958008,True,524,0.9303560256958008,True,524,0.8779066801071167,True,524,0.8492957353591919,True,524,0.8300513625144958,True,c12_correct
525,526,526_7.bmp,preprocessed_results\526\526_7.bmp,525,525,525,0.9103450775146484,524,0.007878207601606846,0.9024668699130416,525|524|324|563|67,0.91034508|0.00787821|0.00291073|0.00278838|0.00167119,1,0.9103450775146484,True,525,0.9103450775146484,True,525,0.8663102984428406,True,525,0.8488562703132629,True,525,0.8479049205780029,True,c12_correct
526,527,527_3.bmp,preprocessed_results\527\527_3.bmp,526,526,526,0.9118768572807312,413,0.004781507421284914,0.9070953498594463,526|413|527|530|379,0.91187686|0.00478151|0.00216895|0.00196785|0.00191717,1,0.9118768572807312,True,526,0.9118768572807312,True,526,0.78758704662323,True,526,0.8476907014846802,True,526,0.8150076270103455,True,c12_correct
527,528,528_8.bmp,preprocessed_results\528\528_8.bmp,527,527,527,0.9032254815101624,526,0.004657127894461155,0.8985683536157012,527|526|493|492|448,0.90322548|0.00465713|0.00220393|0.00215246|0.00195733,1,0.9032254815101624,True,527,0.9032254815101624,True,527,0.8568797707557678,True,527,0.8370013236999512,True,527,0.8195081353187561,True,c12_correct
528,529,529_10.bmp,preprocessed_results\529\529_10.bmp,528,528,528,0.7009204030036926,510,0.011630977503955364,0.6892894254997373,528|510|322|481|239,0.70092040|0.01163098|0.01069445|0.00994283|0.00552478,1,0.7009204030036926,True,528,0.7009204030036926,True,528,0.7740767002105713,True,528,0.8174744248390198,True,528,0.6879824995994568,True,c12_correct
529,530,530_5.bmp,preprocessed_results\530\530_5.bmp,529,529,529,0.9143730401992798,7,0.003326830454170704,0.9110462097451091,529|7|528|119|369,0.91437304|0.00332683|0.00320650|0.00265297|0.00191263,1,0.9143730401992798,True,529,0.9143730401992798,True,529,0.8812710046768188,True,529,0.839743435382843,True,529,0.8540804982185364,True,c12_correct
530,531,531_7.bmp,preprocessed_results\531\531_7.bmp,530,530,530,0.9218633770942688,211,0.0030651111155748367,0.918798265978694,530|211|526|532|531,0.92186338|0.00306511|0.00156742|0.00153802|0.00147774,1,0.9218633770942688,True,530,0.9218633770942688,True,530,0.7831916213035583,True,530,0.8326126337051392,True,530,0.8483911752700806,True,c12_correct
531,532,532_8.bmp,preprocessed_results\532\532_8.bmp,531,531,531,0.8799557685852051,530,0.028037022799253464,0.8519187457859516,531|530|282|273|274,0.87995577|0.02803702|0.00311562|0.00289657|0.00232706,1,0.8799557685852051,True,531,0.8799557685852051,True,531,0.6934899091720581,True,531,0.84482741355896,True,531,0.7451040148735046,True,c12_correct
532,533,533_3.bmp,preprocessed_results\533\533_3.bmp,532,532,532,0.9262220859527588,530,0.004618038423359394,0.9216040475293994,532|530|436|346|479,0.92622209|0.00461804|0.00393791|0.00297970|0.00182259,1,0.9262220859527588,True,532,0.9262220859527588,True,532,0.9072022438049316,True,532,0.7976082563400269,True,532,0.8073616027832031,True,c12_correct
533,534,534_9.bmp,preprocessed_results\534\534_9.bmp,533,533,533,0.9389657378196716,547,0.003558966564014554,0.9354067712556571,533|547|141|539|474,0.93896574|0.00355897|0.00271350|0.00153125|0.00145848,1,0.9389657378196716,True,533,0.9389657378196716,True,533,0.9275917410850525,True,533,0.8342698812484741,True,533,0.8599106669425964,True,c12_correct
534,535,535_2.bmp,preprocessed_results\535\535_2.bmp,534,534,534,0.580315351486206,238,0.016244342550635338,0.5640710089355707,534|238|6|332|139,0.58031535|0.01624434|0.01370917|0.01347580|0.01029489,1,0.580315351486206,True,534,0.580315351486206,True,534,0.3317716717720032,True,534,0.7262925505638123,True,534,0.29744553565979004,True,c12_correct
535,536,536_8.bmp,preprocessed_results\536\536_8.bmp,535,535,535,0.8851576447486877,332,0.0037012274842709303,0.8814564172644168,535|332|422|555|448,0.88515764|0.00370123|0.00361606|0.00326201|0.00212617,1,0.8851576447486877,True,535,0.8851576447486877,True,535,0.8084248304367065,True,535,0.8425214886665344,True,535,0.7911618947982788,True,c12_correct
536,537,537_9.bmp,preprocessed_results\537\537_9.bmp,536,536,536,0.9490503072738647,540,0.0025838189758360386,0.9464664882980287,536|540|537|356|550,0.94905031|0.00258382|0.00211350|0.00118860|0.00094224,1,0.9490503072738647,True,536,0.9490503072738647,True,536,0.7912564277648926,True,536,0.8333178758621216,True,536,0.8338385820388794,True,c12_correct
537,538,538_9.bmp,preprocessed_results\538\538_9.bmp,537,537,537,0.9523801207542419,615,0.0021755883935838938,0.950204532360658,537|615|355|536|432,0.95238012|0.00217559|0.00194640|0.00189160|0.00108793,1,0.9523801207542419,True,537,0.9523801207542419,True,537,0.8843194246292114,True,537,0.8462104201316833,True,537,0.8593040704727173,True,c12_correct
538,539,539_3.bmp,preprocessed_results\539\539_3.bmp,538,538,538,0.8580243587493896,479,0.008251208811998367,0.8497731499373913,538|479|455|469|475,0.85802436|0.00825121|0.00550897|0.00426610|0.00356584,1,0.8580243587493896,True,538,0.8580243587493896,True,538,0.5942493677139282,True,538,0.8424755930900574,True,538,0.6969955563545227,True,c12_correct
539,540,540_2.bmp,preprocessed_results\540\540_2.bmp,539,539,539,0.9325218796730042,533,0.003643348114565015,0.9288785315584391,539|533|665|273|144,0.93252188|0.00364335|0.00283989|0.00169674|0.00153400,1,0.9325218796730042,True,539,0.9325218796730042,True,539,0.7741122245788574,True,539,0.8419188857078552,True,539,0.8500657081604004,True,c12_correct
540,541,541_10.bmp,preprocessed_results\541\541_10.bmp,540,540,540,0.9326369762420654,541,0.00898773968219757,0.9236492365598679,540|541|550|475|532,0.93263698|0.00898774|0.00369071|0.00354724|0.00284162,1,0.9326369762420654,True,540,0.9326369762420654,True,540,0.9362656474113464,True,540,0.8091968297958374,True,540,0.8896350264549255,True,c12_correct
541,542,542_5.bmp,preprocessed_results\542\542_5.bmp,541,541,541,0.9109708070755005,559,0.005614790134131908,0.9053560169413686,541|559|540|27|531,0.91097081|0.00561479|0.00438210|0.00318469|0.00258462,1,0.9109708070755005,True,541,0.9109708070755005,True,541,0.8399538397789001,True,541,0.8411489129066467,True,541,0.8643888235092163,True,c12_correct
542,543,543_6.bmp,preprocessed_results\543\543_6.bmp,542,542,542,0.9337575435638428,543,0.0034353018272668123,0.930322241736576,542|543|550|405|500,0.93375754|0.00343530|0.00234444|0.00171531|0.00120217,1,0.9337575435638428,True,542,0.9337575435638428,True,542,0.8808819651603699,True,542,0.8367440700531006,True,542,0.8033409118652344,True,c12_correct
543,544,544_4.bmp,preprocessed_results\544\544_4.bmp,543,543,543,0.7690735459327698,542,0.03622187301516533,0.7328516729176044,543|542|512|356|544,0.76907355|0.03622187|0.01560994|0.00735367|0.00504346,1,0.7690735459327698,True,543,0.7690735459327698,True,543,0.16607996821403503,True,543,0.42461761832237244,True,543,0.5148686766624451,True,c12_correct
544,545,545_6.bmp,preprocessed_results\545\545_6.bmp,544,544,544,0.9154743552207947,12,0.00701494887471199,0.9084594063460827,544|12|413|455|562,0.91547436|0.00701495|0.00192273|0.00144925|0.00111821,1,0.9154743552207947,True,544,0.9154743552207947,True,544,0.8962070345878601,True,544,0.8263787627220154,True,544,0.8093364238739014,True,c12_correct
545,546,546_4.bmp,preprocessed_results\546\546_4.bmp,545,545,545,0.9313750267028809,96,0.0045492565259337425,0.9268257701769471,545|96|344|322|380,0.93137503|0.00454926|0.00209349|0.00184926|0.00178333,1,0.9313750267028809,True,545,0.9313750267028809,True,545,0.8967752456665039,True,545,0.8560627102851868,True,545,0.84101802110672,True,c12_correct
546,547,547_3.bmp,preprocessed_results\547\547_3.bmp,546,546,546,0.8498250842094421,547,0.006441716104745865,0.8433833681046963,546|547|353|377|407,0.84982508|0.00644172|0.00521979|0.00398430|0.00251017,1,0.8498250842094421,True,546,0.8498250842094421,True,546,0.7849562764167786,True,546,0.8555740118026733,True,546,0.6904088258743286,True,c12_correct
547,548,548_9.bmp,preprocessed_results\548\548_9.bmp,547,547,547,0.9318000078201294,546,0.015549709089100361,0.916250298731029,547|546|446|80|409,0.93180001|0.01554971|0.00154675|0.00147327|0.00142889,1,0.9318000078201294,True,547,0.9318000078201294,True,547,0.6334936022758484,True,547,0.8497468829154968,True,547,0.7485069036483765,True,c12_correct
548,549,549_10.bmp,preprocessed_results\549\549_10.bmp,548,548,548,0.9388478994369507,801,0.004451661836355925,0.9343962376005948,548|801|437|246|449,0.93884790|0.00445166|0.00187980|0.00178942|0.00178935,1,0.9388478994369507,True,548,0.9388478994369507,True,548,0.874372124671936,True,548,0.8416139483451843,True,548,0.8429470062255859,True,c12_correct
549,550,550_1.bmp,preprocessed_results\550\550_1.bmp,549,549,549,0.7690863013267517,548,0.022275928407907486,0.7468103729188442,549|548|178|555|562,0.76908630|0.02227593|0.01241751|0.00733746|0.00641161,1,0.7690863013267517,True,549,0.7690863013267517,True,549,0.5067136287689209,True,549,0.7926397323608398,True,549,0.6053488850593567,True,c12_correct
550,551,551_3.bmp,preprocessed_results\551\551_3.bmp,550,550,550,0.946625292301178,551,0.009875280782580376,0.9367500115185976,550|551|540|471|536,0.94662529|0.00987528|0.00435263|0.00209577|0.00186225,1,0.946625292301178,True,550,0.946625292301178,True,550,0.7952713370323181,True,550,0.8383545875549316,True,550,0.7009209990501404,True,c12_correct
551,552,552_9.bmp,preprocessed_results\552\552_9.bmp,551,551,551,0.9057230949401855,550,0.004366169683635235,0.9013569252565503,551|550|554|540|144,0.90572309|0.00436617|0.00173364|0.00166376|0.00163639,1,0.9057230949401855,True,551,0.9057230949401855,True,551,0.8618177175521851,True,551,0.8283205628395081,True,551,0.8357982635498047,True,c12_correct
552,553,553_3.bmp,preprocessed_results\553\553_3.bmp,552,552,552,0.8462967276573181,532,0.008950944989919662,0.8373457826673985,552|532|117|553|559,0.84629673|0.00895094|0.00694099|0.00573925|0.00362284,1,0.8462967276573181,True,552,0.8462967276573181,True,552,0.8545439839363098,True,552,0.8149360418319702,True,552,0.7994791269302368,True,c12_correct
553,554,554_2.bmp,preprocessed_results\554\554_2.bmp,553,553,553,0.734951376914978,552,0.021931657567620277,0.7130197193473577,553|552|164|584|221,0.73495138|0.02193166|0.01309495|0.00983529|0.00581624,1,0.734951376914978,True,553,0.734951376914978,True,553,0.8480286002159119,True,553,0.8277097344398499,True,553,0.7632375359535217,True,c12_correct
554,555,555_8.bmp,preprocessed_results\555\555_8.bmp,554,554,554,0.8975816965103149,555,0.007275481708347797,0.8903062148019671,554|555|347|600|551,0.89758170|0.00727548|0.00511704|0.00302117|0.00285150,1,0.8975816965103149,True,554,0.8975816965103149,True,554,0.8374891877174377,True,554,0.8094587326049805,True,554,0.798941969871521,True,c12_correct
555,556,556_3.bmp,preprocessed_results\556\556_3.bmp,555,555,555,0.9720833897590637,554,0.003838395467028022,0.9682449942920357,555|554|504|800|30,0.97208339|0.00383840|0.00202073|0.00066465|0.00065625,1,0.9720833897590637,True,555,0.9720833897590637,True,555,0.9200707674026489,True,555,0.842933177947998,True,555,0.8176687359809875,True,c12_correct
556,557,557_8.bmp,preprocessed_results\557\557_8.bmp,556,556,556,0.9387959241867065,454,0.0031890745740383863,0.9356068496126682,556|454|557|359|258,0.93879592|0.00318907|0.00243500|0.00115478|0.00114043,1,0.9387959241867065,True,556,0.9387959241867065,True,556,0.8734621405601501,True,556,0.8128315806388855,True,556,0.8671649098396301,True,c12_correct
557,558,558_8.bmp,preprocessed_results\558\558_8.bmp,557,557,557,0.9308627843856812,556,0.003930248785763979,0.9269325355999172,557|556|356|559|512,0.93086278|0.00393025|0.00164304|0.00155831|0.00130957,1,0.9308627843856812,True,557,0.9308627843856812,True,557,0.8359882831573486,True,557,0.8468859195709229,True,557,0.8355513215065002,True,c12_correct
558,559,559_7.bmp,preprocessed_results\559\559_7.bmp,558,558,558,0.9640389680862427,530,0.0021547069773077965,0.9618842611089349,558|530|514|435|534,0.96403897|0.00215471|0.00198623|0.00097382|0.00095735,1,0.9640389680862427,True,558,0.9640389680862427,True,558,0.8294911980628967,True,558,0.8262139558792114,True,558,0.8168430924415588,True,c12_correct
559,560,560_3.bmp,preprocessed_results\560\560_3.bmp,559,559,559,0.8919681310653687,479,0.012852286919951439,0.8791158441454172,559|479|557|475|541,0.89196813|0.01285229|0.00716850|0.00529282|0.00397374,1,0.8919681310653687,True,559,0.8919681310653687,True,559,0.8080613613128662,True,559,0.8404749035835266,True,559,0.7618443369865417,True,c12_correct
560,561,561_3.bmp,preprocessed_results\561\561_3.bmp,560,560,560,0.9555359482765198,577,0.0014040331589058042,0.954131915117614,560|577|677|138|559,0.95553595|0.00140403|0.00137590|0.00132319|0.00124228,1,0.9555359482765198,True,560,0.9555359482765198,True,560,0.844511866569519,True,560,0.8274595737457275,True,560,0.8677397966384888,True,c12_correct
561,562,562_7.bmp,preprocessed_results\562\562_7.bmp,561,561,561,0.9488238096237183,590,0.0017686753999441862,0.9470551342237741,561|590|247|560|648,0.94882381|0.00176868|0.00159556|0.00147000|0.00143290,1,0.9488238096237183,True,561,0.9488238096237183,True,561,0.8221206665039062,True,561,0.8221179842948914,True,561,0.8431116938591003,True,c12_correct
562,563,563_7.bmp,preprocessed_results\563\563_7.bmp,562,562,562,0.9369320869445801,563,0.003983379807323217,0.9329487071372569,562|563|549|485|561,0.93693209|0.00398338|0.00182967|0.00164964|0.00128141,1,0.9369320869445801,True,562,0.9369320869445801,True,562,0.8896483182907104,True,562,0.8021352887153625,True,562,0.8164016604423523,True,c12_correct
563,564,564_3.bmp,preprocessed_results\564\564_3.bmp,563,563,563,0.8981963992118835,562,0.005060098599642515,0.893136300612241,563|562|513|524|485,0.89819640|0.00506010|0.00487860|0.00198735|0.00182955,1,0.8981963992118835,True,563,0.8981963992118835,True,563,0.8333712816238403,True,563,0.8184922337532043,True,563,0.8542077541351318,True,c12_correct
564,565,565_9.bmp,preprocessed_results\565\565_9.bmp,564,564,564,0.9130718111991882,565,0.006279398687183857,0.9067924125120044,564|565|286|677|591,0.91307181|0.00627940|0.00394495|0.00198116|0.00151732,1,0.9130718111991882,True,564,0.9130718111991882,True,564,0.7058294415473938,True,564,0.8118752837181091,True,564,0.8225021362304688,True,c12_correct
565,566,566_7.bmp,preprocessed_results\566\566_7.bmp,565,565,565,0.923906683921814,564,0.0019471824634820223,0.9219595014583319,565|564|116|304|135,0.92390668|0.00194718|0.00175585|0.00138898|0.00111707,1,0.923906683921814,True,565,0.923906683921814,True,565,0.82013338804245,True,565,0.8045112490653992,True,565,0.7207930684089661,True,c12_correct
566,567,567_7.bmp,preprocessed_results\567\567_7.bmp,566,566,566,0.863913357257843,175,0.02232714556157589,0.8415862116962671,566|175|574|774|249,0.86391336|0.02232715|0.00427951|0.00400518|0.00336046,1,0.863913357257843,True,566,0.863913357257843,True,566,0.7641646265983582,True,566,0.810370147228241,True,566,0.7816810011863708,True,c12_correct
567,568,568_8.bmp,preprocessed_results\568\568_8.bmp,567,567,567,0.8453618288040161,566,0.015741940587759018,0.8296198882162571,567|566|662|141|434,0.84536183|0.01574194|0.01120738|0.00549165|0.00528594,1,0.8453618288040161,True,567,0.8453618288040161,True,567,0.891059160232544,True,567,0.8459230065345764,True,567,0.8694577813148499,True,c12_correct
568,569,569_5.bmp,preprocessed_results\569\569_5.bmp,568,568,568,0.7106528282165527,186,0.024448340758681297,0.6862044874578714,568|186|772|646|624,0.71065283|0.02444834|0.01192850|0.00827490|0.00701312,1,0.7106528282165527,True,568,0.7106528282165527,True,568,0.3284417688846588,True,568,0.8109583258628845,True,568,0.6579229235649109,True,c12_correct
569,570,570_9.bmp,preprocessed_results\570\570_9.bmp,569,569,569,0.9144226312637329,763,0.003425224684178829,0.9109974065795541,569|763|762|678|641,0.91442263|0.00342522|0.00291455|0.00172227|0.00133402,1,0.9144226312637329,True,569,0.9144226312637329,True,569,0.8762131333351135,True,569,0.8326850533485413,True,569,0.8026889562606812,True,c12_correct
570,571,571_5.bmp,preprocessed_results\571\571_5.bmp,570,570,570,0.8316279649734497,682,0.014739720150828362,0.8168882448226213,570|682|822|571|824,0.83162796|0.01473972|0.01307392|0.00898736|0.00429603,1,0.8316279649734497,True,570,0.8316279649734497,True,570,0.8145580291748047,True,570,0.8402755856513977,True,570,0.829820990562439,True,c12_correct
571,572,572_10.bmp,preprocessed_results\572\572_10.bmp,571,571,571,0.8284541964530945,570,0.0063316114246845245,0.82212258502841,571|570|682|651|683,0.82845420|0.00633161|0.00544065|0.00469233|0.00369972,1,0.8284541964530945,True,571,0.8284541964530945,True,571,0.7043437361717224,True,571,0.8432472944259644,True,571,0.6774974465370178,True,c12_correct
572,573,573_7.bmp,preprocessed_results\573\573_7.bmp,572,572,572,0.9351734519004822,780,0.0032578888349235058,0.9319155630655587,572|780|700|734|596,0.93517345|0.00325789|0.00269825|0.00182270|0.00151692,1,0.9351734519004822,True,572,0.9351734519004822,True,572,0.9032832384109497,True,572,0.8480008840560913,True,572,0.8271405696868896,True,c12_correct
573,574,574_4.bmp,preprocessed_results\574\574_4.bmp,573,573,573,0.9200754165649414,761,0.0022108356934040785,0.9178645808715373,573|761|656|569|784,0.92007542|0.00221084|0.00216746|0.00171936|0.00140173,1,0.9200754165649414,True,573,0.9200754165649414,True,573,0.8737680912017822,True,573,0.8598915338516235,True,573,0.8191491961479187,True,c12_correct
574,575,575_7.bmp,preprocessed_results\575\575_7.bmp,574,574,574,0.5702297687530518,600,0.0194911640137434,0.5507386047393084,574|600|705|740|704,0.57022977|0.01949116|0.01335066|0.00814928|0.00767224,1,0.5702297687530518,True,574,0.5702297687530518,True,574,0.6000933647155762,True,574,0.8483745455741882,True,574,0.6838150024414062,True,c12_correct
575,576,576_5.bmp,preprocessed_results\576\576_5.bmp,575,575,575,0.5651824474334717,165,0.054040003567934036,0.5111424438655376,575|165|326|712|704,0.56518245|0.05404000|0.02129010|0.01793078|0.00734171,1,0.5651824474334717,True,575,0.5651824474334717,True,575,0.4106456935405731,True,575,0.7709347009658813,True,575,0.3296733498573303,True,c12_correct
576,577,577_4.bmp,preprocessed_results\577\577_4.bmp,576,576,576,0.7828864455223083,577,0.06749230623245239,0.715394139289856,576|577|273|272|664,0.78288645|0.06749231|0.02265746|0.00611616|0.00565548,1,0.7828864455223083,True,576,0.7828864455223083,True,576,0.7005963325500488,True,576,0.8066973090171814,True,576,0.652164876461029,True,c12_correct
577,578,578_9.bmp,preprocessed_results\578\578_9.bmp,577,577,577,0.7586719393730164,576,0.060333408415317535,0.6983385309576988,577|576|649|635|743,0.75867194|0.06033341|0.02326678|0.01878339|0.00837630,1,0.7586719393730164,True,577,0.7586719393730164,True,577,0.486961305141449,True,577,0.8196503520011902,True,577,0.7975424528121948,True,c12_correct
578,579,579_10.bmp,preprocessed_results\579\579_10.bmp,578,578,578,0.9573057293891907,272,0.001202322426252067,0.9561034069629386,578|272|579|275|274,0.95730573|0.00120232|0.00112579|0.00103436|0.00095727,1,0.9573057293891907,True,578,0.9573057293891907,True,578,0.8128853440284729,True,578,0.8431575894355774,True,578,0.8384861350059509,True,c12_correct
579,580,580_4.bmp,preprocessed_results\580\580_4.bmp,579,579,579,0.7308256030082703,143,0.025415631011128426,0.7054099719971418,579|143|793|225|564,0.73082560|0.02541563|0.01266273|0.00871968|0.00815013,1,0.7308256030082703,True,579,0.7308256030082703,True,579,0.6658768057823181,True,579,0.7939478754997253,True,579,0.7486945986747742,True,c12_correct
580,581,581_2.bmp,preprocessed_results\581\581_2.bmp,580,580,580,0.9471552968025208,730,0.002318265615031123,0.9448370311874896,580|730|581|704|335,0.94715530|0.00231827|0.00133695|0.00124721|0.00100612,1,0.9471552968025208,True,580,0.9471552968025208,True,580,0.9284958243370056,True,580,0.8277145624160767,True,580,0.8693168759346008,True,c12_correct
581,582,582_6.bmp,preprocessed_results\582\582_6.bmp,581,581,581,0.9123738408088684,580,0.004502435680478811,0.9078714051283896,581|580|670|829|777,0.91237384|0.00450244|0.00339493|0.00323689|0.00261595,1,0.9123738408088684,True,581,0.9123738408088684,True,581,0.8728988766670227,True,581,0.8266555070877075,True,581,0.8007642030715942,True,c12_correct
582,583,583_8.bmp,preprocessed_results\583\583_8.bmp,582,582,582,0.8587440848350525,615,0.009229893796145916,0.8495141910389066,582|615|640|583|143,0.85874408|0.00922989|0.00912103|0.00600984|0.00598670,1,0.8587440848350525,True,582,0.8587440848350525,True,582,0.7595785856246948,True,582,0.8471682071685791,True,582,0.6714209318161011,True,c12_correct
583,584,584_4.bmp,preprocessed_results\584\584_4.bmp,583,583,583,0.7993039488792419,582,0.024174530059099197,0.7751294188201427,583|582|717|597|640,0.79930395|0.02417453|0.00613590|0.00435896|0.00409050,1,0.7993039488792419,True,583,0.7993039488792419,True,583,0.6009465456008911,True,583,0.8454543352127075,True,583,0.7781446576118469,True,c12_correct
584,585,585_1.bmp,preprocessed_results\585\585_1.bmp,584,584,584,0.8358321785926819,832,0.015603423118591309,0.8202287554740906,584|832|706|438|606,0.83583218|0.01560342|0.00388334|0.00368163|0.00368058,1,0.8358321785926819,True,584,0.8358321785926819,True,584,0.7324533462524414,True,584,0.8085829019546509,True,584,0.7725411653518677,True,c12_correct
585,586,586_8.bmp,preprocessed_results\586\586_8.bmp,585,585,585,0.8744845986366272,730,0.005226409062743187,0.869258189573884,585|730|679|584|595,0.87448460|0.00522641|0.00456591|0.00445924|0.00230237,1,0.8744845986366272,True,585,0.8744845986366272,True,585,0.8758999705314636,True,585,0.8405324220657349,True,585,0.853384792804718,True,c12_correct
586,587,587_8.bmp,preprocessed_results\587\587_8.bmp,586,586,586,0.8843265175819397,587,0.012149868533015251,0.8721766490489244,586|587|693|594|761,0.88432652|0.01214987|0.00508510|0.00323195|0.00265497,1,0.8843265175819397,True,586,0.8843265175819397,True,586,0.7731673717498779,True,586,0.834930419921875,True,586,0.8065755367279053,True,c12_correct
587,588,588_4.bmp,preprocessed_results\588\588_4.bmp,587,587,587,0.9460042715072632,721,0.003090750891715288,0.9429135206155479,587|721|576|744|691,0.94600427|0.00309075|0.00235811|0.00146678|0.00117117,1,0.9460042715072632,True,587,0.9460042715072632,True,587,0.8325669169425964,True,587,0.8259183168411255,True,587,0.8950766324996948,True,c12_correct
588,589,589_5.bmp,preprocessed_results\589\589_5.bmp,588,588,588,0.8606950044631958,788,0.0033550530206412077,0.8573399514425546,588|788|575|730|806,0.86069500|0.00335505|0.00198645|0.00196044|0.00179371,1,0.8606950044631958,True,588,0.8606950044631958,True,588,0.838396430015564,True,588,0.8360456824302673,True,588,0.7844556570053101,True,c12_correct
589,590,590_6.bmp,preprocessed_results\590\590_6.bmp,589,589,589,0.9498578906059265,763,0.002590293763205409,0.9472675968427211,589|763|713|588|715,0.94985789|0.00259029|0.00208919|0.00128478|0.00124386,1,0.9498578906059265,True,589,0.9498578906059265,True,589,0.8990544080734253,True,589,0.8296301960945129,True,589,0.8656368255615234,True,c12_correct
590,591,591_8.bmp,preprocessed_results\591\591_8.bmp,590,590,590,0.918122410774231,644,0.007972732186317444,0.9101496785879135,590|644|591|691|561,0.91812241|0.00797273|0.00743515|0.00507553|0.00369402,1,0.918122410774231,True,590,0.918122410774231,True,590,0.8320532441139221,True,590,0.8213177919387817,True,590,0.8012827038764954,True,c12_correct
591,592,592_10.bmp,preprocessed_results\592\592_10.bmp,591,591,591,0.9593621492385864,590,0.006022774614393711,0.9533393746241927,591|590|684|792|124,0.95936215|0.00602277|0.00116379|0.00113586|0.00109020,1,0.9593621492385864,True,591,0.9593621492385864,True,591,0.8048316240310669,True,591,0.8026928901672363,True,591,0.7980667948722839,True,c12_correct
592,593,593_6.bmp,preprocessed_results\593\593_6.bmp,592,592,592,0.5918698310852051,823,0.020388567820191383,0.5714812632650137,592|823|706|593|787,0.59186983|0.02038857|0.01134993|0.01080837|0.00556629,1,0.5918698310852051,True,592,0.5918698310852051,True,592,0.6329646110534668,True,592,0.8152289390563965,True,592,0.5561684370040894,True,c12_correct
593,594,594_9.bmp,preprocessed_results\594\594_9.bmp,593,593,593,0.877656102180481,592,0.006210107821971178,0.8714459943585098,593|592|674|638|786,0.87765610|0.00621011|0.00300607|0.00271105|0.00244360,1,0.877656102180481,True,593,0.877656102180481,True,593,0.8596174716949463,True,593,0.8215174078941345,True,593,0.8312087655067444,True,c12_correct
594,595,595_2.bmp,preprocessed_results\595\595_2.bmp,594,594,768,0.23748815059661865,594,0.04641800373792648,0.19107014685869217,768|594|807|297|740,0.23748815|0.04641800|0.03536444|0.02983378|0.01908542,2,0.04641800373792648,True,768,0.23748815059661865,False,594,0.1351948380470276,True,594,0.5024271607398987,True,594,0.041368599981069565,True,teacher_all_correct;true_in_top5
595,596,596_1.bmp,preprocessed_results\596\596_1.bmp,595,595,595,0.9420676231384277,594,0.00546959787607193,0.9365980252623558,595|594|623|726|762,0.94206762|0.00546960|0.00234493|0.00181737|0.00161119,1,0.9420676231384277,True,595,0.9420676231384277,True,595,0.8340688943862915,True,595,0.811821460723877,True,595,0.7921245098114014,True,c12_correct
596,597,597_4.bmp,preprocessed_results\597\597_4.bmp,596,596,596,0.809842586517334,612,0.02624434046447277,0.7835982460528612,596|612|613|799|607,0.80984259|0.02624434|0.00534250|0.00511493|0.00494277,1,0.809842586517334,True,596,0.809842586517334,True,596,0.8494617342948914,True,596,0.8299543261528015,True,596,0.8173383474349976,True,c12_correct
597,598,598_1.bmp,preprocessed_results\598\598_1.bmp,597,597,597,0.5961766839027405,585,0.020114928483963013,0.5760617554187775,597|585|791|792|829,0.59617668|0.02011493|0.01705877|0.01596529|0.01585717,1,0.5961766839027405,True,597,0.5961766839027405,True,597,0.8094093799591064,True,597,0.8379803895950317,True,597,0.6959353089332581,True,c12_correct
598,599,599_6.bmp,preprocessed_results\599\599_6.bmp,598,598,598,0.8708996176719666,599,0.021787498146295547,0.849112119525671,598|599|634|743|504,0.87089962|0.02178750|0.00460325|0.00452023|0.00336129,1,0.8708996176719666,True,598,0.8708996176719666,True,598,0.7206870317459106,True,598,0.8373162150382996,True,598,0.6950010061264038,True,c12_correct
599,600,600_1.bmp,preprocessed_results\600\600_1.bmp,599,599,599,0.53582364320755,598,0.08065884560346603,0.455164797604084,599|598|635|577|102,0.53582364|0.08065885|0.02591957|0.00819833|0.00689175,1,0.53582364320755,True,599,0.53582364320755,True,599,0.5601286888122559,True,599,0.8072377443313599,True,599,0.714825451374054,True,c12_correct
600,601,601_4.bmp,preprocessed_results\601\601_4.bmp,600,600,600,0.8913174867630005,653,0.007421170827001333,0.8838963159359992,600|653|641|675|652,0.89131749|0.00742117|0.00607197|0.00347382|0.00263384,1,0.8913174867630005,True,600,0.8913174867630005,True,600,0.702908456325531,True,600,0.8082936406135559,True,600,0.7221542596817017,True,c12_correct
601,602,602_4.bmp,preprocessed_results\602\602_4.bmp,601,601,601,0.9359544515609741,814,0.003097027773037553,0.9328574237879366,601|814|600|789|641,0.93595445|0.00309703|0.00228145|0.00194500|0.00185254,1,0.9359544515609741,True,601,0.9359544515609741,True,601,0.8022288084030151,True,601,0.8422353267669678,True,601,0.8066268563270569,True,c12_correct
602,603,603_5.bmp,preprocessed_results\603\603_5.bmp,602,602,602,0.5847728848457336,603,0.02318795584142208,0.5615849290043116,602|603|238|585|622,0.58477288|0.02318796|0.01301931|0.00941908|0.00541144,1,0.5847728848457336,True,602,0.5847728848457336,True,602,0.637692928314209,True,602,0.8323687314987183,True,602,0.6936464309692383,True,c12_correct
603,604,604_1.bmp,preprocessed_results\604\604_1.bmp,603,603,603,0.798534095287323,378,0.004458269570022821,0.7940758257173002,603|378|288|674|314,0.79853410|0.00445827|0.00357319|0.00354867|0.00316751,1,0.798534095287323,True,603,0.798534095287323,True,603,0.8316977024078369,True,603,0.8260597586631775,True,603,0.7750232815742493,True,c12_correct
604,605,605_2.bmp,preprocessed_results\605\605_2.bmp,604,604,604,0.8645532727241516,605,0.025005895644426346,0.8395473770797253,604|605|644|726|678,0.86455327|0.02500590|0.00659235|0.00305115|0.00291214,1,0.8645532727241516,True,604,0.8645532727241516,True,604,0.898590087890625,True,604,0.8196991086006165,True,604,0.8681185841560364,True,c12_correct
605,606,606_2.bmp,preprocessed_results\606\606_2.bmp,605,605,605,0.7608316540718079,604,0.016301454976201057,0.7445301990956068,605|604|451|246|103,0.76083165|0.01630145|0.00616726|0.00508713|0.00425364,1,0.7608316540718079,True,605,0.7608316540718079,True,605,0.5807172656059265,True,605,0.840211033821106,True,605,0.7095798850059509,True,c12_correct
606,607,607_7.bmp,preprocessed_results\607\607_7.bmp,606,606,606,0.8928257822990417,832,0.008382527157664299,0.8844432551413774,606|832|279|584|678,0.89282578|0.00838253|0.00521047|0.00458755|0.00441705,1,0.8928257822990417,True,606,0.8928257822990417,True,606,0.808849573135376,True,606,0.8225315809249878,True,606,0.7336457371711731,True,c12_correct
607,608,608_7.bmp,preprocessed_results\608\608_7.bmp,607,607,607,0.926520586013794,792,0.0027021653950214386,0.9238184206187725,607|792|647|706|791,0.92652059|0.00270217|0.00248361|0.00187254|0.00166066,1,0.926520586013794,True,607,0.926520586013794,True,607,0.8555631041526794,True,607,0.7839940786361694,True,607,0.8409034609794617,True,c12_correct
608,609,609_8.bmp,preprocessed_results\609\609_8.bmp,608,608,608,0.8703045845031738,609,0.046098701655864716,0.8242058828473091,608|609|813|802|138,0.87030458|0.04609870|0.00722652|0.00288270|0.00194535,1,0.8703045845031738,True,608,0.8703045845031738,True,608,0.9104138612747192,True,608,0.8216097354888916,True,608,0.8106690645217896,True,c12_correct
609,610,610_7.bmp,preprocessed_results\610\610_7.bmp,609,609,609,0.8226473927497864,608,0.038478683680295944,0.7841687090694904,609|608|813|734|594,0.82264739|0.03847868|0.00885678|0.00435173|0.00357747,1,0.8226473927497864,True,609,0.8226473927497864,True,609,0.4277072548866272,True,609,0.827454686164856,True,609,0.8200046420097351,True,c12_correct
610,611,611_2.bmp,preprocessed_results\611\611_2.bmp,610,610,610,0.4054705500602722,646,0.012801640667021275,0.39266890939325094,610|646|295|742|690,0.40547055|0.01280164|0.01067288|0.01028496|0.00996907,1,0.4054705500602722,True,610,0.4054705500602722,True,610,0.3709578514099121,True,610,0.7673488855361938,True,610,0.4211404025554657,True,c12_correct
611,612,612_8.bmp,preprocessed_results\612\612_8.bmp,611,611,611,0.9311109185218811,610,0.007091875653713942,0.9240190428681672,611|610|601|681|671,0.93111092|0.00709188|0.00321318|0.00146608|0.00126449,1,0.9311109185218811,True,611,0.9311109185218811,True,611,0.8876060843467712,True,611,0.8179609179496765,True,611,0.8912956118583679,True,c12_correct
612,613,613_5.bmp,preprocessed_results\613\613_5.bmp,612,612,612,0.754125714302063,755,0.017891010269522667,0.7362347040325403,612|755|303|656|726,0.75412571|0.01789101|0.01643099|0.00974708|0.00462219,1,0.754125714302063,True,612,0.754125714302063,True,612,0.30603092908859253,True,612,0.792716920375824,True,612,0.605542004108429,True,c12_correct
613,614,614_2.bmp,preprocessed_results\614\614_2.bmp,613,613,613,0.9234873056411743,607,0.013558431528508663,0.9099288741126657,613|607|785|793|612,0.92348731|0.01355843|0.00290731|0.00197118|0.00185731,1,0.9234873056411743,True,613,0.9234873056411743,True,613,0.7792367935180664,True,613,0.8169025182723999,True,613,0.7798118591308594,True,c12_correct
614,615,615_7.bmp,preprocessed_results\615\615_7.bmp,614,614,614,0.6709541082382202,615,0.07299019396305084,0.5979639142751694,614|615|438|623|712,0.67095411|0.07299019|0.01422294|0.00996236|0.00745386,1,0.6709541082382202,True,614,0.6709541082382202,True,614,0.28471139073371887,True,614,0.8083599805831909,True,614,0.46218010783195496,True,c12_correct
615,616,616_7.bmp,preprocessed_results\616\616_7.bmp,615,615,615,0.8857734799385071,614,0.014701543375849724,0.8710719365626574,615|614|582|706|314,0.88577348|0.01470154|0.00428966|0.00199154|0.00155055,1,0.8857734799385071,True,615,0.8857734799385071,True,615,0.818782389163971,True,615,0.8276355266571045,True,615,0.693838894367218,True,c12_correct
616,617,617_5.bmp,preprocessed_results\617\617_5.bmp,616,616,616,0.6209341287612915,617,0.017621610313653946,0.6033125184476376,616|617|802|541|608,0.62093413|0.01762161|0.01732844|0.01499686|0.00888732,1,0.6209341287612915,True,616,0.6209341287612915,True,616,0.4340938329696655,True,616,0.7842610478401184,True,616,0.5446008443832397,True,c12_correct
617,618,618_8.bmp,preprocessed_results\618\618_8.bmp,617,617,617,0.7443864941596985,758,0.011053311638534069,0.7333331825211644,617|758|756|616|673,0.74438649|0.01105331|0.00804218|0.00765457|0.00703896,1,0.7443864941596985,True,617,0.7443864941596985,True,617,0.6538663506507874,True,617,0.7917538285255432,True,617,0.6308088898658752,True,c12_correct
618,619,619_8.bmp,preprocessed_results\619\619_8.bmp,618,618,618,0.8041878342628479,648,0.01281905360519886,0.791368780657649,618|648|750|560|598,0.80418783|0.01281905|0.01115859|0.00747244|0.00717475,1,0.8041878342628479,True,618,0.8041878342628479,True,618,0.8699744939804077,True,618,0.8300392031669617,True,618,0.811296284198761,True,c12_correct
619,620,620_9.bmp,preprocessed_results\620\620_9.bmp,619,619,619,0.9366359710693359,803,0.0034159414935857058,0.9332200295757502,619|803|583|565|597,0.93663597|0.00341594|0.00308428|0.00282807|0.00181312,1,0.9366359710693359,True,619,0.9366359710693359,True,619,0.9164095520973206,True,619,0.8396556973457336,True,619,0.8786786794662476,True,c12_correct
620,621,621_8.bmp,preprocessed_results\621\621_8.bmp,620,620,620,0.8843812942504883,737,0.003403067123144865,0.8809782271273434,620|737|287|765|830,0.88438129|0.00340307|0.00317773|0.00308940|0.00299446,1,0.8843812942504883,True,620,0.8843812942504883,True,620,0.6989827156066895,True,620,0.8205710053443909,True,620,0.8061519861221313,True,c12_correct
621,622,622_8.bmp,preprocessed_results\622\622_8.bmp,621,621,621,0.9483188986778259,613,0.002055512275546789,0.9462633864022791,621|613|819|15|757,0.94831890|0.00205551|0.00164124|0.00159553|0.00153202,1,0.9483188986778259,True,621,0.9483188986778259,True,621,0.8494077920913696,True,621,0.8268380165100098,True,621,0.8445371985435486,True,c12_correct
622,623,623_9.bmp,preprocessed_results\623\623_9.bmp,622,622,622,0.1441115140914917,181,0.07310164719820023,0.07100986689329147,622|181|198|632|302,0.14411151|0.07310165|0.03581021|0.02564676|0.02326241,1,0.1441115140914917,True,622,0.1441115140914917,True,622,0.023671835660934448,True,622,0.6581400036811829,True,622,0.10168912261724472,True,c12_correct
623,624,624_6.bmp,preprocessed_results\624\624_6.bmp,623,623,623,0.8882212042808533,815,0.01069855410605669,0.8775226501747966,623|815|731|745|597,0.88822120|0.01069855|0.01022989|0.00363290|0.00282190,1,0.8882212042808533,True,623,0.8882212042808533,True,623,0.27208808064460754,True,623,0.8195009827613831,True,623,0.7239165306091309,True,c12_correct
624,625,625_4.bmp,preprocessed_results\625\625_4.bmp,624,624,624,0.7061049938201904,676,0.015938904136419296,0.6901660896837711,624|676|828|186|706,0.70610499|0.01593890|0.01283333|0.01056536|0.00801805,1,0.7061049938201904,True,624,0.7061049938201904,True,624,0.6685619950294495,True,624,0.8169474005699158,True,624,0.6100174784660339,True,c12_correct
625,626,626_10.bmp,preprocessed_results\626\626_10.bmp,625,625,625,0.7845616936683655,665,0.004192985128611326,0.7803687085397542,625|665|656|792|777,0.78456169|0.00419299|0.00412544|0.00344621|0.00331808,1,0.7845616936683655,True,625,0.7845616936683655,True,625,0.6291863322257996,True,625,0.8303066492080688,True,625,0.7000053524971008,True,c12_correct
626,627,627_3.bmp,preprocessed_results\627\627_3.bmp,626,626,626,0.8420581221580505,726,0.014715010300278664,0.8273431118577719,626|726|734|627|595,0.84205812|0.01471501|0.00473177|0.00378346|0.00376167,1,0.8420581221580505,True,626,0.8420581221580505,True,626,0.5901753902435303,True,626,0.8347569704055786,True,626,0.7940283417701721,True,c12_correct
627,628,628_5.bmp,preprocessed_results\628\628_5.bmp,627,627,627,0.8658313751220703,626,0.012579360976815224,0.8532520141452551,627|626|753|770|807,0.86583138|0.01257936|0.00567710|0.00200360|0.00165167,1,0.8658313751220703,True,627,0.8658313751220703,True,627,0.8968281745910645,True,627,0.8485985398292542,True,627,0.8010682463645935,True,c12_correct
628,629,629_1.bmp,preprocessed_results\629\629_1.bmp,628,628,628,0.7442432641983032,629,0.14472746849060059,0.5995157957077026,628|629|812|31|649,0.74424326|0.14472747|0.00743861|0.00500919|0.00419028,1,0.7442432641983032,True,628,0.7442432641983032,True,628,0.8888077735900879,True,628,0.8408412337303162,True,628,0.749374270439148,True,c12_correct
629,630,630_10.bmp,preprocessed_results\630\630_10.bmp,629,629,629,0.9150332808494568,628,0.006485092919319868,0.9085481879301369,629|628|6|601|812,0.91503328|0.00648509|0.00369534|0.00218024|0.00199514,1,0.9150332808494568,True,629,0.9150332808494568,True,629,0.8557741641998291,True,629,0.825927197933197,True,629,0.7697530388832092,True,c12_correct
630,631,631_5.bmp,preprocessed_results\631\631_5.bmp,630,630,630,0.8853979110717773,801,0.00504991365596652,0.8803479974158108,630|801|688|649|636,0.88539791|0.00504991|0.00367475|0.00280647|0.00263718,1,0.8853979110717773,True,630,0.8853979110717773,True,630,0.7907403707504272,True,630,0.8087314963340759,True,630,0.6561229825019836,True,c12_correct
631,632,632_7.bmp,preprocessed_results\632\632_7.bmp,631,631,631,0.5730291604995728,681,0.09166591614484787,0.4813632443547249,631|681|512|630|721,0.57302916|0.09166592|0.04055793|0.03414723|0.01650067,1,0.5730291604995728,True,631,0.5730291604995728,True,631,0.28559058904647827,True,631,0.6269147396087646,True,631,0.30591651797294617,True,c12_correct
632,633,633_5.bmp,preprocessed_results\633\633_5.bmp,632,632,632,0.880416989326477,501,0.0056580896489322186,0.8747588996775448,632|501|170|642|818,0.88041699|0.00565809|0.00496943|0.00273228|0.00261968,1,0.880416989326477,True,632,0.880416989326477,True,632,0.7804486155509949,True,632,0.8148478269577026,True,632,0.7747930884361267,True,c12_correct
633,634,634_6.bmp,preprocessed_results\634\634_6.bmp,633,633,633,0.9539249539375305,819,0.0039717392064630985,0.9499532147310674,633|819|162|709|803,0.95392495|0.00397174|0.00110252|0.00082353|0.00077101,1,0.9539249539375305,True,633,0.9539249539375305,True,633,0.8500492572784424,True,633,0.8421072959899902,True,633,0.8671535849571228,True,c12_correct
634,635,635_7.bmp,preprocessed_results\635\635_7.bmp,634,634,634,0.9661526679992676,635,0.002672858303412795,0.9634798096958548,634|635|271|677|270,0.96615267|0.00267286|0.00157868|0.00119562|0.00117593,1,0.9661526679992676,True,634,0.9661526679992676,True,634,0.8750883340835571,True,634,0.8179458975791931,True,634,0.8784717321395874,True,c12_correct
635,636,636_4.bmp,preprocessed_results\636\636_4.bmp,635,635,635,0.9324890375137329,720,0.0025160147342830896,0.9299730227794498,635|720|641|805|814,0.93248904|0.00251601|0.00217754|0.00182595|0.00174784,1,0.9324890375137329,True,635,0.9324890375137329,True,635,0.34251144528388977,True,635,0.7981862425804138,True,635,0.6458693742752075,True,c12_correct
636,637,637_6.bmp,preprocessed_results\637\637_6.bmp,636,636,636,0.5649352073669434,630,0.04383787512779236,0.521097332239151,636|630|708|637|688,0.56493521|0.04383788|0.03872968|0.03086385|0.02021546,1,0.5649352073669434,True,636,0.5649352073669434,True,636,0.3811275064945221,True,636,0.7207691669464111,True,636,0.3900849223136902,True,c12_correct
637,638,638_5.bmp,preprocessed_results\638\638_5.bmp,637,637,637,0.699057400226593,636,0.037088457494974136,0.6619689427316189,637|636|474|560|681,0.69905740|0.03708846|0.01707597|0.00500418|0.00451285,1,0.699057400226593,True,637,0.699057400226593,True,637,0.5954379439353943,True,637,0.8297706842422485,True,637,0.6080052852630615,True,c12_correct
638,639,639_2.bmp,preprocessed_results\639\639_2.bmp,638,638,638,0.9266847372055054,639,0.008604837581515312,0.9180798996239901,638|639|740|821|762,0.92668474|0.00860484|0.00276729|0.00114153|0.00107398,1,0.9266847372055054,True,638,0.9266847372055054,True,638,0.8092776536941528,True,638,0.8303149342536926,True,638,0.8251897096633911,True,c12_correct
639,640,640_5.bmp,preprocessed_results\640\640_5.bmp,639,639,639,0.922939658164978,741,0.006564083509147167,0.9163755746558309,639|741|638|739|114,0.92293966|0.00656408|0.00618547|0.00157836|0.00127593,1,0.922939658164978,True,639,0.922939658164978,True,639,0.8479583859443665,True,639,0.831378698348999,True,639,0.7896431088447571,True,c12_correct
640,641,641_3.bmp,preprocessed_results\641\641_3.bmp,640,640,640,0.80776447057724,804,0.043109722435474396,0.7646547481417656,640|804|666|648|641,0.80776447|0.04310972|0.01192655|0.01119382|0.00523466,1,0.80776447057724,True,640,0.80776447057724,True,640,0.48953163623809814,True,640,0.7389493584632874,True,640,0.615608811378479,True,c12_correct
641,642,642_6.bmp,preprocessed_results\642\642_6.bmp,641,641,641,0.8812443614006042,805,0.015598656609654427,0.8656457047909498,641|805|814|648|667,0.88124436|0.01559866|0.00518767|0.00406238|0.00191265,1,0.8812443614006042,True,641,0.8812443614006042,True,641,0.5348408818244934,True,641,0.7617475986480713,True,641,0.6499571800231934,True,c12_correct
642,643,643_1.bmp,preprocessed_results\643\643_1.bmp,642,642,642,0.8985166549682617,620,0.005489876959472895,0.8930267780087888,642|620|643|698|570,0.89851665|0.00548988|0.00394456|0.00196766|0.00159037,1,0.8985166549682617,True,642,0.8985166549682617,True,642,0.8334652185440063,True,642,0.8592438697814941,True,642,0.844412624835968,True,c12_correct
643,644,644_4.bmp,preprocessed_results\644\644_4.bmp,643,643,643,0.8454334735870361,667,0.016465581953525543,0.8289678916335106,643|667|741|686|642,0.84543347|0.01646558|0.00763961|0.00698508|0.00576682,1,0.8454334735870361,True,643,0.8454334735870361,True,643,0.757024884223938,True,643,0.8212904334068298,True,643,0.7109177708625793,True,c12_correct
644,645,645_2.bmp,preprocessed_results\645\645_2.bmp,644,644,644,0.8912907242774963,590,0.011136651039123535,0.8801540732383728,644|590|604|618|332,0.89129072|0.01113665|0.00699065|0.00546715|0.00528249,1,0.8912907242774963,True,644,0.8912907242774963,True,644,0.740349531173706,True,644,0.8282961249351501,True,644,0.7284954190254211,True,c12_correct
645,646,646_5.bmp,preprocessed_results\646\646_5.bmp,645,645,645,0.9299070835113525,475,0.004404268693178892,0.9255028148181736,645|475|644|604|356,0.92990708|0.00440427|0.00308541|0.00290758|0.00279769,1,0.9299070835113525,True,645,0.9299070835113525,True,645,0.7541916370391846,True,645,0.8337938189506531,True,645,0.8159314393997192,True,c12_correct
646,647,647_5.bmp,preprocessed_results\647\647_5.bmp,646,646,646,0.9688027501106262,568,0.002680291887372732,0.9661224582232535,646|568|438|694|732,0.96880275|0.00268029|0.00142078|0.00123862|0.00100792,1,0.9688027501106262,True,646,0.9688027501106262,True,646,0.8776431679725647,True,646,0.8447206020355225,True,646,0.831527054309845,True,c12_correct
647,648,648_8.bmp,preprocessed_results\648\648_8.bmp,647,647,647,0.959621787071228,333,0.002060279017314315,0.9575615080539137,647|333|272|327|607,0.95962179|0.00206028|0.00146834|0.00079136|0.00077556,1,0.959621787071228,True,647,0.959621787071228,True,647,0.8684585690498352,True,647,0.8317281603813171,True,647,0.7524805068969727,True,c12_correct
648,649,649_8.bmp,preprocessed_results\649\649_8.bmp,648,648,648,0.11640620231628418,635,0.06097922474145889,0.05542697757482529,648|635|666|649|667,0.11640620|0.06097922|0.05543563|0.03785174|0.03284294,1,0.11640620231628418,True,648,0.11640620231628418,True,648,0.11128096282482147,True,648,0.7768216729164124,True,648,0.1880190223455429,True,c12_correct
649,650,650_7.bmp,preprocessed_results\650\650_7.bmp,649,649,649,0.8040705323219299,689,0.02104536071419716,0.7830251716077328,649|689|721|635|743,0.80407053|0.02104536|0.00988647|0.00856240|0.00814860,1,0.8040705323219299,True,649,0.8040705323219299,True,649,0.7068547010421753,True,649,0.8300508856773376,True,649,0.7391310334205627,True,c12_correct
650,651,651_8.bmp,preprocessed_results\651\651_8.bmp,650,650,650,0.8842321038246155,651,0.00516484584659338,0.8790672579780221,650|651|696|596|830,0.88423210|0.00516485|0.00312073|0.00256661|0.00198465,1,0.8842321038246155,True,650,0.8842321038246155,True,650,0.7359526753425598,True,650,0.8402119278907776,True,650,0.7608921527862549,True,c12_correct
651,652,652_8.bmp,preprocessed_results\652\652_8.bmp,651,651,651,0.940595805644989,650,0.00384815433062613,0.9367476513143629,651|650|812|813|632,0.94059581|0.00384815|0.00140004|0.00135450|0.00122533,1,0.940595805644989,True,651,0.940595805644989,True,651,0.9092772006988525,True,651,0.8375067114830017,True,651,0.8474342226982117,True,c12_correct
652,653,653_6.bmp,preprocessed_results\653\653_6.bmp,652,652,652,0.9092848896980286,653,0.005938823334872723,0.9033460663631558,652|653|803|833|725,0.90928489|0.00593882|0.00174630|0.00156135|0.00155613,1,0.9092848896980286,True,652,0.9092848896980286,True,652,0.8050265312194824,True,652,0.8557862043380737,True,652,0.8084131479263306,True,c12_correct
653,654,654_2.bmp,preprocessed_results\654\654_2.bmp,653,653,653,0.9416310787200928,652,0.008977278135716915,0.9326538005843759,653|652|641|681|589,0.94163108|0.00897728|0.00176643|0.00114964|0.00108154,1,0.9416310787200928,True,653,0.9416310787200928,True,653,0.8893001079559326,True,653,0.8034396171569824,True,653,0.8083924055099487,True,c12_correct
654,655,655_9.bmp,preprocessed_results\655\655_9.bmp,654,654,654,0.9545337557792664,732,0.00123254070058465,0.9533012150786817,654|732|716|599|667,0.95453376|0.00123254|0.00116321|0.00086419|0.00079457,1,0.9545337557792664,True,654,0.9545337557792664,True,654,0.9074268937110901,True,654,0.8469024896621704,True,654,0.8431201577186584,True,c12_correct
655,656,656_2.bmp,preprocessed_results\656\656_2.bmp,655,655,655,0.8748196363449097,587,0.0045267511159181595,0.8702928852289915,655|587|692|767|130,0.87481964|0.00452675|0.00441740|0.00304472|0.00274745,1,0.8748196363449097,True,655,0.8748196363449097,True,655,0.861706018447876,True,655,0.8345526456832886,True,655,0.7915332913398743,True,c12_correct
656,657,657_7.bmp,preprocessed_results\657\657_7.bmp,656,656,656,0.9212940335273743,712,0.004450487904250622,0.9168435456231236,656|712|612|740|618,0.92129403|0.00445049|0.00223166|0.00213583|0.00159681,1,0.9212940335273743,True,656,0.9212940335273743,True,656,0.8960912823677063,True,656,0.8378342986106873,True,656,0.8541589379310608,True,c12_correct
657,658,658_6.bmp,preprocessed_results\658\658_6.bmp,657,657,657,0.4887215793132782,792,0.06264587491750717,0.426075704395771,657|792|696|793|719,0.48872158|0.06264587|0.01947244|0.01906224|0.01378998,1,0.4887215793132782,True,657,0.4887215793132782,True,657,0.38508695363998413,True,657,0.8212250471115112,True,657,0.5697774887084961,True,c12_correct
658,659,659_5.bmp,preprocessed_results\659\659_5.bmp,658,658,658,0.9308938980102539,729,0.004073994234204292,0.9268199037760496,658|729|694|728|287,0.93089390|0.00407399|0.00299854|0.00158043|0.00154196,1,0.9308938980102539,True,658,0.9308938980102539,True,658,0.7804256677627563,True,658,0.84274822473526,True,658,0.7636809945106506,True,c12_correct
659,660,660_6.bmp,preprocessed_results\660\660_6.bmp,659,659,659,0.9005324244499207,708,0.004938812926411629,0.895593611523509,659|708|587|712|600,0.90053242|0.00493881|0.00482739|0.00420721|0.00417376,1,0.9005324244499207,True,659,0.9005324244499207,True,659,0.8799626231193542,True,659,0.8294431567192078,True,659,0.8062250018119812,True,c12_correct
660,661,661_8.bmp,preprocessed_results\661\661_8.bmp,660,660,660,0.9288095831871033,736,0.004360863473266363,0.9244487197138369,660|736|830|261|822,0.92880958|0.00436086|0.00353174|0.00318036|0.00271602,1,0.9288095831871033,True,660,0.9288095831871033,True,660,0.7146506905555725,True,660,0.8423738479614258,True,660,0.7999226450920105,True,c12_correct
661,662,662_3.bmp,preprocessed_results\662\662_3.bmp,661,661,661,0.756395697593689,759,0.014431610703468323,0.7419640868902206,661|759|735|291|290,0.75639570|0.01443161|0.00893912|0.00875001|0.00751896,1,0.756395697593689,True,661,0.756395697593689,True,661,0.7410330772399902,True,661,0.7986645102500916,True,661,0.7257075309753418,True,c12_correct
662,663,663_4.bmp,preprocessed_results\663\663_4.bmp,662,662,662,0.9469414949417114,663,0.011835712939500809,0.9351057820022106,662|663|567|93|566,0.94694149|0.01183571|0.00164266|0.00128022|0.00110459,1,0.9469414949417114,True,662,0.9469414949417114,True,662,0.8482135534286499,True,662,0.8355651497840881,True,662,0.8401483297348022,True,c12_correct
663,664,664_2.bmp,preprocessed_results\664\664_2.bmp,663,663,663,0.8983384370803833,777,0.003661450697109103,0.8946769863832742,663|777|662|801|597,0.89833844|0.00366145|0.00308224|0.00217581|0.00212969,1,0.8983384370803833,True,663,0.8983384370803833,True,663,0.8180405497550964,True,663,0.8204469084739685,True,663,0.8323892951011658,True,c12_correct
664,665,665_7.bmp,preprocessed_results\665\665_7.bmp,664,664,664,0.9438461065292358,686,0.0018140170723199844,0.9420320894569159,664|686|578|804|666,0.94384611|0.00181402|0.00147529|0.00143728|0.00109941,1,0.9438461065292358,True,664,0.9438461065292358,True,664,0.8094494342803955,True,664,0.8256710171699524,True,664,0.7714526653289795,True,c12_correct
665,666,666_10.bmp,preprocessed_results\666\666_10.bmp,665,665,665,0.9185260534286499,221,0.004680414218455553,0.9138456392101943,665|221|815|664|99,0.91852605|0.00468041|0.00400030|0.00367201|0.00314143,1,0.9185260534286499,True,665,0.9185260534286499,True,665,0.8493893146514893,True,665,0.8404381275177002,True,665,0.8486233353614807,True,c12_correct
666,667,667_6.bmp,preprocessed_results\667\667_6.bmp,666,666,666,0.7871970534324646,805,0.017885390669107437,0.7693116627633572,666|805|641|667|640,0.78719705|0.01788539|0.01592090|0.01514090|0.01215325,1,0.7871970534324646,True,666,0.7871970534324646,True,666,0.8738091588020325,True,666,0.8207194805145264,True,666,0.8297033905982971,True,c12_correct
667,668,668_2.bmp,preprocessed_results\668\668_2.bmp,667,667,667,0.6841211915016174,698,0.02640685811638832,0.6577143333852291,667|698|643|666|720,0.68412119|0.02640686|0.01371657|0.00750969|0.00517572,1,0.6841211915016174,True,667,0.6841211915016174,True,667,0.6630561947822571,True,667,0.7951633334159851,True,667,0.4848223030567169,True,c12_correct
668,669,669_10.bmp,preprocessed_results\669\669_10.bmp,668,668,668,0.9506643414497375,669,0.0025656349025666714,0.9480987065471709,668|669|765|770|626,0.95066434|0.00256563|0.00142046|0.00112074|0.00095055,1,0.9506643414497375,True,668,0.9506643414497375,True,668,0.8858882784843445,True,668,0.8419224619865417,True,668,0.8599560260772705,True,c12_correct
669,670,670_7.bmp,preprocessed_results\670\670_7.bmp,669,669,669,0.6517336964607239,668,0.0996859148144722,0.5520477816462517,669|668|765|683|759,0.65173370|0.09968591|0.03960393|0.00940008|0.00702803,1,0.6517336964607239,True,669,0.6517336964607239,True,669,0.37516382336616516,True,669,0.8061708807945251,True,669,0.5370157957077026,True,c12_correct
670,671,671_7.bmp,preprocessed_results\671\671_7.bmp,670,670,670,0.5756240487098694,826,0.022160856053233147,0.5534631926566362,670|826|777|780|829,0.57562405|0.02216086|0.02061346|0.01895212|0.01774227,1,0.5756240487098694,True,670,0.5756240487098694,True,670,0.667723536491394,True,670,0.8263224959373474,True,670,0.7176429033279419,True,c12_correct
671,672,672_9.bmp,preprocessed_results\672\672_9.bmp,671,671,671,0.8511478900909424,657,0.006545778829604387,0.844602111261338,671|657|627|670|668,0.85114789|0.00654578|0.00468069|0.00425339|0.00403422,1,0.8511478900909424,True,671,0.8511478900909424,True,671,0.825165867805481,True,671,0.8283267021179199,True,671,0.8297877907752991,True,c12_correct
672,673,673_1.bmp,preprocessed_results\673\673_1.bmp,672,672,672,0.583577036857605,673,0.029583606868982315,0.5539934299886227,672|673|808|686|750,0.58357704|0.02958361|0.02220151|0.00948003|0.00782242,1,0.583577036857605,True,672,0.583577036857605,True,672,0.632642924785614,True,672,0.8298543691635132,True,672,0.7457426190376282,True,c12_correct
673,674,674_1.bmp,preprocessed_results\674\674_1.bmp,673,673,673,0.8390194773674011,672,0.012737954035401344,0.8262815233319998,673|672|333|750|821,0.83901948|0.01273795|0.00784318|0.00622410|0.00603746,1,0.8390194773674011,True,673,0.8390194773674011,True,673,0.6771842837333679,True,673,0.8346313834190369,True,673,0.8120169043540955,True,c12_correct
674,675,675_1.bmp,preprocessed_results\675\675_1.bmp,674,674,674,0.9111161231994629,646,0.0040745725855231285,0.9070415506139398,674|646|675|610|659,0.91111612|0.00407457|0.00301450|0.00255102|0.00173182,1,0.9111161231994629,True,674,0.9111161231994629,True,674,0.8729297518730164,True,674,0.8369001150131226,True,674,0.8675593137741089,True,c12_correct
675,676,676_4.bmp,preprocessed_results\676\676_4.bmp,675,675,675,0.7994589805603027,674,0.012612712569534779,0.786846267990768,675|674|5|310|313,0.79945898|0.01261271|0.00439454|0.00356081|0.00353618,1,0.7994589805603027,True,675,0.7994589805603027,True,675,0.652470588684082,True,675,0.8207762241363525,True,675,0.6689297556877136,True,c12_correct
676,677,677_8.bmp,preprocessed_results\677\677_8.bmp,676,676,676,0.9483681321144104,757,0.0017447042046114802,0.9466234279097989,676|757|750|720|686,0.94836813|0.00174470|0.00170847|0.00138144|0.00132074,1,0.9483681321144104,True,676,0.9483681321144104,True,676,0.9276899099349976,True,676,0.8227919340133667,True,676,0.8042450547218323,True,c12_correct
677,678,678_6.bmp,preprocessed_results\678\678_6.bmp,677,677,677,0.853421688079834,750,0.013348105363547802,0.8400735827162862,677|750|684|751|676,0.85342169|0.01334811|0.00550096|0.00528581|0.00461477,1,0.853421688079834,True,677,0.853421688079834,True,677,0.7219314575195312,True,677,0.827867329120636,True,677,0.7647194862365723,True,c12_correct
678,679,679_8.bmp,preprocessed_results\679\679_8.bmp,678,678,678,0.330157995223999,591,0.05652716010808945,0.2736308351159096,678|591|569|604|644,0.33015800|0.05652716|0.01940120|0.01831196|0.01612660,1,0.330157995223999,True,678,0.330157995223999,True,678,0.18638832867145538,True,678,0.7605376839637756,True,678,0.3744686245918274,True,c12_correct
679,680,680_3.bmp,preprocessed_results\680\680_3.bmp,679,679,679,0.8303562998771667,814,0.00521963182836771,0.825136668048799,679|814|649|282|681,0.83035630|0.00521963|0.00429133|0.00344743|0.00328113,1,0.8303562998771667,True,679,0.8303562998771667,True,679,0.8530398607254028,True,679,0.8408514261245728,True,679,0.8326483368873596,True,c12_correct
680,681,681_6.bmp,preprocessed_results\681\681_6.bmp,680,680,680,0.9183195233345032,681,0.007553212344646454,0.9107663109898567,680|681|641|802|803,0.91831952|0.00755321|0.00303416|0.00271902|0.00198394,1,0.9183195233345032,True,680,0.9183195233345032,True,680,0.8919033408164978,True,680,0.8464335799217224,True,680,0.8963442444801331,True,c12_correct
681,682,682_4.bmp,preprocessed_results\682\682_4.bmp,681,681,681,0.7881020903587341,631,0.01962815225124359,0.7684739381074905,681|631|680|679|689,0.78810209|0.01962815|0.01482601|0.00395139|0.00394013,1,0.7881020903587341,True,681,0.7881020903587341,True,681,0.8101258873939514,True,681,0.8263357877731323,True,681,0.6086785197257996,True,c12_correct
682,683,683_5.bmp,preprocessed_results\683\683_5.bmp,682,682,682,0.927335798740387,826,0.003652926767244935,0.923682871973142,682|826|641|802|683,0.92733580|0.00365293|0.00289841|0.00181575|0.00147402,1,0.927335798740387,True,682,0.927335798740387,True,682,0.7254308462142944,True,682,0.8056145906448364,True,682,0.7017676830291748,True,c12_correct
683,684,684_5.bmp,preprocessed_results\684\684_5.bmp,683,683,683,0.9099717140197754,765,0.019690275192260742,0.8902814388275146,683|765|810|682|749,0.90997171|0.01969028|0.00291910|0.00174556|0.00162435,1,0.9099717140197754,True,683,0.9099717140197754,True,683,0.7975139021873474,True,683,0.8494805097579956,True,683,0.8620020151138306,True,c12_correct
684,685,685_8.bmp,preprocessed_results\685\685_8.bmp,684,684,684,0.9078714847564697,685,0.007331892382353544,0.9005395923741162,684|685|750|634|686,0.90787148|0.00733189|0.00477178|0.00437172|0.00332295,1,0.9078714847564697,True,684,0.9078714847564697,True,684,0.8825656175613403,True,684,0.8250247240066528,True,684,0.8459816575050354,True,c12_correct
685,686,686_8.bmp,preprocessed_results\686\686_8.bmp,685,685,685,0.8936859369277954,684,0.005786121357232332,0.8878998155705631,685|684|631|636|103,0.89368594|0.00578612|0.00467958|0.00418796|0.00295875,1,0.8936859369277954,True,685,0.8936859369277954,True,685,0.8603894710540771,True,685,0.8375489711761475,True,685,0.7828481197357178,True,c12_correct
686,687,687_4.bmp,preprocessed_results\687\687_4.bmp,686,686,686,0.9281708598136902,576,0.004451675806194544,0.9237191840074956,686|576|750|667|666,0.92817086|0.00445168|0.00336906|0.00203154|0.00199919,1,0.9281708598136902,True,686,0.9281708598136902,True,686,0.8255349397659302,True,686,0.8478847742080688,True,686,0.7967273592948914,True,c12_correct
687,688,688_2.bmp,preprocessed_results\688\688_2.bmp,687,687,687,0.7595577836036682,686,0.04456118866801262,0.7149965949356556,687|686|576|743|143,0.75955778|0.04456119|0.01158614|0.01157935|0.01005415,1,0.7595577836036682,True,687,0.7595577836036682,True,687,0.7627320289611816,True,687,0.8159930109977722,True,687,0.7664199471473694,True,c12_correct
688,689,689_7.bmp,preprocessed_results\689\689_7.bmp,688,688,688,0.7874173521995544,630,0.013389712199568748,0.7740276399999857,688|630|577|649|576,0.78741735|0.01338971|0.00851140|0.00561897|0.00483499,1,0.7874173521995544,True,688,0.7874173521995544,True,688,0.6102604269981384,True,688,0.7857319712638855,True,688,0.6053035855293274,True,c12_correct
689,690,690_5.bmp,preprocessed_results\690\690_5.bmp,689,689,689,0.9189310073852539,649,0.0035874987952411175,0.9153435085900128,689|649|721|631|685,0.91893101|0.00358750|0.00314080|0.00212993|0.00211350,1,0.9189310073852539,True,689,0.9189310073852539,True,689,0.8599101305007935,True,689,0.7923964858055115,True,689,0.8369880318641663,True,c12_correct
690,691,691_3.bmp,preprocessed_results\691\691_3.bmp,690,690,690,0.9089105129241943,678,0.008256044238805771,0.9006544686853886,690|678|680|691|730,0.90891051|0.00825604|0.00561807|0.00546207|0.00236643,1,0.9089105129241943,True,690,0.9089105129241943,True,690,0.8414046764373779,True,690,0.8494356870651245,True,690,0.8285141587257385,True,c12_correct
691,692,692_8.bmp,preprocessed_results\692\692_8.bmp,691,691,691,0.9499679207801819,690,0.0024662811774760485,0.9475016396027058,691|690|701|644|827,0.94996792|0.00246628|0.00109241|0.00098532|0.00087240,1,0.9499679207801819,True,691,0.9499679207801819,True,691,0.8663047552108765,True,691,0.8356442451477051,True,691,0.8310261964797974,True,c12_correct
692,693,693_1.bmp,preprocessed_results\693\693_1.bmp,692,692,692,0.9303408265113831,693,0.0117397615686059,0.9186010649427772,692|693|744|141|757,0.93034083|0.01173976|0.00441808|0.00180908|0.00159053,1,0.9303408265113831,True,692,0.9303408265113831,True,692,0.8668488264083862,True,692,0.8471980094909668,True,692,0.8842757940292358,True,c12_correct
693,694,694_10.bmp,preprocessed_results\694\694_10.bmp,693,693,693,0.8121441006660461,692,0.005714272148907185,0.806429828517139,693|692|827|757|587,0.81214410|0.00571427|0.00446057|0.00406006|0.00365779,1,0.8121441006660461,True,693,0.8121441006660461,True,693,0.8963043093681335,True,693,0.8369061946868896,True,693,0.7294517159461975,True,c12_correct
694,695,695_3.bmp,preprocessed_results\695\695_3.bmp,694,694,694,0.9799072742462158,646,0.0011299188481643796,0.9787773553980514,694|646|610|751|704,0.97990727|0.00112992|0.00092794|0.00064494|0.00053499,1,0.9799072742462158,True,694,0.9799072742462158,True,694,0.9407322406768799,True,694,0.8431742191314697,True,694,0.7741764783859253,True,c12_correct
695,696,696_2.bmp,preprocessed_results\696\696_2.bmp,695,695,695,0.833340585231781,789,0.007396455388516188,0.8259441298432648,695|789|819|739|673,0.83334059|0.00739646|0.00572087|0.00518163|0.00512077,1,0.833340585231781,True,695,0.833340585231781,True,695,0.5757243633270264,True,695,0.814939022064209,True,695,0.7577893137931824,True,c12_correct
696,697,697_8.bmp,preprocessed_results\697\697_8.bmp,696,696,696,0.6217934489250183,792,0.040071528404951096,0.5817219205200672,696|792|756|697|657,0.62179345|0.04007153|0.01998139|0.01375329|0.00656430,1,0.6217934489250183,True,696,0.6217934489250183,True,696,0.6861755847930908,True,696,0.8179118037223816,True,696,0.7950625419616699,True,c12_correct
697,698,698_4.bmp,preprocessed_results\698\698_4.bmp,697,697,697,0.5413607954978943,761,0.013795082457363605,0.5275657130405307,697|761|696|595|811,0.54136080|0.01379508|0.01362949|0.01325184|0.01138629,1,0.5413607954978943,True,697,0.5413607954978943,True,697,0.6713472008705139,True,697,0.8263067007064819,True,697,0.8315950036048889,True,c12_correct
698,699,699_10.bmp,preprocessed_results\699\699_10.bmp,698,698,698,0.8297533392906189,598,0.011102596297860146,0.8186507429927588,698|598|700|572|666,0.82975334|0.01110260|0.00750603|0.00473232|0.00451867,1,0.8297533392906189,True,698,0.8297533392906189,True,698,0.7658138275146484,True,698,0.8229856491088867,True,698,0.7955018281936646,True,c12_correct
699,700,700_9.bmp,preprocessed_results\700\700_9.bmp,699,699,699,0.8888522386550903,801,0.00875831674784422,0.8800939219072461,699|801|743|637|714,0.88885224|0.00875832|0.00755396|0.00412788|0.00361595,1,0.8888522386550903,True,699,0.8888522386550903,True,699,0.849251389503479,True,699,0.7855161428451538,True,699,0.7685827612876892,True,c12_correct
700,701,701_10.bmp,preprocessed_results\701\701_10.bmp,700,700,700,0.9405329823493958,708,0.005686952732503414,0.9348460296168923,700|708|572|698|701,0.94053298|0.00568695|0.00215215|0.00118981|0.00099646,1,0.9405329823493958,True,700,0.9405329823493958,True,700,0.9178433418273926,True,700,0.8476139307022095,True,700,0.8115937113761902,True,c12_correct
701,702,702_2.bmp,preprocessed_results\702\702_2.bmp,701,701,701,0.8535801768302917,634,0.00829217117279768,0.8452880056574941,701|634|700|801|142,0.85358018|0.00829217|0.00819529|0.00734089|0.00311170,1,0.8535801768302917,True,701,0.8535801768302917,True,701,0.8408625721931458,True,701,0.8187310099601746,True,701,0.7923184037208557,True,c12_correct
702,703,703_1.bmp,preprocessed_results\703\703_1.bmp,702,702,702,0.8650789260864258,664,0.0031443943735212088,0.8619345317129046,702|664|804|245|694,0.86507893|0.00314439|0.00261363|0.00229773|0.00219703,1,0.8650789260864258,True,702,0.8650789260864258,True,702,0.552041232585907,True,702,0.7955354452133179,True,702,0.7277166843414307,True,c12_correct
703,704,704_5.bmp,preprocessed_results\704\704_5.bmp,703,703,703,0.8869317770004272,366,0.004206732846796513,0.8827250441536307,703|366|723|628|629,0.88693178|0.00420673|0.00306736|0.00219995|0.00194458,1,0.8869317770004272,True,703,0.8869317770004272,True,703,0.8759176135063171,True,703,0.8247318267822266,True,703,0.783637285232544,True,c12_correct
704,705,705_4.bmp,preprocessed_results\705\705_4.bmp,704,704,704,0.9098817110061646,705,0.01429885346442461,0.8955828575417399,704|705|639|580|601,0.90988171|0.01429885|0.00427074|0.00200926|0.00137736,1,0.9098817110061646,True,704,0.9098817110061646,True,704,0.8916358351707458,True,704,0.8448039293289185,True,704,0.8487984538078308,True,c12_correct
705,706,706_8.bmp,preprocessed_results\706\706_8.bmp,705,705,705,0.7941296100616455,639,0.012071246281266212,0.7820583637803793,705|639|43|704|720,0.79412961|0.01207125|0.01109208|0.00990836|0.00775568,1,0.7941296100616455,True,705,0.7941296100616455,True,705,0.7836349010467529,True,705,0.8529424667358398,True,705,0.781327486038208,True,c12_correct
706,707,707_6.bmp,preprocessed_results\707\707_6.bmp,706,706,706,0.832274854183197,143,0.00795653648674488,0.8243183176964521,706|143|607|612|731,0.83227485|0.00795654|0.00516086|0.00477567|0.00432627,1,0.832274854183197,True,706,0.832274854183197,True,706,0.8988238573074341,True,706,0.8047617077827454,True,706,0.8251847624778748,True,c12_correct
707,708,708_5.bmp,preprocessed_results\708\708_5.bmp,707,707,707,0.8108220100402832,619,0.015645353123545647,0.7951766569167376,707|619|772|827|644,0.81082201|0.01564535|0.00727368|0.00539002|0.00486218,1,0.8108220100402832,True,707,0.8108220100402832,True,707,0.7795225381851196,True,707,0.8375548124313354,True,707,0.8175740242004395,True,c12_correct
708,709,709_9.bmp,preprocessed_results\709\709_9.bmp,708,708,708,0.6293796300888062,659,0.025720855221152306,0.6036587748676538,708|659|709|600|619,0.62937963|0.02572086|0.01321289|0.01095310|0.01093238,1,0.6293796300888062,True,708,0.6293796300888062,True,708,0.8112240433692932,True,708,0.8069322109222412,True,708,0.7324357032775879,True,c12_correct
709,710,710_9.bmp,preprocessed_results\710\710_9.bmp,709,709,709,0.9441462159156799,708,0.006317469757050276,0.9378287461586297,709|708|633|827|757,0.94414622|0.00631747|0.00250455|0.00227468|0.00107488,1,0.9441462159156799,True,709,0.9441462159156799,True,709,0.8625116348266602,True,709,0.8198668360710144,True,709,0.806826651096344,True,c12_correct
710,711,711_3.bmp,preprocessed_results\711\711_3.bmp,710,710,710,0.9449584484100342,788,0.004655195400118828,0.9403032530099154,710|788|124|246|610,0.94495845|0.00465520|0.00117941|0.00076301|0.00075848,1,0.9449584484100342,True,710,0.9449584484100342,True,710,0.9016873836517334,True,710,0.8491073250770569,True,710,0.8474054336547852,True,c12_correct
711,712,712_10.bmp,preprocessed_results\712\712_10.bmp,711,711,711,0.8964404463768005,773,0.006251881364732981,0.8901885650120676,711|773|568|581|272,0.89644045|0.00625188|0.00607353|0.00407295|0.00398966,1,0.8964404463768005,True,711,0.8964404463768005,True,711,0.5008769631385803,True,711,0.815839946269989,True,711,0.7459145784378052,True,c12_correct
712,713,713_1.bmp,preprocessed_results\713\713_1.bmp,712,712,712,0.9343222975730896,833,0.0022698703687638044,0.9320524272043258,712|833|182|619|42,0.93432230|0.00226987|0.00168230|0.00167348|0.00151626,1,0.9343222975730896,True,712,0.9343222975730896,True,712,0.7964853048324585,True,712,0.8216192722320557,True,712,0.7631890177726746,True,c12_correct
713,714,714_5.bmp,preprocessed_results\714\714_5.bmp,713,713,713,0.9179062247276306,583,0.003208026522770524,0.9146981982048601,713|583|589|582|819,0.91790622|0.00320803|0.00305222|0.00194862|0.00161955,1,0.9179062247276306,True,713,0.9179062247276306,True,713,0.7958324551582336,True,713,0.8662267327308655,True,713,0.819880485534668,True,c12_correct
714,715,715_7.bmp,preprocessed_results\715\715_7.bmp,714,714,714,0.812357485294342,619,0.01383464690297842,0.7985228383913636,714|619|800|709|670,0.81235749|0.01383465|0.00649500|0.00627173|0.00395231,1,0.812357485294342,True,714,0.812357485294342,True,714,0.8066099286079407,True,714,0.8299732804298401,True,714,0.8449108600616455,True,c12_correct
715,716,716_2.bmp,preprocessed_results\716\716_2.bmp,715,715,715,0.795651376247406,733,0.007274382282048464,0.7883769939653575,715|733|681|730|671,0.79565138|0.00727438|0.00598903|0.00511241|0.00504341,1,0.795651376247406,True,715,0.795651376247406,True,715,0.8294448852539062,True,715,0.831108570098877,True,715,0.8237711191177368,True,c12_correct
716,717,717_6.bmp,preprocessed_results\717\717_6.bmp,716,716,716,0.5841758847236633,780,0.027830030769109726,0.5563458539545536,716|780|617|5|734,0.58417588|0.02783003|0.02209331|0.01097862|0.00854920,1,0.5841758847236633,True,716,0.5841758847236633,True,716,0.5626362562179565,True,716,0.7956428527832031,True,716,0.70195072889328,True,c12_correct
717,718,718_9.bmp,preprocessed_results\718\718_9.bmp,717,717,717,0.9083673357963562,716,0.008408939465880394,0.8999583963304758,717|716|723|713|729,0.90836734|0.00840894|0.00344865|0.00186357|0.00153379,1,0.9083673357963562,True,717,0.9083673357963562,True,717,0.7832764983177185,True,717,0.8654016256332397,True,717,0.8547244668006897,True,c12_correct
718,719,719_3.bmp,preprocessed_results\719\719_3.bmp,718,718,718,0.840238094329834,688,0.012463584542274475,0.8277745097875595,718|688|716|590|692,0.84023809|0.01246358|0.00559159|0.00525693|0.00410380,1,0.840238094329834,True,718,0.840238094329834,True,718,0.6867493391036987,True,718,0.8261821269989014,True,718,0.7831935882568359,True,c12_correct
719,720,720_8.bmp,preprocessed_results\720\720_8.bmp,719,719,719,0.8973327279090881,607,0.005544174462556839,0.8917885534465313,719|607|734|762|785,0.89733273|0.00554417|0.00397792|0.00377892|0.00342718,1,0.8973327279090881,True,719,0.8973327279090881,True,719,0.8718757629394531,True,719,0.8411716818809509,True,719,0.8633854985237122,True,c12_correct
720,721,721_5.bmp,preprocessed_results\721\721_5.bmp,720,720,720,0.928950846195221,635,0.005182377994060516,0.9237684682011604,720|635|630|833|628,0.92895085|0.00518238|0.00171356|0.00170168|0.00169072,1,0.928950846195221,True,720,0.928950846195221,True,720,0.6558298468589783,True,720,0.8223745822906494,True,720,0.7489140629768372,True,c12_correct
721,722,722_8.bmp,preprocessed_results\722\722_8.bmp,721,721,721,0.9551969170570374,102,0.0022841948084533215,0.952912722248584,721|102|106|103|689,0.95519692|0.00228419|0.00213239|0.00153664|0.00126322,1,0.9551969170570374,True,721,0.9551969170570374,True,721,0.8522708415985107,True,721,0.8350260853767395,True,721,0.7737956643104553,True,c12_correct
722,723,723_5.bmp,preprocessed_results\723\723_5.bmp,722,722,722,0.9210737347602844,614,0.008544836193323135,0.9125288985669613,722|614|702|828|175,0.92107373|0.00854484|0.00281075|0.00184975|0.00146163,1,0.9210737347602844,True,722,0.9210737347602844,True,722,0.7884635329246521,True,722,0.8220201730728149,True,722,0.8602184057235718,True,c12_correct
723,724,724_6.bmp,preprocessed_results\724\724_6.bmp,723,723,723,0.7936480045318604,135,0.01191894244402647,0.7817290620878339,723|135|777|713|141,0.79364800|0.01191894|0.00708012|0.00557167|0.00534200,1,0.7936480045318604,True,723,0.7936480045318604,True,723,0.6225326061248779,True,723,0.7992411255836487,True,723,0.6476049423217773,True,c12_correct
724,725,725_1.bmp,preprocessed_results\725\725_1.bmp,724,724,724,0.9455418586730957,698,0.002353368094190955,0.9431884905789047,724|698|725|500|762,0.94554186|0.00235337|0.00230522|0.00158204|0.00150187,1,0.9455418586730957,True,724,0.9455418586730957,True,724,0.826915979385376,True,724,0.8171414136886597,True,724,0.8406717777252197,True,c12_correct
725,726,726_10.bmp,preprocessed_results\726\726_10.bmp,725,725,725,0.9110409617424011,250,0.005037645343691111,0.90600331639871,725|250|573|724|831,0.91104096|0.00503765|0.00335250|0.00333684|0.00308478,1,0.9110409617424011,True,725,0.9110409617424011,True,725,0.6343439817428589,True,725,0.8143738508224487,True,725,0.8659583926200867,True,c12_correct
726,727,727_4.bmp,preprocessed_results\727\727_4.bmp,726,726,726,0.32658493518829346,594,0.06389382481575012,0.26269111037254333,726|594|630|595|734,0.32658494|0.06389382|0.05969155|0.03679660|0.02394461,1,0.32658493518829346,True,726,0.32658493518829346,True,726,0.7094920873641968,True,726,0.799552321434021,True,726,0.5761816501617432,True,c12_correct
727,728,728_7.bmp,preprocessed_results\728\728_7.bmp,727,727,727,0.8731883764266968,726,0.009940040297806263,0.8632483361288905,727|726|703|595|51,0.87318838|0.00994004|0.00715448|0.00392386|0.00257883,1,0.8731883764266968,True,727,0.8731883764266968,True,727,0.7832393050193787,True,727,0.8069332838058472,True,727,0.7975663542747498,True,c12_correct
728,729,729_5.bmp,preprocessed_results\729\729_5.bmp,728,728,728,0.9335623979568481,658,0.0037363560404628515,0.9298260419163853,728|658|729|768|253,0.93356240|0.00373636|0.00361954|0.00316570|0.00309934,1,0.9335623979568481,True,728,0.9335623979568481,True,728,0.8730370402336121,True,728,0.8134559392929077,True,728,0.8519501686096191,True,c12_correct
729,730,730_7.bmp,preprocessed_results\730\730_7.bmp,729,729,729,0.9190208315849304,728,0.012167049571871758,0.9068537820130587,729|728|658|768|670,0.91902083|0.01216705|0.00359147|0.00210603|0.00159914,1,0.9190208315849304,True,729,0.9190208315849304,True,729,0.651513397693634,True,729,0.8108862042427063,True,729,0.745355486869812,True,c12_correct
730,731,731_10.bmp,preprocessed_results\731\731_10.bmp,730,730,730,0.10643932968378067,731,0.07348291575908661,0.03295641392469406,730|731|712|575|659,0.10643933|0.07348292|0.05812502|0.02751451|0.02534389,1,0.10643932968378067,True,730,0.10643932968378067,True,730,0.13370417058467865,True,730,0.7891611456871033,True,730,0.3374369442462921,True,c12_correct
731,732,732_6.bmp,preprocessed_results\732\732_6.bmp,731,731,731,0.87035071849823,730,0.028927907347679138,0.8414228111505508,731|730|707|706|582,0.87035072|0.02892791|0.00713454|0.00683427|0.00394438,1,0.87035071849823,True,731,0.87035071849823,True,731,0.802076518535614,True,731,0.8301293253898621,True,731,0.8427202701568604,True,c12_correct
732,733,733_7.bmp,preprocessed_results\733\733_7.bmp,732,732,732,0.9562065601348877,733,0.004727290477603674,0.951479269657284,732|733|749|818|396,0.95620656|0.00472729|0.00116442|0.00104614|0.00100990,1,0.9562065601348877,True,732,0.9562065601348877,True,732,0.8801876306533813,True,732,0.8160028457641602,True,732,0.7840685248374939,True,c12_correct
733,734,734_6.bmp,preprocessed_results\734\734_6.bmp,733,733,733,0.8097556829452515,194,0.006360186729580164,0.8033954962156713,733|194|180|631|125,0.80975568|0.00636019|0.00497770|0.00420245|0.00300428,1,0.8097556829452515,True,733,0.8097556829452515,True,733,0.3716263175010681,True,733,0.8069204688072205,True,733,0.5465685129165649,True,c12_correct
734,735,735_7.bmp,preprocessed_results\735\735_7.bmp,734,734,734,0.7963487505912781,594,0.03240774944424629,0.7639410011470318,734|594|761|756|572,0.79634875|0.03240775|0.00631666|0.00554935|0.00521029,1,0.7963487505912781,True,734,0.7963487505912781,True,734,0.7940828800201416,True,734,0.8314414620399475,True,734,0.8008023500442505,True,c12_correct
735,736,736_1.bmp,preprocessed_results\736\736_1.bmp,735,735,735,0.9095234870910645,36,0.003513504285365343,0.9060099828056991,735|36|759|777|783,0.90952349|0.00351350|0.00341288|0.00231200|0.00195542,1,0.9095234870910645,True,735,0.9095234870910645,True,735,0.8419012427330017,True,735,0.8397605419158936,True,735,0.7869759202003479,True,c12_correct
736,737,737_5.bmp,preprocessed_results\737\737_5.bmp,736,736,736,0.9345929026603699,694,0.002655280753970146,0.9319376219063997,736|694|285|737|820,0.93459290|0.00265528|0.00231726|0.00210775|0.00146985,1,0.9345929026603699,True,736,0.9345929026603699,True,736,0.8102192282676697,True,736,0.8206385970115662,True,736,0.8199791312217712,True,c12_correct
737,738,738_1.bmp,preprocessed_results\738\738_1.bmp,737,737,737,0.8946025967597961,736,0.002623641863465309,0.8919789548963308,737|736|620|159|661,0.89460260|0.00262364|0.00219422|0.00200041|0.00170060,1,0.8946025967597961,True,737,0.8946025967597961,True,737,0.6827730536460876,True,737,0.8103747367858887,True,737,0.8601246476173401,True,c12_correct
738,739,739_10.bmp,preprocessed_results\739\739_10.bmp,738,738,738,0.8906111717224121,739,0.014051303267478943,0.8765598684549332,738|739|629|156|176,0.89061117|0.01405130|0.00738264|0.00229593|0.00206127,1,0.8906111717224121,True,738,0.8906111717224121,True,738,0.6232466101646423,True,738,0.7946040630340576,True,738,0.6754065155982971,True,c12_correct
739,740,740_5.bmp,preprocessed_results\740\740_5.bmp,739,739,739,0.8783831000328064,738,0.017056576907634735,0.8613265231251717,739|738|691|829|629,0.87838310|0.01705658|0.00418995|0.00391827|0.00361316,1,0.8783831000328064,True,739,0.8783831000328064,True,739,0.6708300709724426,True,739,0.8389901518821716,True,739,0.8182113766670227,True,c12_correct
740,741,741_5.bmp,preprocessed_results\741\741_5.bmp,740,740,740,0.9237164258956909,582,0.007842807099223137,0.9158736187964678,740|582|784|186|574,0.92371643|0.00784281|0.00242513|0.00222061|0.00166670,1,0.9237164258956909,True,740,0.9237164258956909,True,740,0.7132567167282104,True,740,0.8359063863754272,True,740,0.786200225353241,True,c12_correct
741,742,742_3.bmp,preprocessed_results\742\742_3.bmp,741,741,741,0.842563271522522,697,0.0036642306949943304,0.8388990408275276,741|697|791|764|772,0.84256327|0.00366423|0.00323068|0.00305796|0.00283910,1,0.842563271522522,True,741,0.842563271522522,True,741,0.7002654671669006,True,741,0.8210167288780212,True,741,0.8347502946853638,True,c12_correct
742,743,743_3.bmp,preprocessed_results\743\743_3.bmp,742,742,742,0.8922011256217957,743,0.008125620894134045,0.8840755047276616,742|743|760|679|586,0.89220113|0.00812562|0.00555380|0.00425318|0.00334867,1,0.8922011256217957,True,742,0.8922011256217957,True,742,0.5366860628128052,True,742,0.8249933123588562,True,742,0.6989537477493286,True,c12_correct
743,744,744_9.bmp,preprocessed_results\744\744_9.bmp,743,743,743,0.9316872954368591,649,0.009638103656470776,0.9220491917803884,743|649|689|577|803,0.93168730|0.00963810|0.00431156|0.00361202|0.00208397,1,0.9316872954368591,True,743,0.9316872954368591,True,743,0.8428818583488464,True,743,0.8203832507133484,True,743,0.83699631690979,True,c12_correct
744,745,745_4.bmp,preprocessed_results\745\745_4.bmp,744,744,744,0.9471949934959412,587,0.006173109170049429,0.9410218843258917,744|587|745|272|57,0.94719499|0.00617311|0.00094518|0.00088983|0.00081907,1,0.9471949934959412,True,744,0.9471949934959412,True,744,0.8404918313026428,True,744,0.835802435874939,True,744,0.8406144976615906,True,c12_correct
745,746,746_6.bmp,preprocessed_results\746\746_6.bmp,745,745,745,0.9047174453735352,744,0.013236946426331997,0.8914804989472032,745|744|628|629|687,0.90471745|0.01323695|0.00349048|0.00165856|0.00152557,1,0.9047174453735352,True,745,0.9047174453735352,True,745,0.8211878538131714,True,745,0.8045864701271057,True,745,0.8436995148658752,True,c12_correct
746,747,747_5.bmp,preprocessed_results\747\747_5.bmp,746,746,746,0.8321820497512817,700,0.010802830569446087,0.8213792191818357,746|700|810|111|748,0.83218205|0.01080283|0.00662346|0.00334025|0.00329460,1,0.8321820497512817,True,746,0.8321820497512817,True,746,0.8934510946273804,True,746,0.816819429397583,True,746,0.789045512676239,True,c12_correct
747,748,748_10.bmp,preprocessed_results\748\748_10.bmp,747,747,747,0.8061778545379639,797,0.008821891620755196,0.7973559629172087,747|797|759|623|795,0.80617785|0.00882189|0.00852741|0.00480454|0.00476407,1,0.8061778545379639,True,747,0.8061778545379639,True,747,0.5942050814628601,True,747,0.822374165058136,True,747,0.7030231356620789,True,c12_correct
748,749,749_4.bmp,preprocessed_results\749\749_4.bmp,748,748,748,0.7377161979675293,749,0.019231559708714485,0.7184846382588148,748|749|339|812|110,0.73771620|0.01923156|0.01699014|0.00860801|0.00845988,1,0.7377161979675293,True,748,0.7377161979675293,True,748,0.6167593002319336,True,748,0.8198447227478027,True,748,0.7673811912536621,True,c12_correct
749,750,750_3.bmp,preprocessed_results\750\750_3.bmp,749,749,749,0.31174910068511963,733,0.057604048401117325,0.2541450522840023,749|733|812|341|669,0.31174910|0.05760405|0.02384963|0.02149674|0.01882006,1,0.31174910068511963,True,749,0.31174910068511963,True,749,0.05390109866857529,True,749,0.7678540945053101,True,749,0.27677640318870544,True,c12_correct
750,751,751_10.bmp,preprocessed_results\751\751_10.bmp,750,750,750,0.7466719746589661,636,0.009097232483327389,0.7375747421756387,750|636|676|677|804,0.74667197|0.00909723|0.00750954|0.00564687|0.00542467,1,0.7466719746589661,True,750,0.7466719746589661,True,750,0.425139844417572,True,750,0.806046187877655,True,750,0.5551028251647949,True,c12_correct
751,752,752_1.bmp,preprocessed_results\752\752_1.bmp,751,751,751,0.9092823266983032,750,0.005603285040706396,0.9036790416575968,751|750|809|30|677,0.90928233|0.00560329|0.00366632|0.00274330|0.00236472,1,0.9092823266983032,True,751,0.9092823266983032,True,751,0.8482720255851746,True,751,0.8352059125900269,True,751,0.8272689580917358,True,c12_correct
752,753,753_9.bmp,preprocessed_results\753\753_9.bmp,752,752,752,0.8383400440216064,753,0.02775391936302185,0.8105861246585846,752|753|92|831|206,0.83834004|0.02775392|0.00433563|0.00317101|0.00217301,1,0.8383400440216064,True,752,0.8383400440216064,True,752,0.8024954795837402,True,752,0.8090261816978455,True,752,0.7966165542602539,True,c12_correct
753,754,754_7.bmp,preprocessed_results\754\754_7.bmp,753,753,753,0.8408184051513672,752,0.005460066255182028,0.8353583388961852,753|752|290|11|747,0.84081841|0.00546007|0.00349413|0.00259814|0.00256974,1,0.8408184051513672,True,753,0.8408184051513672,True,753,0.8344249129295349,True,753,0.8393559455871582,True,753,0.8602154850959778,True,c12_correct
754,755,755_4.bmp,preprocessed_results\755\755_4.bmp,754,754,754,0.8107726573944092,784,0.008501646108925343,0.8022710112854838,754|784|755|779|615,0.81077266|0.00850165|0.00686155|0.00557089|0.00392841,1,0.8107726573944092,True,754,0.8107726573944092,True,754,0.8089666366577148,True,754,0.8204677700996399,True,754,0.7471224069595337,True,c12_correct
755,756,756_7.bmp,preprocessed_results\756\756_7.bmp,755,755,755,0.5722719430923462,754,0.01649838499724865,0.5557735580950975,755|754|821|673|827,0.57227194|0.01649838|0.01012986|0.01002384|0.00859062,1,0.5722719430923462,True,755,0.5722719430923462,True,755,0.4699784219264984,True,755,0.8088878393173218,True,755,0.6238556504249573,True,c12_correct
756,757,757_5.bmp,preprocessed_results\757\757_5.bmp,756,756,756,0.5601604580879211,826,0.029412178322672844,0.5307482797652483,756|826|757|618|685,0.56016046|0.02941218|0.02547769|0.02423367|0.02268961,1,0.5601604580879211,True,756,0.5601604580879211,True,756,0.42578789591789246,True,756,0.7739802002906799,True,756,0.5101516842842102,True,c12_correct
757,758,758_10.bmp,preprocessed_results\758\758_10.bmp,757,757,757,0.9116808772087097,756,0.008067802526056767,0.903613074682653,757|756|790|827|621,0.91168088|0.00806780|0.00249512|0.00240951|0.00237585,1,0.9116808772087097,True,757,0.9116808772087097,True,757,0.8131369948387146,True,757,0.8541081547737122,True,757,0.819161593914032,True,c12_correct
758,759,759_7.bmp,preprocessed_results\759\759_7.bmp,758,758,758,0.9375556707382202,820,0.004346697125583887,0.9332089736126363,758|820|626|734|617,0.93755567|0.00434670|0.00250788|0.00162432|0.00155214,1,0.9375556707382202,True,758,0.9375556707382202,True,758,0.8703835010528564,True,758,0.8223780393600464,True,758,0.8737745881080627,True,c12_correct
759,760,760_7.bmp,preprocessed_results\760\760_7.bmp,759,759,759,0.4857766628265381,683,0.021026257425546646,0.46475040540099144,759|683|621|597|583,0.48577666|0.02102626|0.01933673|0.01717249|0.01143934,1,0.4857766628265381,True,759,0.4857766628265381,True,759,0.46561285853385925,True,759,0.8187664747238159,True,759,0.7191508412361145,True,c12_correct
760,761,761_2.bmp,preprocessed_results\761\761_2.bmp,760,760,760,0.47373107075691223,607,0.01714325323700905,0.4565878175199032,760|607|759|772|80,0.47373107|0.01714325|0.01252414|0.01251410|0.01246121,1,0.47373107075691223,True,760,0.47373107075691223,True,760,0.3863924443721771,True,760,0.8248385190963745,True,760,0.6396490335464478,True,c12_correct
761,762,762_2.bmp,preprocessed_results\762\762_2.bmp,761,761,761,0.6706088185310364,139,0.009163928218185902,0.6614448903128505,761|139|653|586|96,0.67060882|0.00916393|0.00684000|0.00669108|0.00538013,1,0.6706088185310364,True,761,0.6706088185310364,True,761,0.8449850082397461,True,761,0.8468576669692993,True,761,0.8162725567817688,True,c12_correct
762,763,763_5.bmp,preprocessed_results\763\763_5.bmp,762,762,762,0.9725449681282043,763,0.0017877683276310563,0.9707571998005733,762|763|719|734|768,0.97254497|0.00178777|0.00160388|0.00159821|0.00094350,1,0.9725449681282043,True,762,0.9725449681282043,True,762,0.8864448666572571,True,762,0.8141148686408997,True,762,0.9264835119247437,True,c12_correct
763,764,764_9.bmp,preprocessed_results\764\764_9.bmp,763,763,763,0.9290925860404968,287,0.003444412723183632,0.9256481733173132,763|287|260|295|59,0.92909259|0.00344441|0.00333245|0.00162749|0.00111967,1,0.9290925860404968,True,763,0.9290925860404968,True,763,0.4626695513725281,True,763,0.8256973028182983,True,763,0.7456676363945007,True,c12_correct
764,765,765_10.bmp,preprocessed_results\765\765_10.bmp,764,764,764,0.8731234073638916,780,0.011178056709468365,0.8619453506544232,764|780|708|810|765,0.87312341|0.01117806|0.00442498|0.00327163|0.00274644,1,0.8731234073638916,True,764,0.8731234073638916,True,764,0.8529503345489502,True,764,0.8475973010063171,True,764,0.8283530473709106,True,c12_correct
765,766,766_4.bmp,preprocessed_results\766\766_4.bmp,765,765,765,0.885114848613739,757,0.012922000139951706,0.8721928484737873,765|757|683|767|764,0.88511485|0.01292200|0.01223988|0.00446976|0.00234172,1,0.885114848613739,True,765,0.885114848613739,True,765,0.8672357797622681,True,765,0.8218420743942261,True,765,0.843184232711792,True,c12_correct
766,767,767_1.bmp,preprocessed_results\767\767_1.bmp,766,766,766,0.8594627976417542,241,0.016118016093969345,0.8433447815477848,766|241|133|330|237,0.85946280|0.01611802|0.00618567|0.00560871|0.00403848,1,0.8594627976417542,True,766,0.8594627976417542,True,766,0.8010082244873047,True,766,0.8330778479576111,True,766,0.7541123032569885,True,c12_correct
767,768,768_7.bmp,preprocessed_results\768\768_7.bmp,767,767,767,0.9321657419204712,762,0.004730063024908304,0.9274356788955629,767|762|766|68|757,0.93216574|0.00473006|0.00379037|0.00140301|0.00103390,1,0.9321657419204712,True,767,0.9321657419204712,True,767,0.8669053912162781,True,767,0.8321184515953064,True,767,0.881009042263031,True,c12_correct
768,769,769_3.bmp,preprocessed_results\769\769_3.bmp,768,768,768,0.45976004004478455,807,0.03588166460394859,0.42387837544083595,768|807|639|792|568,0.45976004|0.03588166|0.02172591|0.02124718|0.01944024,1,0.45976004004478455,True,768,0.45976004004478455,True,768,0.6220777034759521,True,768,0.8202661871910095,True,768,0.6661307215690613,True,c12_correct
769,770,770_7.bmp,preprocessed_results\770\770_7.bmp,769,769,769,0.8156358003616333,807,0.05464072898030281,0.7609950713813305,769|807|791|633|768,0.81563580|0.05464073|0.00582129|0.00478219|0.00449766,1,0.8156358003616333,True,769,0.8156358003616333,True,769,0.844516932964325,True,769,0.8198307156562805,True,769,0.7372100353240967,True,c12_correct
770,771,771_5.bmp,preprocessed_results\771\771_5.bmp,770,770,770,0.9483590722084045,310,0.0020014469046145678,0.94635762530379,770|310|771|782|674,0.94835907|0.00200145|0.00170406|0.00154661|0.00135498,1,0.9483590722084045,True,770,0.9483590722084045,True,770,0.9242972135543823,True,770,0.8612874150276184,True,770,0.8671259880065918,True,c12_correct
771,772,772_2.bmp,preprocessed_results\772\772_2.bmp,771,771,771,0.8950536847114563,603,0.0034099335316568613,0.8916437511797994,771|603|816|770|747,0.89505368|0.00340993|0.00336716|0.00215932|0.00204096,1,0.8950536847114563,True,771,0.8950536847114563,True,771,0.8333413600921631,True,771,0.8263617753982544,True,771,0.8189568519592285,True,c12_correct
772,773,773_2.bmp,preprocessed_results\773\773_2.bmp,772,772,772,0.9212960600852966,773,0.010754670016467571,0.9105413900688291,772|773|741|707|647,0.92129606|0.01075467|0.00309855|0.00232764|0.00117690,1,0.9212960600852966,True,772,0.9212960600852966,True,772,0.7737786173820496,True,772,0.8130958080291748,True,772,0.802988588809967,True,c12_correct
773,774,774_10.bmp,preprocessed_results\774\774_10.bmp,773,773,773,0.8247748017311096,772,0.03772469237446785,0.7870501093566418,773|772|823|583|142,0.82477480|0.03772469|0.00520748|0.00409459|0.00382302,1,0.8247748017311096,True,773,0.8247748017311096,True,773,0.2890675961971283,True,773,0.7663669586181641,True,773,0.5089797377586365,True,c12_correct
774,775,775_1.bmp,preprocessed_results\775\775_1.bmp,774,774,774,0.8521644473075867,766,0.005311964079737663,0.846852483227849,774|766|654|756|609,0.85216445|0.00531196|0.00425337|0.00404979|0.00349944,1,0.8521644473075867,True,774,0.8521644473075867,True,774,0.6370245218276978,True,774,0.8085955381393433,True,774,0.6804124712944031,True,c12_correct
775,776,776_9.bmp,preprocessed_results\776\776_9.bmp,775,775,775,0.84212327003479,827,0.008633713237941265,0.8334895567968488,775|827|587|709|692,0.84212327|0.00863371|0.00680772|0.00652184|0.00433347,1,0.84212327003479,True,775,0.84212327003479,True,775,0.7591488361358643,True,775,0.83292156457901,True,775,0.7964518070220947,True,c12_correct
776,777,777_7.bmp,preprocessed_results\777\777_7.bmp,776,776,776,0.7271981835365295,777,0.03262355551123619,0.6945746280252934,776|777|784|659|793,0.72719818|0.03262356|0.01739722|0.00685694|0.00481811,1,0.7271981835365295,True,776,0.7271981835365295,True,776,0.35153302550315857,True,776,0.8151620626449585,True,776,0.5621093511581421,True,c12_correct
777,778,778_3.bmp,preprocessed_results\778\778_3.bmp,777,777,777,0.9637426733970642,776,0.0016939681954681873,0.962048705201596,777|776|581|829|759,0.96374267|0.00169397|0.00110196|0.00085425|0.00078397,1,0.9637426733970642,True,777,0.9637426733970642,True,777,0.8554141521453857,True,777,0.8536622524261475,True,777,0.7581092715263367,True,c12_correct
778,779,779_2.bmp,preprocessed_results\779\779_2.bmp,778,778,778,0.8822650909423828,132,0.0031905469950288534,0.879074543947354,778|132|410|671|297,0.88226509|0.00319055|0.00301350|0.00297301|0.00202494,1,0.8822650909423828,True,778,0.8822650909423828,True,778,0.8275300860404968,True,778,0.7983047366142273,True,778,0.8338059186935425,True,c12_correct
779,780,780_7.bmp,preprocessed_results\780\780_7.bmp,779,779,779,0.920459508895874,23,0.003549387911334634,0.9169101209845394,779|23|784|778|107,0.92045951|0.00354939|0.00272740|0.00175079|0.00171027,1,0.920459508895874,True,779,0.920459508895874,True,779,0.7505873441696167,True,779,0.8327327966690063,True,779,0.8817277550697327,True,c12_correct
780,781,781_4.bmp,preprocessed_results\781\781_4.bmp,780,780,780,0.8413682579994202,764,0.04344816133379936,0.7979200966656208,780|764|668|811|820,0.84136826|0.04344816|0.00556800|0.00395415|0.00371973,1,0.8413682579994202,True,780,0.8413682579994202,True,780,0.7823757529258728,True,780,0.8120697140693665,True,780,0.7439947128295898,True,c12_correct
781,782,782_8.bmp,preprocessed_results\782\782_8.bmp,781,781,781,0.3047950267791748,812,0.021893594413995743,0.28290143236517906,781|812|780|733|543,0.30479503|0.02189359|0.01796072|0.01587534|0.01334444,1,0.3047950267791748,True,781,0.3047950267791748,True,781,0.5130535364151001,True,781,0.809104859828949,True,781,0.7177642583847046,True,c12_correct
782,783,783_5.bmp,preprocessed_results\783\783_5.bmp,782,782,782,0.9255255460739136,110,0.003966388758271933,0.9215591573156416,782|110|410|783|668,0.92552555|0.00396639|0.00309584|0.00195677|0.00185445,1,0.9255255460739136,True,782,0.9255255460739136,True,782,0.8377717137336731,True,782,0.8274394869804382,True,782,0.8592616319656372,True,c12_correct
783,784,784_3.bmp,preprocessed_results\784\784_3.bmp,783,783,783,0.8325183391571045,589,0.0064765396527945995,0.8260417995043099,783|589|587|610|780,0.83251834|0.00647654|0.00580549|0.00550239|0.00478312,1,0.8325183391571045,True,783,0.8325183391571045,True,783,0.682346522808075,True,783,0.823278546333313,True,783,0.701256513595581,True,c12_correct
784,785,785_5.bmp,preprocessed_results\785\785_5.bmp,784,784,784,0.9394542574882507,572,0.004545291420072317,0.9349089660681784,784|572|758|785|626,0.93945426|0.00454529|0.00441953|0.00163710|0.00149973,1,0.9394542574882507,True,784,0.9394542574882507,True,784,0.7829760313034058,True,784,0.8028006553649902,True,784,0.7331425547599792,True,c12_correct
785,786,786_5.bmp,preprocessed_results\786\786_5.bmp,785,785,785,0.6331033110618591,646,0.014591088518500328,0.6185122225433588,785|646|728|199|198,0.63310331|0.01459109|0.01454652|0.01026162|0.00720688,1,0.6331033110618591,True,785,0.6331033110618591,True,785,0.4986671805381775,True,785,0.8118979930877686,True,785,0.6348058581352234,True,c12_correct
786,787,787_7.bmp,preprocessed_results\787\787_7.bmp,786,786,786,0.9197573065757751,211,0.005437000654637814,0.9143203059211373,786|211|638|338|692,0.91975731|0.00543700|0.00431872|0.00230198|0.00172445,1,0.9197573065757751,True,786,0.9197573065757751,True,786,0.7983059287071228,True,786,0.8385656476020813,True,786,0.8324108719825745,True,c12_correct
787,788,788_4.bmp,preprocessed_results\788\788_4.bmp,787,787,787,0.9279528856277466,723,0.004096516873687506,0.9238563687540591,787|723|601|614|30,0.92795289|0.00409652|0.00295073|0.00206733|0.00179807,1,0.9279528856277466,True,787,0.9279528856277466,True,787,0.7396114468574524,True,787,0.8288825750350952,True,787,0.8266700506210327,True,c12_correct
788,789,789_3.bmp,preprocessed_results\789\789_3.bmp,788,788,788,0.762649416923523,710,0.03827344998717308,0.7243759669363499,788|710|789|580|246,0.76264942|0.03827345|0.00629291|0.00389268|0.00350878,1,0.762649416923523,True,788,0.762649416923523,True,788,0.8578034043312073,True,788,0.8190180659294128,True,788,0.8522015810012817,True,c12_correct
789,790,790_6.bmp,preprocessed_results\790\790_6.bmp,789,789,789,0.907180666923523,695,0.00445586396381259,0.9027248029597104,789|695|772|749|657,0.90718067|0.00445586|0.00397439|0.00241761|0.00192255,1,0.907180666923523,True,789,0.907180666923523,True,789,0.8916593194007874,True,789,0.8339644074440002,True,789,0.8176243305206299,True,c12_correct
790,791,791_6.bmp,preprocessed_results\791\791_6.bmp,790,790,790,0.9150550365447998,621,0.005270292051136494,0.9097847444936633,790|621|791|827|757,0.91505504|0.00527029|0.00436476|0.00296762|0.00267084,1,0.9150550365447998,True,790,0.9150550365447998,True,790,0.8379978537559509,True,790,0.8025386929512024,True,790,0.808245062828064,True,c12_correct
791,792,792_9.bmp,preprocessed_results\792\792_9.bmp,791,791,791,0.6959621906280518,586,0.03534745052456856,0.6606147401034832,791|586|807|801|738,0.69596219|0.03534745|0.02470598|0.01683616|0.00569969,1,0.6959621906280518,True,791,0.6959621906280518,True,791,0.5546739101409912,True,791,0.8044087886810303,True,791,0.649776816368103,True,c12_correct
792,793,793_1.bmp,preprocessed_results\793\793_1.bmp,792,792,792,0.8106843829154968,793,0.015010877512395382,0.7956735054031014,792|793|768|791|824,0.81068438|0.01501088|0.00922105|0.00499432|0.00384802,1,0.8106843829154968,True,792,0.8106843829154968,True,792,0.5016608238220215,True,792,0.8311678171157837,True,792,0.7395445704460144,True,c12_correct
793,794,794_2.bmp,preprocessed_results\794\794_2.bmp,793,793,793,0.9449149370193481,792,0.004433054011315107,0.940481883008033,793|792|613|707|730,0.94491494|0.00443305|0.00427621|0.00135275|0.00115953,1,0.9449149370193481,True,793,0.9449149370193481,True,793,0.7918055653572083,True,793,0.8197426795959473,True,793,0.8239144682884216,True,c12_correct
794,795,795_7.bmp,preprocessed_results\795\795_7.bmp,794,794,794,0.9446989297866821,510,0.0017890436574816704,0.9429098861292005,794|510|64|747|327,0.94469893|0.00178904|0.00127536|0.00115816|0.00091588,1,0.9446989297866821,True,794,0.9446989297866821,True,794,0.8861412405967712,True,794,0.838858962059021,True,794,0.8409881591796875,True,c12_correct
795,796,796_5.bmp,preprocessed_results\796\796_5.bmp,795,795,795,0.9416565299034119,24,0.0021017969120293856,0.9395547329913825,795|24|112|262|819,0.94165653|0.00210180|0.00180194|0.00178612|0.00108770,1,0.9416565299034119,True,795,0.9416565299034119,True,795,0.8512799739837646,True,795,0.809112548828125,True,795,0.7890259027481079,True,c12_correct
796,797,797_6.bmp,preprocessed_results\797\797_6.bmp,796,796,796,0.9418372511863708,632,0.002085587242618203,0.9397516639437526,796|632|806|501|816,0.94183725|0.00208559|0.00208054|0.00180335|0.00163096,1,0.9418372511863708,True,796,0.9418372511863708,True,796,0.7734987139701843,True,796,0.8278284072875977,True,796,0.7948226928710938,True,c12_correct
797,798,798_4.bmp,preprocessed_results\798\798_4.bmp,797,797,797,0.8839360475540161,815,0.0037145421374589205,0.8802215054165572,797|815|816|306|796,0.88393605|0.00371454|0.00354218|0.00329070|0.00319524,1,0.8839360475540161,True,797,0.8839360475540161,True,797,0.8465627431869507,True,797,0.8372403979301453,True,797,0.861422061920166,True,c12_correct
798,799,799_7.bmp,preprocessed_results\799\799_7.bmp,798,798,798,0.7203602194786072,632,0.011805453337728977,0.7085547661408782,798|632|340|147|595,0.72036022|0.01180545|0.00632771|0.00570229|0.00472439,1,0.7203602194786072,True,798,0.7203602194786072,True,798,0.7958263158798218,True,798,0.8344866633415222,True,798,0.8338578939437866,True,c12_correct
799,800,800_9.bmp,preprocessed_results\800\800_9.bmp,799,799,799,0.666100263595581,758,0.04704998806118965,0.6190502755343914,799|758|820|626|627,0.66610026|0.04704999|0.01291018|0.01040693|0.00695853,1,0.666100263595581,True,799,0.666100263595581,True,799,0.6425712704658508,True,799,0.7443276047706604,True,799,0.7117093801498413,True,c12_correct
800,801,801_9.bmp,preprocessed_results\801\801_9.bmp,800,800,800,0.8897107839584351,801,0.010640779510140419,0.8790700044482946,800|801|699|617|700,0.88971078|0.01064078|0.00768513|0.00224073|0.00192967,1,0.8897107839584351,True,800,0.8897107839584351,True,800,0.6927305459976196,True,800,0.8028324842453003,True,800,0.7952053546905518,True,c12_correct
801,802,802_10.bmp,preprocessed_results\802\802_10.bmp,801,801,801,0.8951806426048279,800,0.005988277494907379,0.8891923651099205,801|800|701|805|548,0.89518064|0.00598828|0.00309781|0.00255514|0.00236993,1,0.8951806426048279,True,801,0.8951806426048279,True,801,0.7864294052124023,True,801,0.8212141394615173,True,801,0.8285868167877197,True,c12_correct
802,803,803_6.bmp,preprocessed_results\803\803_6.bmp,802,802,802,0.587264358997345,808,0.030737191438674927,0.55652716755867,802|808|577|677|576,0.58726436|0.03073719|0.01418580|0.01298749|0.01110916,1,0.587264358997345,True,802,0.587264358997345,True,802,0.6579345464706421,True,802,0.8390828371047974,True,802,0.7771684527397156,True,c12_correct
803,804,804_5.bmp,preprocessed_results\804\804_5.bmp,803,803,803,0.8930859565734863,802,0.03548808395862579,0.8575978726148605,803|802|677|814|679,0.89308596|0.03548808|0.00889108|0.00197492|0.00115427,1,0.8930859565734863,True,803,0.8930859565734863,True,803,0.8135547041893005,True,803,0.829255998134613,True,803,0.7941527962684631,True,c12_correct
804,805,805_6.bmp,preprocessed_results\805\805_6.bmp,804,804,804,0.8565341234207153,648,0.04928228259086609,0.8072518408298492,804|648|372|640|645,0.85653412|0.04928228|0.01005542|0.00376656|0.00187623,1,0.8565341234207153,True,804,0.8565341234207153,True,804,0.8623617887496948,True,804,0.8114106059074402,True,804,0.8332839012145996,True,c12_correct
805,806,806_2.bmp,preprocessed_results\806\806_2.bmp,805,805,805,0.9377195835113525,635,0.00414286507293582,0.9335767184384167,805|635|667|641|601,0.93771958|0.00414287|0.00244003|0.00226528|0.00150275,1,0.9377195835113525,True,805,0.9377195835113525,True,805,0.8003060817718506,True,805,0.8363927602767944,True,805,0.8092162013053894,True,c12_correct
806,807,807_10.bmp,preprocessed_results\807\807_10.bmp,806,806,806,0.891372561454773,778,0.006482751574367285,0.8848898098804057,806|778|810|807|398,0.89137256|0.00648275|0.00237121|0.00185232|0.00173847,1,0.891372561454773,True,806,0.891372561454773,True,806,0.8478014469146729,True,806,0.8689967393875122,True,806,0.8691104650497437,True,c12_correct
807,808,808_9.bmp,preprocessed_results\808\808_9.bmp,807,807,807,0.8521184921264648,801,0.008589114993810654,0.8435293771326542,807|801|593|800|653,0.85211849|0.00858911|0.00857244|0.00492427|0.00339110,1,0.8521184921264648,True,807,0.8521184921264648,True,807,0.665131688117981,True,807,0.8398054242134094,True,807,0.7523230314254761,True,c12_correct
808,809,809_9.bmp,preprocessed_results\809\809_9.bmp,808,808,808,0.9008324146270752,809,0.006998875178396702,0.8938335394486785,808|809|684|802|474,0.90083241|0.00699888|0.00313655|0.00279106|0.00218601,1,0.9008324146270752,True,808,0.9008324146270752,True,808,0.8457425236701965,True,808,0.8338132500648499,True,808,0.8517754077911377,True,c12_correct
809,810,810_2.bmp,preprocessed_results\810\810_2.bmp,809,809,809,0.960772693157196,826,0.002672592643648386,0.9581001005135477,809|826|808|832|800,0.96077269|0.00267259|0.00208705|0.00139841|0.00125766,1,0.960772693157196,True,809,0.960772693157196,True,809,0.9014624357223511,True,809,0.8320712447166443,True,809,0.8451311588287354,True,c12_correct
810,811,811_6.bmp,preprocessed_results\811\811_6.bmp,810,810,810,0.792959451675415,806,0.01191246323287487,0.7810469884425402,810|806|830|287|236,0.79295945|0.01191246|0.01098912|0.00741123|0.00496708,1,0.792959451675415,True,810,0.792959451675415,True,810,0.6556991934776306,True,810,0.7777270078659058,True,810,0.7712095379829407,True,c12_correct
811,812,812_7.bmp,preprocessed_results\812\812_7.bmp,811,811,811,0.9769816994667053,17,0.002329040551558137,0.9746526589151472,811|17|759|810|683,0.97698170|0.00232904|0.00176826|0.00083465|0.00048134,1,0.9769816994667053,True,811,0.9769816994667053,True,811,0.8971156477928162,True,811,0.8440882563591003,True,811,0.8868623971939087,True,c12_correct
812,813,813_10.bmp,preprocessed_results\813\813_10.bmp,812,812,812,0.9118602275848389,742,0.004242723807692528,0.9076175037771463,812|742|727|651|781,0.91186023|0.00424272|0.00398547|0.00386154|0.00293697,1,0.9118602275848389,True,812,0.9118602275848389,True,812,0.7530909180641174,True,812,0.8285841941833496,True,812,0.7057342529296875,True,c12_correct
813,814,814_7.bmp,preprocessed_results\814\814_7.bmp,813,813,813,0.9232240915298462,812,0.005821554455906153,0.91740253707394,813|812|809|827|744,0.92322409|0.00582155|0.00169554|0.00165906|0.00139295,1,0.9232240915298462,True,813,0.9232240915298462,True,813,0.8159284591674805,True,813,0.8379573822021484,True,813,0.8712455034255981,True,c12_correct
814,815,815_1.bmp,preprocessed_results\815\815_1.bmp,814,814,814,0.9524067044258118,805,0.003990782890468836,0.9484159215353429,814|805|815|635|675,0.95240670|0.00399078|0.00235259|0.00192042|0.00079923,1,0.9524067044258118,True,814,0.9524067044258118,True,814,0.9168203473091125,True,814,0.8445712924003601,True,814,0.8545490503311157,True,c12_correct
815,816,816_10.bmp,preprocessed_results\816\816_10.bmp,815,815,815,0.9186081290245056,738,0.004126774612814188,0.9144813544116914,815|738|814|712|601,0.91860813|0.00412677|0.00336901|0.00178995|0.00156206,1,0.9186081290245056,True,815,0.9186081290245056,True,815,0.8046196699142456,True,815,0.8444237112998962,True,815,0.7264080047607422,True,c12_correct
816,817,817_10.bmp,preprocessed_results\817\817_10.bmp,816,816,816,0.9228088855743408,796,0.007571008987724781,0.915237876586616,816|796|817|797|112,0.92280889|0.00757101|0.00697867|0.00335929|0.00307614,1,0.9228088855743408,True,816,0.9228088855743408,True,816,0.7738312482833862,True,816,0.8452804684638977,True,816,0.8351038098335266,True,c12_correct
817,818,818_5.bmp,preprocessed_results\818\818_5.bmp,817,817,817,0.5886252522468567,792,0.018469616770744324,0.5701556354761124,817|792|273|816|602,0.58862525|0.01846962|0.01802439|0.01124377|0.00796099,1,0.5886252522468567,True,817,0.5886252522468567,True,817,0.8523483872413635,True,817,0.8392099738121033,True,817,0.8518121838569641,True,c12_correct
818,819,819_3.bmp,preprocessed_results\819\819_3.bmp,818,818,818,0.9403024315834045,60,0.002808760153129697,0.9374936714302748,818|60|632|732|61,0.94030243|0.00280876|0.00089569|0.00083130|0.00080547,1,0.9403024315834045,True,818,0.9403024315834045,True,818,0.8573648929595947,True,818,0.8437612652778625,True,818,0.823134183883667,True,c12_correct
819,820,820_7.bmp,preprocessed_results\820\820_7.bmp,819,819,819,0.8974903225898743,757,0.005514869000762701,0.8919754535891116,819|757|633|755|795,0.89749032|0.00551487|0.00305805|0.00238548|0.00220028,1,0.8974903225898743,True,819,0.8974903225898743,True,819,0.8287280201911926,True,819,0.8267502188682556,True,819,0.8885705471038818,True,c12_correct
820,821,821_2.bmp,preprocessed_results\821\821_2.bmp,820,820,820,0.9250720739364624,780,0.004583672620356083,0.9204884013161063,820|780|811|764|810,0.92507207|0.00458367|0.00345340|0.00339364|0.00276946,1,0.9250720739364624,True,820,0.9250720739364624,True,820,0.7628335952758789,True,820,0.8203697204589844,True,820,0.8466358184814453,True,c12_correct
821,822,822_3.bmp,preprocessed_results\822\822_3.bmp,821,821,821,0.920865535736084,673,0.007240560837090015,0.913624974898994,821|673|740|755|87,0.92086554|0.00724056|0.00225783|0.00185297|0.00156191,1,0.920865535736084,True,821,0.920865535736084,True,821,0.8118764758110046,True,821,0.8407095074653625,True,821,0.8323631882667542,True,c12_correct
822,823,823_10.bmp,preprocessed_results\823\823_10.bmp,822,822,822,0.9420554637908936,823,0.005107457283884287,0.9369480065070093,822|823|596|570|780,0.94205546|0.00510746|0.00457298|0.00148834|0.00111426,1,0.9420554637908936,True,822,0.9420554637908936,True,822,0.8878539204597473,True,822,0.8384420871734619,True,822,0.8571101427078247,True,c12_correct
823,824,824_8.bmp,preprocessed_results\824\824_8.bmp,823,823,823,0.9283860921859741,822,0.0016946779796853662,0.9266914142062888,823|822|773|748|805,0.92838609|0.00169468|0.00112736|0.00107718|0.00105135,1,0.9283860921859741,True,823,0.9283860921859741,True,823,0.8278863430023193,True,823,0.8354722857475281,True,823,0.8636191487312317,True,c12_correct
824,825,825_10.bmp,preprocessed_results\825\825_10.bmp,824,824,824,0.945523202419281,822,0.003107357770204544,0.9424158446490765,824|822|571|570|830,0.94552320|0.00310736|0.00210407|0.00193823|0.00148051,1,0.945523202419281,True,824,0.945523202419281,True,824,0.7188448905944824,True,824,0.7918769717216492,True,824,0.6961085796356201,True,c12_correct
825,826,826_2.bmp,preprocessed_results\826\826_2.bmp,825,825,825,0.9168674349784851,831,0.002518251771107316,0.9143491832073778,825|831|770|763|777,0.91686743|0.00251825|0.00224472|0.00223448|0.00214060,1,0.9168674349784851,True,825,0.9168674349784851,True,825,0.9235658049583435,True,825,0.8366360068321228,True,825,0.8013372421264648,True,c12_correct
826,827,827_10.bmp,preprocessed_results\827\827_10.bmp,826,826,826,0.9231182336807251,827,0.0056423344649374485,0.9174758992157876,826|827|751|616|757,0.92311823|0.00564233|0.00466136|0.00331973|0.00201746,1,0.9231182336807251,True,826,0.9231182336807251,True,826,0.8816589713096619,True,826,0.8449801206588745,True,826,0.780332088470459,True,c12_correct
827,828,828_10.bmp,preprocessed_results\828\828_10.bmp,827,827,827,0.8819642663002014,826,0.0170906875282526,0.8648735787719488,827|826|691|644|645,0.88196427|0.01709069|0.00667027|0.00441616|0.00250674,1,0.8819642663002014,True,827,0.8819642663002014,True,827,0.7068804502487183,True,827,0.8418859243392944,True,827,0.7859734296798706,True,c12_correct
828,829,829_2.bmp,preprocessed_results\829\829_2.bmp,828,828,828,0.8743845820426941,786,0.006966881453990936,0.8674177005887032,828|786|650|692|580,0.87438458|0.00696688|0.00436512|0.00375345|0.00293531,1,0.8743845820426941,True,828,0.8743845820426941,True,828,0.6957080364227295,True,828,0.8078099489212036,True,828,0.5804144144058228,True,c12_correct
829,830,830_5.bmp,preprocessed_results\830\830_5.bmp,829,829,829,0.8934740424156189,738,0.0061153811402618885,0.887358661275357,829|738|739|809|141,0.89347404|0.00611538|0.00531373|0.00498946|0.00229393,1,0.8934740424156189,True,829,0.8934740424156189,True,829,0.8663713932037354,True,829,0.8249068260192871,True,829,0.8298493027687073,True,c12_correct
830,831,831_8.bmp,preprocessed_results\831\831_8.bmp,830,830,830,0.8779609799385071,620,0.006501668132841587,0.8714593118056655,830|620|822|824|810,0.87796098|0.00650167|0.00423027|0.00350312|0.00239367,1,0.8779609799385071,True,830,0.8779609799385071,True,830,0.8657361268997192,True,830,0.8167375922203064,True,830,0.8117547631263733,True,c12_correct
831,832,832_9.bmp,preprocessed_results\832\832_9.bmp,831,831,799,0.19291935861110687,431,0.07443859428167343,0.11848076432943344,799|431|830|831|1,0.19291936|0.07443859|0.05880684|0.03497509|0.01809324,4,0.0349750891327858,True,799,0.19291935861110687,False,830,0.03701392188668251,False,831,0.794791579246521,True,831,0.29672980308532715,True,teacher_all_correct;true_in_top5
832,833,833_10.bmp,preprocessed_results\833\833_10.bmp,832,832,832,0.7596456408500671,304,0.012326503172516823,0.7473191376775503,832|304|678|282|531,0.75964564|0.01232650|0.00892216|0.00736778|0.00596709,1,0.7596456408500671,True,832,0.7596456408500671,True,832,0.8061517477035522,True,832,0.8294907808303833,True,832,0.8162710666656494,True,c12_correct
833,834,834_8.bmp,preprocessed_results\834\834_8.bmp,833,833,833,0.9344491362571716,832,0.0025015082210302353,0.9319476280361414,833|832|102|712|487,0.93444914|0.00250151|0.00239772|0.00164169|0.00135184,1,0.9344491362571716,True,833,0.9344491362571716,True,833,0.8513408899307251,True,833,0.8211889863014221,True,833,0.8769004940986633,True,c12_correct
