index,subject_id,filename,path,label,true_label,c12_top1,c12_top1_prob,c12_top2,c12_top2_prob,c12_margin_top1_top2,c12_top5_labels,c12_top5_probs,c12_true_rank,c12_true_prob,c12_true_in_top5,c12_pred,c12_conf,c12_correct,mobilenet_pred,mobilenet_conf,mobilenet_correct,effv2m_pred,effv2m_conf,effv2m_correct,resnet50_pred,resnet50_conf,resnet50_correct,diagnosis
0,1,1_10.bmp,preprocessed_results\1\1_10.bmp,0,0,0,0.8835767507553101,1,0.05235892906785011,0.83121782168746,0|1|97|207|249,0.88357675|0.05235893|0.00330399|0.00294277|0.00170472,1,0.8835767507553101,True,0,0.8835767507553101,True,0,0.8807249069213867,True,0,0.8586646914482117,True,0,0.8092822432518005,True,c12_correct
1,2,2_9.bmp,preprocessed_results\2\2_9.bmp,1,1,1,0.856884241104126,0,0.03676023334264755,0.8201240077614784,1|0|831|752|65,0.85688424|0.03676023|0.00299418|0.00211709|0.00201105,1,0.856884241104126,True,1,0.856884241104126,True,1,0.8541948199272156,True,1,0.8367971181869507,True,1,0.7320094108581543,True,c12_correct
2,3,3_8.bmp,preprocessed_results\3\3_8.bmp,2,2,2,0.7096894979476929,623,0.013079953379929066,0.6966095445677638,2|623|136|795|90,0.70968950|0.01307995|0.00983040|0.00965976|0.00629782,1,0.7096894979476929,True,2,0.7096894979476929,True,2,0.6435295343399048,True,2,0.7944902181625366,True,2,0.7591208219528198,True,c12_correct
3,4,4_6.bmp,preprocessed_results\4\4_6.bmp,3,3,3,0.8803015947341919,735,0.007516470272094011,0.8727851244620979,3|735|163|319|2,0.88030159|0.00751647|0.00365591|0.00270671|0.00220965,1,0.8803015947341919,True,3,0.8803015947341919,True,3,0.9039043188095093,True,3,0.8390026092529297,True,3,0.7672256827354431,True,c12_correct
4,5,5_10.bmp,preprocessed_results\5\5_10.bmp,4,4,4,0.9053189158439636,170,0.029179150238633156,0.8761397656053305,4|170|198|100|674,0.90531892|0.02917915|0.00395132|0.00248418|0.00132597,1,0.9053189158439636,True,4,0.9053189158439636,True,4,0.601411759853363,True,4,0.8194741010665894,True,4,0.7296889424324036,True,c12_correct
5,6,6_6.bmp,preprocessed_results\6\6_6.bmp,5,5,5,0.8302129507064819,171,0.07871058583259583,0.7515023648738861,5|171|758|13|813,0.83021295|0.07871059|0.00286486|0.00246569|0.00217308,1,0.8302129507064819,True,5,0.8302129507064819,True,5,0.43013983964920044,True,5,0.7179867029190063,True,5,0.2726656496524811,True,c12_correct
6,7,7_10.bmp,preprocessed_results\7\7_10.bmp,6,6,6,0.8382955193519592,246,0.015573042444884777,0.8227224769070745,6|246|176|156|538,0.83829552|0.01557304|0.00749990|0.00586911|0.00485600,1,0.8382955193519592,True,6,0.8382955193519592,True,6,0.5747631192207336,True,6,0.796624481678009,True,6,0.5902025103569031,True,c12_correct
7,8,8_4.bmp,preprocessed_results\8\8_4.bmp,7,7,7,0.6480958461761475,6,0.06762369722127914,0.5804721489548683,7|6|161|267|781,0.64809585|0.06762370|0.00742068|0.00616127|0.00567944,1,0.6480958461761475,True,7,0.6480958461761475,True,7,0.5926808714866638,True,7,0.8468852639198303,True,7,0.6875666975975037,True,c12_correct
8,9,9_10.bmp,preprocessed_results\9\9_10.bmp,8,8,8,0.7677232623100281,423,0.01408987957984209,0.753633382730186,8|423|164|329|230,0.76772326|0.01408988|0.00606499|0.00581932|0.00525898,1,0.7677232623100281,True,8,0.7677232623100281,True,8,0.5520250797271729,True,8,0.8310112357139587,True,8,0.6806895136833191,True,c12_correct
9,10,10_5.bmp,preprocessed_results\10\10_5.bmp,9,9,9,0.8346884250640869,120,0.014371500350534916,0.820316924713552,9|120|55|378|196,0.83468843|0.01437150|0.01197738|0.00567273|0.00397673,1,0.8346884250640869,True,9,0.8346884250640869,True,9,0.619391918182373,True,9,0.8094950914382935,True,9,0.6716591119766235,True,c12_correct
10,11,11_3.bmp,preprocessed_results\11\11_3.bmp,10,10,10,0.9038904905319214,230,0.005730384960770607,0.8981601055711508,10|230|795|216|46,0.90389049|0.00573038|0.00468448|0.00442067|0.00294425,1,0.9038904905319214,True,10,0.9038904905319214,True,10,0.8380301594734192,True,10,0.8394871354103088,True,10,0.7967588901519775,True,c12_correct
11,12,12_2.bmp,preprocessed_results\12\12_2.bmp,11,11,11,0.911514401435852,325,0.004437678959220648,0.9070767224766314,11|325|101|98|729,0.91151440|0.00443768|0.00383298|0.00342440|0.00298678,1,0.911514401435852,True,11,0.911514401435852,True,11,0.928759753704071,True,11,0.8239507675170898,True,11,0.7952887415885925,True,c12_correct
12,13,13_2.bmp,preprocessed_results\13\13_2.bmp,12,12,12,0.5506100058555603,544,0.043755363672971725,0.5068546421825886,12|544|338|411|215,0.55061001|0.04375536|0.02882858|0.00982205|0.00855259,1,0.5506100058555603,True,12,0.5506100058555603,True,12,0.5140480399131775,True,12,0.8241737484931946,True,12,0.7720719575881958,True,c12_correct
13,14,14_6.bmp,preprocessed_results\14\14_6.bmp,13,13,13,0.6937012076377869,783,0.013355568051338196,0.6803456395864487,13|783|674|84|331,0.69370121|0.01335557|0.01040285|0.00801149|0.00658971,1,0.6937012076377869,True,13,0.6937012076377869,True,13,0.7909603118896484,True,13,0.8155294060707092,True,13,0.6058489084243774,True,c12_correct
14,15,15_10.bmp,preprocessed_results\15\15_10.bmp,14,14,14,0.5068439245223999,15,0.04190877452492714,0.46493514999747276,14|15|187|307|41,0.50684392|0.04190877|0.01749990|0.01151541|0.00895714,1,0.5068439245223999,True,14,0.5068439245223999,True,14,0.7235614061355591,True,14,0.8184342384338379,True,14,0.6824061274528503,True,c12_correct
15,16,16_2.bmp,preprocessed_results\16\16_2.bmp,15,15,15,0.9149814248085022,303,0.0033304474782198668,0.9116509773302823,15|303|272|711|14,0.91498142|0.00333045|0.00328303|0.00267812|0.00251783,1,0.9149814248085022,True,15,0.9149814248085022,True,15,0.8461008667945862,True,15,0.8468760848045349,True,15,0.8123117089271545,True,c12_correct
16,17,17_4.bmp,preprocessed_results\17\17_4.bmp,16,16,16,0.28339093923568726,237,0.05595939978957176,0.2274315394461155,16|237|580|17|764,0.28339094|0.05595940|0.03136849|0.01850176|0.01669831,1,0.28339093923568726,True,16,0.28339093923568726,True,16,0.3511635661125183,True,16,0.8122283220291138,True,16,0.4472997188568115,True,c12_correct
17,18,18_7.bmp,preprocessed_results\18\18_7.bmp,17,17,17,0.4570408761501312,811,0.027710992842912674,0.42932988330721855,17|811|764|7|356,0.45704088|0.02771099|0.02636408|0.01017501|0.00908798,1,0.4570408761501312,True,17,0.4570408761501312,True,17,0.1562063843011856,True,17,0.5694795250892639,True,17,0.3814961612224579,True,c12_correct
18,19,19_10.bmp,preprocessed_results\19\19_10.bmp,18,18,18,0.8709889054298401,19,0.02283495105803013,0.84815395437181,18|19|49|135|134,0.87098891|0.02283495|0.00381826|0.00323930|0.00261103,1,0.8709889054298401,True,18,0.8709889054298401,True,18,0.7634387016296387,True,18,0.840829074382782,True,18,0.7625004649162292,True,c12_correct
19,20,20_8.bmp,preprocessed_results\20\20_8.bmp,19,19,19,0.5529788732528687,18,0.06709878146648407,0.4858800917863846,19|18|14|307|24,0.55297887|0.06709878|0.01177683|0.00794302|0.00607211,1,0.5529788732528687,True,19,0.5529788732528687,True,19,0.6597826480865479,True,19,0.8270338177680969,True,19,0.7015617489814758,True,c12_correct
20,21,21_4.bmp,preprocessed_results\21\21_4.bmp,20,20,20,0.870387077331543,21,0.013187713921070099,0.8571993634104729,20|21|225|307|261,0.87038708|0.01318771|0.00723079|0.00415281|0.00318646,1,0.870387077331543,True,20,0.870387077331543,True,20,0.9255138635635376,True,20,0.8117364048957825,True,20,0.8344922065734863,True,c12_correct
21,22,22_10.bmp,preprocessed_results\22\22_10.bmp,21,21,21,0.7694363594055176,275,0.017352938652038574,0.752083420753479,21|275|746|290|93,0.76943636|0.01735294|0.01351085|0.00790046|0.00766995,1,0.7694363594055176,True,21,0.7694363594055176,True,21,0.6421736478805542,True,21,0.8118278384208679,True,21,0.617303729057312,True,c12_correct
22,23,23_1.bmp,preprocessed_results\23\23_1.bmp,22,22,22,0.5322412252426147,429,0.022290324792265892,0.5099509004503489,22|429|499|442|716,0.53224123|0.02229032|0.01236925|0.01033882|0.00707732,1,0.5322412252426147,True,22,0.5322412252426147,True,22,0.7866286039352417,True,22,0.8204826712608337,True,22,0.7457966804504395,True,c12_correct
23,24,24_3.bmp,preprocessed_results\24\24_3.bmp,23,23,23,0.8125898241996765,129,0.012443910352885723,0.8001459138467908,23|129|243|69|147,0.81258982|0.01244391|0.00407221|0.00399329|0.00380655,1,0.8125898241996765,True,23,0.8125898241996765,True,23,0.8302608132362366,True,23,0.8364779353141785,True,23,0.8065637350082397,True,c12_correct
24,25,25_6.bmp,preprocessed_results\25\25_6.bmp,24,24,24,0.5846073627471924,94,0.0335056446492672,0.5511017180979252,24|94|88|178|2,0.58460736|0.03350564|0.02954864|0.01799809|0.01383346,1,0.5846073627471924,True,24,0.5846073627471924,True,24,0.7651947140693665,True,24,0.8136984705924988,True,24,0.7999095320701599,True,c12_correct
25,26,26_7.bmp,preprocessed_results\26\26_7.bmp,25,25,25,0.3420547544956207,42,0.02801351062953472,0.314041243866086,25|42|423|546|415,0.34205475|0.02801351|0.02337722|0.02226005|0.01476081,1,0.3420547544956207,True,25,0.3420547544956207,True,25,0.06464889645576477,True,25,0.7919244766235352,True,25,0.41483059525489807,True,c12_correct
26,27,27_3.bmp,preprocessed_results\27\27_3.bmp,26,26,26,0.8807802200317383,419,0.011377154849469662,0.8694030651822686,26|419|22|265|27,0.88078022|0.01137715|0.00998447|0.00766665|0.00716075,1,0.8807802200317383,True,26,0.8807802200317383,True,26,0.8164071440696716,True,26,0.8006393909454346,True,26,0.7260542511940002,True,c12_correct
27,28,28_10.bmp,preprocessed_results\28\28_10.bmp,27,27,27,0.8714008331298828,26,0.00906042568385601,0.8623404074460268,27|26|332|271|397,0.87140083|0.00906043|0.00669694|0.00313929|0.00216561,1,0.8714008331298828,True,27,0.8714008331298828,True,27,0.7906268835067749,True,27,0.8479205965995789,True,27,0.8497887253761292,True,c12_correct
28,29,29_2.bmp,preprocessed_results\29\29_2.bmp,28,28,28,0.5457248091697693,189,0.02002261020243168,0.5257021989673376,28|189|262|266|423,0.54572481|0.02002261|0.01961806|0.01522195|0.01170668,1,0.5457248091697693,True,28,0.5457248091697693,True,28,0.626236081123352,True,28,0.8167579174041748,True,28,0.6886655688285828,True,c12_correct
29,30,30_1.bmp,preprocessed_results\30\30_1.bmp,29,29,29,0.7938358783721924,28,0.028981614857912064,0.7648542635142803,29|28|263|303|248,0.79383588|0.02898161|0.00430889|0.00341800|0.00335352,1,0.7938358783721924,True,29,0.7938358783721924,True,29,0.5189663171768188,True,29,0.8354495763778687,True,29,0.6698707342147827,True,c12_correct
30,31,31_2.bmp,preprocessed_results\31\31_2.bmp,30,30,30,0.5992095470428467,247,0.012941530905663967,0.5862680161371827,30|247|601|213|176,0.59920955|0.01294153|0.01260775|0.01087152|0.00937640,1,0.5992095470428467,True,30,0.5992095470428467,True,30,0.6529351472854614,True,30,0.8002597093582153,True,30,0.6364003419876099,True,c12_correct
31,32,32_1.bmp,preprocessed_results\32\32_1.bmp,31,31,31,0.899196982383728,30,0.02095998451113701,0.878236997872591,31|30|649|144|438,0.89919698|0.02095998|0.00406222|0.00328873|0.00213974,1,0.899196982383728,True,31,0.899196982383728,True,31,0.7627430558204651,True,31,0.7920277714729309,True,31,0.45891278982162476,True,c12_correct
32,33,33_2.bmp,preprocessed_results\33\33_2.bmp,32,32,32,0.8833209872245789,305,0.024975281208753586,0.8583457060158253,32|305|54|89|55,0.88332099|0.02497528|0.00856629|0.00731923|0.00223141,1,0.8833209872245789,True,32,0.8833209872245789,True,32,0.7682380676269531,True,32,0.821094274520874,True,32,0.7448704242706299,True,c12_correct
33,34,34_9.bmp,preprocessed_results\34\34_9.bmp,33,33,33,0.8451835513114929,218,0.016310617327690125,0.8288729339838028,33|218|35|32|52,0.84518355|0.01631062|0.00863761|0.00790043|0.00612145,1,0.8451835513114929,True,33,0.8451835513114929,True,33,0.8822765946388245,True,33,0.848554253578186,True,33,0.8941352367401123,True,c12_correct
34,35,35_5.bmp,preprocessed_results\35\35_5.bmp,34,34,34,0.7132990956306458,158,0.016718996688723564,0.6965800989419222,34|158|318|136|137,0.71329910|0.01671900|0.01499810|0.01277619|0.00767386,1,0.7132990956306458,True,34,0.7132990956306458,True,34,0.7380006313323975,True,34,0.7965006828308105,True,34,0.6176049709320068,True,c12_correct
35,36,36_1.bmp,preprocessed_results\36\36_1.bmp,35,35,35,0.8357953429222107,34,0.005439683794975281,0.8303556591272354,35|34|490|466|450,0.83579534|0.00543968|0.00506784|0.00502081|0.00474323,1,0.8357953429222107,True,35,0.8357953429222107,True,35,0.6518524289131165,True,35,0.8184676766395569,True,35,0.49229666590690613,True,c12_correct
36,37,37_10.bmp,preprocessed_results\37\37_10.bmp,36,36,36,0.4739755094051361,23,0.02724800631403923,0.4467275030910969,36|23|162|37|825,0.47397551|0.02724801|0.02410500|0.01859686|0.01559113,1,0.4739755094051361,True,36,0.4739755094051361,True,36,0.38822150230407715,True,36,0.7999899983406067,True,36,0.727613091468811,True,c12_correct
37,38,38_8.bmp,preprocessed_results\38\38_8.bmp,37,37,37,0.17091886699199677,431,0.05561703070998192,0.11530183628201485,37|431|36|23|162,0.17091887|0.05561703|0.03255922|0.03190700|0.01674596,1,0.17091886699199677,True,37,0.17091886699199677,True,37,0.1673590987920761,True,37,0.7726715803146362,True,37,0.20163676142692566,True,c12_correct
38,39,39_4.bmp,preprocessed_results\39\39_4.bmp,38,38,38,0.0941273495554924,173,0.037190742790699005,0.056936606764793396,38|173|172|614|254,0.09412735|0.03719074|0.02972706|0.01718477|0.01482454,1,0.0941273495554924,True,38,0.0941273495554924,True,38,0.2230079174041748,True,38,0.5822464227676392,True,38,0.25276806950569153,True,c12_correct
39,40,40_4.bmp,preprocessed_results\40\40_4.bmp,39,39,39,0.7766821384429932,519,0.02794058993458748,0.7487415485084057,39|519|55|105|450,0.77668214|0.02794059|0.00967487|0.00436401|0.00426622,1,0.7766821384429932,True,39,0.7766821384429932,True,39,0.224213108420372,True,39,0.803942084312439,True,39,0.5198343992233276,True,c12_correct
40,41,41_2.bmp,preprocessed_results\41\41_2.bmp,40,40,40,0.5616245865821838,125,0.028332224115729332,0.5332923624664545,40|125|124|80|41,0.56162459|0.02833222|0.02189500|0.01864225|0.01652861,1,0.5616245865821838,True,40,0.5616245865821838,True,40,0.24941806495189667,True,40,0.7928423881530762,True,40,0.6868985295295715,True,c12_correct
41,42,42_10.bmp,preprocessed_results\42\42_10.bmp,41,41,41,0.8859759569168091,354,0.007746064569801092,0.878229892347008,41|354|185|40|27,0.88597596|0.00774606|0.00343667|0.00304850|0.00278800,1,0.8859759569168091,True,41,0.8859759569168091,True,41,0.8734882473945618,True,41,0.8249853849411011,True,41,0.8626769185066223,True,c12_correct
42,43,43_1.bmp,preprocessed_results\43\43_1.bmp,42,42,42,0.8924937844276428,25,0.006260003428906202,0.8862337809987366,42|25|43|300|114,0.89249378|0.00626000|0.00501694|0.00364970|0.00225774,1,0.8924937844276428,True,42,0.8924937844276428,True,42,0.3920891582965851,True,42,0.8104299306869507,True,42,0.7076659798622131,True,c12_correct
43,44,44_10.bmp,preprocessed_results\44\44_10.bmp,43,43,43,0.5496413707733154,276,0.01278887689113617,0.5368524938821793,43|276|720|693|42,0.54964137|0.01278888|0.01210886|0.00962960|0.00835421,1,0.5496413707733154,True,43,0.5496413707733154,True,43,0.4377520680427551,True,43,0.8148924708366394,True,43,0.7492145895957947,True,c12_correct
44,45,45_6.bmp,preprocessed_results\45\45_6.bmp,44,44,44,0.6104239225387573,45,0.015862593427300453,0.5945613291114569,44|45|127|359|80,0.61042392|0.01586259|0.01580047|0.01227880|0.00942037,1,0.6104239225387573,True,44,0.6104239225387573,True,44,0.5076844096183777,True,44,0.748665452003479,True,44,0.5809341073036194,True,c12_correct
45,46,46_10.bmp,preprocessed_results\46\46_10.bmp,45,45,45,0.5399739742279053,546,0.02259405143558979,0.5173799227923155,45|546|213|44|315,0.53997397|0.02259405|0.01882630|0.01614944|0.01165448,1,0.5399739742279053,True,45,0.5399739742279053,True,45,0.3774649202823639,True,45,0.7789205312728882,True,45,0.4231581687927246,True,c12_correct
46,47,47_4.bmp,preprocessed_results\47\47_4.bmp,46,46,46,0.8228925466537476,411,0.013833863660693169,0.8090586829930544,46|411|47|295|471,0.82289255|0.01383386|0.00792790|0.00629894|0.00497152,1,0.8228925466537476,True,46,0.8228925466537476,True,46,0.6877673864364624,True,46,0.8202536106109619,True,46,0.7196124792098999,True,c12_correct
47,48,48_10.bmp,preprocessed_results\48\48_10.bmp,47,47,47,0.6742264628410339,811,0.011368563398718834,0.6628578994423151,47|811|46|241|748,0.67422646|0.01136856|0.00950035|0.00883434|0.00861908,1,0.6742264628410339,True,47,0.6742264628410339,True,47,0.605961263179779,True,47,0.8081603050231934,True,47,0.7619240283966064,True,c12_correct
48,49,49_4.bmp,preprocessed_results\49\49_4.bmp,48,48,48,0.8099724054336548,49,0.027695639058947563,0.7822767663747072,48|49|213|205|257,0.80997241|0.02769564|0.00647755|0.00579661|0.00334212,1,0.8099724054336548,True,48,0.8099724054336548,True,48,0.8156861066818237,True,48,0.8508113026618958,True,48,0.8228476643562317,True,c12_correct
49,50,50_6.bmp,preprocessed_results\50\50_6.bmp,49,49,49,0.8861754536628723,48,0.03436819463968277,0.8518072590231895,49|48|208|334|639,0.88617545|0.03436819|0.00411444|0.00265020|0.00254530,1,0.8861754536628723,True,49,0.8861754536628723,True,49,0.4845832586288452,True,49,0.7833954691886902,True,49,0.5612953901290894,True,c12_correct
50,51,51_1.bmp,preprocessed_results\51\51_1.bmp,50,50,50,0.3860890865325928,32,0.027717866003513336,0.35837122052907944,50|32|519|517|188,0.38608909|0.02771787|0.02323166|0.02197661|0.02145158,1,0.3860890865325928,True,50,0.3860890865325928,True,50,0.3544188439846039,True,50,0.7341454029083252,True,50,0.34317246079444885,True,c12_correct
51,52,52_10.bmp,preprocessed_results\52\52_10.bmp,51,51,51,0.896001398563385,50,0.004063722677528858,0.8919376758858562,51|50|305|100|76,0.89600140|0.00406372|0.00293155|0.00285637|0.00205355,1,0.896001398563385,True,51,0.896001398563385,True,51,0.7491098642349243,True,51,0.8387874960899353,True,51,0.7764038443565369,True,c12_correct
52,53,53_8.bmp,preprocessed_results\53\53_8.bmp,52,52,52,0.8149009943008423,313,0.02502760849893093,0.7898733858019114,52|313|53|35|218,0.81490099|0.02502761|0.01484242|0.00863397|0.00781306,1,0.8149009943008423,True,52,0.8149009943008423,True,52,0.5507976412773132,True,52,0.7985531687736511,True,52,0.6830511093139648,True,c12_correct
53,54,54_6.bmp,preprocessed_results\54\54_6.bmp,53,53,53,0.9327848553657532,52,0.00421583978459239,0.9285690155811608,53|52|128|93|689,0.93278486|0.00421584|0.00269170|0.00249157|0.00152470,1,0.9327848553657532,True,53,0.9327848553657532,True,53,0.8920429944992065,True,53,0.8253206610679626,True,53,0.8081114888191223,True,c12_correct
54,55,55_7.bmp,preprocessed_results\55\55_7.bmp,54,54,54,0.6967744827270508,55,0.042792338877916336,0.6539821438491344,54|55|100|32|25,0.69677448|0.04279234|0.00851038|0.00750054|0.00622380,1,0.6967744827270508,True,54,0.6967744827270508,True,54,0.7777950763702393,True,54,0.8272848725318909,True,54,0.7903697490692139,True,c12_correct
55,56,56_10.bmp,preprocessed_results\56\56_10.bmp,55,55,55,0.9485717415809631,213,0.00406302884221077,0.9445087127387524,55|213|54|107|189,0.94857174|0.00406303|0.00332777|0.00143734|0.00090063,1,0.9485717415809631,True,55,0.9485717415809631,True,55,0.8364313244819641,True,55,0.818697452545166,True,55,0.7862163186073303,True,c12_correct
56,57,57_1.bmp,preprocessed_results\57\57_1.bmp,56,56,56,0.5985463261604309,194,0.013320807367563248,0.5852255187928677,56|194|114|180|70,0.59854633|0.01332081|0.01302489|0.01038322|0.00969839,1,0.5985463261604309,True,56,0.5985463261604309,True,56,0.18220864236354828,True,56,0.7715623378753662,True,56,0.6962523460388184,True,c12_correct
57,58,58_6.bmp,preprocessed_results\58\58_6.bmp,57,57,57,0.8689259886741638,832,0.007900893688201904,0.8610250949859619,57|832|271|597|27,0.86892599|0.00790089|0.00582711|0.00390797|0.00346244,1,0.8689259886741638,True,57,0.8689259886741638,True,57,0.49123674631118774,True,57,0.8275512456893921,True,57,0.6907556653022766,True,c12_correct
58,59,59_2.bmp,preprocessed_results\59\59_2.bmp,58,58,58,0.7635194063186646,18,0.022659236565232277,0.7408601697534323,58|18|352|212|102,0.76351941|0.02265924|0.01200106|0.00829381|0.00504263,1,0.7635194063186646,True,58,0.7635194063186646,True,58,0.5202440023422241,True,58,0.8225477933883667,True,58,0.7890242338180542,True,c12_correct
59,60,60_7.bmp,preprocessed_results\60\60_7.bmp,59,59,59,0.4779060184955597,190,0.01951201632618904,0.45839400216937065,59|190|181|482|332,0.47790602|0.01951202|0.01442923|0.01398461|0.00980990,1,0.4779060184955597,True,59,0.4779060184955597,True,59,0.5646008253097534,True,59,0.8154273629188538,True,59,0.6202681064605713,True,c12_correct
60,61,61_2.bmp,preprocessed_results\61\61_2.bmp,60,60,60,0.6181735992431641,262,0.013359028846025467,0.6048145703971386,60|262|61|94|796,0.61817360|0.01335903|0.00952770|0.00866398|0.00513463,1,0.6181735992431641,True,60,0.6181735992431641,True,60,0.7853826880455017,True,60,0.7712644338607788,True,60,0.5907732248306274,True,c12_correct
61,62,62_4.bmp,preprocessed_results\62\62_4.bmp,61,61,61,0.8915061950683594,104,0.006462216842919588,0.8850439782254398,61|104|105|60|89,0.89150620|0.00646222|0.00596458|0.00356346|0.00299294,1,0.8915061950683594,True,61,0.8915061950683594,True,61,0.8814461827278137,True,61,0.798884928226471,True,61,0.8315823078155518,True,c12_correct
62,63,63_8.bmp,preprocessed_results\63\63_8.bmp,62,62,62,0.525187611579895,63,0.021100930869579315,0.5040866807103157,62|63|298|462|622,0.52518761|0.02110093|0.00945094|0.00936371|0.00910493,1,0.525187611579895,True,62,0.525187611579895,True,62,0.476125031709671,True,62,0.8014726638793945,True,62,0.7636124491691589,True,c12_correct
63,64,64_10.bmp,preprocessed_results\64\64_10.bmp,63,63,63,0.8317988514900208,62,0.02221820317208767,0.8095806483179331,63|62|150|120|26,0.83179885|0.02221820|0.00430848|0.00368177|0.00295624,1,0.8317988514900208,True,63,0.8317988514900208,True,63,0.4559694230556488,True,63,0.8451396226882935,True,63,0.8261426687240601,True,c12_correct
64,65,65_6.bmp,preprocessed_results\65\65_6.bmp,64,64,64,0.18689897656440735,65,0.14107027649879456,0.04582870006561279,64|65|316|317|20,0.18689898|0.14107028|0.02921582|0.02420636|0.01353749,1,0.18689897656440735,True,64,0.18689897656440735,True,64,0.5273507237434387,True,64,0.7972436547279358,True,64,0.52939373254776,True,c12_correct
65,66,66_4.bmp,preprocessed_results\66\66_4.bmp,65,65,65,0.6326215267181396,93,0.028257237747311592,0.6043642889708281,65|93|428|425|1,0.63262153|0.02825724|0.00731127|0.00688118|0.00686187,1,0.6326215267181396,True,65,0.6326215267181396,True,65,0.6855688095092773,True,65,0.8091311454772949,True,65,0.740159809589386,True,c12_correct
66,67,67_4.bmp,preprocessed_results\67\67_4.bmp,66,66,66,0.5893535017967224,67,0.059446901082992554,0.5299066007137299,66|67|96|250|360,0.58935350|0.05944690|0.01844687|0.01299721|0.00962753,1,0.5893535017967224,True,66,0.5893535017967224,True,66,0.8472670316696167,True,66,0.7875736951828003,True,66,0.7049486637115479,True,c12_correct
67,68,68_7.bmp,preprocessed_results\68\68_7.bmp,67,67,67,0.7129067182540894,460,0.024372724816203117,0.6885339934378862,67|460|66|169|456,0.71290672|0.02437272|0.01920313|0.00693206|0.00651943,1,0.7129067182540894,True,67,0.7129067182540894,True,67,0.8217620849609375,True,67,0.8229901194572449,True,67,0.7200608253479004,True,c12_correct
68,69,69_2.bmp,preprocessed_results\69\69_2.bmp,68,68,68,0.1526167094707489,295,0.06218442693352699,0.09043228253722191,68|295|315|69|314,0.15261671|0.06218443|0.03572748|0.03195861|0.02341597,1,0.1526167094707489,True,68,0.1526167094707489,True,68,0.026988841593265533,True,68,0.7519341111183167,True,68,0.14163829386234283,True,c12_correct
69,70,70_5.bmp,preprocessed_results\70\70_5.bmp,69,69,69,0.8516745567321777,68,0.015560896135866642,0.8361136605963111,69|68|295|647|163,0.85167456|0.01556090|0.00927080|0.00386772|0.00338819,1,0.8516745567321777,True,69,0.8516745567321777,True,69,0.8746724128723145,True,69,0.8396960496902466,True,69,0.7727867364883423,True,c12_correct
70,71,71_8.bmp,preprocessed_results\71\71_8.bmp,70,70,70,0.8018180131912231,116,0.007413050625473261,0.7944049625657499,70|116|483|276|505,0.80181801|0.00741305|0.00681583|0.00671091|0.00453790,1,0.8018180131912231,True,70,0.8018180131912231,True,70,0.7841553092002869,True,70,0.7792479991912842,True,70,0.6955704092979431,True,c12_correct
71,72,72_3.bmp,preprocessed_results\72\72_3.bmp,71,71,71,0.6043946743011475,96,0.01346502359956503,0.5909296507015824,71|96|79|304|228,0.60439467|0.01346502|0.01280402|0.01251017|0.01175764,1,0.6043946743011475,True,71,0.6043946743011475,True,71,0.7174938321113586,True,71,0.8179856538772583,True,71,0.758594810962677,True,c12_correct
72,73,73_7.bmp,preprocessed_results\73\73_7.bmp,72,72,72,0.8219887614250183,220,0.011959642171859741,0.8100291192531586,72|220|450|103|102,0.82198876|0.01195964|0.00938708|0.00534979|0.00386674,1,0.8219887614250183,True,72,0.8219887614250183,True,72,0.8958276510238647,True,72,0.8229001760482788,True,72,0.747757613658905,True,c12_correct
73,74,74_10.bmp,preprocessed_results\74\74_10.bmp,73,73,73,0.8169316649436951,296,0.02921542339026928,0.7877162415534258,73|296|72|274|199,0.81693166|0.02921542|0.00936655|0.00534780|0.00374314,1,0.8169316649436951,True,73,0.8169316649436951,True,73,0.7160604596138,True,73,0.8188269138336182,True,73,0.8023044466972351,True,c12_correct
74,75,75_10.bmp,preprocessed_results\75\75_10.bmp,74,74,74,0.8870952725410461,75,0.009534476324915886,0.8775607962161303,74|75|5|181|264,0.88709527|0.00953448|0.00452696|0.00441150|0.00245912,1,0.8870952725410461,True,74,0.8870952725410461,True,74,0.8527525067329407,True,74,0.8163149356842041,True,74,0.7581993341445923,True,c12_correct
75,76,76_5.bmp,preprocessed_results\76\76_5.bmp,75,75,75,0.43367794156074524,173,0.05848446488380432,0.3751934766769409,75|173|74|308|8,0.43367794|0.05848446|0.02868909|0.01711827|0.01546823,1,0.43367794156074524,True,75,0.43367794156074524,True,75,0.2246255725622177,True,75,0.7689766883850098,True,75,0.4210888147354126,True,c12_correct
76,77,77_7.bmp,preprocessed_results\77\77_7.bmp,76,76,76,0.6908723711967468,77,0.01602914184331894,0.6748432293534279,76|77|42|72|43,0.69087237|0.01602914|0.01220232|0.00756915|0.00660579,1,0.6908723711967468,True,76,0.6908723711967468,True,76,0.8419529795646667,True,76,0.8249607086181641,True,76,0.7500277161598206,True,c12_correct
77,78,78_8.bmp,preprocessed_results\78\78_8.bmp,77,77,77,0.7597945928573608,76,0.023030731827020645,0.7367638610303402,77|76|45|199|436,0.75979459|0.02303073|0.01712292|0.00877876|0.00422649,1,0.7597945928573608,True,77,0.7597945928573608,True,77,0.7245749831199646,True,77,0.8255394101142883,True,77,0.7718297839164734,True,c12_correct
78,79,79_10.bmp,preprocessed_results\79\79_10.bmp,78,78,78,0.8007066249847412,32,0.010476685129106045,0.7902299398556352,78|32|54|79|90,0.80070662|0.01047669|0.00811224|0.00407763|0.00342175,1,0.8007066249847412,True,78,0.8007066249847412,True,78,0.8185819983482361,True,78,0.8190589547157288,True,78,0.7982648611068726,True,c12_correct
79,80,80_7.bmp,preprocessed_results\80\80_7.bmp,79,79,79,0.8383401036262512,54,0.013747169636189938,0.8245929339900613,79|54|83|211|228,0.83834010|0.01374717|0.00711520|0.00621059|0.00512151,1,0.8383401036262512,True,79,0.8383401036262512,True,79,0.7811741232872009,True,79,0.8437343835830688,True,79,0.7179116606712341,True,c12_correct
80,81,81_9.bmp,preprocessed_results\81\81_9.bmp,80,80,80,0.7723090648651123,81,0.007766290567815304,0.764542774297297,80|81|533|19|566,0.77230906|0.00776629|0.00738188|0.00695239|0.00580377,1,0.7723090648651123,True,80,0.7723090648651123,True,80,0.8158132433891296,True,80,0.8460924625396729,True,80,0.7770246863365173,True,c12_correct
81,82,82_7.bmp,preprocessed_results\82\82_7.bmp,81,81,81,0.8672887086868286,774,0.010494413785636425,0.8567942949011922,81|774|27|543|190,0.86728871|0.01049441|0.00896201|0.00496455|0.00324729,1,0.8672887086868286,True,81,0.8672887086868286,True,81,0.7951616048812866,True,81,0.8131719827651978,True,81,0.7468585968017578,True,c12_correct
82,83,83_4.bmp,preprocessed_results\83\83_4.bmp,82,82,82,0.7265830636024475,197,0.03865721449255943,0.6879258491098881,82|197|57|25|693,0.72658306|0.03865721|0.03063602|0.00429343|0.00428163,1,0.7265830636024475,True,82,0.7265830636024475,True,82,0.2235851287841797,True,82,0.7997211813926697,True,82,0.4985150098800659,True,c12_correct
83,84,84_6.bmp,preprocessed_results\84\84_6.bmp,83,83,83,0.19439058005809784,82,0.09322195500135422,0.10116862505674362,83|82|197|166|217,0.19439058|0.09322196|0.01851710|0.01712807|0.01536989,1,0.19439058005809784,True,83,0.19439058005809784,True,83,0.36072197556495667,True,83,0.7975923418998718,True,83,0.5456641912460327,True,c12_correct
84,85,85_3.bmp,preprocessed_results\85\85_3.bmp,84,84,84,0.9512084126472473,85,0.008436192758381367,0.942772219888866,84|85|330|13|0,0.95120841|0.00843619|0.00134095|0.00109293|0.00070202,1,0.9512084126472473,True,84,0.9512084126472473,True,84,0.8762915730476379,True,84,0.8383473753929138,True,84,0.8841228485107422,True,c12_correct
85,86,86_7.bmp,preprocessed_results\86\86_7.bmp,85,85,84,0.2904990017414093,85,0.21140964329242706,0.07908935844898224,84|85|0|241|46,0.29049900|0.21140964|0.01212253|0.01094360|0.00604003,2,0.21140964329242706,True,84,0.2904990017414093,False,85,0.032001130282878876,True,85,0.7507665753364563,True,85,0.21948964893817902,True,teacher_all_correct;low_margin;true_in_top5
86,87,87_4.bmp,preprocessed_results\87\87_4.bmp,86,86,86,0.8035570979118347,87,0.03122871369123459,0.7723283842206001,86|87|196|552|450,0.80355710|0.03122871|0.00842642|0.00408538|0.00401288,1,0.8035570979118347,True,86,0.8035570979118347,True,86,0.46734973788261414,True,86,0.7750694751739502,True,86,0.6007105708122253,True,c12_correct
87,88,88_7.bmp,preprocessed_results\88\88_7.bmp,87,87,87,0.4205363690853119,86,0.07597985863685608,0.3445565104484558,87|86|151|198|92,0.42053637|0.07597986|0.05259761|0.01087476|0.00836425,1,0.4205363690853119,True,87,0.4205363690853119,True,87,0.7911491990089417,True,87,0.8361907601356506,True,87,0.7942354083061218,True,c12_correct
88,89,89_2.bmp,preprocessed_results\89\89_2.bmp,88,88,88,0.7185217142105103,304,0.013850831426680088,0.7046708827838302,88|304|18|156|94,0.71852171|0.01385083|0.01027784|0.00969320|0.00696375,1,0.7185217142105103,True,88,0.7185217142105103,True,88,0.6978532671928406,True,88,0.80516117811203,True,88,0.6853646636009216,True,c12_correct
89,90,90_10.bmp,preprocessed_results\90\90_10.bmp,89,89,171,0.1481328010559082,89,0.1207539364695549,0.027378864586353302,171|89|288|4|120,0.14813280|0.12075394|0.03377805|0.03029606|0.02425870,2,0.1207539364695549,True,171,0.1481328010559082,False,89,0.3164088726043701,True,89,0.8305042386054993,True,89,0.40172386169433594,True,teacher_all_correct;low_margin;true_in_top5
90,91,91_8.bmp,preprocessed_results\91\91_8.bmp,90,90,90,0.8381636142730713,91,0.010544324293732643,0.8276192899793386,90|91|136|78|214,0.83816361|0.01054432|0.00430463|0.00415744|0.00327544,1,0.8381636142730713,True,90,0.8381636142730713,True,90,0.8476839065551758,True,90,0.8359744548797607,True,90,0.7084757685661316,True,c12_correct
91,92,92_9.bmp,preprocessed_results\92\92_9.bmp,91,91,91,0.6109074354171753,90,0.09437111765146255,0.5165363177657127,91|90|78|205|496,0.61090744|0.09437112|0.01720609|0.01249546|0.00803714,1,0.6109074354171753,True,91,0.6109074354171753,True,91,0.7135505676269531,True,91,0.8198827505111694,True,91,0.7364636063575745,True,c12_correct
92,93,93_4.bmp,preprocessed_results\93\93_4.bmp,92,92,92,0.8317601680755615,151,0.01822180300951004,0.8135383650660515,92|151|257|198|87,0.83176017|0.01822180|0.01204922|0.00608644|0.00585186,1,0.8317601680755615,True,92,0.8317601680755615,True,92,0.8777135610580444,True,92,0.8404753804206848,True,92,0.7434505224227905,True,c12_correct
93,94,94_6.bmp,preprocessed_results\94\94_6.bmp,93,93,93,0.7525295615196228,92,0.01767454296350479,0.734855018556118,93|92|151|309|187,0.75252956|0.01767454|0.00890748|0.00667505|0.00658547,1,0.7525295615196228,True,93,0.7525295615196228,True,93,0.57289719581604,True,93,0.826086699962616,True,93,0.8152825236320496,True,c12_correct
94,95,95_7.bmp,preprocessed_results\95\95_7.bmp,94,94,94,0.8271267414093018,18,0.006921237800270319,0.8202055036090314,94|18|203|223|95,0.82712674|0.00692124|0.00495716|0.00473226|0.00450720,1,0.8271267414093018,True,94,0.8271267414093018,True,94,0.8332896828651428,True,94,0.8332309126853943,True,94,0.7720972895622253,True,c12_correct
95,96,96_8.bmp,preprocessed_results\96\96_8.bmp,95,95,95,0.7951304316520691,134,0.012216062285006046,0.782914369367063,95|134|294|716|305,0.79513043|0.01221606|0.00887795|0.00798014|0.00745373,1,0.7951304316520691,True,95,0.7951304316520691,True,95,0.7778681516647339,True,95,0.7915501594543457,True,95,0.7649679780006409,True,c12_correct
96,97,97_9.bmp,preprocessed_results\97\97_9.bmp,96,96,96,0.22435158491134644,292,0.07494083791971207,0.14941074699163437,96|292|313|131|123,0.22435158|0.07494084|0.02594604|0.02135207|0.01625526,1,0.22435158491134644,True,96,0.22435158491134644,True,96,0.09452249109745026,True,96,0.7569231390953064,True,96,0.6545661091804504,True,c12_correct
97,98,98_7.bmp,preprocessed_results\98\98_7.bmp,97,97,97,0.7001855373382568,1,0.014497392810881138,0.6856881445273757,97|1|65|568|147,0.70018554|0.01449739|0.00873853|0.00766262|0.00640971,1,0.7001855373382568,True,97,0.7001855373382568,True,97,0.34083837270736694,True,97,0.7955737113952637,True,97,0.581470787525177,True,c12_correct
98,99,99_3.bmp,preprocessed_results\99\99_3.bmp,98,98,98,0.6861250996589661,538,0.017658066004514694,0.6684670336544514,98|538|77|361|373,0.68612510|0.01765807|0.00807897|0.00764913|0.00672422,1,0.6861250996589661,True,98,0.6861250996589661,True,98,0.8331804275512695,True,98,0.8251369595527649,True,98,0.8091744780540466,True,c12_correct
99,100,100_4.bmp,preprocessed_results\100\100_4.bmp,99,99,99,0.8720563054084778,161,0.0036304921377450228,0.8684258132707328,99|161|3|175|661,0.87205631|0.00363049|0.00313174|0.00304681|0.00229105,1,0.8720563054084778,True,99,0.8720563054084778,True,99,0.8797392249107361,True,99,0.8287761807441711,True,99,0.6222241520881653,True,c12_correct
100,101,101_5.bmp,preprocessed_results\101\101_5.bmp,100,100,100,0.8170017004013062,674,0.005505160428583622,0.8114965399727225,100|674|4|72|503,0.81700170|0.00550516|0.00367747|0.00353345|0.00301811,1,0.8170017004013062,True,100,0.8170017004013062,True,100,0.3956323564052582,True,100,0.7405723333358765,True,100,0.7262161374092102,True,c12_correct
101,102,102_4.bmp,preprocessed_results\102\102_4.bmp,101,101,101,0.9030727744102478,325,0.003976698964834213,0.8990960754454136,101|325|141|151|309,0.90307277|0.00397670|0.00368778|0.00341778|0.00260347,1,0.9030727744102478,True,101,0.9030727744102478,True,101,0.902595579624176,True,101,0.8511186242103577,True,101,0.7943485975265503,True,c12_correct
102,103,103_6.bmp,preprocessed_results\103\103_6.bmp,102,102,102,0.7423386573791504,182,0.02776988409459591,0.7145687732845545,102|182|72|801|196,0.74233866|0.02776988|0.01061037|0.00671497|0.00646932,1,0.7423386573791504,True,102,0.7423386573791504,True,102,0.6483811140060425,True,102,0.7950174808502197,True,102,0.4758383333683014,True,c12_correct
103,104,104_8.bmp,preprocessed_results\104\104_8.bmp,103,103,103,0.44193217158317566,102,0.13263890147209167,0.309293270111084,103|102|373|599|721,0.44193217|0.13263890|0.02359779|0.02316446|0.00832044,1,0.44193217158317566,True,103,0.44193217158317566,True,103,0.14023493230342865,True,103,0.7945865988731384,True,103,0.48975270986557007,True,c12_correct
104,105,105_4.bmp,preprocessed_results\105\105_4.bmp,104,104,104,0.8837566375732422,50,0.009226782247424126,0.8745298553258181,104|50|771|61|288,0.88375664|0.00922678|0.00568834|0.00282687|0.00266604,1,0.8837566375732422,True,104,0.8837566375732422,True,104,0.66318678855896,True,104,0.7871723175048828,True,104,0.5598569512367249,True,c12_correct
105,106,106_4.bmp,preprocessed_results\106\106_4.bmp,105,105,105,0.6288037300109863,104,0.020722072571516037,0.6080816574394703,105|104|152|193|97,0.62880373|0.02072207|0.01610701|0.01157851|0.01087714,1,0.6288037300109863,True,105,0.6288037300109863,True,105,0.7331260442733765,True,105,0.8437362313270569,True,105,0.7526111006736755,True,c12_correct
106,107,107_10.bmp,preprocessed_results\107\107_10.bmp,106,106,106,0.7150340676307678,512,0.017409853637218475,0.6976242139935493,106|512|220|72|56,0.71503407|0.01740985|0.01137239|0.00850025|0.00610769,1,0.7150340676307678,True,106,0.7150340676307678,True,106,0.5406783819198608,True,106,0.7941035628318787,True,106,0.4922419488430023,True,c12_correct
107,108,108_7.bmp,preprocessed_results\108\108_7.bmp,107,107,107,0.9213079214096069,55,0.0050618634559214115,0.9162460579536855,107|55|458|167|215,0.92130792|0.00506186|0.00295180|0.00290697|0.00271248,1,0.9213079214096069,True,107,0.9213079214096069,True,107,0.8775529861450195,True,107,0.8353186249732971,True,107,0.7888235449790955,True,c12_correct
108,109,109_10.bmp,preprocessed_results\109\109_10.bmp,108,108,108,0.9075043201446533,109,0.02314131334424019,0.8843630068004131,108|109|112|544|817,0.90750432|0.02314131|0.00296070|0.00280278|0.00180042,1,0.9075043201446533,True,108,0.9075043201446533,True,108,0.8457583785057068,True,108,0.8356016874313354,True,108,0.8565263748168945,True,c12_correct
109,110,110_9.bmp,preprocessed_results\110\110_9.bmp,109,109,109,0.8076492547988892,108,0.019089773297309875,0.7885594815015793,109|108|773|59|210,0.80764925|0.01908977|0.01798626|0.00576352|0.00506260,1,0.8076492547988892,True,109,0.8076492547988892,True,109,0.827057421207428,True,109,0.8375621438026428,True,109,0.7923041582107544,True,c12_correct
110,111,111_7.bmp,preprocessed_results\111\111_7.bmp,110,110,110,0.8640096187591553,807,0.01128589827567339,0.8527237204834819,110|807|748|46|602,0.86400962|0.01128590|0.00578776|0.00448656|0.00313789,1,0.8640096187591553,True,110,0.8640096187591553,True,110,0.8151899576187134,True,110,0.8302757740020752,True,110,0.7916369438171387,True,c12_correct
111,112,112_1.bmp,preprocessed_results\112\112_1.bmp,111,111,111,0.6935356855392456,787,0.018963253125548363,0.6745724324136972,111|787|110|823|622,0.69353569|0.01896325|0.01841325|0.00635583|0.00629325,1,0.6935356855392456,True,111,0.6935356855392456,True,111,0.7532030344009399,True,111,0.832529604434967,True,111,0.8635942339897156,True,c12_correct
112,113,113_2.bmp,preprocessed_results\113\113_2.bmp,112,112,112,0.9047574400901794,113,0.012896635569632053,0.8918608045205474,112|113|498|118|499,0.90475744|0.01289664|0.00323093|0.00306182|0.00288581,1,0.9047574400901794,True,112,0.9047574400901794,True,112,0.8074002861976624,True,112,0.8285282254219055,True,112,0.789537250995636,True,c12_correct
113,114,114_1.bmp,preprocessed_results\114\114_1.bmp,113,113,113,0.7766039371490479,112,0.07757097482681274,0.6990329623222351,113|112|210|109|172,0.77660394|0.07757097|0.00465863|0.00403512|0.00339206,1,0.7766039371490479,True,113,0.7766039371490479,True,113,0.8869433403015137,True,113,0.8477755784988403,True,113,0.8546180129051208,True,c12_correct
114,115,115_5.bmp,preprocessed_results\115\115_5.bmp,114,114,114,0.6924691796302795,57,0.02007914148271084,0.6723900381475687,114|57|247|142|56,0.69246918|0.02007914|0.01055703|0.00908376|0.00896092,1,0.6924691796302795,True,114,0.6924691796302795,True,114,0.858517050743103,True,114,0.8238390684127808,True,114,0.7999060750007629,True,c12_correct
115,116,116_8.bmp,preprocessed_results\116\116_8.bmp,115,115,115,0.6858466863632202,114,0.017203563824295998,0.6686431225389242,115|114|142|284|76,0.68584669|0.01720356|0.01611076|0.01293604|0.00733597,1,0.6858466863632202,True,115,0.6858466863632202,True,115,0.8030570149421692,True,115,0.823432981967926,True,115,0.8693581223487854,True,c12_correct
116,117,117_6.bmp,preprocessed_results\117\117_6.bmp,116,116,116,0.7217715978622437,117,0.07506482303142548,0.6467067748308182,116|117|152|832|70,0.72177160|0.07506482|0.01269043|0.00490756|0.00436528,1,0.7217715978622437,True,116,0.7217715978622437,True,116,0.5297648310661316,True,116,0.8277447819709778,True,116,0.5974102020263672,True,c12_correct
117,118,118_1.bmp,preprocessed_results\118\118_1.bmp,117,117,117,0.3472464084625244,116,0.05443276837468147,0.29281364008784294,117|116|143|221|808,0.34724641|0.05443277|0.02088007|0.01877305|0.01640208,1,0.3472464084625244,True,117,0.3472464084625244,True,117,0.19313696026802063,True,117,0.768704891204834,True,117,0.4743545949459076,True,c12_correct
118,119,119_9.bmp,preprocessed_results\119\119_9.bmp,118,118,118,0.42354676127433777,288,0.039465658366680145,0.3840811029076576,118|288|209|96|131,0.42354676|0.03946566|0.02238486|0.02032469|0.01776175,1,0.42354676127433777,True,118,0.42354676127433777,True,118,0.6040449738502502,True,118,0.7981835603713989,True,118,0.6394839882850647,True,c12_correct
119,120,120_7.bmp,preprocessed_results\120\120_7.bmp,119,119,119,0.39319291710853577,118,0.02635689452290535,0.3668360225856304,119|118|290|187|288,0.39319292|0.02635689|0.02247462|0.02069103|0.01282496,1,0.39319291710853577,True,119,0.39319291710853577,True,119,0.4365595579147339,True,119,0.8015689849853516,True,119,0.6659476161003113,True,c12_correct
120,121,121_7.bmp,preprocessed_results\121\121_7.bmp,120,120,120,0.4981652796268463,101,0.0200461708009243,0.478119108825922,120|101|76|533|274,0.49816528|0.02004617|0.01147788|0.01096145|0.01039518,1,0.4981652796268463,True,120,0.4981652796268463,True,120,0.24567803740501404,True,120,0.8141081929206848,True,120,0.5666559338569641,True,c12_correct
121,122,122_4.bmp,preprocessed_results\122\122_4.bmp,121,121,121,0.8459511995315552,120,0.008670229464769363,0.8372809700667858,121|120|418|354|67,0.84595120|0.00867023|0.00682194|0.00585038|0.00510395,1,0.8459511995315552,True,121,0.8459511995315552,True,121,0.8331889510154724,True,121,0.8172509074211121,True,121,0.7588832974433899,True,c12_correct
122,123,123_9.bmp,preprocessed_results\123\123_9.bmp,122,122,122,0.8906861543655396,180,0.012169686146080494,0.8785164682194591,122|180|222|123|403,0.89068615|0.01216969|0.00470610|0.00438333|0.00214480,1,0.8906861543655396,True,122,0.8906861543655396,True,122,0.871587336063385,True,122,0.8455568552017212,True,122,0.872175395488739,True,c12_correct
123,124,124_9.bmp,preprocessed_results\124\124_9.bmp,123,123,123,0.3890199661254883,96,0.018922090530395508,0.3700978755950928,123|96|236|122|251,0.38901997|0.01892209|0.01687123|0.01415675|0.01262181,1,0.3890199661254883,True,123,0.3890199661254883,True,123,0.8018882274627686,True,123,0.8397006392478943,True,123,0.80231773853302,True,c12_correct
124,125,125_9.bmp,preprocessed_results\125\125_9.bmp,124,124,124,0.14970670640468597,396,0.06497349590063095,0.08473321050405502,124|396|185|125|467,0.14970671|0.06497350|0.03901853|0.03894197|0.03814070,1,0.14970670640468597,True,124,0.14970670640468597,True,124,0.5464208126068115,True,124,0.7816704511642456,True,124,0.5780638456344604,True,c12_correct
125,126,126_9.bmp,preprocessed_results\126\126_9.bmp,125,125,125,0.8605989217758179,124,0.039700236171483994,0.8208986856043339,125|124|396|56|138,0.86059892|0.03970024|0.00813152|0.00395255|0.00228060,1,0.8605989217758179,True,125,0.8605989217758179,True,125,0.6981365084648132,True,125,0.8288835883140564,True,125,0.7750445008277893,True,c12_correct
126,127,127_2.bmp,preprocessed_results\127\127_2.bmp,126,126,126,0.8891599774360657,246,0.007811730727553368,0.8813482467085123,126|246|437|358|6,0.88915998|0.00781173|0.00311564|0.00235753|0.00234145,1,0.8891599774360657,True,126,0.8891599774360657,True,126,0.8147421479225159,True,126,0.8071259260177612,True,126,0.8581547737121582,True,c12_correct
127,128,128_4.bmp,preprocessed_results\128\128_4.bmp,127,127,127,0.848705530166626,161,0.0045791128650307655,0.8441264173015952,127|161|611|437|145,0.84870553|0.00457911|0.00439451|0.00292504|0.00277835,1,0.848705530166626,True,127,0.848705530166626,True,127,0.8600190877914429,True,127,0.801263689994812,True,127,0.7618902325630188,True,c12_correct
128,129,129_8.bmp,preprocessed_results\129\129_8.bmp,128,128,128,0.8924689888954163,52,0.00775057403370738,0.8847184148617089,128|52|263|261|253,0.89246899|0.00775057|0.00423033|0.00397078|0.00394988,1,0.8924689888954163,True,128,0.8924689888954163,True,128,0.9176016449928284,True,128,0.8296204805374146,True,128,0.8694758415222168,True,c12_correct
129,130,130_7.bmp,preprocessed_results\130\130_7.bmp,129,129,129,0.6266438961029053,778,0.012227708473801613,0.6144161876291037,129|778|260|209|60,0.62664390|0.01222771|0.01199480|0.01012444|0.00782218,1,0.6266438961029053,True,129,0.6266438961029053,True,129,0.5872846841812134,True,129,0.8207898139953613,True,129,0.7634854912757874,True,c12_correct
130,131,131_7.bmp,preprocessed_results\131\131_7.bmp,130,130,130,0.9115304946899414,131,0.006725339684635401,0.904805155005306,130|131|104|324|201,0.91153049|0.00672534|0.00440384|0.00253354|0.00249205,1,0.9115304946899414,True,130,0.9115304946899414,True,130,0.7277887463569641,True,130,0.8364720940589905,True,130,0.7359280586242676,True,c12_correct
131,132,132_6.bmp,preprocessed_results\132\132_6.bmp,131,131,131,0.9442649483680725,130,0.005689551122486591,0.9385753972455859,131|130|281|250|289,0.94426495|0.00568955|0.00256455|0.00213859|0.00185694,1,0.9442649483680725,True,131,0.9442649483680725,True,131,0.8703324794769287,True,131,0.8311718106269836,True,131,0.8959197998046875,True,c12_correct
132,133,133_3.bmp,preprocessed_results\133\133_3.bmp,132,132,132,0.8940513730049133,133,0.008118048310279846,0.8859333246946335,132|133|206|100|101,0.89405137|0.00811805|0.00672212|0.00403765|0.00352768,1,0.8940513730049133,True,132,0.8940513730049133,True,132,0.868712842464447,True,132,0.8296734094619751,True,132,0.8229104280471802,True,c12_correct
133,134,134_6.bmp,preprocessed_results\134\134_6.bmp,133,133,133,0.8983912467956543,132,0.00985688529908657,0.8885343614965677,133|132|787|341|569,0.89839125|0.00985689|0.00691447|0.00234518|0.00215672,1,0.8983912467956543,True,133,0.8983912467956543,True,133,0.7530146837234497,True,133,0.8402273654937744,True,133,0.7523941993713379,True,c12_correct
134,135,135_3.bmp,preprocessed_results\135\135_3.bmp,134,134,134,0.7558061480522156,178,0.010851950384676456,0.7449541976675391,134|178|552|548|196,0.75580615|0.01085195|0.00906280|0.00756926|0.00581088,1,0.7558061480522156,True,134,0.7558061480522156,True,134,0.20827709138393402,True,134,0.7575277090072632,True,134,0.4385334551334381,True,c12_correct
135,136,136_1.bmp,preprocessed_results\136\136_1.bmp,135,135,135,0.5715528130531311,134,0.04159547761082649,0.5299573354423046,135|134|28|192|530,0.57155281|0.04159548|0.01202516|0.01004254|0.00912781,1,0.5715528130531311,True,135,0.5715528130531311,True,135,0.6060073375701904,True,135,0.7870514988899231,True,135,0.4044603407382965,True,c12_correct
136,137,137_9.bmp,preprocessed_results\137\137_9.bmp,136,136,136,0.7257674336433411,216,0.013079283758997917,0.7126881498843431,136|216|137|177|6,0.72576743|0.01307928|0.01268207|0.01206905|0.00777287,1,0.7257674336433411,True,136,0.7257674336433411,True,136,0.4424760639667511,True,136,0.8150215744972229,True,136,0.6663075685501099,True,c12_correct
137,138,138_10.bmp,preprocessed_results\138\138_10.bmp,137,137,137,0.905774712562561,136,0.00686290068551898,0.898911811877042,137|136|266|179|446,0.90577471|0.00686290|0.00412996|0.00312460|0.00279593,1,0.905774712562561,True,137,0.905774712562561,True,137,0.6915363669395447,True,137,0.8016167283058167,True,137,0.7315720319747925,True,c12_correct
138,139,139_4.bmp,preprocessed_results\139\139_4.bmp,138,138,138,0.8328419923782349,333,0.007881812751293182,0.8249601796269417,138|333|522|718|550,0.83284199|0.00788181|0.00432590|0.00426344|0.00410163,1,0.8328419923782349,True,138,0.8328419923782349,True,138,0.6187554001808167,True,138,0.8126793503761292,True,138,0.7880300879478455,True,c12_correct
139,140,140_2.bmp,preprocessed_results\140\140_2.bmp,139,139,139,0.6343261003494263,434,0.012991460971534252,0.621334639377892,139|434|704|56|114,0.63432610|0.01299146|0.01081297|0.01065322|0.00880068,1,0.6343261003494263,True,139,0.6343261003494263,True,139,0.6756494641304016,True,139,0.8272345066070557,True,139,0.6089816689491272,True,c12_correct
140,141,141_4.bmp,preprocessed_results\141\141_4.bmp,140,140,140,0.11403961479663849,231,0.04605737701058388,0.06798223778605461,140|231|213|315|141,0.11403961|0.04605738|0.03528467|0.02565693|0.02556496,1,0.11403961479663849,True,140,0.11403961479663849,True,141,0.022094620391726494,False,140,0.7283158302307129,True,140,0.06530822813510895,True,c12_correct
141,142,142_7.bmp,preprocessed_results\142\142_7.bmp,141,141,141,0.8752562403678894,299,0.005745688918977976,0.8695105514489114,141|299|191|154|140,0.87525624|0.00574569|0.00557989|0.00400355|0.00391573,1,0.8752562403678894,True,141,0.8752562403678894,True,141,0.8705301880836487,True,141,0.7959815859794617,True,141,0.6441239714622498,True,c12_correct
142,143,143_9.bmp,preprocessed_results\143\143_9.bmp,142,142,142,0.9393181800842285,247,0.003925407771021128,0.9353927723132074,142|247|679|114|246,0.93931818|0.00392541|0.00295740|0.00249627|0.00194316,1,0.9393181800842285,True,142,0.9393181800842285,True,142,0.8433498740196228,True,142,0.8188344836235046,True,142,0.8558642268180847,True,c12_correct
143,144,144_6.bmp,preprocessed_results\144\144_6.bmp,143,143,143,0.8115134239196777,115,0.013046256266534328,0.7984671676531434,143|115|144|285|564,0.81151342|0.01304626|0.00966465|0.00547743|0.00470700,1,0.8115134239196777,True,143,0.8115134239196777,True,143,0.6582048535346985,True,143,0.8093852400779724,True,143,0.750218391418457,True,c12_correct
144,145,145_10.bmp,preprocessed_results\145\145_10.bmp,144,144,144,0.8228177428245544,665,0.00833787303417921,0.8144798697903752,144|665|814|539|455,0.82281774|0.00833787|0.00800293|0.00550169|0.00459592,1,0.8228177428245544,True,144,0.8228177428245544,True,144,0.7101138234138489,True,144,0.819853663444519,True,144,0.7676721811294556,True,c12_correct
145,146,146_7.bmp,preprocessed_results\146\146_7.bmp,145,145,145,0.8640247583389282,144,0.005893339402973652,0.8581314189359546,145|144|476|362|504,0.86402476|0.00589334|0.00472559|0.00373519|0.00292589,1,0.8640247583389282,True,145,0.8640247583389282,True,145,0.9326630234718323,True,145,0.8330891728401184,True,145,0.8091732263565063,True,c12_correct
146,147,147_3.bmp,preprocessed_results\147\147_3.bmp,146,146,146,0.9114853143692017,72,0.007381932809948921,0.9041033815592527,146|72|147|716|199,0.91148531|0.00738193|0.00720487|0.00441239|0.00234322,1,0.9114853143692017,True,146,0.9114853143692017,True,146,0.8832305669784546,True,146,0.8268202543258667,True,146,0.8632963299751282,True,c12_correct
147,148,148_5.bmp,preprocessed_results\148\148_5.bmp,147,147,147,0.8907804489135742,146,0.009146896190941334,0.8816335527226329,147|146|38|79|83,0.89078045|0.00914690|0.00697049|0.00507872|0.00326521,1,0.8907804489135742,True,147,0.8907804489135742,True,147,0.7279912829399109,True,147,0.8391075134277344,True,147,0.6580083966255188,True,c12_correct
148,149,149_10.bmp,preprocessed_results\149\149_10.bmp,148,148,148,0.8708840608596802,534,0.022662488743662834,0.8482215721160173,148|534|178|329|441,0.87088406|0.02266249|0.00570134|0.00487635|0.00441096,1,0.8708840608596802,True,148,0.8708840608596802,True,148,0.8899001479148865,True,148,0.8064243197441101,True,148,0.8157286047935486,True,c12_correct
149,150,150_9.bmp,preprocessed_results\150\150_9.bmp,149,149,149,0.5173805952072144,148,0.017875302582979202,0.49950529262423515,149|148|422|435|174,0.51738060|0.01787530|0.01481484|0.01064590|0.00892694,1,0.5173805952072144,True,149,0.5173805952072144,True,149,0.8110630512237549,True,149,0.8185693621635437,True,149,0.7895731925964355,True,c12_correct
150,151,151_1.bmp,preprocessed_results\151\151_1.bmp,150,150,150,0.9539666175842285,151,0.004124104045331478,0.949842513538897,150|151|101|304|308,0.95396662|0.00412410|0.00218440|0.00135839|0.00132544,1,0.9539666175842285,True,150,0.9539666175842285,True,150,0.8370028138160706,True,150,0.8262868523597717,True,150,0.8613103628158569,True,c12_correct
151,152,152_3.bmp,preprocessed_results\152\152_3.bmp,151,151,151,0.9161249399185181,150,0.013346953317523003,0.9027779866009951,151|150|101|86|87,0.91612494|0.01334695|0.00494733|0.00321355|0.00266732,1,0.9161249399185181,True,151,0.9161249399185181,True,151,0.8621994853019714,True,151,0.8132287263870239,True,151,0.8697288036346436,True,c12_correct
152,153,153_6.bmp,preprocessed_results\153\153_6.bmp,152,152,152,0.9169294834136963,153,0.012177614495158195,0.9047518689185381,152|153|552|26|532,0.91692948|0.01217761|0.00966942|0.00547565|0.00308930,1,0.9169294834136963,True,152,0.9169294834136963,True,152,0.8363532423973083,True,152,0.8279730081558228,True,152,0.7846482992172241,True,c12_correct
153,154,154_4.bmp,preprocessed_results\154\154_4.bmp,153,153,153,0.7954058647155762,152,0.031105749309062958,0.7643001154065132,153|152|26|531|265,0.79540586|0.03110575|0.00708514|0.00655512|0.00509614,1,0.7954058647155762,True,153,0.7954058647155762,True,153,0.8115285038948059,True,153,0.8511444926261902,True,153,0.7809192538261414,True,c12_correct
154,155,155_1.bmp,preprocessed_results\155\155_1.bmp,154,154,154,0.5638542175292969,116,0.047963935881853104,0.5158902816474438,154|116|335|155|434,0.56385422|0.04796394|0.01669583|0.01464408|0.01116253,1,0.5638542175292969,True,154,0.5638542175292969,True,154,0.6563773155212402,True,154,0.7553694248199463,True,154,0.3994339406490326,True,c12_correct
155,156,156_4.bmp,preprocessed_results\156\156_4.bmp,155,155,155,0.821118950843811,488,0.004422348458319902,0.8166966023854911,155|488|489|539|39,0.82111895|0.00442235|0.00423390|0.00402793|0.00334115,1,0.821118950843811,True,155,0.821118950843811,True,155,0.835520327091217,True,155,0.8193793892860413,True,155,0.7775201201438904,True,c12_correct
156,157,157_4.bmp,preprocessed_results\157\157_4.bmp,156,156,156,0.9769216179847717,76,0.0006537935696542263,0.9762678244151175,156|76|153|227|58,0.97692162|0.00065379|0.00053366|0.00052126|0.00044040,1,0.9769216179847717,True,156,0.9769216179847717,True,156,0.8068952560424805,True,156,0.8478406071662903,True,156,0.8637118339538574,True,c12_correct
157,158,158_8.bmp,preprocessed_results\158\158_8.bmp,157,157,157,0.5760095715522766,133,0.022887669503688812,0.5531219020485878,157|133|152|530|341,0.57600957|0.02288767|0.01427293|0.01024080|0.00872689,1,0.5760095715522766,True,157,0.5760095715522766,True,157,0.6611343026161194,True,157,0.8001556992530823,True,157,0.7132526636123657,True,c12_correct
158,159,159_1.bmp,preprocessed_results\159\159_1.bmp,158,158,158,0.7107287049293518,119,0.0288816187530756,0.6818470861762762,158|119|187|92|186,0.71072870|0.02888162|0.02499416|0.01625730|0.00716309,1,0.7107287049293518,True,158,0.7107287049293518,True,158,0.7010530829429626,True,158,0.8117755055427551,True,158,0.7012854814529419,True,c12_correct
159,160,160_2.bmp,preprocessed_results\160\160_2.bmp,159,159,159,0.7391233444213867,225,0.013692362233996391,0.7254309821873903,159|225|737|87|224,0.73912334|0.01369236|0.00820447|0.00649148|0.00647064,1,0.7391233444213867,True,159,0.7391233444213867,True,159,0.6661088466644287,True,159,0.8215495944023132,True,159,0.7436680197715759,True,c12_correct
160,161,161_2.bmp,preprocessed_results\161\161_2.bmp,160,160,160,0.8199619650840759,165,0.014622860588133335,0.8053391044959426,160|165|242|268|164,0.81996197|0.01462286|0.00969621|0.00570455|0.00505927,1,0.8199619650840759,True,160,0.8199619650840759,True,160,0.8526556491851807,True,160,0.8050232529640198,True,160,0.820405125617981,True,c12_correct
161,162,162_1.bmp,preprocessed_results\162\162_1.bmp,161,161,161,0.9172267317771912,127,0.004832413047552109,0.912394318729639,161|127|788|160|170,0.91722673|0.00483241|0.00372141|0.00283660|0.00281414,1,0.9172267317771912,True,161,0.9172267317771912,True,161,0.797141969203949,True,161,0.8428506851196289,True,161,0.7490168809890747,True,c12_correct
162,163,163_6.bmp,preprocessed_results\163\163_6.bmp,162,162,162,0.9128806591033936,659,0.003105413168668747,0.9097752459347248,162|659|819|763|589,0.91288066|0.00310541|0.00293794|0.00218792|0.00206013,1,0.9128806591033936,True,162,0.9128806591033936,True,162,0.9035300612449646,True,162,0.8371347188949585,True,162,0.8153663277626038,True,c12_correct
163,164,164_5.bmp,preprocessed_results\164\164_5.bmp,163,163,163,0.8443368077278137,115,0.01138953398913145,0.8329472737386823,163|115|820|279|93,0.84433681|0.01138953|0.00673193|0.00660049|0.00404601,1,0.8443368077278137,True,163,0.8443368077278137,True,163,0.8881769180297852,True,163,0.8575111627578735,True,163,0.7255865335464478,True,c12_correct
164,165,165_8.bmp,preprocessed_results\165\165_8.bmp,164,164,164,0.8720526695251465,156,0.009250880219042301,0.8628017893061042,164|156|610|123|304,0.87205267|0.00925088|0.00358410|0.00293337|0.00260671,1,0.8720526695251465,True,164,0.8720526695251465,True,164,0.7812374830245972,True,164,0.8020152449607849,True,164,0.8257097005844116,True,c12_correct
165,166,166_10.bmp,preprocessed_results\166\166_10.bmp,165,165,165,0.790768027305603,164,0.017724674195051193,0.7730433531105518,165|164|603|584|622,0.79076803|0.01772467|0.00728958|0.00615773|0.00592985,1,0.790768027305603,True,165,0.790768027305603,True,165,0.5112488865852356,True,165,0.8095921874046326,True,165,0.603300154209137,True,c12_correct
166,167,167_3.bmp,preprocessed_results\167\167_3.bmp,166,166,166,0.9242455363273621,167,0.0034241059329360723,0.920821430394426,166|167|18|114|251,0.92424554|0.00342411|0.00273704|0.00229917|0.00180402,1,0.9242455363273621,True,166,0.9242455363273621,True,166,0.8218576908111572,True,166,0.8294761776924133,True,166,0.8195942044258118,True,c12_correct
167,168,168_2.bmp,preprocessed_results\168\168_2.bmp,167,167,167,0.9010632634162903,7,0.007732789497822523,0.8933304739184678,167|7|62|166|298,0.90106326|0.00773279|0.00513980|0.00366213|0.00215356,1,0.9010632634162903,True,167,0.9010632634162903,True,167,0.8021335005760193,True,167,0.7979095578193665,True,167,0.8171961307525635,True,c12_correct
168,169,169_5.bmp,preprocessed_results\169\169_5.bmp,168,168,168,0.7768065333366394,169,0.03637329488992691,0.7404332384467125,168|169|20|21|428,0.77680653|0.03637329|0.00953846|0.00535206|0.00442291,1,0.7768065333366394,True,168,0.7768065333366394,True,168,0.7974244952201843,True,168,0.8168457746505737,True,168,0.7132217884063721,True,c12_correct
169,170,170_5.bmp,preprocessed_results\170\170_5.bmp,169,169,169,0.897215723991394,289,0.0042196232825517654,0.8929961007088423,169|289|269|168|525,0.89721572|0.00421962|0.00259990|0.00195579|0.00190544,1,0.897215723991394,True,169,0.897215723991394,True,169,0.8553663492202759,True,169,0.8771561980247498,True,169,0.8854435682296753,True,c12_correct
170,171,171_4.bmp,preprocessed_results\171\171_4.bmp,170,170,170,0.8962671756744385,161,0.008465410210192204,0.8878017654642463,170|161|13|4|646,0.89626718|0.00846541|0.00760177|0.00522491|0.00329357,1,0.8962671756744385,True,170,0.8962671756744385,True,170,0.7291039824485779,True,170,0.8119744062423706,True,170,0.858112633228302,True,c12_correct
171,172,172_7.bmp,preprocessed_results\172\172_7.bmp,171,171,171,0.7803189158439636,5,0.11086411774158478,0.6694547981023788,171|5|784|2|130,0.78031892|0.11086412|0.00250557|0.00248231|0.00218182,1,0.7803189158439636,True,171,0.7803189158439636,True,171,0.8306266069412231,True,171,0.8253284096717834,True,171,0.8125949501991272,True,c12_correct
172,173,173_10.bmp,preprocessed_results\173\173_10.bmp,172,172,172,0.8444151282310486,173,0.01127013098448515,0.8331449972465634,172|173|106|42|56,0.84441513|0.01127013|0.00477546|0.00445941|0.00426492,1,0.8444151282310486,True,172,0.8444151282310486,True,172,0.7578164339065552,True,172,0.8331236839294434,True,172,0.7167661190032959,True,c12_correct
173,174,174_7.bmp,preprocessed_results\174\174_7.bmp,173,173,173,0.7650500535964966,172,0.02625342644751072,0.7387966271489859,173|172|125|194|45,0.76505005|0.02625343|0.01020223|0.01002898|0.00571972,1,0.7650500535964966,True,173,0.7650500535964966,True,173,0.5832736492156982,True,173,0.7467624545097351,True,173,0.19913488626480103,True,c12_correct
174,175,175_9.bmp,preprocessed_results\175\175_9.bmp,174,174,174,0.9255897402763367,175,0.004333138465881348,0.9212566018104553,174|175|41|248|722,0.92558974|0.00433314|0.00154014|0.00138164|0.00131296,1,0.9255897402763367,True,174,0.9255897402763367,True,174,0.7172622084617615,True,174,0.8420572280883789,True,174,0.854189932346344,True,c12_correct
175,176,176_9.bmp,preprocessed_results\176\176_9.bmp,175,175,175,0.8068461418151855,174,0.023557869717478752,0.7832882720977068,175|174|236|234|246,0.80684614|0.02355787|0.00588893|0.00532823|0.00382823,1,0.8068461418151855,True,175,0.8068461418151855,True,175,0.7735891342163086,True,175,0.8099017143249512,True,175,0.7913162112236023,True,c12_correct
176,177,177_2.bmp,preprocessed_results\177\177_2.bmp,176,176,176,0.6575605273246765,534,0.02133292146027088,0.6362276058644056,176|534|227|315|229,0.65756053|0.02133292|0.01275914|0.00518310|0.00482781,1,0.6575605273246765,True,176,0.6575605273246765,True,176,0.7942101359367371,True,176,0.8357143402099609,True,176,0.7837280631065369,True,c12_correct
177,178,178_6.bmp,preprocessed_results\178\178_6.bmp,177,177,177,0.27706900238990784,125,0.024718306958675385,0.25235069543123245,177|125|216|18|62,0.27706900|0.02471831|0.02426898|0.02179454|0.01601542,1,0.27706900238990784,True,177,0.27706900238990784,True,177,0.16811606287956238,True,177,0.7692499756813049,True,177,0.3029850423336029,True,c12_correct
178,179,179_7.bmp,preprocessed_results\179\179_7.bmp,178,178,178,0.7091230750083923,407,0.013044217601418495,0.6960788574069738,178|407|9|188|534,0.70912308|0.01304422|0.00945667|0.00729332|0.00678327,1,0.7091230750083923,True,178,0.7091230750083923,True,178,0.33975064754486084,True,178,0.7597794532775879,True,178,0.6061444878578186,True,c12_correct
179,180,180_5.bmp,preprocessed_results\180\180_5.bmp,179,179,179,0.8030645847320557,314,0.0339985191822052,0.7690660655498505,179|314|43|82|311,0.80306458|0.03399852|0.01169932|0.00961991|0.00501475,1,0.8030645847320557,True,179,0.8030645847320557,True,179,0.6312983632087708,True,179,0.8325896263122559,True,179,0.7081709504127502,True,c12_correct
180,181,181_1.bmp,preprocessed_results\181\181_1.bmp,180,180,180,0.8386775255203247,370,0.006161150522530079,0.8325163749977946,180|370|543|95|412,0.83867753|0.00616115|0.00512210|0.00381846|0.00366651,1,0.8386775255203247,True,180,0.8386775255203247,True,180,0.4434238076210022,True,180,0.828423798084259,True,180,0.8463737368583679,True,c12_correct
181,182,182_7.bmp,preprocessed_results\182\182_7.bmp,181,181,181,0.5714187026023865,566,0.012425745837390423,0.558992956764996,181|566|80|76|245,0.57141870|0.01242575|0.01078147|0.01022420|0.00734556,1,0.5714187026023865,True,181,0.5714187026023865,True,181,0.7225337028503418,True,181,0.7987844944000244,True,181,0.8321947455406189,True,c12_correct
182,183,183_7.bmp,preprocessed_results\183\183_7.bmp,182,182,182,0.8690805435180664,145,0.010526260361075401,0.858554283156991,182|145|165|455|76,0.86908054|0.01052626|0.00313625|0.00273329|0.00194016,1,0.8690805435180664,True,182,0.8690805435180664,True,182,0.8696910738945007,True,182,0.7900404930114746,True,182,0.725307285785675,True,c12_correct
183,184,184_4.bmp,preprocessed_results\184\184_4.bmp,183,183,183,0.7637715935707092,321,0.01113379281014204,0.7526378007605672,183|321|823|71|92,0.76377159|0.01113379|0.00731381|0.00550238|0.00412913,1,0.7637715935707092,True,183,0.7637715935707092,True,183,0.6980287432670593,True,183,0.8130531311035156,True,183,0.760003387928009,True,c12_correct
184,185,185_4.bmp,preprocessed_results\185\185_4.bmp,184,184,184,0.771877646446228,117,0.011320228688418865,0.7605574177578092,184|117|357|358|483,0.77187765|0.01132023|0.00812883|0.00680306|0.00656305,1,0.771877646446228,True,184,0.771877646446228,True,184,0.7390642762184143,True,184,0.8190711140632629,True,184,0.7744104862213135,True,c12_correct
185,186,186_3.bmp,preprocessed_results\186\186_3.bmp,185,185,185,0.5663518905639648,537,0.02844667062163353,0.5379052199423313,185|537|184|221|354,0.56635189|0.02844667|0.02366782|0.01765974|0.01619525,1,0.5663518905639648,True,185,0.5663518905639648,True,185,0.29822805523872375,True,185,0.7094709873199463,True,185,0.4877299666404724,True,c12_correct
186,187,187_3.bmp,preprocessed_results\187\187_3.bmp,186,186,186,0.7987574934959412,624,0.011406525038182735,0.7873509684577584,186|624|73|566|828,0.79875749|0.01140653|0.00919951|0.00759348|0.00528599,1,0.7987574934959412,True,186,0.7987574934959412,True,186,0.6921707987785339,True,186,0.8258807063102722,True,186,0.8163854479789734,True,c12_correct
187,188,188_2.bmp,preprocessed_results\188\188_2.bmp,187,187,187,0.9258213639259338,186,0.013102767989039421,0.9127185959368944,187|186|120|773|14,0.92582136|0.01310277|0.00340805|0.00283986|0.00210306,1,0.9258213639259338,True,187,0.9258213639259338,True,187,0.8801901340484619,True,187,0.8142859935760498,True,187,0.8107775449752808,True,c12_correct
188,189,189_10.bmp,preprocessed_results\189\189_10.bmp,188,188,188,0.6855810284614563,78,0.008035927079617977,0.6775451013818383,188|78|189|34|212,0.68558103|0.00803593|0.00802521|0.00710637|0.00662487,1,0.6855810284614563,True,188,0.6855810284614563,True,188,0.7862221002578735,True,188,0.8071659207344055,True,188,0.7120335698127747,True,c12_correct
189,190,190_3.bmp,preprocessed_results\190\190_3.bmp,189,189,189,0.8324981927871704,440,0.008289319463074207,0.8242088733240962,189|440|431|547|55,0.83249819|0.00828932|0.00631184|0.00366997|0.00325141,1,0.8324981927871704,True,189,0.8324981927871704,True,189,0.7538758516311646,True,189,0.8346072435379028,True,189,0.7637075185775757,True,c12_correct
190,191,191_7.bmp,preprocessed_results\191\191_7.bmp,190,190,190,0.8792549967765808,81,0.006007542368024588,0.8732474544085562,190|81|336|276|175,0.87925500|0.00600754|0.00283657|0.00254265|0.00241416,1,0.8792549967765808,True,190,0.8792549967765808,True,190,0.8809478878974915,True,190,0.8123565912246704,True,190,0.8308550119400024,True,c12_correct
191,192,192_4.bmp,preprocessed_results\192\192_4.bmp,191,191,191,0.9154901504516602,141,0.018912486732006073,0.8965776637196541,191|141|193|190|257,0.91549015|0.01891249|0.00449687|0.00206209|0.00194601,1,0.9154901504516602,True,191,0.9154901504516602,True,191,0.6761000156402588,True,191,0.805824875831604,True,191,0.7596541047096252,True,c12_correct
192,193,193_8.bmp,preprocessed_results\193\193_8.bmp,192,192,192,0.913144588470459,152,0.00550779327750206,0.9076367951929569,192|152|38|193|134,0.91314459|0.00550779|0.00233985|0.00215492|0.00175306,1,0.913144588470459,True,192,0.913144588470459,True,192,0.8635520935058594,True,192,0.8436235785484314,True,192,0.8953000903129578,True,c12_correct
193,194,194_1.bmp,preprocessed_results\194\194_1.bmp,193,193,193,0.4479972720146179,105,0.04642303287982941,0.4015742391347885,193|105|341|324|192,0.44799727|0.04642303|0.02347634|0.02037231|0.02028506,1,0.4479972720146179,True,193,0.4479972720146179,True,193,0.25841450691223145,True,193,0.8001052737236023,True,193,0.523648738861084,True,c12_correct
194,195,195_3.bmp,preprocessed_results\195\195_3.bmp,194,194,194,0.9141421318054199,229,0.005670048296451569,0.9084720835089684,194|229|195|180|173,0.91414213|0.00567005|0.00437648|0.00197848|0.00181723,1,0.9141421318054199,True,194,0.9141421318054199,True,194,0.8073306679725647,True,194,0.8306631445884705,True,194,0.7384713292121887,True,c12_correct
195,196,196_7.bmp,preprocessed_results\196\196_7.bmp,195,195,195,0.9497760534286499,194,0.003534758696332574,0.9462412947323173,195|194|46|305|259,0.94977605|0.00353476|0.00189288|0.00138431|0.00124968,1,0.9497760534286499,True,195,0.9497760534286499,True,195,0.9186434149742126,True,195,0.8346476554870605,True,195,0.8738242387771606,True,c12_correct
196,197,197_3.bmp,preprocessed_results\197\197_3.bmp,196,196,196,0.6413224339485168,450,0.019232679158449173,0.6220897547900677,196|450|451|549|86,0.64132243|0.01923268|0.01819473|0.01375334|0.00901709,1,0.6413224339485168,True,196,0.6413224339485168,True,196,0.44837522506713867,True,196,0.8273608684539795,True,196,0.5978438854217529,True,c12_correct
197,198,198_4.bmp,preprocessed_results\198\198_4.bmp,197,197,197,0.7525154948234558,44,0.025112714618444443,0.7274027802050114,197|44|82|181|234,0.75251549|0.02511271|0.00795397|0.00736383|0.00380207,1,0.7525154948234558,True,197,0.7525154948234558,True,197,0.8606288433074951,True,197,0.8093128800392151,True,197,0.8993310332298279,True,c12_correct
198,199,199_5.bmp,preprocessed_results\199\199_5.bmp,198,198,198,0.8630109429359436,87,0.014271622523665428,0.8487393204122782,198|87|248|38|199,0.86301094|0.01427162|0.00552602|0.00381880|0.00319994,1,0.8630109429359436,True,198,0.8630109429359436,True,198,0.7220126390457153,True,198,0.8029091954231262,True,198,0.8736505508422852,True,c12_correct
199,200,200_7.bmp,preprocessed_results\200\200_7.bmp,199,199,199,0.4919492304325104,269,0.027608472853899002,0.4643407575786114,199|269|284|111|198,0.49194923|0.02760847|0.02265222|0.01734525|0.01594548,1,0.4919492304325104,True,199,0.4919492304325104,True,199,0.18955020606517792,True,199,0.7320022583007812,True,199,0.26996520161628723,True,c12_correct
200,201,201_8.bmp,preprocessed_results\201\201_8.bmp,200,200,200,0.7225836515426636,42,0.010118980892002583,0.712464670650661,200|42|70|39|358,0.72258365|0.01011898|0.00842046|0.00773520|0.00729016,1,0.7225836515426636,True,200,0.7225836515426636,True,200,0.5731226205825806,True,200,0.8169140219688416,True,200,0.6540271043777466,True,c12_correct
201,202,202_9.bmp,preprocessed_results\202\202_9.bmp,201,201,201,0.6745210289955139,130,0.030702287331223488,0.6438187416642904,201|130|104|244|200,0.67452103|0.03070229|0.00853499|0.00821838|0.00661683,1,0.6745210289955139,True,201,0.6745210289955139,True,201,0.6883870363235474,True,201,0.7909005284309387,True,201,0.6317028403282166,True,c12_correct
202,203,203_9.bmp,preprocessed_results\203\203_9.bmp,202,202,202,0.488859623670578,203,0.05959548428654671,0.4292641393840313,202|203|122|382|54,0.48885962|0.05959548|0.01238666|0.01085029|0.01069723,1,0.488859623670578,True,202,0.488859623670578,True,202,0.42812013626098633,True,202,0.8198879361152649,True,202,0.612805962562561,True,c12_correct
203,204,204_1.bmp,preprocessed_results\204\204_1.bmp,203,203,203,0.8758811354637146,202,0.005750306881964207,0.8701308285817504,203|202|511|223|54,0.87588114|0.00575031|0.00363090|0.00286881|0.00246779,1,0.8758811354637146,True,203,0.8758811354637146,True,203,0.862687349319458,True,203,0.8107929825782776,True,203,0.871471643447876,True,c12_correct
204,205,205_5.bmp,preprocessed_results\205\205_5.bmp,204,204,204,0.7867236733436584,34,0.011033110320568085,0.7756905630230904,204|34|158|266|292,0.78672367|0.01103311|0.00915935|0.00877926|0.00658063,1,0.7867236733436584,True,204,0.7867236733436584,True,204,0.6951114535331726,True,204,0.8362873196601868,True,204,0.5314761400222778,True,c12_correct
205,206,206_10.bmp,preprocessed_results\206\206_10.bmp,205,205,205,0.37163856625556946,297,0.04326266795396805,0.3283758983016014,205|297|470|173|292,0.37163857|0.04326267|0.02900829|0.01839834|0.01570969,1,0.37163856625556946,True,205,0.37163856625556946,True,205,0.7638404369354248,True,205,0.8207537531852722,True,205,0.7261906862258911,True,c12_correct
206,207,207_2.bmp,preprocessed_results\207\207_2.bmp,206,206,206,0.9201391935348511,207,0.018496880307793617,0.9016423132270575,206|207|331|525|662,0.92013919|0.01849688|0.00259046|0.00191633|0.00130728,1,0.9201391935348511,True,206,0.9201391935348511,True,206,0.9028711318969727,True,206,0.7930517792701721,True,206,0.7774891257286072,True,c12_correct
207,208,208_3.bmp,preprocessed_results\208\208_3.bmp,207,207,207,0.8030766844749451,206,0.025758881121873856,0.7773178033530712,207|206|128|219|502,0.80307668|0.02575888|0.00855116|0.00575892|0.00434160,1,0.8030766844749451,True,207,0.8030766844749451,True,207,0.5326303839683533,True,207,0.8301960229873657,True,207,0.6706754565238953,True,c12_correct
208,209,209_7.bmp,preprocessed_results\209\209_7.bmp,208,208,208,0.44384676218032837,135,0.05678527057170868,0.3870614916086197,208|135|217|49|209,0.44384676|0.05678527|0.02601316|0.01493369|0.01446034,1,0.44384676218032837,True,208,0.44384676218032837,True,208,0.24935010075569153,True,208,0.7777497172355652,True,208,0.37020203471183777,True,c12_correct
209,210,210_2.bmp,preprocessed_results\210\210_2.bmp,209,209,209,0.7658810019493103,83,0.009459433145821095,0.7564215688034892,209|83|329|338|112,0.76588100|0.00945943|0.00923617|0.00887807|0.00727017,1,0.7658810019493103,True,209,0.7658810019493103,True,209,0.8772916197776794,True,209,0.7664820551872253,True,209,0.7923738360404968,True,c12_correct
210,211,211_5.bmp,preprocessed_results\211\211_5.bmp,210,210,210,0.7760239839553833,211,0.14320823550224304,0.6328157484531403,210|211|477|70|83,0.77602398|0.14320824|0.00636755|0.00247113|0.00211686,1,0.7760239839553833,True,210,0.7760239839553833,True,210,0.8622680902481079,True,210,0.851537823677063,True,210,0.8339458703994751,True,c12_correct
211,212,212_6.bmp,preprocessed_results\212\212_6.bmp,211,211,211,0.5918375253677368,188,0.014364011585712433,0.5774735137820244,211|188|109|210|267,0.59183753|0.01436401|0.01038281|0.01020823|0.00880874,1,0.5918375253677368,True,211,0.5918375253677368,True,211,0.3676847219467163,True,211,0.8031045198440552,True,211,0.6269712448120117,True,c12_correct
212,213,213_10.bmp,preprocessed_results\213\213_10.bmp,212,212,212,0.8873710632324219,213,0.011291887611150742,0.8760791756212711,212|213|188|218|33,0.88737106|0.01129189|0.00606346|0.00598654|0.00285488,1,0.8873710632324219,True,212,0.8873710632324219,True,212,0.6021069884300232,True,212,0.8243248462677002,True,212,0.8317739963531494,True,c12_correct
213,214,214_2.bmp,preprocessed_results\214\214_2.bmp,213,213,213,0.7520080804824829,212,0.01567906141281128,0.7363290190696716,213|212|55|211|185,0.75200808|0.01567906|0.01210662|0.00868321|0.00738727,1,0.7520080804824829,True,213,0.7520080804824829,True,213,0.7619452476501465,True,213,0.8009544014930725,True,213,0.8243927359580994,True,c12_correct
214,215,215_2.bmp,preprocessed_results\215\215_2.bmp,214,214,214,0.6051052808761597,602,0.014360997825860977,0.5907442830502987,214|602|59|136|588,0.60510528|0.01436100|0.01362160|0.01178684|0.00908066,1,0.6051052808761597,True,214,0.6051052808761597,True,214,0.4718441069126129,True,214,0.7981656789779663,True,214,0.5653918385505676,True,c12_correct
215,216,216_8.bmp,preprocessed_results\216\216_8.bmp,215,215,215,0.8703539371490479,352,0.011788943782448769,0.8585649933665991,215|352|214|161|107,0.87035394|0.01178894|0.00446414|0.00257719|0.00207459,1,0.8703539371490479,True,215,0.8703539371490479,True,215,0.7754679918289185,True,215,0.8316750526428223,True,215,0.7807191610336304,True,c12_correct
216,217,217_9.bmp,preprocessed_results\217\217_9.bmp,216,216,216,0.7823549509048462,335,0.010226335376501083,0.7721286155283451,216|335|136|589|46,0.78235495|0.01022634|0.01020969|0.00944129|0.00807226,1,0.7823549509048462,True,216,0.7823549509048462,True,216,0.8194435238838196,True,216,0.8304846882820129,True,216,0.7456266283988953,True,c12_correct
217,218,218_1.bmp,preprocessed_results\218\218_1.bmp,217,217,217,0.7328830361366272,216,0.016722247004508972,0.7161607891321182,217|216|318|238|319,0.73288304|0.01672225|0.00712232|0.00601351|0.00516515,1,0.7328830361366272,True,217,0.7328830361366272,True,217,0.8642519116401672,True,217,0.8381491303443909,True,217,0.863914430141449,True,c12_correct
218,219,219_9.bmp,preprocessed_results\219\219_9.bmp,218,218,218,0.435690313577652,548,0.02486869879066944,0.41082161478698254,218|548|195|219|549,0.43569031|0.02486870|0.01923660|0.01743094|0.01382324,1,0.435690313577652,True,218,0.435690313577652,True,218,0.5211737751960754,True,218,0.7741115093231201,True,218,0.6186277866363525,True,c12_correct
219,220,220_6.bmp,preprocessed_results\220\220_6.bmp,219,219,219,0.6030573844909668,151,0.02844679169356823,0.5746105927973986,219|151|206|183|253,0.60305738|0.02844679|0.02556711|0.01643733|0.01606315,1,0.6030573844909668,True,219,0.6030573844909668,True,219,0.5918978452682495,True,219,0.7925917506217957,True,219,0.665554940700531,True,c12_correct
220,221,221_7.bmp,preprocessed_results\221\221_7.bmp,220,220,220,0.8889098763465881,221,0.014248358085751534,0.8746615182608366,220|221|332|512|584,0.88890988|0.01424836|0.00597864|0.00333125|0.00250614,1,0.8889098763465881,True,220,0.8889098763465881,True,220,0.6868171691894531,True,220,0.8361133933067322,True,220,0.7207807898521423,True,c12_correct
221,222,222_5.bmp,preprocessed_results\222\222_5.bmp,221,221,221,0.6611472964286804,185,0.04298827424645424,0.6181590221822262,221|185|184|117|438,0.66114730|0.04298827|0.00968093|0.00945279|0.00800541,1,0.6611472964286804,True,221,0.6611472964286804,True,221,0.4035095274448395,True,221,0.8170692324638367,True,221,0.4797017574310303,True,c12_correct
222,223,223_7.bmp,preprocessed_results\223\223_7.bmp,222,222,222,0.5549182295799255,208,0.017071928828954697,0.5378463007509708,222|208|223|123|521,0.55491823|0.01707193|0.01575488|0.01312662|0.01133730,1,0.5549182295799255,True,222,0.5549182295799255,True,222,0.47959819436073303,True,222,0.7863883376121521,True,222,0.5274297595024109,True,c12_correct
223,224,224_6.bmp,preprocessed_results\224\224_6.bmp,223,223,223,0.8758823275566101,203,0.0192564744502306,0.8566258531063795,223|203|58|94|50,0.87588233|0.01925647|0.00602850|0.00555739|0.00446917,1,0.8758823275566101,True,223,0.8758823275566101,True,223,0.7447614073753357,True,223,0.8157117962837219,True,223,0.8110013008117676,True,c12_correct
224,225,225_7.bmp,preprocessed_results\225\225_7.bmp,224,224,224,0.19390611350536346,269,0.10463938117027283,0.08926673233509064,224|269|598|68|684,0.19390611|0.10463938|0.04841929|0.02571857|0.02398110,1,0.19390611350536346,True,224,0.19390611350536346,True,224,0.09333335608243942,True,224,0.7459568977355957,True,224,0.19052866101264954,True,c12_correct
225,226,226_8.bmp,preprocessed_results\226\226_8.bmp,225,225,225,0.7745826840400696,541,0.018374409526586533,0.756208274513483,225|541|285|224|143,0.77458268|0.01837441|0.01336780|0.01189121|0.00733409,1,0.7745826840400696,True,225,0.7745826840400696,True,225,0.7652304768562317,True,225,0.8429888486862183,True,225,0.7250452041625977,True,c12_correct
226,227,227_7.bmp,preprocessed_results\227\227_7.bmp,226,226,226,0.8184924721717834,514,0.01614578254520893,0.8023466896265745,226|514|382|526|366,0.81849247|0.01614578|0.01124660|0.01015749|0.00624072,1,0.8184924721717834,True,226,0.8184924721717834,True,226,0.45197227597236633,True,226,0.8348656296730042,True,226,0.6886224150657654,True,c12_correct
227,228,228_5.bmp,preprocessed_results\228\228_5.bmp,227,227,227,0.4067625105381012,558,0.13610363006591797,0.2706588804721832,227|558|226|435|70,0.40676251|0.13610363|0.03082637|0.02422440|0.02365022,1,0.4067625105381012,True,227,0.4067625105381012,True,227,0.4341992139816284,True,227,0.8207723498344421,True,227,0.7048823237419128,True,c12_correct
228,229,229_10.bmp,preprocessed_results\229\229_10.bmp,228,228,228,0.8704987168312073,221,0.0049677649512887,0.8655309518799186,228|221|214|229|164,0.87049872|0.00496776|0.00394414|0.00340268|0.00332015,1,0.8704987168312073,True,228,0.8704987168312073,True,228,0.7146780490875244,True,228,0.7583143711090088,True,228,0.7007896304130554,True,c12_correct
229,230,230_6.bmp,preprocessed_results\230\230_6.bmp,229,229,229,0.9048928022384644,544,0.00457265879958868,0.9003201434388757,229|544|194|56|176,0.90489280|0.00457266|0.00361442|0.00325264|0.00271538,1,0.9048928022384644,True,229,0.9048928022384644,True,229,0.8153754472732544,True,229,0.8242619633674622,True,229,0.8153120875358582,True,c12_correct
230,231,231_8.bmp,preprocessed_results\231\231_8.bmp,230,230,230,0.8963858485221863,10,0.009034339338541031,0.8873515091836452,230|10|231|8|74,0.89638585|0.00903434|0.00801662|0.00478733|0.00318732,1,0.8963858485221863,True,230,0.8963858485221863,True,230,0.8343822360038757,True,230,0.8032076358795166,True,230,0.8424414992332458,True,c12_correct
231,232,232_2.bmp,preprocessed_results\232\232_2.bmp,231,231,231,0.3333730697631836,230,0.05539887025952339,0.2779741995036602,231|230|469|177|378,0.33337307|0.05539887|0.02280007|0.02244584|0.01564462,1,0.3333730697631836,True,231,0.3333730697631836,True,231,0.28941118717193604,True,231,0.6178604364395142,True,231,0.2477644979953766,True,c12_correct
232,233,233_9.bmp,preprocessed_results\233\233_9.bmp,232,232,232,0.661915123462677,623,0.03309091180562973,0.6288242116570473,232|623|2|179|487,0.66191512|0.03309091|0.02392213|0.00887780|0.00822398,1,0.661915123462677,True,232,0.661915123462677,True,232,0.7298665046691895,True,232,0.8017300367355347,True,232,0.7295190691947937,True,c12_correct
233,234,234_5.bmp,preprocessed_results\234\234_5.bmp,233,233,233,0.857552707195282,338,0.011859777383506298,0.8456929298117757,233|338|108|232|331,0.85755271|0.01185978|0.00622173|0.00344305|0.00321591,1,0.857552707195282,True,233,0.857552707195282,True,233,0.8580744862556458,True,233,0.8248369097709656,True,233,0.8038818836212158,True,c12_correct
234,235,235_1.bmp,preprocessed_results\235\235_1.bmp,234,234,234,0.5733439326286316,44,0.015164193697273731,0.5581797389313579,234|44|434|453|197,0.57334393|0.01516419|0.01361311|0.01094812|0.01069340,1,0.5733439326286316,True,234,0.5733439326286316,True,234,0.4189314544200897,True,234,0.7478001713752747,True,234,0.3923686444759369,True,c12_correct
235,236,236_1.bmp,preprocessed_results\236\236_1.bmp,235,235,235,0.6717686057090759,490,0.017110180109739304,0.6546584255993366,235|490|234|664|488,0.67176861|0.01711018|0.01189989|0.00633945|0.00603182,1,0.6717686057090759,True,235,0.6717686057090759,True,235,0.8523260951042175,True,235,0.7926990985870361,True,235,0.5071165561676025,True,c12_correct
236,237,237_3.bmp,preprocessed_results\237\237_3.bmp,236,236,236,0.3860841989517212,318,0.026500722393393517,0.3595834765583277,236|318|237|175|17,0.38608420|0.02650072|0.02178387|0.01280998|0.01232675,1,0.3860841989517212,True,236,0.3860841989517212,True,236,0.20972086489200592,True,236,0.7620693445205688,True,236,0.4973122775554657,True,c12_correct
237,238,238_8.bmp,preprocessed_results\238\238_8.bmp,237,237,237,0.8476256728172302,236,0.005976456217467785,0.8416492165997624,237|236|175|16|325,0.84762567|0.00597646|0.00454387|0.00452087|0.00312924,1,0.8476256728172302,True,237,0.8476256728172302,True,237,0.4853178858757019,True,237,0.819837212562561,True,237,0.8048105239868164,True,c12_correct
238,239,239_8.bmp,preprocessed_results\239\239_8.bmp,238,238,238,0.8196770548820496,312,0.0158372949808836,0.803839759901166,238|312|509|292|437,0.81967705|0.01583729|0.00846754|0.00714174|0.00707635,1,0.8196770548820496,True,238,0.8196770548820496,True,238,0.810429573059082,True,238,0.835816502571106,True,238,0.834819495677948,True,c12_correct
239,240,240_3.bmp,preprocessed_results\240\240_3.bmp,239,239,239,0.4835730791091919,322,0.012263842858374119,0.4713092362508178,239|322|528|96|509,0.48357308|0.01226384|0.01115943|0.01012642|0.00910696,1,0.4835730791091919,True,239,0.4835730791091919,True,239,0.8432623744010925,True,239,0.8423862457275391,True,239,0.776098906993866,True,c12_correct
240,241,241_8.bmp,preprocessed_results\241\241_8.bmp,240,240,240,0.7802197933197021,241,0.011394067667424679,0.7688257256522775,240|241|304|327|347,0.78021979|0.01139407|0.00860698|0.00528813|0.00402810,1,0.7802197933197021,True,240,0.7802197933197021,True,240,0.691243052482605,True,240,0.8382948637008667,True,240,0.7810190916061401,True,c12_correct
241,242,242_2.bmp,preprocessed_results\242\242_2.bmp,241,241,241,0.6170819401741028,147,0.01432859804481268,0.6027533421292901,241|147|275|327|99,0.61708194|0.01432860|0.01237028|0.01215266|0.00881605,1,0.6170819401741028,True,241,0.6170819401741028,True,241,0.3010842800140381,True,241,0.7817326188087463,True,241,0.430002361536026,True,c12_correct
242,243,243_7.bmp,preprocessed_results\243\243_7.bmp,242,242,242,0.9405340552330017,478,0.004300849512219429,0.9362332057207823,242|478|160|766|68,0.94053406|0.00430085|0.00392834|0.00209515|0.00208855,1,0.9405340552330017,True,242,0.9405340552330017,True,242,0.8462074995040894,True,242,0.8403093218803406,True,242,0.9073469042778015,True,c12_correct
243,244,244_9.bmp,preprocessed_results\244\244_9.bmp,243,243,243,0.9301718473434448,818,0.0036644970532506704,0.9265073502901942,243|818|589|10|420,0.93017185|0.00366450|0.00321430|0.00174262|0.00139628,1,0.9301718473434448,True,243,0.9301718473434448,True,243,0.8873431086540222,True,243,0.8073908090591431,True,243,0.8504442572593689,True,c12_correct
244,245,245_1.bmp,preprocessed_results\245\245_1.bmp,244,244,244,0.8983899354934692,198,0.003855824703350663,0.8945341107901186,244|198|152|201|120,0.89838994|0.00385582|0.00325338|0.00310233|0.00309521,1,0.8983899354934692,True,244,0.8983899354934692,True,244,0.9235342144966125,True,244,0.8125522136688232,True,244,0.8109917044639587,True,c12_correct
245,246,246_1.bmp,preprocessed_results\246\246_1.bmp,245,245,245,0.6471909284591675,77,0.01126630324870348,0.635924625210464,245|77|722|539|612,0.64719093|0.01126630|0.00899447|0.00842568|0.00800045,1,0.6471909284591675,True,245,0.6471909284591675,True,245,0.42013996839523315,True,245,0.793397068977356,True,245,0.5347439646720886,True,c12_correct
246,247,247_4.bmp,preprocessed_results\247\247_4.bmp,246,246,246,0.6856459379196167,247,0.1563485860824585,0.5292973518371582,246|247|126|717|6,0.68564594|0.15634859|0.01185156|0.00860604|0.00417759,1,0.6856459379196167,True,246,0.6856459379196167,True,246,0.7111591696739197,True,246,0.7422641515731812,True,246,0.628157377243042,True,c12_correct
247,248,248_2.bmp,preprocessed_results\248\248_2.bmp,247,247,247,0.6164537072181702,246,0.03670145571231842,0.5797522515058517,247|246|142|30|114,0.61645371|0.03670146|0.02796994|0.01815797|0.00873730,1,0.6164537072181702,True,247,0.6164537072181702,True,247,0.04243095591664314,True,247,0.7841535210609436,True,247,0.46840715408325195,True,c12_correct
248,249,249_1.bmp,preprocessed_results\249\249_1.bmp,248,248,248,0.91902756690979,302,0.004924471024423838,0.9141030958853662,248|302|162|174|198,0.91902757|0.00492447|0.00277082|0.00186885|0.00160955,1,0.91902756690979,True,248,0.91902756690979,True,248,0.8978615403175354,True,248,0.8354926109313965,True,248,0.8666630983352661,True,c12_correct
249,250,250_8.bmp,preprocessed_results\250\250_8.bmp,249,249,249,0.8076571822166443,302,0.009208005852997303,0.798449176363647,249|302|269|252|169,0.80765718|0.00920801|0.00654165|0.00570894|0.00541062,1,0.8076571822166443,True,249,0.8076571822166443,True,249,0.7653617262840271,True,249,0.8135241866111755,True,249,0.8509129881858826,True,c12_correct
250,251,251_5.bmp,preprocessed_results\251\251_5.bmp,250,250,250,0.8792735934257507,131,0.006874148268252611,0.8723994451574981,250|131|96|436|589,0.87927359|0.00687415|0.00602549|0.00340074|0.00267585,1,0.8792735934257507,True,250,0.8792735934257507,True,250,0.711665153503418,True,250,0.8265690803527832,True,250,0.7893664240837097,True,c12_correct
251,252,252_4.bmp,preprocessed_results\252\252_4.bmp,251,251,251,0.44743767380714417,277,0.06583873927593231,0.38159893453121185,251|277|295|250|217,0.44743767|0.06583874|0.02064612|0.01482986|0.01353263,1,0.44743767380714417,True,251,0.44743767380714417,True,251,0.1984560340642929,True,251,0.7467906475067139,True,251,0.22764840722084045,True,c12_correct
252,253,253_10.bmp,preprocessed_results\253\253_10.bmp,252,252,252,0.6281886100769043,199,0.02014078013598919,0.6080478299409151,252|199|249|292|154,0.62818861|0.02014078|0.01982467|0.01543799|0.00745349,1,0.6281886100769043,True,252,0.6281886100769043,True,252,0.7362930178642273,True,252,0.7890079617500305,True,252,0.6123083829879761,True,c12_correct
253,254,254_4.bmp,preprocessed_results\254\254_4.bmp,253,253,253,0.35030385851860046,264,0.026378024369478226,0.32392583414912224,253|264|400|159|298,0.35030386|0.02637802|0.01588435|0.01512536|0.01298815,1,0.35030385851860046,True,253,0.35030385851860046,True,253,0.5054067373275757,True,253,0.7730311751365662,True,253,0.4806680977344513,True,c12_correct
254,255,255_4.bmp,preprocessed_results\255\255_4.bmp,254,254,254,0.7329180240631104,255,0.03888799995183945,0.6940300241112709,254|255|24|228|105,0.73291802|0.03888800|0.00507683|0.00462327|0.00394933,1,0.7329180240631104,True,254,0.7329180240631104,True,254,0.839789092540741,True,254,0.807001531124115,True,254,0.8626630306243896,True,c12_correct
255,256,256_6.bmp,preprocessed_results\256\256_6.bmp,255,255,255,0.8733678460121155,43,0.009260405786335468,0.86410744022578,255|43|786|254|54,0.87336785|0.00926041|0.00834575|0.00518576|0.00391179,1,0.8733678460121155,True,255,0.8733678460121155,True,255,0.4139748811721802,True,255,0.7597140669822693,True,255,0.3981412351131439,True,c12_correct
256,257,257_3.bmp,preprocessed_results\257\257_3.bmp,256,256,256,0.87485671043396,287,0.003568661166355014,0.871288049267605,256|287|386|340|4,0.87485671|0.00356866|0.00260550|0.00253007|0.00221912,1,0.87485671043396,True,256,0.87485671043396,True,256,0.7808870673179626,True,256,0.8371625542640686,True,256,0.7890276908874512,True,c12_correct
257,258,258_8.bmp,preprocessed_results\258\258_8.bmp,257,257,257,0.7953596115112305,151,0.005934955086559057,0.7894246564246714,257|151|174|261|207,0.79535961|0.00593496|0.00518944|0.00474482|0.00408680,1,0.7953596115112305,True,257,0.7953596115112305,True,257,0.7103919982910156,True,257,0.8322258591651917,True,257,0.8520551323890686,True,c12_correct
258,259,259_10.bmp,preprocessed_results\259\259_10.bmp,258,258,258,0.8100399971008301,78,0.009601489640772343,0.8004385074600577,258|78|154|284|77,0.81004000|0.00960149|0.00840264|0.00544117|0.00478598,1,0.8100399971008301,True,258,0.8100399971008301,True,258,0.6906899809837341,True,258,0.8548904061317444,True,258,0.6546504497528076,True,c12_correct
259,260,260_2.bmp,preprocessed_results\260\260_2.bmp,259,259,259,0.48617851734161377,139,0.011266898363828659,0.4749116189777851,259|139|148|195|243,0.48617852|0.01126690|0.01125168|0.01045380|0.00974789,1,0.48617851734161377,True,259,0.48617851734161377,True,259,0.6693030595779419,True,259,0.7926037311553955,True,259,0.7015136480331421,True,c12_correct
260,261,261_1.bmp,preprocessed_results\261\261_1.bmp,260,260,260,0.745210587978363,287,0.02510283887386322,0.7201077491044998,260|287|261|217|128,0.74521059|0.02510284|0.00776798|0.00453185|0.00401024,1,0.745210587978363,True,260,0.745210587978363,True,260,0.8733338117599487,True,260,0.8392126560211182,True,260,0.7274884581565857,True,c12_correct
261,262,262_4.bmp,preprocessed_results\262\262_4.bmp,261,261,261,0.8484134078025818,260,0.00879974290728569,0.8396136648952961,261|260|290|209|217,0.84841341|0.00879974|0.00636869|0.00446741|0.00443154,1,0.8484134078025818,True,261,0.8484134078025818,True,261,0.7054235935211182,True,261,0.8258645534515381,True,261,0.8168089389801025,True,c12_correct
262,263,263_5.bmp,preprocessed_results\263\263_5.bmp,262,262,262,0.944629430770874,334,0.002897274913266301,0.9417321558576077,262|334|49|255|325,0.94462943|0.00289727|0.00281632|0.00206862|0.00157866,1,0.944629430770874,True,262,0.944629430770874,True,262,0.9032405614852905,True,262,0.8574600219726562,True,262,0.8420262932777405,True,c12_correct
263,264,264_2.bmp,preprocessed_results\264\264_2.bmp,263,263,263,0.8833359479904175,339,0.004089463502168655,0.8792464844882488,263|339|89|49|52,0.88333595|0.00408946|0.00271721|0.00251804|0.00245910,1,0.8833359479904175,True,263,0.8833359479904175,True,263,0.8010860085487366,True,263,0.8188163638114929,True,263,0.759357213973999,True,c12_correct
264,265,265_5.bmp,preprocessed_results\265\265_5.bmp,264,264,264,0.5885986685752869,208,0.15288738906383514,0.4357112795114517,264|208|49|339|135,0.58859867|0.15288739|0.05188487|0.01103226|0.00570391,1,0.5885986685752869,True,264,0.5885986685752869,True,264,0.6136935353279114,True,264,0.8081297874450684,True,264,0.7784490585327148,True,c12_correct
265,266,266_1.bmp,preprocessed_results\266\266_1.bmp,265,265,265,0.8381946086883545,153,0.02357863076031208,0.8146159779280424,265|153|275|191|36,0.83819461|0.02357863|0.00641214|0.00528300|0.00282825,1,0.8381946086883545,True,265,0.8381946086883545,True,265,0.4188287556171417,True,265,0.8068385124206543,True,265,0.7418564558029175,True,c12_correct
266,267,267_3.bmp,preprocessed_results\267\267_3.bmp,266,266,266,0.6709432005882263,338,0.0197442676872015,0.6511989329010248,266|338|255|22|172,0.67094320|0.01974427|0.01573277|0.01208988|0.01124753,1,0.6709432005882263,True,266,0.6709432005882263,True,266,0.4354759454727173,True,266,0.8210803866386414,True,266,0.6285802125930786,True,c12_correct
267,268,268_1.bmp,preprocessed_results\268\268_1.bmp,267,267,267,0.9213929176330566,63,0.003069306490942836,0.9183236111421138,267|63|76|193|211,0.92139292|0.00306931|0.00231082|0.00197931|0.00174478,1,0.9213929176330566,True,267,0.9213929176330566,True,267,0.8494590520858765,True,267,0.8352119326591492,True,267,0.8283273577690125,True,c12_correct
268,269,269_7.bmp,preprocessed_results\269\269_7.bmp,268,268,268,0.9033669829368591,163,0.00463574193418026,0.8987312410026789,268|163|421|269|123,0.90336698|0.00463574|0.00381673|0.00334176|0.00234053,1,0.9033669829368591,True,268,0.9033669829368591,True,268,0.9157472848892212,True,268,0.8257851600646973,True,268,0.8202613592147827,True,c12_correct
269,270,270_1.bmp,preprocessed_results\270\270_1.bmp,269,269,269,0.36947113275527954,139,0.11226169764995575,0.2572094351053238,269|139|286|568|285,0.36947113|0.11226170|0.03933877|0.03857681|0.03171238,1,0.36947113275527954,True,269,0.36947113275527954,True,269,0.7094284296035767,True,269,0.8128648400306702,True,269,0.671527087688446,True,c12_correct
270,271,271_3.bmp,preprocessed_results\271\271_3.bmp,270,270,270,0.6495721936225891,271,0.24659261107444763,0.4029795825481415,270|271|62|564|115,0.64957219|0.24659261|0.00374579|0.00226421|0.00225552,1,0.6495721936225891,True,270,0.6495721936225891,True,270,0.8442605137825012,True,270,0.8455799221992493,True,270,0.8132631182670593,True,c12_correct
271,272,272_1.bmp,preprocessed_results\272\272_1.bmp,271,271,271,0.4081933796405792,270,0.018888460472226143,0.3893049191683531,271|270|541|57|142,0.40819338|0.01888846|0.01341751|0.01042571|0.00943232,1,0.4081933796405792,True,271,0.4081933796405792,True,271,0.5981502532958984,True,271,0.7453829646110535,True,271,0.6488009095191956,True,c12_correct
272,273,273_6.bmp,preprocessed_results\273\273_6.bmp,272,272,272,0.954531729221344,273,0.0036917421966791153,0.9508399870246649,272|273|225|569|271,0.95453173|0.00369174|0.00245595|0.00236689|0.00219260,1,0.954531729221344,True,272,0.954531729221344,True,272,0.7804572582244873,True,272,0.8263424038887024,True,272,0.7741585373878479,True,c12_correct
273,274,274_2.bmp,preprocessed_results\274\274_2.bmp,273,273,273,0.8799002170562744,272,0.043922293931245804,0.8359779231250286,273|272|578|576|568,0.87990022|0.04392229|0.00530361|0.00379588|0.00204731,1,0.8799002170562744,True,273,0.8799002170562744,True,273,0.8765882849693298,True,273,0.8251475095748901,True,273,0.9320734739303589,True,c12_correct
274,275,275_8.bmp,preprocessed_results\275\275_8.bmp,274,274,274,0.524040937423706,107,0.01089703943580389,0.5131438979879022,274|107|279|167|56,0.52404094|0.01089704|0.00910554|0.00890447|0.00661098,1,0.524040937423706,True,274,0.524040937423706,True,274,0.7217784523963928,True,274,0.8319404721260071,True,274,0.7625699043273926,True,c12_correct
275,276,276_3.bmp,preprocessed_results\276\276_3.bmp,275,275,275,0.7998015284538269,277,0.020883582532405853,0.778917945921421,275|277|274|21|47,0.79980153|0.02088358|0.01095730|0.01032159|0.00966727,1,0.7998015284538269,True,275,0.7998015284538269,True,275,0.8376737236976624,True,275,0.8120813369750977,True,275,0.7673323750495911,True,c12_correct
276,277,277_6.bmp,preprocessed_results\277\277_6.bmp,276,276,276,0.2041226476430893,42,0.07147381454706192,0.13264883309602737,276|42|210|328|214,0.20412265|0.07147381|0.05112231|0.02390599|0.02357287,1,0.2041226476430893,True,276,0.2041226476430893,True,276,0.0907338485121727,True,276,0.5429534316062927,True,276,0.12268649786710739,True,c12_correct
277,278,278_5.bmp,preprocessed_results\278\278_5.bmp,277,277,277,0.6799025535583496,432,0.011196021921932697,0.6687065316364169,277|432|267|290|276,0.67990255|0.01119602|0.00954297|0.00862424|0.00862128,1,0.6799025535583496,True,277,0.6799025535583496,True,277,0.4913191497325897,True,277,0.7926443815231323,True,277,0.3603668510913849,True,c12_correct
278,279,279_6.bmp,preprocessed_results\279\279_6.bmp,278,278,278,0.2473473697900772,213,0.02590409852564335,0.22144327126443386,278|213|231|279|172,0.24734737|0.02590410|0.02415726|0.02377139|0.02338295,1,0.2473473697900772,True,278,0.2473473697900772,True,278,0.40090474486351013,True,278,0.8005096912384033,True,278,0.7219039797782898,True,c12_correct
279,280,280_4.bmp,preprocessed_results\280\280_4.bmp,279,279,279,0.8880472779273987,278,0.012364434078335762,0.8756828438490629,279|278|59|257|568,0.88804728|0.01236443|0.00944951|0.00644236|0.00362831,1,0.8880472779273987,True,279,0.8880472779273987,True,279,0.7882598042488098,True,279,0.8061201572418213,True,279,0.7376769781112671,True,c12_correct
280,281,281_5.bmp,preprocessed_results\281\281_5.bmp,280,280,280,0.8861545920372009,281,0.012292048893868923,0.873862543143332,280|281|7|217|238,0.88615459|0.01229205|0.00530177|0.00187287|0.00153734,1,0.8861545920372009,True,280,0.8861545920372009,True,280,0.9118324518203735,True,280,0.8175246119499207,True,280,0.8789328336715698,True,c12_correct
281,282,282_1.bmp,preprocessed_results\282\282_1.bmp,281,281,281,0.7551404237747192,323,0.014079613611102104,0.7410608101636171,281|323|420|280|40,0.75514042|0.01407961|0.01039880|0.00823535|0.00513851,1,0.7551404237747192,True,281,0.7551404237747192,True,281,0.828276515007019,True,281,0.8484746217727661,True,281,0.8046217560768127,True,c12_correct
282,283,283_9.bmp,preprocessed_results\283\283_9.bmp,282,282,282,0.7167276740074158,283,0.1031971201300621,0.6135305538773537,282|283|273|142|103,0.71672767|0.10319712|0.00862795|0.00576522|0.00513769,1,0.7167276740074158,True,282,0.7167276740074158,True,282,0.4796973764896393,True,282,0.8201028108596802,True,282,0.584182858467102,True,c12_correct
283,284,284_7.bmp,preprocessed_results\284\284_7.bmp,283,283,283,0.8542229533195496,282,0.04161691293120384,0.8126060403883457,283|282|540|117|505,0.85422295|0.04161691|0.00741132|0.00491587|0.00259987,1,0.8542229533195496,True,283,0.8542229533195496,True,283,0.6692676544189453,True,283,0.8352515697479248,True,283,0.7591683864593506,True,c12_correct
284,285,285_8.bmp,preprocessed_results\285\285_8.bmp,284,284,284,0.615057110786438,285,0.051410675048828125,0.5636464357376099,284|285|224|252|269,0.61505711|0.05141068|0.03943205|0.01805052|0.01709864,1,0.615057110786438,True,284,0.615057110786438,True,284,0.6396360397338867,True,284,0.8167852759361267,True,284,0.637486457824707,True,c12_correct
285,286,286_3.bmp,preprocessed_results\286\286_3.bmp,285,285,285,0.6775486469268799,284,0.021356740966439247,0.6561919059604406,285|284|87|784|225,0.67754865|0.02135674|0.01105884|0.00892442|0.00859146,1,0.6775486469268799,True,285,0.6775486469268799,True,285,0.5719086527824402,True,285,0.8006489276885986,True,285,0.5580289959907532,True,c12_correct
286,287,287_9.bmp,preprocessed_results\287\287_9.bmp,286,286,286,0.7362982630729675,287,0.0472320020198822,0.6890662610530853,286|287|236|302|14,0.73629826|0.04723200|0.00919887|0.00836700|0.00505607,1,0.7362982630729675,True,286,0.7362982630729675,True,286,0.313799649477005,True,286,0.8087708950042725,True,286,0.5781782865524292,True,c12_correct
287,288,288_8.bmp,preprocessed_results\288\288_8.bmp,287,287,287,0.4345071017742157,524,0.045967426151037216,0.3885396756231785,287|524|319|169|286,0.43450710|0.04596743|0.02371668|0.02054518|0.01895561,1,0.4345071017742157,True,287,0.4345071017742157,True,287,0.45278987288475037,True,287,0.7865373492240906,True,287,0.44465741515159607,True,c12_correct
288,289,289_8.bmp,preprocessed_results\289\289_8.bmp,288,288,288,0.9211484789848328,118,0.002306888112798333,0.9188415908720344,288|118|528|223|24,0.92114848|0.00230689|0.00211194|0.00201109|0.00188813,1,0.9211484789848328,True,288,0.9211484789848328,True,288,0.8680344820022583,True,288,0.815605103969574,True,288,0.8436425924301147,True,c12_correct
289,290,290_6.bmp,preprocessed_results\290\290_6.bmp,289,289,289,0.6298259496688843,204,0.02230260893702507,0.6075233407318592,289|204|441|274|257,0.62982595|0.02230261|0.02131205|0.01368002|0.00975688,1,0.6298259496688843,True,289,0.6298259496688843,True,289,0.5426594614982605,True,289,0.8239730596542358,True,289,0.6133415699005127,True,c12_correct
290,291,291_4.bmp,preprocessed_results\291\291_4.bmp,290,290,290,0.8314527273178101,291,0.058475345373153687,0.7729773819446564,290|291|159|753|97,0.83145273|0.05847535|0.01054677|0.00280880|0.00236562,1,0.8314527273178101,True,290,0.8314527273178101,True,290,0.9032749533653259,True,290,0.8247109055519104,True,290,0.7619705200195312,True,c12_correct
291,292,292_1.bmp,preprocessed_results\292\292_1.bmp,291,291,291,0.5972946286201477,159,0.032861750572919846,0.5644328780472279,291|159|290|158|265,0.59729463|0.03286175|0.01940721|0.01518209|0.01462329,1,0.5972946286201477,True,291,0.5972946286201477,True,291,0.744962215423584,True,291,0.8015739321708679,True,291,0.6713095307350159,True,c12_correct
292,293,293_8.bmp,preprocessed_results\293\293_8.bmp,292,292,292,0.8354398608207703,158,0.006995868869125843,0.8284439919516444,292|158|298|13|252,0.83543986|0.00699587|0.00609079|0.00530361|0.00423106,1,0.8354398608207703,True,292,0.8354398608207703,True,292,0.7079032063484192,True,292,0.8061219453811646,True,292,0.7966090440750122,True,c12_correct
293,294,294_10.bmp,preprocessed_results\294\294_10.bmp,293,293,293,0.902159571647644,292,0.012595931068062782,0.8895636405795813,293|292|675|344|205,0.90215957|0.01259593|0.00566048|0.00337682|0.00273529,1,0.902159571647644,True,293,0.902159571647644,True,293,0.8582970499992371,True,293,0.8386491537094116,True,293,0.6501796841621399,True,c12_correct
294,295,295_6.bmp,preprocessed_results\295\295_6.bmp,294,294,294,0.43647345900535583,549,0.050384506583213806,0.38608895242214203,294|549|548|716|95,0.43647346|0.05038451|0.04671330|0.02850823|0.01553394,1,0.43647345900535583,True,294,0.43647345900535583,True,294,0.544096052646637,True,294,0.7959542274475098,True,294,0.6131967902183533,True,c12_correct
295,296,296_6.bmp,preprocessed_results\296\296_6.bmp,295,295,295,0.5992602705955505,441,0.016627486795186996,0.5826327838003635,295|441|38|73|45,0.59926027|0.01662749|0.01049164|0.00979537|0.00942055,1,0.5992602705955505,True,295,0.5992602705955505,True,295,0.6463165879249573,True,295,0.797756552696228,True,295,0.6330760717391968,True,c12_correct
296,297,297_3.bmp,preprocessed_results\297\297_3.bmp,296,296,296,0.9569075107574463,297,0.0029726261273026466,0.9539348846301436,296|297|73|199|213,0.95690751|0.00297263|0.00293972|0.00228429|0.00142681,1,0.9569075107574463,True,296,0.9569075107574463,True,296,0.7036672234535217,True,296,0.8199683427810669,True,296,0.6635331511497498,True,c12_correct
297,298,298_4.bmp,preprocessed_results\298\298_4.bmp,297,297,297,0.6135110855102539,205,0.03653950244188309,0.5769715830683708,297|205|296|363|293,0.61351109|0.03653950|0.01854683|0.01178614|0.01147393,1,0.6135110855102539,True,297,0.6135110855102539,True,297,0.44422048330307007,True,297,0.7591803669929504,True,297,0.12947478890419006,True,c12_correct
298,299,299_9.bmp,preprocessed_results\299\299_9.bmp,298,298,298,0.8520651459693909,774,0.005984898656606674,0.8460802473127842,298|774|302|739|614,0.85206515|0.00598490|0.00405487|0.00291678|0.00238421,1,0.8520651459693909,True,298,0.8520651459693909,True,298,0.8842045664787292,True,298,0.8106371760368347,True,298,0.837958574295044,True,c12_correct
299,300,300_10.bmp,preprocessed_results\300\300_10.bmp,299,299,299,0.6617320775985718,81,0.052541255950927734,0.609190821647644,299|81|141|560|298,0.66173208|0.05254126|0.02560150|0.01439258|0.01275905,1,0.6617320775985718,True,299,0.6617320775985718,True,299,0.49184510111808777,True,299,0.7829300165176392,True,299,0.5852370858192444,True,c12_correct
300,301,301_10.bmp,preprocessed_results\301\301_10.bmp,300,300,300,0.8772631883621216,244,0.007804761175066233,0.8694584271870553,300|244|495|86|402,0.87726319|0.00780476|0.00637995|0.00592695|0.00483606,1,0.8772631883621216,True,300,0.8772631883621216,True,300,0.7432777285575867,True,300,0.8505785465240479,True,300,0.8668290376663208,True,c12_correct
301,302,302_10.bmp,preprocessed_results\302\302_10.bmp,301,301,301,0.23433101177215576,214,0.031609952449798584,0.20272105932235718,301|214|440|519|416,0.23433101|0.03160995|0.02725834|0.02040235|0.02020469,1,0.23433101177215576,True,301,0.23433101177215576,True,301,0.17879712581634521,True,301,0.727555513381958,True,301,0.4160085916519165,True,c12_correct
302,303,303_10.bmp,preprocessed_results\303\303_10.bmp,302,302,302,0.7669702172279358,286,0.018342290073633194,0.7486279271543026,302|286|287|792|762,0.76697022|0.01834229|0.01583694|0.00667510|0.00615001,1,0.7669702172279358,True,302,0.7669702172279358,True,302,0.30232182145118713,True,302,0.7718635201454163,True,302,0.6770495772361755,True,c12_correct
303,304,304_6.bmp,preprocessed_results\304\304_6.bmp,303,303,303,0.7775344848632812,617,0.022345583885908127,0.7551889009773731,303|617|249|616|624,0.77753448|0.02234558|0.01061838|0.01056286|0.00579123,1,0.7775344848632812,True,303,0.7775344848632812,True,303,0.5962857007980347,True,303,0.8218790292739868,True,303,0.8225775361061096,True,c12_correct
304,305,305_2.bmp,preprocessed_results\305\305_2.bmp,304,304,304,0.9371744394302368,188,0.010808446444571018,0.9263659929856658,304|188|50|86|305,0.93717444|0.01080845|0.00426072|0.00221028|0.00162279,1,0.9371744394302368,True,304,0.9371744394302368,True,304,0.764291524887085,True,304,0.8651877045631409,True,304,0.8464246988296509,True,c12_correct
305,306,306_6.bmp,preprocessed_results\306\306_6.bmp,305,305,305,0.6130947470664978,304,0.04267089441418648,0.5704238526523113,305|304|75|326|331,0.61309475|0.04267089|0.02230108|0.02000703|0.01642049,1,0.6130947470664978,True,305,0.6130947470664978,True,305,0.38261932134628296,True,305,0.7979332208633423,True,305,0.2887662649154663,True,c12_correct
306,307,307_7.bmp,preprocessed_results\307\307_7.bmp,306,306,306,0.9611263275146484,307,0.0023311511613428593,0.9587951763533056,306|307|817|112|108,0.96112633|0.00233115|0.00126109|0.00100508|0.00058798,1,0.9611263275146484,True,306,0.9611263275146484,True,306,0.8926535248756409,True,306,0.8391762375831604,True,306,0.8505324721336365,True,c12_correct
307,308,308_9.bmp,preprocessed_results\308\308_9.bmp,307,307,307,0.9282194375991821,306,0.004587807692587376,0.9236316299065948,307|306|498|158|354,0.92821944|0.00458781|0.00203035|0.00202385|0.00190281,1,0.9282194375991821,True,307,0.9282194375991821,True,307,0.8449850082397461,True,307,0.8386923670768738,True,307,0.8274281620979309,True,c12_correct
308,309,309_9.bmp,preprocessed_results\309\309_9.bmp,308,308,308,0.8665817975997925,669,0.006200132891535759,0.8603816647082567,308|669|410|60|309,0.86658180|0.00620013|0.00568227|0.00504564|0.00411581,1,0.8665817975997925,True,308,0.8665817975997925,True,308,0.7227191925048828,True,308,0.8334454894065857,True,308,0.8108764886856079,True,c12_correct
309,310,310_9.bmp,preprocessed_results\310\310_9.bmp,309,309,309,0.9062751531600952,201,0.003570518922060728,0.9027046342380345,309|201|219|151|324,0.90627515|0.00357052|0.00260942|0.00222677|0.00219949,1,0.9062751531600952,True,309,0.9062751531600952,True,309,0.8192331194877625,True,309,0.8189021348953247,True,309,0.777419924736023,True,c12_correct
310,311,311_9.bmp,preprocessed_results\311\311_9.bmp,310,310,310,0.3443954586982727,659,0.022954100742936134,0.32144135795533657,310|659|589|652|653,0.34439546|0.02295410|0.01989803|0.01702395|0.01531446,1,0.3443954586982727,True,310,0.3443954586982727,True,310,0.3805178105831146,True,310,0.7872028946876526,True,310,0.5297548770904541,True,c12_correct
311,312,312_7.bmp,preprocessed_results\312\312_7.bmp,311,311,311,0.6135347485542297,675,0.03518381714820862,0.5783509314060211,311|675|782|783|729,0.61353475|0.03518382|0.00815054|0.00696927|0.00618009,1,0.6135347485542297,True,311,0.6135347485542297,True,311,0.8486864566802979,True,311,0.8067275285720825,True,311,0.8541154861450195,True,c12_correct
312,313,313_3.bmp,preprocessed_results\313\313_3.bmp,312,312,312,0.9479436278343201,13,0.002137682633474469,0.9458059452008456,312|13|238|622|331,0.94794363|0.00213768|0.00161554|0.00125190|0.00118316,1,0.9479436278343201,True,312,0.9479436278343201,True,312,0.8039668202400208,True,312,0.8282945156097412,True,312,0.8195515275001526,True,c12_correct
313,314,314_9.bmp,preprocessed_results\314\314_9.bmp,313,313,313,0.9360320568084717,312,0.0029116407968103886,0.9331204160116613,313|312|218|627|292,0.93603206|0.00291164|0.00233969|0.00157587|0.00136987,1,0.9360320568084717,True,313,0.9360320568084717,True,313,0.6932271718978882,True,313,0.815483808517456,True,313,0.8201410174369812,True,c12_correct
314,315,315_5.bmp,preprocessed_results\315\315_5.bmp,314,314,314,0.8541639447212219,315,0.02564498968422413,0.8285189550369978,314|315|546|176|446,0.85416394|0.02564499|0.00688086|0.00626012|0.00231706,1,0.8541639447212219,True,314,0.8541639447212219,True,314,0.8028514385223389,True,314,0.8271735906600952,True,314,0.7651713490486145,True,c12_correct
315,316,316_1.bmp,preprocessed_results\316\316_1.bmp,315,315,315,0.6841561794281006,258,0.014349270612001419,0.6698069088160992,315|258|531|535|227,0.68415618|0.01434927|0.00820510|0.00793240|0.00658180,1,0.6841561794281006,True,315,0.6841561794281006,True,315,0.8353484272956848,True,315,0.8631104826927185,True,315,0.8702097535133362,True,c12_correct
316,317,317_6.bmp,preprocessed_results\317\317_6.bmp,316,316,316,0.8763365149497986,317,0.004685603082180023,0.8716509118676186,316|317|292|118|293,0.87633651|0.00468560|0.00467987|0.00441253|0.00381342,1,0.8763365149497986,True,316,0.8763365149497986,True,316,0.8036032915115356,True,316,0.8215985298156738,True,316,0.8687023520469666,True,c12_correct
317,318,318_10.bmp,preprocessed_results\318\318_10.bmp,317,317,317,0.8215116858482361,64,0.0136028453707695,0.8079088404774666,317|64|85|211|341,0.82151169|0.01360285|0.01204482|0.00523035|0.00355738,1,0.8215116858482361,True,317,0.8215116858482361,True,317,0.6233959197998047,True,317,0.7890346646308899,True,317,0.6588646173477173,True,c12_correct
318,319,319_5.bmp,preprocessed_results\319\319_5.bmp,318,318,318,0.8857126235961914,319,0.0038629979826509953,0.8818496256135404,318|319|136|329|217,0.88571262|0.00386300|0.00353272|0.00292349|0.00234601,1,0.8857126235961914,True,318,0.8857126235961914,True,318,0.8758119940757751,True,318,0.8465142250061035,True,318,0.825977623462677,True,c12_correct
319,320,320_1.bmp,preprocessed_results\320\320_1.bmp,319,319,319,0.868060827255249,318,0.008788629435002804,0.8592721978202462,319|318|217|260|14,0.86806083|0.00878863|0.00864789|0.00526147|0.00306393,1,0.868060827255249,True,319,0.868060827255249,True,319,0.6944219470024109,True,319,0.8185691833496094,True,319,0.8090822696685791,True,c12_correct
320,321,321_8.bmp,preprocessed_results\321\321_8.bmp,320,320,320,0.5909282565116882,321,0.044952213764190674,0.5459760427474976,320|321|42|12|43,0.59092826|0.04495221|0.03634795|0.01117443|0.00812340,1,0.5909282565116882,True,320,0.5909282565116882,True,320,0.41550564765930176,True,320,0.7745705842971802,True,320,0.1909407377243042,True,c12_correct
321,322,322_2.bmp,preprocessed_results\322\322_2.bmp,321,321,321,0.19359451532363892,320,0.15861321985721588,0.034981295466423035,321|320|655|276|43,0.19359452|0.15861322|0.02639707|0.02469058|0.02267061,1,0.19359451532363892,True,321,0.19359451532363892,True,321,0.10646232962608337,True,321,0.2016560584306717,True,321,0.08975730836391449,True,c12_correct
322,323,323_6.bmp,preprocessed_results\323\323_6.bmp,322,322,322,0.7809581160545349,170,0.007360613439232111,0.7735975026153028,322|170|502|450|545,0.78095812|0.00736061|0.00656793|0.00607243|0.00593511,1,0.7809581160545349,True,322,0.7809581160545349,True,322,0.3592623174190521,True,322,0.7716378569602966,True,322,0.6282961368560791,True,c12_correct
323,324,324_5.bmp,preprocessed_results\324\324_5.bmp,323,323,323,0.5871454477310181,281,0.018174543976783752,0.5689709037542343,323|281|416|317|511,0.58714545|0.01817454|0.01408510|0.01327396|0.01280641,1,0.5871454477310181,True,323,0.5871454477310181,True,323,0.5006257891654968,True,323,0.8051959872245789,True,323,0.5609757900238037,True,c12_correct
324,325,325_9.bmp,preprocessed_results\325\325_9.bmp,324,324,324,0.44445371627807617,201,0.11509676277637482,0.32935695350170135,324|201|423|147|130,0.44445372|0.11509676|0.02174152|0.01784784|0.01395023,1,0.44445371627807617,True,324,0.44445371627807617,True,324,0.310334712266922,True,324,0.7866380214691162,True,324,0.4754652678966522,True,c12_correct
325,326,326_4.bmp,preprocessed_results\326\326_4.bmp,325,325,325,0.9387797117233276,46,0.0025186724960803986,0.9362610392272472,325|46|324|262|336,0.93877971|0.00251867|0.00247638|0.00236839|0.00218577,1,0.9387797117233276,True,325,0.9387797117233276,True,325,0.8391897082328796,True,325,0.8308422565460205,True,325,0.8266931772232056,True,c12_correct
326,327,327_5.bmp,preprocessed_results\327\327_5.bmp,326,326,326,0.6493934988975525,304,0.03143017366528511,0.6179633252322674,326|304|165|90|147,0.64939350|0.03143017|0.00884178|0.00702758|0.00464756,1,0.6493934988975525,True,326,0.6493934988975525,True,326,0.6641405820846558,True,326,0.8102614879608154,True,326,0.6277344822883606,True,c12_correct
327,328,328_7.bmp,preprocessed_results\328\328_7.bmp,327,327,327,0.4418204426765442,163,0.014684250578284264,0.4271361920982599,327|163|111|241|800,0.44182044|0.01468425|0.01400908|0.01047845|0.00925305,1,0.4418204426765442,True,327,0.4418204426765442,True,327,0.08096951246261597,True,327,0.7444038391113281,True,327,0.5394582748413086,True,c12_correct
328,329,329_5.bmp,preprocessed_results\329\329_5.bmp,328,328,328,0.8693003058433533,10,0.007433696649968624,0.8618666091933846,328|10|329|173|106,0.86930031|0.00743370|0.00532750|0.00378115|0.00318818,1,0.8693003058433533,True,328,0.8693003058433533,True,328,0.6017061471939087,True,328,0.8068865537643433,True,328,0.732943058013916,True,c12_correct
329,330,330_6.bmp,preprocessed_results\330\330_6.bmp,329,329,329,0.9463522434234619,262,0.004774956963956356,0.9415772864595056,329|262|38|152|253,0.94635224|0.00477496|0.00150243|0.00149863|0.00147226,1,0.9463522434234619,True,329,0.9463522434234619,True,329,0.6605647802352905,True,329,0.8139509558677673,True,329,0.5688748955726624,True,c12_correct
330,331,331_7.bmp,preprocessed_results\331\331_7.bmp,330,330,330,0.7837620973587036,180,0.0238634180277586,0.759898679330945,330|180|122|338|794,0.78376210|0.02386342|0.00698343|0.00686677|0.00571117,1,0.7837620973587036,True,330,0.7837620973587036,True,330,0.7909072041511536,True,330,0.823542594909668,True,330,0.7473279237747192,True,c12_correct
331,332,332_3.bmp,preprocessed_results\332\332_3.bmp,331,331,331,0.7473756074905396,257,0.021562984213232994,0.7258126232773066,331|257|163|279|278,0.74737561|0.02156298|0.01261250|0.01130147|0.00812708,1,0.7473756074905396,True,331,0.7473756074905396,True,331,0.7794360518455505,True,331,0.7931804060935974,True,331,0.7637822031974792,True,c12_correct
332,333,333_9.bmp,preprocessed_results\333\333_9.bmp,332,332,332,0.7742537260055542,479,0.012923113070428371,0.7613306129351258,332|479|166|448|148,0.77425373|0.01292311|0.01013328|0.00545898|0.00532188,1,0.7742537260055542,True,332,0.7742537260055542,True,332,0.504421055316925,True,332,0.8121078610420227,True,332,0.767697811126709,True,c12_correct
333,334,334_8.bmp,preprocessed_results\334\334_8.bmp,333,333,333,0.45933711528778076,332,0.030064135789871216,0.42927297949790955,333|332|277|98|276,0.45933712|0.03006414|0.02622541|0.01965316|0.01819768,1,0.45933711528778076,True,333,0.45933711528778076,True,333,0.2913348078727722,True,333,0.8001828193664551,True,333,0.3853820860385895,True,c12_correct
334,335,335_4.bmp,preprocessed_results\335\335_4.bmp,334,334,334,0.7923007607460022,223,0.01656561717391014,0.7757351435720921,334|223|335|50|214,0.79230076|0.01656562|0.01433855|0.01011134|0.00796799,1,0.7923007607460022,True,334,0.7923007607460022,True,334,0.8308634757995605,True,334,0.8177525401115417,True,334,0.6939746141433716,True,c12_correct
335,336,336_9.bmp,preprocessed_results\336\336_9.bmp,335,335,335,0.8596405386924744,334,0.018071405589580536,0.8415691331028938,335|334|45|144|435,0.85964054|0.01807141|0.01395768|0.00439712|0.00259373,1,0.8596405386924744,True,335,0.8596405386924744,True,335,0.7048458456993103,True,335,0.7636817097663879,True,335,0.5654311776161194,True,c12_correct
336,337,337_8.bmp,preprocessed_results\337\337_8.bmp,336,336,336,0.7810434103012085,390,0.02124965749680996,0.7597937528043985,336|390|41|325|507,0.78104341|0.02124966|0.01149102|0.00680210|0.00498841,1,0.7810434103012085,True,336,0.7810434103012085,True,336,0.613970160484314,True,336,0.8274381756782532,True,336,0.6100314855575562,True,c12_correct
337,338,338_8.bmp,preprocessed_results\338\338_8.bmp,337,337,337,0.8577511310577393,336,0.014806200750172138,0.8429449303075671,337|336|190|159|287,0.85775113|0.01480620|0.00876921|0.00428391|0.00314984,1,0.8577511310577393,True,337,0.8577511310577393,True,337,0.7319801449775696,True,337,0.816789448261261,True,337,0.7970611453056335,True,c12_correct
338,339,339_2.bmp,preprocessed_results\339\339_2.bmp,338,338,338,0.9265572428703308,233,0.004274922423064709,0.9222823204472661,338|233|339|12|330,0.92655724|0.00427492|0.00210611|0.00170661|0.00145208,1,0.9265572428703308,True,338,0.9265572428703308,True,338,0.8284817337989807,True,338,0.7798557281494141,True,338,0.8720651865005493,True,c12_correct
339,340,340_9.bmp,preprocessed_results\340\340_9.bmp,339,339,339,0.5386198163032532,639,0.03765968978404999,0.5009601265192032,339|639|257|114|638,0.53861982|0.03765969|0.01959293|0.01903861|0.01523869,1,0.5386198163032532,True,339,0.5386198163032532,True,339,0.7800619006156921,True,339,0.8263714909553528,True,339,0.8406185507774353,True,c12_correct
340,341,341_5.bmp,preprocessed_results\341\341_5.bmp,340,340,340,0.9648776650428772,0,0.002100544748827815,0.9627771202940494,340|0|632|816|798,0.96487767|0.00210054|0.00189687|0.00132063|0.00120713,1,0.9648776650428772,True,340,0.9648776650428772,True,340,0.9355489611625671,True,340,0.8285942077636719,True,340,0.809528648853302,True,c12_correct
341,342,342_5.bmp,preprocessed_results\342\342_5.bmp,341,341,341,0.6168935298919678,133,0.03359169512987137,0.5833018347620964,341|133|800|631|784,0.61689353|0.03359170|0.03089182|0.01237774|0.01149006,1,0.6168935298919678,True,341,0.6168935298919678,True,341,0.23000776767730713,True,341,0.7969291806221008,True,341,0.676072895526886,True,c12_correct
342,343,343_4.bmp,preprocessed_results\343\343_4.bmp,342,342,342,0.9299925565719604,486,0.006961261387914419,0.923031295184046,342|486|352|343|145,0.92999256|0.00696126|0.00257119|0.00202735|0.00142940,1,0.9299925565719604,True,342,0.9299925565719604,True,342,0.8359135389328003,True,342,0.8311133980751038,True,342,0.8589710593223572,True,c12_correct
343,344,344_7.bmp,preprocessed_results\344\344_7.bmp,343,343,343,0.10060923546552658,126,0.016866911202669144,0.08374232426285744,343|126|514|377|353,0.10060924|0.01686691|0.01503844|0.01413604|0.01328474,1,0.10060923546552658,True,343,0.10060923546552658,True,343,0.3310820162296295,True,343,0.647014319896698,True,343,0.28462186455726624,True,c12_correct
344,345,345_3.bmp,preprocessed_results\345\345_3.bmp,344,344,344,0.9605997204780579,515,0.006445271894335747,0.9541544485837221,344|515|396|458|486,0.96059972|0.00644527|0.00328264|0.00104192|0.00103705,1,0.9605997204780579,True,344,0.9605997204780579,True,344,0.8178269267082214,True,344,0.8154652714729309,True,344,0.8828286528587341,True,c12_correct
345,346,346_5.bmp,preprocessed_results\346\346_5.bmp,345,345,345,0.8880205750465393,456,0.006040100008249283,0.88198047503829,345|456|353|487|352,0.88802058|0.00604010|0.00302305|0.00265801|0.00252499,1,0.8880205750465393,True,345,0.8880205750465393,True,345,0.8786259889602661,True,345,0.8222123980522156,True,345,0.8011511564254761,True,c12_correct
346,347,347_10.bmp,preprocessed_results\347\347_10.bmp,346,346,346,0.8375463485717773,364,0.007277140859514475,0.8302692077122629,346|364|177|366|394,0.83754635|0.00727714|0.00626884|0.00361667|0.00357079,1,0.8375463485717773,True,346,0.8375463485717773,True,346,0.675952136516571,True,346,0.8474368453025818,True,346,0.7494010925292969,True,c12_correct
347,348,348_1.bmp,preprocessed_results\348\348_1.bmp,347,347,347,0.8520171642303467,473,0.01133462879806757,0.8406825354322791,347|473|346|496|469,0.85201716|0.01133463|0.00864092|0.00408663|0.00364901,1,0.8520171642303467,True,347,0.8520171642303467,True,347,0.8916627764701843,True,347,0.8317981958389282,True,347,0.7899946570396423,True,c12_correct
348,349,349_3.bmp,preprocessed_results\349\349_3.bmp,348,348,348,0.17367997765541077,392,0.07421071827411652,0.09946925938129425,348|392|393|349|429,0.17367998|0.07421072|0.04805424|0.04252963|0.03805111,1,0.17367997765541077,True,348,0.17367997765541077,True,348,0.05139249935746193,True,348,0.06953317672014236,True,348,0.07705648988485336,True,c12_correct
349,350,350_2.bmp,preprocessed_results\350\350_2.bmp,349,349,349,0.6933462619781494,389,0.023410988971590996,0.6699352730065584,349|389|348|266|26,0.69334626|0.02341099|0.02275097|0.01540627|0.01148880,1,0.6933462619781494,True,349,0.6933462619781494,True,349,0.8411916494369507,True,349,0.8387691974639893,True,349,0.882623016834259,True,c12_correct
350,351,351_9.bmp,preprocessed_results\351\351_9.bmp,350,350,350,0.9068208336830139,514,0.004498711787164211,0.9023221218958497,350|514|558|351|466,0.90682083|0.00449871|0.00367501|0.00356941|0.00237600,1,0.9068208336830139,True,350,0.9068208336830139,True,350,0.8780113458633423,True,350,0.8518442511558533,True,350,0.7975200414657593,True,c12_correct
351,352,352_3.bmp,preprocessed_results\352\352_3.bmp,351,351,351,0.9046906232833862,181,0.005149577744305134,0.8995410455390811,351|181|514|342|510,0.90469062|0.00514958|0.00491196|0.00468606|0.00238789,1,0.9046906232833862,True,351,0.9046906232833862,True,351,0.8574929237365723,True,351,0.8305898904800415,True,351,0.8287941217422485,True,c12_correct
352,353,353_5.bmp,preprocessed_results\353\353_5.bmp,352,352,352,0.8190598487854004,353,0.03067687153816223,0.7883829772472382,352|353|396|384|547,0.81905985|0.03067687|0.00692418|0.00406565|0.00317661,1,0.8190598487854004,True,352,0.8190598487854004,True,352,0.8175946474075317,True,352,0.8413774371147156,True,352,0.8154023289680481,True,c12_correct
353,354,354_1.bmp,preprocessed_results\354\354_1.bmp,353,353,353,0.19279304146766663,433,0.06777313351631165,0.12501990795135498,353|433|546|352|464,0.19279304|0.06777313|0.06345301|0.04723657|0.04510749,1,0.19279304146766663,True,353,0.19279304146766663,True,353,0.2764774262905121,True,353,0.555644154548645,True,353,0.2533957064151764,True,c12_correct
354,355,355_4.bmp,preprocessed_results\355\355_4.bmp,354,354,354,0.6257727742195129,394,0.030686240643262863,0.5950865335762501,354|394|355|527|515,0.62577277|0.03068624|0.02919445|0.01132377|0.00896329,1,0.6257727742195129,True,354,0.6257727742195129,True,354,0.822378933429718,True,354,0.8537753224372864,True,354,0.8701257109642029,True,c12_correct
355,356,356_8.bmp,preprocessed_results\356\356_8.bmp,355,355,355,0.8265091180801392,354,0.03648776188492775,0.7900213561952114,355|354|537|487|489,0.82650912|0.03648776|0.01006142|0.00524053|0.00451634,1,0.8265091180801392,True,355,0.8265091180801392,True,355,0.6106467247009277,True,355,0.8204054236412048,True,355,0.8268659710884094,True,c12_correct
356,357,357_7.bmp,preprocessed_results\357\357_7.bmp,356,356,356,0.5752083659172058,543,0.010268333368003368,0.5649400325492024,356|543|160|512|550,0.57520837|0.01026833|0.00967274|0.00762241|0.00747271,1,0.5752083659172058,True,356,0.5752083659172058,True,356,0.7409515976905823,True,356,0.8283064961433411,True,356,0.688817024230957,True,c12_correct
357,358,358_1.bmp,preprocessed_results\358\358_1.bmp,357,357,357,0.9131101965904236,363,0.003919023554772139,0.9091911730356514,357|363|550|497|297,0.91311020|0.00391902|0.00341992|0.00174452|0.00110986,1,0.9131101965904236,True,357,0.9131101965904236,True,357,0.7662981748580933,True,357,0.8453443646430969,True,357,0.6619211435317993,True,c12_correct
358,359,359_10.bmp,preprocessed_results\359\359_10.bmp,358,358,358,0.8578584790229797,359,0.03395683318376541,0.8239016458392143,358|359|563|126|561,0.85785848|0.03395683|0.00958823|0.00261532|0.00244271,1,0.8578584790229797,True,358,0.8578584790229797,True,358,0.8303564786911011,True,358,0.8350566029548645,True,358,0.7469042539596558,True,c12_correct
359,360,360_2.bmp,preprocessed_results\360\360_2.bmp,359,359,359,0.9090197682380676,504,0.005545476451516151,0.9034742917865515,359|504|258|358|467,0.90901977|0.00554548|0.00428061|0.00328132|0.00234457,1,0.9090197682380676,True,359,0.9090197682380676,True,359,0.6284681558609009,True,359,0.8129370212554932,True,359,0.5059595108032227,True,c12_correct
360,361,361_3.bmp,preprocessed_results\361\361_3.bmp,360,360,360,0.6940444111824036,98,0.011024856008589268,0.6830195551738143,360|98|167|361|165,0.69404441|0.01102486|0.00980571|0.00884408|0.00561185,1,0.6940444111824036,True,360,0.6940444111824036,True,360,0.7583115100860596,True,360,0.818217396736145,True,360,0.7646821737289429,True,c12_correct
361,362,362_4.bmp,preprocessed_results\362\362_4.bmp,361,361,361,0.9526986479759216,98,0.005185787100344896,0.9475128608755767,361|98|360|26|400,0.95269865|0.00518579|0.00399736|0.00281775|0.00243662,1,0.9526986479759216,True,361,0.9526986479759216,True,361,0.8344733119010925,True,361,0.8251808881759644,True,361,0.868922233581543,True,c12_correct
362,363,363_5.bmp,preprocessed_results\363\363_5.bmp,362,362,362,0.8861878514289856,363,0.014851181767880917,0.8713366696611047,362|363|372|453|559,0.88618785|0.01485118|0.00499103|0.00234219|0.00176951,1,0.8861878514289856,True,362,0.8861878514289856,True,362,0.9076599478721619,True,362,0.8025630116462708,True,362,0.8394796848297119,True,c12_correct
363,364,364_1.bmp,preprocessed_results\364\364_1.bmp,363,363,363,0.42731571197509766,540,0.03788413107395172,0.38943158090114594,363|540|362|45|357,0.42731571|0.03788413|0.01515688|0.01271488|0.00927946,1,0.42731571197509766,True,363,0.42731571197509766,True,363,0.3553469181060791,True,363,0.7881960272789001,True,363,0.6281689405441284,True,c12_correct
364,365,365_7.bmp,preprocessed_results\365\365_7.bmp,364,364,364,0.9079632759094238,434,0.005594401620328426,0.9023688742890954,364|434|394|374|480,0.90796328|0.00559440|0.00308225|0.00264298|0.00155982,1,0.9079632759094238,True,364,0.9079632759094238,True,364,0.8811852931976318,True,364,0.8194340467453003,True,364,0.7897982001304626,True,c12_correct
365,366,366_4.bmp,preprocessed_results\366\366_4.bmp,365,365,365,0.8635866045951843,413,0.004608417861163616,0.8589781867340207,365|413|374|384|391,0.86358660|0.00460842|0.00369678|0.00315398|0.00305345,1,0.8635866045951843,True,365,0.8635866045951843,True,365,0.8103225231170654,True,365,0.8556822538375854,True,365,0.856239378452301,True,c12_correct
366,367,367_3.bmp,preprocessed_results\367\367_3.bmp,366,366,366,0.8384240865707397,177,0.007676649838685989,0.8307474367320538,366|177|346|435|382,0.83842409|0.00767665|0.00571486|0.00552422|0.00466353,1,0.8384240865707397,True,366,0.8384240865707397,True,366,0.5558934211730957,True,366,0.8435027599334717,True,366,0.7370438575744629,True,c12_correct
367,368,368_3.bmp,preprocessed_results\368\368_3.bmp,367,367,367,0.9504685401916504,366,0.0033249976113438606,0.9471435425803065,367|366|343|487|443,0.95046854|0.00332500|0.00194545|0.00150449|0.00129833,1,0.9504685401916504,True,367,0.9504685401916504,True,367,0.8832902908325195,True,367,0.8485002517700195,True,367,0.8563825488090515,True,c12_correct
368,369,369_10.bmp,preprocessed_results\369\369_10.bmp,368,368,368,0.8626397252082825,369,0.007227668073028326,0.8554120571352541,368|369|544|456|123,0.86263973|0.00722767|0.00371202|0.00302390|0.00183796,1,0.8626397252082825,True,368,0.8626397252082825,True,368,0.8311357498168945,True,368,0.8389531970024109,True,368,0.7574450969696045,True,c12_correct
369,370,370_7.bmp,preprocessed_results\370\370_7.bmp,369,369,369,0.949752926826477,528,0.0038527254946529865,0.9459002013318241,369|528|368|463|508,0.94975293|0.00385273|0.00240140|0.00077134|0.00072513,1,0.949752926826477,True,369,0.949752926826477,True,369,0.892685055732727,True,369,0.8368263244628906,True,369,0.8526294231414795,True,c12_correct
370,371,371_3.bmp,preprocessed_results\371\371_3.bmp,370,370,370,0.883289098739624,462,0.013509747572243214,0.8697793511673808,370|462|507|248|770,0.88328910|0.01350975|0.00398763|0.00334908|0.00318618,1,0.883289098739624,True,370,0.883289098739624,True,370,0.7823209166526794,True,370,0.8408583402633667,True,370,0.863349437713623,True,c12_correct
371,372,372_3.bmp,preprocessed_results\372\372_3.bmp,371,371,371,0.7864556908607483,393,0.07417171448469162,0.7122839763760567,371|393|352|353|366,0.78645569|0.07417171|0.00513096|0.00493464|0.00432324,1,0.7864556908607483,True,371,0.7864556908607483,True,371,0.8163006901741028,True,371,0.8454236388206482,True,371,0.8162509202957153,True,c12_correct
372,373,373_1.bmp,preprocessed_results\373\373_1.bmp,372,372,372,0.6910604238510132,373,0.020937735214829445,0.6701226886361837,372|373|362|555|448,0.69106042|0.02093774|0.00675220|0.00614652|0.00519350,1,0.6910604238510132,True,372,0.6910604238510132,True,372,0.8237771391868591,True,372,0.8252207040786743,True,372,0.7975998520851135,True,c12_correct
373,374,374_8.bmp,preprocessed_results\374\374_8.bmp,373,373,373,0.8847288489341736,689,0.003617672948166728,0.8811111759860069,373|689|372|803|437,0.88472885|0.00361767|0.00359736|0.00295650|0.00270518,1,0.8847288489341736,True,373,0.8847288489341736,True,373,0.8778768181800842,True,373,0.842119574546814,True,373,0.799150288105011,True,c12_correct
374,375,375_3.bmp,preprocessed_results\375\375_3.bmp,374,374,374,0.9104916453361511,365,0.005536279175430536,0.9049553661607206,374|365|382|375|536,0.91049165|0.00553628|0.00456478|0.00251601|0.00207452,1,0.9104916453361511,True,374,0.9104916453361511,True,374,0.7133087515830994,True,374,0.8285359144210815,True,374,0.858775794506073,True,c12_correct
375,376,376_8.bmp,preprocessed_results\376\376_8.bmp,375,375,375,0.6592428684234619,374,0.03297627717256546,0.6262665912508965,375|374|536|367|415,0.65924287|0.03297628|0.01982029|0.01439306|0.01067662,1,0.6592428684234619,True,375,0.6592428684234619,True,375,0.15678776800632477,True,375,0.7917875051498413,True,375,0.3288825452327728,True,c12_correct
376,377,377_3.bmp,preprocessed_results\377\377_3.bmp,376,376,376,0.5787243843078613,382,0.029078438878059387,0.5496459454298019,376|382|489|533|27,0.57872438|0.02907844|0.01744633|0.01610703|0.01275436,1,0.5787243843078613,True,376,0.5787243843078613,True,376,0.8329886198043823,True,376,0.8003675937652588,True,376,0.6278231143951416,True,c12_correct
377,378,378_4.bmp,preprocessed_results\378\378_4.bmp,377,377,377,0.9165236353874207,366,0.008064592257142067,0.9084590431302786,377|366|451|365|375,0.91652364|0.00806459|0.00214626|0.00177642|0.00157714,1,0.9165236353874207,True,377,0.9165236353874207,True,377,0.7480230331420898,True,377,0.8133232593536377,True,377,0.6568224430084229,True,c12_correct
378,379,379_2.bmp,preprocessed_results\379\379_2.bmp,378,378,378,0.7850527167320251,527,0.007134552113711834,0.7779181646183133,378|527|379|412|476,0.78505272|0.00713455|0.00687984|0.00571396|0.00568061,1,0.7850527167320251,True,378,0.7850527167320251,True,378,0.4278271794319153,True,378,0.7720738053321838,True,378,0.6804508566856384,True,c12_correct
379,380,380_4.bmp,preprocessed_results\380\380_4.bmp,379,379,379,0.9015163779258728,417,0.005112271290272474,0.8964041066356003,379|417|497|485|423,0.90151638|0.00511227|0.00453991|0.00408150|0.00385958,1,0.9015163779258728,True,379,0.9015163779258728,True,379,0.8471320867538452,True,379,0.8378275632858276,True,379,0.8011637926101685,True,c12_correct
380,381,381_9.bmp,preprocessed_results\381\381_9.bmp,380,380,380,0.6030269861221313,488,0.013370758853852749,0.5896562272682786,380|488|468|450|441,0.60302699|0.01337076|0.01164085|0.00823428|0.00756182,1,0.6030269861221313,True,380,0.6030269861221313,True,380,0.6941123008728027,True,380,0.8252941370010376,True,380,0.6801044940948486,True,c12_correct
381,382,382_5.bmp,preprocessed_results\382\382_5.bmp,381,381,381,0.8929025530815125,408,0.0032427357509732246,0.8896598173305392,381|408|519|445|209,0.89290255|0.00324274|0.00316718|0.00254086|0.00196234,1,0.8929025530815125,True,381,0.8929025530815125,True,381,0.9052135944366455,True,381,0.8312296867370605,True,381,0.8911692500114441,True,c12_correct
382,383,383_7.bmp,preprocessed_results\383\383_7.bmp,382,382,382,0.38315343856811523,226,0.08324526995420456,0.2999081686139107,382|226|427|535|448,0.38315344|0.08324527|0.01721185|0.01212376|0.01187112,1,0.38315343856811523,True,382,0.38315343856811523,True,382,0.5502936244010925,True,382,0.7703027725219727,True,382,0.5199201703071594,True,c12_correct
383,384,384_1.bmp,preprocessed_results\384\384_1.bmp,383,383,383,0.6799722909927368,202,0.045627132058143616,0.6343451589345932,383|202|203|94|461,0.67997229|0.04562713|0.01402249|0.00699860|0.00466695,1,0.6799722909927368,True,383,0.6799722909927368,True,383,0.31814223527908325,True,383,0.7797489762306213,True,383,0.5572812557220459,True,c12_correct
384,385,385_10.bmp,preprocessed_results\385\385_10.bmp,384,384,384,0.42649078369140625,456,0.046964045614004135,0.3795267380774021,384|456|387|385|345,0.42649078|0.04696405|0.02273586|0.02029477|0.01451612,1,0.42649078369140625,True,384,0.42649078369140625,True,384,0.3037925362586975,True,384,0.774836003780365,True,384,0.6627215147018433,True,c12_correct
385,386,386_10.bmp,preprocessed_results\386\386_10.bmp,385,385,385,0.8819090723991394,502,0.006828669924288988,0.8750804024748504,385|502|384|368|396,0.88190907|0.00682867|0.00455206|0.00267434|0.00209266,1,0.8819090723991394,True,385,0.8819090723991394,True,385,0.8061366677284241,True,385,0.8334371447563171,True,385,0.8550474643707275,True,c12_correct
386,387,387_7.bmp,preprocessed_results\387\387_7.bmp,386,386,386,0.9198616147041321,387,0.003775266231968999,0.9160863484721631,386|387|450|402|516,0.91986161|0.00377527|0.00232469|0.00226276|0.00150780,1,0.9198616147041321,True,386,0.9198616147041321,True,386,0.9161335229873657,True,386,0.8424725532531738,True,386,0.847882866859436,True,c12_correct
387,388,388_4.bmp,preprocessed_results\388\388_4.bmp,387,387,387,0.9394840598106384,502,0.00563495559617877,0.9338491042144597,387|502|450|548|500,0.93948406|0.00563496|0.00427374|0.00379786|0.00239527,1,0.9394840598106384,True,387,0.9394840598106384,True,387,0.908347487449646,True,387,0.8003862500190735,True,387,0.8443091511726379,True,c12_correct
388,389,389_7.bmp,preprocessed_results\389\389_7.bmp,388,388,388,0.8715095520019531,490,0.007280241698026657,0.8642293103039265,388|490|507|235|95,0.87150955|0.00728024|0.00564122|0.00401933|0.00281682,1,0.8715095520019531,True,388,0.8715095520019531,True,388,0.7104275226593018,True,388,0.8495438098907471,True,388,0.7035365104675293,True,c12_correct
389,390,390_3.bmp,preprocessed_results\390\390_3.bmp,389,389,389,0.9638259410858154,349,0.001685830531641841,0.9621401105541736,389|349|26|398|447,0.96382594|0.00168583|0.00154314|0.00106896|0.00091919,1,0.9638259410858154,True,389,0.9638259410858154,True,389,0.8872882127761841,True,389,0.8385114073753357,True,389,0.8760157823562622,True,c12_correct
390,391,391_7.bmp,preprocessed_results\391\391_7.bmp,390,390,390,0.9130089282989502,336,0.004383294843137264,0.9086256334558129,390|336|405|426|465,0.91300893|0.00438329|0.00334839|0.00235257|0.00230528,1,0.9130089282989502,True,390,0.9130089282989502,True,390,0.8213221430778503,True,390,0.848007321357727,True,390,0.8881559371948242,True,c12_correct
391,392,392_2.bmp,preprocessed_results\392\392_2.bmp,391,391,391,0.835231363773346,429,0.009353375993669033,0.8258779877796769,391|429|390|428|364,0.83523136|0.00935338|0.00598252|0.00465425|0.00407790,1,0.835231363773346,True,391,0.835231363773346,True,391,0.6365172863006592,True,391,0.836934506893158,True,391,0.8515275120735168,True,c12_correct
392,393,393_8.bmp,preprocessed_results\393\393_8.bmp,392,392,392,0.6237438917160034,400,0.023942725732922554,0.5998011659830809,392|400|409|463|519,0.62374389|0.02394273|0.01868422|0.01638324|0.01252375,1,0.6237438917160034,True,392,0.6237438917160034,True,392,0.5194188952445984,True,392,0.8234752416610718,True,392,0.5370354056358337,True,c12_correct
393,394,394_3.bmp,preprocessed_results\394\394_3.bmp,393,393,393,0.9058843851089478,473,0.005640421994030476,0.9002439631149173,393|473|371|365|343,0.90588439|0.00564042|0.00447850|0.00367370|0.00233947,1,0.9058843851089478,True,393,0.9058843851089478,True,393,0.7049318552017212,True,393,0.8134331107139587,True,393,0.7944087982177734,True,c12_correct
394,395,395_5.bmp,preprocessed_results\395\395_5.bmp,394,394,394,0.8920778632164001,354,0.009632419794797897,0.8824454434216022,394|354|181|515|496,0.89207786|0.00963242|0.00343493|0.00311149|0.00234789,1,0.8920778632164001,True,394,0.8920778632164001,True,394,0.830297589302063,True,394,0.8526662588119507,True,394,0.8303137421607971,True,c12_correct
395,396,396_2.bmp,preprocessed_results\396\396_2.bmp,395,395,395,0.9453551769256592,375,0.007653816603124142,0.937701360322535,395|375|409|536|191,0.94535518|0.00765382|0.00224593|0.00204121|0.00101006,1,0.9453551769256592,True,395,0.9453551769256592,True,395,0.848617672920227,True,395,0.8385721445083618,True,395,0.8658705949783325,True,c12_correct
396,397,397_1.bmp,preprocessed_results\397\397_1.bmp,396,396,396,0.934122622013092,364,0.001716151600703597,0.9324064704123884,396|364|515|448|385,0.93412262|0.00171615|0.00170066|0.00167755|0.00126236,1,0.934122622013092,True,396,0.934122622013092,True,396,0.9139247536659241,True,396,0.8464984893798828,True,396,0.8796849846839905,True,c12_correct
397,398,398_1.bmp,preprocessed_results\398\398_1.bmp,397,397,397,0.7461449503898621,396,0.03950708732008934,0.7066378630697727,397|396|332|56|472,0.74614495|0.03950709|0.00886711|0.00548322|0.00543439,1,0.7461449503898621,True,397,0.7461449503898621,True,397,0.6681879758834839,True,397,0.8119211196899414,True,397,0.7160138487815857,True,c12_correct
398,399,399_6.bmp,preprocessed_results\399\399_6.bmp,398,398,398,0.8367300629615784,399,0.003907301928848028,0.8328227610327303,398|399|442|462|794,0.83673006|0.00390730|0.00370458|0.00321796|0.00276894,1,0.8367300629615784,True,398,0.8367300629615784,True,398,0.8623167872428894,True,398,0.8174144625663757,True,398,0.8503283262252808,True,c12_correct
399,400,400_7.bmp,preprocessed_results\400\400_7.bmp,399,399,399,0.721271812915802,398,0.04098161309957504,0.680290199816227,399|398|293|316|421,0.72127181|0.04098161|0.00753790|0.00657056|0.00629177,1,0.721271812915802,True,399,0.721271812915802,True,399,0.8126164674758911,True,399,0.802280068397522,True,399,0.7908414602279663,True,c12_correct
400,401,401_6.bmp,preprocessed_results\401\401_6.bmp,400,400,400,0.5501107573509216,361,0.015242502093315125,0.5348682552576065,400|361|148|440|427,0.55011076|0.01524250|0.01153920|0.01026486|0.00986621,1,0.5501107573509216,True,400,0.5501107573509216,True,400,0.4864318072795868,True,400,0.8256038427352905,True,400,0.5878109335899353,True,c12_correct
401,402,402_2.bmp,preprocessed_results\402\402_2.bmp,401,401,401,0.26996293663978577,489,0.03047381155192852,0.23948912508785725,401|489|27|490|414,0.26996294|0.03047381|0.02081907|0.01825685|0.01664313,1,0.26996293663978577,True,401,0.26996293663978577,True,401,0.13911888003349304,True,401,0.759295642375946,True,401,0.2681601047515869,True,c12_correct
402,403,403_10.bmp,preprocessed_results\403\403_10.bmp,402,402,402,0.40208473801612854,390,0.06640411913394928,0.33568061888217926,402|390|403|364|226,0.40208474|0.06640412|0.05033289|0.02190683|0.00876961,1,0.40208473801612854,True,402,0.40208473801612854,True,402,0.4223253130912781,True,402,0.8581081628799438,True,402,0.775801420211792,True,c12_correct
403,404,404_4.bmp,preprocessed_results\404\404_4.bmp,403,403,403,0.8725268244743347,402,0.006623090244829655,0.8659037342295051,403|402|480|391|122,0.87252682|0.00662309|0.00649932|0.00635222|0.00452380,1,0.8725268244743347,True,403,0.8725268244743347,True,403,0.9121338725090027,True,403,0.8454281687736511,True,403,0.7743913531303406,True,c12_correct
404,405,405_1.bmp,preprocessed_results\405\405_1.bmp,404,404,404,0.7491753697395325,376,0.018045084550976753,0.7311302851885557,404|376|405|462|175,0.74917537|0.01804508|0.01722572|0.01076745|0.00893867,1,0.7491753697395325,True,404,0.7491753697395325,True,404,0.5287154316902161,True,404,0.7869118452072144,True,404,0.3238120675086975,True,c12_correct
405,406,406_5.bmp,preprocessed_results\406\406_5.bmp,405,405,405,0.926020622253418,404,0.018126798793673515,0.9078938234597445,405|404|499|463|506,0.92602062|0.01812680|0.00311312|0.00297156|0.00288973,1,0.926020622253418,True,405,0.926020622253418,True,405,0.833754301071167,True,405,0.8363074064254761,True,405,0.8961847424507141,True,c12_correct
406,407,407_10.bmp,preprocessed_results\407\407_10.bmp,406,406,406,0.8402984738349915,165,0.01573961414396763,0.8245588596910238,406|165|407|420|63,0.84029847|0.01573961|0.00504289|0.00408157|0.00301754,1,0.8402984738349915,True,406,0.8402984738349915,True,406,0.9067416787147522,True,406,0.7969353199005127,True,406,0.8354146480560303,True,c12_correct
407,408,408_2.bmp,preprocessed_results\408\408_2.bmp,407,407,407,0.9276869893074036,406,0.008230227045714855,0.9194567622616887,407|406|54|409|518,0.92768699|0.00823023|0.00247880|0.00245695|0.00194490,1,0.9276869893074036,True,407,0.9276869893074036,True,407,0.9253193140029907,True,407,0.8108774423599243,True,407,0.874504029750824,True,c12_correct
408,409,409_1.bmp,preprocessed_results\409\409_1.bmp,408,408,408,0.9081193208694458,200,0.002598683349788189,0.9055206375196576,408|200|203|402|95,0.90811932|0.00259868|0.00220121|0.00190995|0.00127831,1,0.9081193208694458,True,408,0.9081193208694458,True,408,0.8587311506271362,True,408,0.8448264598846436,True,408,0.7911651730537415,True,c12_correct
409,410,410_3.bmp,preprocessed_results\410\410_3.bmp,409,409,409,0.6203985214233398,403,0.049540285021066666,0.5708582364022732,409|403|349|429|463,0.62039852|0.04954029|0.01772668|0.01388517|0.00897761,1,0.6203985214233398,True,409,0.6203985214233398,True,409,0.6187589764595032,True,409,0.7896389961242676,True,409,0.5626306533813477,True,c12_correct
410,411,411_4.bmp,preprocessed_results\411\411_4.bmp,410,410,410,0.9061498641967773,411,0.009949062019586563,0.8962008021771908,410|411|727|308|782,0.90614986|0.00994906|0.00295947|0.00294780|0.00228152,1,0.9061498641967773,True,410,0.9061498641967773,True,410,0.8469293117523193,True,410,0.8406693935394287,True,410,0.86758953332901,True,c12_correct
411,412,412_5.bmp,preprocessed_results\412\412_5.bmp,411,411,411,0.8485910892486572,410,0.01969117671251297,0.8288999125361443,411|410|215|232|2,0.84859109|0.01969118|0.00426033|0.00346327|0.00300177,1,0.8485910892486572,True,411,0.8485910892486572,True,411,0.7994868159294128,True,411,0.8317533731460571,True,411,0.8302191495895386,True,c12_correct
412,413,413_1.bmp,preprocessed_results\413\413_1.bmp,412,412,412,0.4121038615703583,156,0.07017306983470917,0.3419307917356491,412|156|160|413|448,0.41210386|0.07017307|0.01014382|0.00994647|0.00980107,1,0.4121038615703583,True,412,0.4121038615703583,True,412,0.27554649114608765,True,412,0.7844807505607605,True,412,0.49109575152397156,True,c12_correct
413,414,414_6.bmp,preprocessed_results\414\414_6.bmp,413,413,413,0.9451030492782593,412,0.00337561615742743,0.9417274331208318,413|412|366|367|230,0.94510305|0.00337562|0.00159689|0.00130704|0.00124811,1,0.9451030492782593,True,413,0.9451030492782593,True,413,0.8799477815628052,True,413,0.8400689959526062,True,413,0.8653119802474976,True,c12_correct
414,415,415_6.bmp,preprocessed_results\415\415_6.bmp,414,414,414,0.8146796226501465,234,0.011206450872123241,0.8034731717780232,414|234|434|356|56,0.81467962|0.01120645|0.01054177|0.00513964|0.00396137,1,0.8146796226501465,True,414,0.8146796226501465,True,414,0.690808892250061,True,414,0.8280960321426392,True,414,0.8324770927429199,True,c12_correct
415,416,416_3.bmp,preprocessed_results\416\416_3.bmp,415,415,415,0.8336672186851501,483,0.005180149804800749,0.8284870688803494,415|483|367|366|375,0.83366722|0.00518015|0.00501475|0.00465819|0.00457463,1,0.8336672186851501,True,415,0.8336672186851501,True,415,0.2438715249300003,True,415,0.7937860488891602,True,415,0.4754919409751892,True,c12_correct
416,417,417_8.bmp,preprocessed_results\417\417_8.bmp,416,416,416,0.9236022233963013,519,0.006424169987440109,0.9171780534088612,416|519|55|511|301,0.92360222|0.00642417|0.00318307|0.00232219|0.00192532,1,0.9236022233963013,True,416,0.9236022233963013,True,416,0.8700920343399048,True,416,0.8211844563484192,True,416,0.8290951251983643,True,c12_correct
417,418,418_9.bmp,preprocessed_results\418\418_9.bmp,417,417,417,0.9378909468650818,416,0.0026370976120233536,0.9352538492530584,417|416|433|329|481,0.93789095|0.00263710|0.00196133|0.00158210|0.00113544,1,0.9378909468650818,True,417,0.9378909468650818,True,417,0.891620934009552,True,417,0.8391908407211304,True,417,0.8393221497535706,True,c12_correct
418,419,419_10.bmp,preprocessed_results\419\419_10.bmp,418,418,418,0.8524275422096252,419,0.008406476117670536,0.8440210660919547,418|419|398|510|462,0.85242754|0.00840648|0.00532406|0.00453440|0.00265376,1,0.8524275422096252,True,418,0.8524275422096252,True,418,0.8131977319717407,True,418,0.8364100456237793,True,418,0.7852705717086792,True,c12_correct
419,420,420_10.bmp,preprocessed_results\420\420_10.bmp,419,419,419,0.8545500040054321,418,0.01822722516953945,0.8363227788358927,419|418|490|491|507,0.85455000|0.01822723|0.00931021|0.00716935|0.00216283,1,0.8545500040054321,True,419,0.8545500040054321,True,419,0.7821871042251587,True,419,0.8454174995422363,True,419,0.7650594115257263,True,c12_correct
420,421,421_10.bmp,preprocessed_results\421\421_10.bmp,420,420,420,0.6957805752754211,52,0.011615716852247715,0.6841648584231734,420|52|237|148|149,0.69578058|0.01161572|0.00991141|0.00469287|0.00461118,1,0.6957805752754211,True,420,0.6957805752754211,True,420,0.8017114400863647,True,420,0.7928467988967896,True,420,0.73836749792099,True,c12_correct
421,422,422_10.bmp,preprocessed_results\422\422_10.bmp,421,421,421,0.4958394467830658,544,0.035448525100946426,0.46039092168211937,421|544|420|391|771,0.49583945|0.03544853|0.01218018|0.01042965|0.01035212,1,0.4958394467830658,True,421,0.4958394467830658,True,421,0.48841598629951477,True,421,0.8112139105796814,True,421,0.6844539642333984,True,c12_correct
422,423,423_4.bmp,preprocessed_results\423\423_4.bmp,422,422,422,0.8968867063522339,423,0.0038602433633059263,0.893026462988928,422|423|226|491|472,0.89688671|0.00386024|0.00257654|0.00248408|0.00224548,1,0.8968867063522339,True,422,0.8968867063522339,True,422,0.9248849749565125,True,422,0.8451526165008545,True,422,0.8530077338218689,True,c12_correct
423,424,424_1.bmp,preprocessed_results\424\424_1.bmp,423,423,423,0.5154759287834167,392,0.014890426769852638,0.5005855020135641,423|392|178|147|146,0.51547593|0.01489043|0.01142356|0.00996585|0.00896988,1,0.5154759287834167,True,423,0.5154759287834167,True,423,0.3396140933036804,True,423,0.7819032669067383,True,423,0.4309881329536438,True,c12_correct
424,425,425_5.bmp,preprocessed_results\425\425_5.bmp,424,424,424,0.9311696887016296,119,0.0024918108247220516,0.9286778778769076,424|119|498|159|499,0.93116969|0.00249181|0.00218660|0.00177156|0.00174891,1,0.9311696887016296,True,424,0.9311696887016296,True,424,0.9133528470993042,True,424,0.8522358536720276,True,424,0.8695542216300964,True,c12_correct
425,426,426_4.bmp,preprocessed_results\426\426_4.bmp,425,425,425,0.7955870628356934,431,0.016328122466802597,0.7792589403688908,425|431|499|424|65,0.79558706|0.01632812|0.00784671|0.00698314|0.00576569,1,0.7955870628356934,True,425,0.7955870628356934,True,425,0.9030925631523132,True,425,0.8392125964164734,True,425,0.8846896886825562,True,c12_correct
426,427,427_7.bmp,preprocessed_results\427\427_7.bmp,426,426,426,0.9340892434120178,500,0.0031730481423437595,0.9309161952696741,426|500|488|525|418,0.93408924|0.00317305|0.00260053|0.00215752|0.00175575,1,0.9340892434120178,True,426,0.9340892434120178,True,426,0.8991060256958008,True,426,0.8334020972251892,True,426,0.8852187991142273,True,c12_correct
427,428,428_3.bmp,preprocessed_results\428\428_3.bmp,427,427,427,0.9306909441947937,456,0.0024063996970653534,0.9282845444977283,427|456|449|66|447,0.93069094|0.00240640|0.00231989|0.00168839|0.00155456,1,0.9306909441947937,True,427,0.9306909441947937,True,427,0.8526126146316528,True,427,0.8335573673248291,True,427,0.8391363620758057,True,c12_correct
428,429,429_10.bmp,preprocessed_results\429\429_10.bmp,428,428,428,0.9168278574943542,426,0.004493114538490772,0.9123347429558635,428|426|519|499|517,0.91682786|0.00449311|0.00341493|0.00303782|0.00225706,1,0.9168278574943542,True,428,0.9168278574943542,True,428,0.8744204044342041,True,428,0.8407467603683472,True,428,0.805730402469635,True,c12_correct
429,430,430_3.bmp,preprocessed_results\430\430_3.bmp,429,429,429,0.8807387948036194,409,0.003769533708691597,0.8769692610949278,429|409|428|391|489,0.88073879|0.00376953|0.00299691|0.00284762|0.00242011,1,0.8807387948036194,True,429,0.8807387948036194,True,429,0.855950653553009,True,429,0.848420262336731,True,429,0.8118656873703003,True,c12_correct
430,431,431_4.bmp,preprocessed_results\431\431_4.bmp,430,430,430,0.8924015760421753,431,0.009686049073934555,0.8827155269682407,430|431|398|502|322,0.89240158|0.00968605|0.00832551|0.00435397|0.00308242,1,0.8924015760421753,True,430,0.8924015760421753,True,430,0.8141841292381287,True,430,0.8278679847717285,True,430,0.8163642287254333,True,c12_correct
431,432,432_7.bmp,preprocessed_results\432\432_7.bmp,431,431,431,0.8522494435310364,430,0.011295359581708908,0.8409540839493275,431|430|425|502|316,0.85224944|0.01129536|0.00659332|0.00556158|0.00321395,1,0.8522494435310364,True,431,0.8522494435310364,True,431,0.8850045204162598,True,431,0.8097748160362244,True,431,0.8338109254837036,True,c12_correct
432,433,433_4.bmp,preprocessed_results\433\433_4.bmp,432,432,432,0.8666110634803772,433,0.012387920171022415,0.8542231433093548,432|433|485|464|439,0.86661106|0.01238792|0.00517815|0.00363575|0.00262138,1,0.8666110634803772,True,432,0.8666110634803772,True,432,0.7560624480247498,True,432,0.7653794288635254,True,432,0.8538130521774292,True,c12_correct
433,434,434_3.bmp,preprocessed_results\434\434_3.bmp,433,433,433,0.9260363578796387,432,0.00470218388363719,0.9213341739960015,433|432|417|355|537,0.92603636|0.00470218|0.00393304|0.00194977|0.00175798,1,0.9260363578796387,True,433,0.9260363578796387,True,433,0.8646385073661804,True,433,0.8368082046508789,True,433,0.8246939778327942,True,c12_correct
434,435,435_7.bmp,preprocessed_results\435\435_7.bmp,434,434,434,0.8715625405311584,438,0.005602734629064798,0.8659598059020936,434|438|277|435|315,0.87156254|0.00560273|0.00531752|0.00362162|0.00345866,1,0.8715625405311584,True,434,0.8715625405311584,True,434,0.8219753503799438,True,434,0.8228733539581299,True,434,0.7497440576553345,True,c12_correct
435,436,436_4.bmp,preprocessed_results\436\436_4.bmp,435,435,435,0.8011162281036377,434,0.02943461388349533,0.7716816142201424,435|434|558|462|366,0.80111623|0.02943461|0.00795336|0.00587109|0.00468464,1,0.8011162281036377,True,435,0.8011162281036377,True,435,0.6084012985229492,True,435,0.8273805379867554,True,435,0.8244805335998535,True,c12_correct
436,437,437_4.bmp,preprocessed_results\437\437_4.bmp,436,436,436,0.7672417163848877,532,0.009514267556369305,0.7577274488285184,436|532|441|284|440,0.76724172|0.00951427|0.00734742|0.00587430|0.00495023,1,0.7672417163848877,True,436,0.7672417163848877,True,436,0.8275806903839111,True,436,0.7984253764152527,True,436,0.8134279847145081,True,c12_correct
437,438,438_4.bmp,preprocessed_results\438\438_4.bmp,437,437,437,0.8816835284233093,345,0.003953080158680677,0.8777304482646286,437|345|469|126|6,0.88168353|0.00395308|0.00373149|0.00263858|0.00254909,1,0.8816835284233093,True,437,0.8816835284233093,True,437,0.8375970125198364,True,437,0.8146589398384094,True,437,0.771968424320221,True,c12_correct
438,439,439_4.bmp,preprocessed_results\439\439_4.bmp,438,438,438,0.7305203080177307,439,0.01537033636122942,0.7151499716565013,438|439|145|432|504,0.73052031|0.01537034|0.00784983|0.00765999|0.00751189,1,0.7305203080177307,True,438,0.7305203080177307,True,438,0.5931490659713745,True,438,0.8085972666740417,True,438,0.7763228416442871,True,c12_correct
439,440,440_2.bmp,preprocessed_results\440\440_2.bmp,439,439,439,0.9448040127754211,438,0.005420942325145006,0.9393830704502761,439|438|555|551|451,0.94480401|0.00542094|0.00180313|0.00142421|0.00116055,1,0.9448040127754211,True,439,0.9448040127754211,True,439,0.8011302947998047,True,439,0.8216367363929749,True,439,0.7732090950012207,True,c12_correct
440,441,441_9.bmp,preprocessed_results\441\441_9.bmp,440,440,440,0.6669060587882996,146,0.014549169689416885,0.6523568890988827,440|146|43|77|436,0.66690606|0.01454917|0.00811331|0.00665794|0.00660776,1,0.6669060587882996,True,440,0.6669060587882996,True,440,0.6834114789962769,True,440,0.7999699115753174,True,440,0.521472692489624,True,c12_correct
441,442,442_8.bmp,preprocessed_results\442\442_8.bmp,441,441,441,0.7353565692901611,295,0.021455321460962296,0.7139012478291988,441|295|38|199|335,0.73535657|0.02145532|0.01109817|0.00609890|0.00578631,1,0.7353565692901611,True,441,0.7353565692901611,True,441,0.8880318403244019,True,441,0.8478755950927734,True,441,0.8672533631324768,True,c12_correct
442,443,443_7.bmp,preprocessed_results\443\443_7.bmp,442,442,442,0.8687580823898315,314,0.005200536921620369,0.8635575454682112,442|314|22|392|443,0.86875808|0.00520054|0.00508808|0.00279545|0.00254210,1,0.8687580823898315,True,442,0.8687580823898315,True,442,0.8943262696266174,True,442,0.8451249599456787,True,442,0.8594251871109009,True,c12_correct
443,444,444_3.bmp,preprocessed_results\444\444_3.bmp,443,443,443,0.8849567770957947,463,0.004223617725074291,0.8807331593707204,443|463|368|522|399,0.88495678|0.00422362|0.00339401|0.00307125|0.00286627,1,0.8849567770957947,True,443,0.8849567770957947,True,443,0.8580949306488037,True,443,0.8210931420326233,True,443,0.8607308268547058,True,c12_correct
444,445,445_9.bmp,preprocessed_results\445\445_9.bmp,444,444,444,0.910313069820404,78,0.0021492752712219954,0.9081637945491821,444|78|434|509|521,0.91031307|0.00214928|0.00212288|0.00194913|0.00154118,1,0.910313069820404,True,444,0.910313069820404,True,444,0.8689219355583191,True,444,0.8448366522789001,True,444,0.8411538004875183,True,c12_correct
445,446,446_7.bmp,preprocessed_results\446\446_7.bmp,445,445,445,0.8612279295921326,486,0.010181186720728874,0.8510467428714037,445|486|351|487|464,0.86122793|0.01018119|0.00494897|0.00329213|0.00300203,1,0.8612279295921326,True,445,0.8612279295921326,True,445,0.9187013506889343,True,445,0.8314332962036133,True,445,0.8662471771240234,True,c12_correct
446,447,447_2.bmp,preprocessed_results\447\447_2.bmp,446,446,446,0.6766269207000732,469,0.018315691500902176,0.6583112291991711,446|469|468|394|45,0.67662692|0.01831569|0.01385108|0.00935007|0.00857727,1,0.6766269207000732,True,446,0.6766269207000732,True,446,0.7627747654914856,True,446,0.8126873970031738,True,446,0.594318687915802,True,c12_correct
447,448,448_2.bmp,preprocessed_results\448\448_2.bmp,447,447,447,0.9188920855522156,423,0.0024775443598628044,0.9164145411923528,447|423|382|383|506,0.91889209|0.00247754|0.00218020|0.00181617|0.00168996,1,0.9188920855522156,True,447,0.9188920855522156,True,447,0.8598167896270752,True,447,0.8205518126487732,True,447,0.8293733596801758,True,c12_correct
448,449,449_1.bmp,preprocessed_results\449\449_1.bmp,448,448,448,0.37402108311653137,396,0.032725635915994644,0.34129544720053673,448|396|377|364|352,0.37402108|0.03272564|0.03137805|0.01033832|0.01006428,1,0.37402108311653137,True,448,0.37402108311653137,True,448,0.38993149995803833,True,448,0.77523273229599,True,448,0.4614828824996948,True,c12_correct
449,450,450_2.bmp,preprocessed_results\450\450_2.bmp,449,449,449,0.8947258591651917,534,0.0024689931888133287,0.8922568659763783,449|534|389|377|427,0.89472586|0.00246899|0.00223020|0.00218437|0.00195339,1,0.8947258591651917,True,449,0.8947258591651917,True,449,0.8688580989837646,True,449,0.8256469964981079,True,449,0.836574137210846,True,c12_correct
450,451,451_8.bmp,preprocessed_results\451\451_8.bmp,450,450,450,0.5589549541473389,387,0.017121877521276474,0.5418330766260624,450|387|300|408|517,0.55895495|0.01712188|0.01686605|0.01640392|0.01638777,1,0.5589549541473389,True,450,0.5589549541473389,True,450,0.7412509322166443,True,450,0.8221929669380188,True,450,0.7111970782279968,True,c12_correct
451,452,452_3.bmp,preprocessed_results\452\452_3.bmp,451,451,451,0.9354717135429382,477,0.008845489472150803,0.9266262240707874,451|477|102|377|467,0.93547171|0.00884549|0.00608627|0.00339392|0.00293980,1,0.9354717135429382,True,451,0.9354717135429382,True,451,0.7373565435409546,True,451,0.8133565187454224,True,451,0.6878321170806885,True,c12_correct
452,453,453_2.bmp,preprocessed_results\453\453_2.bmp,452,452,452,0.8952859044075012,453,0.0042277430184185505,0.8910581613890827,452|453|437|469|534,0.89528590|0.00422774|0.00340987|0.00233595|0.00178551,1,0.8952859044075012,True,452,0.8952859044075012,True,452,0.7939463257789612,True,452,0.8517740368843079,True,452,0.8110964894294739,True,c12_correct
453,454,454_5.bmp,preprocessed_results\454\454_5.bmp,453,453,453,0.8798334002494812,452,0.008256123401224613,0.8715772768482566,453|452|83|251|166,0.87983340|0.00825612|0.00357546|0.00349559|0.00245874,1,0.8798334002494812,True,453,0.8798334002494812,True,453,0.7048370242118835,True,453,0.8343883156776428,True,453,0.7946453094482422,True,c12_correct
454,455,455_3.bmp,preprocessed_results\455\455_3.bmp,454,454,454,0.8746143579483032,556,0.01283683069050312,0.8617775272578001,454|556|347|359|455,0.87461436|0.01283683|0.00859600|0.00763052|0.00399439,1,0.8746143579483032,True,454,0.8746143579483032,True,454,0.8186838626861572,True,454,0.8077970743179321,True,454,0.7233676910400391,True,c12_correct
455,456,456_1.bmp,preprocessed_results\456\456_1.bmp,455,455,455,0.7411167621612549,454,0.021038701757788658,0.7200780604034662,455|454|359|516|145,0.74111676|0.02103870|0.01317775|0.00814290|0.00744260,1,0.7411167621612549,True,455,0.7411167621612549,True,455,0.5567833781242371,True,455,0.7748892307281494,True,455,0.4954957365989685,True,c12_correct
456,457,457_10.bmp,preprocessed_results\457\457_10.bmp,456,456,456,0.4810647964477539,457,0.02468039281666279,0.4563844036310911,456|457|510|485|487,0.48106480|0.02468039|0.02458956|0.02304224|0.01796004,1,0.4810647964477539,True,456,0.4810647964477539,True,456,0.533681333065033,True,456,0.7577482461929321,True,456,0.65876305103302,True,c12_correct
457,458,458_8.bmp,preprocessed_results\458\458_8.bmp,457,457,457,0.8399002552032471,509,0.006867760326713324,0.8330324948765337,457|509|456|508|351,0.83990026|0.00686776|0.00501632|0.00392197|0.00360052,1,0.8399002552032471,True,457,0.8399002552032471,True,457,0.7573872208595276,True,457,0.8167873024940491,True,457,0.7931007742881775,True,c12_correct
458,459,459_10.bmp,preprocessed_results\459\459_10.bmp,458,458,458,0.6582122445106506,459,0.0313534289598465,0.6268588155508041,458|459|441|404|378,0.65821224|0.03135343|0.01342417|0.00969138|0.00598064,1,0.6582122445106506,True,458,0.6582122445106506,True,458,0.7415952682495117,True,458,0.8078147768974304,True,458,0.7203735113143921,True,c12_correct
459,460,460_4.bmp,preprocessed_results\460\460_4.bmp,459,459,459,0.6155009269714355,458,0.027965961024165154,0.5875349659472704,459|458|152|71|545,0.61550093|0.02796596|0.01824269|0.01734350|0.01683548,1,0.6155009269714355,True,459,0.6155009269714355,True,459,0.6056215763092041,True,459,0.8454481959342957,True,459,0.5765892863273621,True,c12_correct
460,461,461_5.bmp,preprocessed_results\461\461_5.bmp,460,460,460,0.9227461814880371,67,0.004478697199374437,0.9182674842886627,460|67|95|66|524,0.92274618|0.00447870|0.00163417|0.00126007|0.00101878,1,0.9227461814880371,True,460,0.9227461814880371,True,460,0.8983414173126221,True,460,0.8506454825401306,True,460,0.8142290711402893,True,c12_correct
461,462,462_5.bmp,preprocessed_results\462\462_5.bmp,461,461,461,0.8660486936569214,457,0.004732373636215925,0.8613163200207055,461|457|460|202|426,0.86604869|0.00473237|0.00424103|0.00390496|0.00294410,1,0.8660486936569214,True,461,0.8660486936569214,True,461,0.8528012633323669,True,461,0.8252031207084656,True,461,0.7828893661499023,True,c12_correct
462,463,463_2.bmp,preprocessed_results\463\463_2.bmp,462,462,462,0.7233844995498657,370,0.03126940131187439,0.6921150982379913,462|370|346|770|137,0.72338450|0.03126940|0.01155896|0.00591148|0.00551897,1,0.7233844995498657,True,462,0.7233844995498657,True,462,0.8105193972587585,True,462,0.8441853523254395,True,462,0.808924674987793,True,c12_correct
463,464,464_7.bmp,preprocessed_results\464\464_7.bmp,463,463,463,0.9011082649230957,461,0.004922432359308004,0.8961858325637877,463|461|462|409|480,0.90110826|0.00492243|0.00377782|0.00306720|0.00271971,1,0.9011082649230957,True,463,0.9011082649230957,True,463,0.9118176102638245,True,463,0.8307620286941528,True,463,0.8405880331993103,True,c12_correct
464,465,465_5.bmp,preprocessed_results\465\465_5.bmp,464,464,464,0.839634358882904,484,0.007217600475996733,0.8324167584069073,464|484|432|467|546,0.83963436|0.00721760|0.00435183|0.00289307|0.00285229,1,0.839634358882904,True,464,0.839634358882904,True,464,0.8837125897407532,True,464,0.8494890332221985,True,464,0.8341916799545288,True,c12_correct
465,466,466_2.bmp,preprocessed_results\466\466_2.bmp,465,465,465,0.9400061368942261,467,0.0026172983925789595,0.9373888385016471,465|467|451|393|200,0.94000614|0.00261730|0.00162507|0.00142269|0.00132153,1,0.9400061368942261,True,465,0.9400061368942261,True,465,0.9069345593452454,True,465,0.8406772613525391,True,465,0.8302757740020752,True,c12_correct
466,467,467_2.bmp,preprocessed_results\467\467_2.bmp,466,466,466,0.9527641534805298,467,0.0025265845470130444,0.9502375689335167,466|467|470|35|490,0.95276415|0.00252658|0.00207029|0.00104659|0.00103743,1,0.9527641534805298,True,466,0.9527641534805298,True,466,0.9351160526275635,True,466,0.8387351632118225,True,466,0.7081406712532043,True,c12_correct
467,468,468_6.bmp,preprocessed_results\468\468_6.bmp,467,467,467,0.922934889793396,489,0.0035496626514941454,0.9193852271419019,467|489|547|377|477,0.92293489|0.00354966|0.00303925|0.00231593|0.00229947,1,0.922934889793396,True,467,0.922934889793396,True,467,0.9228125810623169,True,467,0.8389483094215393,True,467,0.8378611207008362,True,c12_correct
468,469,469_9.bmp,preprocessed_results\469\469_9.bmp,468,468,468,0.8118026256561279,469,0.07002131640911102,0.7417813092470169,468|469|389|422|418,0.81180263|0.07002132|0.00410619|0.00399508|0.00371191,1,0.8118026256561279,True,468,0.8118026256561279,True,468,0.8984293341636658,True,468,0.8440496921539307,True,468,0.8083028793334961,True,c12_correct
469,470,470_2.bmp,preprocessed_results\470\470_2.bmp,469,469,469,0.8891088962554932,468,0.007475132122635841,0.8816337641328573,469|468|422|514|351,0.88910890|0.00747513|0.00562126|0.00538193|0.00348857,1,0.8891088962554932,True,469,0.8891088962554932,True,469,0.8778026700019836,True,469,0.8437231779098511,True,469,0.7384085655212402,True,c12_correct
470,471,471_5.bmp,preprocessed_results\471\471_5.bmp,470,470,470,0.9290725588798523,464,0.005025888793170452,0.9240466700866818,470|464|408|190|513,0.92907256|0.00502589|0.00364894|0.00326012|0.00253303,1,0.9290725588798523,True,470,0.9290725588798523,True,470,0.7261019349098206,True,470,0.811663806438446,True,470,0.7900039553642273,True,c12_correct
471,472,472_7.bmp,preprocessed_results\472\472_7.bmp,471,471,471,0.9207722544670105,542,0.0027222621720284224,0.9180499922949821,471|542|405|125|46,0.92077225|0.00272226|0.00239082|0.00221189|0.00179762,1,0.9207722544670105,True,471,0.9207722544670105,True,471,0.9013407230377197,True,471,0.8126850128173828,True,471,0.8625997304916382,True,c12_correct
472,473,473_8.bmp,preprocessed_results\473\473_8.bmp,472,472,472,0.9298619031906128,473,0.0036555530969053507,0.9262063500937074,472|473|397|470|419,0.92986190|0.00365555|0.00245649|0.00164328|0.00152313,1,0.9298619031906128,True,472,0.9298619031906128,True,472,0.9088041186332703,True,472,0.8292422294616699,True,472,0.9102038741111755,True,c12_correct
473,474,474_5.bmp,preprocessed_results\474\474_5.bmp,473,473,473,0.903323233127594,472,0.004302682355046272,0.8990205507725477,473|472|508|393|483,0.90332323|0.00430268|0.00317809|0.00226042|0.00224879,1,0.903323233127594,True,473,0.903323233127594,True,473,0.897605299949646,True,473,0.8311772346496582,True,473,0.8162436485290527,True,c12_correct
474,475,475_10.bmp,preprocessed_results\475\475_10.bmp,474,474,474,0.9414486885070801,475,0.00430136127397418,0.9371473272331059,474|475|533|116|637,0.94144869|0.00430136|0.00119757|0.00113207|0.00083885,1,0.9414486885070801,True,474,0.9414486885070801,True,474,0.9257514476776123,True,474,0.8597701787948608,True,474,0.8653368353843689,True,c12_correct
475,476,476_5.bmp,preprocessed_results\476\476_5.bmp,475,475,475,0.9375631213188171,557,0.003176045138388872,0.9343870761804283,475|557|474|561|559,0.93756312|0.00317605|0.00302436|0.00283836|0.00193438,1,0.9375631213188171,True,475,0.9375631213188171,True,475,0.7519541382789612,True,475,0.8244870901107788,True,475,0.8108190894126892,True,c12_correct
476,477,477_1.bmp,preprocessed_results\477\477_1.bmp,476,476,476,0.7037003636360168,477,0.07394128292798996,0.6297590807080269,476|477|484|485|439,0.70370036|0.07394128|0.03050996|0.01551871|0.00670126,1,0.7037003636360168,True,476,0.7037003636360168,True,476,0.756567120552063,True,476,0.8199299573898315,True,476,0.7269499897956848,True,c12_correct
477,478,478_7.bmp,preprocessed_results\478\478_7.bmp,477,477,477,0.8989675641059875,476,0.008233120664954185,0.8907344434410334,477|476|484|467|485,0.89896756|0.00823312|0.00447171|0.00280735|0.00238604,1,0.8989675641059875,True,477,0.8989675641059875,True,477,0.9024249911308289,True,477,0.8209660649299622,True,477,0.8592490553855896,True,c12_correct
478,479,479_5.bmp,preprocessed_results\479\479_5.bmp,478,478,478,0.9224170446395874,68,0.004305449314415455,0.918111595325172,478|68|242|664|479,0.92241704|0.00430545|0.00378189|0.00318222|0.00258797,1,0.9224170446395874,True,478,0.9224170446395874,True,478,0.5948625206947327,True,478,0.7974658012390137,True,478,0.7989952564239502,True,c12_correct
479,480,480_4.bmp,preprocessed_results\480\480_4.bmp,479,479,479,0.9101271033287048,535,0.009048979729413986,0.9010781235992908,479|535|538|475|478,0.91012710|0.00904898|0.00435407|0.00263107|0.00235551,1,0.9101271033287048,True,479,0.9101271033287048,True,479,0.8709864616394043,True,479,0.8217035531997681,True,479,0.8502179384231567,True,c12_correct
480,481,481_6.bmp,preprocessed_results\481\481_6.bmp,480,480,480,0.9170946478843689,481,0.004897077567875385,0.9121975703164935,480|481|529|394|402,0.91709465|0.00489708|0.00274096|0.00248555|0.00164370,1,0.9170946478843689,True,480,0.9170946478843689,True,480,0.8149152994155884,True,480,0.8314621448516846,True,480,0.86237633228302,True,c12_correct
481,482,482_7.bmp,preprocessed_results\482\482_7.bmp,481,481,481,0.8831962943077087,510,0.009240505285561085,0.8739557890221477,481|510|465|39|480,0.88319629|0.00924051|0.00636720|0.00253015|0.00211777,1,0.8831962943077087,True,481,0.8831962943077087,True,481,0.8376964926719666,True,481,0.8280289173126221,True,481,0.7661782503128052,True,c12_correct
482,483,483_9.bmp,preprocessed_results\483\483_9.bmp,482,482,482,0.9451699256896973,484,0.003712789621204138,0.9414571360684931,482|484|483|451|467,0.94516993|0.00371279|0.00198364|0.00172686|0.00109803,1,0.9451699256896973,True,482,0.9451699256896973,True,482,0.7329362034797668,True,482,0.8339354991912842,True,482,0.879608690738678,True,c12_correct
483,484,484_9.bmp,preprocessed_results\484\484_9.bmp,483,483,483,0.9461430907249451,482,0.00165935093536973,0.9444837397895753,483|482|415|514|227,0.94614309|0.00165935|0.00147609|0.00130164|0.00128629,1,0.9461430907249451,True,483,0.9461430907249451,True,483,0.7253075242042542,True,483,0.8191611766815186,True,483,0.8170647621154785,True,c12_correct
484,485,485_9.bmp,preprocessed_results\485\485_9.bmp,484,484,484,0.8953403234481812,485,0.010504874400794506,0.8848354490473866,484|485|477|476|372,0.89534032|0.01050487|0.00796922|0.00322586|0.00313045,1,0.8953403234481812,True,484,0.8953403234481812,True,484,0.8536112308502197,True,484,0.8338409066200256,True,484,0.7494290471076965,True,c12_correct
485,486,486_4.bmp,preprocessed_results\486\486_4.bmp,485,485,485,0.9158731698989868,477,0.005924571305513382,0.9099485985934734,485|477|432|484|473,0.91587317|0.00592457|0.00336005|0.00308930|0.00192940,1,0.9158731698989868,True,485,0.9158731698989868,True,485,0.8448038101196289,True,485,0.8359718322753906,True,485,0.8256142139434814,True,c12_correct
486,487,487_8.bmp,preprocessed_results\487\487_8.bmp,486,486,486,0.7827706933021545,487,0.0687168687582016,0.7140538245439529,486|487|464|445|484,0.78277069|0.06871687|0.01382646|0.00744217|0.00599098,1,0.7827706933021545,True,486,0.7827706933021545,True,486,0.6228037476539612,True,486,0.8442103266716003,True,486,0.7294294238090515,True,c12_correct
487,488,488_2.bmp,preprocessed_results\488\488_2.bmp,487,487,487,0.852255642414093,486,0.040184784680604935,0.8120708577334881,487|486|526|355|457,0.85225564|0.04018478|0.00455797|0.00298614|0.00292443,1,0.852255642414093,True,487,0.852255642414093,True,487,0.7792618870735168,True,487,0.8012044429779053,True,487,0.7528406977653503,True,c12_correct
488,489,489_8.bmp,preprocessed_results\489\489_8.bmp,488,488,488,0.8682706952095032,489,0.005144407041370869,0.8631262881681323,488|489|518|459|426,0.86827070|0.00514441|0.00282801|0.00206459|0.00178365,1,0.8682706952095032,True,488,0.8682706952095032,True,488,0.8568167686462402,True,488,0.7900928258895874,True,488,0.8381079435348511,True,c12_correct
489,490,490_2.bmp,preprocessed_results\490\490_2.bmp,489,489,489,0.868301272392273,467,0.01169794425368309,0.8566033281385899,489|467|533|488|535,0.86830127|0.01169794|0.00428731|0.00359135|0.00300857,1,0.868301272392273,True,489,0.868301272392273,True,489,0.8219152688980103,True,489,0.8572245240211487,True,489,0.7876899242401123,True,c12_correct
490,491,491_2.bmp,preprocessed_results\491\491_2.bmp,490,490,490,0.9391642212867737,466,0.008936100639402866,0.9302281206473708,490|466|478|419|422,0.93916422|0.00893610|0.00265437|0.00216342|0.00178846,1,0.9391642212867737,True,490,0.9391642212867737,True,490,0.7424941658973694,True,490,0.8397802710533142,True,490,0.686689019203186,True,c12_correct
491,492,492_9.bmp,preprocessed_results\492\492_9.bmp,491,491,491,0.7825401425361633,415,0.017461949959397316,0.765078192576766,491|415|514|375|463,0.78254014|0.01746195|0.00885448|0.00768532|0.00469418,1,0.7825401425361633,True,491,0.7825401425361633,True,491,0.8104493618011475,True,491,0.8335945010185242,True,491,0.8204584121704102,True,c12_correct
492,493,493_1.bmp,preprocessed_results\493\493_1.bmp,492,492,492,0.6172699332237244,503,0.02579338103532791,0.5914765521883965,492|503|493|508|526,0.61726993|0.02579338|0.02541265|0.01975222|0.01053782,1,0.6172699332237244,True,492,0.6172699332237244,True,492,0.19336239993572235,True,492,0.7570893168449402,True,492,0.37707045674324036,True,c12_correct
493,494,494_3.bmp,preprocessed_results\494\494_3.bmp,493,493,493,0.878891110420227,492,0.00782899372279644,0.8710621166974306,493|492|461|489|526,0.87889111|0.00782899|0.00433807|0.00335332|0.00289369,1,0.878891110420227,True,493,0.878891110420227,True,493,0.8352253437042236,True,493,0.8244214057922363,True,493,0.8714358806610107,True,c12_correct
494,495,495_4.bmp,preprocessed_results\495\495_4.bmp,494,494,494,0.8760246634483337,495,0.003329391358420253,0.8726952720899135,494|495|80|470|488,0.87602466|0.00332939|0.00294614|0.00269121|0.00249293,1,0.8760246634483337,True,494,0.8760246634483337,True,494,0.927399754524231,True,494,0.8385035395622253,True,494,0.8312074542045593,True,c12_correct
495,496,496_6.bmp,preprocessed_results\496\496_6.bmp,495,495,495,0.9118451476097107,378,0.0028044716455042362,0.9090406759642065,495|378|494|514|518,0.91184515|0.00280447|0.00228503|0.00164971|0.00162009,1,0.9118451476097107,True,495,0.9118451476097107,True,495,0.8537381291389465,True,495,0.8546514511108398,True,495,0.8285897374153137,True,c12_correct
496,497,497_1.bmp,preprocessed_results\497\497_1.bmp,496,496,496,0.2891986072063446,497,0.03999838978052139,0.2492002174258232,496|497|552|459|164,0.28919861|0.03999839|0.01950866|0.01896592|0.01507374,1,0.2891986072063446,True,496,0.2891986072063446,True,496,0.17623190581798553,True,496,0.7798049449920654,True,496,0.2604149281978607,True,c12_correct
497,498,498_9.bmp,preprocessed_results\498\498_9.bmp,497,497,497,0.41951027512550354,447,0.04405180737376213,0.3754584677517414,497|447|459|8|423,0.41951028|0.04405181|0.02402092|0.02122194|0.01544131,1,0.41951027512550354,True,497,0.41951027512550354,True,497,0.5835350155830383,True,497,0.8248348832130432,True,497,0.7212235331535339,True,c12_correct
498,499,499_8.bmp,preprocessed_results\499\499_8.bmp,498,498,498,0.8232101202011108,462,0.01795710250735283,0.805253017693758,498|462|506|405|463,0.82321012|0.01795710|0.01751086|0.00686795|0.00456544,1,0.8232101202011108,True,498,0.8232101202011108,True,498,0.9140306115150452,True,498,0.8492593169212341,True,498,0.805068850517273,True,c12_correct
499,500,500_10.bmp,preprocessed_results\500\500_10.bmp,499,499,499,0.8230767250061035,61,0.011625349521636963,0.8114513754844666,499|61|112|498|428,0.82307673|0.01162535|0.00785435|0.00782285|0.00585511,1,0.8230767250061035,True,499,0.8230767250061035,True,499,0.7168269753456116,True,499,0.8472002744674683,True,499,0.7729728817939758,True,c12_correct
500,501,501_3.bmp,preprocessed_results\501\501_3.bmp,500,500,500,0.857029378414154,502,0.00637798523530364,0.8506513931788504,500|502|281|426|387,0.85702938|0.00637799|0.00540903|0.00536142|0.00365799,1,0.857029378414154,True,500,0.857029378414154,True,500,0.9203007817268372,True,500,0.8355689644813538,True,500,0.7945132851600647,True,c12_correct
501,502,502_7.bmp,preprocessed_results\502\502_7.bmp,501,501,501,0.8104958534240723,511,0.008984830230474472,0.8015110231935978,501|511|416|334|461,0.81049585|0.00898483|0.00564792|0.00551161|0.00464728,1,0.8104958534240723,True,501,0.8104958534240723,True,501,0.7506052255630493,True,501,0.8522939682006836,True,501,0.81671142578125,True,c12_correct
502,503,503_4.bmp,preprocessed_results\503\503_4.bmp,502,502,502,0.9453437328338623,500,0.002790313446894288,0.942553419386968,502|500|207|430|493,0.94534373|0.00279031|0.00225892|0.00218640|0.00132804,1,0.9453437328338623,True,502,0.9453437328338623,True,502,0.6088289618492126,True,502,0.8347219228744507,True,502,0.8314885497093201,True,c12_correct
503,504,504_4.bmp,preprocessed_results\504\504_4.bmp,503,503,482,0.08563605695962906,468,0.06723978370428085,0.018396273255348206,482|468|66|148|453,0.08563606|0.06723978|0.06133132|0.05505314|0.03740986,49,0.003164974506944418,False,482,0.08563605695962906,False,534,0.012089760974049568,False,503,0.028190873563289642,True,503,0.0738213062286377,True,teacher_all_correct;low_margin
504,505,505_10.bmp,preprocessed_results\505\505_10.bmp,504,504,504,0.9094128608703613,555,0.009472304955124855,0.8999405559152365,504|555|505|359|517,0.90941286|0.00947230|0.00785202|0.00260972|0.00241028,1,0.9094128608703613,True,504,0.9094128608703613,True,504,0.9343798160552979,True,504,0.8265007138252258,True,504,0.8717280626296997,True,c12_correct
505,506,506_10.bmp,preprocessed_results\506\506_10.bmp,505,505,505,0.8971731066703796,504,0.011882800608873367,0.8852903060615063,505|504|479|555|71,0.89717311|0.01188280|0.00338990|0.00216741|0.00211329,1,0.8971731066703796,True,505,0.8971731066703796,True,505,0.8419013023376465,True,505,0.824862003326416,True,505,0.7990568280220032,True,c12_correct
506,507,507_1.bmp,preprocessed_results\507\507_1.bmp,506,506,506,0.6052516102790833,499,0.021043650805950165,0.5842079594731331,506|499|403|407|405,0.60525161|0.02104365|0.01524476|0.01286076|0.01073880,1,0.6052516102790833,True,506,0.6052516102790833,True,506,0.7096995115280151,True,506,0.8113783597946167,True,506,0.6614295244216919,True,c12_correct
507,508,508_6.bmp,preprocessed_results\508\508_6.bmp,507,507,507,0.6934012770652771,336,0.020158646628260612,0.6732426304370165,507|336|529|388|26,0.69340128|0.02015865|0.01214477|0.01055153|0.00745064,1,0.6934012770652771,True,507,0.6934012770652771,True,507,0.7128391861915588,True,507,0.8052840828895569,True,507,0.6986538767814636,True,c12_correct
508,509,509_8.bmp,preprocessed_results\509\509_8.bmp,508,508,508,0.9198285341262817,509,0.0033478448167443275,0.9164806893095374,508|509|510|473|457,0.91982853|0.00334784|0.00289017|0.00221633|0.00211319,1,0.9198285341262817,True,508,0.9198285341262817,True,508,0.827589750289917,True,508,0.842714250087738,True,508,0.822607696056366,True,c12_correct
509,510,510_5.bmp,preprocessed_results\510\510_5.bmp,509,509,509,0.7832106947898865,350,0.0052118669264018536,0.7779988278634846,509|350|180|544|444,0.78321069|0.00521187|0.00518695|0.00329654|0.00325291,1,0.7832106947898865,True,509,0.7832106947898865,True,509,0.7132691740989685,True,509,0.8207140564918518,True,509,0.7344158291816711,True,c12_correct
510,511,511_6.bmp,preprocessed_results\511\511_6.bmp,510,510,510,0.8846946954727173,511,0.009840084239840508,0.8748546112328768,510|511|473|481|418,0.88469470|0.00984008|0.00506660|0.00459668|0.00204570,1,0.8846946954727173,True,510,0.8846946954727173,True,510,0.8302801847457886,True,510,0.8476369976997375,True,510,0.7547556161880493,True,c12_correct
511,512,512_8.bmp,preprocessed_results\512\512_8.bmp,511,511,511,0.8904672265052795,510,0.010305792093276978,0.8801614344120026,511|510|416|203|365,0.89046723|0.01030579|0.00502850|0.00447293|0.00313650,1,0.8904672265052795,True,511,0.8904672265052795,True,511,0.8195828795433044,True,511,0.8413814306259155,True,511,0.8525072336196899,True,c12_correct
512,513,513_10.bmp,preprocessed_results\513\513_10.bmp,512,512,512,0.892815351486206,356,0.0031239218078553677,0.8896914296783507,512|356|542|543|220,0.89281535|0.00312392|0.00305169|0.00255631|0.00235794,1,0.892815351486206,True,512,0.892815351486206,True,512,0.8089703321456909,True,512,0.8129591941833496,True,512,0.7567296028137207,True,c12_correct
513,514,514_5.bmp,preprocessed_results\514\514_5.bmp,513,513,513,0.9459840059280396,563,0.006933743134140968,0.9390502627938986,513|563|372|378|512,0.94598401|0.00693374|0.00189424|0.00165852|0.00130010,1,0.9459840059280396,True,513,0.9459840059280396,True,513,0.9172853231430054,True,513,0.8600581288337708,True,513,0.8800508975982666,True,c12_correct
514,515,515_9.bmp,preprocessed_results\515\515_9.bmp,514,514,514,0.8924053907394409,515,0.004311153199523687,0.8880942375399172,514|515|413|558|448,0.89240539|0.00431115|0.00391631|0.00226623|0.00224715,1,0.8924053907394409,True,514,0.8924053907394409,True,514,0.8656211495399475,True,514,0.8095507025718689,True,514,0.7963224649429321,True,c12_correct
515,516,516_8.bmp,preprocessed_results\516\516_8.bmp,515,515,515,0.5343083143234253,394,0.039858378469944,0.4944499358534813,515|394|396|344|514,0.53430831|0.03985838|0.02137913|0.01814449|0.01253760,1,0.5343083143234253,True,515,0.5343083143234253,True,515,0.6109889149665833,True,515,0.8082057237625122,True,515,0.6910360455513,True,c12_correct
516,517,517_5.bmp,preprocessed_results\517\517_5.bmp,516,516,516,0.9364655017852783,517,0.004389673471450806,0.9320758283138275,516|517|387|351|406,0.93646550|0.00438967|0.00209012|0.00172022|0.00151279,1,0.9364655017852783,True,516,0.9364655017852783,True,516,0.8810247182846069,True,516,0.8561574220657349,True,516,0.8636320233345032,True,c12_correct
517,518,518_3.bmp,preprocessed_results\518\518_3.bmp,517,517,517,0.9223318099975586,539,0.004869487136602402,0.9174623228609562,517|539|516|519|450,0.92233181|0.00486949|0.00347521|0.00210464|0.00200342,1,0.9223318099975586,True,517,0.9223318099975586,True,517,0.8423092365264893,True,517,0.8049063086509705,True,517,0.7985512614250183,True,c12_correct
518,519,519_9.bmp,preprocessed_results\519\519_9.bmp,518,518,518,0.9217100143432617,546,0.005656634923070669,0.916053379420191,518|546|547|55|489,0.92171001|0.00565663|0.00274204|0.00269085|0.00266836,1,0.9217100143432617,True,518,0.9217100143432617,True,518,0.8140689730644226,True,518,0.8515801429748535,True,518,0.8244645595550537,True,c12_correct
519,520,520_6.bmp,preprocessed_results\520\520_6.bmp,519,519,519,0.915557324886322,55,0.003064956748858094,0.9124923681374639,519|55|416|461|381,0.91555732|0.00306496|0.00292483|0.00243102|0.00212750,1,0.915557324886322,True,519,0.915557324886322,True,519,0.8117327690124512,True,519,0.8426928520202637,True,519,0.7862889170646667,True,c12_correct
520,521,521_5.bmp,preprocessed_results\521\521_5.bmp,520,520,520,0.8774117231369019,521,0.016502102836966515,0.8609096202999353,520|521|544|238|413,0.87741172|0.01650210|0.00291308|0.00269533|0.00230871,1,0.8774117231369019,True,520,0.8774117231369019,True,520,0.8655318021774292,True,520,0.8458176255226135,True,520,0.8818084001541138,True,c12_correct
521,522,522_8.bmp,preprocessed_results\522\522_8.bmp,521,521,521,0.8973302841186523,520,0.018526235595345497,0.8788040485233068,521|520|444|436|135,0.89733028|0.01852624|0.00278288|0.00219745|0.00173094,1,0.8973302841186523,True,521,0.8973302841186523,True,521,0.8288049101829529,True,521,0.814247190952301,True,521,0.8515796661376953,True,c12_correct
522,523,523_9.bmp,preprocessed_results\523\523_9.bmp,522,522,522,0.9082040190696716,523,0.005179998930543661,0.903024020139128,522|523|401|16|407,0.90820402|0.00518000|0.00406878|0.00401623|0.00378134,1,0.9082040190696716,True,522,0.9082040190696716,True,522,0.8966403007507324,True,522,0.8360264897346497,True,522,0.8502647876739502,True,c12_correct
523,524,524_5.bmp,preprocessed_results\524\524_5.bmp,523,523,523,0.8671459555625916,522,0.020443683490157127,0.8467022720724344,523|522|443|365|118,0.86714596|0.02044368|0.00408269|0.00278527|0.00252152,1,0.8671459555625916,True,523,0.8671459555625916,True,523,0.8649977445602417,True,523,0.8427602648735046,True,523,0.8132157921791077,True,c12_correct
524,525,525_6.bmp,preprocessed_results\525\525_6.bmp,524,524,524,0.9218944311141968,420,0.0015439731068909168,0.9203504580073059,524|420|287|240|693,0.92189443|0.00154397|0.00129965|0.00127993|0.00112950,1,0.9218944311141968,True,524,0.9218944311141968,True,524,0.8779066801071167,True,524,0.8492957353591919,True,524,0.8300513625144958,True,c12_correct
525,526,526_7.bmp,preprocessed_results\526\526_7.bmp,525,525,525,0.9207956790924072,524,0.0026773179415613413,0.9181183611508459,525|524|426|527|199,0.92079568|0.00267732|0.00219450|0.00181521|0.00123708,1,0.9207956790924072,True,525,0.9207956790924072,True,525,0.8663102984428406,True,525,0.8488562703132629,True,525,0.8479049205780029,True,c12_correct
526,527,527_3.bmp,preprocessed_results\527\527_3.bmp,526,526,526,0.8792625665664673,527,0.004595414735376835,0.8746671518310905,526|527|514|412|477,0.87926257|0.00459541|0.00320198|0.00210153|0.00205407,1,0.8792625665664673,True,526,0.8792625665664673,True,526,0.78758704662323,True,526,0.8476907014846802,True,526,0.8150076270103455,True,c12_correct
527,528,528_8.bmp,preprocessed_results\528\528_8.bmp,527,527,527,0.8970722556114197,526,0.005983339622616768,0.8910889159888029,527|526|493|273|489,0.89707226|0.00598334|0.00219774|0.00213921|0.00187933,1,0.8970722556114197,True,527,0.8970722556114197,True,527,0.8568797707557678,True,527,0.8370013236999512,True,527,0.8195081353187561,True,c12_correct
528,529,529_10.bmp,preprocessed_results\529\529_10.bmp,528,528,528,0.7945593595504761,506,0.010642400942742825,0.7839169586077332,528|506|544|398|481,0.79455936|0.01064240|0.00566027|0.00558490|0.00430615,1,0.7945593595504761,True,528,0.7945593595504761,True,528,0.7740767002105713,True,528,0.8174744248390198,True,528,0.6879824995994568,True,c12_correct
529,530,530_5.bmp,preprocessed_results\530\530_5.bmp,529,529,529,0.8988137245178223,507,0.010817461647093296,0.887996262870729,529|507|388|528|267,0.89881372|0.01081746|0.00389941|0.00350117|0.00289501,1,0.8988137245178223,True,529,0.8988137245178223,True,529,0.8812710046768188,True,529,0.839743435382843,True,529,0.8540804982185364,True,c12_correct
530,531,531_7.bmp,preprocessed_results\531\531_7.bmp,530,530,530,0.8136801719665527,531,0.013732770457863808,0.7999474015086889,530|531|407|558|152,0.81368017|0.01373277|0.00845476|0.00700018|0.00625896,1,0.8136801719665527,True,530,0.8136801719665527,True,530,0.7831916213035583,True,530,0.8326126337051392,True,530,0.8483911752700806,True,c12_correct
531,532,532_8.bmp,preprocessed_results\532\532_8.bmp,531,531,531,0.921315610408783,530,0.014728500507771969,0.906587109901011,531|530|439|219|505,0.92131561|0.01472850|0.00186452|0.00163917|0.00141071,1,0.921315610408783,True,531,0.921315610408783,True,531,0.6934899091720581,True,531,0.84482741355896,True,531,0.7451040148735046,True,c12_correct
532,533,533_3.bmp,preprocessed_results\533\533_3.bmp,532,532,532,0.8638956546783447,479,0.01011474896222353,0.8537809057161212,532|479|436|552|538,0.86389565|0.01011475|0.00743088|0.00355764|0.00306386,1,0.8638956546783447,True,532,0.8638956546783447,True,532,0.9072022438049316,True,532,0.7976082563400269,True,532,0.8073616027832031,True,c12_correct
533,534,534_9.bmp,preprocessed_results\534\534_9.bmp,533,533,533,0.9244463443756104,273,0.0040277522057294846,0.9204185921698809,533|273|489|547|376,0.92444634|0.00402775|0.00308640|0.00264480|0.00241399,1,0.9244463443756104,True,533,0.9244463443756104,True,533,0.9275917410850525,True,533,0.8342698812484741,True,533,0.8599106669425964,True,c12_correct
534,535,535_2.bmp,preprocessed_results\535\535_2.bmp,534,534,534,0.5890496373176575,148,0.013017624616622925,0.5760320127010345,534|148|332|180|181,0.58904964|0.01301762|0.00958032|0.00790335|0.00740889,1,0.5890496373176575,True,534,0.5890496373176575,True,534,0.3317716717720032,True,534,0.7262925505638123,True,534,0.29744553565979004,True,c12_correct
535,536,536_8.bmp,preprocessed_results\536\536_8.bmp,535,535,535,0.8964808583259583,27,0.002565957373008132,0.8939149009529501,535|27|555|479|448,0.89648086|0.00256596|0.00228469|0.00217580|0.00216547,1,0.8964808583259583,True,535,0.8964808583259583,True,535,0.8084248304367065,True,535,0.8425214886665344,True,535,0.7911618947982788,True,c12_correct
536,537,537_9.bmp,preprocessed_results\537\537_9.bmp,536,536,536,0.9012337327003479,374,0.003157762112095952,0.898075970588252,536|374|395|375|347,0.90123373|0.00315776|0.00212564|0.00190944|0.00181908,1,0.9012337327003479,True,536,0.9012337327003479,True,536,0.7912564277648926,True,536,0.8333178758621216,True,536,0.8338385820388794,True,c12_correct
537,538,538_9.bmp,preprocessed_results\538\538_9.bmp,537,537,537,0.9520490765571594,355,0.0034044228959828615,0.9486446536611766,537|355|536|354|145,0.95204908|0.00340442|0.00245373|0.00240838|0.00148564,1,0.9520490765571594,True,537,0.9520490765571594,True,537,0.8843194246292114,True,537,0.8462104201316833,True,537,0.8593040704727173,True,c12_correct
538,539,539_3.bmp,preprocessed_results\539\539_3.bmp,538,538,538,0.8376811146736145,479,0.01925349049270153,0.818427624180913,538|479|362|455|469,0.83768111|0.01925349|0.00522869|0.00489957|0.00446641,1,0.8376811146736145,True,538,0.8376811146736145,True,538,0.5942493677139282,True,538,0.8424755930900574,True,538,0.6969955563545227,True,c12_correct
539,540,540_2.bmp,preprocessed_results\540\540_2.bmp,539,539,539,0.7997127175331116,533,0.00610783277079463,0.7936048847623169,539|533|537|504|81,0.79971272|0.00610783|0.00549432|0.00523617|0.00431168,1,0.7997127175331116,True,539,0.7997127175331116,True,539,0.7741122245788574,True,539,0.8419188857078552,True,539,0.8500657081604004,True,c12_correct
540,541,541_10.bmp,preprocessed_results\541\541_10.bmp,540,540,540,0.9312040209770203,541,0.0042428551241755486,0.9269611658528447,540|541|558|283|532,0.93120402|0.00424286|0.00366414|0.00274913|0.00267032,1,0.9312040209770203,True,540,0.9312040209770203,True,540,0.9362656474113464,True,540,0.8091968297958374,True,540,0.8896350264549255,True,c12_correct
541,542,542_5.bmp,preprocessed_results\542\542_5.bmp,541,541,541,0.8349745869636536,540,0.011479482986032963,0.8234951039776206,541|540|598|20|225,0.83497459|0.01147948|0.00490773|0.00457503|0.00445824,1,0.8349745869636536,True,541,0.8349745869636536,True,541,0.8399538397789001,True,541,0.8411489129066467,True,541,0.8643888235092163,True,c12_correct
542,543,543_6.bmp,preprocessed_results\543\543_6.bmp,542,542,542,0.8993571400642395,543,0.009212705306708813,0.8901444347575307,542|543|471|138|243,0.89935714|0.00921271|0.00353181|0.00264742|0.00244234,1,0.8993571400642395,True,542,0.8993571400642395,True,542,0.8808819651603699,True,542,0.8367440700531006,True,542,0.8033409118652344,True,c12_correct
543,544,544_4.bmp,preprocessed_results\544\544_4.bmp,543,543,543,0.6064029335975647,542,0.07963835448026657,0.5267645791172981,543|542|512|536|180,0.60640293|0.07963835|0.04053344|0.00984457|0.00788800,1,0.6064029335975647,True,543,0.6064029335975647,True,543,0.16607996821403503,True,543,0.42461761832237244,True,543,0.5148686766624451,True,c12_correct
544,545,545_6.bmp,preprocessed_results\545\545_6.bmp,544,544,544,0.8954295516014099,12,0.007410787511616945,0.888018764089793,544|12|421|180|543,0.89542955|0.00741079|0.00421521|0.00398052|0.00268522,1,0.8954295516014099,True,544,0.8954295516014099,True,544,0.8962070345878601,True,544,0.8263787627220154,True,544,0.8093364238739014,True,c12_correct
545,546,546_4.bmp,preprocessed_results\546\546_4.bmp,545,545,545,0.876658022403717,344,0.008285142481327057,0.86837287992239,545|344|322|96|313,0.87665802|0.00828514|0.00483656|0.00479133|0.00310013,1,0.876658022403717,True,545,0.876658022403717,True,545,0.8967752456665039,True,545,0.8560627102851868,True,545,0.84101802110672,True,c12_correct
546,547,547_3.bmp,preprocessed_results\547\547_3.bmp,546,546,546,0.6935242414474487,518,0.015548505820333958,0.6779757356271148,546|518|547|705|464,0.69352424|0.01554851|0.01071151|0.00763912|0.00527984,1,0.6935242414474487,True,546,0.6935242414474487,True,546,0.7849562764167786,True,546,0.8555740118026733,True,546,0.6904088258743286,True,c12_correct
547,548,548_9.bmp,preprocessed_results\548\548_9.bmp,547,547,547,0.8700833916664124,546,0.006460202857851982,0.8636231888085604,547|546|409|518|495,0.87008339|0.00646020|0.00539275|0.00468012|0.00393146,1,0.8700833916664124,True,547,0.8700833916664124,True,547,0.6334936022758484,True,547,0.8497468829154968,True,547,0.7485069036483765,True,c12_correct
548,549,549_10.bmp,preprocessed_results\549\549_10.bmp,548,548,548,0.9269293546676636,549,0.005657265894114971,0.9212720887735486,548|549|294|437|801,0.92692935|0.00565727|0.00208223|0.00194951|0.00190693,1,0.9269293546676636,True,548,0.9269293546676636,True,548,0.874372124671936,True,548,0.8416139483451843,True,548,0.8429470062255859,True,c12_correct
549,550,550_1.bmp,preprocessed_results\550\550_1.bmp,549,549,549,0.47230759263038635,548,0.08630706369876862,0.38600052893161774,549|548|134|451|294,0.47230759|0.08630706|0.02505791|0.01344974|0.01195821,1,0.47230759263038635,True,549,0.47230759263038635,True,549,0.5067136287689209,True,549,0.7926397323608398,True,549,0.6053488850593567,True,c12_correct
550,551,551_3.bmp,preprocessed_results\551\551_3.bmp,550,550,550,0.9381176829338074,483,0.003797157434746623,0.9343205254990608,550|483|358|357|540,0.93811768|0.00379716|0.00346249|0.00282248|0.00273063,1,0.9381176829338074,True,550,0.9381176829338074,True,550,0.7952713370323181,True,550,0.8383545875549316,True,550,0.7009209990501404,True,c12_correct
551,552,552_9.bmp,preprocessed_results\552\552_9.bmp,551,551,551,0.8945080637931824,550,0.006100695114582777,0.8884073686785996,551|550|432|362|358,0.89450806|0.00610070|0.00242974|0.00188629|0.00154357,1,0.8945080637931824,True,551,0.8945080637931824,True,551,0.8618177175521851,True,551,0.8283205628395081,True,551,0.8357982635498047,True,c12_correct
552,553,553_3.bmp,preprocessed_results\553\553_3.bmp,552,552,552,0.9068519473075867,86,0.009369010105729103,0.8974829372018576,552|86|152|282|117,0.90685195|0.00936901|0.00369190|0.00291936|0.00229571,1,0.9068519473075867,True,552,0.9068519473075867,True,552,0.8545439839363098,True,552,0.8149360418319702,True,552,0.7994791269302368,True,c12_correct
553,554,554_2.bmp,preprocessed_results\554\554_2.bmp,553,553,553,0.8470132350921631,513,0.0048722256906330585,0.84214100940153,553|513|563|552|644,0.84701324|0.00487223|0.00380347|0.00344377|0.00269325,1,0.8470132350921631,True,553,0.8470132350921631,True,553,0.8480286002159119,True,553,0.8277097344398499,True,553,0.7632375359535217,True,c12_correct
554,555,555_8.bmp,preprocessed_results\555\555_8.bmp,554,554,554,0.9113850593566895,555,0.007196325808763504,0.904188733547926,554|555|751|505|347,0.91138506|0.00719633|0.00390902|0.00271983|0.00269153,1,0.9113850593566895,True,554,0.9113850593566895,True,554,0.8374891877174377,True,554,0.8094587326049805,True,554,0.798941969871521,True,c12_correct
555,556,556_3.bmp,preprocessed_results\556\556_3.bmp,555,555,555,0.9091932773590088,504,0.012441915459930897,0.8967513618990779,555|504|554|455|505,0.90919328|0.01244192|0.00883151|0.00237303|0.00234657,1,0.9091932773590088,True,555,0.9091932773590088,True,555,0.9200707674026489,True,555,0.842933177947998,True,555,0.8176687359809875,True,c12_correct
556,557,557_8.bmp,preprocessed_results\557\557_8.bmp,556,556,556,0.9091324806213379,557,0.004156833048909903,0.904975647572428,556|557|359|478|309,0.90913248|0.00415683|0.00297667|0.00176130|0.00164679,1,0.9091324806213379,True,556,0.9091324806213379,True,556,0.8734621405601501,True,556,0.8128315806388855,True,556,0.8671649098396301,True,c12_correct
557,558,558_8.bmp,preprocessed_results\558\558_8.bmp,557,557,557,0.9204800128936768,559,0.005181414540857077,0.9152985983528197,557|559|556|475|474,0.92048001|0.00518141|0.00488421|0.00437106|0.00296830,1,0.9204800128936768,True,557,0.9204800128936768,True,557,0.8359882831573486,True,557,0.8468859195709229,True,557,0.8355513215065002,True,c12_correct
558,559,559_7.bmp,preprocessed_results\559\559_7.bmp,558,558,558,0.9075117111206055,530,0.0065607777796685696,0.9009509333409369,558|530|514|226|227,0.90751171|0.00656078|0.00427457|0.00280553|0.00271083,1,0.9075117111206055,True,558,0.9075117111206055,True,558,0.8294911980628967,True,558,0.8262139558792114,True,558,0.8168430924415588,True,c12_correct
559,560,560_3.bmp,preprocessed_results\560\560_3.bmp,559,559,559,0.8864607214927673,475,0.014334890991449356,0.872125830501318,559|475|557|479|376,0.88646072|0.01433489|0.00731131|0.00508447|0.00275154,1,0.8864607214927673,True,559,0.8864607214927673,True,559,0.8080613613128662,True,559,0.8404749035835266,True,559,0.7618443369865417,True,c12_correct
560,561,561_3.bmp,preprocessed_results\561\561_3.bmp,560,560,560,0.8984326124191284,673,0.0027418616227805614,0.8956907507963479,560|673|561|333|479,0.89843261|0.00274186|0.00248783|0.00228983|0.00222848,1,0.8984326124191284,True,560,0.8984326124191284,True,560,0.844511866569519,True,560,0.8274595737457275,True,560,0.8677397966384888,True,c12_correct
561,562,562_7.bmp,preprocessed_results\562\562_7.bmp,561,561,561,0.8559927940368652,554,0.005318688694387674,0.8506741053424776,561|554|475|247|560,0.85599279|0.00531869|0.00507317|0.00495633|0.00472677,1,0.8559927940368652,True,561,0.8559927940368652,True,561,0.8221206665039062,True,561,0.8221179842948914,True,561,0.8431116938591003,True,c12_correct
562,563,563_7.bmp,preprocessed_results\563\563_7.bmp,562,562,562,0.9341145157814026,563,0.007994424551725388,0.9261200912296772,562|563|536|561|229,0.93411452|0.00799442|0.00226326|0.00131009|0.00116825,1,0.9341145157814026,True,562,0.9341145157814026,True,562,0.8896483182907104,True,562,0.8021352887153625,True,562,0.8164016604423523,True,c12_correct
563,564,564_3.bmp,preprocessed_results\564\564_3.bmp,563,563,563,0.8449621796607971,562,0.008121342398226261,0.8368408372625709,563|562|513|358|557,0.84496218|0.00812134|0.00665426|0.00637384|0.00487192,1,0.8449621796607971,True,563,0.8449621796607971,True,563,0.8333712816238403,True,563,0.8184922337532043,True,563,0.8542077541351318,True,c12_correct
564,565,565_9.bmp,preprocessed_results\565\565_9.bmp,564,564,564,0.939723789691925,565,0.00846425537019968,0.9312595343217254,564|565|666|684|247,0.93972379|0.00846426|0.00155782|0.00134858|0.00133182,1,0.939723789691925,True,564,0.939723789691925,True,564,0.7058294415473938,True,564,0.8118752837181091,True,564,0.8225021362304688,True,c12_correct
565,566,566_7.bmp,preprocessed_results\566\566_7.bmp,565,565,565,0.9091814160346985,273,0.0025062791537493467,0.9066751368809491,565|273|564|42|116,0.90918142|0.00250628|0.00249550|0.00219912|0.00177897,1,0.9091814160346985,True,565,0.9091814160346985,True,565,0.82013338804245,True,565,0.8045112490653992,True,565,0.7207930684089661,True,c12_correct
566,567,567_7.bmp,preprocessed_results\567\567_7.bmp,566,566,566,0.8359333872795105,624,0.008388826623558998,0.8275445606559515,566|624|662|249|118,0.83593339|0.00838883|0.00340167|0.00334858|0.00324810,1,0.8359333872795105,True,566,0.8359333872795105,True,566,0.7641646265983582,True,566,0.810370147228241,True,566,0.7816810011863708,True,c12_correct
567,568,568_8.bmp,preprocessed_results\568\568_8.bmp,567,567,567,0.8340345621109009,141,0.009648539125919342,0.8243860229849815,567|141|566|299|434,0.83403456|0.00964854|0.00570758|0.00510136|0.00429567,1,0.8340345621109009,True,567,0.8340345621109009,True,567,0.891059160232544,True,567,0.8459230065345764,True,567,0.8694577813148499,True,c12_correct
568,569,569_5.bmp,preprocessed_results\569\569_5.bmp,568,568,568,0.799305260181427,187,0.015156503766775131,0.7841487564146519,568|187|186|828|624,0.79930526|0.01515650|0.01355800|0.00565545|0.00562923,1,0.799305260181427,True,568,0.799305260181427,True,568,0.3284417688846588,True,568,0.8109583258628845,True,568,0.6579229235649109,True,c12_correct
569,570,570_9.bmp,preprocessed_results\570\570_9.bmp,569,569,569,0.8872327208518982,284,0.0032523288391530514,0.8839803920127451,569|284|564|38|605,0.88723272|0.00325233|0.00285303|0.00271937|0.00260756,1,0.8872327208518982,True,569,0.8872327208518982,True,569,0.8762131333351135,True,569,0.8326850533485413,True,569,0.8026889562606812,True,c12_correct
570,571,571_5.bmp,preprocessed_results\571\571_5.bmp,570,570,570,0.8433936834335327,824,0.012705246917903423,0.8306884365156293,570|824|658|682|571,0.84339368|0.01270525|0.00837919|0.00661194|0.00647852,1,0.8433936834335327,True,570,0.8433936834335327,True,570,0.8145580291748047,True,570,0.8402755856513977,True,570,0.829820990562439,True,c12_correct
571,572,572_10.bmp,preprocessed_results\572\572_10.bmp,571,571,571,0.8049583435058594,824,0.013371565379202366,0.791586778126657,571|824|759|570|683,0.80495834|0.01337157|0.00828841|0.00629024|0.00352650,1,0.8049583435058594,True,571,0.8049583435058594,True,571,0.7043437361717224,True,571,0.8432472944259644,True,571,0.6774974465370178,True,c12_correct
572,573,573_7.bmp,preprocessed_results\573\573_7.bmp,572,572,572,0.9420443177223206,573,0.0024490701034665108,0.939595247618854,572|573|780|279|596,0.94204432|0.00244907|0.00144086|0.00141571|0.00135110,1,0.9420443177223206,True,572,0.9420443177223206,True,572,0.9032832384109497,True,572,0.8480008840560913,True,572,0.8271405696868896,True,c12_correct
573,574,574_4.bmp,preprocessed_results\574\574_4.bmp,573,573,573,0.9199031591415405,181,0.002003368455916643,0.9178997906856239,573|181|613|761|679,0.91990316|0.00200337|0.00191228|0.00169745|0.00144283,1,0.9199031591415405,True,573,0.9199031591415405,True,573,0.8737680912017822,True,573,0.8598915338516235,True,573,0.8191491961479187,True,c12_correct
574,575,575_7.bmp,preprocessed_results\575\575_7.bmp,574,574,574,0.6981456279754639,705,0.010127798654139042,0.6880178293213248,574|705|804|600|704,0.69814563|0.01012780|0.00636843|0.00604487|0.00596647,1,0.6981456279754639,True,574,0.6981456279754639,True,574,0.6000933647155762,True,574,0.8483745455741882,True,574,0.6838150024414062,True,c12_correct
575,576,576_5.bmp,preprocessed_results\576\576_5.bmp,575,575,575,0.7539590001106262,798,0.015344038605690002,0.7386149615049362,575|798|147|622|603,0.75395900|0.01534404|0.00758039|0.00654129|0.00572645,1,0.7539590001106262,True,575,0.7539590001106262,True,575,0.4106456935405731,True,575,0.7709347009658813,True,575,0.3296733498573303,True,c12_correct
576,577,577_4.bmp,preprocessed_results\577\577_4.bmp,576,576,576,0.7166014313697815,577,0.08631560206413269,0.6302858293056488,576|577|273|676|684,0.71660143|0.08631560|0.04826926|0.00996228|0.00496292,1,0.7166014313697815,True,576,0.7166014313697815,True,576,0.7005963325500488,True,576,0.8066973090171814,True,576,0.652164876461029,True,c12_correct
577,578,578_9.bmp,preprocessed_results\578\578_9.bmp,577,577,577,0.719382107257843,649,0.05536380782723427,0.6640182994306087,577|649|635|576|743,0.71938211|0.05536381|0.03234586|0.01213443|0.01135903,1,0.719382107257843,True,577,0.719382107257843,True,577,0.486961305141449,True,577,0.8196503520011902,True,577,0.7975424528121948,True,c12_correct
578,579,579_10.bmp,preprocessed_results\579\579_10.bmp,578,578,578,0.9460253119468689,579,0.004111147485673428,0.9419141644611955,578|579|624|272|564,0.94602531|0.00411115|0.00218245|0.00204793|0.00193735,1,0.9460253119468689,True,578,0.9460253119468689,True,578,0.8128853440284729,True,578,0.8431575894355774,True,578,0.8384861350059509,True,c12_correct
579,580,580_4.bmp,preprocessed_results\580\580_4.bmp,579,579,579,0.8246288895606995,225,0.007551654241979122,0.8170772353187203,579|225|793|578|341,0.82462889|0.00755165|0.00505306|0.00385393|0.00286975,1,0.8246288895606995,True,579,0.8246288895606995,True,579,0.6658768057823181,True,579,0.7939478754997253,True,579,0.7486945986747742,True,c12_correct
580,581,581_2.bmp,preprocessed_results\581\581_2.bmp,580,580,580,0.8863133788108826,730,0.006538870744407177,0.8797745080664754,580|730|581|670|237,0.88631338|0.00653887|0.00605683|0.00277348|0.00232947,1,0.8863133788108826,True,580,0.8863133788108826,True,580,0.9284958243370056,True,580,0.8277145624160767,True,580,0.8693168759346008,True,c12_correct
581,582,582_6.bmp,preprocessed_results\582\582_6.bmp,581,581,581,0.8385465145111084,580,0.009539252147078514,0.8290072623640299,581|580|670|730|829,0.83854651|0.00953925|0.00916239|0.00417605|0.00334642,1,0.8385465145111084,True,581,0.8385465145111084,True,581,0.8728988766670227,True,581,0.8266555070877075,True,581,0.8007642030715942,True,c12_correct
582,583,583_8.bmp,preprocessed_results\583\583_8.bmp,582,582,582,0.894996702671051,729,0.006262955721467733,0.8887337469495833,582|729|583|661|740,0.89499670|0.00626296|0.00577561|0.00533034|0.00430901,1,0.894996702671051,True,582,0.894996702671051,True,582,0.7595785856246948,True,582,0.8471682071685791,True,582,0.6714209318161011,True,c12_correct
583,584,584_4.bmp,preprocessed_results\584\584_4.bmp,583,583,583,0.7287763357162476,582,0.041480835527181625,0.6872955001890659,583|582|225|186|803,0.72877634|0.04148084|0.01643867|0.00523880|0.00521079,1,0.7287763357162476,True,583,0.7287763357162476,True,583,0.6009465456008911,True,583,0.8454543352127075,True,583,0.7781446576118469,True,c12_correct
584,585,585_1.bmp,preprocessed_results\585\585_1.bmp,584,584,584,0.8705583810806274,832,0.005700625944882631,0.8648577551357448,584|832|606|31|181,0.87055838|0.00570063|0.00463968|0.00324196|0.00298291,1,0.8705583810806274,True,584,0.8705583810806274,True,584,0.7324533462524414,True,584,0.8085829019546509,True,584,0.7725411653518677,True,c12_correct
585,586,586_8.bmp,preprocessed_results\586\586_8.bmp,585,585,585,0.9155864715576172,730,0.0034667132422327995,0.9121197583153844,585|730|584|592|787,0.91558647|0.00346671|0.00260464|0.00159731|0.00120499,1,0.9155864715576172,True,585,0.9155864715576172,True,585,0.8758999705314636,True,585,0.8405324220657349,True,585,0.853384792804718,True,c12_correct
586,587,587_8.bmp,preprocessed_results\587\587_8.bmp,586,586,586,0.8835893273353577,710,0.003584368387237191,0.8800049589481205,586|710|595|645|625,0.88358933|0.00358437|0.00341629|0.00320217|0.00294806,1,0.8835893273353577,True,586,0.8835893273353577,True,586,0.7731673717498779,True,586,0.834930419921875,True,586,0.8065755367279053,True,c12_correct
587,588,588_4.bmp,preprocessed_results\588\588_4.bmp,587,587,587,0.9144925475120544,744,0.0043005854822695255,0.9101919620297849,587|744|775|720|655,0.91449255|0.00430059|0.00240364|0.00222314|0.00187093,1,0.9144925475120544,True,587,0.9144925475120544,True,587,0.8325669169425964,True,587,0.8259183168411255,True,587,0.8950766324996948,True,c12_correct
588,589,589_5.bmp,preprocessed_results\589\589_5.bmp,588,588,588,0.9221449494361877,729,0.002225372241809964,0.9199195771943778,588|729|829|788|279,0.92214495|0.00222537|0.00170443|0.00157288|0.00140054,1,0.9221449494361877,True,588,0.9221449494361877,True,588,0.838396430015564,True,588,0.8360456824302673,True,588,0.7844556570053101,True,c12_correct
589,590,590_6.bmp,preprocessed_results\590\590_6.bmp,589,589,589,0.9296574592590332,653,0.00505323801189661,0.9246042212471366,589|653|588|739|216,0.92965746|0.00505324|0.00422429|0.00331874|0.00251758,1,0.9296574592590332,True,589,0.9296574592590332,True,589,0.8990544080734253,True,589,0.8296301960945129,True,589,0.8656368255615234,True,c12_correct
590,591,591_8.bmp,preprocessed_results\591\591_8.bmp,590,590,590,0.7141401767730713,644,0.009995666332542896,0.7041445104405284,590|644|672|591|645,0.71414018|0.00999567|0.00770466|0.00646174|0.00546506,1,0.7141401767730713,True,590,0.7141401767730713,True,590,0.8320532441139221,True,590,0.8213177919387817,True,590,0.8012827038764954,True,c12_correct
591,592,592_10.bmp,preprocessed_results\592\592_10.bmp,591,591,591,0.8277426362037659,590,0.011852998286485672,0.8158896379172802,591|590|678|564|606,0.82774264|0.01185300|0.00539907|0.00401037|0.00278832,1,0.8277426362037659,True,591,0.8277426362037659,True,591,0.8048316240310669,True,591,0.8026928901672363,True,591,0.7980667948722839,True,c12_correct
592,593,593_6.bmp,preprocessed_results\593\593_6.bmp,592,592,592,0.6260625123977661,823,0.02725307270884514,0.598809439688921,592|823|714|712|805,0.62606251|0.02725307|0.00948222|0.00940041|0.00639604,1,0.6260625123977661,True,592,0.6260625123977661,True,592,0.6329646110534668,True,592,0.8152289390563965,True,592,0.5561684370040894,True,c12_correct
593,594,594_9.bmp,preprocessed_results\594\594_9.bmp,593,593,593,0.8561476469039917,592,0.00347361178137362,0.8526740351226181,593|592|674|747|600,0.85614765|0.00347361|0.00283652|0.00247293|0.00241077,1,0.8561476469039917,True,593,0.8561476469039917,True,593,0.8596174716949463,True,593,0.8215174078941345,True,593,0.8312087655067444,True,c12_correct
594,595,595_2.bmp,preprocessed_results\595\595_2.bmp,594,594,594,0.06779216229915619,768,0.04444439336657524,0.023347768932580948,594|768|623|735|65,0.06779216|0.04444439|0.03031920|0.02136611|0.02050301,1,0.06779216229915619,True,594,0.06779216229915619,True,594,0.1351948380470276,True,594,0.5024271607398987,True,594,0.041368599981069565,True,c12_correct
595,596,596_1.bmp,preprocessed_results\596\596_1.bmp,595,595,595,0.9716967940330505,738,0.0015201227506622672,0.9701766712823883,595|738|594|762|610,0.97169679|0.00152012|0.00120617|0.00111037|0.00082161,1,0.9716967940330505,True,595,0.9716967940330505,True,595,0.8340688943862915,True,595,0.811821460723877,True,595,0.7921245098114014,True,c12_correct
596,597,597_4.bmp,preprocessed_results\597\597_4.bmp,596,596,596,0.8468710780143738,612,0.0242738276720047,0.8225972503423691,596|612|799|780|613,0.84687108|0.02427383|0.01923526|0.00273381|0.00267449,1,0.8468710780143738,True,596,0.8468710780143738,True,596,0.8494617342948914,True,596,0.8299543261528015,True,596,0.8173383474349976,True,c12_correct
597,598,598_1.bmp,preprocessed_results\598\598_1.bmp,597,597,597,0.770451545715332,588,0.009776555001735687,0.7606749907135963,597|588|585|829|612,0.77045155|0.00977656|0.00836538|0.00808639|0.00566446,1,0.770451545715332,True,597,0.770451545715332,True,597,0.8094093799591064,True,597,0.8379803895950317,True,597,0.6959353089332581,True,c12_correct
598,599,599_6.bmp,preprocessed_results\599\599_6.bmp,598,598,598,0.7989803552627563,599,0.0469922311604023,0.751988124102354,598|599|504|505|531,0.79898036|0.04699223|0.00566872|0.00528232|0.00374211,1,0.7989803552627563,True,598,0.7989803552627563,True,598,0.7206870317459106,True,598,0.8373162150382996,True,598,0.6950010061264038,True,c12_correct
599,600,600_1.bmp,preprocessed_results\600\600_1.bmp,599,599,599,0.4901067316532135,598,0.084065280854702,0.4060414507985115,599|598|272|648|102,0.49010673|0.08406528|0.00743535|0.00732819|0.00614050,1,0.4901067316532135,True,599,0.4901067316532135,True,599,0.5601286888122559,True,599,0.8072377443313599,True,599,0.714825451374054,True,c12_correct
600,601,601_4.bmp,preprocessed_results\601\601_4.bmp,600,600,600,0.7872229814529419,653,0.03177816793322563,0.7554448135197163,600|653|803|682|680,0.78722298|0.03177817|0.01374980|0.00561255|0.00488002,1,0.7872229814529419,True,600,0.7872229814529419,True,600,0.702908456325531,True,600,0.8082936406135559,True,600,0.7221542596817017,True,c12_correct
601,602,602_4.bmp,preprocessed_results\602\602_4.bmp,601,601,601,0.9156296849250793,577,0.003508713562041521,0.9121209713630378,601|577|641|789|629,0.91562968|0.00350871|0.00347693|0.00325557|0.00206927,1,0.9156296849250793,True,601,0.9156296849250793,True,601,0.8022288084030151,True,601,0.8422353267669678,True,601,0.8066268563270569,True,c12_correct
602,603,603_5.bmp,preprocessed_results\603\603_5.bmp,602,602,602,0.7775241732597351,603,0.012916864827275276,0.7646073084324598,602|603|585|605|817,0.77752417|0.01291686|0.00520766|0.00359726|0.00287109,1,0.7775241732597351,True,602,0.7775241732597351,True,602,0.637692928314209,True,602,0.8323687314987183,True,602,0.6936464309692383,True,c12_correct
603,604,604_1.bmp,preprocessed_results\604\604_1.bmp,603,603,603,0.6843008399009705,170,0.0105172423645854,0.6737835975363851,603|170|674|632|730,0.68430084|0.01051724|0.00855638|0.00807643|0.00762786,1,0.6843008399009705,True,603,0.6843008399009705,True,603,0.8316977024078369,True,603,0.8260597586631775,True,603,0.7750232815742493,True,c12_correct
604,605,605_2.bmp,preprocessed_results\605\605_2.bmp,604,604,604,0.8894060254096985,605,0.01729823276400566,0.8721077926456928,604|605|644|333|356,0.88940603|0.01729823|0.00897946|0.00266197|0.00245901,1,0.8894060254096985,True,604,0.8894060254096985,True,604,0.898590087890625,True,604,0.8196991086006165,True,604,0.8681185841560364,True,c12_correct
605,606,606_2.bmp,preprocessed_results\606\606_2.bmp,605,605,605,0.45442458987236023,604,0.03380616381764412,0.4206184260547161,605|604|679|114|585,0.45442459|0.03380616|0.01828160|0.01238921|0.01151284,1,0.45442458987236023,True,605,0.45442458987236023,True,605,0.5807172656059265,True,605,0.840211033821106,True,605,0.7095798850059509,True,c12_correct
606,607,607_7.bmp,preprocessed_results\607\607_7.bmp,606,606,606,0.8919546604156494,832,0.008404827676713467,0.883549832738936,606|832|584|678|607,0.89195466|0.00840483|0.00547696|0.00244102|0.00243639,1,0.8919546604156494,True,606,0.8919546604156494,True,606,0.808849573135376,True,606,0.8225315809249878,True,606,0.7336457371711731,True,c12_correct
607,608,608_7.bmp,preprocessed_results\608\608_7.bmp,607,607,607,0.9125465750694275,606,0.009274369105696678,0.9032722059637308,607|606|832|584|612,0.91254658|0.00927437|0.00291298|0.00223495|0.00205530,1,0.9125465750694275,True,607,0.9125465750694275,True,607,0.8555631041526794,True,607,0.7839940786361694,True,607,0.8409034609794617,True,c12_correct
608,609,609_8.bmp,preprocessed_results\609\609_8.bmp,608,608,608,0.8082835674285889,609,0.06900149583816528,0.7392820715904236,608|609|756|737|802,0.80828357|0.06900150|0.00496519|0.00431640|0.00373242,1,0.8082835674285889,True,608,0.8082835674285889,True,608,0.9104138612747192,True,608,0.8216097354888916,True,608,0.8106690645217896,True,c12_correct
609,610,610_7.bmp,preprocessed_results\610\610_7.bmp,609,609,609,0.922846257686615,608,0.010266685858368874,0.9125795718282461,609|608|774|718|692,0.92284626|0.01026669|0.00296021|0.00294514|0.00228096,1,0.922846257686615,True,609,0.922846257686615,True,609,0.4277072548866272,True,609,0.827454686164856,True,609,0.8200046420097351,True,c12_correct
610,611,611_2.bmp,preprocessed_results\611\611_2.bmp,610,610,610,0.39677533507347107,788,0.013960691168904305,0.38281464390456676,610|788|690|659|805,0.39677534|0.01396069|0.01235628|0.01191157|0.01140638,1,0.39677533507347107,True,610,0.39677533507347107,True,610,0.3709578514099121,True,610,0.7673488855361938,True,610,0.4211404025554657,True,c12_correct
611,612,612_8.bmp,preprocessed_results\612\612_8.bmp,611,611,611,0.9196057915687561,610,0.0029464715626090765,0.916659320006147,611|610|127|437|788,0.91960579|0.00294647|0.00280872|0.00211472|0.00209189,1,0.9196057915687561,True,611,0.9196057915687561,True,611,0.8876060843467712,True,611,0.8179609179496765,True,611,0.8912956118583679,True,c12_correct
612,613,613_5.bmp,preprocessed_results\613\613_5.bmp,612,612,612,0.37009379267692566,656,0.0399760939180851,0.33011769875884056,612|656|606|596|595,0.37009379|0.03997609|0.02578772|0.02265077|0.02087520,1,0.37009379267692566,True,612,0.37009379267692566,True,612,0.30603092908859253,True,612,0.792716920375824,True,612,0.605542004108429,True,c12_correct
613,614,614_2.bmp,preprocessed_results\614\614_2.bmp,613,613,613,0.8672335743904114,607,0.012348368763923645,0.8548852056264877,613|607|730|612|709,0.86723357|0.01234837|0.00739207|0.00563625|0.00502136,1,0.8672335743904114,True,613,0.8672335743904114,True,613,0.7792367935180664,True,613,0.8169025182723999,True,613,0.7798118591308594,True,c12_correct
614,615,615_7.bmp,preprocessed_results\615\615_7.bmp,614,614,614,0.9007762670516968,623,0.02113477513194084,0.8796414919197559,614|623|615|731|730,0.90077627|0.02113478|0.01299503|0.00243107|0.00193042,1,0.9007762670516968,True,614,0.9007762670516968,True,614,0.28471139073371887,True,614,0.8083599805831909,True,614,0.46218010783195496,True,c12_correct
615,616,616_7.bmp,preprocessed_results\616\616_7.bmp,615,615,615,0.6365475058555603,614,0.09737375378608704,0.5391737520694733,615|614|745|731|623,0.63654751|0.09737375|0.00733868|0.00694051|0.00654300,1,0.6365475058555603,True,615,0.6365475058555603,True,615,0.818782389163971,True,615,0.8276355266571045,True,615,0.693838894367218,True,c12_correct
616,617,617_5.bmp,preprocessed_results\617\617_5.bmp,616,616,616,0.31826382875442505,617,0.022424547001719475,0.2958392817527056,616|617|813|821|685,0.31826383|0.02242455|0.01791842|0.01102185|0.01072095,1,0.31826382875442505,True,616,0.31826382875442505,True,616,0.4340938329696655,True,616,0.7842610478401184,True,616,0.5446008443832397,True,c12_correct
617,618,618_8.bmp,preprocessed_results\618\618_8.bmp,617,617,617,0.5937337279319763,616,0.033361710608005524,0.5603720173239708,617|616|758|249|612,0.59373373|0.03336171|0.01499952|0.01248723|0.01093171,1,0.5937337279319763,True,617,0.5937337279319763,True,617,0.6538663506507874,True,617,0.7917538285255432,True,617,0.6308088898658752,True,c12_correct
618,619,619_8.bmp,preprocessed_results\619\619_8.bmp,618,618,618,0.8094528913497925,637,0.024860497564077377,0.7845923937857151,618|637|750|756|655,0.80945289|0.02486050|0.00628695|0.00576102|0.00572523,1,0.8094528913497925,True,618,0.8094528913497925,True,618,0.8699744939804077,True,618,0.8300392031669617,True,618,0.811296284198761,True,c12_correct
619,620,620_9.bmp,preprocessed_results\620\620_9.bmp,619,619,619,0.8817406296730042,565,0.004692133516073227,0.8770484961569309,619|565|583|803|700,0.88174063|0.00469213|0.00398418|0.00226239|0.00179294,1,0.8817406296730042,True,619,0.8817406296730042,True,619,0.9164095520973206,True,619,0.8396556973457336,True,619,0.8786786794662476,True,c12_correct
620,621,621_8.bmp,preprocessed_results\621\621_8.bmp,620,620,620,0.932515561580658,737,0.006610280368477106,0.9259052812121809,620|737|660|757|830,0.93251556|0.00661028|0.00225110|0.00194219|0.00155456,1,0.932515561580658,True,620,0.932515561580658,True,620,0.6989827156066895,True,620,0.8205710053443909,True,620,0.8061519861221313,True,c12_correct
621,622,622_8.bmp,preprocessed_results\622\622_8.bmp,621,621,621,0.9171576499938965,825,0.004365792032331228,0.9127918579615653,621|825|755|790|757,0.91715765|0.00436579|0.00319805|0.00307079|0.00265826,1,0.9171576499938965,True,621,0.9171576499938965,True,621,0.8494077920913696,True,621,0.8268380165100098,True,621,0.8445371985435486,True,c12_correct
622,623,623_9.bmp,preprocessed_results\623\623_9.bmp,622,622,622,0.3518463969230652,181,0.04261571168899536,0.3092306852340698,622|181|354|174|804,0.35184640|0.04261571|0.02151548|0.01464387|0.00890320,1,0.3518463969230652,True,622,0.3518463969230652,True,622,0.023671835660934448,True,622,0.6581400036811829,True,622,0.10168912261724472,True,c12_correct
623,624,624_6.bmp,preprocessed_results\624\624_6.bmp,623,623,623,0.9211696982383728,731,0.006917082238942385,0.9142526159994304,623|731|614|615|575,0.92116970|0.00691708|0.00584061|0.00401650|0.00373494,1,0.9211696982383728,True,623,0.9211696982383728,True,623,0.27208808064460754,True,623,0.8195009827613831,True,623,0.7239165306091309,True,c12_correct
624,625,625_4.bmp,preprocessed_results\625\625_4.bmp,624,624,624,0.7514604330062866,828,0.03291332349181175,0.7185471095144749,624|828|625|672|578,0.75146043|0.03291332|0.01494625|0.00512812|0.00479158,1,0.7514604330062866,True,624,0.7514604330062866,True,624,0.6685619950294495,True,624,0.8169474005699158,True,624,0.6100174784660339,True,c12_correct
625,626,626_10.bmp,preprocessed_results\626\626_10.bmp,625,625,625,0.8258776068687439,829,0.014024856500327587,0.8118527503684163,625|829|711|777|656,0.82587761|0.01402486|0.00741974|0.00430274|0.00384904,1,0.8258776068687439,True,625,0.8258776068687439,True,625,0.6291863322257996,True,625,0.8303066492080688,True,625,0.7000053524971008,True,c12_correct
626,627,627_3.bmp,preprocessed_results\627\627_3.bmp,626,626,626,0.805482029914856,726,0.023503538221120834,0.7819784916937351,626|726|595|690|13,0.80548203|0.02350354|0.01082304|0.00500915|0.00478691,1,0.805482029914856,True,626,0.805482029914856,True,626,0.5901753902435303,True,626,0.8347569704055786,True,626,0.7940283417701721,True,c12_correct
627,628,628_5.bmp,preprocessed_results\628\628_5.bmp,627,627,627,0.829031229019165,626,0.011655711568892002,0.817375517450273,627|626|753|313|770,0.82903123|0.01165571|0.00651539|0.00452229|0.00413870,1,0.829031229019165,True,627,0.829031229019165,True,627,0.8968281745910645,True,627,0.8485985398292542,True,627,0.8010682463645935,True,c12_correct
628,629,629_1.bmp,preprocessed_results\629\629_1.bmp,628,628,628,0.8357453346252441,629,0.04490635171532631,0.7908389829099178,628|629|31|41|745,0.83574533|0.04490635|0.00555460|0.00384673|0.00373320,1,0.8357453346252441,True,628,0.8357453346252441,True,628,0.8888077735900879,True,628,0.8408412337303162,True,628,0.749374270439148,True,c12_correct
629,630,630_10.bmp,preprocessed_results\630\630_10.bmp,629,629,629,0.802568256855011,628,0.014755715616047382,0.7878125412389636,629|628|601|645|58,0.80256826|0.01475572|0.00337762|0.00269879|0.00254195,1,0.802568256855011,True,629,0.802568256855011,True,629,0.8557741641998291,True,629,0.825927197933197,True,629,0.7697530388832092,True,c12_correct
630,631,631_5.bmp,preprocessed_results\631\631_5.bmp,630,630,630,0.8903532028198242,633,0.003917951602488756,0.8864352512173355,630|633|631|689|636,0.89035320|0.00391795|0.00354050|0.00325588|0.00238301,1,0.8903532028198242,True,630,0.8903532028198242,True,630,0.7907403707504272,True,630,0.8087314963340759,True,630,0.6561229825019836,True,c12_correct
631,632,632_7.bmp,preprocessed_results\632\632_7.bmp,631,631,631,0.38214418292045593,630,0.11108749359846115,0.2710566893219948,631|630|681|721|512,0.38214418|0.11108749|0.06965800|0.03622440|0.01838251,1,0.38214418292045593,True,631,0.38214418292045593,True,631,0.28559058904647827,True,631,0.6269147396087646,True,631,0.30591651797294617,True,c12_correct
632,633,633_5.bmp,preprocessed_results\633\633_5.bmp,632,632,632,0.6605234742164612,340,0.015435216017067432,0.6450882581993937,632|340|205|694|501,0.66052347|0.01543522|0.01332357|0.00721873|0.00707343,1,0.6605234742164612,True,632,0.6605234742164612,True,632,0.7804486155509949,True,632,0.8148478269577026,True,632,0.7747930884361267,True,c12_correct
633,634,634_6.bmp,preprocessed_results\634\634_6.bmp,633,633,633,0.8968247175216675,769,0.003593542380258441,0.893231175141409,633|769|585|775|793,0.89682472|0.00359354|0.00287830|0.00203755|0.00184791,1,0.8968247175216675,True,633,0.8968247175216675,True,633,0.8500492572784424,True,633,0.8421072959899902,True,633,0.8671535849571228,True,c12_correct
634,635,635_7.bmp,preprocessed_results\635\635_7.bmp,634,634,634,0.9148929715156555,635,0.006093556061387062,0.9087994154542685,634|635|802|677|598,0.91489297|0.00609356|0.00560610|0.00297585|0.00288850,1,0.9148929715156555,True,634,0.9148929715156555,True,634,0.8750883340835571,True,634,0.8179458975791931,True,634,0.8784717321395874,True,c12_correct
635,636,636_4.bmp,preprocessed_results\636\636_4.bmp,635,635,635,0.7952460646629333,634,0.008127402514219284,0.7871186621487141,635|634|649|577|677,0.79524606|0.00812740|0.00756932|0.00652783|0.00444696,1,0.7952460646629333,True,635,0.7952460646629333,True,635,0.34251144528388977,True,635,0.7981862425804138,True,635,0.6458693742752075,True,c12_correct
636,637,637_6.bmp,preprocessed_results\637\637_6.bmp,636,636,636,0.24603570997714996,708,0.03635813668370247,0.2096775732934475,636|708|637|630|612,0.24603571|0.03635814|0.02047325|0.01427753|0.01403391,1,0.24603570997714996,True,636,0.24603570997714996,True,636,0.3811275064945221,True,636,0.7207691669464111,True,636,0.3900849223136902,True,c12_correct
637,638,638_5.bmp,preprocessed_results\638\638_5.bmp,637,637,637,0.8038033246994019,636,0.014957227744162083,0.7888460969552398,637|636|474|750|618,0.80380332|0.01495723|0.01215084|0.00565160|0.00543219,1,0.8038033246994019,True,637,0.8038033246994019,True,637,0.5954379439353943,True,637,0.8297706842422485,True,637,0.6080052852630615,True,c12_correct
638,639,639_2.bmp,preprocessed_results\639\639_2.bmp,638,638,638,0.8953338861465454,740,0.0062350924126803875,0.889098793733865,638|740|639|732|741,0.89533389|0.00623509|0.00465765|0.00259943|0.00208239,1,0.8953338861465454,True,638,0.8953338861465454,True,638,0.8092776536941528,True,638,0.8303149342536926,True,638,0.8251897096633911,True,c12_correct
639,640,640_5.bmp,preprocessed_results\640\640_5.bmp,639,639,639,0.8180285692214966,638,0.02837582863867283,0.7896527405828238,639|638|741|667|114,0.81802857|0.02837583|0.00437615|0.00347814|0.00316421,1,0.8180285692214966,True,639,0.8180285692214966,True,639,0.8479583859443665,True,639,0.831378698348999,True,639,0.7896431088447571,True,c12_correct
640,641,641_3.bmp,preprocessed_results\641\641_3.bmp,640,640,640,0.8328649997711182,804,0.016620470210909843,0.8162445295602083,640|804|666|648|144,0.83286500|0.01662047|0.00902444|0.00856103|0.00442212,1,0.8328649997711182,True,640,0.8328649997711182,True,640,0.48953163623809814,True,640,0.7389493584632874,True,640,0.615608811378479,True,c12_correct
641,642,642_6.bmp,preprocessed_results\642\642_6.bmp,641,641,641,0.696518063545227,814,0.019888220354914665,0.6766298431903124,641|814|805|577|630,0.69651806|0.01988822|0.01324238|0.00931071|0.00892518,1,0.696518063545227,True,641,0.696518063545227,True,641,0.5348408818244934,True,641,0.7617475986480713,True,641,0.6499571800231934,True,c12_correct
642,643,643_1.bmp,preprocessed_results\643\643_1.bmp,642,642,642,0.9164435267448425,643,0.0036319345235824585,0.9128115922212601,642|643|588|737|719,0.91644353|0.00363193|0.00214219|0.00132758|0.00128961,1,0.9164435267448425,True,642,0.9164435267448425,True,642,0.8334652185440063,True,642,0.8592438697814941,True,642,0.844412624835968,True,c12_correct
643,644,644_4.bmp,preprocessed_results\644\644_4.bmp,643,643,643,0.9084612727165222,654,0.003438334446400404,0.9050229382701218,643|654|686|667|698,0.90846127|0.00343833|0.00294777|0.00273086|0.00270519,1,0.9084612727165222,True,643,0.9084612727165222,True,643,0.757024884223938,True,643,0.8212904334068298,True,643,0.7109177708625793,True,c12_correct
644,645,645_2.bmp,preprocessed_results\645\645_2.bmp,644,644,644,0.8227673768997192,604,0.028927065432071686,0.7938403114676476,644|604|678|590|645,0.82276738|0.02892707|0.00578389|0.00445757|0.00436974,1,0.8227673768997192,True,644,0.8227673768997192,True,644,0.740349531173706,True,644,0.8282961249351501,True,644,0.7284954190254211,True,c12_correct
645,646,646_5.bmp,preprocessed_results\646\646_5.bmp,645,645,645,0.8959802389144897,644,0.01633473113179207,0.8796455077826977,645|644|680|827|637,0.89598024|0.01633473|0.01048906|0.00347113|0.00323694,1,0.8959802389144897,True,645,0.8959802389144897,True,645,0.7541916370391846,True,645,0.8337938189506531,True,645,0.8159314393997192,True,c12_correct
646,647,647_5.bmp,preprocessed_results\647\647_5.bmp,646,646,646,0.9184573292732239,139,0.004075951874256134,0.9143813773989677,646|139|708|268|111,0.91845733|0.00407595|0.00334682|0.00319168|0.00247315,1,0.9184573292732239,True,646,0.9184573292732239,True,646,0.8776431679725647,True,646,0.8447206020355225,True,646,0.831527054309845,True,c12_correct
647,648,648_8.bmp,preprocessed_results\648\648_8.bmp,647,647,647,0.9180988073348999,701,0.005077870562672615,0.9130209367722273,647|701|700|63|339,0.91809881|0.00507787|0.00390676|0.00230832|0.00228300,1,0.9180988073348999,True,647,0.9180988073348999,True,647,0.8684585690498352,True,647,0.8317281603813171,True,647,0.7524805068969727,True,c12_correct
648,649,649_8.bmp,preprocessed_results\649\649_8.bmp,648,648,635,0.16993409395217896,648,0.06429386138916016,0.1056402325630188,635|648|634|720|666,0.16993409|0.06429386|0.05538381|0.04718515|0.03675463,2,0.06429386138916016,True,635,0.16993409395217896,False,648,0.11128096282482147,True,648,0.7768216729164124,True,648,0.1880190223455429,True,teacher_all_correct;true_in_top5
649,650,650_7.bmp,preprocessed_results\650\650_7.bmp,649,649,649,0.6655277013778687,689,0.055822163820266724,0.6097055375576019,649|689|721|635|688,0.66552770|0.05582216|0.02882587|0.02820331|0.01901568,1,0.6655277013778687,True,649,0.6655277013778687,True,649,0.7068547010421753,True,649,0.8300508856773376,True,649,0.7391310334205627,True,c12_correct
650,651,651_8.bmp,preprocessed_results\651\651_8.bmp,650,650,650,0.8825884461402893,651,0.01146745402365923,0.8711209921166301,650|651|810|696|17,0.88258845|0.01146745|0.00934073|0.00427618|0.00313010,1,0.8825884461402893,True,650,0.8825884461402893,True,650,0.7359526753425598,True,650,0.8402119278907776,True,650,0.7608921527862549,True,c12_correct
651,652,652_8.bmp,preprocessed_results\652\652_8.bmp,651,651,651,0.8980259895324707,650,0.0100190918892622,0.8880068976432085,651|650|813|791|710,0.89802599|0.01001909|0.00290321|0.00215673|0.00215100,1,0.8980259895324707,True,651,0.8980259895324707,True,651,0.9092772006988525,True,651,0.8375067114830017,True,651,0.8474342226982117,True,c12_correct
652,653,653_6.bmp,preprocessed_results\653\653_6.bmp,652,652,652,0.8948214054107666,653,0.007250586990267038,0.8875708184204996,652|653|699|216|437,0.89482141|0.00725059|0.00176512|0.00155283|0.00151716,1,0.8948214054107666,True,652,0.8948214054107666,True,652,0.8050265312194824,True,652,0.8557862043380737,True,652,0.8084131479263306,True,c12_correct
653,654,654_2.bmp,preprocessed_results\654\654_2.bmp,653,653,653,0.9163882732391357,652,0.009319818578660488,0.9070684546604753,653|652|589|681|600,0.91638827|0.00931982|0.00230365|0.00183273|0.00166685,1,0.9163882732391357,True,653,0.9163882732391357,True,653,0.8893001079559326,True,653,0.8034396171569824,True,653,0.8083924055099487,True,c12_correct
654,655,655_9.bmp,preprocessed_results\655\655_9.bmp,654,654,654,0.8971474766731262,224,0.0024388469755649567,0.8947086296975613,654|224|667|751|732,0.89714748|0.00243885|0.00215868|0.00207508|0.00192406,1,0.8971474766731262,True,654,0.8971474766731262,True,654,0.9074268937110901,True,654,0.8469024896621704,True,654,0.8431201577186584,True,c12_correct
655,656,656_2.bmp,preprocessed_results\656\656_2.bmp,655,655,655,0.8897833824157715,587,0.005252406001091003,0.8845309764146805,655|587|224|767|609,0.88978338|0.00525241|0.00321952|0.00300076|0.00251085,1,0.8897833824157715,True,655,0.8897833824157715,True,655,0.861706018447876,True,655,0.8345526456832886,True,655,0.7915332913398743,True,c12_correct
656,657,657_7.bmp,preprocessed_results\657\657_7.bmp,656,656,656,0.7981266975402832,612,0.010578847490251064,0.7875478500500321,656|612|607|658|625,0.79812670|0.01057885|0.00607725|0.00523219|0.00334469,1,0.7981266975402832,True,656,0.7981266975402832,True,656,0.8960912823677063,True,656,0.8378342986106873,True,656,0.8541589379310608,True,c12_correct
657,658,658_6.bmp,preprocessed_results\658\658_6.bmp,657,657,657,0.3582059442996979,719,0.053390730172395706,0.30481521412730217,657|719|769|713|768,0.35820594|0.05339073|0.02838538|0.01758178|0.01731480,1,0.3582059442996979,True,657,0.3582059442996979,True,657,0.38508695363998413,True,657,0.8212250471115112,True,657,0.5697774887084961,True,c12_correct
658,659,659_5.bmp,preprocessed_results\659\659_5.bmp,658,658,658,0.8616787195205688,729,0.007816063240170479,0.8538626562803984,658|729|570|728|588,0.86167872|0.00781606|0.00405941|0.00328216|0.00322632,1,0.8616787195205688,True,658,0.8616787195205688,True,658,0.7804256677627563,True,658,0.84274822473526,True,658,0.7636809945106506,True,c12_correct
659,660,660_6.bmp,preprocessed_results\660\660_6.bmp,659,659,659,0.8652326464653015,708,0.014260126277804375,0.8509725201874971,659|708|587|632|712,0.86523265|0.01426013|0.00379301|0.00316447|0.00293547,1,0.8652326464653015,True,659,0.8652326464653015,True,659,0.8799626231193542,True,659,0.8294431567192078,True,659,0.8062250018119812,True,c12_correct
660,661,661_8.bmp,preprocessed_results\661\661_8.bmp,660,660,660,0.8869134187698364,261,0.019023876637220383,0.867889542132616,660|261|620|830|756,0.88691342|0.01902388|0.00498790|0.00265122|0.00225919,1,0.8869134187698364,True,660,0.8869134187698364,True,660,0.7146506905555725,True,660,0.8423738479614258,True,660,0.7999226450920105,True,c12_correct
661,662,662_3.bmp,preprocessed_results\662\662_3.bmp,661,661,661,0.8246116638183594,735,0.017782308161258698,0.8068293556571007,661|735|759|582|291,0.82461166|0.01778231|0.00725824|0.00540668|0.00425548,1,0.8246116638183594,True,661,0.8246116638183594,True,661,0.7410330772399902,True,661,0.7986645102500916,True,661,0.7257075309753418,True,c12_correct
662,663,663_4.bmp,preprocessed_results\663\663_4.bmp,662,662,662,0.9046759009361267,663,0.0261026993393898,0.8785732015967369,662|663|752|206|207,0.90467590|0.02610270|0.00258757|0.00197555|0.00179576,1,0.9046759009361267,True,662,0.9046759009361267,True,662,0.8482135534286499,True,662,0.8355651497840881,True,662,0.8401483297348022,True,c12_correct
663,664,664_2.bmp,preprocessed_results\664\664_2.bmp,663,663,663,0.9185831546783447,662,0.003993656486272812,0.9145894981920719,663|662|51|597|585,0.91858315|0.00399366|0.00185382|0.00173987|0.00165881,1,0.9185831546783447,True,663,0.9185831546783447,True,663,0.8180405497550964,True,663,0.8204469084739685,True,663,0.8323892951011658,True,c12_correct
664,665,665_7.bmp,preprocessed_results\665\665_7.bmp,664,664,664,0.9386357069015503,478,0.0026532886549830437,0.9359824182465672,664|478|259|622|684,0.93863571|0.00265329|0.00131794|0.00126548|0.00117494,1,0.9386357069015503,True,664,0.9386357069015503,True,664,0.8094494342803955,True,664,0.8256710171699524,True,664,0.7714526653289795,True,c12_correct
665,666,666_10.bmp,preprocessed_results\666\666_10.bmp,665,665,665,0.8991057276725769,641,0.002966207219287753,0.8961395204532892,665|641|143|743|664,0.89910573|0.00296621|0.00294130|0.00280759|0.00260181,1,0.8991057276725769,True,665,0.8991057276725769,True,665,0.8493893146514893,True,665,0.8404381275177002,True,665,0.8486233353614807,True,c12_correct
666,667,667_6.bmp,preprocessed_results\667\667_6.bmp,666,666,666,0.7780358791351318,667,0.04906035214662552,0.7289755269885063,666|667|640|805|641,0.77803588|0.04906035|0.01162177|0.01011492|0.00977056,1,0.7780358791351318,True,666,0.7780358791351318,True,666,0.8738091588020325,True,666,0.8207194805145264,True,666,0.8297033905982971,True,c12_correct
667,668,668_2.bmp,preprocessed_results\668\668_2.bmp,667,667,667,0.5734005570411682,666,0.030409809201955795,0.5429907478392124,667|666|805|641|577,0.57340056|0.03040981|0.01196100|0.01140178|0.00913714,1,0.5734005570411682,True,667,0.5734005570411682,True,667,0.6630561947822571,True,667,0.7951633334159851,True,667,0.4848223030567169,True,c12_correct
668,669,669_10.bmp,preprocessed_results\669\669_10.bmp,668,668,668,0.9386009573936462,571,0.002472585765644908,0.9361283716280013,668|571|669|770|671,0.93860096|0.00247259|0.00245042|0.00232061|0.00201920,1,0.9386009573936462,True,668,0.9386009573936462,True,668,0.8858882784843445,True,668,0.8419224619865417,True,668,0.8599560260772705,True,c12_correct
669,670,670_7.bmp,preprocessed_results\670\670_7.bmp,669,669,669,0.6934195160865784,668,0.05377984046936035,0.639639675617218,669|668|671|683|825,0.69341952|0.05377984|0.03681910|0.02208977|0.00799887,1,0.6934195160865784,True,669,0.6934195160865784,True,669,0.37516382336616516,True,669,0.8061708807945251,True,669,0.5370157957077026,True,c12_correct
670,671,671_7.bmp,preprocessed_results\671\671_7.bmp,670,670,670,0.3646221458911896,829,0.06454290449619293,0.30007924139499664,670|829|729|722|777,0.36462215|0.06454290|0.02050063|0.01787216|0.01741655,1,0.3646221458911896,True,670,0.3646221458911896,True,670,0.667723536491394,True,670,0.8263224959373474,True,670,0.7176429033279419,True,c12_correct
671,672,672_9.bmp,preprocessed_results\672\672_9.bmp,671,671,671,0.8367929458618164,670,0.009430449455976486,0.8273624964058399,671|670|627|715|668,0.83679295|0.00943045|0.00659158|0.00628937|0.00493498,1,0.8367929458618164,True,671,0.8367929458618164,True,671,0.825165867805481,True,671,0.8283267021179199,True,671,0.8297877907752991,True,c12_correct
672,673,673_1.bmp,preprocessed_results\673\673_1.bmp,672,672,672,0.685704231262207,808,0.025373103097081184,0.6603311281651258,672|808|673|666|618,0.68570423|0.02537310|0.01522595|0.01346442|0.00982101,1,0.685704231262207,True,672,0.685704231262207,True,672,0.632642924785614,True,672,0.8298543691635132,True,672,0.7457426190376282,True,c12_correct
673,674,674_1.bmp,preprocessed_results\674\674_1.bmp,673,673,673,0.890902042388916,672,0.009814943186938763,0.8810870992019773,673|672|333|719|808,0.89090204|0.00981494|0.00524997|0.00251680|0.00178776,1,0.890902042388916,True,673,0.890902042388916,True,673,0.6771842837333679,True,673,0.8346313834190369,True,673,0.8120169043540955,True,c12_correct
674,675,675_1.bmp,preprocessed_results\675\675_1.bmp,674,674,674,0.9060782194137573,675,0.0049653248861432076,0.9011128945276141,674|675|340|770|146,0.90607822|0.00496532|0.00419137|0.00323000|0.00230719,1,0.9060782194137573,True,674,0.9060782194137573,True,674,0.8729297518730164,True,674,0.8369001150131226,True,674,0.8675593137741089,True,c12_correct
675,676,676_4.bmp,preprocessed_results\676\676_4.bmp,675,675,675,0.777985692024231,674,0.008385810069739819,0.7695998819544911,675|674|729|671|311,0.77798569|0.00838581|0.00587340|0.00533666|0.00501588,1,0.777985692024231,True,675,0.777985692024231,True,675,0.652470588684082,True,675,0.8207762241363525,True,675,0.6689297556877136,True,c12_correct
676,677,677_8.bmp,preprocessed_results\677\677_8.bmp,676,676,676,0.93923020362854,686,0.002489618957042694,0.9367405846714973,676|686|720|750|576,0.93923020|0.00248962|0.00248786|0.00197423|0.00183818,1,0.93923020362854,True,676,0.93923020362854,True,676,0.9276899099349976,True,676,0.8227919340133667,True,676,0.8042450547218323,True,c12_correct
677,678,678_6.bmp,preprocessed_results\678\678_6.bmp,677,677,677,0.8762556910514832,802,0.010146496817469597,0.8661091942340136,677|802|577|750|634,0.87625569|0.01014650|0.00665108|0.00617308|0.00580427,1,0.8762556910514832,True,677,0.8762556910514832,True,677,0.7219314575195312,True,677,0.827867329120636,True,677,0.7647194862365723,True,c12_correct
678,679,679_8.bmp,preprocessed_results\679\679_8.bmp,678,678,678,0.1298450380563736,591,0.07397370785474777,0.055871330201625824,678|591|564|569|604,0.12984504|0.07397371|0.05525376|0.02755331|0.02115915,1,0.1298450380563736,True,678,0.1298450380563736,True,678,0.18638832867145538,True,678,0.7605376839637756,True,678,0.3744686245918274,True,c12_correct
679,680,680_3.bmp,preprocessed_results\680\680_3.bmp,679,679,679,0.8882928490638733,689,0.0053292433731257915,0.8829636056907475,679|689|645|142|246,0.88829285|0.00532924|0.00469684|0.00359000|0.00295105,1,0.8882928490638733,True,679,0.8882928490638733,True,679,0.8530398607254028,True,679,0.8408514261245728,True,679,0.8326483368873596,True,c12_correct
680,681,681_6.bmp,preprocessed_results\681\681_6.bmp,680,680,680,0.9086337685585022,681,0.025555701926350594,0.8830780666321516,680|681|641|645|803,0.90863377|0.02555570|0.00328018|0.00312076|0.00179922,1,0.9086337685585022,True,680,0.9086337685585022,True,680,0.8919033408164978,True,680,0.8464335799217224,True,680,0.8963442444801331,True,c12_correct
681,682,682_4.bmp,preprocessed_results\682\682_4.bmp,681,681,681,0.8694518804550171,680,0.020892968401312828,0.8485589120537043,681|680|631|373|689,0.86945188|0.02089297|0.01457496|0.00637301|0.00564989,1,0.8694518804550171,True,681,0.8694518804550171,True,681,0.8101258873939514,True,681,0.8263357877731323,True,681,0.6086785197257996,True,c12_correct
682,683,683_5.bmp,preprocessed_results\683\683_5.bmp,682,682,682,0.94366055727005,680,0.005485991016030312,0.9381745662540197,682|680|600|641|826,0.94366056|0.00548599|0.00383068|0.00230457|0.00207317,1,0.94366055727005,True,682,0.94366055727005,True,682,0.7254308462142944,True,682,0.8056145906448364,True,682,0.7017676830291748,True,c12_correct
683,684,684_5.bmp,preprocessed_results\684\684_5.bmp,683,683,683,0.8743277192115784,765,0.01004747860133648,0.8642802406102419,683|765|682|734|759,0.87432772|0.01004748|0.00749943|0.00431490|0.00382633,1,0.8743277192115784,True,683,0.8743277192115784,True,683,0.7975139021873474,True,683,0.8494805097579956,True,683,0.8620020151138306,True,c12_correct
684,685,685_8.bmp,preprocessed_results\685\685_8.bmp,684,684,684,0.8884899020195007,685,0.010686257854104042,0.8778036441653967,684|685|634|808|750,0.88848990|0.01068626|0.00430928|0.00348109|0.00274631,1,0.8884899020195007,True,684,0.8884899020195007,True,684,0.8825656175613403,True,684,0.8250247240066528,True,684,0.8459816575050354,True,c12_correct
685,686,686_8.bmp,preprocessed_results\686\686_8.bmp,685,685,685,0.8845914602279663,636,0.010036389343440533,0.8745550708845258,685|636|689|751|809,0.88459146|0.01003639|0.00743178|0.00481605|0.00347735,1,0.8845914602279663,True,685,0.8845914602279663,True,685,0.8603894710540771,True,685,0.8375489711761475,True,685,0.7828481197357178,True,c12_correct
686,687,687_4.bmp,preprocessed_results\687\687_4.bmp,686,686,686,0.8808942437171936,576,0.005377382505685091,0.8755168612115085,686|576|687|676|694,0.88089424|0.00537738|0.00349286|0.00323963|0.00308997,1,0.8808942437171936,True,686,0.8808942437171936,True,686,0.8255349397659302,True,686,0.8478847742080688,True,686,0.7967273592948914,True,c12_correct
687,688,688_2.bmp,preprocessed_results\688\688_2.bmp,687,687,687,0.8351231813430786,686,0.016360659152269363,0.8187625221908092,687|686|146|745|809,0.83512318|0.01636066|0.00508327|0.00402181|0.00356109,1,0.8351231813430786,True,687,0.8351231813430786,True,687,0.7627320289611816,True,687,0.8159930109977722,True,687,0.7664199471473694,True,c12_correct
688,689,689_7.bmp,preprocessed_results\689\689_7.bmp,688,688,688,0.7371242642402649,649,0.047767288982868195,0.6893569752573967,688|649|636|689|630,0.73712426|0.04776729|0.00978772|0.00892593|0.00713403,1,0.7371242642402649,True,688,0.7371242642402649,True,688,0.6102604269981384,True,688,0.7857319712638855,True,688,0.6053035855293274,True,c12_correct
689,690,690_5.bmp,preprocessed_results\690\690_5.bmp,689,689,689,0.9332858920097351,53,0.003092425409704447,0.9301934666000307,689|53|685|649|373,0.93328589|0.00309243|0.00300398|0.00290141|0.00175832,1,0.9332858920097351,True,689,0.9332858920097351,True,689,0.8599101305007935,True,689,0.7923964858055115,True,689,0.8369880318641663,True,c12_correct
690,691,691_3.bmp,preprocessed_results\691\691_3.bmp,690,690,690,0.8708988428115845,680,0.004040636122226715,0.8668582066893578,690|680|691|636|800,0.87089884|0.00404064|0.00311841|0.00276931|0.00198183,1,0.8708988428115845,True,690,0.8708988428115845,True,690,0.8414046764373779,True,690,0.8494356870651245,True,690,0.8285141587257385,True,c12_correct
691,692,692_8.bmp,preprocessed_results\692\692_8.bmp,691,691,691,0.9247569441795349,644,0.0021319121588021517,0.9226250320207328,691|644|739|142|690,0.92475694|0.00213191|0.00208576|0.00152119|0.00150739,1,0.9247569441795349,True,691,0.9247569441795349,True,691,0.8663047552108765,True,691,0.8356442451477051,True,691,0.8310261964797974,True,c12_correct
692,693,693_1.bmp,preprocessed_results\693\693_1.bmp,692,692,692,0.9197766780853271,693,0.006415924988687038,0.9133607530966401,692|693|744|694|609,0.91977668|0.00641592|0.00326091|0.00303033|0.00236963,1,0.9197766780853271,True,692,0.9197766780853271,True,692,0.8668488264083862,True,692,0.8471980094909668,True,692,0.8842757940292358,True,c12_correct
693,694,694_10.bmp,preprocessed_results\694\694_10.bmp,693,693,693,0.8361198902130127,623,0.007241833955049515,0.8288780562579632,693|623|786|655|587,0.83611989|0.00724183|0.00513913|0.00251089|0.00209198,1,0.8361198902130127,True,693,0.8361198902130127,True,693,0.8963043093681335,True,693,0.8369061946868896,True,693,0.7294517159461975,True,c12_correct
694,695,695_3.bmp,preprocessed_results\695\695_3.bmp,694,694,694,0.868312656879425,610,0.0065246098674833775,0.8617880470119417,694|610|588|692|745,0.86831266|0.00652461|0.00417189|0.00404098|0.00241409,1,0.868312656879425,True,694,0.868312656879425,True,694,0.9407322406768799,True,694,0.8431742191314697,True,694,0.7741764783859253,True,c12_correct
695,696,696_2.bmp,preprocessed_results\696\696_2.bmp,695,695,695,0.8314908742904663,713,0.00945304986089468,0.8220378244295716,695|713|819|694|789,0.83149087|0.00945305|0.00537822|0.00473244|0.00390854,1,0.8314908742904663,True,695,0.8314908742904663,True,695,0.5757243633270264,True,695,0.814939022064209,True,695,0.7577893137931824,True,c12_correct
696,697,697_8.bmp,preprocessed_results\697\697_8.bmp,696,696,696,0.7396715879440308,697,0.018145987764000893,0.7215256001800299,696|697|810|761|683,0.73967159|0.01814599|0.00888894|0.00776899|0.00591181,1,0.7396715879440308,True,696,0.7396715879440308,True,696,0.6861755847930908,True,696,0.8179118037223816,True,696,0.7950625419616699,True,c12_correct
697,698,698_4.bmp,preprocessed_results\698\698_4.bmp,697,697,697,0.5763577222824097,811,0.03327423334121704,0.5430834889411926,697|811|651|696|594,0.57635772|0.03327423|0.03252378|0.02073334|0.01247264,1,0.5763577222824097,True,697,0.5763577222824097,True,697,0.6713472008705139,True,697,0.8263067007064819,True,697,0.8315950036048889,True,c12_correct
698,699,699_10.bmp,preprocessed_results\699\699_10.bmp,698,698,698,0.9044272303581238,321,0.0037519887555390596,0.9006752416025847,698|321|700|598|699,0.90442723|0.00375199|0.00367569|0.00248927|0.00230342,1,0.9044272303581238,True,698,0.9044272303581238,True,698,0.7658138275146484,True,698,0.8229856491088867,True,698,0.7955018281936646,True,c12_correct
699,700,700_9.bmp,preprocessed_results\700\700_9.bmp,699,699,699,0.8895336389541626,801,0.008449424058198929,0.8810842148959637,699|801|724|743|681,0.88953364|0.00844942|0.00640771|0.00390217|0.00325783,1,0.8895336389541626,True,699,0.8895336389541626,True,699,0.849251389503479,True,699,0.7855161428451538,True,699,0.7685827612876892,True,c12_correct
700,701,701_10.bmp,preprocessed_results\701\701_10.bmp,700,700,700,0.9275534749031067,701,0.005528892856091261,0.9220245820470154,700|701|619|698|823,0.92755347|0.00552889|0.00227703|0.00185245|0.00176777,1,0.9275534749031067,True,700,0.9275534749031067,True,700,0.9178433418273926,True,700,0.8476139307022095,True,700,0.8115937113761902,True,c12_correct
701,702,702_2.bmp,preprocessed_results\702\702_2.bmp,701,701,701,0.8132205009460449,142,0.022025367245078087,0.7911951337009668,701|142|679|699|246,0.81322050|0.02202537|0.01820227|0.01588438|0.00701616,1,0.8132205009460449,True,701,0.8132205009460449,True,701,0.8408625721931458,True,701,0.8187310099601746,True,701,0.7923184037208557,True,c12_correct
702,703,703_1.bmp,preprocessed_results\703\703_1.bmp,702,702,702,0.8201467990875244,73,0.004067294765263796,0.8160795043222606,702|73|566|144|298,0.82014680|0.00406729|0.00398150|0.00381092|0.00360693,1,0.8201467990875244,True,702,0.8201467990875244,True,702,0.552041232585907,True,702,0.7955354452133179,True,702,0.7277166843414307,True,c12_correct
703,704,704_5.bmp,preprocessed_results\704\704_5.bmp,703,703,703,0.8915363550186157,105,0.00320052751339972,0.888335827505216,703|105|717|687|723,0.89153636|0.00320053|0.00303703|0.00295821|0.00236419,1,0.8915363550186157,True,703,0.8915363550186157,True,703,0.8759176135063171,True,703,0.8247318267822266,True,703,0.783637285232544,True,c12_correct
704,705,705_4.bmp,preprocessed_results\705\705_4.bmp,704,704,704,0.9485346674919128,705,0.0028411131352186203,0.9456935543566942,704|705|575|574|639,0.94853467|0.00284111|0.00201561|0.00177559|0.00147452,1,0.9485346674919128,True,704,0.9485346674919128,True,704,0.8916358351707458,True,704,0.8448039293289185,True,704,0.8487984538078308,True,c12_correct
705,706,706_8.bmp,preprocessed_results\706\706_8.bmp,705,705,705,0.6916429400444031,720,0.015079237520694733,0.6765637025237083,705|720|43|639|676,0.69164294|0.01507924|0.00882937|0.00870970|0.00545738,1,0.6916429400444031,True,705,0.6916429400444031,True,705,0.7836349010467529,True,705,0.8529424667358398,True,705,0.781327486038208,True,c12_correct
706,707,707_6.bmp,preprocessed_results\707\707_6.bmp,706,706,706,0.8143616914749146,607,0.006536194588989019,0.8078254968859255,706|607|615|625|656,0.81436169|0.00653619|0.00536418|0.00516104|0.00455420,1,0.8143616914749146,True,706,0.8143616914749146,True,706,0.8988238573074341,True,706,0.8047617077827454,True,706,0.8251847624778748,True,c12_correct
707,708,708_5.bmp,preprocessed_results\708\708_5.bmp,707,707,707,0.9167943596839905,772,0.004739879164844751,0.9120544805191457,707|772|644|619|706,0.91679436|0.00473988|0.00250584|0.00239430|0.00158110,1,0.9167943596839905,True,707,0.9167943596839905,True,707,0.7795225381851196,True,707,0.8375548124313354,True,707,0.8175740242004395,True,c12_correct
708,709,709_9.bmp,preprocessed_results\709\709_9.bmp,708,708,708,0.8704736828804016,695,0.01148412935435772,0.8589895535260439,708|695|659|600|713,0.87047368|0.01148413|0.00966309|0.00582599|0.00473709,1,0.8704736828804016,True,708,0.8704736828804016,True,708,0.8112240433692932,True,708,0.8069322109222412,True,708,0.7324357032775879,True,c12_correct
709,710,710_9.bmp,preprocessed_results\710\710_9.bmp,709,709,709,0.8951269388198853,708,0.007645116653293371,0.8874818221665919,709|708|633|792|714,0.89512694|0.00764512|0.00420389|0.00296015|0.00220693,1,0.8951269388198853,True,709,0.8951269388198853,True,709,0.8625116348266602,True,709,0.8198668360710144,True,709,0.806826651096344,True,c12_correct
710,711,711_3.bmp,preprocessed_results\711\711_3.bmp,710,710,710,0.9230263233184814,788,0.01004314236342907,0.9129831809550524,710|788|651|610|742,0.92302632|0.01004314|0.00184351|0.00167516|0.00141389,1,0.9230263233184814,True,710,0.9230263233184814,True,710,0.9016873836517334,True,710,0.8491073250770569,True,710,0.8474054336547852,True,c12_correct
711,712,712_10.bmp,preprocessed_results\712\712_10.bmp,711,711,711,0.7294653654098511,773,0.02583017386496067,0.7036351915448904,711|773|586|581|710,0.72946537|0.02583017|0.00907896|0.00736501|0.00703737,1,0.7294653654098511,True,711,0.7294653654098511,True,711,0.5008769631385803,True,711,0.815839946269989,True,711,0.7459145784378052,True,c12_correct
712,713,713_1.bmp,preprocessed_results\713\713_1.bmp,712,712,712,0.8619353175163269,833,0.006515054497867823,0.8554202630184591,712|833|584|585|161,0.86193532|0.00651505|0.00388217|0.00286997|0.00258382,1,0.8619353175163269,True,712,0.8619353175163269,True,712,0.7964853048324585,True,712,0.8216192722320557,True,712,0.7631890177726746,True,c12_correct
713,714,714_5.bmp,preprocessed_results\714\714_5.bmp,713,713,713,0.9014787673950195,763,0.005739406682550907,0.8957393607124686,713|763|695|604|717,0.90147877|0.00573941|0.00386998|0.00343949|0.00232435,1,0.9014787673950195,True,713,0.9014787673950195,True,713,0.7958324551582336,True,713,0.8662267327308655,True,713,0.819880485534668,True,c12_correct
714,715,715_7.bmp,preprocessed_results\715\715_7.bmp,714,714,714,0.8678112626075745,712,0.009540622122585773,0.8582706404849887,714|712|701|800|715,0.86781126|0.00954062|0.00786563|0.00609114|0.00522815,1,0.8678112626075745,True,714,0.8678112626075745,True,714,0.8066099286079407,True,714,0.8299732804298401,True,714,0.8449108600616455,True,c12_correct
715,716,716_2.bmp,preprocessed_results\716\716_2.bmp,715,715,715,0.8818055391311646,781,0.003975148778408766,0.8778303903527558,715|781|592|812|595,0.88180554|0.00397515|0.00296176|0.00282572|0.00280595,1,0.8818055391311646,True,715,0.8818055391311646,True,715,0.8294448852539062,True,715,0.831108570098877,True,715,0.8237711191177368,True,c12_correct
716,717,717_6.bmp,preprocessed_results\717\717_6.bmp,716,716,716,0.5969047546386719,780,0.011310264468193054,0.5855944901704788,716|780|69|5|146,0.59690475|0.01131026|0.00907487|0.00817477|0.00766254,1,0.5969047546386719,True,716,0.5969047546386719,True,716,0.5626362562179565,True,716,0.7956428527832031,True,716,0.70195072889328,True,c12_correct
717,718,718_9.bmp,preprocessed_results\718\718_9.bmp,717,717,717,0.815278947353363,723,0.01371447928249836,0.8015644680708647,717|723|716|294|176,0.81527895|0.01371448|0.00769813|0.00572056|0.00520298,1,0.815278947353363,True,717,0.815278947353363,True,717,0.7832764983177185,True,717,0.8654016256332397,True,717,0.8547244668006897,True,c12_correct
718,719,719_3.bmp,preprocessed_results\719\719_3.bmp,718,718,718,0.8423680067062378,609,0.010264168493449688,0.8321038382127881,718|609|691|774|802,0.84236801|0.01026417|0.00638413|0.00506024|0.00480221,1,0.8423680067062378,True,718,0.8423680067062378,True,718,0.6867493391036987,True,718,0.8261821269989014,True,718,0.7831935882568359,True,c12_correct
719,720,720_8.bmp,preprocessed_results\720\720_8.bmp,719,719,719,0.8624725341796875,588,0.007198012433946133,0.8552745217457414,719|588|657|734|607,0.86247253|0.00719801|0.00581763|0.00438173|0.00402357,1,0.8624725341796875,True,719,0.8624725341796875,True,719,0.8718757629394531,True,719,0.8411716818809509,True,719,0.8633854985237122,True,c12_correct
720,721,721_5.bmp,preprocessed_results\721\721_5.bmp,720,720,720,0.8730292320251465,805,0.00817134790122509,0.8648578841239214,720|805|635|667|43,0.87302923|0.00817135|0.00422705|0.00386392|0.00323662,1,0.8730292320251465,True,720,0.8730292320251465,True,720,0.6558298468589783,True,720,0.8223745822906494,True,720,0.7489140629768372,True,c12_correct
721,722,722_8.bmp,preprocessed_results\722\722_8.bmp,721,721,721,0.9013648629188538,649,0.00918501615524292,0.8921798467636108,721|649|720|689|691,0.90136486|0.00918502|0.00858891|0.00403782|0.00231612,1,0.9013648629188538,True,721,0.9013648629188538,True,721,0.8522708415985107,True,721,0.8350260853767395,True,721,0.7737956643104553,True,c12_correct
722,723,723_5.bmp,preprocessed_results\723\723_5.bmp,722,722,722,0.9340894222259521,614,0.004870229866355658,0.9292191923595965,722|614|107|354|245,0.93408942|0.00487023|0.00228494|0.00134021|0.00119887,1,0.9340894222259521,True,722,0.9340894222259521,True,722,0.7884635329246521,True,722,0.8220201730728149,True,722,0.8602184057235718,True,c12_correct
723,724,724_6.bmp,preprocessed_results\724\724_6.bmp,723,723,723,0.7833465337753296,407,0.007891606539487839,0.7754549272358418,723|407|575|156|703,0.78334653|0.00789161|0.00788143|0.00716025|0.00428283,1,0.7833465337753296,True,723,0.7833465337753296,True,723,0.6225326061248779,True,723,0.7992411255836487,True,723,0.6476049423217773,True,c12_correct
724,725,725_1.bmp,preprocessed_results\725\725_1.bmp,724,724,724,0.9272701740264893,212,0.006811163853853941,0.9204590101726353,724|212|725|690|198,0.92727017|0.00681116|0.00202823|0.00194398|0.00167344,1,0.9272701740264893,True,724,0.9272701740264893,True,724,0.826915979385376,True,724,0.8171414136886597,True,724,0.8406717777252197,True,c12_correct
725,726,726_10.bmp,preprocessed_results\726\726_10.bmp,725,725,725,0.861092746257782,831,0.006369774229824543,0.8547229720279574,725|831|573|724|616,0.86109275|0.00636977|0.00334295|0.00251699|0.00201104,1,0.861092746257782,True,725,0.861092746257782,True,725,0.6343439817428589,True,725,0.8143738508224487,True,725,0.8659583926200867,True,c12_correct
726,727,727_4.bmp,preprocessed_results\727\727_4.bmp,726,726,726,0.3005910813808441,595,0.08034694194793701,0.2202441394329071,726|595|626|594|812,0.30059108|0.08034694|0.04210460|0.03460585|0.02910168,1,0.3005910813808441,True,726,0.3005910813808441,True,726,0.7094920873641968,True,726,0.799552321434021,True,726,0.5761816501617432,True,c12_correct
727,728,728_7.bmp,preprocessed_results\728\728_7.bmp,727,727,727,0.8172109127044678,85,0.008877933025360107,0.8083329796791077,727|85|183|726|193,0.81721091|0.00887793|0.00673757|0.00672358|0.00562013,1,0.8172109127044678,True,727,0.8172109127044678,True,727,0.7832393050193787,True,727,0.8069332838058472,True,727,0.7975663542747498,True,c12_correct
728,729,729_5.bmp,preprocessed_results\729\729_5.bmp,728,728,728,0.9146295189857483,729,0.007667500525712967,0.9069620184600353,728|729|658|768|291,0.91462952|0.00766750|0.00446854|0.00355298|0.00212810,1,0.9146295189857483,True,728,0.9146295189857483,True,728,0.8730370402336121,True,728,0.8134559392929077,True,728,0.8519501686096191,True,c12_correct
729,730,730_7.bmp,preprocessed_results\730\730_7.bmp,729,729,729,0.7202029824256897,728,0.04367591440677643,0.6765270680189133,729|728|658|675|311,0.72020298|0.04367591|0.01635688|0.00864821|0.00586956,1,0.7202029824256897,True,729,0.7202029824256897,True,729,0.651513397693634,True,729,0.8108862042427063,True,729,0.745355486869812,True,c12_correct
730,731,731_10.bmp,preprocessed_results\731\731_10.bmp,730,730,730,0.2501068115234375,712,0.06385041028261185,0.18625640124082565,730|712|575|592|731,0.25010681|0.06385041|0.03079904|0.02446667|0.02376273,1,0.2501068115234375,True,730,0.2501068115234375,True,730,0.13370417058467865,True,730,0.7891611456871033,True,730,0.3374369442462921,True,c12_correct
731,732,732_6.bmp,preprocessed_results\732\732_6.bmp,731,731,731,0.8133582472801208,730,0.06715510040521622,0.7462031468749046,731|730|603|581|669,0.81335825|0.06715510|0.00527834|0.00393420|0.00283230,1,0.8133582472801208,True,731,0.8133582472801208,True,731,0.802076518535614,True,731,0.8301293253898621,True,731,0.8427202701568604,True,c12_correct
732,733,733_7.bmp,preprocessed_results\733\733_7.bmp,732,732,732,0.9044498801231384,638,0.0062544881366193295,0.8981953919865191,732|638|691|7|749,0.90444988|0.00625449|0.00308503|0.00224915|0.00204786,1,0.9044498801231384,True,732,0.9044498801231384,True,732,0.8801876306533813,True,732,0.8160028457641602,True,732,0.7840685248374939,True,c12_correct
733,734,734_6.bmp,preprocessed_results\734\734_6.bmp,733,733,733,0.861065685749054,781,0.0037900640163570642,0.8572756217326969,733|781|691|647|28,0.86106569|0.00379006|0.00285283|0.00254040|0.00249269,1,0.861065685749054,True,733,0.861065685749054,True,733,0.3716263175010681,True,733,0.8069204688072205,True,733,0.5465685129165649,True,c12_correct
734,735,735_7.bmp,preprocessed_results\735\735_7.bmp,734,734,734,0.6830390095710754,758,0.025341497734189034,0.6576975118368864,734|758|820|572|594,0.68303901|0.02534150|0.02358671|0.01837472|0.00998394,1,0.6830390095710754,True,734,0.6830390095710754,True,734,0.7940828800201416,True,734,0.8314414620399475,True,734,0.8008023500442505,True,c12_correct
735,736,736_1.bmp,preprocessed_results\736\736_1.bmp,735,735,735,0.9080461859703064,777,0.007198940962553024,0.9008472450077534,735|777|827|825|573,0.90804619|0.00719894|0.00293897|0.00257917|0.00255323,1,0.9080461859703064,True,735,0.9080461859703064,True,735,0.8419012427330017,True,735,0.8397605419158936,True,735,0.7869759202003479,True,c12_correct
736,737,737_5.bmp,preprocessed_results\737\737_5.bmp,736,736,736,0.9455937743186951,285,0.0024817781522870064,0.9431119961664081,736|285|828|609|737,0.94559377|0.00248178|0.00131192|0.00119230|0.00085115,1,0.9455937743186951,True,736,0.9455937743186951,True,736,0.8102192282676697,True,736,0.8206385970115662,True,736,0.8199791312217712,True,c12_correct
737,738,738_1.bmp,preprocessed_results\738\738_1.bmp,737,737,737,0.8858062028884888,642,0.003741306019946933,0.8820648968685418,737|642|608|736|158,0.88580620|0.00374131|0.00357257|0.00320191|0.00219820,1,0.8858062028884888,True,737,0.8858062028884888,True,737,0.6827730536460876,True,737,0.8103747367858887,True,737,0.8601246476173401,True,c12_correct
738,739,739_10.bmp,preprocessed_results\739\739_10.bmp,738,738,738,0.6861618161201477,815,0.029918810352683067,0.6562430057674646,738|815|638|6|156,0.68616182|0.02991881|0.00696312|0.00696074|0.00520362,1,0.6861618161201477,True,738,0.6861618161201477,True,738,0.6232466101646423,True,738,0.7946040630340576,True,738,0.6754065155982971,True,c12_correct
739,740,740_5.bmp,preprocessed_results\740\740_5.bmp,739,739,739,0.9187608361244202,738,0.004976645112037659,0.9137841910123825,739|738|691|775|639,0.91876084|0.00497665|0.00210554|0.00204090|0.00185856,1,0.9187608361244202,True,739,0.9187608361244202,True,739,0.6708300709724426,True,739,0.8389901518821716,True,739,0.8182113766670227,True,c12_correct
740,741,741_5.bmp,preprocessed_results\741\741_5.bmp,740,740,740,0.8389430046081543,582,0.006299883592873812,0.8326431210152805,740|582|638|745|686,0.83894300|0.00629988|0.00564091|0.00423143|0.00364750,1,0.8389430046081543,True,740,0.8389430046081543,True,740,0.7132567167282104,True,740,0.8359063863754272,True,740,0.786200225353241,True,c12_correct
741,742,742_3.bmp,preprocessed_results\742\742_3.bmp,741,741,741,0.8333904147148132,790,0.003995605278760195,0.829394809436053,741|790|697|764|811,0.83339041|0.00399561|0.00307471|0.00260314|0.00253550,1,0.8333904147148132,True,741,0.8333904147148132,True,741,0.7002654671669006,True,741,0.8210167288780212,True,741,0.8347502946853638,True,c12_correct
742,743,743_3.bmp,preprocessed_results\743\743_3.bmp,742,742,742,0.874438464641571,743,0.015077461488544941,0.8593610031530261,742|743|679|699|139,0.87443846|0.01507746|0.00373315|0.00367149|0.00353157,1,0.874438464641571,True,742,0.874438464641571,True,742,0.5366860628128052,True,742,0.8249933123588562,True,742,0.6989537477493286,True,c12_correct
743,744,744_9.bmp,preprocessed_results\744\744_9.bmp,743,743,743,0.8415932059288025,803,0.007375176064670086,0.8342180298641324,743|803|742|689|649,0.84159321|0.00737518|0.00596434|0.00551070|0.00468332,1,0.8415932059288025,True,743,0.8415932059288025,True,743,0.8428818583488464,True,743,0.8203832507133484,True,743,0.83699631690979,True,c12_correct
744,745,745_4.bmp,preprocessed_results\745\745_4.bmp,744,744,744,0.9267275333404541,745,0.003343308577314019,0.9233842247631401,744|745|587|547|76,0.92672753|0.00334331|0.00193260|0.00180139|0.00112508,1,0.9267275333404541,True,744,0.9267275333404541,True,744,0.8404918313026428,True,744,0.835802435874939,True,744,0.8406144976615906,True,c12_correct
745,746,746_6.bmp,preprocessed_results\746\746_6.bmp,745,745,745,0.8238047957420349,744,0.020081717520952225,0.8037230782210827,745|744|628|615|192,0.82380480|0.02008172|0.00762941|0.00358502|0.00299213,1,0.8238047957420349,True,745,0.8238047957420349,True,745,0.8211878538131714,True,745,0.8045864701271057,True,745,0.8436995148658752,True,c12_correct
746,747,747_5.bmp,preprocessed_results\747\747_5.bmp,746,746,746,0.6584667563438416,47,0.009317832067608833,0.6491489242762327,746|47|823|822|275,0.65846676|0.00931783|0.00795512|0.00623165|0.00622021,1,0.6584667563438416,True,746,0.6584667563438416,True,746,0.8934510946273804,True,746,0.816819429397583,True,746,0.789045512676239,True,c12_correct
747,748,748_10.bmp,preprocessed_results\748\748_10.bmp,747,747,747,0.38930967450141907,817,0.022342776879668236,0.36696689762175083,747|817|815|99|759,0.38930967|0.02234278|0.01007879|0.00797257|0.00766112,1,0.38930967450141907,True,747,0.38930967450141907,True,747,0.5942050814628601,True,747,0.822374165058136,True,747,0.7030231356620789,True,c12_correct
748,749,749_4.bmp,preprocessed_results\749\749_4.bmp,748,748,748,0.8131524324417114,732,0.004495551809668541,0.8086568806320429,748|732|339|749|110,0.81315243|0.00449555|0.00431043|0.00417180|0.00371437,1,0.8131524324417114,True,748,0.8131524324417114,True,748,0.6167593002319336,True,748,0.8198447227478027,True,748,0.7673811912536621,True,c12_correct
749,750,750_3.bmp,preprocessed_results\750\750_3.bmp,749,749,749,0.25013959407806396,341,0.04257815331220627,0.2075614407658577,749|341|769|733|669,0.25013959|0.04257815|0.03872893|0.02313928|0.02165443,1,0.25013959407806396,True,749,0.25013959407806396,True,749,0.05390109866857529,True,749,0.7678540945053101,True,749,0.27677640318870544,True,c12_correct
750,751,751_10.bmp,preprocessed_results\751\751_10.bmp,750,750,750,0.6272539496421814,636,0.08991027623414993,0.5373436734080315,750|636|685|827|637,0.62725395|0.08991028|0.03621680|0.01339121|0.01040355,1,0.6272539496421814,True,750,0.6272539496421814,True,750,0.425139844417572,True,750,0.806046187877655,True,750,0.5551028251647949,True,c12_correct
751,752,752_1.bmp,preprocessed_results\752\752_1.bmp,751,751,751,0.9182265400886536,685,0.009050240740180016,0.9091762993484735,751|685|800|750|809,0.91822654|0.00905024|0.00499005|0.00387664|0.00229695,1,0.9182265400886536,True,751,0.9182265400886536,True,751,0.8482720255851746,True,751,0.8352059125900269,True,751,0.8272689580917358,True,c12_correct
752,753,753_9.bmp,preprocessed_results\753\753_9.bmp,752,752,752,0.6684921383857727,753,0.034022580832242966,0.6344695575535297,752|753|613|831|163,0.66849214|0.03402258|0.01233466|0.00966674|0.00963395,1,0.6684921383857727,True,752,0.6684921383857727,True,752,0.8024954795837402,True,752,0.8090261816978455,True,752,0.7966165542602539,True,c12_correct
753,754,754_7.bmp,preprocessed_results\754\754_7.bmp,753,753,753,0.7672587633132935,752,0.009478086605668068,0.7577806767076254,753|752|663|785|627,0.76725876|0.00947809|0.00626917|0.00450650|0.00436940,1,0.7672587633132935,True,753,0.7672587633132935,True,753,0.8344249129295349,True,753,0.8393559455871582,True,753,0.8602154850959778,True,c12_correct
754,755,755_4.bmp,preprocessed_results\755\755_4.bmp,754,754,754,0.8069174885749817,755,0.009461932815611362,0.7974555557593703,754|755|779|784|806,0.80691749|0.00946193|0.00908372|0.00698751|0.00540768,1,0.8069174885749817,True,754,0.8069174885749817,True,754,0.8089666366577148,True,754,0.8204677700996399,True,754,0.7471224069595337,True,c12_correct
755,756,756_7.bmp,preprocessed_results\756\756_7.bmp,755,755,755,0.5714048743247986,829,0.018943119794130325,0.5524617545306683,755|829|821|762|754,0.57140487|0.01894312|0.01840161|0.01076296|0.00848523,1,0.5714048743247986,True,755,0.5714048743247986,True,755,0.4699784219264984,True,755,0.8088878393173218,True,755,0.6238556504249573,True,c12_correct
756,757,757_5.bmp,preprocessed_results\757\757_5.bmp,756,756,756,0.5536627769470215,757,0.036777690052986145,0.5168850868940353,756|757|802|734|608,0.55366278|0.03677769|0.02640233|0.02212903|0.02081245,1,0.5536627769470215,True,756,0.5536627769470215,True,756,0.42578789591789246,True,756,0.7739802002906799,True,756,0.5101516842842102,True,c12_correct
757,758,758_10.bmp,preprocessed_results\758\758_10.bmp,757,757,757,0.932595431804657,765,0.009454634040594101,0.9231407977640629,757|765|756|621|790,0.93259543|0.00945463|0.00311667|0.00201676|0.00198005,1,0.932595431804657,True,757,0.932595431804657,True,757,0.8131369948387146,True,757,0.8541081547737122,True,757,0.819161593914032,True,c12_correct
758,759,759_7.bmp,preprocessed_results\759\759_7.bmp,758,758,758,0.9168463945388794,612,0.004599218722432852,0.9122471758164465,758|612|820|572|780,0.91684639|0.00459922|0.00326557|0.00239194|0.00219774,1,0.9168463945388794,True,758,0.9168463945388794,True,758,0.8703835010528564,True,758,0.8223780393600464,True,758,0.8737745881080627,True,c12_correct
759,760,760_7.bmp,preprocessed_results\760\760_7.bmp,759,759,759,0.6652153730392456,825,0.02578752301633358,0.639427850022912,759|825|597|661|758,0.66521537|0.02578752|0.01008550|0.00938837|0.00825979,1,0.6652153730392456,True,759,0.6652153730392456,True,759,0.46561285853385925,True,759,0.8187664747238159,True,759,0.7191508412361145,True,c12_correct
760,761,761_2.bmp,preprocessed_results\761\761_2.bmp,760,760,760,0.6502231359481812,163,0.01733523979783058,0.6328878961503506,760|163|607|799|706,0.65022314|0.01733524|0.00652296|0.00542905|0.00541918,1,0.6502231359481812,True,760,0.6502231359481812,True,760,0.3863924443721771,True,760,0.8248385190963745,True,760,0.6396490335464478,True,c12_correct
761,762,762_2.bmp,preprocessed_results\762\762_2.bmp,761,761,761,0.7452070713043213,774,0.01371186412870884,0.7314952071756124,761|774|699|250|742,0.74520707|0.01371186|0.01162037|0.00498244|0.00466806,1,0.7452070713043213,True,761,0.7452070713043213,True,761,0.8449850082397461,True,761,0.8468576669692993,True,761,0.8162725567817688,True,c12_correct
762,763,763_5.bmp,preprocessed_results\763\763_5.bmp,762,762,762,0.894580066204071,763,0.004575543105602264,0.8900045230984688,762|763|726|806|595,0.89458007|0.00457554|0.00327888|0.00311637|0.00290443,1,0.894580066204071,True,762,0.894580066204071,True,762,0.8864448666572571,True,762,0.8141148686408997,True,762,0.9264835119247437,True,c12_correct
763,764,764_9.bmp,preprocessed_results\764\764_9.bmp,763,763,763,0.6972387433052063,59,0.008532971143722534,0.6887057721614838,763|59|695|295|179,0.69723874|0.00853297|0.00842549|0.00806328|0.00744398,1,0.6972387433052063,True,763,0.6972387433052063,True,763,0.4626695513725281,True,763,0.8256973028182983,True,763,0.7456676363945007,True,c12_correct
764,765,765_10.bmp,preprocessed_results\765\765_10.bmp,764,764,764,0.8639364838600159,780,0.010610837489366531,0.8533256463706493,764|780|570|658|752,0.86393648|0.01061084|0.00470393|0.00348836|0.00316294,1,0.8639364838600159,True,764,0.8639364838600159,True,764,0.8529503345489502,True,764,0.8475973010063171,True,764,0.8283530473709106,True,c12_correct
765,766,766_4.bmp,preprocessed_results\766\766_4.bmp,765,765,765,0.8735994696617126,683,0.012959294952452183,0.8606401747092605,765|683|757|759|36,0.87359947|0.01295929|0.00806883|0.00437554|0.00375721,1,0.8735994696617126,True,765,0.8735994696617126,True,765,0.8672357797622681,True,765,0.8218420743942261,True,765,0.843184232711792,True,c12_correct
766,767,767_1.bmp,preprocessed_results\767\767_1.bmp,766,766,766,0.752963125705719,241,0.023518696427345276,0.7294444292783737,766|241|240|811|242,0.75296313|0.02351870|0.01985800|0.00684891|0.00590149,1,0.752963125705719,True,766,0.752963125705719,True,766,0.8010082244873047,True,766,0.8330778479576111,True,766,0.7541123032569885,True,c12_correct
767,768,768_7.bmp,preprocessed_results\768\768_7.bmp,767,767,767,0.9291049242019653,766,0.0069534932263195515,0.9221514309756458,767|766|762|792|756,0.92910492|0.00695349|0.00370142|0.00198680|0.00123228,1,0.9291049242019653,True,767,0.9291049242019653,True,767,0.8669053912162781,True,767,0.8321184515953064,True,767,0.881009042263031,True,c12_correct
768,769,769_3.bmp,preprocessed_results\769\769_3.bmp,768,768,768,0.3937028646469116,643,0.03176787123084068,0.36193499341607094,768|643|658|620|728,0.39370286|0.03176787|0.03034137|0.02824149|0.02410221,1,0.3937028646469116,True,768,0.3937028646469116,True,768,0.6220777034759521,True,768,0.8202661871910095,True,768,0.6661307215690613,True,c12_correct
769,770,770_7.bmp,preprocessed_results\770\770_7.bmp,769,769,769,0.7175266146659851,768,0.04992000758647919,0.6676066070795059,769|768|807|791|709,0.71752661|0.04992001|0.01250375|0.00613473|0.00571919,1,0.7175266146659851,True,769,0.7175266146659851,True,769,0.844516932964325,True,769,0.8198307156562805,True,769,0.7372100353240967,True,c12_correct
770,771,771_5.bmp,preprocessed_results\771\771_5.bmp,770,770,770,0.9264872074127197,825,0.003807410364970565,0.9226797970477492,770|825|310|782|593,0.92648721|0.00380741|0.00263620|0.00260851|0.00241461,1,0.9264872074127197,True,770,0.9264872074127197,True,770,0.9242972135543823,True,770,0.8612874150276184,True,770,0.8671259880065918,True,c12_correct
771,772,772_2.bmp,preprocessed_results\772\772_2.bmp,771,771,771,0.8758584856987,770,0.005234035663306713,0.8706244500353932,771|770|324|421|825,0.87585849|0.00523404|0.00468995|0.00435026|0.00315846,1,0.8758584856987,True,771,0.8758584856987,True,771,0.8333413600921631,True,771,0.8263617753982544,True,771,0.8189568519592285,True,c12_correct
772,773,773_2.bmp,preprocessed_results\773\773_2.bmp,772,772,772,0.9015534520149231,773,0.012439930811524391,0.8891135212033987,772|773|707|706|709,0.90155345|0.01243993|0.00282667|0.00239790|0.00228179,1,0.9015534520149231,True,772,0.9015534520149231,True,772,0.7737786173820496,True,772,0.8130958080291748,True,772,0.802988588809967,True,c12_correct
773,774,774_10.bmp,preprocessed_results\774\774_10.bmp,773,773,773,0.7912205457687378,772,0.021752258762717247,0.7694682870060205,773|772|327|607|700,0.79122055|0.02175226|0.02016867|0.01105496|0.00460931,1,0.7912205457687378,True,773,0.7912205457687378,True,773,0.2890675961971283,True,773,0.7663669586181641,True,773,0.5089797377586365,True,c12_correct
774,775,775_1.bmp,preprocessed_results\775\775_1.bmp,774,774,774,0.7162315845489502,718,0.015823250636458397,0.7004083339124918,774|718|678|738|356,0.71623158|0.01582325|0.01214978|0.00722980|0.00703441,1,0.7162315845489502,True,774,0.7162315845489502,True,774,0.6370245218276978,True,774,0.8085955381393433,True,774,0.6804124712944031,True,c12_correct
775,776,776_9.bmp,preprocessed_results\776\776_9.bmp,775,775,775,0.8004207611083984,774,0.011401122435927391,0.789019638672471,775|774|630|243|709,0.80042076|0.01140112|0.00351386|0.00318203|0.00316261,1,0.8004207611083984,True,775,0.8004207611083984,True,775,0.7591488361358643,True,775,0.83292156457901,True,775,0.7964518070220947,True,c12_correct
776,777,777_7.bmp,preprocessed_results\777\777_7.bmp,776,776,776,0.6141788959503174,777,0.03388650342822075,0.5802923925220966,776|777|659|728|675,0.61417890|0.03388650|0.01840183|0.01233697|0.00793249,1,0.6141788959503174,True,776,0.6141788959503174,True,776,0.35153302550315857,True,776,0.8151620626449585,True,776,0.5621093511581421,True,c12_correct
777,778,778_3.bmp,preprocessed_results\778\778_3.bmp,777,777,777,0.871914267539978,776,0.011997411027550697,0.8599168565124273,777|776|597|735|759,0.87191427|0.01199741|0.00821528|0.00594217|0.00382054,1,0.871914267539978,True,777,0.871914267539978,True,777,0.8554141521453857,True,777,0.8536622524261475,True,777,0.7581092715263367,True,c12_correct
778,779,779_2.bmp,preprocessed_results\779\779_2.bmp,778,778,778,0.8311982154846191,593,0.006175249814987183,0.825022965669632,778|593|779|782|157,0.83119822|0.00617525|0.00570239|0.00458031|0.00383331,1,0.8311982154846191,True,778,0.8311982154846191,True,778,0.8275300860404968,True,778,0.7983047366142273,True,778,0.8338059186935425,True,c12_correct
779,780,780_7.bmp,preprocessed_results\780\780_7.bmp,779,779,779,0.8439719080924988,754,0.017046496272087097,0.8269254118204117,779|754|23|778|621,0.84397191|0.01704650|0.01306215|0.00489975|0.00296325,1,0.8439719080924988,True,779,0.8439719080924988,True,779,0.7505873441696167,True,779,0.8327327966690063,True,779,0.8817277550697327,True,c12_correct
780,781,781_4.bmp,preprocessed_results\781\781_4.bmp,780,780,780,0.8027231097221375,764,0.046549759805202484,0.756173349916935,780|764|781|820|163,0.80272311|0.04654976|0.00841031|0.00664156|0.00478227,1,0.8027231097221375,True,780,0.8027231097221375,True,780,0.7823757529258728,True,780,0.8120697140693665,True,780,0.7439947128295898,True,c12_correct
781,782,782_8.bmp,preprocessed_results\782\782_8.bmp,781,781,781,0.5384130477905273,812,0.025674855336546898,0.5127381924539804,781|812|7|780|761,0.53841305|0.02567486|0.01871744|0.01500832|0.01190432,1,0.5384130477905273,True,781,0.5384130477905273,True,781,0.5130535364151001,True,781,0.809104859828949,True,781,0.7177642583847046,True,c12_correct
782,783,783_5.bmp,preprocessed_results\783\783_5.bmp,782,782,782,0.8923001289367676,783,0.004068952053785324,0.8882311768829823,782|783|729|311|675,0.89230013|0.00406895|0.00269668|0.00261332|0.00254118,1,0.8923001289367676,True,782,0.8923001289367676,True,782,0.8377717137336731,True,782,0.8274394869804382,True,782,0.8592616319656372,True,c12_correct
783,784,784_3.bmp,preprocessed_results\784\784_3.bmp,783,783,783,0.5286460518836975,715,0.015193123370409012,0.5134529285132885,783|715|788|611|710,0.52864605|0.01519312|0.01517428|0.01286114|0.01098089,1,0.5286460518836975,True,783,0.5286460518836975,True,783,0.682346522808075,True,783,0.823278546333313,True,783,0.701256513595581,True,c12_correct
784,785,785_5.bmp,preprocessed_results\785\785_5.bmp,784,784,784,0.9322245717048645,758,0.005718818865716457,0.926505752839148,784|758|785|572|573,0.93222457|0.00571882|0.00359877|0.00312765|0.00272360,1,0.9322245717048645,True,784,0.9322245717048645,True,784,0.7829760313034058,True,784,0.8028006553649902,True,784,0.7331425547599792,True,c12_correct
785,786,786_5.bmp,preprocessed_results\786\786_5.bmp,785,785,785,0.6023605465888977,186,0.0214410200715065,0.5809195265173912,785|186|199|708|740,0.60236055|0.02144102|0.01669926|0.01334232|0.01060216,1,0.6023605465888977,True,785,0.6023605465888977,True,785,0.4986671805381775,True,785,0.8118979930877686,True,785,0.6348058581352234,True,c12_correct
786,787,787_7.bmp,preprocessed_results\787\787_7.bmp,786,786,786,0.9045030474662781,211,0.0036554443649947643,0.9008476031012833,786|211|746|638|623,0.90450305|0.00365544|0.00280414|0.00262504|0.00249244,1,0.9045030474662781,True,786,0.9045030474662781,True,786,0.7983059287071228,True,786,0.8385656476020813,True,786,0.8324108719825745,True,c12_correct
787,788,788_4.bmp,preprocessed_results\788\788_4.bmp,787,787,787,0.7778025269508362,723,0.011594186536967754,0.7662083404138684,787|723|214|575|546,0.77780253|0.01159419|0.00432574|0.00407053|0.00379233,1,0.7778025269508362,True,787,0.7778025269508362,True,787,0.7396114468574524,True,787,0.8288825750350952,True,787,0.8266700506210327,True,c12_correct
788,789,789_3.bmp,preprocessed_results\789\789_3.bmp,788,788,788,0.7722945809364319,710,0.026170169934630394,0.7461244110018015,788|710|601|706|246,0.77229458|0.02617017|0.00779716|0.00720343|0.00514004,1,0.7722945809364319,True,788,0.7722945809364319,True,788,0.8578034043312073,True,788,0.8190180659294128,True,788,0.8522015810012817,True,c12_correct
789,790,790_6.bmp,preprocessed_results\790\790_6.bmp,789,789,789,0.7837775349617004,786,0.005133767146617174,0.7786437678150833,789|786|695|254|747,0.78377753|0.00513377|0.00487214|0.00454336|0.00447744,1,0.7837775349617004,True,789,0.7837775349617004,True,789,0.8916593194007874,True,789,0.8339644074440002,True,789,0.8176243305206299,True,c12_correct
790,791,791_6.bmp,preprocessed_results\791\791_6.bmp,790,790,790,0.9113050699234009,757,0.003984309732913971,0.9073207601904869,790|757|621|827|734,0.91130507|0.00398431|0.00209334|0.00194928|0.00194543,1,0.9113050699234009,True,790,0.9113050699234009,True,790,0.8379978537559509,True,790,0.8025386929512024,True,790,0.808245062828064,True,c12_correct
791,792,792_9.bmp,preprocessed_results\792\792_9.bmp,791,791,791,0.7165398597717285,814,0.023615550249814987,0.6929243095219135,791|814|586|807|741,0.71653986|0.02361555|0.01466920|0.01012430|0.00849625,1,0.7165398597717285,True,791,0.7165398597717285,True,791,0.5546739101409912,True,791,0.8044087886810303,True,791,0.649776816368103,True,c12_correct
792,793,793_1.bmp,preprocessed_results\793\793_1.bmp,792,792,792,0.6308901309967041,791,0.032876696437597275,0.5980134345591068,792|791|597|768|752,0.63089013|0.03287670|0.01381416|0.01253274|0.01115153,1,0.6308901309967041,True,792,0.6308901309967041,True,792,0.5016608238220215,True,792,0.8311678171157837,True,792,0.7395445704460144,True,c12_correct
793,794,794_2.bmp,preprocessed_results\794\794_2.bmp,793,793,793,0.811479389667511,633,0.008406034670770168,0.8030733549967408,793|633|792|730|145,0.81147939|0.00840603|0.00461335|0.00423562|0.00400420,1,0.811479389667511,True,793,0.811479389667511,True,793,0.7918055653572083,True,793,0.8197426795959473,True,793,0.8239144682884216,True,c12_correct
794,795,795_7.bmp,preprocessed_results\795\795_7.bmp,794,794,794,0.9199554324150085,776,0.0022185032721608877,0.9177369291428477,794|776|798|64|771,0.91995543|0.00221850|0.00166890|0.00145243|0.00144772,1,0.9199554324150085,True,794,0.9199554324150085,True,794,0.8861412405967712,True,794,0.838858962059021,True,794,0.8409881591796875,True,c12_correct
795,796,796_5.bmp,preprocessed_results\796\796_5.bmp,795,795,795,0.9085459113121033,24,0.007417535409331322,0.901128375902772,795|24|10|262|749,0.90854591|0.00741754|0.00291745|0.00236494|0.00211107,1,0.9085459113121033,True,795,0.9085459113121033,True,795,0.8512799739837646,True,795,0.809112548828125,True,795,0.7890259027481079,True,c12_correct
796,797,797_6.bmp,preprocessed_results\797\797_6.bmp,796,796,796,0.754899799823761,797,0.013277249410748482,0.7416225504130125,796|797|633|817|60,0.75489980|0.01327725|0.00590088|0.00530445|0.00516074,1,0.754899799823761,True,796,0.754899799823761,True,796,0.7734987139701843,True,796,0.8278284072875977,True,796,0.7948226928710938,True,c12_correct
797,798,798_4.bmp,preprocessed_results\798\798_4.bmp,797,797,797,0.8407905697822571,796,0.01715879701077938,0.8236317727714777,797|796|816|817|749,0.84079057|0.01715880|0.00921870|0.00410700|0.00388897,1,0.8407905697822571,True,797,0.8407905697822571,True,797,0.8465627431869507,True,797,0.8372403979301453,True,797,0.861422061920166,True,c12_correct
798,799,799_7.bmp,preprocessed_results\799\799_7.bmp,798,798,798,0.801292896270752,340,0.016979707404971123,0.7843131888657808,798|340|632|799|187,0.80129290|0.01697971|0.00787437|0.00470631|0.00446784,1,0.801292896270752,True,798,0.801292896270752,True,798,0.7958263158798218,True,798,0.8344866633415222,True,798,0.8338578939437866,True,c12_correct
799,800,800_9.bmp,preprocessed_results\800\800_9.bmp,799,799,799,0.6839601397514343,820,0.01964493654668331,0.664315203204751,799|820|784|831|824,0.68396014|0.01964494|0.00848104|0.00842851|0.00838464,1,0.6839601397514343,True,799,0.6839601397514343,True,799,0.6425712704658508,True,799,0.7443276047706604,True,799,0.7117093801498413,True,c12_correct
800,801,801_9.bmp,preprocessed_results\801\801_9.bmp,800,800,800,0.7646058797836304,801,0.018966997042298317,0.745638882741332,800|801|690|784|406,0.76460588|0.01896700|0.01085204|0.01006068|0.00956335,1,0.7646058797836304,True,800,0.7646058797836304,True,800,0.6927305459976196,True,800,0.8028324842453003,True,800,0.7952053546905518,True,c12_correct
801,802,802_10.bmp,preprocessed_results\802\802_10.bmp,801,801,801,0.8758912682533264,800,0.007864343002438545,0.8680269252508879,801|800|805|833|548,0.87589127|0.00786434|0.00712372|0.00328500|0.00277152,1,0.8758912682533264,True,801,0.8758912682533264,True,801,0.7864294052124023,True,801,0.8212141394615173,True,801,0.8285868167877197,True,c12_correct
802,803,803_6.bmp,preprocessed_results\803\803_6.bmp,802,802,802,0.6772834658622742,808,0.04747007414698601,0.6298133917152882,802|808|677|641|634,0.67728347|0.04747007|0.02893201|0.02269124|0.01537691,1,0.6772834658622742,True,802,0.6772834658622742,True,802,0.6579345464706421,True,802,0.8390828371047974,True,802,0.7771684527397156,True,c12_correct
803,804,804_5.bmp,preprocessed_results\804\804_5.bmp,803,803,803,0.8745203018188477,802,0.021381884813308716,0.8531384170055389,803|802|677|678|679,0.87452030|0.02138188|0.01023449|0.00493504|0.00423247,1,0.8745203018188477,True,803,0.8745203018188477,True,803,0.8135547041893005,True,803,0.829255998134613,True,803,0.7941527962684631,True,c12_correct
804,805,805_6.bmp,preprocessed_results\805\805_6.bmp,804,804,804,0.9264189004898071,648,0.01597677916288376,0.9104421213269234,804|648|372|640|116,0.92641890|0.01597678|0.00331257|0.00262528|0.00137608,1,0.9264189004898071,True,804,0.9264189004898071,True,804,0.8623617887496948,True,804,0.8114106059074402,True,804,0.8332839012145996,True,c12_correct
805,806,806_2.bmp,preprocessed_results\806\806_2.bmp,805,805,805,0.831687331199646,667,0.01079154945909977,0.8208957817405462,805|667|635|814|833,0.83168733|0.01079155|0.00992047|0.00493160|0.00425692,1,0.831687331199646,True,805,0.831687331199646,True,805,0.8003060817718506,True,805,0.8363927602767944,True,805,0.8092162013053894,True,c12_correct
806,807,807_10.bmp,preprocessed_results\807\807_10.bmp,806,806,806,0.9044751524925232,807,0.007731602527201176,0.896743549965322,806|807|823|151|822,0.90447515|0.00773160|0.00524978|0.00353333|0.00259326,1,0.9044751524925232,True,806,0.9044751524925232,True,806,0.8478014469146729,True,806,0.8689967393875122,True,806,0.8691104650497437,True,c12_correct
807,808,808_9.bmp,preprocessed_results\808\808_9.bmp,807,807,807,0.8698741793632507,806,0.0062949503771960735,0.8635792289860547,807|806|327|777|724,0.86987418|0.00629495|0.00497562|0.00280622|0.00264602,1,0.8698741793632507,True,807,0.8698741793632507,True,807,0.665131688117981,True,807,0.8398054242134094,True,807,0.7523230314254761,True,c12_correct
808,809,809_9.bmp,preprocessed_results\809\809_9.bmp,808,808,808,0.7872302532196045,684,0.01212457474321127,0.7751056784763932,808|684|802|809|474,0.78723025|0.01212457|0.01081635|0.00918100|0.00575564,1,0.7872302532196045,True,808,0.7872302532196045,True,808,0.8457425236701965,True,808,0.8338132500648499,True,808,0.8517754077911377,True,c12_correct
809,810,810_2.bmp,preprocessed_results\810\810_2.bmp,809,809,809,0.9083834886550903,679,0.01274182740598917,0.8956416612491012,809|679|678|714|826,0.90838349|0.01274183|0.00580577|0.00396350|0.00300722,1,0.9083834886550903,True,809,0.9083834886550903,True,809,0.9014624357223511,True,809,0.8320712447166443,True,809,0.8451311588287354,True,c12_correct
810,811,811_6.bmp,preprocessed_results\811\811_6.bmp,810,810,810,0.763343334197998,830,0.020326463505625725,0.7430168706923723,810|830|806|286|650,0.76334333|0.02032646|0.00989679|0.00796255|0.00745413,1,0.763343334197998,True,810,0.763343334197998,True,810,0.6556991934776306,True,810,0.7777270078659058,True,810,0.7712095379829407,True,c12_correct
811,812,812_7.bmp,preprocessed_results\812\812_7.bmp,811,811,811,0.9565255045890808,810,0.005435101687908173,0.9510904029011726,811|810|761|697|764,0.95652550|0.00543510|0.00194763|0.00136907|0.00117051,1,0.9565255045890808,True,811,0.9565255045890808,True,811,0.8971156477928162,True,811,0.8440882563591003,True,811,0.8868623971939087,True,c12_correct
812,813,813_10.bmp,preprocessed_results\813\813_10.bmp,812,812,812,0.7950976490974426,781,0.060644716024398804,0.7344529330730438,812|781|702|780|268,0.79509765|0.06064472|0.01162583|0.00553371|0.00448095,1,0.7950976490974426,True,812,0.7950976490974426,True,812,0.7530909180641174,True,812,0.8285841941833496,True,812,0.7057342529296875,True,c12_correct
813,814,814_7.bmp,preprocessed_results\814\814_7.bmp,813,813,813,0.9188098311424255,809,0.007202720735222101,0.9116071104072034,813|809|812|827|774,0.91880983|0.00720272|0.00371980|0.00290290|0.00190832,1,0.9188098311424255,True,813,0.9188098311424255,True,813,0.8159284591674805,True,813,0.8379573822021484,True,813,0.8712455034255981,True,c12_correct
814,815,815_1.bmp,preprocessed_results\815\815_1.bmp,814,814,814,0.9014567136764526,805,0.012937644496560097,0.8885190691798925,814|805|815|833|679,0.90145671|0.01293764|0.00722449|0.00275099|0.00205532,1,0.9014567136764526,True,814,0.9014567136764526,True,814,0.9168203473091125,True,814,0.8445712924003601,True,814,0.8545490503311157,True,c12_correct
815,816,816_10.bmp,preprocessed_results\816\816_10.bmp,815,815,815,0.8655274510383606,814,0.006724989973008633,0.858802461065352,815|814|712|805|738,0.86552745|0.00672499|0.00312632|0.00305622|0.00299296,1,0.8655274510383606,True,815,0.8655274510383606,True,815,0.8046196699142456,True,815,0.8444237112998962,True,815,0.7264080047607422,True,c12_correct
816,817,817_10.bmp,preprocessed_results\817\817_10.bmp,816,816,816,0.8221632242202759,796,0.015975091606378555,0.8061881326138973,816|796|340|797|37,0.82216322|0.01597509|0.01293567|0.01077011|0.00678068,1,0.8221632242202759,True,816,0.8221632242202759,True,816,0.7738312482833862,True,816,0.8452804684638977,True,816,0.8351038098335266,True,c12_correct
817,818,818_5.bmp,preprocessed_results\818\818_5.bmp,817,817,817,0.8423269987106323,110,0.010642162524163723,0.8316848361864686,817|110|602|183|792,0.84232700|0.01064216|0.00792154|0.00539001|0.00358666,1,0.8423269987106323,True,817,0.8423269987106323,True,817,0.8523483872413635,True,817,0.8392099738121033,True,817,0.8518121838569641,True,c12_correct
818,819,819_3.bmp,preprocessed_results\819\819_3.bmp,818,818,818,0.8317827582359314,769,0.008688909001648426,0.823093849234283,818|769|330|749|331,0.83178276|0.00868891|0.00537734|0.00428998|0.00359034,1,0.8317827582359314,True,818,0.8317827582359314,True,818,0.8573648929595947,True,818,0.8437612652778625,True,818,0.823134183883667,True,c12_correct
819,820,820_7.bmp,preprocessed_results\820\820_7.bmp,819,819,819,0.9067471623420715,695,0.0026312018744647503,0.9041159604676068,819|695|739|713|757,0.90674716|0.00263120|0.00262168|0.00192518|0.00175165,1,0.9067471623420715,True,819,0.9067471623420715,True,819,0.8287280201911926,True,819,0.8267502188682556,True,819,0.8885705471038818,True,c12_correct
820,821,821_2.bmp,preprocessed_results\821\821_2.bmp,820,820,820,0.8482929468154907,780,0.008922291919589043,0.8393706548959017,820|780|572|764|734,0.84829295|0.00892229|0.00680859|0.00594521|0.00591547,1,0.8482929468154907,True,820,0.8482929468154907,True,820,0.7628335952758789,True,820,0.8203697204589844,True,820,0.8466358184814453,True,c12_correct
821,822,822_3.bmp,preprocessed_results\822\822_3.bmp,821,821,821,0.8503014445304871,673,0.006956569384783506,0.8433448751457036,821|673|740|790|658,0.85030144|0.00695657|0.00516016|0.00345418|0.00343126,1,0.8503014445304871,True,821,0.8503014445304871,True,821,0.8118764758110046,True,821,0.8407095074653625,True,821,0.8323631882667542,True,c12_correct
822,823,823_10.bmp,preprocessed_results\823\823_10.bmp,822,822,822,0.9286419749259949,823,0.0030267268884927034,0.9256152480375022,822|823|752|596|780,0.92864197|0.00302673|0.00298567|0.00224628|0.00205010,1,0.9286419749259949,True,822,0.9286419749259949,True,822,0.8878539204597473,True,822,0.8384420871734619,True,822,0.8571101427078247,True,c12_correct
823,824,824_8.bmp,preprocessed_results\824\824_8.bmp,823,823,823,0.819631040096283,588,0.007931875996291637,0.8116991640999913,823|588|700|805|732,0.81963104|0.00793188|0.00448074|0.00378499|0.00370706,1,0.819631040096283,True,823,0.819631040096283,True,823,0.8278863430023193,True,823,0.8354722857475281,True,823,0.8636191487312317,True,c12_correct
824,825,825_10.bmp,preprocessed_results\825\825_10.bmp,824,824,824,0.8947381973266602,830,0.0049053276889026165,0.8898328696377575,824|830|570|571|93,0.89473820|0.00490533|0.00393132|0.00287136|0.00197991,1,0.8947381973266602,True,824,0.8947381973266602,True,824,0.7188448905944824,True,824,0.7918769717216492,True,824,0.6961085796356201,True,c12_correct
825,826,826_2.bmp,preprocessed_results\826\826_2.bmp,825,825,825,0.8959956765174866,573,0.004678035620599985,0.8913176408968866,825|573|759|668|770,0.89599568|0.00467804|0.00449412|0.00318514|0.00261746,1,0.8959956765174866,True,825,0.8959956765174866,True,825,0.9235658049583435,True,825,0.8366360068321228,True,825,0.8013372421264648,True,c12_correct
826,827,827_10.bmp,preprocessed_results\827\827_10.bmp,826,826,826,0.8726558089256287,827,0.020137714222073555,0.8525180947035551,826|827|644|809|162,0.87265581|0.02013771|0.00821519|0.00521704|0.00272273,1,0.8726558089256287,True,826,0.8726558089256287,True,826,0.8816589713096619,True,826,0.8449801206588745,True,826,0.780332088470459,True,c12_correct
827,828,828_10.bmp,preprocessed_results\828\828_10.bmp,827,827,827,0.892044186592102,826,0.01850280351936817,0.8735413830727339,827|826|644|645|636,0.89204419|0.01850280|0.00732317|0.00311241|0.00303638,1,0.892044186592102,True,827,0.892044186592102,True,827,0.7068804502487183,True,827,0.8418859243392944,True,827,0.7859734296798706,True,c12_correct
828,829,829_2.bmp,preprocessed_results\829\829_2.bmp,828,828,828,0.8932329416275024,811,0.005200679879635572,0.8880322617478669,828|811|580|790|692,0.89323294|0.00520068|0.00440127|0.00350934|0.00310666,1,0.8932329416275024,True,828,0.8932329416275024,True,828,0.6957080364227295,True,828,0.8078099489212036,True,828,0.5804144144058228,True,c12_correct
829,830,830_5.bmp,preprocessed_results\830\830_5.bmp,829,829,829,0.9049547910690308,99,0.0043476945720613,0.9006070964969695,829|99|588|809|665,0.90495479|0.00434769|0.00377572|0.00322924|0.00237246,1,0.9049547910690308,True,829,0.9049547910690308,True,829,0.8663713932037354,True,829,0.8249068260192871,True,829,0.8298493027687073,True,c12_correct
830,831,831_8.bmp,preprocessed_results\831\831_8.bmp,830,830,830,0.8988661170005798,620,0.009342045523226261,0.8895240714773536,830|620|831|824|287,0.89886612|0.00934205|0.00747970|0.00430005|0.00245222,1,0.8988661170005798,True,830,0.8988661170005798,True,830,0.8657361268997192,True,830,0.8167375922203064,True,830,0.8117547631263733,True,c12_correct
831,832,832_9.bmp,preprocessed_results\832\832_9.bmp,831,831,831,0.16394737362861633,425,0.05073586851358414,0.1132115051150322,831|425|799|752|806,0.16394737|0.05073587|0.04075228|0.03571076|0.01934341,1,0.16394737362861633,True,831,0.16394737362861633,True,830,0.03701392188668251,False,831,0.794791579246521,True,831,0.29672980308532715,True,c12_correct
832,833,833_10.bmp,preprocessed_results\833\833_10.bmp,832,832,832,0.40310466289520264,564,0.01866605319082737,0.38443860970437527,832|564|282|77|606,0.40310466|0.01866605|0.01761102|0.01017538|0.00982931,1,0.40310466289520264,True,832,0.40310466289520264,True,832,0.8061517477035522,True,832,0.8294907808303833,True,832,0.8162710666656494,True,c12_correct
833,834,834_8.bmp,preprocessed_results\834\834_8.bmp,833,833,833,0.8801380395889282,563,0.005884178914129734,0.8742538606747985,833|563|712|832|584,0.88013804|0.00588418|0.00427663|0.00392332|0.00248511,1,0.8801380395889282,True,833,0.8801380395889282,True,833,0.8513408899307251,True,833,0.8211889863014221,True,833,0.8769004940986633,True,c12_correct
