index,subject_id,filename,path,label,true_label,c12_top1,c12_top1_prob,c12_top2,c12_top2_prob,c12_margin_top1_top2,c12_top5_labels,c12_top5_probs,c12_true_rank,c12_true_prob,c12_true_in_top5,c12_pred,c12_conf,c12_correct,mobilenet_pred,mobilenet_conf,mobilenet_correct,effv2m_pred,effv2m_conf,effv2m_correct,resnet50_pred,resnet50_conf,resnet50_correct,diagnosis
0,1,1_10.bmp,preprocessed_results\1\1_10.bmp,0,0,0,0.8830480575561523,1,0.04630034416913986,0.8367477133870125,0|1|308|13|207,0.88304806|0.04630034|0.00691589|0.00328718|0.00234874,1,0.8830480575561523,True,0,0.8830480575561523,True,0,0.8807249069213867,True,0,0.8586646914482117,True,0,0.8092822432518005,True,c12_correct
1,2,2_9.bmp,preprocessed_results\2\2_9.bmp,1,1,1,0.8128716945648193,0,0.01735006272792816,0.7955216318368912,1|0|97|753|269,0.81287169|0.01735006|0.00578079|0.00369203|0.00337471,1,0.8128716945648193,True,1,0.8128716945648193,True,1,0.8541948199272156,True,1,0.8367971181869507,True,1,0.7320094108581543,True,c12_correct
2,3,3_8.bmp,preprocessed_results\3\3_8.bmp,2,2,2,0.8566187620162964,623,0.02415461279451847,0.8324641492217779,2|623|136|215|90,0.85661876|0.02415461|0.00989086|0.00341203|0.00319633,1,0.8566187620162964,True,2,0.8566187620162964,True,2,0.6435295343399048,True,2,0.7944902181625366,True,2,0.7591208219528198,True,c12_correct
3,4,4_6.bmp,preprocessed_results\4\4_6.bmp,3,3,3,0.9219815731048584,711,0.002252415521070361,0.919729157583788,3|711|191|319|2,0.92198157|0.00225242|0.00224324|0.00222159|0.00209973,1,0.9219815731048584,True,3,0.9219815731048584,True,3,0.9039043188095093,True,3,0.8390026092529297,True,3,0.7672256827354431,True,c12_correct
4,5,5_10.bmp,preprocessed_results\5\5_10.bmp,4,4,4,0.756615400314331,170,0.03991265594959259,0.7167027443647385,4|170|198|269|256,0.75661540|0.03991266|0.01251325|0.00743369|0.00545362,1,0.756615400314331,True,4,0.756615400314331,True,4,0.601411759853363,True,4,0.8194741010665894,True,4,0.7296889424324036,True,c12_correct
5,6,6_6.bmp,preprocessed_results\6\6_6.bmp,5,5,5,0.5388591885566711,171,0.3013143539428711,0.23754483461380005,5|171|813|13|715,0.53885919|0.30131435|0.00894092|0.00429778|0.00384998,1,0.5388591885566711,True,5,0.5388591885566711,True,5,0.43013983964920044,True,5,0.7179867029190063,True,5,0.2726656496524811,True,c12_correct
6,7,7_10.bmp,preprocessed_results\7\7_10.bmp,6,6,6,0.6929965615272522,246,0.025736995041370392,0.6672595664858818,6|246|738|538|717,0.69299656|0.02573700|0.00841012|0.00715229|0.00687456,1,0.6929965615272522,True,6,0.6929965615272522,True,6,0.5747631192207336,True,6,0.796624481678009,True,6,0.5902025103569031,True,c12_correct
7,8,8_4.bmp,preprocessed_results\8\8_4.bmp,7,7,7,0.5776181817054749,6,0.09690263867378235,0.4807155430316925,7|6|733|644|177,0.57761818|0.09690264|0.01765962|0.01305721|0.00864803,1,0.5776181817054749,True,7,0.5776181817054749,True,7,0.5926808714866638,True,7,0.8468852639198303,True,7,0.6875666975975037,True,c12_correct
8,9,9_10.bmp,preprocessed_results\9\9_10.bmp,8,8,8,0.8565558791160583,184,0.009047050029039383,0.847508829087019,8|184|164|230|72,0.85655588|0.00904705|0.00518387|0.00377168|0.00341854,1,0.8565558791160583,True,8,0.8565558791160583,True,8,0.5520250797271729,True,8,0.8310112357139587,True,8,0.6806895136833191,True,c12_correct
9,10,10_5.bmp,preprocessed_results\10\10_5.bmp,9,9,9,0.6814557909965515,120,0.05543678626418114,0.6260190047323704,9|120|55|8|300,0.68145579|0.05543679|0.01532689|0.00943513|0.00892153,1,0.6814557909965515,True,9,0.6814557909965515,True,9,0.619391918182373,True,9,0.8094950914382935,True,9,0.6716591119766235,True,c12_correct
10,11,11_3.bmp,preprocessed_results\11\11_3.bmp,10,10,10,0.8039997816085815,795,0.012689485214650631,0.7913102963939309,10|795|807|262|94,0.80399978|0.01268949|0.00594171|0.00485172|0.00471267,1,0.8039997816085815,True,10,0.8039997816085815,True,10,0.8380301594734192,True,10,0.8394871354103088,True,10,0.7967588901519775,True,c12_correct
11,12,12_2.bmp,preprocessed_results\12\12_2.bmp,11,11,11,0.9477741718292236,728,0.0035778088495135307,0.9441963629797101,11|728|658|50|101,0.94777417|0.00357781|0.00318209|0.00222063|0.00159220,1,0.9477741718292236,True,11,0.9477741718292236,True,11,0.928759753704071,True,11,0.8239507675170898,True,11,0.7952887415885925,True,c12_correct
12,13,13_2.bmp,preprocessed_results\13\13_2.bmp,12,12,12,0.4771416485309601,544,0.014352587051689625,0.46278906147927046,12|544|24|338|136,0.47714165|0.01435259|0.01056132|0.01044196|0.00895626,1,0.4771416485309601,True,12,0.4771416485309601,True,12,0.5140480399131775,True,12,0.8241737484931946,True,12,0.7720719575881958,True,c12_correct
13,14,14_6.bmp,preprocessed_results\14\14_6.bmp,13,13,13,0.7178778052330017,5,0.015404216013848782,0.7024735892191529,13|5|783|311|69,0.71787781|0.01540422|0.01412547|0.01117665|0.01014097,1,0.7178778052330017,True,13,0.7178778052330017,True,13,0.7909603118896484,True,13,0.8155294060707092,True,13,0.6058489084243774,True,c12_correct
14,15,15_10.bmp,preprocessed_results\15\15_10.bmp,14,14,14,0.7017358541488647,190,0.02185138314962387,0.6798844709992409,14|190|307|15|187,0.70173585|0.02185138|0.01112289|0.01044740|0.00969785,1,0.7017358541488647,True,14,0.7017358541488647,True,14,0.7235614061355591,True,14,0.8184342384338379,True,14,0.6824061274528503,True,c12_correct
15,16,16_2.bmp,preprocessed_results\16\16_2.bmp,15,15,15,0.8869574069976807,621,0.01315210573375225,0.8738053012639284,15|621|777|275|143,0.88695741|0.01315211|0.00252912|0.00239189|0.00236710,1,0.8869574069976807,True,15,0.8869574069976807,True,15,0.8461008667945862,True,15,0.8468760848045349,True,15,0.8123117089271545,True,c12_correct
16,17,17_4.bmp,preprocessed_results\17\17_4.bmp,16,16,16,0.3288276493549347,62,0.04417070746421814,0.28465694189071655,16|62|670|82|17,0.32882765|0.04417071|0.03838439|0.01997077|0.01712011,1,0.3288276493549347,True,16,0.3288276493549347,True,16,0.3511635661125183,True,16,0.8122283220291138,True,16,0.4472997188568115,True,c12_correct
17,18,18_7.bmp,preprocessed_results\18\18_7.bmp,17,17,17,0.36314746737480164,811,0.02590275928378105,0.3372447080910206,17|811|243|108|780,0.36314747|0.02590276|0.01695438|0.01134806|0.01087718,1,0.36314746737480164,True,17,0.36314746737480164,True,17,0.1562063843011856,True,17,0.5694795250892639,True,17,0.3814961612224579,True,c12_correct
18,19,19_10.bmp,preprocessed_results\19\19_10.bmp,18,18,18,0.8715259432792664,19,0.009276309050619602,0.8622496342286468,18|19|135|396|591,0.87152594|0.00927631|0.00478446|0.00425238|0.00245052,1,0.8715259432792664,True,18,0.8715259432792664,True,18,0.7634387016296387,True,18,0.840829074382782,True,18,0.7625004649162292,True,c12_correct
19,20,20_8.bmp,preprocessed_results\20\20_8.bmp,19,19,19,0.6295815110206604,18,0.03808203339576721,0.5914994776248932,19|18|205|784|748,0.62958151|0.03808203|0.01393343|0.00854262|0.00644853,1,0.6295815110206604,True,19,0.6295815110206604,True,19,0.6597826480865479,True,19,0.8270338177680969,True,19,0.7015617489814758,True,c12_correct
20,21,21_4.bmp,preprocessed_results\21\21_4.bmp,20,20,20,0.8312065601348877,21,0.02838818170130253,0.8028183784335852,20|21|225|290|275,0.83120656|0.02838818|0.00933804|0.00613730|0.00564171,1,0.8312065601348877,True,20,0.8312065601348877,True,20,0.9255138635635376,True,20,0.8117364048957825,True,20,0.8344922065734863,True,c12_correct
21,22,22_10.bmp,preprocessed_results\22\22_10.bmp,21,21,21,0.6325773596763611,275,0.03879409655928612,0.593783263117075,21|275|290|93|14,0.63257736|0.03879410|0.01383925|0.00983922|0.00942260,1,0.6325773596763611,True,21,0.6325773596763611,True,21,0.6421736478805542,True,21,0.8118278384208679,True,21,0.617303729057312,True,c12_correct
22,23,23_1.bmp,preprocessed_results\23\23_1.bmp,22,22,22,0.5745018124580383,429,0.017757045105099678,0.5567447673529387,22|429|51|23|383,0.57450181|0.01775705|0.01124452|0.01021563|0.00705622,1,0.5745018124580383,True,22,0.5745018124580383,True,22,0.7866286039352417,True,22,0.8204826712608337,True,22,0.7457966804504395,True,c12_correct
23,24,24_3.bmp,preprocessed_results\24\24_3.bmp,23,23,23,0.851713240146637,129,0.010815511457622051,0.8408977286890149,23|129|149|195|269,0.85171324|0.01081551|0.00465621|0.00303447|0.00236856,1,0.851713240146637,True,23,0.851713240146637,True,23,0.8302608132362366,True,23,0.8364779353141785,True,23,0.8065637350082397,True,c12_correct
24,25,25_6.bmp,preprocessed_results\25\25_6.bmp,24,24,24,0.8617518544197083,88,0.012756823562085629,0.8489950308576226,24|88|94|238|2,0.86175185|0.01275682|0.01099611|0.00809462|0.00399159,1,0.8617518544197083,True,24,0.8617518544197083,True,24,0.7651947140693665,True,24,0.8136984705924988,True,24,0.7999095320701599,True,c12_correct
25,26,26_7.bmp,preprocessed_results\26\26_7.bmp,25,25,25,0.2878066599369049,495,0.023651057854294777,0.26415560208261013,25|495|409|522|547,0.28780666|0.02365106|0.02288004|0.01804454|0.01679688,1,0.2878066599369049,True,25,0.2878066599369049,True,25,0.06464889645576477,True,25,0.7919244766235352,True,25,0.41483059525489807,True,c12_correct
26,27,27_3.bmp,preprocessed_results\27\27_3.bmp,26,26,26,0.8511232137680054,27,0.014495154842734337,0.836628058925271,26|27|266|130|22,0.85112321|0.01449515|0.00665870|0.00531110|0.00458813,1,0.8511232137680054,True,26,0.8511232137680054,True,26,0.8164071440696716,True,26,0.8006393909454346,True,26,0.7260542511940002,True,c12_correct
27,28,28_10.bmp,preprocessed_results\28\28_10.bmp,27,27,27,0.9558351635932922,26,0.006320606917142868,0.9495145566761494,27|26|590|332|271,0.95583516|0.00632061|0.00252479|0.00151028|0.00129801,1,0.9558351635932922,True,27,0.9558351635932922,True,27,0.7906268835067749,True,27,0.8479205965995789,True,27,0.8497887253761292,True,c12_correct
28,29,29_2.bmp,preprocessed_results\29\29_2.bmp,28,28,28,0.4052996039390564,423,0.022076977416872978,0.3832226265221834,28|423|189|203|223,0.40529960|0.02207698|0.01882425|0.01453307|0.01418206,1,0.4052996039390564,True,28,0.4052996039390564,True,28,0.626236081123352,True,28,0.8167579174041748,True,28,0.6886655688285828,True,c12_correct
29,30,30_1.bmp,preprocessed_results\30\30_1.bmp,29,29,29,0.9124720096588135,28,0.011296752840280533,0.9011752568185329,29|28|189|198|59,0.91247201|0.01129675|0.00499989|0.00172030|0.00148133,1,0.9124720096588135,True,29,0.9124720096588135,True,29,0.5189663171768188,True,29,0.8354495763778687,True,29,0.6698707342147827,True,c12_correct
30,31,31_2.bmp,preprocessed_results\31\31_2.bmp,30,30,30,0.8474589586257935,315,0.009786790236830711,0.8376721683889627,30|315|195|194|247,0.84745896|0.00978679|0.00738961|0.00712787|0.00633794,1,0.8474589586257935,True,30,0.8474589586257935,True,30,0.6529351472854614,True,30,0.8002597093582153,True,30,0.6364003419876099,True,c12_correct
31,32,32_1.bmp,preprocessed_results\32\32_1.bmp,31,31,31,0.7207227349281311,30,0.1559063345193863,0.5648164004087448,31|30|144|667|788,0.72072273|0.15590633|0.00558955|0.00499657|0.00387366,1,0.7207227349281311,True,31,0.7207227349281311,True,31,0.7627430558204651,True,31,0.7920277714729309,True,31,0.45891278982162476,True,c12_correct
32,33,33_2.bmp,preprocessed_results\33\33_2.bmp,32,32,32,0.947879433631897,89,0.003902559634298086,0.9439768739975989,32|89|305|25|54,0.94787943|0.00390256|0.00343089|0.00143144|0.00131173,1,0.947879433631897,True,32,0.947879433631897,True,32,0.7682380676269531,True,32,0.821094274520874,True,32,0.7448704242706299,True,c12_correct
33,34,34_9.bmp,preprocessed_results\34\34_9.bmp,33,33,33,0.9136853218078613,218,0.006603623740375042,0.9070816980674863,33|218|32|212|206,0.91368532|0.00660362|0.00532048|0.00240739|0.00166485,1,0.9136853218078613,True,33,0.9136853218078613,True,33,0.8822765946388245,True,33,0.848554253578186,True,33,0.8941352367401123,True,c12_correct
34,35,35_5.bmp,preprocessed_results\35\35_5.bmp,34,34,34,0.6402668952941895,35,0.021762197837233543,0.6185046974569559,34|35|204|200|217,0.64026690|0.02176220|0.01950005|0.01375452|0.00754302,1,0.6402668952941895,True,34,0.6402668952941895,True,34,0.7380006313323975,True,34,0.7965006828308105,True,34,0.6176049709320068,True,c12_correct
35,36,36_1.bmp,preprocessed_results\36\36_1.bmp,35,35,35,0.6944609880447388,212,0.019364582374691963,0.6750964056700468,35|212|450|284|68,0.69446099|0.01936458|0.01576929|0.01274479|0.00918288,1,0.6944609880447388,True,35,0.6944609880447388,True,35,0.6518524289131165,True,35,0.8184676766395569,True,35,0.49229666590690613,True,c12_correct
36,37,37_10.bmp,preprocessed_results\37\37_10.bmp,36,36,36,0.3514302670955658,119,0.03179464116692543,0.31963562592864037,36|119|759|735|290,0.35143027|0.03179464|0.01847399|0.01460766|0.01456369,1,0.3514302670955658,True,36,0.3514302670955658,True,36,0.38822150230407715,True,36,0.7999899983406067,True,36,0.727613091468811,True,c12_correct
37,38,38_8.bmp,preprocessed_results\38\38_8.bmp,37,37,37,0.1091570109128952,36,0.05370950698852539,0.05544750392436981,37|36|243|431|769,0.10915701|0.05370951|0.03786666|0.03379470|0.02519048,1,0.1091570109128952,True,37,0.1091570109128952,True,37,0.1673590987920761,True,37,0.7726715803146362,True,37,0.20163676142692566,True,c12_correct
38,39,39_4.bmp,preprocessed_results\39\39_4.bmp,38,38,38,0.29035279154777527,173,0.05210617557168007,0.2382466159760952,38|173|172|59|39,0.29035279|0.05210618|0.03905609|0.02814551|0.02351496,1,0.29035279154777527,True,38,0.29035279154777527,True,38,0.2230079174041748,True,38,0.5822464227676392,True,38,0.25276806950569153,True,c12_correct
39,40,40_4.bmp,preprocessed_results\40\40_4.bmp,39,39,39,0.79584801197052,519,0.004716092720627785,0.7911319192498922,39|519|28|440|198,0.79584801|0.00471609|0.00436787|0.00409469|0.00388567,1,0.79584801197052,True,39,0.79584801197052,True,39,0.224213108420372,True,39,0.803942084312439,True,39,0.5198343992233276,True,c12_correct
40,41,41_2.bmp,preprocessed_results\41\41_2.bmp,40,40,40,0.427681565284729,41,0.030029863119125366,0.39765170216560364,40|41|80|453|125,0.42768157|0.03002986|0.02803045|0.02455105|0.01530021,1,0.427681565284729,True,40,0.427681565284729,True,40,0.24941806495189667,True,40,0.7928423881530762,True,40,0.6868985295295715,True,c12_correct
41,42,42_10.bmp,preprocessed_results\42\42_10.bmp,41,41,41,0.9133666753768921,40,0.004788637161254883,0.9085780382156372,41|40|336|315|175,0.91336668|0.00478864|0.00265273|0.00219904|0.00215558,1,0.9133666753768921,True,41,0.9133666753768921,True,41,0.8734882473945618,True,41,0.8249853849411011,True,41,0.8626769185066223,True,c12_correct
42,43,43_1.bmp,preprocessed_results\43\43_1.bmp,42,42,42,0.7234067320823669,173,0.015776943415403366,0.7076297886669636,42|173|304|328|102,0.72340673|0.01577694|0.00781224|0.00694718|0.00522446,1,0.7234067320823669,True,42,0.7234067320823669,True,42,0.3920891582965851,True,42,0.8104299306869507,True,42,0.7076659798622131,True,c12_correct
43,44,44_10.bmp,preprocessed_results\44\44_10.bmp,43,43,43,0.7920171618461609,720,0.010415279306471348,0.7816018825396895,43|720|440|356|786,0.79201716|0.01041528|0.00624450|0.00514886|0.00462131,1,0.7920171618461609,True,43,0.7920171618461609,True,43,0.4377520680427551,True,43,0.8148924708366394,True,43,0.7492145895957947,True,c12_correct
44,45,45_6.bmp,preprocessed_results\45\45_6.bmp,44,44,44,0.32636722922325134,144,0.038024287670850754,0.2883429415524006,44|144|45|364|716,0.32636723|0.03802429|0.02177203|0.01721288|0.01689230,1,0.32636722922325134,True,44,0.32636722922325134,True,44,0.5076844096183777,True,44,0.748665452003479,True,44,0.5809341073036194,True,c12_correct
45,46,46_10.bmp,preprocessed_results\46\46_10.bmp,45,45,45,0.4735337197780609,44,0.026538321748375893,0.446995398029685,45|44|305|294|77,0.47353372|0.02653832|0.01767799|0.01358750|0.01351011,1,0.4735337197780609,True,45,0.4735337197780609,True,45,0.3774649202823639,True,45,0.7789205312728882,True,45,0.4231581687927246,True,c12_correct
46,47,47_4.bmp,preprocessed_results\47\47_4.bmp,46,46,46,0.7806630730628967,295,0.010455620475113392,0.7702074525877833,46|295|411|47|216,0.78066307|0.01045562|0.01003662|0.00558002|0.00490157,1,0.7806630730628967,True,46,0.7806630730628967,True,46,0.6877673864364624,True,46,0.8202536106109619,True,46,0.7196124792098999,True,c12_correct
47,48,48_10.bmp,preprocessed_results\48\48_10.bmp,47,47,47,0.5977919101715088,241,0.09076108038425446,0.5070308297872543,47|241|811|759|568,0.59779191|0.09076108|0.02657849|0.01182459|0.01154600,1,0.5977919101715088,True,47,0.5977919101715088,True,47,0.605961263179779,True,47,0.8081603050231934,True,47,0.7619240283966064,True,c12_correct
48,49,49_4.bmp,preprocessed_results\49\49_4.bmp,48,48,48,0.6732707023620605,204,0.014080444350838661,0.6591902580112219,48|204|128|34|313,0.67327070|0.01408044|0.01118646|0.00850027|0.00820561,1,0.6732707023620605,True,48,0.6732707023620605,True,48,0.8156861066818237,True,48,0.8508113026618958,True,48,0.8228476643562317,True,c12_correct
49,50,50_6.bmp,preprocessed_results\50\50_6.bmp,49,49,49,0.7518278956413269,334,0.013038191944360733,0.7387897036969662,49|334|105|25|48,0.75182790|0.01303819|0.01298982|0.01074294|0.00995879,1,0.7518278956413269,True,49,0.7518278956413269,True,49,0.4845832586288452,True,49,0.7833954691886902,True,49,0.5612953901290894,True,c12_correct
50,51,51_1.bmp,preprocessed_results\51\51_1.bmp,50,50,50,0.5629037022590637,51,0.0285478588193655,0.5343558434396982,50|51|517|334|322,0.56290370|0.02854786|0.02064987|0.01697616|0.01206092,1,0.5629037022590637,True,50,0.5629037022590637,True,50,0.3544188439846039,True,50,0.7341454029083252,True,50,0.34317246079444885,True,c12_correct
51,52,52_10.bmp,preprocessed_results\52\52_10.bmp,51,51,51,0.7859543561935425,50,0.009346924722194672,0.7766074314713478,51|50|252|766|160,0.78595436|0.00934692|0.00694708|0.00678838|0.00387537,1,0.7859543561935425,True,51,0.7859543561935425,True,51,0.7491098642349243,True,51,0.8387874960899353,True,51,0.7764038443565369,True,c12_correct
52,53,53_8.bmp,preprocessed_results\53\53_8.bmp,52,52,52,0.6774070262908936,53,0.02306181937456131,0.6543452069163322,52|53|494|163|313,0.67740703|0.02306182|0.01952082|0.01332442|0.00942275,1,0.6774070262908936,True,52,0.6774070262908936,True,52,0.5507976412773132,True,52,0.7985531687736511,True,52,0.6830511093139648,True,c12_correct
53,54,54_6.bmp,preprocessed_results\54\54_6.bmp,53,53,53,0.9402487874031067,52,0.007912377826869488,0.9323364095762372,53|52|128|163|824,0.94024879|0.00791238|0.00147495|0.00140463|0.00104814,1,0.9402487874031067,True,53,0.9402487874031067,True,53,0.8920429944992065,True,53,0.8253206610679626,True,53,0.8081114888191223,True,c12_correct
54,55,55_7.bmp,preprocessed_results\55\55_7.bmp,54,54,54,0.9189022183418274,55,0.004782506264746189,0.9141197120770812,54|55|101|795|100,0.91890222|0.00478251|0.00377099|0.00250920|0.00204323,1,0.9189022183418274,True,54,0.9189022183418274,True,54,0.7777950763702393,True,54,0.8272848725318909,True,54,0.7903697490692139,True,c12_correct
55,56,56_10.bmp,preprocessed_results\56\56_10.bmp,55,55,55,0.8795253038406372,339,0.007218821905553341,0.8723064819350839,55|339|107|54|215,0.87952530|0.00721882|0.00543490|0.00300667|0.00252318,1,0.8795253038406372,True,55,0.8795253038406372,True,55,0.8364313244819641,True,55,0.818697452545166,True,55,0.7862163186073303,True,c12_correct
56,57,57_1.bmp,preprocessed_results\57\57_1.bmp,56,56,56,0.49581947922706604,194,0.01939702406525612,0.4764224551618099,56|194|195|561|114,0.49581948|0.01939702|0.01441201|0.00903579|0.00871550,1,0.49581947922706604,True,56,0.49581947922706604,True,56,0.18220864236354828,True,56,0.7715623378753662,True,56,0.6962523460388184,True,c12_correct
57,58,58_6.bmp,preprocessed_results\58\58_6.bmp,57,57,57,0.9011867046356201,143,0.006239275448024273,0.8949474291875958,57|143|541|56|247,0.90118670|0.00623928|0.00430255|0.00354247|0.00337713,1,0.9011867046356201,True,57,0.9011867046356201,True,57,0.49123674631118774,True,57,0.8275512456893921,True,57,0.6907556653022766,True,c12_correct
58,59,59_2.bmp,preprocessed_results\59\59_2.bmp,58,58,58,0.7725085020065308,88,0.013601233251392841,0.7589072687551379,58|88|102|94|18,0.77250850|0.01360123|0.01145269|0.00775221|0.00732722,1,0.7725085020065308,True,58,0.7725085020065308,True,58,0.5202440023422241,True,58,0.8225477933883667,True,58,0.7890242338180542,True,c12_correct
59,60,60_7.bmp,preprocessed_results\60\60_7.bmp,59,59,59,0.6278548836708069,640,0.008419344201683998,0.6194355394691229,59|640|271|551|722,0.62785488|0.00841934|0.00831500|0.00714707|0.00711086,1,0.6278548836708069,True,59,0.6278548836708069,True,59,0.5646008253097534,True,59,0.8154273629188538,True,59,0.6202681064605713,True,c12_correct
60,61,61_2.bmp,preprocessed_results\61\61_2.bmp,60,60,60,0.7558459639549255,61,0.01092879194766283,0.7449171720072627,60|61|818|49|290,0.75584596|0.01092879|0.00937326|0.00930845|0.00587459,1,0.7558459639549255,True,60,0.7558459639549255,True,60,0.7853826880455017,True,60,0.7712644338607788,True,60,0.5907732248306274,True,c12_correct
61,62,62_4.bmp,preprocessed_results\62\62_4.bmp,61,61,61,0.8466073274612427,104,0.01016831211745739,0.8364390153437853,61|104|105|157|60,0.84660733|0.01016831|0.00912432|0.00361570|0.00332553,1,0.8466073274612427,True,61,0.8466073274612427,True,61,0.8814461827278137,True,61,0.798884928226471,True,61,0.8315823078155518,True,c12_correct
62,63,63_8.bmp,preprocessed_results\63\63_8.bmp,62,62,62,0.30633288621902466,63,0.054524123668670654,0.251808762550354,62|63|267|137|446,0.30633289|0.05452412|0.02455096|0.01438408|0.01334488,1,0.30633288621902466,True,62,0.30633288621902466,True,62,0.476125031709671,True,62,0.8014726638793945,True,62,0.7636124491691589,True,c12_correct
63,64,64_10.bmp,preprocessed_results\64\64_10.bmp,63,63,63,0.841332733631134,62,0.0203247107565403,0.8210080228745937,63|62|26|23|5,0.84133273|0.02032471|0.00369103|0.00263013|0.00236423,1,0.841332733631134,True,63,0.841332733631134,True,63,0.4559694230556488,True,63,0.8451396226882935,True,63,0.8261426687240601,True,c12_correct
64,65,65_6.bmp,preprocessed_results\65\65_6.bmp,64,64,64,0.39656955003738403,65,0.0876806229352951,0.30888892710208893,64|65|316|61|317,0.39656955|0.08768062|0.02090925|0.01589108|0.01395457,1,0.39656955003738403,True,64,0.39656955003738403,True,64,0.5273507237434387,True,64,0.7972436547279358,True,64,0.52939373254776,True,c12_correct
65,66,66_4.bmp,preprocessed_results\66\66_4.bmp,65,65,65,0.6886122226715088,93,0.01783856190741062,0.6707736607640982,65|93|428|235|186,0.68861222|0.01783856|0.01089512|0.00575138|0.00570579,1,0.6886122226715088,True,65,0.6886122226715088,True,65,0.6855688095092773,True,65,0.8091311454772949,True,65,0.740159809589386,True,c12_correct
66,67,67_4.bmp,preprocessed_results\67\67_4.bmp,66,66,66,0.7932553887367249,96,0.024792728945612907,0.768462659791112,66|96|67|250|97,0.79325539|0.02479273|0.01160467|0.01145985|0.00667287,1,0.7932553887367249,True,66,0.7932553887367249,True,66,0.8472670316696167,True,66,0.7875736951828003,True,66,0.7049486637115479,True,c12_correct
67,68,68_7.bmp,preprocessed_results\68\68_7.bmp,67,67,67,0.766875147819519,494,0.012175495736300945,0.7546996520832181,67|494|66|317|79,0.76687515|0.01217550|0.00977132|0.00459846|0.00389070,1,0.766875147819519,True,67,0.766875147819519,True,67,0.8217620849609375,True,67,0.8229901194572449,True,67,0.7200608253479004,True,c12_correct
68,69,69_2.bmp,preprocessed_results\69\69_2.bmp,68,68,68,0.1682347059249878,146,0.0399806872010231,0.1282540187239647,68|146|178|69|267,0.16823471|0.03998069|0.02401313|0.02161056|0.01947925,1,0.1682347059249878,True,68,0.1682347059249878,True,68,0.026988841593265533,True,68,0.7519341111183167,True,68,0.14163829386234283,True,c12_correct
69,70,70_5.bmp,preprocessed_results\70\70_5.bmp,69,69,69,0.8872448205947876,68,0.008297941647469997,0.8789468789473176,69|68|305|163|647,0.88724482|0.00829794|0.00333437|0.00263959|0.00187941,1,0.8872448205947876,True,69,0.8872448205947876,True,69,0.8746724128723145,True,69,0.8396960496902466,True,69,0.7727867364883423,True,c12_correct
70,71,71_8.bmp,preprocessed_results\71\71_8.bmp,70,70,70,0.7077969908714294,483,0.013681168667972088,0.6941158222034574,70|483|220|210|134,0.70779699|0.01368117|0.00782494|0.00636044|0.00634581,1,0.7077969908714294,True,70,0.7077969908714294,True,70,0.7841553092002869,True,70,0.7792479991912842,True,70,0.6955704092979431,True,c12_correct
71,72,72_3.bmp,preprocessed_results\72\72_3.bmp,71,71,71,0.7904276847839355,96,0.013681572861969471,0.7767461119219661,71|96|123|605|164,0.79042768|0.01368157|0.00609742|0.00577284|0.00495360,1,0.7904276847839355,True,71,0.7904276847839355,True,71,0.7174938321113586,True,71,0.8179856538772583,True,71,0.758594810962677,True,c12_correct
72,73,73_7.bmp,preprocessed_results\73\73_7.bmp,72,72,72,0.8440965414047241,103,0.009757922030985355,0.8343386193737388,72|103|146|340|182,0.84409654|0.00975792|0.00925904|0.00793203|0.00398375,1,0.8440965414047241,True,72,0.8440965414047241,True,72,0.8958276510238647,True,72,0.8229001760482788,True,72,0.747757613658905,True,c12_correct
73,74,74_10.bmp,preprocessed_results\74\74_10.bmp,73,73,73,0.964257001876831,72,0.0037561168428510427,0.96050088503398,73|72|296|531|270,0.96425700|0.00375612|0.00373007|0.00191602|0.00115550,1,0.964257001876831,True,73,0.964257001876831,True,73,0.7160604596138,True,73,0.8188269138336182,True,73,0.8023044466972351,True,c12_correct
74,75,75_10.bmp,preprocessed_results\75\75_10.bmp,74,74,74,0.8415003418922424,387,0.00846116617321968,0.8330391757190228,74|387|75|384|203,0.84150034|0.00846117|0.00803327|0.00499972|0.00437119,1,0.8415003418922424,True,74,0.8415003418922424,True,74,0.8527525067329407,True,74,0.8163149356842041,True,74,0.7581993341445923,True,c12_correct
75,76,76_5.bmp,preprocessed_results\76\76_5.bmp,75,75,75,0.2317761927843094,173,0.05520329624414444,0.17657289654016495,75|173|74|91|308,0.23177619|0.05520330|0.02543230|0.02372870|0.02222986,1,0.2317761927843094,True,75,0.2317761927843094,True,75,0.2246255725622177,True,75,0.7689766883850098,True,75,0.4210888147354126,True,c12_correct
76,77,77_7.bmp,preprocessed_results\77\77_7.bmp,76,76,76,0.7992295622825623,165,0.009322097525000572,0.7899074647575617,76|165|546|294|156,0.79922956|0.00932210|0.00598489|0.00591041|0.00470349,1,0.7992295622825623,True,76,0.7992295622825623,True,76,0.8419529795646667,True,76,0.8249607086181641,True,76,0.7500277161598206,True,c12_correct
77,78,78_8.bmp,preprocessed_results\78\78_8.bmp,77,77,77,0.6681565642356873,199,0.0203157439827919,0.6478408202528954,77|199|45|76|142,0.66815656|0.02031574|0.01814230|0.01190091|0.00610307,1,0.6681565642356873,True,77,0.6681565642356873,True,77,0.7245749831199646,True,77,0.8255394101142883,True,77,0.7718297839164734,True,c12_correct
78,79,79_10.bmp,preprocessed_results\79\79_10.bmp,78,78,78,0.9150366187095642,91,0.004511751234531403,0.9105248674750328,78|91|258|335|4,0.91503662|0.00451175|0.00340691|0.00264958|0.00215995,1,0.9150366187095642,True,78,0.9150366187095642,True,78,0.8185819983482361,True,78,0.8190589547157288,True,78,0.7982648611068726,True,c12_correct
79,80,80_7.bmp,preprocessed_results\80\80_7.bmp,79,79,79,0.7620075345039368,83,0.027032557874917984,0.7349749766290188,79|83|534|211|40,0.76200753|0.02703256|0.01273287|0.00791067|0.00642072,1,0.7620075345039368,True,79,0.7620075345039368,True,79,0.7811741232872009,True,79,0.8437343835830688,True,79,0.7179116606712341,True,c12_correct
80,81,81_9.bmp,preprocessed_results\81\81_9.bmp,80,80,80,0.8588513135910034,81,0.009033361449837685,0.8498179521411657,80|81|466|251|166,0.85885131|0.00903336|0.00537454|0.00410179|0.00379147,1,0.8588513135910034,True,80,0.8588513135910034,True,80,0.8158132433891296,True,80,0.8460924625396729,True,80,0.7770246863365173,True,c12_correct
81,82,82_7.bmp,preprocessed_results\82\82_7.bmp,81,81,81,0.8704079389572144,80,0.007325600367039442,0.8630823385901749,81|80|470|47|774,0.87040794|0.00732560|0.00306092|0.00282575|0.00267031,1,0.8704079389572144,True,81,0.8704079389572144,True,81,0.7951616048812866,True,81,0.8131719827651978,True,81,0.7468585968017578,True,c12_correct
82,83,83_4.bmp,preprocessed_results\83\83_4.bmp,82,82,82,0.621873676776886,197,0.0665060505270958,0.5553676262497902,82|197|57|25|167,0.62187368|0.06650605|0.06260500|0.00818167|0.00568463,1,0.621873676776886,True,82,0.621873676776886,True,82,0.2235851287841797,True,82,0.7997211813926697,True,82,0.4985150098800659,True,c12_correct
83,84,84_6.bmp,preprocessed_results\84\84_6.bmp,83,83,83,0.09212519228458405,148,0.05298802629113197,0.03913716599345207,83|148|82|171|57,0.09212519|0.05298803|0.02806811|0.02304997|0.02086251,1,0.09212519228458405,True,83,0.09212519228458405,True,83,0.36072197556495667,True,83,0.7975923418998718,True,83,0.5456641912460327,True,c12_correct
84,85,85_3.bmp,preprocessed_results\85\85_3.bmp,84,84,84,0.9436919689178467,85,0.003211183473467827,0.9404807854443789,84|85|331|671|308,0.94369197|0.00321118|0.00154564|0.00152355|0.00125386,1,0.9436919689178467,True,84,0.9436919689178467,True,84,0.8762915730476379,True,84,0.8383473753929138,True,84,0.8841228485107422,True,c12_correct
85,86,86_7.bmp,preprocessed_results\86\86_7.bmp,85,85,85,0.23453836143016815,84,0.11507581174373627,0.11946254968643188,85|84|725|0|250,0.23453836|0.11507581|0.02483130|0.02227717|0.01521259,1,0.23453836143016815,True,85,0.23453836143016815,True,85,0.032001130282878876,True,85,0.7507665753364563,True,85,0.21948964893817902,True,c12_correct
86,87,87_4.bmp,preprocessed_results\87\87_4.bmp,86,86,86,0.7539809346199036,87,0.03280545398592949,0.7211754806339741,86|87|196|619|450,0.75398093|0.03280545|0.00546648|0.00535280|0.00495796,1,0.7539809346199036,True,86,0.7539809346199036,True,86,0.46734973788261414,True,86,0.7750694751739502,True,86,0.6007105708122253,True,c12_correct
87,88,88_7.bmp,preprocessed_results\88\88_7.bmp,87,87,87,0.4984132945537567,86,0.030267145484685898,0.4681461490690708,87|86|151|262|198,0.49841329|0.03026715|0.02613950|0.01857252|0.01058912,1,0.4984132945537567,True,87,0.4984132945537567,True,87,0.7911491990089417,True,87,0.8361907601356506,True,87,0.7942354083061218,True,c12_correct
88,89,89_2.bmp,preprocessed_results\89\89_2.bmp,88,88,88,0.5107982158660889,8,0.03458082303404808,0.4762173928320408,88|8|156|18|94,0.51079822|0.03458082|0.01800827|0.01399246|0.01219601,1,0.5107982158660889,True,88,0.5107982158660889,True,88,0.6978532671928406,True,88,0.80516117811203,True,88,0.6853646636009216,True,c12_correct
89,90,90_10.bmp,preprocessed_results\90\90_10.bmp,89,89,89,0.2770741283893585,171,0.02496560662984848,0.25210852175951004,89|171|4|423|280,0.27707413|0.02496561|0.01858371|0.01841012|0.01279760,1,0.2770741283893585,True,89,0.2770741283893585,True,89,0.3164088726043701,True,89,0.8305042386054993,True,89,0.40172386169433594,True,c12_correct
90,91,91_8.bmp,preprocessed_results\91\91_8.bmp,90,90,90,0.8847270011901855,91,0.008759449236094952,0.8759675519540906,90|91|214|496|173,0.88472700|0.00875945|0.00382502|0.00290671|0.00276792,1,0.8847270011901855,True,90,0.8847270011901855,True,90,0.8476839065551758,True,90,0.8359744548797607,True,90,0.7084757685661316,True,c12_correct
91,92,92_9.bmp,preprocessed_results\92\92_9.bmp,91,91,91,0.7031002640724182,90,0.09730123728513718,0.605799026787281,91|90|496|78|454,0.70310026|0.09730124|0.03307228|0.00964689|0.00793535,1,0.7031002640724182,True,91,0.7031002640724182,True,91,0.7135505676269531,True,91,0.8198827505111694,True,91,0.7364636063575745,True,c12_correct
92,93,93_4.bmp,preprocessed_results\93\93_4.bmp,92,92,92,0.8533061742782593,151,0.016277015209197998,0.8370291590690613,92|151|87|752|257,0.85330617|0.01627702|0.00795227|0.00414876|0.00414310,1,0.8533061742782593,True,92,0.8533061742782593,True,92,0.8777135610580444,True,92,0.8404753804206848,True,92,0.7434505224227905,True,c12_correct
93,94,94_6.bmp,preprocessed_results\94\94_6.bmp,93,93,93,0.826524019241333,163,0.004346522968262434,0.8221774962730706,93|163|129|309|218,0.82652402|0.00434652|0.00369767|0.00334735|0.00317694,1,0.826524019241333,True,93,0.826524019241333,True,93,0.57289719581604,True,93,0.826086699962616,True,93,0.8152825236320496,True,c12_correct
94,95,95_7.bmp,preprocessed_results\95\95_7.bmp,94,94,94,0.7911174297332764,203,0.00687781535089016,0.7842396143823862,94|203|178|262|88,0.79111743|0.00687782|0.00627701|0.00496561|0.00460683,1,0.7911174297332764,True,94,0.7911174297332764,True,94,0.8332896828651428,True,94,0.8332309126853943,True,94,0.7720972895622253,True,c12_correct
95,96,96_8.bmp,preprocessed_results\96\96_8.bmp,95,95,95,0.9046366810798645,50,0.005347148049622774,0.8992895330302417,95|50|775|813|272,0.90463668|0.00534715|0.00494749|0.00213883|0.00180837,1,0.9046366810798645,True,95,0.9046366810798645,True,95,0.7778681516647339,True,95,0.7915501594543457,True,95,0.7649679780006409,True,c12_correct
96,97,97_9.bmp,preprocessed_results\97\97_9.bmp,96,96,96,0.660116970539093,292,0.040447648614645004,0.619669321924448,96|292|7|300|49,0.66011697|0.04044765|0.02587202|0.00821042|0.00670078,1,0.660116970539093,True,96,0.660116970539093,True,96,0.09452249109745026,True,96,0.7569231390953064,True,96,0.6545661091804504,True,c12_correct
97,98,98_7.bmp,preprocessed_results\98\98_7.bmp,97,97,97,0.7575274705886841,1,0.02428949810564518,0.7332379724830389,97|1|147|303|7,0.75752747|0.02428950|0.00987084|0.00868875|0.00621693,1,0.7575274705886841,True,97,0.7575274705886841,True,97,0.34083837270736694,True,97,0.7955737113952637,True,97,0.581470787525177,True,c12_correct
98,99,99_3.bmp,preprocessed_results\99\99_3.bmp,98,98,98,0.8777619004249573,279,0.002409608568996191,0.8753522918559611,98|279|455|250|545,0.87776190|0.00240961|0.00200732|0.00198792|0.00176319,1,0.8777619004249573,True,98,0.8777619004249573,True,98,0.8331804275512695,True,98,0.8251369595527649,True,98,0.8091744780540466,True,c12_correct
99,100,100_4.bmp,preprocessed_results\100\100_4.bmp,99,99,99,0.8994389772415161,661,0.0033749439753592014,0.8960640332661569,99|661|664|232|279,0.89943898|0.00337494|0.00332978|0.00314966|0.00296504,1,0.8994389772415161,True,99,0.8994389772415161,True,99,0.8797392249107361,True,99,0.8287761807441711,True,99,0.6222241520881653,True,c12_correct
100,101,101_5.bmp,preprocessed_results\101\101_5.bmp,100,100,100,0.8955099582672119,4,0.005052620079368353,0.8904573381878436,100|4|146|132|340,0.89550996|0.00505262|0.00502932|0.00300670|0.00224481,1,0.8955099582672119,True,100,0.8955099582672119,True,100,0.3956323564052582,True,100,0.7405723333358765,True,100,0.7262161374092102,True,c12_correct
101,102,102_4.bmp,preprocessed_results\102\102_4.bmp,101,101,101,0.9115471839904785,325,0.004938569385558367,0.9066086146049201,101|325|723|331|141,0.91154718|0.00493857|0.00277372|0.00240021|0.00206049,1,0.9115471839904785,True,101,0.9115471839904785,True,101,0.902595579624176,True,101,0.8511186242103577,True,101,0.7943485975265503,True,c12_correct
102,103,103_6.bmp,preprocessed_results\103\103_6.bmp,102,102,102,0.6991117596626282,801,0.04026610776782036,0.6588456518948078,102|801|182|72|196,0.69911176|0.04026611|0.02233076|0.01514326|0.01009061,1,0.6991117596626282,True,102,0.6991117596626282,True,102,0.6483811140060425,True,102,0.7950174808502197,True,102,0.4758383333683014,True,c12_correct
103,104,104_8.bmp,preprocessed_results\104\104_8.bmp,103,103,103,0.4457683563232422,102,0.13080361485481262,0.31496474146842957,103|102|605|56|373,0.44576836|0.13080361|0.00957772|0.00943136|0.00893881,1,0.4457683563232422,True,103,0.4457683563232422,True,103,0.14023493230342865,True,103,0.7945865988731384,True,103,0.48975270986557007,True,c12_correct
104,105,105_4.bmp,preprocessed_results\105\105_4.bmp,104,104,104,0.6926641464233398,50,0.031339798122644424,0.6613243483006954,104|50|771|61|131,0.69266415|0.03133980|0.01477114|0.00684238|0.00491993,1,0.6926641464233398,True,104,0.6926641464233398,True,104,0.66318678855896,True,104,0.7871723175048828,True,104,0.5598569512367249,True,c12_correct
105,106,106_4.bmp,preprocessed_results\106\106_4.bmp,105,105,105,0.5884332656860352,152,0.03783164545893669,0.5506016202270985,105|152|26|15|275,0.58843327|0.03783165|0.01407207|0.00948055|0.00856954,1,0.5884332656860352,True,105,0.5884332656860352,True,105,0.7331260442733765,True,105,0.8437362313270569,True,105,0.7526111006736755,True,c12_correct
106,107,107_10.bmp,preprocessed_results\107\107_10.bmp,106,106,106,0.5273520350456238,274,0.036212656646966934,0.49113937839865685,106|274|453|56|512,0.52735204|0.03621266|0.01365346|0.00831912|0.00655365,1,0.5273520350456238,True,106,0.5273520350456238,True,106,0.5406783819198608,True,106,0.7941035628318787,True,106,0.4922419488430023,True,c12_correct
107,108,108_7.bmp,preprocessed_results\108\108_7.bmp,107,107,107,0.9185939431190491,279,0.0032261472661048174,0.9153677958529443,107|279|55|384|712,0.91859394|0.00322615|0.00259828|0.00215480|0.00196989,1,0.9185939431190491,True,107,0.9185939431190491,True,107,0.8775529861450195,True,107,0.8353186249732971,True,107,0.7888235449790955,True,c12_correct
108,109,109_10.bmp,preprocessed_results\109\109_10.bmp,108,108,108,0.9316577315330505,109,0.005265324376523495,0.926392407156527,108|109|233|817|276,0.93165773|0.00526532|0.00245284|0.00136884|0.00106917,1,0.9316577315330505,True,108,0.9316577315330505,True,108,0.8457583785057068,True,108,0.8356016874313354,True,108,0.8565263748168945,True,c12_correct
109,110,110_9.bmp,preprocessed_results\110\110_9.bmp,109,109,109,0.904837965965271,108,0.010007031261920929,0.8948309347033501,109|108|773|63|602,0.90483797|0.01000703|0.00582616|0.00328738|0.00189122,1,0.904837965965271,True,109,0.904837965965271,True,109,0.827057421207428,True,109,0.8375621438026428,True,109,0.7923041582107544,True,c12_correct
110,111,111_7.bmp,preprocessed_results\111\111_7.bmp,110,110,110,0.9349466562271118,111,0.002820062218233943,0.9321265940088779,110|111|807|746|748,0.93494666|0.00282006|0.00230149|0.00210214|0.00180772,1,0.9349466562271118,True,110,0.9349466562271118,True,110,0.8151899576187134,True,110,0.8302757740020752,True,110,0.7916369438171387,True,c12_correct
111,112,112_1.bmp,preprocessed_results\112\112_1.bmp,111,111,111,0.8451642990112305,110,0.011754064820706844,0.8334102341905236,111|110|710|787|698,0.84516430|0.01175406|0.00951909|0.00475888|0.00315984,1,0.8451642990112305,True,111,0.8451642990112305,True,111,0.7532030344009399,True,111,0.832529604434967,True,111,0.8635942339897156,True,c12_correct
112,113,113_2.bmp,preprocessed_results\113\113_2.bmp,112,112,112,0.9355834722518921,795,0.005805215332657099,0.929778256919235,112|795|113|816|22,0.93558347|0.00580522|0.00328720|0.00273017|0.00224277,1,0.9355834722518921,True,112,0.9355834722518921,True,112,0.8074002861976624,True,112,0.8285282254219055,True,112,0.789537250995636,True,c12_correct
113,114,114_1.bmp,preprocessed_results\114\114_1.bmp,113,113,113,0.7270523905754089,112,0.09448081254959106,0.6325715780258179,113|112|128|3|214,0.72705239|0.09448081|0.01111760|0.00590962|0.00584685,1,0.7270523905754089,True,113,0.7270523905754089,True,113,0.8869433403015137,True,113,0.8477755784988403,True,113,0.8546180129051208,True,c12_correct
114,115,115_5.bmp,preprocessed_results\115\115_5.bmp,114,114,114,0.9127928018569946,142,0.004186601378023624,0.908606200478971,114|142|115|144|234,0.91279280|0.00418660|0.00414834|0.00350341|0.00294675,1,0.9127928018569946,True,114,0.9127928018569946,True,114,0.858517050743103,True,114,0.8238390684127808,True,114,0.7999060750007629,True,c12_correct
115,116,116_8.bmp,preprocessed_results\116\116_8.bmp,115,115,115,0.7838006019592285,114,0.015384490601718426,0.7684161113575101,115|114|142|701|699,0.78380060|0.01538449|0.01232792|0.01185855|0.01000683,1,0.7838006019592285,True,115,0.7838006019592285,True,115,0.8030570149421692,True,115,0.823432981967926,True,115,0.8693581223487854,True,c12_correct
116,117,117_6.bmp,preprocessed_results\117\117_6.bmp,116,116,116,0.8165431022644043,152,0.009367571212351322,0.807175531052053,116|152|117|564|569,0.81654310|0.00936757|0.00798091|0.00658042|0.00468745,1,0.8165431022644043,True,116,0.8165431022644043,True,116,0.5297648310661316,True,116,0.8277447819709778,True,116,0.5974102020263672,True,c12_correct
117,118,118_1.bmp,preprocessed_results\118\118_1.bmp,117,117,117,0.4392227828502655,116,0.04927247390151024,0.38995030894875526,117|116|283|539|664,0.43922278|0.04927247|0.01736459|0.01023635|0.00959660,1,0.4392227828502655,True,117,0.4392227828502655,True,117,0.19313696026802063,True,117,0.768704891204834,True,117,0.4743545949459076,True,c12_correct
118,119,119_9.bmp,preprocessed_results\119\119_9.bmp,118,118,118,0.6197701096534729,318,0.027673156931996346,0.5920969527214766,118|318|204|288|128,0.61977011|0.02767316|0.01597659|0.01515425|0.01246621,1,0.6197701096534729,True,118,0.6197701096534729,True,118,0.6040449738502502,True,118,0.7981835603713989,True,118,0.6394839882850647,True,c12_correct
119,120,120_7.bmp,preprocessed_results\120\120_7.bmp,119,119,119,0.7266417145729065,207,0.018834229558706284,0.7078074850142002,119|207|288|187|270,0.72664171|0.01883423|0.01374401|0.00781644|0.00532767,1,0.7266417145729065,True,119,0.7266417145729065,True,119,0.4365595579147339,True,119,0.8015689849853516,True,119,0.6659476161003113,True,c12_correct
120,121,121_7.bmp,preprocessed_results\121\121_7.bmp,120,120,120,0.6684021949768066,274,0.03377832844853401,0.6346238665282726,120|274|396|267|189,0.66840219|0.03377833|0.00895923|0.00895713|0.00513167,1,0.6684021949768066,True,120,0.6684021949768066,True,120,0.24567803740501404,True,120,0.8141081929206848,True,120,0.5666559338569641,True,c12_correct
121,122,122_4.bmp,preprocessed_results\122\122_4.bmp,121,121,121,0.6784555315971375,120,0.01823044940829277,0.6602250821888447,121|120|209|396|40,0.67845553|0.01823045|0.01174309|0.00688437|0.00687158,1,0.6784555315971375,True,121,0.6784555315971375,True,121,0.8331889510154724,True,121,0.8172509074211121,True,121,0.7588832974433899,True,c12_correct
122,123,123_9.bmp,preprocessed_results\123\123_9.bmp,122,122,122,0.9324125647544861,180,0.006132360082119703,0.9262802046723664,122|180|123|205|473,0.93241256|0.00613236|0.00574230|0.00218931|0.00133603,1,0.9324125647544861,True,122,0.9324125647544861,True,122,0.871587336063385,True,122,0.8455568552017212,True,122,0.872175395488739,True,c12_correct
123,124,124_9.bmp,preprocessed_results\124\124_9.bmp,123,123,123,0.8130847215652466,207,0.010462261736392975,0.8026224598288536,123|207|149|187|119,0.81308472|0.01046226|0.00683534|0.00505032|0.00490448,1,0.8130847215652466,True,123,0.8130847215652466,True,123,0.8018882274627686,True,123,0.8397006392478943,True,123,0.80231773853302,True,c12_correct
124,125,125_9.bmp,preprocessed_results\125\125_9.bmp,124,124,124,0.29594695568084717,125,0.07586001604795456,0.2200869396328926,124|125|185|467|231,0.29594696|0.07586002|0.02331216|0.02082372|0.02080844,1,0.29594695568084717,True,124,0.29594695568084717,True,124,0.5464208126068115,True,124,0.7816704511642456,True,124,0.5780638456344604,True,c12_correct
125,126,126_9.bmp,preprocessed_results\126\126_9.bmp,125,125,125,0.8960103988647461,124,0.007368113845586777,0.8886422850191593,125|124|40|405|247,0.89601040|0.00736811|0.00231807|0.00170251|0.00168137,1,0.8960103988647461,True,125,0.8960103988647461,True,125,0.6981365084648132,True,125,0.8288835883140564,True,125,0.7750445008277893,True,c12_correct
126,127,127_2.bmp,preprocessed_results\127\127_2.bmp,126,126,126,0.9336076974868774,247,0.0046566687524318695,0.9289510287344456,126|247|246|182|24,0.93360770|0.00465667|0.00343287|0.00178312|0.00146944,1,0.9336076974868774,True,126,0.9336076974868774,True,126,0.8147421479225159,True,126,0.8071259260177612,True,126,0.8581547737121582,True,c12_correct
127,128,128_4.bmp,preprocessed_results\128\128_4.bmp,127,127,127,0.7793619632720947,441,0.005943242460489273,0.7734187208116055,127|441|552|165|247,0.77936196|0.00594324|0.00476777|0.00418579|0.00415288,1,0.7793619632720947,True,127,0.7793619632720947,True,127,0.8600190877914429,True,127,0.801263689994812,True,127,0.7618902325630188,True,c12_correct
128,129,129_8.bmp,preprocessed_results\129\129_8.bmp,128,128,128,0.950981855392456,207,0.003654738189652562,0.9473271172028035,128|207|52|129|53,0.95098186|0.00365474|0.00285039|0.00282209|0.00243752,1,0.950981855392456,True,128,0.950981855392456,True,128,0.9176016449928284,True,128,0.8296204805374146,True,128,0.8694758415222168,True,c12_correct
129,130,130_7.bmp,preprocessed_results\130\130_7.bmp,129,129,129,0.5696979761123657,243,0.02538602612912655,0.5443119499832392,129|243|128|157|275,0.56969798|0.02538603|0.01129969|0.00964288|0.00877789,1,0.5696979761123657,True,129,0.5696979761123657,True,129,0.5872846841812134,True,129,0.8207898139953613,True,129,0.7634854912757874,True,c12_correct
130,131,131_7.bmp,preprocessed_results\131\131_7.bmp,130,130,130,0.718772828578949,131,0.01905391365289688,0.6997189149260521,130|131|104|268|171,0.71877283|0.01905391|0.01752558|0.01254101|0.00700646,1,0.718772828578949,True,130,0.718772828578949,True,130,0.7277887463569641,True,130,0.8364720940589905,True,130,0.7359280586242676,True,c12_correct
131,132,132_6.bmp,preprocessed_results\132\132_6.bmp,131,131,131,0.9518688321113586,130,0.004734377842396498,0.9471344542689621,131|130|330|288|118,0.95186883|0.00473438|0.00122858|0.00102033|0.00091701,1,0.9518688321113586,True,131,0.9518688321113586,True,131,0.8703324794769287,True,131,0.8311718106269836,True,131,0.8959197998046875,True,c12_correct
132,133,133_3.bmp,preprocessed_results\133\133_3.bmp,132,132,132,0.9448397159576416,671,0.004328291863203049,0.9405114240944386,132|671|775|310|133,0.94483972|0.00432829|0.00295623|0.00167101|0.00121625,1,0.9448397159576416,True,132,0.9448397159576416,True,132,0.868712842464447,True,132,0.8296734094619751,True,132,0.8229104280471802,True,c12_correct
133,134,134_6.bmp,preprocessed_results\134\134_6.bmp,133,133,133,0.8094138503074646,775,0.01187985111027956,0.797533999197185,133|775|132|671|180,0.80941385|0.01187985|0.01108218|0.00533865|0.00461821,1,0.8094138503074646,True,133,0.8094138503074646,True,133,0.7530146837234497,True,133,0.8402273654937744,True,133,0.7523941993713379,True,c12_correct
134,135,135_3.bmp,preprocessed_results\135\135_3.bmp,134,134,134,0.6609949469566345,548,0.030374420806765556,0.630620526149869,134|548|437|246|135,0.66099495|0.03037442|0.01112198|0.00887896|0.00831980,1,0.6609949469566345,True,134,0.6609949469566345,True,134,0.20827709138393402,True,134,0.7575277090072632,True,134,0.4385334551334381,True,c12_correct
135,136,136_1.bmp,preprocessed_results\136\136_1.bmp,135,135,135,0.9122476577758789,28,0.005335361696779728,0.9069122960790992,135|28|565|569|18,0.91224766|0.00533536|0.00420832|0.00182599|0.00161490,1,0.9122476577758789,True,135,0.9122476577758789,True,135,0.6060073375701904,True,135,0.7870514988899231,True,135,0.4044603407382965,True,c12_correct
136,137,137_9.bmp,preprocessed_results\137\137_9.bmp,136,136,136,0.8162810802459717,137,0.007948198355734348,0.8083328818902373,136|137|16|216|172,0.81628108|0.00794820|0.00746383|0.00402081|0.00331908,1,0.8162810802459717,True,136,0.8162810802459717,True,136,0.4424760639667511,True,136,0.8150215744972229,True,136,0.6663075685501099,True,c12_correct
137,138,138_10.bmp,preprocessed_results\138\138_10.bmp,137,137,137,0.9764678478240967,136,0.0027728620916604996,0.9736949857324362,137|136|266|257|34,0.97646785|0.00277286|0.00071706|0.00062303|0.00049120,1,0.9764678478240967,True,137,0.9764678478240967,True,137,0.6915363669395447,True,137,0.8016167283058167,True,137,0.7315720319747925,True,c12_correct
138,139,139_4.bmp,preprocessed_results\139\139_4.bmp,138,138,138,0.9358842968940735,560,0.002275751903653145,0.9336085449904203,138|560|153|405|333,0.93588430|0.00227575|0.00153884|0.00105139|0.00104580,1,0.9358842968940735,True,138,0.9358842968940735,True,138,0.6187554001808167,True,138,0.8126793503761292,True,138,0.7880300879478455,True,c12_correct
139,140,140_2.bmp,preprocessed_results\140\140_2.bmp,139,139,139,0.4889920651912689,268,0.058521006256341934,0.430471058934927,139|268|463|138|560,0.48899207|0.05852101|0.02016875|0.01439310|0.01385998,1,0.4889920651912689,True,139,0.4889920651912689,True,139,0.6756494641304016,True,139,0.8272345066070557,True,139,0.6089816689491272,True,c12_correct
140,141,141_4.bmp,preprocessed_results\141\141_4.bmp,140,140,140,0.0783553496003151,564,0.03603331744670868,0.042322032153606415,140|564|467|334|315,0.07835535|0.03603332|0.02780464|0.01920611|0.01853528,1,0.0783553496003151,True,140,0.0783553496003151,True,141,0.022094620391726494,False,140,0.7283158302307129,True,140,0.06530822813510895,True,c12_correct
141,142,142_7.bmp,preprocessed_results\142\142_7.bmp,141,141,141,0.8003945350646973,140,0.01130796130746603,0.7890865737572312,141|140|154|299|579,0.80039454|0.01130796|0.00864255|0.00671849|0.00420020,1,0.8003945350646973,True,141,0.8003945350646973,True,141,0.8705301880836487,True,141,0.7959815859794617,True,141,0.6441239714622498,True,c12_correct
142,143,143_9.bmp,preprocessed_results\143\143_9.bmp,142,142,142,0.9323968887329102,247,0.002798305591568351,0.9295985831413418,142|247|701|677|691,0.93239689|0.00279831|0.00150393|0.00144653|0.00144144,1,0.9323968887329102,True,142,0.9323968887329102,True,142,0.8433498740196228,True,142,0.8188344836235046,True,142,0.8558642268180847,True,c12_correct
143,144,144_6.bmp,preprocessed_results\144\144_6.bmp,143,143,143,0.5298944115638733,564,0.048644717782735825,0.48124969378113747,143|564|57|184|677,0.52989441|0.04864472|0.01210854|0.01057816|0.00935766,1,0.5298944115638733,True,143,0.5298944115638733,True,143,0.6582048535346985,True,143,0.8093852400779724,True,143,0.750218391418457,True,c12_correct
144,145,145_10.bmp,preprocessed_results\145\145_10.bmp,144,144,144,0.7860086560249329,145,0.011674800887703896,0.774333855137229,144|145|77|245|57,0.78600866|0.01167480|0.01056990|0.00766677|0.00460800,1,0.7860086560249329,True,144,0.7860086560249329,True,144,0.7101138234138489,True,144,0.819853663444519,True,144,0.7676721811294556,True,c12_correct
145,146,146_7.bmp,preprocessed_results\146\146_7.bmp,145,145,145,0.9425707459449768,476,0.0025953580625355244,0.9399753878824413,145|476|144|438|793,0.94257075|0.00259536|0.00245357|0.00153301|0.00120831,1,0.9425707459449768,True,145,0.9425707459449768,True,145,0.9326630234718323,True,145,0.8330891728401184,True,145,0.8091732263565063,True,c12_correct
146,147,147_3.bmp,preprocessed_results\147\147_3.bmp,146,146,146,0.9461587071418762,186,0.002759216818958521,0.9433994903229177,146|186|708|700|147,0.94615871|0.00275922|0.00239541|0.00186008|0.00138159,1,0.9461587071418762,True,146,0.9461587071418762,True,146,0.8832305669784546,True,146,0.8268202543258667,True,146,0.8632963299751282,True,c12_correct
147,148,148_5.bmp,preprocessed_results\148\148_5.bmp,147,147,147,0.8032773733139038,304,0.010799633339047432,0.7924777399748564,147|304|146|38|326,0.80327737|0.01079963|0.00477648|0.00421658|0.00419595,1,0.8032773733139038,True,147,0.8032773733139038,True,147,0.7279912829399109,True,147,0.8391075134277344,True,147,0.6580083966255188,True,c12_correct
148,149,149_10.bmp,preprocessed_results\149\149_10.bmp,148,148,148,0.9241929054260254,149,0.007483414374291897,0.9167094910517335,148|149|449|178|534,0.92419291|0.00748341|0.00306709|0.00211746|0.00157610,1,0.9241929054260254,True,148,0.9241929054260254,True,148,0.8899001479148865,True,148,0.8064243197441101,True,148,0.8157286047935486,True,c12_correct
149,150,150_9.bmp,preprocessed_results\150\150_9.bmp,149,149,149,0.7773796319961548,148,0.008057554252445698,0.7693220777437091,149|148|178|69|326,0.77737963|0.00805755|0.00607767|0.00461023|0.00423514,1,0.7773796319961548,True,149,0.7773796319961548,True,149,0.8110630512237549,True,149,0.8185693621635437,True,149,0.7895731925964355,True,c12_correct
150,151,151_1.bmp,preprocessed_results\151\151_1.bmp,150,150,150,0.9522987008094788,151,0.002988490043208003,0.9493102107662708,150|151|262|214|101,0.95229870|0.00298849|0.00268845|0.00178077|0.00159080,1,0.9522987008094788,True,150,0.9522987008094788,True,150,0.8370028138160706,True,150,0.8262868523597717,True,150,0.8613103628158569,True,c12_correct
151,152,152_3.bmp,preprocessed_results\152\152_3.bmp,151,151,151,0.9320844411849976,150,0.009190354496240616,0.9228940866887569,151|150|87|257|245,0.93208444|0.00919035|0.00289169|0.00194852|0.00159275,1,0.9320844411849976,True,151,0.9320844411849976,True,151,0.8621994853019714,True,151,0.8132287263870239,True,151,0.8697288036346436,True,c12_correct
152,153,153_6.bmp,preprocessed_results\153\153_6.bmp,152,152,152,0.8373355269432068,153,0.0152096813544631,0.8221258455887437,152|153|552|192|200,0.83733553|0.01520968|0.00510575|0.00443552|0.00385566,1,0.8373355269432068,True,152,0.8373355269432068,True,152,0.8363532423973083,True,152,0.8279730081558228,True,152,0.7846482992172241,True,c12_correct
153,154,154_4.bmp,preprocessed_results\154\154_4.bmp,153,153,153,0.6087566614151001,152,0.03463878482580185,0.5741178765892982,153|152|638|277|121,0.60875666|0.03463878|0.00961963|0.00918438|0.00528855,1,0.6087566614151001,True,153,0.6087566614151001,True,153,0.8115285038948059,True,153,0.8511444926261902,True,153,0.7809192538261414,True,c12_correct
154,155,155_1.bmp,preprocessed_results\155\155_1.bmp,154,154,154,0.4741969704627991,153,0.02167358063161373,0.45252338983118534,154|153|414|434|567,0.47419697|0.02167358|0.01168033|0.00951129|0.00942484,1,0.4741969704627991,True,154,0.4741969704627991,True,154,0.6563773155212402,True,154,0.7553694248199463,True,154,0.3994339406490326,True,c12_correct
155,156,156_4.bmp,preprocessed_results\156\156_4.bmp,155,155,155,0.9020276069641113,459,0.0044797686859965324,0.8975478382781148,155|459|71|575|577,0.90202761|0.00447977|0.00232978|0.00227583|0.00198670,1,0.9020276069641113,True,155,0.9020276069641113,True,155,0.835520327091217,True,155,0.8193793892860413,True,155,0.7775201201438904,True,c12_correct
156,157,157_4.bmp,preprocessed_results\157\157_4.bmp,156,156,156,0.9578768014907837,76,0.003421399975195527,0.9544554015155882,156|76|638|435|304,0.95787680|0.00342140|0.00212697|0.00159214|0.00146445,1,0.9578768014907837,True,156,0.9578768014907837,True,156,0.8068952560424805,True,156,0.8478406071662903,True,156,0.8637118339538574,True,c12_correct
157,158,158_8.bmp,preprocessed_results\158\158_8.bmp,157,157,157,0.6027814745903015,60,0.06029714643955231,0.5424843281507492,157|60|135|203|211,0.60278147|0.06029715|0.01409785|0.00662481|0.00580610,1,0.6027814745903015,True,157,0.6027814745903015,True,157,0.6611343026161194,True,157,0.8001556992530823,True,157,0.7132526636123657,True,c12_correct
158,159,159_1.bmp,preprocessed_results\159\159_1.bmp,158,158,158,0.34844595193862915,92,0.0421132855117321,0.30633266642689705,158|92|119|187|186,0.34844595|0.04211329|0.03970389|0.03705418|0.03229079,1,0.34844595193862915,True,158,0.34844595193862915,True,158,0.7010530829429626,True,158,0.8117755055427551,True,158,0.7012854814529419,True,c12_correct
159,160,160_2.bmp,preprocessed_results\160\160_2.bmp,159,159,159,0.6031551361083984,225,0.013050502166152,0.5901046339422464,159|225|87|158|737,0.60315514|0.01305050|0.01233375|0.00786353|0.00702635,1,0.6031551361083984,True,159,0.6031551361083984,True,159,0.6661088466644287,True,159,0.8215495944023132,True,159,0.7436680197715759,True,c12_correct
160,161,161_2.bmp,preprocessed_results\161\161_2.bmp,160,160,160,0.8479791879653931,164,0.016420863568782806,0.8315583243966103,160|164|242|532|296,0.84797919|0.01642086|0.00442782|0.00361582|0.00298960,1,0.8479791879653931,True,160,0.8479791879653931,True,160,0.8526556491851807,True,160,0.8050232529640198,True,160,0.820405125617981,True,c12_correct
161,162,162_1.bmp,preprocessed_results\162\162_1.bmp,161,161,161,0.8844162821769714,228,0.002964641898870468,0.881451640278101,161|228|127|788|534,0.88441628|0.00296464|0.00234930|0.00206527|0.00200336,1,0.8844162821769714,True,161,0.8844162821769714,True,161,0.797141969203949,True,161,0.8428506851196289,True,161,0.7490168809890747,True,c12_correct
162,163,163_6.bmp,preprocessed_results\163\163_6.bmp,162,162,162,0.8407811522483826,15,0.01013366412371397,0.8306474881246686,162|15|589|659|763,0.84078115|0.01013366|0.00530888|0.00510685|0.00509380,1,0.8407811522483826,True,162,0.8407811522483826,True,162,0.9035300612449646,True,162,0.8371347188949585,True,162,0.8153663277626038,True,c12_correct
163,164,164_5.bmp,preprocessed_results\164\164_5.bmp,163,163,163,0.8871490359306335,139,0.0028906764928251505,0.8842583594378084,163|139|277|52|142,0.88714904|0.00289068|0.00261422|0.00200223|0.00187739,1,0.8871490359306335,True,163,0.8871490359306335,True,163,0.8881769180297852,True,163,0.8575111627578735,True,163,0.7255865335464478,True,c12_correct
164,165,165_8.bmp,preprocessed_results\165\165_8.bmp,164,164,164,0.8444546461105347,379,0.00567899364978075,0.8387756524607539,164|379|156|530|214,0.84445465|0.00567899|0.00370340|0.00358912|0.00294830,1,0.8444546461105347,True,164,0.8444546461105347,True,164,0.7812374830245972,True,164,0.8020152449607849,True,164,0.8257097005844116,True,c12_correct
165,166,166_10.bmp,preprocessed_results\166\166_10.bmp,165,165,165,0.7473444938659668,164,0.036493588238954544,0.7108509056270123,165|164|449|603|798,0.74734449|0.03649359|0.00724357|0.00631049|0.00538878,1,0.7473444938659668,True,165,0.7473444938659668,True,165,0.5112488865852356,True,165,0.8095921874046326,True,165,0.603300154209137,True,c12_correct
166,167,167_3.bmp,preprocessed_results\167\167_3.bmp,166,166,166,0.8778491616249084,195,0.004586910363286734,0.8732622512616217,166|195|332|209|114,0.87784916|0.00458691|0.00239158|0.00226873|0.00181883,1,0.8778491616249084,True,166,0.8778491616249084,True,166,0.8218576908111572,True,166,0.8294761776924133,True,166,0.8195942044258118,True,c12_correct
167,168,168_2.bmp,preprocessed_results\168\168_2.bmp,167,167,167,0.9275506138801575,7,0.002873525721952319,0.9246770881582052,167|7|62|274|236,0.92755061|0.00287353|0.00161641|0.00157168|0.00143663,1,0.9275506138801575,True,167,0.9275506138801575,True,167,0.8021335005760193,True,167,0.7979095578193665,True,167,0.8171961307525635,True,c12_correct
168,169,169_5.bmp,preprocessed_results\169\169_5.bmp,168,168,168,0.8049240708351135,169,0.026974784210324287,0.7779492866247892,168|169|290|20|264,0.80492407|0.02697478|0.01991710|0.01676630|0.01079291,1,0.8049240708351135,True,168,0.8049240708351135,True,168,0.7974244952201843,True,168,0.8168457746505737,True,168,0.7132217884063721,True,c12_correct
169,170,170_5.bmp,preprocessed_results\170\170_5.bmp,169,169,169,0.8866983652114868,40,0.004170052707195282,0.8825283125042915,169|40|29|289|307,0.88669837|0.00417005|0.00384890|0.00285123|0.00263450,1,0.8866983652114868,True,169,0.8866983652114868,True,169,0.8553663492202759,True,169,0.8771561980247498,True,169,0.8854435682296753,True,c12_correct
170,171,171_4.bmp,preprocessed_results\171\171_4.bmp,170,170,170,0.9313315153121948,527,0.0020282201003283262,0.9293032952118665,170|527|187|799|4,0.93133152|0.00202822|0.00178791|0.00170697|0.00122515,1,0.9313315153121948,True,170,0.9313315153121948,True,170,0.7291039824485779,True,170,0.8119744062423706,True,170,0.858112633228302,True,c12_correct
171,172,172_7.bmp,preprocessed_results\172\172_7.bmp,171,171,171,0.8581336140632629,5,0.05109664052724838,0.8070369735360146,171|5|431|234|456,0.85813361|0.05109664|0.00408461|0.00216830|0.00212009,1,0.8581336140632629,True,171,0.8581336140632629,True,171,0.8306266069412231,True,171,0.8253284096717834,True,171,0.8125949501991272,True,c12_correct
172,173,173_10.bmp,preprocessed_results\173\173_10.bmp,172,172,172,0.8048418164253235,173,0.010466672480106354,0.7943751439452171,172|173|338|59|42,0.80484182|0.01046667|0.00460504|0.00447435|0.00385315,1,0.8048418164253235,True,172,0.8048418164253235,True,172,0.7578164339065552,True,172,0.8331236839294434,True,172,0.7167661190032959,True,c12_correct
173,174,174_7.bmp,preprocessed_results\174\174_7.bmp,173,173,173,0.607283890247345,172,0.046566445380449295,0.5607174448668957,173|172|125|194|832,0.60728389|0.04656645|0.01760870|0.01723813|0.01091074,1,0.607283890247345,True,173,0.607283890247345,True,173,0.5832736492156982,True,173,0.7467624545097351,True,173,0.19913488626480103,True,c12_correct
174,175,175_9.bmp,preprocessed_results\175\175_9.bmp,174,174,174,0.8212577104568481,302,0.0064757876098155975,0.8147819228470325,174|302|580|248|123,0.82125771|0.00647579|0.00442409|0.00373428|0.00283147,1,0.8212577104568481,True,174,0.8212577104568481,True,174,0.7172622084617615,True,174,0.8420572280883789,True,174,0.854189932346344,True,c12_correct
175,176,176_9.bmp,preprocessed_results\176\176_9.bmp,175,175,175,0.8978608250617981,174,0.006161512807011604,0.8916993122547865,175|174|234|566|69,0.89786083|0.00616151|0.00332557|0.00227546|0.00183174,1,0.8978608250617981,True,175,0.8978608250617981,True,175,0.7735891342163086,True,175,0.8099017143249512,True,175,0.7913162112236023,True,c12_correct
176,177,177_2.bmp,preprocessed_results\177\177_2.bmp,176,176,176,0.6853972673416138,413,0.010419889353215694,0.6749773779883981,176|413|132|315|536,0.68539727|0.01041989|0.00835912|0.00684931|0.00619823,1,0.6853972673416138,True,176,0.6853972673416138,True,176,0.7942101359367371,True,176,0.8357143402099609,True,176,0.7837280631065369,True,c12_correct
177,178,178_6.bmp,preprocessed_results\178\178_6.bmp,177,177,177,0.5617689490318298,18,0.0334661565721035,0.5283027924597263,177|18|6|644|62,0.56176895|0.03346616|0.01372093|0.01151832|0.00900506,1,0.5617689490318298,True,177,0.5617689490318298,True,177,0.16811606287956238,True,177,0.7692499756813049,True,177,0.3029850423336029,True,c12_correct
178,179,179_7.bmp,preprocessed_results\179\179_7.bmp,178,178,178,0.5494341254234314,314,0.05151718482375145,0.49791694059967995,178|314|188|547|179,0.54943413|0.05151718|0.03375945|0.02121055|0.01150376,1,0.5494341254234314,True,178,0.5494341254234314,True,178,0.33975064754486084,True,178,0.7597794532775879,True,178,0.6061444878578186,True,c12_correct
179,180,180_5.bmp,preprocessed_results\180\180_5.bmp,179,179,179,0.6161187291145325,127,0.01566966436803341,0.6004490647464991,179|127|43|125|167,0.61611873|0.01566966|0.01468080|0.01241296|0.00904363,1,0.6161187291145325,True,179,0.6161187291145325,True,179,0.6312983632087708,True,179,0.8325896263122559,True,179,0.7081709504127502,True,c12_correct
180,181,181_1.bmp,preprocessed_results\181\181_1.bmp,180,180,180,0.8542743921279907,133,0.015225834213197231,0.8390485579147935,180|133|775|557|543,0.85427439|0.01522583|0.00478378|0.00395879|0.00353854,1,0.8542743921279907,True,180,0.8542743921279907,True,180,0.4434238076210022,True,180,0.828423798084259,True,180,0.8463737368583679,True,c12_correct
181,182,182_7.bmp,preprocessed_results\182\182_7.bmp,181,181,181,0.7257711291313171,482,0.012233817018568516,0.7135373121127486,181|482|96|144|77,0.72577113|0.01223382|0.01211474|0.00842707|0.00770485,1,0.7257711291313171,True,181,0.7257711291313171,True,181,0.7225337028503418,True,181,0.7987844944000244,True,181,0.8321947455406189,True,c12_correct
182,183,183_7.bmp,preprocessed_results\183\183_7.bmp,182,182,182,0.9494468569755554,183,0.004711789079010487,0.9447350678965449,182|183|145|553|486,0.94944686|0.00471179|0.00273714|0.00130244|0.00103022,1,0.9494468569755554,True,182,0.9494468569755554,True,182,0.8696910738945007,True,182,0.7900404930114746,True,182,0.725307285785675,True,c12_correct
183,184,184_4.bmp,preprocessed_results\184\184_4.bmp,183,183,183,0.7503972053527832,182,0.007702662143856287,0.7426945432089269,183|182|71|548|76,0.75039721|0.00770266|0.00538855|0.00510706|0.00478879,1,0.7503972053527832,True,183,0.7503972053527832,True,183,0.6980287432670593,True,183,0.8130531311035156,True,183,0.760003387928009,True,c12_correct
184,185,185_4.bmp,preprocessed_results\185\185_4.bmp,184,184,184,0.9489544034004211,117,0.00323209585621953,0.9457223075442016,184|117|221|558|377,0.94895440|0.00323210|0.00165256|0.00138294|0.00105710,1,0.9489544034004211,True,184,0.9489544034004211,True,184,0.7390642762184143,True,184,0.8190711140632629,True,184,0.7744104862213135,True,c12_correct
185,186,186_3.bmp,preprocessed_results\186\186_3.bmp,185,185,185,0.6088188290596008,221,0.0315043143928051,0.5773145146667957,185|221|184|515|81,0.60881883|0.03150431|0.01089811|0.00925736|0.00790841,1,0.6088188290596008,True,185,0.6088188290596008,True,185,0.29822805523872375,True,185,0.7094709873199463,True,185,0.4877299666404724,True,c12_correct
186,187,187_3.bmp,preprocessed_results\187\187_3.bmp,186,186,186,0.7663301825523376,624,0.019260099157691002,0.7470700833946466,186|624|187|146|828,0.76633018|0.01926010|0.01576167|0.00535879|0.00496536,1,0.7663301825523376,True,186,0.7663301825523376,True,186,0.6921707987785339,True,186,0.8258807063102722,True,186,0.8163854479789734,True,c12_correct
187,188,188_2.bmp,preprocessed_results\188\188_2.bmp,187,187,187,0.9322689175605774,186,0.02331024594604969,0.9089586716145277,187|186|319|711|14,0.93226892|0.02331025|0.00193718|0.00176778|0.00138740,1,0.9322689175605774,True,187,0.9322689175605774,True,187,0.8801901340484619,True,187,0.8142859935760498,True,187,0.8107775449752808,True,c12_correct
188,189,189_10.bmp,preprocessed_results\189\189_10.bmp,188,188,188,0.7887359857559204,78,0.013586428016424179,0.7751495577394962,188|78|258|212|35,0.78873599|0.01358643|0.00827820|0.00789163|0.00440391,1,0.7887359857559204,True,188,0.7887359857559204,True,188,0.7862221002578735,True,188,0.8071659207344055,True,188,0.7120335698127747,True,c12_correct
189,190,190_3.bmp,preprocessed_results\190\190_3.bmp,189,189,189,0.7417054176330566,263,0.00811624713242054,0.7335891705006361,189|263|124|167|440,0.74170542|0.00811625|0.00576591|0.00554524|0.00552515,1,0.7417054176330566,True,189,0.7417054176330566,True,189,0.7538758516311646,True,189,0.8346072435379028,True,189,0.7637075185775757,True,c12_correct
190,191,191_7.bmp,preprocessed_results\191\191_7.bmp,190,190,190,0.7683070302009583,298,0.0276221614331007,0.7406848687678576,190|298|529|334|200,0.76830703|0.02762216|0.01141361|0.00760215|0.00712692,1,0.7683070302009583,True,190,0.7683070302009583,True,190,0.8809478878974915,True,190,0.8123565912246704,True,190,0.8308550119400024,True,c12_correct
191,192,192_4.bmp,preprocessed_results\192\192_4.bmp,191,191,191,0.9228020310401917,190,0.0026387860998511314,0.9201632449403405,191|190|348|365|339,0.92280203|0.00263879|0.00160938|0.00152232|0.00145001,1,0.9228020310401917,True,191,0.9228020310401917,True,191,0.6761000156402588,True,191,0.805824875831604,True,191,0.7596541047096252,True,c12_correct
192,193,193_8.bmp,preprocessed_results\193\193_8.bmp,192,192,192,0.9422067403793335,279,0.0016019934555515647,0.9406047469237819,192|279|152|74|213,0.94220674|0.00160199|0.00118478|0.00107837|0.00080109,1,0.9422067403793335,True,192,0.9422067403793335,True,192,0.8635520935058594,True,192,0.8436235785484314,True,192,0.8953000903129578,True,c12_correct
193,194,194_1.bmp,preprocessed_results\194\194_1.bmp,193,193,193,0.46458396315574646,105,0.04675697535276413,0.41782698780298233,193|105|28|748|255,0.46458396|0.04675698|0.04047170|0.02111697|0.01869204,1,0.46458396315574646,True,193,0.46458396315574646,True,193,0.25841450691223145,True,193,0.8001052737236023,True,193,0.523648738861084,True,c12_correct
194,195,195_3.bmp,preprocessed_results\195\195_3.bmp,194,194,194,0.9532594680786133,195,0.009117146953940392,0.9441423211246729,194|195|229|561|242,0.95325947|0.00911715|0.00151592|0.00101576|0.00092419,1,0.9532594680786133,True,194,0.9532594680786133,True,194,0.8073306679725647,True,194,0.8306631445884705,True,194,0.7384713292121887,True,c12_correct
195,196,196_7.bmp,preprocessed_results\196\196_7.bmp,195,195,195,0.9489908218383789,194,0.005630828905850649,0.9433599929325283,195|194|218|166|79,0.94899082|0.00563083|0.00153204|0.00104545|0.00099327,1,0.9489908218383789,True,195,0.9489908218383789,True,195,0.9186434149742126,True,195,0.8346476554870605,True,195,0.8738242387771606,True,c12_correct
196,197,197_3.bmp,preprocessed_results\197\197_3.bmp,196,196,196,0.501276969909668,197,0.030840614810585976,0.470436355099082,196|197|116|451|272,0.50127697|0.03084061|0.01876908|0.01456507|0.01373715,1,0.501276969909668,True,196,0.501276969909668,True,196,0.44837522506713867,True,196,0.8273608684539795,True,196,0.5978438854217529,True,c12_correct
197,198,198_4.bmp,preprocessed_results\198\198_4.bmp,197,197,197,0.7785119414329529,57,0.0171645600348711,0.7613473813980818,197|57|82|44|414,0.77851194|0.01716456|0.01625065|0.00738773|0.00734344,1,0.7785119414329529,True,197,0.7785119414329529,True,197,0.8606288433074951,True,197,0.8093128800392151,True,197,0.8993310332298279,True,c12_correct
198,199,199_5.bmp,preprocessed_results\199\199_5.bmp,198,198,198,0.8839370012283325,199,0.012517645955085754,0.8714193552732468,198|199|78|248|4,0.88393700|0.01251765|0.00330033|0.00248036|0.00243236,1,0.8839370012283325,True,198,0.8839370012283325,True,198,0.7220126390457153,True,198,0.8029091954231262,True,198,0.8736505508422852,True,c12_correct
199,200,200_7.bmp,preprocessed_results\200\200_7.bmp,199,199,199,0.30555105209350586,269,0.1435869038105011,0.16196414828300476,199|269|285|198|284,0.30555105|0.14358690|0.06600857|0.03845527|0.01757230,1,0.30555105209350586,True,199,0.30555105209350586,True,199,0.18955020606517792,True,199,0.7320022583007812,True,199,0.26996520161628723,True,c12_correct
200,201,201_8.bmp,preprocessed_results\201\201_8.bmp,200,200,200,0.7145503163337708,172,0.019655980169773102,0.6948943361639977,200|172|173|358|39,0.71455032|0.01965598|0.01948158|0.01308187|0.01283497,1,0.7145503163337708,True,200,0.7145503163337708,True,200,0.5731226205825806,True,200,0.8169140219688416,True,200,0.6540271043777466,True,c12_correct
201,202,202_9.bmp,preprocessed_results\202\202_9.bmp,201,201,201,0.6910773515701294,291,0.008905017748475075,0.6821723338216543,201|291|206|131|130,0.69107735|0.00890502|0.00837048|0.00774875|0.00745866,1,0.6910773515701294,True,201,0.6910773515701294,True,201,0.6883870363235474,True,201,0.7909005284309387,True,201,0.6317028403282166,True,c12_correct
202,203,203_9.bmp,preprocessed_results\203\203_9.bmp,202,202,202,0.7652924656867981,203,0.015293680131435394,0.7499987855553627,202|203|379|413|122,0.76529247|0.01529368|0.01091199|0.00765143|0.00492455,1,0.7652924656867981,True,202,0.7652924656867981,True,202,0.42812013626098633,True,202,0.8198879361152649,True,202,0.612805962562561,True,c12_correct
203,204,204_1.bmp,preprocessed_results\204\204_1.bmp,203,203,203,0.9503492116928101,202,0.004079214762896299,0.9462699969299138,203|202|188|511|795,0.95034921|0.00407921|0.00074813|0.00071290|0.00066679,1,0.9503492116928101,True,203,0.9503492116928101,True,203,0.862687349319458,True,203,0.8107929825782776,True,203,0.871471643447876,True,c12_correct
204,205,205_5.bmp,preprocessed_results\205\205_5.bmp,204,204,204,0.6927292346954346,262,0.012385477311909199,0.6803437573835254,204|262|118|34|818,0.69272923|0.01238548|0.01103920|0.01102640|0.00778372,1,0.6927292346954346,True,204,0.6927292346954346,True,204,0.6951114535331726,True,204,0.8362873196601868,True,204,0.5314761400222778,True,c12_correct
205,206,206_10.bmp,preprocessed_results\206\206_10.bmp,205,205,205,0.8100995421409607,296,0.005120376590639353,0.8049791655503213,205|296|8|335|738,0.81009954|0.00512038|0.00491911|0.00489548|0.00432759,1,0.8100995421409607,True,205,0.8100995421409607,True,205,0.7638404369354248,True,205,0.8207537531852722,True,205,0.7261906862258911,True,c12_correct
206,207,207_2.bmp,preprocessed_results\207\207_2.bmp,206,206,206,0.9516264200210571,207,0.017528345808386803,0.9340980742126703,206|207|288|602|131,0.95162642|0.01752835|0.00222427|0.00169765|0.00145906,1,0.9516264200210571,True,206,0.9516264200210571,True,206,0.9028711318969727,True,206,0.7930517792701721,True,206,0.7774891257286072,True,c12_correct
207,208,208_3.bmp,preprocessed_results\208\208_3.bmp,207,207,207,0.6344579458236694,206,0.05497225373983383,0.5794856920838356,207|206|23|425|257,0.63445795|0.05497225|0.01739630|0.01122295|0.01018985,1,0.6344579458236694,True,207,0.6344579458236694,True,207,0.5326303839683533,True,207,0.8301960229873657,True,207,0.6706754565238953,True,c12_correct
208,209,209_7.bmp,preprocessed_results\209\209_7.bmp,208,208,208,0.3457034230232239,217,0.06481768935918808,0.2808857336640358,208|217|135|209|639,0.34570342|0.06481769|0.06430022|0.03839711|0.02799100,1,0.3457034230232239,True,208,0.3457034230232239,True,208,0.24935010075569153,True,208,0.7777497172355652,True,208,0.37020203471183777,True,c12_correct
209,210,210_2.bmp,preprocessed_results\210\210_2.bmp,209,209,209,0.7726282477378845,338,0.008214103989303112,0.7644141437485814,209|338|208|233|67,0.77262825|0.00821410|0.00733050|0.00661691|0.00416799,1,0.7726282477378845,True,209,0.7726282477378845,True,209,0.8772916197776794,True,209,0.7664820551872253,True,209,0.7923738360404968,True,c12_correct
210,211,211_5.bmp,preprocessed_results\211\211_5.bmp,210,210,210,0.753961980342865,211,0.20219647884368896,0.551765501499176,210|211|83|70|477,0.75396198|0.20219648|0.00168011|0.00167544|0.00095285,1,0.753961980342865,True,210,0.753961980342865,True,210,0.8622680902481079,True,210,0.851537823677063,True,210,0.8339458703994751,True,c12_correct
211,212,212_6.bmp,preprocessed_results\212\212_6.bmp,211,211,211,0.8398916721343994,189,0.00981490034610033,0.8300767717882991,211|189|109|477|210,0.83989167|0.00981490|0.00828513|0.00768934|0.00635743,1,0.8398916721343994,True,211,0.8398916721343994,True,211,0.3676847219467163,True,211,0.8031045198440552,True,211,0.6269712448120117,True,c12_correct
212,213,213_10.bmp,preprocessed_results\213\213_10.bmp,212,212,212,0.8640144467353821,213,0.012644662521779537,0.8513697842136025,212|213|33|188|218,0.86401445|0.01264466|0.00691964|0.00605318|0.00599685,1,0.8640144467353821,True,212,0.8640144467353821,True,212,0.6021069884300232,True,212,0.8243248462677002,True,212,0.8317739963531494,True,c12_correct
213,214,214_2.bmp,preprocessed_results\214\214_2.bmp,213,213,213,0.6541940569877625,212,0.012525394558906555,0.6416686624288559,213|212|270|140|30,0.65419406|0.01252539|0.01194499|0.00919364|0.00665619,1,0.6541940569877625,True,213,0.6541940569877625,True,213,0.7619452476501465,True,213,0.8009544014930725,True,213,0.8243927359580994,True,c12_correct
214,215,215_2.bmp,preprocessed_results\215\215_2.bmp,214,214,214,0.737903356552124,136,0.010590925812721252,0.7273124307394028,214|136|588|215|90,0.73790336|0.01059093|0.00882896|0.00651653|0.00640169,1,0.737903356552124,True,214,0.737903356552124,True,214,0.4718441069126129,True,214,0.7981656789779663,True,214,0.5653918385505676,True,c12_correct
215,216,216_8.bmp,preprocessed_results\216\216_8.bmp,215,215,215,0.8955091834068298,214,0.0052380748093128204,0.890271108597517,215|214|449|165|352,0.89550918|0.00523807|0.00383657|0.00272181|0.00215387,1,0.8955091834068298,True,215,0.8955091834068298,True,215,0.7754679918289185,True,215,0.8316750526428223,True,215,0.7807191610336304,True,c12_correct
216,217,217_9.bmp,preprocessed_results\217\217_9.bmp,216,216,216,0.8189558386802673,589,0.014169630594551563,0.8047862080857158,216|589|217|335|45,0.81895584|0.01416963|0.01195501|0.00592005|0.00532365,1,0.8189558386802673,True,216,0.8189558386802673,True,216,0.8194435238838196,True,216,0.8304846882820129,True,216,0.7456266283988953,True,c12_correct
217,218,218_1.bmp,preprocessed_results\218\218_1.bmp,217,217,217,0.7655805945396423,204,0.010463137179613113,0.7551174573600292,217|204|216|118|329,0.76558059|0.01046314|0.00702679|0.00495390|0.00416454,1,0.7655805945396423,True,217,0.7655805945396423,True,217,0.8642519116401672,True,217,0.8381491303443909,True,217,0.863914430141449,True,c12_correct
218,219,219_9.bmp,preprocessed_results\219\219_9.bmp,218,218,218,0.43004724383354187,195,0.038419757038354874,0.391627486795187,218|195|219|72|296,0.43004724|0.03841976|0.02038712|0.01046689|0.00903658,1,0.43004724383354187,True,218,0.43004724383354187,True,218,0.5211737751960754,True,218,0.7741115093231201,True,218,0.6186277866363525,True,c12_correct
219,220,220_6.bmp,preprocessed_results\220\220_6.bmp,219,219,219,0.759077787399292,151,0.011742640286684036,0.747335147112608,219|151|183|20|206,0.75907779|0.01174264|0.01047560|0.00637490|0.00448738,1,0.759077787399292,True,219,0.759077787399292,True,219,0.5918978452682495,True,219,0.7925917506217957,True,219,0.665554940700531,True,c12_correct
220,221,221_7.bmp,preprocessed_results\221\221_7.bmp,220,220,220,0.912638783454895,221,0.006964405998587608,0.9056743774563074,220|221|332|605|512,0.91263878|0.00696441|0.00492426|0.00389199|0.00351850,1,0.912638783454895,True,220,0.912638783454895,True,220,0.6868171691894531,True,220,0.8361133933067322,True,220,0.7207807898521423,True,c12_correct
221,222,222_5.bmp,preprocessed_results\222\222_5.bmp,221,221,221,0.6864546537399292,185,0.013302742503583431,0.6731519112363458,221|185|665|143|363,0.68645465|0.01330274|0.01002123|0.00791434|0.00542467,1,0.6864546537399292,True,221,0.6864546537399292,True,221,0.4035095274448395,True,221,0.8170692324638367,True,221,0.4797017574310303,True,c12_correct
222,223,223_7.bmp,preprocessed_results\223\223_7.bmp,222,222,222,0.6708548665046692,123,0.014292016625404358,0.6565628498792648,222|123|112|122|180,0.67085487|0.01429202|0.00877892|0.00811213|0.00708533,1,0.6708548665046692,True,222,0.6708548665046692,True,222,0.47959819436073303,True,222,0.7863883376121521,True,222,0.5274297595024109,True,c12_correct
223,224,224_6.bmp,preprocessed_results\224\224_6.bmp,223,223,223,0.7021275162696838,203,0.021097339689731598,0.6810301765799522,223|203|94|58|262,0.70212752|0.02109734|0.01934499|0.01819070|0.00982344,1,0.7021275162696838,True,223,0.7021275162696838,True,223,0.7447614073753357,True,223,0.8157117962837219,True,223,0.8110013008117676,True,c12_correct
224,225,225_7.bmp,preprocessed_results\225\225_7.bmp,224,224,224,0.10597766935825348,269,0.051261983811855316,0.05471568554639816,224|269|599|598|249,0.10597767|0.05126198|0.03769264|0.03159852|0.03031990,1,0.10597766935825348,True,224,0.10597766935825348,True,224,0.09333335608243942,True,224,0.7459568977355957,True,224,0.19052866101264954,True,c12_correct
225,226,226_8.bmp,preprocessed_results\226\226_8.bmp,225,225,225,0.874012291431427,541,0.006755466107279062,0.8672568253241479,225|541|285|790|284,0.87401229|0.00675547|0.00565838|0.00360779|0.00350992,1,0.874012291431427,True,225,0.874012291431427,True,225,0.7652304768562317,True,225,0.8429888486862183,True,225,0.7250452041625977,True,c12_correct
226,227,227_7.bmp,preprocessed_results\227\227_7.bmp,226,226,226,0.7715595960617065,413,0.015500704757869244,0.7560588913038373,226|413|526|562|422,0.77155960|0.01550070|0.00935320|0.00683824|0.00663147,1,0.7715595960617065,True,226,0.7715595960617065,True,226,0.45197227597236633,True,226,0.8348656296730042,True,226,0.6886224150657654,True,c12_correct
227,228,228_5.bmp,preprocessed_results\228\228_5.bmp,227,227,227,0.5440844893455505,558,0.07002442330121994,0.4740600660443306,227|558|226|530|70,0.54408449|0.07002442|0.04717466|0.01279085|0.01199098,1,0.5440844893455505,True,227,0.5440844893455505,True,227,0.4341992139816284,True,227,0.8207723498344421,True,227,0.7048823237419128,True,c12_correct
228,229,229_10.bmp,preprocessed_results\229\229_10.bmp,228,228,228,0.8107061982154846,214,0.005577529314905405,0.8051286689005792,228|214|316|211|2,0.81070620|0.00557753|0.00516350|0.00488325|0.00438025,1,0.8107061982154846,True,228,0.8107061982154846,True,228,0.7146780490875244,True,228,0.7583143711090088,True,228,0.7007896304130554,True,c12_correct
229,230,230_6.bmp,preprocessed_results\230\230_6.bmp,229,229,229,0.9039801955223083,487,0.0030770020093768835,0.9009031935129315,229|487|544|56|562,0.90398020|0.00307700|0.00279932|0.00252620|0.00251324,1,0.9039801955223083,True,229,0.9039801955223083,True,229,0.8153754472732544,True,229,0.8242619633674622,True,229,0.8153120875358582,True,c12_correct
230,231,231_8.bmp,preprocessed_results\231\231_8.bmp,230,230,230,0.7209983468055725,10,0.017382465302944183,0.7036158815026283,230|10|229|8|231,0.72099835|0.01738247|0.01559989|0.01265242|0.00700647,1,0.7209983468055725,True,230,0.7209983468055725,True,230,0.8343822360038757,True,230,0.8032076358795166,True,230,0.8424414992332458,True,c12_correct
231,232,232_2.bmp,preprocessed_results\232\232_2.bmp,231,231,231,0.15328821539878845,230,0.11984221637248993,0.03344599902629852,231|230|18|101|66,0.15328822|0.11984222|0.06494306|0.02333151|0.01805361,1,0.15328821539878845,True,231,0.15328821539878845,True,231,0.28941118717193604,True,231,0.6178604364395142,True,231,0.2477644979953766,True,c12_correct
232,233,233_9.bmp,preprocessed_results\233\233_9.bmp,232,232,232,0.7657145261764526,233,0.017942944541573524,0.7477715816348791,232|233|487|340|100,0.76571453|0.01794294|0.00659981|0.00641868|0.00605834,1,0.7657145261764526,True,232,0.7657145261764526,True,232,0.7298665046691895,True,232,0.8017300367355347,True,232,0.7295190691947937,True,c12_correct
233,234,234_5.bmp,preprocessed_results\234\234_5.bmp,233,233,233,0.9074069857597351,108,0.007965641096234322,0.8994413446635008,233|108|232|338|109,0.90740699|0.00796564|0.00480990|0.00237081|0.00226905,1,0.9074069857597351,True,233,0.9074069857597351,True,233,0.8580744862556458,True,233,0.8248369097709656,True,233,0.8038818836212158,True,c12_correct
234,235,235_1.bmp,preprocessed_results\235\235_1.bmp,234,234,234,0.5989837050437927,197,0.023252267390489578,0.5757314376533031,234|197|434|146|298,0.59898371|0.02325227|0.01804331|0.01375547|0.01323813,1,0.5989837050437927,True,234,0.5989837050437927,True,234,0.4189314544200897,True,234,0.7478001713752747,True,234,0.3923686444759369,True,c12_correct
235,236,236_1.bmp,preprocessed_results\236\236_1.bmp,235,235,235,0.7379751801490784,234,0.023830411955714226,0.7141447681933641,235|234|474|332|47,0.73797518|0.02383041|0.01071924|0.00751750|0.00664385,1,0.7379751801490784,True,235,0.7379751801490784,True,235,0.8523260951042175,True,235,0.7926990985870361,True,235,0.5071165561676025,True,c12_correct
236,237,237_3.bmp,preprocessed_results\237\237_3.bmp,236,236,236,0.1298658400774002,175,0.07239868491888046,0.057467155158519745,236|175|318|136|4,0.12986584|0.07239868|0.06530058|0.01973210|0.01912623,1,0.1298658400774002,True,236,0.1298658400774002,True,236,0.20972086489200592,True,236,0.7620693445205688,True,236,0.4973122775554657,True,c12_correct
237,238,238_8.bmp,preprocessed_results\238\238_8.bmp,237,237,237,0.8603659272193909,236,0.028713546693325043,0.8316523805260658,237|236|167|40|41,0.86036593|0.02871355|0.00436424|0.00423260|0.00286648,1,0.8603659272193909,True,237,0.8603659272193909,True,237,0.4853178858757019,True,237,0.819837212562561,True,237,0.8048105239868164,True,c12_correct
238,239,239_8.bmp,preprocessed_results\239\239_8.bmp,238,238,238,0.6086593866348267,178,0.013028784655034542,0.5956306019797921,238|178|437|60|211,0.60865939|0.01302878|0.01107298|0.00699007|0.00614284,1,0.6086593866348267,True,238,0.6086593866348267,True,238,0.810429573059082,True,238,0.835816502571106,True,238,0.834819495677948,True,c12_correct
239,240,240_3.bmp,preprocessed_results\240\240_3.bmp,239,239,239,0.7522760033607483,410,0.014262775890529156,0.7380132274702191,239|410|76|436|674,0.75227600|0.01426278|0.01194328|0.00885089|0.00694571,1,0.7522760033607483,True,239,0.7522760033607483,True,239,0.8432623744010925,True,239,0.8423862457275391,True,239,0.776098906993866,True,c12_correct
240,241,241_8.bmp,preprocessed_results\241\241_8.bmp,240,240,240,0.869392991065979,241,0.008872807025909424,0.8605201840400696,240|241|195|77|220,0.86939299|0.00887281|0.00371477|0.00347175|0.00253535,1,0.869392991065979,True,240,0.869392991065979,True,240,0.691243052482605,True,240,0.8382948637008667,True,240,0.7810190916061401,True,c12_correct
241,242,242_2.bmp,preprocessed_results\242\242_2.bmp,241,241,241,0.6263946890830994,147,0.01924068108201027,0.6071540080010891,241|147|65|746|751,0.62639469|0.01924068|0.00743137|0.00715257|0.00670216,1,0.6263946890830994,True,241,0.6263946890830994,True,241,0.3010842800140381,True,241,0.7817326188087463,True,241,0.430002361536026,True,c12_correct
242,243,243_7.bmp,preprocessed_results\243\243_7.bmp,242,242,242,0.9600804448127747,478,0.0014908482553437352,0.9585895965574309,242|478|68|160|766,0.96008044|0.00149085|0.00086379|0.00078249|0.00070179,1,0.9600804448127747,True,242,0.9600804448127747,True,242,0.8462074995040894,True,242,0.8403093218803406,True,242,0.9073469042778015,True,c12_correct
243,244,244_9.bmp,preprocessed_results\244\244_9.bmp,243,243,243,0.8813700675964355,162,0.009500237181782722,0.8718698304146528,243|162|589|17|769,0.88137007|0.00950024|0.00941509|0.00314286|0.00273373,1,0.8813700675964355,True,243,0.8813700675964355,True,243,0.8873431086540222,True,243,0.8073908090591431,True,243,0.8504442572593689,True,c12_correct
244,245,245_1.bmp,preprocessed_results\245\245_1.bmp,244,244,244,0.8420419692993164,22,0.010465429164469242,0.8315765401348472,244|22|392|258|245,0.84204197|0.01046543|0.00629260|0.00422550|0.00392714,1,0.8420419692993164,True,244,0.8420419692993164,True,244,0.9235342144966125,True,244,0.8125522136688232,True,244,0.8109917044639587,True,c12_correct
245,246,246_1.bmp,preprocessed_results\246\246_1.bmp,245,245,245,0.7540267705917358,665,0.020220940932631493,0.7338058296591043,245|665|702|144|29,0.75402677|0.02022094|0.00811851|0.00521297|0.00428386,1,0.7540267705917358,True,245,0.7540267705917358,True,245,0.42013996839523315,True,245,0.793397068977356,True,245,0.5347439646720886,True,c12_correct
246,247,247_4.bmp,preprocessed_results\247\247_4.bmp,246,246,246,0.6501381993293762,247,0.1850738227367401,0.4650643765926361,246|247|6|221|126,0.65013820|0.18507382|0.00843800|0.00349347|0.00260349,1,0.6501381993293762,True,246,0.6501381993293762,True,246,0.7111591696739197,True,246,0.7422641515731812,True,246,0.628157377243042,True,c12_correct
247,248,248_2.bmp,preprocessed_results\248\248_2.bmp,247,247,247,0.6475732326507568,246,0.028915246948599815,0.618657985702157,247|246|30|328|56,0.64757323|0.02891525|0.01815793|0.00390774|0.00378268,1,0.6475732326507568,True,247,0.6475732326507568,True,247,0.04243095591664314,True,247,0.7841535210609436,True,247,0.46840715408325195,True,c12_correct
248,249,249_1.bmp,preprocessed_results\249\249_1.bmp,248,248,248,0.922548770904541,302,0.006288086995482445,0.9162606839090586,248|302|198|250|240,0.92254877|0.00628809|0.00371139|0.00179228|0.00171556,1,0.922548770904541,True,248,0.922548770904541,True,248,0.8978615403175354,True,248,0.8354926109313965,True,248,0.8666630983352661,True,c12_correct
249,250,250_8.bmp,preprocessed_results\250\250_8.bmp,249,249,249,0.8783106207847595,268,0.005502840969711542,0.872807779815048,249|268|1|269|252,0.87831062|0.00550284|0.00459068|0.00456817|0.00345284,1,0.8783106207847595,True,249,0.8783106207847595,True,249,0.7653617262840271,True,249,0.8135241866111755,True,249,0.8509129881858826,True,c12_correct
250,251,251_5.bmp,preprocessed_results\251\251_5.bmp,250,250,250,0.9137734770774841,436,0.003371155122295022,0.9104023219551891,250|436|312|162|589,0.91377348|0.00337116|0.00293830|0.00194388|0.00152494,1,0.9137734770774841,True,250,0.9137734770774841,True,250,0.711665153503418,True,250,0.8265690803527832,True,250,0.7893664240837097,True,c12_correct
251,252,252_4.bmp,preprocessed_results\252\252_4.bmp,251,251,251,0.5551528930664062,277,0.05908264219760895,0.4960702508687973,251|277|197|320|292,0.55515289|0.05908264|0.01831917|0.01378433|0.01040483,1,0.5551528930664062,True,251,0.5551528930664062,True,251,0.1984560340642929,True,251,0.7467906475067139,True,251,0.22764840722084045,True,c12_correct
252,253,253_10.bmp,preprocessed_results\253\253_10.bmp,252,252,252,0.6558916568756104,289,0.010744845494627953,0.6451468113809824,252|289|284|154|5,0.65589166|0.01074485|0.01055022|0.00900871|0.00756597,1,0.6558916568756104,True,252,0.6558916568756104,True,252,0.7362930178642273,True,252,0.7890079617500305,True,252,0.6123083829879761,True,c12_correct
253,254,254_4.bmp,preprocessed_results\254\254_4.bmp,253,253,253,0.11421298235654831,728,0.024765675887465477,0.08944730646908283,253|728|658|262|187,0.11421298|0.02476568|0.02443000|0.01527805|0.01420291,1,0.11421298235654831,True,253,0.11421298235654831,True,253,0.5054067373275757,True,253,0.7730311751365662,True,253,0.4806680977344513,True,c12_correct
254,255,255_4.bmp,preprocessed_results\255\255_4.bmp,254,254,254,0.7391568422317505,255,0.045639518648386,0.6935173235833645,254|255|749|55|349,0.73915684|0.04563952|0.00597209|0.00560289|0.00334955,1,0.7391568422317505,True,254,0.7391568422317505,True,254,0.839789092540741,True,254,0.807001531124115,True,254,0.8626630306243896,True,c12_correct
255,256,256_6.bmp,preprocessed_results\256\256_6.bmp,255,255,255,0.7934931516647339,254,0.010810015723109245,0.7826831359416246,255|254|266|43|786,0.79349315|0.01081002|0.00544767|0.00425117|0.00370633,1,0.7934931516647339,True,255,0.7934931516647339,True,255,0.4139748811721802,True,255,0.7597140669822693,True,255,0.3981412351131439,True,c12_correct
256,257,257_3.bmp,preprocessed_results\257\257_3.bmp,256,256,256,0.9125248193740845,319,0.003706039860844612,0.9088187795132399,256|319|791|257|592,0.91252482|0.00370604|0.00191324|0.00166298|0.00106074,1,0.9125248193740845,True,256,0.9125248193740845,True,256,0.7808870673179626,True,256,0.8371625542640686,True,256,0.7890276908874512,True,c12_correct
257,258,258_8.bmp,preprocessed_results\258\258_8.bmp,257,257,257,0.7291543483734131,207,0.009089065715670586,0.7200652826577425,257|207|174|311|187,0.72915435|0.00908907|0.00684645|0.00604281|0.00603165,1,0.7291543483734131,True,257,0.7291543483734131,True,257,0.7103919982910156,True,257,0.8322258591651917,True,257,0.8520551323890686,True,c12_correct
258,259,259_10.bmp,preprocessed_results\259\259_10.bmp,258,258,258,0.8760120272636414,77,0.014470156282186508,0.8615418709814548,258|77|144|245|78,0.87601203|0.01447016|0.00375578|0.00264167|0.00261275,1,0.8760120272636414,True,258,0.8760120272636414,True,258,0.6906899809837341,True,258,0.8548904061317444,True,258,0.6546504497528076,True,c12_correct
259,260,260_2.bmp,preprocessed_results\260\260_2.bmp,259,259,259,0.6241719722747803,787,0.01117823738604784,0.6129937348887324,259|787|139|52|111,0.62417197|0.01117824|0.01114958|0.01058622|0.00916601,1,0.6241719722747803,True,259,0.6241719722747803,True,259,0.6693030595779419,True,259,0.7926037311553955,True,259,0.7015136480331421,True,c12_correct
260,261,261_1.bmp,preprocessed_results\261\261_1.bmp,260,260,260,0.8565071821212769,261,0.007357636466622353,0.8491495456546545,260|261|287|128|217,0.85650718|0.00735764|0.00349699|0.00347213|0.00301222,1,0.8565071821212769,True,260,0.8565071821212769,True,260,0.8733338117599487,True,260,0.8392126560211182,True,260,0.7274884581565857,True,c12_correct
261,262,262_4.bmp,preprocessed_results\262\262_4.bmp,261,261,261,0.8428664207458496,290,0.010258455760776997,0.8326079649850726,261|290|128|260|217,0.84286642|0.01025846|0.00935046|0.00602820|0.00558118,1,0.8428664207458496,True,261,0.8428664207458496,True,261,0.7054235935211182,True,261,0.8258645534515381,True,261,0.8168089389801025,True,c12_correct
262,263,263_5.bmp,preprocessed_results\263\263_5.bmp,262,262,262,0.9571969509124756,255,0.0013854107819497585,0.9558115401305258,262|255|334|263|795,0.95719695|0.00138541|0.00113375|0.00094795|0.00069730,1,0.9571969509124756,True,262,0.9571969509124756,True,262,0.9032405614852905,True,262,0.8574600219726562,True,262,0.8420262932777405,True,c12_correct
263,264,264_2.bmp,preprocessed_results\264\264_2.bmp,263,263,263,0.9486232399940491,262,0.0039009314496070147,0.9447223085444421,263|262|339|639|267,0.94862324|0.00390093|0.00118429|0.00104748|0.00099003,1,0.9486232399940491,True,263,0.9486232399940491,True,263,0.8010860085487366,True,263,0.8188163638114929,True,263,0.759357213973999,True,c12_correct
264,265,265_5.bmp,preprocessed_results\265\265_5.bmp,264,264,264,0.6713318824768066,208,0.0184697974473238,0.6528620850294828,264|208|295|286|168,0.67133188|0.01846980|0.01015901|0.00754393|0.00696305,1,0.6713318824768066,True,264,0.6713318824768066,True,264,0.6136935353279114,True,264,0.8081297874450684,True,264,0.7784490585327148,True,c12_correct
265,266,266_1.bmp,preprocessed_results\266\266_1.bmp,265,265,265,0.8442431688308716,153,0.007394170388579369,0.8368489984422922,265|153|37|307|138,0.84424317|0.00739417|0.00594197|0.00422678|0.00336229,1,0.8442431688308716,True,265,0.8442431688308716,True,265,0.4188287556171417,True,265,0.8068385124206543,True,265,0.7418564558029175,True,c12_correct
266,267,267_3.bmp,preprocessed_results\267\267_3.bmp,266,266,266,0.47925952076911926,338,0.0329425074160099,0.44631701335310936,266|338|113|112|497,0.47925952|0.03294251|0.03187747|0.02150322|0.01956869,1,0.47925952076911926,True,266,0.47925952076911926,True,266,0.4354759454727173,True,266,0.8210803866386414,True,266,0.6285802125930786,True,c12_correct
267,268,268_1.bmp,preprocessed_results\268\268_1.bmp,267,267,267,0.9087695479393005,7,0.005725413095206022,0.9030441348440945,267|7|107|76|289,0.90876955|0.00572541|0.00309454|0.00308982|0.00218783,1,0.9087695479393005,True,267,0.9087695479393005,True,267,0.8494590520858765,True,267,0.8352119326591492,True,267,0.8283273577690125,True,c12_correct
268,269,269_7.bmp,preprocessed_results\269\269_7.bmp,268,268,268,0.9350757002830505,240,0.002400371478870511,0.93267532880418,268|240|251|171|562,0.93507570|0.00240037|0.00157163|0.00150027|0.00136173,1,0.9350757002830505,True,268,0.9350757002830505,True,268,0.9157472848892212,True,268,0.8257851600646973,True,268,0.8202613592147827,True,c12_correct
269,270,270_1.bmp,preprocessed_results\270\270_1.bmp,269,269,269,0.36455458402633667,139,0.07406184822320938,0.2904927358031273,269|139|285|568|286,0.36455458|0.07406185|0.04147726|0.03556490|0.02078921,1,0.36455458402633667,True,269,0.36455458402633667,True,269,0.7094284296035767,True,269,0.8128648400306702,True,269,0.671527087688446,True,c12_correct
270,271,271_3.bmp,preprocessed_results\271\271_3.bmp,270,270,270,0.6989307999610901,271,0.2136727273464203,0.4852580726146698,270|271|634|267|823,0.69893080|0.21367273|0.00511910|0.00207628|0.00204091,1,0.6989307999610901,True,270,0.6989307999610901,True,270,0.8442605137825012,True,270,0.8455799221992493,True,270,0.8132631182670593,True,c12_correct
271,272,272_1.bmp,preprocessed_results\272\272_1.bmp,271,271,271,0.8353586196899414,648,0.006343774031847715,0.8290148456580937,271|648|555|634|87,0.83535862|0.00634377|0.00517099|0.00462034|0.00325152,1,0.8353586196899414,True,271,0.8353586196899414,True,271,0.5981502532958984,True,271,0.7453829646110535,True,271,0.6488009095191956,True,c12_correct
272,273,273_6.bmp,preprocessed_results\273\273_6.bmp,272,272,272,0.8755418062210083,273,0.01830650120973587,0.8572353050112724,272|273|647|271|565,0.87554181|0.01830650|0.00362243|0.00341101|0.00338612,1,0.8755418062210083,True,272,0.8755418062210083,True,272,0.7804572582244873,True,272,0.8263424038887024,True,272,0.7741585373878479,True,c12_correct
273,274,274_2.bmp,preprocessed_results\274\274_2.bmp,273,273,273,0.8361473083496094,272,0.031580932438373566,0.8045663759112358,273|272|576|578|143,0.83614731|0.03158093|0.00835941|0.00672583|0.00453335,1,0.8361473083496094,True,273,0.8361473083496094,True,273,0.8765882849693298,True,273,0.8251475095748901,True,273,0.9320734739303589,True,c12_correct
274,275,275_8.bmp,preprocessed_results\275\275_8.bmp,274,274,274,0.5948857069015503,52,0.012710167095065117,0.5821755398064852,274|52|289|47|120,0.59488571|0.01271017|0.01051159|0.00978514|0.00945945,1,0.5948857069015503,True,274,0.5948857069015503,True,274,0.7217784523963928,True,274,0.8319404721260071,True,274,0.7625699043273926,True,c12_correct
275,276,276_3.bmp,preprocessed_results\276\276_3.bmp,275,275,275,0.7898318767547607,14,0.01137758232653141,0.7784542944282293,275|14|21|274|278,0.78983188|0.01137758|0.01118462|0.00940549|0.00786362,1,0.7898318767547607,True,275,0.7898318767547607,True,275,0.8376737236976624,True,275,0.8120813369750977,True,275,0.7673323750495911,True,c12_correct
276,277,277_6.bmp,preprocessed_results\277\277_6.bmp,276,276,276,0.12275219708681107,42,0.12050223350524902,0.0022499635815620422,276|42|328|251|329,0.12275220|0.12050223|0.07397918|0.03315497|0.02935029,1,0.12275219708681107,True,276,0.12275219708681107,True,276,0.0907338485121727,True,276,0.5429534316062927,True,276,0.12268649786710739,True,c12_correct
277,278,278_5.bmp,preprocessed_results\278\278_5.bmp,277,277,277,0.8177958726882935,320,0.009457171894609928,0.8083387007936835,277|320|61|290|505,0.81779587|0.00945717|0.00727337|0.00453430|0.00437963,1,0.8177958726882935,True,277,0.8177958726882935,True,277,0.4913191497325897,True,277,0.7926443815231323,True,277,0.3603668510913849,True,c12_correct
278,279,279_6.bmp,preprocessed_results\279\279_6.bmp,278,278,278,0.7871285080909729,271,0.010944696143269539,0.7761838119477034,278|271|279|173|172,0.78712851|0.01094470|0.00709129|0.00700767|0.00574461,1,0.7871285080909729,True,278,0.7871285080909729,True,278,0.40090474486351013,True,278,0.8005096912384033,True,278,0.7219039797782898,True,c12_correct
279,280,280_4.bmp,preprocessed_results\280\280_4.bmp,279,279,279,0.9179397225379944,278,0.005622684024274349,0.91231703851372,279|278|271|98|700,0.91793972|0.00562268|0.00535110|0.00286759|0.00274732,1,0.9179397225379944,True,279,0.9179397225379944,True,279,0.7882598042488098,True,279,0.8061201572418213,True,279,0.7376769781112671,True,c12_correct
280,281,281_5.bmp,preprocessed_results\281\281_5.bmp,280,280,280,0.9152773022651672,281,0.022731682285666466,0.8925456199795008,280|281|148|217|95,0.91527730|0.02273168|0.00288801|0.00194342|0.00172896,1,0.9152773022651672,True,280,0.9152773022651672,True,280,0.9118324518203735,True,280,0.8175246119499207,True,280,0.8789328336715698,True,c12_correct
281,282,282_1.bmp,preprocessed_results\282\282_1.bmp,281,281,281,0.9179171323776245,420,0.014052283950150013,0.9038648484274745,281|420|189|287|280,0.91791713|0.01405228|0.00361147|0.00143692|0.00130379,1,0.9179171323776245,True,281,0.9179171323776245,True,281,0.828276515007019,True,281,0.8484746217727661,True,281,0.8046217560768127,True,c12_correct
282,283,283_9.bmp,preprocessed_results\283\283_9.bmp,282,282,282,0.717950701713562,283,0.037356339395046234,0.6805943623185158,282|283|273|531|541,0.71795070|0.03735634|0.03067927|0.02801118|0.00856375,1,0.717950701713562,True,282,0.717950701713562,True,282,0.4796973764896393,True,282,0.8201028108596802,True,282,0.584182858467102,True,c12_correct
283,284,284_7.bmp,preprocessed_results\284\284_7.bmp,283,283,283,0.8535073399543762,282,0.03942769020795822,0.814079649746418,283|282|273|117|689,0.85350734|0.03942769|0.01770241|0.00322798|0.00264517,1,0.8535073399543762,True,283,0.8535073399543762,True,283,0.6692676544189453,True,283,0.8352515697479248,True,283,0.7591683864593506,True,c12_correct
284,285,285_8.bmp,preprocessed_results\285\285_8.bmp,284,284,284,0.5433623790740967,224,0.051369380205869675,0.491992998868227,284|224|285|225|252,0.54336238|0.05136938|0.01812573|0.01752105|0.01339318,1,0.5433623790740967,True,284,0.5433623790740967,True,284,0.6396360397338867,True,284,0.8167852759361267,True,284,0.637486457824707,True,c12_correct
285,286,286_3.bmp,preprocessed_results\286\286_3.bmp,285,285,285,0.48849955201148987,612,0.041286569088697433,0.44721298292279243,285|612|284|225|100,0.48849955|0.04128657|0.02385410|0.01727802|0.01103449,1,0.48849955201148987,True,285,0.48849955201148987,True,285,0.5719086527824402,True,285,0.8006489276885986,True,285,0.5580289959907532,True,c12_correct
286,287,287_9.bmp,preprocessed_results\287\287_9.bmp,286,286,286,0.782568633556366,287,0.04971285164356232,0.7328557819128036,286|287|136|14|653,0.78256863|0.04971285|0.01026592|0.00833960|0.00336293,1,0.782568633556366,True,286,0.782568633556366,True,286,0.313799649477005,True,286,0.8087708950042725,True,286,0.5781782865524292,True,c12_correct
287,288,288_8.bmp,preprocessed_results\288\288_8.bmp,287,287,287,0.3075568675994873,286,0.055810701102018356,0.25174616649746895,287|286|169|524|123,0.30755687|0.05581070|0.03570749|0.02749562|0.01399087,1,0.3075568675994873,True,287,0.3075568675994873,True,287,0.45278987288475037,True,287,0.7865373492240906,True,287,0.44465741515159607,True,c12_correct
288,289,289_8.bmp,preprocessed_results\289\289_8.bmp,288,288,288,0.961575448513031,131,0.0020832614973187447,0.9594921870157123,288|131|313|206|222,0.96157545|0.00208326|0.00088368|0.00081230|0.00074113,1,0.961575448513031,True,288,0.961575448513031,True,288,0.8680344820022583,True,288,0.815605103969574,True,288,0.8436425924301147,True,c12_correct
289,290,290_6.bmp,preprocessed_results\290\290_6.bmp,289,289,289,0.694549560546875,277,0.01902657002210617,0.6755229905247688,289|277|274|129|128,0.69454956|0.01902657|0.01848544|0.00643193|0.00605687,1,0.694549560546875,True,289,0.694549560546875,True,289,0.5426594614982605,True,289,0.8239730596542358,True,289,0.6133415699005127,True,c12_correct
290,291,291_4.bmp,preprocessed_results\291\291_4.bmp,290,290,290,0.8114746809005737,291,0.03751787543296814,0.7739568054676056,290|291|159|97|661,0.81147468|0.03751788|0.01355256|0.00546990|0.00480781,1,0.8114746809005737,True,290,0.8114746809005737,True,290,0.9032749533653259,True,290,0.8247109055519104,True,290,0.7619705200195312,True,c12_correct
291,292,292_1.bmp,preprocessed_results\292\292_1.bmp,291,291,291,0.8732622861862183,325,0.004665965214371681,0.8685963209718466,291|325|290|49|252,0.87326229|0.00466597|0.00452255|0.00427920|0.00424181,1,0.8732622861862183,True,291,0.8732622861862183,True,291,0.744962215423584,True,291,0.8015739321708679,True,291,0.6713095307350159,True,c12_correct
292,293,293_8.bmp,preprocessed_results\293\293_8.bmp,292,292,292,0.8885691165924072,298,0.01949351653456688,0.8690756000578403,292|298|284|252|197,0.88856912|0.01949352|0.00245924|0.00238385|0.00194357,1,0.8885691165924072,True,292,0.8885691165924072,True,292,0.7079032063484192,True,292,0.8061219453811646,True,292,0.7966090440750122,True,c12_correct
293,294,294_10.bmp,preprocessed_results\294\294_10.bmp,293,293,293,0.7719290256500244,292,0.03611825034022331,0.7358107753098011,293|292|636|297|545,0.77192903|0.03611825|0.00640705|0.00574431|0.00541623,1,0.7719290256500244,True,293,0.7719290256500244,True,293,0.8582970499992371,True,293,0.8386491537094116,True,293,0.6501796841621399,True,c12_correct
294,295,295_6.bmp,preprocessed_results\295\295_6.bmp,294,294,294,0.3513629138469696,549,0.03393968939781189,0.3174232244491577,294|549|436|548|76,0.35136291|0.03393969|0.02545263|0.02229410|0.01565641,1,0.3513629138469696,True,294,0.3513629138469696,True,294,0.544096052646637,True,294,0.7959542274475098,True,294,0.6131967902183533,True,c12_correct
295,296,296_6.bmp,preprocessed_results\296\296_6.bmp,295,295,295,0.6368139982223511,294,0.012946599163115025,0.623867399059236,295|294|441|253|210,0.63681400|0.01294660|0.00977687|0.00809480|0.00724524,1,0.6368139982223511,True,295,0.6368139982223511,True,295,0.6463165879249573,True,295,0.797756552696228,True,295,0.6330760717391968,True,c12_correct
296,297,297_3.bmp,preprocessed_results\297\297_3.bmp,296,296,296,0.8368869423866272,297,0.04868607223033905,0.7882008701562881,296|297|73|274|141,0.83688694|0.04868607|0.01462612|0.00847691|0.00398505,1,0.8368869423866272,True,296,0.8368869423866272,True,296,0.7036672234535217,True,296,0.8199683427810669,True,296,0.6635331511497498,True,c12_correct
297,298,298_4.bmp,preprocessed_results\298\298_4.bmp,297,297,297,0.6053955554962158,296,0.051309723407030106,0.5540858320891857,297|296|205|341|689,0.60539556|0.05130972|0.01956948|0.01009898|0.00782653,1,0.6053955554962158,True,297,0.6053955554962158,True,297,0.44422048330307007,True,297,0.7591803669929504,True,297,0.12947478890419006,True,c12_correct
298,299,299_9.bmp,preprocessed_results\299\299_9.bmp,298,298,298,0.902724027633667,566,0.002730039646849036,0.899993987986818,298|566|774|364|738,0.90272403|0.00273004|0.00236674|0.00235948|0.00150585,1,0.902724027633667,True,298,0.902724027633667,True,298,0.8842045664787292,True,298,0.8106371760368347,True,298,0.837958574295044,True,c12_correct
299,300,300_10.bmp,preprocessed_results\300\300_10.bmp,299,299,299,0.6051139831542969,298,0.022300608456134796,0.5828133746981621,299|298|191|141|692,0.60511398|0.02230061|0.01963227|0.01797432|0.00783202,1,0.6051139831542969,True,299,0.6051139831542969,True,299,0.49184510111808777,True,299,0.7829300165176392,True,299,0.5852370858192444,True,c12_correct
300,301,301_10.bmp,preprocessed_results\301\301_10.bmp,300,300,300,0.8398071527481079,86,0.00791629496961832,0.8318908577784896,300|86|298|495|244,0.83980715|0.00791629|0.00673399|0.00392787|0.00348713,1,0.8398071527481079,True,300,0.8398071527481079,True,300,0.7432777285575867,True,300,0.8505785465240479,True,300,0.8668290376663208,True,c12_correct
301,302,302_10.bmp,preprocessed_results\302\302_10.bmp,301,301,301,0.2718598246574402,43,0.03205753117799759,0.2398022934794426,301|43|519|440|55,0.27185982|0.03205753|0.01853763|0.01747853|0.01337696,1,0.2718598246574402,True,301,0.2718598246574402,True,301,0.17879712581634521,True,301,0.727555513381958,True,301,0.4160085916519165,True,c12_correct
302,303,303_10.bmp,preprocessed_results\303\303_10.bmp,302,302,302,0.8029448986053467,286,0.02363351173698902,0.7793113868683577,302|286|269|248|318,0.80294490|0.02363351|0.00779123|0.00698131|0.00470086,1,0.8029448986053467,True,302,0.8029448986053467,True,302,0.30232182145118713,True,302,0.7718635201454163,True,302,0.6770495772361755,True,c12_correct
303,304,304_6.bmp,preprocessed_results\304\304_6.bmp,303,303,303,0.8770719170570374,235,0.008016753010451794,0.8690551640465856,303|235|617|830|616,0.87707192|0.00801675|0.00514930|0.00409154|0.00362544,1,0.8770719170570374,True,303,0.8770719170570374,True,303,0.5962857007980347,True,303,0.8218790292739868,True,303,0.8225775361061096,True,c12_correct
304,305,305_2.bmp,preprocessed_results\305\305_2.bmp,304,304,304,0.9571258425712585,50,0.00172552396543324,0.9554003186058253,304|50|188|326|305,0.95712584|0.00172552|0.00149398|0.00136744|0.00119458,1,0.9571258425712585,True,304,0.9571258425712585,True,304,0.764291524887085,True,304,0.8651877045631409,True,304,0.8464246988296509,True,c12_correct
305,306,306_6.bmp,preprocessed_results\306\306_6.bmp,305,305,305,0.5047518610954285,10,0.039081815630197525,0.46567004546523094,305|10|304|32|28,0.50475186|0.03908182|0.03186567|0.02597611|0.02421328,1,0.5047518610954285,True,305,0.5047518610954285,True,305,0.38261932134628296,True,305,0.7979332208633423,True,305,0.2887662649154663,True,c12_correct
306,307,307_7.bmp,preprocessed_results\307\307_7.bmp,306,306,306,0.9348159432411194,307,0.002844560891389847,0.9319713823497295,306|307|118|817|112,0.93481594|0.00284456|0.00202930|0.00185717|0.00163575,1,0.9348159432411194,True,306,0.9348159432411194,True,306,0.8926535248756409,True,306,0.8391762375831604,True,306,0.8505324721336365,True,c12_correct
307,308,308_9.bmp,preprocessed_results\308\308_9.bmp,307,307,307,0.8628368973731995,306,0.005485173314809799,0.8573517240583897,307|306|263|274|119,0.86283690|0.00548517|0.00427205|0.00390150|0.00325730,1,0.8628368973731995,True,307,0.8628368973731995,True,307,0.8449850082397461,True,307,0.8386923670768738,True,307,0.8274281620979309,True,c12_correct
308,309,309_9.bmp,preprocessed_results\309\309_9.bmp,308,308,308,0.8704149723052979,309,0.0061727166175842285,0.8642422556877136,308|309|410|84|262,0.87041497|0.00617272|0.00561337|0.00307867|0.00299584,1,0.8704149723052979,True,308,0.8704149723052979,True,308,0.7227191925048828,True,308,0.8334454894065857,True,308,0.8108764886856079,True,c12_correct
309,310,310_9.bmp,preprocessed_results\310\310_9.bmp,309,309,309,0.9166618585586548,179,0.002190020866692066,0.9144718376919627,309|179|308|724|324,0.91666186|0.00219002|0.00202981|0.00192700|0.00187066,1,0.9166618585586548,True,309,0.9166618585586548,True,309,0.8192331194877625,True,309,0.8189021348953247,True,309,0.777419924736023,True,c12_correct
310,311,311_9.bmp,preprocessed_results\311\311_9.bmp,310,310,310,0.6097216010093689,674,0.018333768472075462,0.5913878325372934,310|674|652|659|714,0.60972160|0.01833377|0.01047365|0.00790105|0.00745989,1,0.6097216010093689,True,310,0.6097216010093689,True,310,0.3805178105831146,True,310,0.7872028946876526,True,310,0.5297548770904541,True,c12_correct
311,312,312_7.bmp,preprocessed_results\312\312_7.bmp,311,311,311,0.6443625688552856,675,0.01743689551949501,0.6269256733357906,311|675|193|274|129,0.64436257|0.01743690|0.01446528|0.01113756|0.00899934,1,0.6443625688552856,True,311,0.6443625688552856,True,311,0.8486864566802979,True,311,0.8067275285720825,True,311,0.8541154861450195,True,c12_correct
312,313,313_3.bmp,preprocessed_results\313\313_3.bmp,312,312,312,0.9041731953620911,12,0.0033906539902091026,0.900782541371882,312|12|340|622|330,0.90417320|0.00339065|0.00332874|0.00292273|0.00205258,1,0.9041731953620911,True,312,0.9041731953620911,True,312,0.8039668202400208,True,312,0.8282945156097412,True,312,0.8195515275001526,True,c12_correct
313,314,314_9.bmp,preprocessed_results\314\314_9.bmp,313,313,313,0.8956035375595093,317,0.002907973015680909,0.8926955645438284,313|317|206|724|239,0.89560354|0.00290797|0.00254188|0.00247015|0.00206586,1,0.8956035375595093,True,313,0.8956035375595093,True,313,0.6932271718978882,True,313,0.815483808517456,True,313,0.8201410174369812,True,c12_correct
314,315,315_5.bmp,preprocessed_results\315\315_5.bmp,314,314,314,0.8893266916275024,315,0.02195202372968197,0.8673746678978205,314|315|185|82|232,0.88932669|0.02195202|0.00356286|0.00269856|0.00267266,1,0.8893266916275024,True,314,0.8893266916275024,True,314,0.8028514385223389,True,314,0.8271735906600952,True,314,0.7651713490486145,True,c12_correct
315,316,316_1.bmp,preprocessed_results\316\316_1.bmp,315,315,315,0.8824226260185242,125,0.006887759547680616,0.8755348664708436,315|125|28|531|535,0.88242263|0.00688776|0.00544393|0.00364331|0.00320250,1,0.8824226260185242,True,315,0.8824226260185242,True,315,0.8353484272956848,True,315,0.8631104826927185,True,315,0.8702097535133362,True,c12_correct
316,317,317_6.bmp,preprocessed_results\317\317_6.bmp,316,316,316,0.8870478272438049,60,0.004559133667498827,0.8824886935763061,316|60|238|4|260,0.88704783|0.00455913|0.00309386|0.00303148|0.00235349,1,0.8870478272438049,True,316,0.8870478272438049,True,316,0.8036032915115356,True,316,0.8215985298156738,True,316,0.8687023520469666,True,c12_correct
317,318,318_10.bmp,preprocessed_results\318\318_10.bmp,317,317,317,0.923934280872345,323,0.009404860436916351,0.9145294204354286,317|323|64|340|150,0.92393428|0.00940486|0.00851846|0.00237857|0.00175340,1,0.923934280872345,True,317,0.923934280872345,True,317,0.6233959197998047,True,317,0.7890346646308899,True,317,0.6588646173477173,True,c12_correct
318,319,319_5.bmp,preprocessed_results\319\319_5.bmp,318,318,318,0.8290959000587463,17,0.006408778950572014,0.8226871211081743,318|17|162|136|733,0.82909590|0.00640878|0.00595980|0.00474841|0.00251649,1,0.8290959000587463,True,318,0.8290959000587463,True,318,0.8758119940757751,True,318,0.8465142250061035,True,318,0.825977623462677,True,c12_correct
319,320,320_1.bmp,preprocessed_results\320\320_1.bmp,319,319,319,0.6243091225624084,260,0.02118159644305706,0.6031275261193514,319|260|318|82|828,0.62430912|0.02118160|0.01021950|0.00552810|0.00506113,1,0.6243091225624084,True,319,0.6243091225624084,True,319,0.6944219470024109,True,319,0.8185691833496094,True,319,0.8090822696685791,True,c12_correct
320,321,321_8.bmp,preprocessed_results\321\321_8.bmp,320,320,320,0.36930039525032043,321,0.053425926715135574,0.31587446853518486,320|321|42|276|575,0.36930040|0.05342593|0.02361894|0.01769001|0.01291139,1,0.36930039525032043,True,320,0.36930039525032043,True,320,0.41550564765930176,True,320,0.7745705842971802,True,320,0.1909407377243042,True,c12_correct
321,322,322_2.bmp,preprocessed_results\322\322_2.bmp,321,321,321,0.3193202018737793,320,0.19147184491157532,0.12784835696220398,321|320|276|655|71,0.31932020|0.19147184|0.01649114|0.01616685|0.01268662,1,0.3193202018737793,True,321,0.3193202018737793,True,321,0.10646232962608337,True,321,0.2016560584306717,True,321,0.08975730836391449,True,c12_correct
322,323,323_6.bmp,preprocessed_results\323\323_6.bmp,322,322,322,0.9301779270172119,170,0.003736244747415185,0.9264416822697967,322|170|527|799|528,0.93017793|0.00373624|0.00226725|0.00185168|0.00182048,1,0.9301779270172119,True,322,0.9301779270172119,True,322,0.3592623174190521,True,322,0.7716378569602966,True,322,0.6282961368560791,True,c12_correct
323,324,324_5.bmp,preprocessed_results\324\324_5.bmp,323,323,323,0.5694305896759033,2,0.03564354032278061,0.5337870493531227,323|2|416|316|511,0.56943059|0.03564354|0.03403108|0.02196880|0.01653842,1,0.5694305896759033,True,323,0.5694305896759033,True,323,0.5006257891654968,True,323,0.8051959872245789,True,323,0.5609757900238037,True,c12_correct
324,325,325_9.bmp,preprocessed_results\325\325_9.bmp,324,324,324,0.5464254021644592,201,0.03809864819049835,0.5083267539739609,324|201|130|423|395,0.54642540|0.03809865|0.03051524|0.02054252|0.01378092,1,0.5464254021644592,True,324,0.5464254021644592,True,324,0.310334712266922,True,324,0.7866380214691162,True,324,0.4754652678966522,True,c12_correct
325,326,326_4.bmp,preprocessed_results\326\326_4.bmp,325,325,325,0.9046350717544556,522,0.004863391164690256,0.8997716805897653,325|522|336|274|275,0.90463507|0.00486339|0.00370964|0.00347295|0.00320386,1,0.9046350717544556,True,325,0.9046350717544556,True,325,0.8391897082328796,True,325,0.8308422565460205,True,325,0.8266931772232056,True,c12_correct
326,327,327_5.bmp,preprocessed_results\327\327_5.bmp,326,326,326,0.4037668704986572,16,0.03870708495378494,0.3650597855448723,326|16|603|136|510,0.40376687|0.03870708|0.03718136|0.01604045|0.01172264,1,0.4037668704986572,True,326,0.4037668704986572,True,326,0.6641405820846558,True,326,0.8102614879608154,True,326,0.6277344822883606,True,c12_correct
327,328,328_7.bmp,preprocessed_results\328\328_7.bmp,327,327,327,0.2821066081523895,241,0.027198610827326775,0.25490799732506275,327|241|647|147|259,0.28210661|0.02719861|0.02024307|0.01837573|0.01646996,1,0.2821066081523895,True,327,0.2821066081523895,True,327,0.08096951246261597,True,327,0.7444038391113281,True,327,0.5394582748413086,True,c12_correct
328,329,329_5.bmp,preprocessed_results\329\329_5.bmp,328,328,328,0.7383508682250977,10,0.02114618942141533,0.7172046788036823,328|10|329|58|202,0.73835087|0.02114619|0.01418123|0.00865558|0.00797063,1,0.7383508682250977,True,328,0.7383508682250977,True,328,0.6017061471939087,True,328,0.8068865537643433,True,328,0.732943058013916,True,c12_correct
329,330,330_6.bmp,preprocessed_results\330\330_6.bmp,329,329,329,0.8813777565956116,266,0.007496985141187906,0.8738807714544237,329|266|262|253|38,0.88137776|0.00749699|0.00475136|0.00335496|0.00327944,1,0.8813777565956116,True,329,0.8813777565956116,True,329,0.6605647802352905,True,329,0.8139509558677673,True,329,0.5688748955726624,True,c12_correct
330,331,331_7.bmp,preprocessed_results\331\331_7.bmp,330,330,330,0.8508259654045105,180,0.027594469487667084,0.8232314959168434,330|180|338|331|794,0.85082597|0.02759447|0.00610759|0.00391571|0.00370978,1,0.8508259654045105,True,330,0.8508259654045105,True,330,0.7909072041511536,True,330,0.823542594909668,True,330,0.7473279237747192,True,c12_correct
331,332,332_3.bmp,preprocessed_results\332\332_3.bmp,331,331,331,0.8917838931083679,279,0.008814556524157524,0.8829693365842104,331|279|52|101|128,0.89178389|0.00881456|0.00306865|0.00280972|0.00268006,1,0.8917838931083679,True,331,0.8917838931083679,True,331,0.7794360518455505,True,331,0.7931804060935974,True,331,0.7637822031974792,True,c12_correct
332,333,333_9.bmp,preprocessed_results\333\333_9.bmp,332,332,332,0.8717518448829651,535,0.005471009761095047,0.86628083512187,332|535|479|63|7,0.87175184|0.00547101|0.00532161|0.00440239|0.00325798,1,0.8717518448829651,True,332,0.8717518448829651,True,332,0.504421055316925,True,332,0.8121078610420227,True,332,0.767697811126709,True,c12_correct
333,334,334_8.bmp,preprocessed_results\334\334_8.bmp,333,333,333,0.6803137063980103,332,0.0442081019282341,0.6361056044697762,333|332|773|183|171,0.68031371|0.04420810|0.00953550|0.00869541|0.00863255,1,0.6803137063980103,True,333,0.6803137063980103,True,333,0.2913348078727722,True,333,0.8001828193664551,True,333,0.3853820860385895,True,c12_correct
334,335,335_4.bmp,preprocessed_results\335\335_4.bmp,334,334,334,0.8803369998931885,335,0.01555557269603014,0.8647814271971583,334|335|214|370|371,0.88033700|0.01555557|0.00710602|0.00297847|0.00254560,1,0.8803369998931885,True,334,0.8803369998931885,True,334,0.8308634757995605,True,334,0.8177525401115417,True,334,0.6939746141433716,True,c12_correct
335,336,336_9.bmp,preprocessed_results\336\336_9.bmp,335,335,335,0.8143081665039062,334,0.024102497845888138,0.7902056686580181,335|334|8|144|45,0.81430817|0.02410250|0.00359994|0.00347696|0.00325866,1,0.8143081665039062,True,335,0.8143081665039062,True,335,0.7048458456993103,True,335,0.7636817097663879,True,335,0.5654311776161194,True,c12_correct
336,337,337_8.bmp,preprocessed_results\337\337_8.bmp,336,336,336,0.6893740296363831,41,0.02687106840312481,0.6625029612332582,336|41|390|29|245,0.68937403|0.02687107|0.01186186|0.00744688|0.00639257,1,0.6893740296363831,True,336,0.6893740296363831,True,336,0.613970160484314,True,336,0.8274381756782532,True,336,0.6100314855575562,True,c12_correct
337,338,338_8.bmp,preprocessed_results\338\338_8.bmp,337,337,337,0.8118003010749817,336,0.01662680134177208,0.7951734997332096,337|336|333|303|660,0.81180030|0.01662680|0.00466422|0.00454265|0.00367074,1,0.8118003010749817,True,337,0.8118003010749817,True,337,0.7319801449775696,True,337,0.816789448261261,True,337,0.7970611453056335,True,c12_correct
338,339,339_2.bmp,preprocessed_results\339\339_2.bmp,338,338,338,0.863776445388794,233,0.005860144272446632,0.8579163011163473,338|233|172|590|738,0.86377645|0.00586014|0.00425287|0.00395041|0.00345188,1,0.863776445388794,True,338,0.863776445388794,True,338,0.8284817337989807,True,338,0.7798557281494141,True,338,0.8720651865005493,True,c12_correct
339,340,340_9.bmp,preprocessed_results\340\340_9.bmp,339,339,339,0.5437235236167908,746,0.01574350707232952,0.5279800165444613,339|746|647|257|49,0.54372352|0.01574351|0.01180512|0.01071527|0.01029015,1,0.5437235236167908,True,339,0.5437235236167908,True,339,0.7800619006156921,True,339,0.8263714909553528,True,339,0.8406185507774353,True,c12_correct
340,341,341_5.bmp,preprocessed_results\341\341_5.bmp,340,340,340,0.9421867728233337,146,0.005274682305753231,0.9369120905175805,340|146|794|798|330,0.94218677|0.00527468|0.00177576|0.00124383|0.00124157,1,0.9421867728233337,True,340,0.9421867728233337,True,340,0.9355489611625671,True,340,0.8285942077636719,True,340,0.809528648853302,True,c12_correct
341,342,342_5.bmp,preprocessed_results\342\342_5.bmp,341,341,341,0.7468122243881226,800,0.015338888391852379,0.7314733359962702,341|800|157|384|793,0.74681222|0.01533889|0.01258436|0.00683260|0.00598919,1,0.7468122243881226,True,341,0.7468122243881226,True,341,0.23000776767730713,True,341,0.7969291806221008,True,341,0.676072895526886,True,c12_correct
342,343,343_4.bmp,preprocessed_results\343\343_4.bmp,342,342,342,0.901087760925293,343,0.0027100390288978815,0.8983777218963951,342|343|350|352|364,0.90108776|0.00271004|0.00248400|0.00212232|0.00204303,1,0.901087760925293,True,342,0.901087760925293,True,342,0.8359135389328003,True,342,0.8311133980751038,True,342,0.8589710593223572,True,c12_correct
343,344,344_7.bmp,preprocessed_results\344\344_7.bmp,343,343,343,0.14166301488876343,503,0.03084556572139263,0.1108174491673708,343|503|24|469|514,0.14166301|0.03084557|0.02000645|0.01949626|0.01556679,1,0.14166301488876343,True,343,0.14166301488876343,True,343,0.3310820162296295,True,343,0.647014319896698,True,343,0.28462186455726624,True,c12_correct
344,345,345_3.bmp,preprocessed_results\345\345_3.bmp,344,344,344,0.9297627806663513,515,0.008349120616912842,0.9214136600494385,344|515|396|319|80,0.92976278|0.00834912|0.00175551|0.00174330|0.00136189,1,0.9297627806663513,True,344,0.9297627806663513,True,344,0.8178269267082214,True,344,0.8154652714729309,True,344,0.8828286528587341,True,c12_correct
345,346,346_5.bmp,preprocessed_results\346\346_5.bmp,345,345,345,0.9310908317565918,456,0.006818518508225679,0.9242723132483661,345|456|352|179|487,0.93109083|0.00681852|0.00174573|0.00132229|0.00131897,1,0.9310908317565918,True,345,0.9310908317565918,True,345,0.8786259889602661,True,345,0.8222123980522156,True,345,0.8011511564254761,True,c12_correct
346,347,347_10.bmp,preprocessed_results\347\347_10.bmp,346,346,346,0.8165369033813477,364,0.0078995106741786,0.8086373927071691,346|364|702|315|722,0.81653690|0.00789951|0.00667943|0.00591356|0.00559813,1,0.8165369033813477,True,346,0.8165369033813477,True,346,0.675952136516571,True,346,0.8474368453025818,True,346,0.7494010925292969,True,c12_correct
347,348,348_1.bmp,preprocessed_results\348\348_1.bmp,347,347,347,0.8909563422203064,346,0.006554890424013138,0.8844014517962933,347|346|473|335|554,0.89095634|0.00655489|0.00530027|0.00486252|0.00195971,1,0.8909563422203064,True,347,0.8909563422203064,True,347,0.8916627764701843,True,347,0.8317981958389282,True,347,0.7899946570396423,True,c12_correct
348,349,349_3.bmp,preprocessed_results\349\349_3.bmp,348,348,392,0.6678712368011475,325,0.023671960458159447,0.644199276342988,392|325|348|429|393,0.66787124|0.02367196|0.01872920|0.01084856|0.01071454,3,0.0187291968613863,True,392,0.6678712368011475,False,348,0.05139249935746193,True,348,0.06953317672014236,True,348,0.07705648988485336,True,teacher_all_correct;true_in_top5
349,350,350_2.bmp,preprocessed_results\350\350_2.bmp,349,349,349,0.7740446329116821,266,0.023224471136927605,0.7508201617747545,349|266|395|348|389,0.77404463|0.02322447|0.00945726|0.00894853|0.00539925,1,0.7740446329116821,True,349,0.7740446329116821,True,349,0.8411916494369507,True,349,0.8387691974639893,True,349,0.882623016834259,True,c12_correct
350,351,351_9.bmp,preprocessed_results\351\351_9.bmp,350,350,350,0.857776939868927,556,0.008698460645973682,0.8490784792229533,350|556|342|412|469,0.85777694|0.00869846|0.00643966|0.00467726|0.00404686,1,0.857776939868927,True,350,0.857776939868927,True,350,0.8780113458633423,True,350,0.8518442511558533,True,350,0.7975200414657593,True,c12_correct
351,352,352_3.bmp,preprocessed_results\352\352_3.bmp,351,351,351,0.816383957862854,510,0.01574300415813923,0.8006409537047148,351|510|342|557|508,0.81638396|0.01574300|0.00920417|0.00362577|0.00342110,1,0.816383957862854,True,351,0.816383957862854,True,351,0.8574929237365723,True,351,0.8305898904800415,True,351,0.8287941217422485,True,c12_correct
352,353,353_5.bmp,preprocessed_results\353\353_5.bmp,352,352,352,0.9152294397354126,178,0.006012578960508108,0.9092168607749045,352|178|353|396|547,0.91522944|0.00601258|0.00447015|0.00337278|0.00220414,1,0.9152294397354126,True,352,0.9152294397354126,True,352,0.8175946474075317,True,352,0.8413774371147156,True,352,0.8154023289680481,True,c12_correct
353,354,354_1.bmp,preprocessed_results\354\354_1.bmp,353,353,353,0.20300400257110596,546,0.12946529686450958,0.07353870570659637,353|546|433|352|343,0.20300400|0.12946530|0.11651354|0.04505639|0.02038947,1,0.20300400257110596,True,353,0.20300400257110596,True,353,0.2764774262905121,True,353,0.555644154548645,True,353,0.2533957064151764,True,c12_correct
354,355,355_4.bmp,preprocessed_results\355\355_4.bmp,354,354,354,0.8792533278465271,35,0.00537462905049324,0.8738786987960339,354|35|563|394|355,0.87925333|0.00537463|0.00439539|0.00402745|0.00356781,1,0.8792533278465271,True,354,0.8792533278465271,True,354,0.822378933429718,True,354,0.8537753224372864,True,354,0.8701257109642029,True,c12_correct
355,356,356_8.bmp,preprocessed_results\356\356_8.bmp,355,355,355,0.845984697341919,227,0.007959509268403053,0.8380251880735159,355|227|354|486|527,0.84598470|0.00795951|0.00711573|0.00527095|0.00400727,1,0.845984697341919,True,355,0.845984697341919,True,355,0.6106467247009277,True,355,0.8204054236412048,True,355,0.8268659710884094,True,c12_correct
356,357,357_7.bmp,preprocessed_results\357\357_7.bmp,356,356,356,0.7032368183135986,543,0.014007342979311943,0.6892294753342867,356|543|557|512|475,0.70323682|0.01400734|0.00919019|0.00694645|0.00692147,1,0.7032368183135986,True,356,0.7032368183135986,True,356,0.7409515976905823,True,356,0.8283064961433411,True,356,0.688817024230957,True,c12_correct
357,358,358_1.bmp,preprocessed_results\358\358_1.bmp,357,357,357,0.8677100539207458,363,0.004553406964987516,0.8631566469557583,357|363|550|56|231,0.86771005|0.00455341|0.00312026|0.00223564|0.00218365,1,0.8677100539207458,True,357,0.8677100539207458,True,357,0.7662981748580933,True,357,0.8453443646430969,True,357,0.6619211435317993,True,c12_correct
358,359,359_10.bmp,preprocessed_results\359\359_10.bmp,358,358,358,0.8317214846611023,359,0.04934583976864815,0.7823756448924541,358|359|554|372|513,0.83172148|0.04934584|0.00512139|0.00248159|0.00241570,1,0.8317214846611023,True,358,0.8317214846611023,True,358,0.8303564786911011,True,358,0.8350566029548645,True,358,0.7469042539596558,True,c12_correct
359,360,360_2.bmp,preprocessed_results\360\360_2.bmp,359,359,359,0.8701683878898621,358,0.016959143802523613,0.8532092440873384,359|358|44|258|554,0.87016839|0.01695914|0.00667293|0.00567128|0.00333988,1,0.8701683878898621,True,359,0.8701683878898621,True,359,0.6284681558609009,True,359,0.8129370212554932,True,359,0.5059595108032227,True,c12_correct
360,361,361_3.bmp,preprocessed_results\361\361_3.bmp,360,360,360,0.5998288989067078,98,0.026589781045913696,0.5732391178607941,360|98|361|341|267,0.59982890|0.02658978|0.01255587|0.00716068|0.00544577,1,0.5998288989067078,True,360,0.5998288989067078,True,360,0.7583115100860596,True,360,0.818217396736145,True,360,0.7646821737289429,True,c12_correct
361,362,362_4.bmp,preprocessed_results\362\362_4.bmp,361,361,361,0.9215393662452698,360,0.005748138763010502,0.9157912274822593,361|360|459|335|400,0.92153937|0.00574814|0.00199256|0.00147437|0.00146371,1,0.9215393662452698,True,361,0.9215393662452698,True,361,0.8344733119010925,True,361,0.8251808881759644,True,361,0.868922233581543,True,c12_correct
362,363,363_5.bmp,preprocessed_results\363\363_5.bmp,362,362,362,0.9014731645584106,363,0.008237852714955807,0.8932353118434548,362|363|808|117|552,0.90147316|0.00823785|0.00569866|0.00373736|0.00211436,1,0.9014731645584106,True,362,0.9014731645584106,True,362,0.9076599478721619,True,362,0.8025630116462708,True,362,0.8394796848297119,True,c12_correct
363,364,364_1.bmp,preprocessed_results\364\364_1.bmp,363,363,363,0.6044708490371704,357,0.02481081895530224,0.5796600300818682,363|357|358|362|540,0.60447085|0.02481082|0.01747676|0.01258144|0.01065193,1,0.6044708490371704,True,363,0.6044708490371704,True,363,0.3553469181060791,True,363,0.7881960272789001,True,363,0.6281689405441284,True,c12_correct
364,365,365_7.bmp,preprocessed_results\365\365_7.bmp,364,364,364,0.8703946471214294,374,0.0038608682807534933,0.866533778840676,364|374|434|376|402,0.87039465|0.00386087|0.00350864|0.00282241|0.00275098,1,0.8703946471214294,True,364,0.8703946471214294,True,364,0.8811852931976318,True,364,0.8194340467453003,True,364,0.7897982001304626,True,c12_correct
365,366,366_4.bmp,preprocessed_results\366\366_4.bmp,365,365,365,0.8269944190979004,63,0.005777680315077305,0.8212167387828231,365|63|385|395|191,0.82699442|0.00577768|0.00510033|0.00415602|0.00371511,1,0.8269944190979004,True,365,0.8269944190979004,True,365,0.8103225231170654,True,365,0.8556822538375854,True,365,0.856239378452301,True,c12_correct
366,367,367_3.bmp,preprocessed_results\367\367_3.bmp,366,366,366,0.8748032450675964,382,0.006037347484380007,0.8687658975832164,366|382|346|448|314,0.87480325|0.00603735|0.00276112|0.00243905|0.00243730,1,0.8748032450675964,True,366,0.8748032450675964,True,366,0.5558934211730957,True,366,0.8435027599334717,True,366,0.7370438575744629,True,c12_correct
367,368,368_3.bmp,preprocessed_results\368\368_3.bmp,367,367,367,0.9187445640563965,366,0.0033704086672514677,0.915374155389145,367|366|487|449|383,0.91874456|0.00337041|0.00208884|0.00117443|0.00098650,1,0.9187445640563965,True,367,0.9187445640563965,True,367,0.8832902908325195,True,367,0.8485002517700195,True,367,0.8563825488090515,True,c12_correct
368,369,369_10.bmp,preprocessed_results\369\369_10.bmp,368,368,368,0.9371030330657959,369,0.005004521459341049,0.9320985116064548,368|369|203|335|391,0.93710303|0.00500452|0.00379246|0.00218071|0.00151022,1,0.9371030330657959,True,368,0.9371030330657959,True,368,0.8311357498168945,True,368,0.8389531970024109,True,368,0.7574450969696045,True,c12_correct
369,370,370_7.bmp,preprocessed_results\370\370_7.bmp,369,369,369,0.9078433513641357,368,0.003143835114315152,0.9046995162498206,369|368|458|730|342,0.90784335|0.00314384|0.00268064|0.00265187|0.00214201,1,0.9078433513641357,True,369,0.9078433513641357,True,369,0.892685055732727,True,369,0.8368263244628906,True,369,0.8526294231414795,True,c12_correct
370,371,371_3.bmp,preprocessed_results\371\371_3.bmp,370,370,370,0.8970179557800293,462,0.006598667707294226,0.8904192880727351,370|462|78|248|517,0.89701796|0.00659867|0.00657338|0.00336630|0.00218264,1,0.8970179557800293,True,370,0.8970179557800293,True,370,0.7823209166526794,True,370,0.8408583402633667,True,370,0.863349437713623,True,c12_correct
371,372,372_3.bmp,preprocessed_results\372\372_3.bmp,371,371,371,0.7111981511116028,393,0.010551300831139088,0.7006468502804637,371|393|351|232|334,0.71119815|0.01055130|0.00944671|0.00937108|0.00736007,1,0.7111981511116028,True,371,0.7111981511116028,True,371,0.8163006901741028,True,371,0.8454236388206482,True,371,0.8162509202957153,True,c12_correct
372,373,373_1.bmp,preprocessed_results\373\373_1.bmp,372,372,372,0.8415164351463318,690,0.006211699452251196,0.8353047356940806,372|690|720|102|648,0.84151644|0.00621170|0.00392377|0.00258490|0.00242394,1,0.8415164351463318,True,372,0.8415164351463318,True,372,0.8237771391868591,True,372,0.8252207040786743,True,372,0.7975998520851135,True,c12_correct
373,374,374_8.bmp,preprocessed_results\374\374_8.bmp,373,373,373,0.8575747013092041,372,0.003198571503162384,0.8543761298060417,373|372|160|548|451,0.85757470|0.00319857|0.00305810|0.00278289|0.00267561,1,0.8575747013092041,True,373,0.8575747013092041,True,373,0.8778768181800842,True,373,0.842119574546814,True,373,0.799150288105011,True,c12_correct
374,375,375_3.bmp,preprocessed_results\375\375_3.bmp,374,374,374,0.9777382612228394,153,0.001884189317934215,0.9758540719049051,374|153|376|744|156,0.97773826|0.00188419|0.00071925|0.00055078|0.00045908,1,0.9777382612228394,True,374,0.9777382612228394,True,374,0.7133087515830994,True,374,0.8285359144210815,True,374,0.858775794506073,True,c12_correct
375,376,376_8.bmp,preprocessed_results\376\376_8.bmp,375,375,375,0.3681153655052185,374,0.04071507602930069,0.3274002894759178,375|374|615|367|377,0.36811537|0.04071508|0.03384307|0.02443900|0.02002513,1,0.3681153655052185,True,375,0.3681153655052185,True,375,0.15678776800632477,True,375,0.7917875051498413,True,375,0.3288825452327728,True,c12_correct
376,377,377_3.bmp,preprocessed_results\377\377_3.bmp,376,376,376,0.555428147315979,245,0.03838053718209267,0.5170476101338863,376|245|141|27|57,0.55542815|0.03838054|0.03601947|0.01912585|0.00795091,1,0.555428147315979,True,376,0.555428147315979,True,376,0.8329886198043823,True,376,0.8003675937652588,True,376,0.6278231143951416,True,c12_correct
377,378,378_4.bmp,preprocessed_results\378\378_4.bmp,377,377,377,0.9173023700714111,546,0.003494543954730034,0.9138078261166811,377|546|226|6|18,0.91730237|0.00349454|0.00202939|0.00181023|0.00176257,1,0.9173023700714111,True,377,0.9173023700714111,True,377,0.7480230331420898,True,377,0.8133232593536377,True,377,0.6568224430084229,True,c12_correct
378,379,379_2.bmp,preprocessed_results\379\379_2.bmp,378,378,378,0.7954598069190979,178,0.012743497267365456,0.7827163096517324,378|178|379|165|188,0.79545981|0.01274350|0.00632377|0.00598041|0.00426180,1,0.7954598069190979,True,378,0.7954598069190979,True,378,0.4278271794319153,True,378,0.7720738053321838,True,378,0.6804508566856384,True,c12_correct
379,380,380_4.bmp,preprocessed_results\380\380_4.bmp,379,379,379,0.8718504905700684,497,0.008863480761647224,0.8629870098084211,379|497|485|476|202,0.87185049|0.00886348|0.00475889|0.00438861|0.00429144,1,0.8718504905700684,True,379,0.8718504905700684,True,379,0.8471320867538452,True,379,0.8378275632858276,True,379,0.8011637926101685,True,c12_correct
380,381,381_9.bmp,preprocessed_results\381\381_9.bmp,380,380,380,0.7289251685142517,468,0.009224641136825085,0.7197005273774266,380|468|218|453|452,0.72892517|0.00922464|0.00711945|0.00652019|0.00607859,1,0.7289251685142517,True,380,0.7289251685142517,True,380,0.6941123008728027,True,380,0.8252941370010376,True,380,0.6801044940948486,True,c12_correct
381,382,382_5.bmp,preprocessed_results\382\382_5.bmp,381,381,381,0.9476358294487,464,0.0018483861349523067,0.9457874433137476,381|464|316|446|460,0.94763583|0.00184839|0.00120773|0.00103694|0.00080464,1,0.9476358294487,True,381,0.9476358294487,True,381,0.9052135944366455,True,381,0.8312296867370605,True,381,0.8911692500114441,True,c12_correct
382,383,383_7.bmp,preprocessed_results\383\383_7.bmp,382,382,382,0.5202876925468445,448,0.027482179924845695,0.4928055126219988,382|448|226|535|412,0.52028769|0.02748218|0.02171207|0.01367883|0.01014077,1,0.5202876925468445,True,382,0.5202876925468445,True,382,0.5502936244010925,True,382,0.7703027725219727,True,382,0.5199201703071594,True,c12_correct
383,384,384_1.bmp,preprocessed_results\384\384_1.bmp,383,383,383,0.6613825559616089,202,0.02427574247121811,0.6371068134903908,383|202|94|22|203,0.66138256|0.02427574|0.01181978|0.01129440|0.01102195,1,0.6613825559616089,True,383,0.6613825559616089,True,383,0.31814223527908325,True,383,0.7797489762306213,True,383,0.5572812557220459,True,c12_correct
384,385,385_10.bmp,preprocessed_results\385\385_10.bmp,384,384,384,0.6087005138397217,385,0.01410810649394989,0.5945924073457718,384|385|456|4|32,0.60870051|0.01410811|0.01295701|0.00884339|0.00625771,1,0.6087005138397217,True,384,0.6087005138397217,True,384,0.3037925362586975,True,384,0.774836003780365,True,384,0.6627215147018433,True,c12_correct
385,386,386_10.bmp,preprocessed_results\386\386_10.bmp,385,385,385,0.9080321192741394,384,0.005773691460490227,0.9022584278136492,385|384|502|492|382,0.90803212|0.00577369|0.00477807|0.00142908|0.00130888,1,0.9080321192741394,True,385,0.9080321192741394,True,385,0.8061366677284241,True,385,0.8334371447563171,True,385,0.8550474643707275,True,c12_correct
386,387,387_7.bmp,preprocessed_results\387\387_7.bmp,386,386,386,0.9158906936645508,387,0.003866366809234023,0.9120243268553168,386|387|474|543|599,0.91589069|0.00386637|0.00244747|0.00136333|0.00123480,1,0.9158906936645508,True,386,0.9158906936645508,True,386,0.9161335229873657,True,386,0.8424725532531738,True,386,0.847882866859436,True,c12_correct
387,388,388_4.bmp,preprocessed_results\388\388_4.bmp,387,387,387,0.9008963704109192,452,0.002867356641218066,0.8980290137697011,387|452|300|134|500,0.90089637|0.00286736|0.00239883|0.00231824|0.00183414,1,0.9008963704109192,True,387,0.9008963704109192,True,387,0.908347487449646,True,387,0.8003862500190735,True,387,0.8443091511726379,True,c12_correct
388,389,389_7.bmp,preprocessed_results\389\389_7.bmp,388,388,388,0.8143553733825684,507,0.006434031296521425,0.8079213420860469,388|507|5|95|252,0.81435537|0.00643403|0.00366239|0.00306813|0.00236771,1,0.8143553733825684,True,388,0.8143553733825684,True,388,0.7104275226593018,True,388,0.8495438098907471,True,388,0.7035365104675293,True,c12_correct
389,390,390_3.bmp,preprocessed_results\390\390_3.bmp,389,389,389,0.9562879800796509,178,0.005069298204034567,0.9512186818756163,389|178|26|149|119,0.95628798|0.00506930|0.00111010|0.00101903|0.00084272,1,0.9562879800796509,True,389,0.9562879800796509,True,389,0.8872882127761841,True,389,0.8385114073753357,True,389,0.8760157823562622,True,c12_correct
390,391,391_7.bmp,preprocessed_results\391\391_7.bmp,390,390,390,0.8578963279724121,336,0.007167742121964693,0.8507285858504474,390|336|19|29|428,0.85789633|0.00716774|0.00392230|0.00352220|0.00329950,1,0.8578963279724121,True,390,0.8578963279724121,True,390,0.8213221430778503,True,390,0.848007321357727,True,390,0.8881559371948242,True,c12_correct
391,392,392_2.bmp,preprocessed_results\392\392_2.bmp,391,391,391,0.8482045531272888,429,0.010064635425806046,0.8381399177014828,391|429|50|133|406,0.84820455|0.01006464|0.00586549|0.00565894|0.00493928,1,0.8482045531272888,True,391,0.8482045531272888,True,391,0.6365172863006592,True,391,0.836934506893158,True,391,0.8515275120735168,True,c12_correct
392,393,393_8.bmp,preprocessed_results\393\393_8.bmp,392,392,392,0.7711578011512756,289,0.0079487394541502,0.7632090616971254,392|289|498|529|480,0.77115780|0.00794874|0.00559972|0.00537953|0.00438909,1,0.7711578011512756,True,392,0.7711578011512756,True,392,0.5194188952445984,True,392,0.8234752416610718,True,392,0.5370354056358337,True,c12_correct
393,394,394_3.bmp,preprocessed_results\394\394_3.bmp,393,393,393,0.8715883493423462,473,0.006890876684337854,0.8646974726580083,393|473|176|763|471,0.87158835|0.00689088|0.00365114|0.00360865|0.00244834,1,0.8715883493423462,True,393,0.8715883493423462,True,393,0.7049318552017212,True,393,0.8134331107139587,True,393,0.7944087982177734,True,c12_correct
394,395,395_5.bmp,preprocessed_results\395\395_5.bmp,394,394,394,0.8939470648765564,496,0.0073816245421767235,0.8865654403343797,394|496|173|354|395,0.89394706|0.00738162|0.00391655|0.00321036|0.00301109,1,0.8939470648765564,True,394,0.8939470648765564,True,394,0.830297589302063,True,394,0.8526662588119507,True,394,0.8303137421607971,True,c12_correct
395,396,396_2.bmp,preprocessed_results\396\396_2.bmp,395,395,395,0.9108210206031799,375,0.00236182427033782,0.9084591963328421,395|375|365|522|306,0.91082102|0.00236182|0.00224538|0.00174391|0.00155493,1,0.9108210206031799,True,395,0.9108210206031799,True,395,0.848617672920227,True,395,0.8385721445083618,True,395,0.8658705949783325,True,c12_correct
396,397,397_1.bmp,preprocessed_results\397\397_1.bmp,396,396,396,0.8749188184738159,448,0.00511769438162446,0.8698011240921915,396|448|440|453|460,0.87491882|0.00511769|0.00221606|0.00191750|0.00171988,1,0.8749188184738159,True,396,0.8749188184738159,True,396,0.9139247536659241,True,396,0.8464984893798828,True,396,0.8796849846839905,True,c12_correct
397,398,398_1.bmp,preprocessed_results\398\398_1.bmp,397,397,397,0.7992650270462036,396,0.05861486494541168,0.7406501621007919,397|396|332|356|584,0.79926503|0.05861486|0.00438335|0.00430522|0.00410646,1,0.7992650270462036,True,397,0.7992650270462036,True,397,0.6681879758834839,True,397,0.8119211196899414,True,397,0.7160138487815857,True,c12_correct
398,399,399_6.bmp,preprocessed_results\399\399_6.bmp,398,398,398,0.8984599709510803,498,0.004674648400396109,0.8937853225506842,398|498|545|399|236,0.89845997|0.00467465|0.00400100|0.00335003|0.00257940,1,0.8984599709510803,True,398,0.8984599709510803,True,398,0.8623167872428894,True,398,0.8174144625663757,True,398,0.8503283262252808,True,c12_correct
399,400,400_7.bmp,preprocessed_results\400\400_7.bmp,399,399,399,0.8759523630142212,293,0.013766459189355373,0.8621859038248658,399|293|398|444|498,0.87595236|0.01376646|0.00668323|0.00272556|0.00224127,1,0.8759523630142212,True,399,0.8759523630142212,True,399,0.8126164674758911,True,399,0.802280068397522,True,399,0.7908414602279663,True,c12_correct
400,401,401_6.bmp,preprocessed_results\401\401_6.bmp,400,400,400,0.6967012286186218,361,0.019844727590680122,0.6768565010279417,400|361|468|453|253,0.69670123|0.01984473|0.00976064|0.00913502|0.00801548,1,0.6967012286186218,True,400,0.6967012286186218,True,400,0.4864318072795868,True,400,0.8256038427352905,True,400,0.5878109335899353,True,c12_correct
401,402,402_2.bmp,preprocessed_results\402\402_2.bmp,401,401,401,0.17056988179683685,40,0.06547584384679794,0.10509403795003891,401|40|414|409|470,0.17056988|0.06547584|0.04872394|0.02272866|0.01813091,1,0.17056988179683685,True,401,0.17056988179683685,True,401,0.13911888003349304,True,401,0.759295642375946,True,401,0.2681601047515869,True,c12_correct
402,403,403_10.bmp,preprocessed_results\403\403_10.bmp,402,402,402,0.3161478638648987,403,0.035571951419115067,0.2805759124457836,402|403|364|527|234,0.31614786|0.03557195|0.01569419|0.01214538|0.01094736,1,0.3161478638648987,True,402,0.3161478638648987,True,402,0.4223253130912781,True,402,0.8581081628799438,True,402,0.775801420211792,True,c12_correct
403,404,404_4.bmp,preprocessed_results\404\404_4.bmp,403,403,403,0.8285940885543823,402,0.0076707880944013596,0.820923300459981,403|402|292|406|386,0.82859409|0.00767079|0.00369746|0.00361530|0.00359678,1,0.8285940885543823,True,403,0.8285940885543823,True,403,0.9121338725090027,True,403,0.8454281687736511,True,403,0.7743913531303406,True,c12_correct
404,405,405_1.bmp,preprocessed_results\405\405_1.bmp,404,404,404,0.7321012616157532,235,0.019322460517287254,0.7127788010984659,404|235|376|234|406,0.73210126|0.01932246|0.00971418|0.00858576|0.00843896,1,0.7321012616157532,True,404,0.7321012616157532,True,404,0.5287154316902161,True,404,0.7869118452072144,True,404,0.3238120675086975,True,c12_correct
405,406,406_5.bmp,preprocessed_results\406\406_5.bmp,405,405,405,0.8809260129928589,404,0.016114575788378716,0.8648114372044802,405|404|523|415|414,0.88092601|0.01611458|0.00320073|0.00267641|0.00162751,1,0.8809260129928589,True,405,0.8809260129928589,True,405,0.833754301071167,True,405,0.8363074064254761,True,405,0.8961847424507141,True,c12_correct
406,407,407_10.bmp,preprocessed_results\407\407_10.bmp,406,406,406,0.9000077843666077,407,0.005705957300961018,0.8943018270656466,406|407|165|523|368,0.90000778|0.00570596|0.00404731|0.00275970|0.00138721,1,0.9000077843666077,True,406,0.9000077843666077,True,406,0.9067416787147522,True,406,0.7969353199005127,True,406,0.8354146480560303,True,c12_correct
407,408,408_2.bmp,preprocessed_results\408\408_2.bmp,407,407,407,0.9486170411109924,54,0.0069303615018725395,0.9416866796091199,407|54|723|406|141,0.94861704|0.00693036|0.00139076|0.00136154|0.00128768,1,0.9486170411109924,True,407,0.9486170411109924,True,407,0.9253193140029907,True,407,0.8108774423599243,True,407,0.874504029750824,True,c12_correct
408,409,409_1.bmp,preprocessed_results\409\409_1.bmp,408,408,408,0.9315137267112732,200,0.0034668119624257088,0.9280469147488475,408|200|346|59|203,0.93151373|0.00346681|0.00253366|0.00191196|0.00186136,1,0.9315137267112732,True,408,0.9315137267112732,True,408,0.8587311506271362,True,408,0.8448264598846436,True,408,0.7911651730537415,True,c12_correct
409,410,410_3.bmp,preprocessed_results\410\410_3.bmp,409,409,409,0.5269902944564819,403,0.030183125287294388,0.49680716916918755,409|403|9|349|431,0.52699029|0.03018313|0.01244183|0.01187183|0.00904806,1,0.5269902944564819,True,409,0.5269902944564819,True,409,0.6187589764595032,True,409,0.7896389961242676,True,409,0.5626306533813477,True,c12_correct
410,411,411_4.bmp,preprocessed_results\411\411_4.bmp,410,410,410,0.9519009590148926,411,0.0040303985588252544,0.9478705604560673,410|411|782|46|308,0.95190096|0.00403040|0.00192510|0.00143816|0.00117700,1,0.9519009590148926,True,410,0.9519009590148926,True,410,0.8469293117523193,True,410,0.8406693935394287,True,410,0.86758953332901,True,c12_correct
411,412,412_5.bmp,preprocessed_results\412\412_5.bmp,411,411,411,0.9003539085388184,410,0.01698785461485386,0.8833660539239645,411|410|16|770|138,0.90035391|0.01698785|0.00376510|0.00231769|0.00192336,1,0.9003539085388184,True,411,0.9003539085388184,True,411,0.7994868159294128,True,411,0.8317533731460571,True,411,0.8302191495895386,True,c12_correct
412,413,413_1.bmp,preprocessed_results\413\413_1.bmp,412,412,412,0.6910179853439331,413,0.012784311547875404,0.6782336737960577,412|413|156|178|365,0.69101799|0.01278431|0.00829889|0.00742675|0.00588119,1,0.6910179853439331,True,412,0.6910179853439331,True,412,0.27554649114608765,True,412,0.7844807505607605,True,412,0.49109575152397156,True,c12_correct
413,414,414_6.bmp,preprocessed_results\414\414_6.bmp,413,413,413,0.9395388960838318,412,0.0021801216062158346,0.937358774477616,413|412|379|202|514,0.93953890|0.00218012|0.00157886|0.00106922|0.00104659,1,0.9395388960838318,True,413,0.9395388960838318,True,413,0.8799477815628052,True,413,0.8400689959526062,True,413,0.8653119802474976,True,c12_correct
414,415,415_6.bmp,preprocessed_results\415\415_6.bmp,414,414,414,0.8569747805595398,717,0.007618133910000324,0.8493566466495395,414|717|434|234|27,0.85697478|0.00761813|0.00624034|0.00536650|0.00450155,1,0.8569747805595398,True,414,0.8569747805595398,True,414,0.690808892250061,True,414,0.8280960321426392,True,414,0.8324770927429199,True,c12_correct
415,416,416_3.bmp,preprocessed_results\416\416_3.bmp,415,415,415,0.7507078647613525,375,0.013783283531665802,0.7369245812296867,415|375|184|367|247,0.75070786|0.01378328|0.01196701|0.01016026|0.00627166,1,0.7507078647613525,True,415,0.7507078647613525,True,415,0.2438715249300003,True,415,0.7937860488891602,True,415,0.4754919409751892,True,c12_correct
416,417,417_8.bmp,preprocessed_results\417\417_8.bmp,416,416,416,0.9035794138908386,301,0.0044760871678590775,0.8991033267229795,416|301|519|323|349,0.90357941|0.00447609|0.00419515|0.00263351|0.00257443,1,0.9035794138908386,True,416,0.9035794138908386,True,416,0.8700920343399048,True,416,0.8211844563484192,True,416,0.8290951251983643,True,c12_correct
417,418,418_9.bmp,preprocessed_results\418\418_9.bmp,417,417,417,0.8762651681900024,416,0.009082174859941006,0.8671829933300614,417|416|427|546|491,0.87626517|0.00908217|0.00346053|0.00309860|0.00236183,1,0.8762651681900024,True,417,0.8762651681900024,True,417,0.891620934009552,True,417,0.8391908407211304,True,417,0.8393221497535706,True,c12_correct
418,419,419_10.bmp,preprocessed_results\419\419_10.bmp,418,418,418,0.9079256057739258,419,0.003401855006814003,0.9045237507671118,418|419|394|398|659,0.90792561|0.00340186|0.00225034|0.00199135|0.00178185,1,0.9079256057739258,True,418,0.9079256057739258,True,418,0.8131977319717407,True,418,0.8364100456237793,True,418,0.7852705717086792,True,c12_correct
419,420,420_10.bmp,preprocessed_results\420\420_10.bmp,419,419,419,0.7343708872795105,418,0.011070637963712215,0.7233002493157983,419|418|459|491|507,0.73437089|0.01107064|0.00723624|0.00592174|0.00512092,1,0.7343708872795105,True,419,0.7343708872795105,True,419,0.7821871042251587,True,419,0.8454174995422363,True,419,0.7650594115257263,True,c12_correct
420,421,421_10.bmp,preprocessed_results\421\421_10.bmp,420,420,420,0.6989001631736755,798,0.010508812963962555,0.688391350209713,420|798|237|421|165,0.69890016|0.01050881|0.00802181|0.00558854|0.00549965,1,0.6989001631736755,True,420,0.6989001631736755,True,420,0.8017114400863647,True,420,0.7928467988967896,True,420,0.73836749792099,True,c12_correct
421,422,422_10.bmp,preprocessed_results\422\422_10.bmp,421,421,421,0.7021315693855286,544,0.013351984322071075,0.6887795850634575,421|544|420|443|455,0.70213157|0.01335198|0.00867614|0.00841126|0.00660775,1,0.7021315693855286,True,421,0.7021315693855286,True,421,0.48841598629951477,True,421,0.8112139105796814,True,421,0.6844539642333984,True,c12_correct
422,423,423_4.bmp,preprocessed_results\423\423_4.bmp,422,422,422,0.8955207467079163,423,0.004924492444843054,0.8905962542630732,422|423|535|374|185,0.89552075|0.00492449|0.00309062|0.00280244|0.00152525,1,0.8955207467079163,True,422,0.8955207467079163,True,422,0.9248849749565125,True,422,0.8451526165008545,True,422,0.8530077338218689,True,c12_correct
423,424,424_1.bmp,preprocessed_results\424\424_1.bmp,423,423,423,0.4249035716056824,392,0.021937061101198196,0.4029665105044842,423|392|472|431|422,0.42490357|0.02193706|0.02124680|0.01624824|0.01514324,1,0.4249035716056824,True,423,0.4249035716056824,True,423,0.3396140933036804,True,423,0.7819032669067383,True,423,0.4309881329536438,True,c12_correct
424,425,425_5.bmp,preprocessed_results\425\425_5.bmp,424,424,424,0.9020301699638367,499,0.003075431101024151,0.8989547388628125,424|499|425|398|119,0.90203017|0.00307543|0.00277968|0.00229861|0.00153307,1,0.9020301699638367,True,424,0.9020301699638367,True,424,0.9133528470993042,True,424,0.8522358536720276,True,424,0.8695542216300964,True,c12_correct
425,426,426_4.bmp,preprocessed_results\426\426_4.bmp,425,425,425,0.8430472612380981,424,0.003926771227270365,0.8391204900108278,425|424|431|831|13,0.84304726|0.00392677|0.00377291|0.00356155|0.00255608,1,0.8430472612380981,True,425,0.8430472612380981,True,425,0.9030925631523132,True,425,0.8392125964164734,True,425,0.8846896886825562,True,c12_correct
426,427,427_7.bmp,preprocessed_results\427\427_7.bmp,426,426,426,0.8976902961730957,545,0.002618794795125723,0.89507150137797,426|545|519|453|502,0.89769030|0.00261879|0.00238251|0.00238225|0.00208475,1,0.8976902961730957,True,426,0.8976902961730957,True,426,0.8991060256958008,True,426,0.8334020972251892,True,426,0.8852187991142273,True,c12_correct
427,428,428_3.bmp,preprocessed_results\428\428_3.bmp,427,427,427,0.9223564863204956,66,0.0017661796882748604,0.9205903066322207,427|66|508|417|449,0.92235649|0.00176618|0.00151995|0.00147395|0.00138474,1,0.9223564863204956,True,427,0.9223564863204956,True,427,0.8526126146316528,True,427,0.8335573673248291,True,427,0.8391363620758057,True,c12_correct
428,429,429_10.bmp,preprocessed_results\429\429_10.bmp,428,428,428,0.8698302507400513,663,0.004149490501731634,0.8656807602383196,428|663|519|499|777,0.86983025|0.00414949|0.00364402|0.00286457|0.00238140,1,0.8698302507400513,True,428,0.8698302507400513,True,428,0.8744204044342041,True,428,0.8407467603683472,True,428,0.805730402469635,True,c12_correct
429,430,430_3.bmp,preprocessed_results\430\430_3.bmp,429,429,429,0.9304545521736145,428,0.0031681854743510485,0.9272863666992635,429|428|391|546|15,0.93045455|0.00316819|0.00199370|0.00186456|0.00124532,1,0.9304545521736145,True,429,0.9304545521736145,True,429,0.855950653553009,True,429,0.848420262336731,True,429,0.8118656873703003,True,c12_correct
430,431,431_4.bmp,preprocessed_results\431\431_4.bmp,430,430,430,0.9591047167778015,398,0.00804397463798523,0.9510607421398163,430|398|431|187|150,0.95910472|0.00804397|0.00297679|0.00122691|0.00077884,1,0.9591047167778015,True,430,0.9591047167778015,True,430,0.8141841292381287,True,430,0.8278679847717285,True,430,0.8163642287254333,True,c12_correct
431,432,432_7.bmp,preprocessed_results\432\432_7.bmp,431,431,431,0.9109004735946655,430,0.002303892280906439,0.9085965813137591,431|430|207|399|128,0.91090047|0.00230389|0.00136143|0.00128058|0.00125258,1,0.9109004735946655,True,431,0.9109004735946655,True,431,0.8850045204162598,True,431,0.8097748160362244,True,431,0.8338109254837036,True,c12_correct
432,433,433_4.bmp,preprocessed_results\433\433_4.bmp,432,432,432,0.835930585861206,485,0.005973593797534704,0.8299569920636714,432|485|433|184|144,0.83593059|0.00597359|0.00565520|0.00409776|0.00401475,1,0.835930585861206,True,432,0.835930585861206,True,432,0.7560624480247498,True,432,0.7653794288635254,True,432,0.8538130521774292,True,c12_correct
433,434,434_3.bmp,preprocessed_results\434\434_3.bmp,433,433,433,0.8768889307975769,432,0.009421524591743946,0.867467406205833,433|432|353|546|301,0.87688893|0.00942152|0.00409070|0.00328959|0.00291422,1,0.8768889307975769,True,433,0.8768889307975769,True,433,0.8646385073661804,True,433,0.8368082046508789,True,433,0.8246939778327942,True,c12_correct
434,435,435_7.bmp,preprocessed_results\435\435_7.bmp,434,434,434,0.9599584937095642,277,0.0016238277312368155,0.9583346659783274,434|277|52|470|435,0.95995849|0.00162383|0.00139029|0.00128273|0.00086925,1,0.9599584937095642,True,434,0.9599584937095642,True,434,0.8219753503799438,True,434,0.8228733539581299,True,434,0.7497440576553345,True,c12_correct
435,436,436_4.bmp,preprocessed_results\436\436_4.bmp,435,435,435,0.934980034828186,558,0.0033079530112445354,0.9316720818169415,435|558|434|554|463,0.93498003|0.00330795|0.00287303|0.00166956|0.00118300,1,0.934980034828186,True,435,0.934980034828186,True,435,0.6084012985229492,True,435,0.8273805379867554,True,435,0.8244805335998535,True,c12_correct
436,437,437_4.bmp,preprocessed_results\437\437_4.bmp,436,436,436,0.8927997350692749,532,0.004914239980280399,0.8878854950889945,436|532|450|250|440,0.89279974|0.00491424|0.00463520|0.00320512|0.00249390,1,0.8927997350692749,True,436,0.8927997350692749,True,436,0.8275806903839111,True,436,0.7984253764152527,True,436,0.8134279847145081,True,c12_correct
437,438,438_4.bmp,preprocessed_results\438\438_4.bmp,437,437,437,0.8275094628334045,611,0.00897704903036356,0.818532413803041,437|611|413|294|238,0.82750946|0.00897705|0.00791969|0.00469830|0.00450158,1,0.8275094628334045,True,437,0.8275094628334045,True,437,0.8375970125198364,True,437,0.8146589398384094,True,437,0.771968424320221,True,c12_correct
438,439,439_4.bmp,preprocessed_results\439\439_4.bmp,438,438,438,0.8775753974914551,145,0.006679081358015537,0.8708963161334395,438|145|185|533|116,0.87757540|0.00667908|0.00476703|0.00326533|0.00302777,1,0.8775753974914551,True,438,0.8775753974914551,True,438,0.5931490659713745,True,438,0.8085972666740417,True,438,0.7763228416442871,True,c12_correct
439,440,440_2.bmp,preprocessed_results\440\440_2.bmp,439,439,439,0.9184922575950623,247,0.0034956245217472315,0.914996633073315,439|247|438|441|494,0.91849226|0.00349562|0.00193688|0.00138869|0.00131006,1,0.9184922575950623,True,439,0.9184922575950623,True,439,0.8011302947998047,True,439,0.8216367363929749,True,439,0.7732090950012207,True,c12_correct
440,441,441_9.bmp,preprocessed_results\441\441_9.bmp,440,440,440,0.5297137498855591,372,0.044792674481868744,0.48492107540369034,440|372|43|77|96,0.52971375|0.04479267|0.02240681|0.01872449|0.01652460,1,0.5297137498855591,True,440,0.5297137498855591,True,440,0.6834114789962769,True,440,0.7999699115753174,True,440,0.521472692489624,True,c12_correct
441,442,442_8.bmp,preprocessed_results\442\442_8.bmp,441,441,441,0.818755030632019,295,0.02935773693025112,0.7893972937017679,441|295|335|38|453,0.81875503|0.02935774|0.00509198|0.00426869|0.00356125,1,0.818755030632019,True,441,0.818755030632019,True,441,0.8880318403244019,True,441,0.8478755950927734,True,441,0.8672533631324768,True,c12_correct
442,443,443_7.bmp,preprocessed_results\443\443_7.bmp,442,442,442,0.9031520485877991,314,0.0023318598978221416,0.9008201886899769,442|314|430|443|22,0.90315205|0.00233186|0.00231615|0.00219808|0.00197188,1,0.9031520485877991,True,442,0.9031520485877991,True,442,0.8943262696266174,True,442,0.8451249599456787,True,442,0.8594251871109009,True,c12_correct
443,444,444_3.bmp,preprocessed_results\444\444_3.bmp,443,443,443,0.8856204748153687,463,0.004003029316663742,0.8816174454987049,443|463|442|498|674,0.88562047|0.00400303|0.00293921|0.00262710|0.00260900,1,0.8856204748153687,True,443,0.8856204748153687,True,443,0.8580949306488037,True,443,0.8210931420326233,True,443,0.8607308268547058,True,c12_correct
444,445,445_9.bmp,preprocessed_results\445\445_9.bmp,444,444,444,0.9062899351119995,509,0.004396199248731136,0.9018937358632684,444|509|446|440|434,0.90628994|0.00439620|0.00316327|0.00232451|0.00227358,1,0.9062899351119995,True,444,0.9062899351119995,True,444,0.8689219355583191,True,444,0.8448366522789001,True,444,0.8411538004875183,True,c12_correct
445,446,446_7.bmp,preprocessed_results\446\446_7.bmp,445,445,445,0.9428930282592773,486,0.002725304802879691,0.9401677234563977,445|486|74|32|444,0.94289303|0.00272530|0.00142096|0.00141338|0.00127877,1,0.9428930282592773,True,445,0.9428930282592773,True,445,0.9187013506889343,True,445,0.8314332962036133,True,445,0.8662471771240234,True,c12_correct
446,447,447_2.bmp,preprocessed_results\447\447_2.bmp,446,446,446,0.8194518089294434,434,0.009079020470380783,0.8103727884590626,446|434|245|351|279,0.81945181|0.00907902|0.00856342|0.00378993|0.00272536,1,0.8194518089294434,True,446,0.8194518089294434,True,446,0.7627747654914856,True,446,0.8126873970031738,True,446,0.594318687915802,True,c12_correct
447,448,448_2.bmp,preprocessed_results\448\448_2.bmp,447,447,447,0.9049902558326721,497,0.0029276921413838863,0.9020625636912882,447|497|332|471|383,0.90499026|0.00292769|0.00257220|0.00170002|0.00154632,1,0.9049902558326721,True,447,0.9049902558326721,True,447,0.8598167896270752,True,447,0.8205518126487732,True,447,0.8293733596801758,True,c12_correct
448,449,449_1.bmp,preprocessed_results\449\449_1.bmp,448,448,448,0.3982260525226593,396,0.03227837756276131,0.365947674959898,448|396|482|468|422,0.39822605|0.03227838|0.02045267|0.01060784|0.00877202,1,0.3982260525226593,True,448,0.3982260525226593,True,448,0.38993149995803833,True,448,0.77523273229599,True,448,0.4614828824996948,True,c12_correct
449,450,450_2.bmp,preprocessed_results\450\450_2.bmp,449,449,449,0.8602045178413391,416,0.00624389061704278,0.8539606272242963,449|416|215|345|165,0.86020452|0.00624389|0.00411393|0.00327446|0.00301019,1,0.8602045178413391,True,449,0.8602045178413391,True,449,0.8688580989837646,True,449,0.8256469964981079,True,449,0.836574137210846,True,c12_correct
450,451,451_8.bmp,preprocessed_results\451\451_8.bmp,450,450,450,0.5811175107955933,300,0.010831460356712341,0.5702860504388809,450|300|440|451|400,0.58111751|0.01083146|0.01040475|0.00941514|0.00906030,1,0.5811175107955933,True,450,0.5811175107955933,True,450,0.7412509322166443,True,450,0.8221929669380188,True,450,0.7111970782279968,True,c12_correct
451,452,452_3.bmp,preprocessed_results\452\452_3.bmp,451,451,451,0.7996576428413391,477,0.06715242564678192,0.7325052171945572,451|477|484|485|102,0.79965764|0.06715243|0.00724893|0.00291527|0.00288558,1,0.7996576428413391,True,451,0.7996576428413391,True,451,0.7373565435409546,True,451,0.8133565187454224,True,451,0.6878321170806885,True,c12_correct
452,453,453_2.bmp,preprocessed_results\453\453_2.bmp,452,452,452,0.8963119983673096,453,0.015931174159049988,0.8803808242082596,452|453|471|559|451,0.89631200|0.01593117|0.00269522|0.00214325|0.00162619,1,0.8963119983673096,True,452,0.8963119983673096,True,452,0.7939463257789612,True,452,0.8517740368843079,True,452,0.8110964894294739,True,c12_correct
453,454,454_5.bmp,preprocessed_results\454\454_5.bmp,453,453,453,0.6532466411590576,452,0.05603702366352081,0.5972096174955368,453|452|166|114|400,0.65324664|0.05603702|0.00615475|0.00537775|0.00490590,1,0.6532466411590576,True,453,0.6532466411590576,True,453,0.7048370242118835,True,453,0.8343883156776428,True,453,0.7946453094482422,True,c12_correct
454,455,455_3.bmp,preprocessed_results\455\455_3.bmp,454,454,454,0.865236759185791,181,0.006734300404787064,0.858502458781004,454|181|556|455|359,0.86523676|0.00673430|0.00630811|0.00481520|0.00376068,1,0.865236759185791,True,454,0.865236759185791,True,454,0.8186838626861572,True,454,0.8077970743179321,True,454,0.7233676910400391,True,c12_correct
455,456,456_1.bmp,preprocessed_results\456\456_1.bmp,455,455,455,0.6614510416984558,555,0.021923812106251717,0.6395272295922041,455|555|454|145|516,0.66145104|0.02192381|0.01586215|0.01234896|0.00960692,1,0.6614510416984558,True,455,0.6614510416984558,True,455,0.5567833781242371,True,455,0.7748892307281494,True,455,0.4954957365989685,True,c12_correct
456,457,457_10.bmp,preprocessed_results\457\457_10.bmp,456,456,456,0.6831363439559937,487,0.008944508619606495,0.6741918353363872,456|487|510|457|485,0.68313634|0.00894451|0.00872779|0.00769649|0.00737451,1,0.6831363439559937,True,456,0.6831363439559937,True,456,0.533681333065033,True,456,0.7577482461929321,True,456,0.65876305103302,True,c12_correct
457,458,458_8.bmp,preprocessed_results\458\458_8.bmp,457,457,457,0.9132012128829956,456,0.004526696167886257,0.9086745167151093,457|456|351|503|176,0.91320121|0.00452670|0.00235581|0.00196957|0.00182032,1,0.9132012128829956,True,457,0.9132012128829956,True,457,0.7573872208595276,True,457,0.8167873024940491,True,457,0.7931007742881775,True,c12_correct
458,459,459_10.bmp,preprocessed_results\459\459_10.bmp,458,458,458,0.6718712449073792,440,0.014989067800343037,0.6568821771070361,458|440|406|453|459,0.67187124|0.01498907|0.01398355|0.00929819|0.00903708,1,0.6718712449073792,True,458,0.6718712449073792,True,458,0.7415952682495117,True,458,0.8078147768974304,True,458,0.7203735113143921,True,c12_correct
459,460,460_4.bmp,preprocessed_results\460\460_4.bmp,459,459,459,0.5382959246635437,152,0.042120497673749924,0.4961754269897938,459|152|449|329|427,0.53829592|0.04212050|0.01440521|0.01248838|0.01237812,1,0.5382959246635437,True,459,0.5382959246635437,True,459,0.6056215763092041,True,459,0.8454481959342957,True,459,0.5765892863273621,True,c12_correct
460,461,461_5.bmp,preprocessed_results\461\461_5.bmp,460,460,460,0.9149733185768127,178,0.0020753510762006044,0.9128979675006121,460|178|461|519|166,0.91497332|0.00207535|0.00154584|0.00134852|0.00116815,1,0.9149733185768127,True,460,0.9149733185768127,True,460,0.8983414173126221,True,460,0.8506454825401306,True,460,0.8142290711402893,True,c12_correct
461,462,462_5.bmp,preprocessed_results\462\462_5.bmp,461,461,461,0.8704550266265869,457,0.007919794879853725,0.8625352317467332,461|457|460|519|465,0.87045503|0.00791979|0.00565015|0.00303808|0.00249223,1,0.8704550266265869,True,461,0.8704550266265869,True,461,0.8528012633323669,True,461,0.8252031207084656,True,461,0.7828893661499023,True,c12_correct
462,463,463_2.bmp,preprocessed_results\463\463_2.bmp,462,462,462,0.9046047329902649,370,0.007711019366979599,0.8968937136232853,462|370|62|774|498,0.90460473|0.00771102|0.00624507|0.00420367|0.00196711,1,0.9046047329902649,True,462,0.9046047329902649,True,462,0.8105193972587585,True,462,0.8441853523254395,True,462,0.808924674987793,True,c12_correct
463,464,464_7.bmp,preprocessed_results\464\464_7.bmp,463,463,463,0.9494345188140869,462,0.0021721890661865473,0.9472623297479004,463|462|461|123|473,0.94943452|0.00217219|0.00156215|0.00132383|0.00110494,1,0.9494345188140869,True,463,0.9494345188140869,True,463,0.9118176102638245,True,463,0.8307620286941528,True,463,0.8405880331993103,True,c12_correct
464,465,465_5.bmp,preprocessed_results\465\465_5.bmp,464,464,464,0.849979817867279,457,0.0062774550169706345,0.8437023628503084,464|457|484|465|344,0.84997982|0.00627746|0.00403035|0.00287699|0.00281225,1,0.849979817867279,True,464,0.849979817867279,True,464,0.8837125897407532,True,464,0.8494890332221985,True,464,0.8341916799545288,True,c12_correct
465,466,466_2.bmp,preprocessed_results\466\466_2.bmp,465,465,465,0.7879158854484558,451,0.009768874384462833,0.778147011063993,465|451|417|481|467,0.78791589|0.00976887|0.00805085|0.00801791|0.00380889,1,0.7879158854484558,True,465,0.7879158854484558,True,465,0.9069345593452454,True,465,0.8406772613525391,True,465,0.8302757740020752,True,c12_correct
466,467,467_2.bmp,preprocessed_results\467\467_2.bmp,466,466,466,0.9280213713645935,80,0.005154479295015335,0.9228668920695782,466|80|470|467|81,0.92802137|0.00515448|0.00271181|0.00237320|0.00176669,1,0.9280213713645935,True,466,0.9280213713645935,True,466,0.9351160526275635,True,466,0.8387351632118225,True,466,0.7081406712532043,True,c12_correct
467,468,468_6.bmp,preprocessed_results\468\468_6.bmp,467,467,467,0.8766462802886963,489,0.004978470038622618,0.8716678102500737,467|489|423|495|477,0.87664628|0.00497847|0.00246425|0.00191222|0.00185559,1,0.8766462802886963,True,467,0.8766462802886963,True,467,0.9228125810623169,True,467,0.8389483094215393,True,467,0.8378611207008362,True,c12_correct
468,469,469_9.bmp,preprocessed_results\469\469_9.bmp,468,468,468,0.8872236013412476,469,0.009228195063769817,0.8779954062774777,468|469|453|446|422,0.88722360|0.00922820|0.00701775|0.00311280|0.00226293,1,0.8872236013412476,True,468,0.8872236013412476,True,468,0.8984293341636658,True,468,0.8440496921539307,True,468,0.8083028793334961,True,c12_correct
469,470,470_2.bmp,preprocessed_results\470\470_2.bmp,469,469,469,0.9404523372650146,437,0.002609174232929945,0.9378431630320847,469|437|468|491|538,0.94045234|0.00260917|0.00251726|0.00149172|0.00114249,1,0.9404523372650146,True,469,0.9404523372650146,True,469,0.8778026700019836,True,469,0.8437231779098511,True,469,0.7384085655212402,True,c12_correct
470,471,471_5.bmp,preprocessed_results\471\471_5.bmp,470,470,470,0.8443030714988708,408,0.018036585301160812,0.82626648619771,470|408|173|200|464,0.84430307|0.01803659|0.00628263|0.00276969|0.00251827,1,0.8443030714988708,True,470,0.8443030714988708,True,470,0.7261019349098206,True,470,0.811663806438446,True,470,0.7900039553642273,True,c12_correct
471,472,472_7.bmp,preprocessed_results\472\472_7.bmp,471,471,471,0.9586074352264404,138,0.002189081162214279,0.9564183540642262,471|138|550|329|46,0.95860744|0.00218908|0.00186674|0.00183390|0.00145294,1,0.9586074352264404,True,471,0.9586074352264404,True,471,0.9013407230377197,True,471,0.8126850128173828,True,471,0.8625997304916382,True,c12_correct
472,473,473_8.bmp,preprocessed_results\473\473_8.bmp,472,472,472,0.9373494982719421,435,0.0030397982336580753,0.9343097000382841,472|435|473|397|409,0.93734950|0.00303980|0.00191274|0.00177612|0.00161616,1,0.9373494982719421,True,472,0.9373494982719421,True,472,0.9088041186332703,True,472,0.8292422294616699,True,472,0.9102038741111755,True,c12_correct
473,474,474_5.bmp,preprocessed_results\474\474_5.bmp,473,473,473,0.9256455302238464,472,0.005356657784432173,0.9202888724394143,473|472|347|462|409,0.92564553|0.00535666|0.00233990|0.00150873|0.00105890,1,0.9256455302238464,True,473,0.9256455302238464,True,473,0.897605299949646,True,473,0.8311772346496582,True,473,0.8162436485290527,True,c12_correct
474,475,475_10.bmp,preprocessed_results\475\475_10.bmp,474,474,474,0.940330982208252,636,0.0024251569993793964,0.9379058252088726,474|636|751|533|685,0.94033098|0.00242516|0.00177980|0.00137805|0.00097728,1,0.940330982208252,True,474,0.940330982208252,True,474,0.9257514476776123,True,474,0.8597701787948608,True,474,0.8653368353843689,True,c12_correct
475,476,476_5.bmp,preprocessed_results\476\476_5.bmp,475,475,475,0.9281659722328186,548,0.0030954149551689625,0.9250705572776496,475|548|540|373|534,0.92816597|0.00309541|0.00246176|0.00179949|0.00161888,1,0.9281659722328186,True,475,0.9281659722328186,True,475,0.7519541382789612,True,475,0.8244870901107788,True,475,0.8108190894126892,True,c12_correct
476,477,477_1.bmp,preprocessed_results\477\477_1.bmp,476,476,476,0.5558845400810242,477,0.10346750169992447,0.4524170383810997,476|477|484|379|145,0.55588454|0.10346750|0.01326524|0.00726754|0.00677741,1,0.5558845400810242,True,476,0.5558845400810242,True,476,0.756567120552063,True,476,0.8199299573898315,True,476,0.7269499897956848,True,c12_correct
477,478,478_7.bmp,preprocessed_results\478\478_7.bmp,477,477,477,0.920271635055542,476,0.005814447999000549,0.9144571870565414,477|476|182|555|484,0.92027164|0.00581445|0.00262244|0.00188489|0.00172268,1,0.920271635055542,True,477,0.920271635055542,True,477,0.9024249911308289,True,477,0.8209660649299622,True,477,0.8592490553855896,True,c12_correct
478,479,479_5.bmp,preprocessed_results\479\479_5.bmp,478,478,478,0.8373355865478516,554,0.0053005460649728775,0.8320350404828787,478|554|555|474|68,0.83733559|0.00530055|0.00468096|0.00323645|0.00277093,1,0.8373355865478516,True,478,0.8373355865478516,True,478,0.5948625206947327,True,478,0.7974658012390137,True,478,0.7989952564239502,True,c12_correct
479,480,480_4.bmp,preprocessed_results\480\480_4.bmp,479,479,479,0.9222872257232666,475,0.00395345501601696,0.9183337707072496,479|475|559|535|538,0.92228723|0.00395346|0.00289241|0.00230069|0.00187631,1,0.9222872257232666,True,479,0.9222872257232666,True,479,0.8709864616394043,True,479,0.8217035531997681,True,479,0.8502179384231567,True,c12_correct
480,481,481_6.bmp,preprocessed_results\481\481_6.bmp,480,480,480,0.8597686290740967,481,0.010218899697065353,0.8495497293770313,480|481|402|498|364,0.85976863|0.01021890|0.00425835|0.00404033|0.00329009,1,0.8597686290740967,True,480,0.8597686290740967,True,480,0.8149152994155884,True,480,0.8314621448516846,True,480,0.86237633228302,True,c12_correct
481,482,482_7.bmp,preprocessed_results\482\482_7.bmp,481,481,481,0.898029625415802,480,0.0028917319141328335,0.8951378935016692,481|480|63|546|492,0.89802963|0.00289173|0.00285444|0.00263609|0.00235470,1,0.898029625415802,True,481,0.898029625415802,True,481,0.8376964926719666,True,481,0.8280289173126221,True,481,0.7661782503128052,True,c12_correct
482,483,483_9.bmp,preprocessed_results\483\483_9.bmp,482,482,482,0.8352895379066467,484,0.0060585918836295605,0.8292309460230172,482|484|185|483|70,0.83528954|0.00605859|0.00445111|0.00306779|0.00271481,1,0.8352895379066467,True,482,0.8352895379066467,True,482,0.7329362034797668,True,482,0.8339354991912842,True,482,0.879608690738678,True,c12_correct
483,484,484_9.bmp,preprocessed_results\484\484_9.bmp,483,483,483,0.8421292901039124,134,0.004067341797053814,0.8380619483068585,483|134|366|479|247,0.84212929|0.00406734|0.00293735|0.00267019|0.00259692,1,0.8421292901039124,True,483,0.8421292901039124,True,483,0.7253075242042542,True,483,0.8191611766815186,True,483,0.8170647621154785,True,c12_correct
484,485,485_9.bmp,preprocessed_results\485\485_9.bmp,484,484,484,0.851092517375946,485,0.008670630864799023,0.842421886511147,484|485|372|78|477,0.85109252|0.00867063|0.00414623|0.00391957|0.00277759,1,0.851092517375946,True,484,0.851092517375946,True,484,0.8536112308502197,True,484,0.8338409066200256,True,484,0.7494290471076965,True,c12_correct
485,486,486_4.bmp,preprocessed_results\486\486_4.bmp,485,485,485,0.8803050518035889,477,0.006532101426273584,0.8737729503773153,485|477|432|188|484,0.88030505|0.00653210|0.00416761|0.00373884|0.00350405,1,0.8803050518035889,True,485,0.8803050518035889,True,485,0.8448038101196289,True,485,0.8359718322753906,True,485,0.8256142139434814,True,c12_correct
486,487,487_8.bmp,preprocessed_results\487\487_8.bmp,486,486,486,0.7069212794303894,445,0.06321988254785538,0.643701396882534,486|445|487|386|464,0.70692128|0.06321988|0.01502523|0.00753165|0.00689204,1,0.7069212794303894,True,486,0.7069212794303894,True,486,0.6228037476539612,True,486,0.8442103266716003,True,486,0.7294294238090515,True,c12_correct
487,488,488_2.bmp,preprocessed_results\488\488_2.bmp,487,487,487,0.9044580459594727,345,0.008435919880867004,0.8960221260786057,487|345|526|486|314,0.90445805|0.00843592|0.00441606|0.00398199|0.00224100,1,0.9044580459594727,True,487,0.9044580459594727,True,487,0.7792618870735168,True,487,0.8012044429779053,True,487,0.7528406977653503,True,c12_correct
488,489,489_8.bmp,preprocessed_results\489\489_8.bmp,488,488,488,0.8950758576393127,489,0.0066594770178198814,0.8884163806214929,488|489|459|81|361,0.89507586|0.00665948|0.00505489|0.00171063|0.00151194,1,0.8950758576393127,True,488,0.8950758576393127,True,488,0.8568167686462402,True,488,0.7900928258895874,True,488,0.8381079435348511,True,c12_correct
489,490,490_2.bmp,preprocessed_results\490\490_2.bmp,489,489,489,0.9249044060707092,533,0.006216979119926691,0.9186874269507825,489|533|467|488|466,0.92490441|0.00621698|0.00568436|0.00447162|0.00150839,1,0.9249044060707092,True,489,0.9249044060707092,True,489,0.8219152688980103,True,489,0.8572245240211487,True,489,0.7876899242401123,True,c12_correct
490,491,491_2.bmp,preprocessed_results\491\491_2.bmp,490,490,490,0.8883681297302246,466,0.004035016521811485,0.8843331132084131,490|466|491|479|235,0.88836813|0.00403502|0.00323688|0.00321580|0.00270921,1,0.8883681297302246,True,490,0.8883681297302246,True,490,0.7424941658973694,True,490,0.8397802710533142,True,490,0.686689019203186,True,c12_correct
491,492,492_9.bmp,preprocessed_results\492\492_9.bmp,491,491,491,0.834509015083313,514,0.006748546846210957,0.827760468237102,491|514|375|479|409,0.83450902|0.00674855|0.00542239|0.00461443|0.00449647,1,0.834509015083313,True,491,0.834509015083313,True,491,0.8104493618011475,True,491,0.8335945010185242,True,491,0.8204584121704102,True,c12_correct
492,493,493_1.bmp,preprocessed_results\493\493_1.bmp,492,492,492,0.33603236079216003,448,0.024273594841361046,0.311758765950799,492|448|381|369|493,0.33603236|0.02427359|0.01924759|0.01821454|0.01761631,1,0.33603236079216003,True,492,0.33603236079216003,True,492,0.19336239993572235,True,492,0.7570893168449402,True,492,0.37707045674324036,True,c12_correct
493,494,494_3.bmp,preprocessed_results\494\494_3.bmp,493,493,493,0.851187527179718,492,0.009067608043551445,0.8421199191361666,493|492|377|467|489,0.85118753|0.00906761|0.00366302|0.00359681|0.00273762,1,0.851187527179718,True,493,0.851187527179718,True,493,0.8352253437042236,True,493,0.8244214057922363,True,493,0.8714358806610107,True,c12_correct
494,495,495_4.bmp,preprocessed_results\495\495_4.bmp,494,494,494,0.9342864751815796,45,0.003379920031875372,0.9309065551497042,494|45|488|495|35,0.93428648|0.00337992|0.00313623|0.00219011|0.00204683,1,0.9342864751815796,True,494,0.9342864751815796,True,494,0.927399754524231,True,494,0.8385035395622253,True,494,0.8312074542045593,True,c12_correct
495,496,496_6.bmp,preprocessed_results\496\496_6.bmp,495,495,495,0.8907915353775024,494,0.005768771283328533,0.8850227640941739,495|494|74|467|485,0.89079154|0.00576877|0.00428008|0.00211934|0.00183510,1,0.8907915353775024,True,495,0.8907915353775024,True,495,0.8537381291389465,True,495,0.8546514511108398,True,495,0.8285897374153137,True,c12_correct
496,497,497_1.bmp,preprocessed_results\497\497_1.bmp,496,496,497,0.22594761848449707,496,0.17774918675422668,0.048198431730270386,497|496|83|221|476,0.22594762|0.17774919|0.02706390|0.02448910|0.02153738,2,0.17774918675422668,True,497,0.22594761848449707,False,496,0.17623190581798553,True,496,0.7798049449920654,True,496,0.2604149281978607,True,teacher_all_correct;low_margin;true_in_top5
497,498,498_9.bmp,preprocessed_results\498\498_9.bmp,497,497,497,0.6898400783538818,274,0.026089143007993698,0.6637509353458881,497|274|328|167|329,0.68984008|0.02608914|0.00727472|0.00654213|0.00647104,1,0.6898400783538818,True,497,0.6898400783538818,True,497,0.5835350155830383,True,497,0.8248348832130432,True,497,0.7212235331535339,True,c12_correct
498,499,499_8.bmp,preprocessed_results\499\499_8.bmp,498,498,498,0.8917773365974426,462,0.01527581550180912,0.8765015210956335,498|462|398|463|431,0.89177734|0.01527582|0.00777572|0.00397809|0.00292325,1,0.8917773365974426,True,498,0.8917773365974426,True,498,0.9140306115150452,True,498,0.8492593169212341,True,498,0.805068850517273,True,c12_correct
499,500,500_10.bmp,preprocessed_results\500\500_10.bmp,499,499,499,0.8912699818611145,424,0.004539127927273512,0.886730853933841,499|424|498|112|306,0.89126998|0.00453913|0.00367632|0.00252560|0.00148400,1,0.8912699818611145,True,499,0.8912699818611145,True,499,0.7168269753456116,True,499,0.8472002744674683,True,499,0.7729728817939758,True,c12_correct
500,501,501_3.bmp,preprocessed_results\501\501_3.bmp,500,500,500,0.9178924560546875,406,0.007136176805943251,0.9107562792487442,500|406|407|436|477,0.91789246|0.00713618|0.00412268|0.00196923|0.00171427,1,0.9178924560546875,True,500,0.9178924560546875,True,500,0.9203007817268372,True,500,0.8355689644813538,True,500,0.7945132851600647,True,c12_correct
501,502,502_7.bmp,preprocessed_results\502\502_7.bmp,501,501,501,0.8362928032875061,90,0.005037522409111261,0.8312552808783948,501|90|112|54|395,0.83629280|0.00503752|0.00315524|0.00285455|0.00247065,1,0.8362928032875061,True,501,0.8362928032875061,True,501,0.7506052255630493,True,501,0.8522939682006836,True,501,0.81671142578125,True,c12_correct
502,503,503_4.bmp,preprocessed_results\503\503_4.bmp,502,502,502,0.7766701579093933,500,0.011711878702044487,0.7649582792073488,502|500|480|426|430,0.77667016|0.01171188|0.00832710|0.00691016|0.00601494,1,0.7766701579093933,True,502,0.7766701579093933,True,502,0.6088289618492126,True,502,0.8347219228744507,True,502,0.8314885497093201,True,c12_correct
503,504,504_4.bmp,preprocessed_results\504\504_4.bmp,503,503,482,0.20862847566604614,148,0.04387183114886284,0.1647566445171833,482|148|484|468|453,0.20862848|0.04387183|0.03500609|0.02521866|0.02243360,57,0.0025444282218813896,False,482,0.20862847566604614,False,534,0.012089760974049568,False,503,0.028190873563289642,True,503,0.0738213062286377,True,teacher_all_correct
504,505,505_10.bmp,preprocessed_results\505\505_10.bmp,504,504,504,0.8197616934776306,505,0.029932135716080666,0.78982955776155,504|505|555|489|531,0.81976169|0.02993214|0.01268561|0.00581655|0.00281904,1,0.8197616934776306,True,504,0.8197616934776306,True,504,0.9343798160552979,True,504,0.8265007138252258,True,504,0.8717280626296997,True,c12_correct
505,506,506_10.bmp,preprocessed_results\506\506_10.bmp,505,505,505,0.9399696588516235,504,0.004096969962120056,0.9358726888895035,505|504|441|183|530,0.93996966|0.00409697|0.00210735|0.00108188|0.00098467,1,0.9399696588516235,True,505,0.9399696588516235,True,505,0.8419013023376465,True,505,0.824862003326416,True,505,0.7990568280220032,True,c12_correct
506,507,507_1.bmp,preprocessed_results\507\507_1.bmp,506,506,506,0.353579044342041,407,0.05856949836015701,0.295009545981884,506|407|459|784|829,0.35357904|0.05856950|0.02357393|0.01271979|0.01170125,1,0.353579044342041,True,506,0.353579044342041,True,506,0.7096995115280151,True,506,0.8113783597946167,True,506,0.6614295244216919,True,c12_correct
507,508,508_6.bmp,preprocessed_results\508\508_6.bmp,507,507,507,0.7148202657699585,388,0.012705394066870213,0.7021148717030883,507|388|23|153|474,0.71482027|0.01270539|0.00958524|0.00520310|0.00498233,1,0.7148202657699585,True,507,0.7148202657699585,True,507,0.7128391861915588,True,507,0.8052840828895569,True,507,0.6986538767814636,True,c12_correct
508,509,509_8.bmp,preprocessed_results\509\509_8.bmp,508,508,508,0.9167540669441223,509,0.0059567284770309925,0.9107973384670913,508|509|472|477|342,0.91675407|0.00595673|0.00138251|0.00136528|0.00134510,1,0.9167540669441223,True,508,0.9167540669441223,True,508,0.827589750289917,True,508,0.842714250087738,True,508,0.822607696056366,True,c12_correct
509,510,510_5.bmp,preprocessed_results\510\510_5.bmp,509,509,509,0.7420220375061035,398,0.0061172437854111195,0.7359047937206924,509|398|346|436|312,0.74202204|0.00611724|0.00388905|0.00335881|0.00276239,1,0.7420220375061035,True,509,0.7420220375061035,True,509,0.7132691740989685,True,509,0.8207140564918518,True,509,0.7344158291816711,True,c12_correct
510,511,511_6.bmp,preprocessed_results\511\511_6.bmp,510,510,510,0.8910622596740723,511,0.007655346766114235,0.883406912907958,510|511|481|473|351,0.89106226|0.00765535|0.00306236|0.00247391|0.00232598,1,0.8910622596740723,True,510,0.8910622596740723,True,510,0.8302801847457886,True,510,0.8476369976997375,True,510,0.7547556161880493,True,c12_correct
511,512,512_8.bmp,preprocessed_results\512\512_8.bmp,511,511,511,0.8577427268028259,203,0.005789128132164478,0.8519535986706614,511|203|510|78|416,0.85774273|0.00578913|0.00477696|0.00412523|0.00331624,1,0.8577427268028259,True,511,0.8577427268028259,True,511,0.8195828795433044,True,511,0.8413814306259155,True,511,0.8525072336196899,True,c12_correct
512,513,513_10.bmp,preprocessed_results\513\513_10.bmp,512,512,512,0.9336740970611572,561,0.002955144504085183,0.930718952557072,512|561|631|180|356,0.93367410|0.00295514|0.00159321|0.00135388|0.00104914,1,0.9336740970611572,True,512,0.9336740970611572,True,512,0.8089703321456909,True,512,0.8129591941833496,True,512,0.7567296028137207,True,c12_correct
513,514,514_5.bmp,preprocessed_results\514\514_5.bmp,513,513,513,0.9271222949028015,563,0.006998622789978981,0.9201236721128225,513|563|372|561|412,0.92712229|0.00699862|0.00305898|0.00147141|0.00146374,1,0.9271222949028015,True,513,0.9271222949028015,True,513,0.9172853231430054,True,513,0.8600581288337708,True,513,0.8800508975982666,True,c12_correct
514,515,515_9.bmp,preprocessed_results\515\515_9.bmp,514,514,514,0.8445444703102112,413,0.007281946018338203,0.837262524291873,514|413|558|476|486,0.84454447|0.00728195|0.00374721|0.00364827|0.00308446,1,0.8445444703102112,True,514,0.8445444703102112,True,514,0.8656211495399475,True,514,0.8095507025718689,True,514,0.7963224649429321,True,c12_correct
515,516,516_8.bmp,preprocessed_results\516\516_8.bmp,515,515,515,0.653163492679596,352,0.016519639641046524,0.6366438530385494,515|352|364|344|394,0.65316349|0.01651964|0.01154193|0.00897155|0.00698058,1,0.653163492679596,True,515,0.653163492679596,True,515,0.6109889149665833,True,515,0.8082057237625122,True,515,0.6910360455513,True,c12_correct
516,517,517_5.bmp,preprocessed_results\517\517_5.bmp,516,516,516,0.926339864730835,351,0.003279851283878088,0.9230600134469569,516|351|517|461|412,0.92633986|0.00327985|0.00243974|0.00183503|0.00177689,1,0.926339864730835,True,516,0.926339864730835,True,516,0.8810247182846069,True,516,0.8561574220657349,True,516,0.8636320233345032,True,c12_correct
517,518,518_3.bmp,preprocessed_results\518\518_3.bmp,517,517,517,0.8887054324150085,516,0.0022505612578243017,0.8864548711571842,517|516|39|35|539,0.88870543|0.00225056|0.00220884|0.00219467|0.00209316,1,0.8887054324150085,True,517,0.8887054324150085,True,517,0.8423092365264893,True,517,0.8049063086509705,True,517,0.7985512614250183,True,c12_correct
518,519,519_9.bmp,preprocessed_results\519\519_9.bmp,518,518,518,0.9422789216041565,787,0.0026430280413478613,0.9396358935628086,518|787|546|489|449,0.94227892|0.00264303|0.00223574|0.00156211|0.00131538,1,0.9422789216041565,True,518,0.9422789216041565,True,518,0.8140689730644226,True,518,0.8515801429748535,True,518,0.8244645595550537,True,c12_correct
519,520,520_6.bmp,preprocessed_results\520\520_6.bmp,519,519,519,0.9233508110046387,322,0.003738552797585726,0.919612258207053,519|322|317|430|461,0.92335081|0.00373855|0.00224139|0.00198381|0.00129830,1,0.9233508110046387,True,519,0.9233508110046387,True,519,0.8117327690124512,True,519,0.8426928520202637,True,519,0.7862889170646667,True,c12_correct
520,521,521_5.bmp,preprocessed_results\521\521_5.bmp,520,520,520,0.8954507112503052,521,0.016204508021473885,0.8792462032288313,520|521|310|420|437,0.89545071|0.01620451|0.00182124|0.00172819|0.00131314,1,0.8954507112503052,True,520,0.8954507112503052,True,520,0.8655318021774292,True,520,0.8458176255226135,True,520,0.8818084001541138,True,c12_correct
521,522,522_8.bmp,preprocessed_results\522\522_8.bmp,521,521,521,0.9245992302894592,520,0.00795946829020977,0.9166397619992495,521|520|436|222|310,0.92459923|0.00795947|0.00601891|0.00180588|0.00112092,1,0.9245992302894592,True,521,0.9245992302894592,True,521,0.8288049101829529,True,521,0.814247190952301,True,521,0.8515796661376953,True,c12_correct
522,523,523_9.bmp,preprocessed_results\523\523_9.bmp,522,522,522,0.9693301320075989,325,0.0015684842364862561,0.9677616477711126,522|325|407|523|138,0.96933013|0.00156848|0.00120317|0.00083310|0.00080550,1,0.9693301320075989,True,522,0.9693301320075989,True,522,0.8966403007507324,True,522,0.8360264897346497,True,522,0.8502647876739502,True,c12_correct
523,524,524_5.bmp,preprocessed_results\524\524_5.bmp,523,523,523,0.9422383904457092,522,0.0030438676476478577,0.9391945227980614,523|522|138|453|11,0.94223839|0.00304387|0.00208373|0.00105671|0.00098271,1,0.9422383904457092,True,523,0.9422383904457092,True,523,0.8649977445602417,True,523,0.8427602648735046,True,523,0.8132157921791077,True,c12_correct
524,525,525_6.bmp,preprocessed_results\525\525_6.bmp,524,524,524,0.9151045680046082,563,0.004352360498160124,0.910752207506448,524|563|240|525|513,0.91510457|0.00435236|0.00242631|0.00176264|0.00129195,1,0.9151045680046082,True,524,0.9151045680046082,True,524,0.8779066801071167,True,524,0.8492957353591919,True,524,0.8300513625144958,True,c12_correct
525,526,526_7.bmp,preprocessed_results\526\526_7.bmp,525,525,525,0.8906826972961426,524,0.008467618376016617,0.882215078920126,525|524|324|563|67,0.89068270|0.00846762|0.00340428|0.00311870|0.00205147,1,0.8906826972961426,True,525,0.8906826972961426,True,525,0.8663102984428406,True,525,0.8488562703132629,True,525,0.8479049205780029,True,c12_correct
526,527,527_3.bmp,preprocessed_results\527\527_3.bmp,526,526,526,0.8923351168632507,413,0.005526499357074499,0.8868086175061762,526|413|527|530|379,0.89233512|0.00552650|0.00241804|0.00233362|0.00227367,1,0.8923351168632507,True,526,0.8923351168632507,True,526,0.78758704662323,True,526,0.8476907014846802,True,526,0.8150076270103455,True,c12_correct
527,528,528_8.bmp,preprocessed_results\528\528_8.bmp,527,527,527,0.8817389011383057,526,0.005284757353365421,0.8764541437849402,527|526|492|493|448,0.88173890|0.00528476|0.00250789|0.00250555|0.00228048,1,0.8817389011383057,True,527,0.8817389011383057,True,527,0.8568797707557678,True,527,0.8370013236999512,True,527,0.8195081353187561,True,c12_correct
528,529,529_10.bmp,preprocessed_results\529\529_10.bmp,528,528,528,0.6786765456199646,510,0.011719966307282448,0.6669565793126822,528|510|481|322|239,0.67867655|0.01171997|0.01033043|0.01010452|0.00592457,1,0.6786765456199646,True,528,0.6786765456199646,True,528,0.7740767002105713,True,528,0.8174744248390198,True,528,0.6879824995994568,True,c12_correct
529,530,530_5.bmp,preprocessed_results\530\530_5.bmp,529,529,529,0.8968831300735474,528,0.003916013985872269,0.8929671160876751,529|528|7|119|369,0.89688313|0.00391601|0.00383137|0.00344060|0.00218727,1,0.8968831300735474,True,529,0.8968831300735474,True,529,0.8812710046768188,True,529,0.839743435382843,True,529,0.8540804982185364,True,c12_correct
530,531,531_7.bmp,preprocessed_results\531\531_7.bmp,530,530,530,0.9053129553794861,211,0.0032044195104390383,0.902108535869047,530|211|526|532|531,0.90531296|0.00320442|0.00180643|0.00168618|0.00165413,1,0.9053129553794861,True,530,0.9053129553794861,True,530,0.7831916213035583,True,530,0.8326126337051392,True,530,0.8483911752700806,True,c12_correct
531,532,532_8.bmp,preprocessed_results\532\532_8.bmp,531,531,531,0.852878212928772,530,0.032610706984996796,0.8202675059437752,531|530|282|273|274,0.85287821|0.03261071|0.00344300|0.00335046|0.00284852,1,0.852878212928772,True,531,0.852878212928772,True,531,0.6934899091720581,True,531,0.84482741355896,True,531,0.7451040148735046,True,c12_correct
532,533,533_3.bmp,preprocessed_results\533\533_3.bmp,532,532,532,0.9112997651100159,530,0.0054961261339485645,0.9058036389760673,532|530|436|346|479,0.91129977|0.00549613|0.00434203|0.00342035|0.00204930,1,0.9112997651100159,True,532,0.9112997651100159,True,532,0.9072022438049316,True,532,0.7976082563400269,True,532,0.8073616027832031,True,c12_correct
533,534,534_9.bmp,preprocessed_results\534\534_9.bmp,533,533,533,0.9277880787849426,547,0.003968323580920696,0.9238197552040219,533|547|141|474|539,0.92778808|0.00396832|0.00301307|0.00169222|0.00162728,1,0.9277880787849426,True,533,0.9277880787849426,True,533,0.9275917410850525,True,533,0.8342698812484741,True,533,0.8599106669425964,True,c12_correct
534,535,535_2.bmp,preprocessed_results\535\535_2.bmp,534,534,534,0.5395954251289368,238,0.01740948297083378,0.522185942158103,534|238|6|332|139,0.53959543|0.01740948|0.01438331|0.01317871|0.00952597,1,0.5395954251289368,True,534,0.5395954251289368,True,534,0.3317716717720032,True,534,0.7262925505638123,True,534,0.29744553565979004,True,c12_correct
535,536,536_8.bmp,preprocessed_results\536\536_8.bmp,535,535,535,0.8655741214752197,422,0.004180420655757189,0.8613937008194625,535|422|332|555|448,0.86557412|0.00418042|0.00398473|0.00331411|0.00241136,1,0.8655741214752197,True,535,0.8655741214752197,True,535,0.8084248304367065,True,535,0.8425214886665344,True,535,0.7911618947982788,True,c12_correct
536,537,537_9.bmp,preprocessed_results\537\537_9.bmp,536,536,536,0.9376574754714966,540,0.0030596742872148752,0.9345978011842817,536|540|537|356|550,0.93765748|0.00305967|0.00239973|0.00134144|0.00118259,1,0.9376574754714966,True,536,0.9376574754714966,True,536,0.7912564277648926,True,536,0.8333178758621216,True,536,0.8338385820388794,True,c12_correct
537,538,538_9.bmp,preprocessed_results\538\538_9.bmp,537,537,537,0.9401986002922058,615,0.0026332144625484943,0.9375653858296573,537|615|355|536|432,0.94019860|0.00263321|0.00236752|0.00225955|0.00123640,1,0.9401986002922058,True,537,0.9401986002922058,True,537,0.8843194246292114,True,537,0.8462104201316833,True,537,0.8593040704727173,True,c12_correct
538,539,539_3.bmp,preprocessed_results\539\539_3.bmp,538,538,538,0.8313834071159363,479,0.009038965217769146,0.8223444418981671,538|479|455|469|475,0.83138341|0.00903897|0.00575963|0.00490181|0.00423159,1,0.8313834071159363,True,538,0.8313834071159363,True,538,0.5942493677139282,True,538,0.8424755930900574,True,538,0.6969955563545227,True,c12_correct
539,540,540_2.bmp,preprocessed_results\540\540_2.bmp,539,539,539,0.9161219596862793,533,0.0043245037086308,0.9117974559776485,539|533|665|273|144,0.91612196|0.00432450|0.00339366|0.00189519|0.00184767,1,0.9161219596862793,True,539,0.9161219596862793,True,539,0.7741122245788574,True,539,0.8419188857078552,True,539,0.8500657081604004,True,c12_correct
540,541,541_10.bmp,preprocessed_results\541\541_10.bmp,540,540,540,0.9221636056900024,541,0.009914976544678211,0.9122486291453242,540|541|550|475|532,0.92216361|0.00991498|0.00410481|0.00404651|0.00308129,1,0.9221636056900024,True,540,0.9221636056900024,True,540,0.9362656474113464,True,540,0.8091968297958374,True,540,0.8896350264549255,True,c12_correct
541,542,542_5.bmp,preprocessed_results\542\542_5.bmp,541,541,541,0.8946797847747803,559,0.005773171316832304,0.888906613457948,541|559|540|27|531,0.89467978|0.00577317|0.00497961|0.00354463|0.00299620,1,0.8946797847747803,True,541,0.8946797847747803,True,541,0.8399538397789001,True,541,0.8411489129066467,True,541,0.8643888235092163,True,c12_correct
542,543,543_6.bmp,preprocessed_results\543\543_6.bmp,542,542,542,0.9191860556602478,543,0.003745944472029805,0.915440111188218,542|543|550|405|500,0.91918606|0.00374594|0.00276541|0.00181733|0.00140626,1,0.9191860556602478,True,542,0.9191860556602478,True,542,0.8808819651603699,True,542,0.8367440700531006,True,542,0.8033409118652344,True,c12_correct
543,544,544_4.bmp,preprocessed_results\544\544_4.bmp,543,543,543,0.7364124059677124,542,0.03820127248764038,0.698211133480072,543|542|512|356|544,0.73641241|0.03820127|0.01715639|0.00743655|0.00551958,1,0.7364124059677124,True,543,0.7364124059677124,True,543,0.16607996821403503,True,543,0.42461761832237244,True,543,0.5148686766624451,True,c12_correct
544,545,545_6.bmp,preprocessed_results\545\545_6.bmp,544,544,544,0.8981922268867493,12,0.007834327407181263,0.890357899479568,544|12|413|455|562,0.89819223|0.00783433|0.00225710|0.00151393|0.00132330,1,0.8981922268867493,True,544,0.8981922268867493,True,544,0.8962070345878601,True,544,0.8263787627220154,True,544,0.8093364238739014,True,c12_correct
545,546,546_4.bmp,preprocessed_results\546\546_4.bmp,545,545,545,0.9186397790908813,96,0.005113760940730572,0.9135260181501508,545|96|344|322|380,0.91863978|0.00511376|0.00230628|0.00209811|0.00195001,1,0.9186397790908813,True,545,0.9186397790908813,True,545,0.8967752456665039,True,545,0.8560627102851868,True,545,0.84101802110672,True,c12_correct
546,547,547_3.bmp,preprocessed_results\547\547_3.bmp,546,546,546,0.8171023726463318,547,0.007010133471339941,0.8100922391749918,546|547|353|377|407,0.81710237|0.00701013|0.00616392|0.00446450|0.00302287,1,0.8171023726463318,True,546,0.8171023726463318,True,546,0.7849562764167786,True,546,0.8555740118026733,True,546,0.6904088258743286,True,c12_correct
547,548,548_9.bmp,preprocessed_results\548\548_9.bmp,547,547,547,0.9204967021942139,546,0.01625210791826248,0.9042445942759514,547|546|446|80|409,0.92049670|0.01625211|0.00173819|0.00167469|0.00166608,1,0.9204967021942139,True,547,0.9204967021942139,True,547,0.6334936022758484,True,547,0.8497468829154968,True,547,0.7485069036483765,True,c12_correct
548,549,549_10.bmp,preprocessed_results\549\549_10.bmp,548,548,548,0.9256967306137085,801,0.005430201999843121,0.9202665286138654,548|801|246|437|449,0.92569673|0.00543020|0.00222752|0.00214755|0.00212075,1,0.9256967306137085,True,548,0.9256967306137085,True,548,0.874372124671936,True,548,0.8416139483451843,True,548,0.8429470062255859,True,c12_correct
549,550,550_1.bmp,preprocessed_results\550\550_1.bmp,549,549,549,0.7251367568969727,548,0.024288004264235497,0.7008487526327372,549|548|178|555|562,0.72513676|0.02428800|0.01499957|0.00794194|0.00719509,1,0.7251367568969727,True,549,0.7251367568969727,True,549,0.5067136287689209,True,549,0.7926397323608398,True,549,0.6053488850593567,True,c12_correct
550,551,551_3.bmp,preprocessed_results\551\551_3.bmp,550,550,550,0.9397071599960327,551,0.00980788841843605,0.9298992715775967,550|551|540|471|536,0.93970716|0.00980789|0.00486948|0.00232808|0.00198928,1,0.9397071599960327,True,550,0.9397071599960327,True,550,0.7952713370323181,True,550,0.8383545875549316,True,550,0.7009209990501404,True,c12_correct
551,552,552_9.bmp,preprocessed_results\552\552_9.bmp,551,551,551,0.8936406970024109,550,0.0048044584691524506,0.8888362385332584,551|550|554|540|144,0.89364070|0.00480446|0.00197827|0.00190472|0.00179321,1,0.8936406970024109,True,551,0.8936406970024109,True,551,0.8618177175521851,True,551,0.8283205628395081,True,551,0.8357982635498047,True,c12_correct
552,553,553_3.bmp,preprocessed_results\553\553_3.bmp,552,552,552,0.8371376395225525,532,0.009243112988770008,0.8278945265337825,552|532|117|553|362,0.83713764|0.00924311|0.00660596|0.00584493|0.00337023,1,0.8371376395225525,True,552,0.8371376395225525,True,552,0.8545439839363098,True,552,0.8149360418319702,True,552,0.7994791269302368,True,c12_correct
553,554,554_2.bmp,preprocessed_results\554\554_2.bmp,553,553,553,0.6926532983779907,552,0.02331841178238392,0.6693348865956068,553|552|164|584|221,0.69265330|0.02331841|0.01376096|0.01098590|0.00626957,1,0.6926532983779907,True,553,0.6926532983779907,True,553,0.8480286002159119,True,553,0.8277097344398499,True,553,0.7632375359535217,True,c12_correct
554,555,555_8.bmp,preprocessed_results\555\555_8.bmp,554,554,554,0.8835172057151794,555,0.007395369000732899,0.8761218367144465,554|555|347|600|551,0.88351721|0.00739537|0.00576486|0.00333504|0.00313988,1,0.8835172057151794,True,554,0.8835172057151794,True,554,0.8374891877174377,True,554,0.8094587326049805,True,554,0.798941969871521,True,c12_correct
555,556,556_3.bmp,preprocessed_results\556\556_3.bmp,555,555,555,0.9654845595359802,554,0.0045515187084674835,0.9609330408275127,555|554|504|800|535,0.96548456|0.00455152|0.00218150|0.00092200|0.00076479,1,0.9654845595359802,True,555,0.9654845595359802,True,555,0.9200707674026489,True,555,0.842933177947998,True,555,0.8176687359809875,True,c12_correct
556,557,557_8.bmp,preprocessed_results\557\557_8.bmp,556,556,556,0.9294177889823914,454,0.0034032028634101152,0.9260145861189812,556|454|557|258|359,0.92941779|0.00340320|0.00258937|0.00130031|0.00123572,1,0.9294177889823914,True,556,0.9294177889823914,True,556,0.8734621405601501,True,556,0.8128315806388855,True,556,0.8671649098396301,True,c12_correct
557,558,558_8.bmp,preprocessed_results\558\558_8.bmp,557,557,557,0.9151628613471985,556,0.004493037238717079,0.9106698241084814,557|556|356|512|559,0.91516286|0.00449304|0.00182002|0.00172374|0.00169801,1,0.9151628613471985,True,557,0.9151628613471985,True,557,0.8359882831573486,True,557,0.8468859195709229,True,557,0.8355513215065002,True,c12_correct
558,559,559_7.bmp,preprocessed_results\559\559_7.bmp,558,558,558,0.9554339647293091,530,0.002647396409884095,0.952786568319425,558|530|514|435|534,0.95543396|0.00264740|0.00232647|0.00121994|0.00114268,1,0.9554339647293091,True,558,0.9554339647293091,True,558,0.8294911980628967,True,558,0.8262139558792114,True,558,0.8168430924415588,True,c12_correct
559,560,560_3.bmp,preprocessed_results\560\560_3.bmp,559,559,559,0.8665386438369751,479,0.014702524989843369,0.8518361188471317,559|479|557|475|541,0.86653864|0.01470252|0.00803544|0.00679016|0.00519648,1,0.8665386438369751,True,559,0.8665386438369751,True,559,0.8080613613128662,True,559,0.8404749035835266,True,559,0.7618443369865417,True,c12_correct
560,561,561_3.bmp,preprocessed_results\561\561_3.bmp,560,560,560,0.9454037547111511,577,0.0017109321197494864,0.9436928225914016,560|577|677|138|559,0.94540375|0.00171093|0.00169324|0.00156165|0.00137238,1,0.9454037547111511,True,560,0.9454037547111511,True,560,0.844511866569519,True,560,0.8274595737457275,True,560,0.8677397966384888,True,c12_correct
561,562,562_7.bmp,preprocessed_results\562\562_7.bmp,561,561,561,0.9380766749382019,590,0.0021592837292701006,0.9359173912089318,561|590|247|648|680,0.93807667|0.00215928|0.00193197|0.00159410|0.00155803,1,0.9380766749382019,True,561,0.9380766749382019,True,561,0.8221206665039062,True,561,0.8221179842948914,True,561,0.8431116938591003,True,c12_correct
562,563,563_7.bmp,preprocessed_results\563\563_7.bmp,562,562,562,0.9306766986846924,563,0.003798341378569603,0.9268783573061228,562|563|549|485|561,0.93067670|0.00379834|0.00188317|0.00171467|0.00134282,1,0.9306766986846924,True,562,0.9306766986846924,True,562,0.8896483182907104,True,562,0.8021352887153625,True,562,0.8164016604423523,True,c12_correct
563,564,564_3.bmp,preprocessed_results\564\564_3.bmp,563,563,563,0.8763653635978699,562,0.00608327379450202,0.8702820898033679,563|562|513|524|485,0.87636536|0.00608327|0.00552254|0.00225212|0.00212439,1,0.8763653635978699,True,563,0.8763653635978699,True,563,0.8333712816238403,True,563,0.8184922337532043,True,563,0.8542077541351318,True,c12_correct
564,565,565_9.bmp,preprocessed_results\565\565_9.bmp,564,564,564,0.8979724645614624,565,0.0067834313958883286,0.8911890331655741,564|565|286|677|591,0.89797246|0.00678343|0.00428026|0.00222244|0.00181257,1,0.8979724645614624,True,564,0.8979724645614624,True,564,0.7058294415473938,True,564,0.8118752837181091,True,564,0.8225021362304688,True,c12_correct
565,566,566_7.bmp,preprocessed_results\566\566_7.bmp,565,565,565,0.9041582942008972,564,0.0022431493271142244,0.901915144873783,565|564|116|304|744,0.90415829|0.00224315|0.00199970|0.00173532|0.00139895,1,0.9041582942008972,True,565,0.9041582942008972,True,565,0.82013338804245,True,565,0.8045112490653992,True,565,0.7207930684089661,True,c12_correct
566,567,567_7.bmp,preprocessed_results\567\567_7.bmp,566,566,566,0.8403576612472534,175,0.024208160117268562,0.8161495011299849,566|175|574|774|249,0.84035766|0.02420816|0.00516747|0.00424752|0.00373423,1,0.8403576612472534,True,566,0.8403576612472534,True,566,0.7641646265983582,True,566,0.810370147228241,True,566,0.7816810011863708,True,c12_correct
567,568,568_8.bmp,preprocessed_results\568\568_8.bmp,567,567,567,0.8134394288063049,566,0.016697928309440613,0.7967415004968643,567|566|662|141|434,0.81343943|0.01669793|0.01236097|0.00618424|0.00609349,1,0.8134394288063049,True,567,0.8134394288063049,True,567,0.891059160232544,True,567,0.8459230065345764,True,567,0.8694577813148499,True,c12_correct
568,569,569_5.bmp,preprocessed_results\569\569_5.bmp,568,568,568,0.6679893136024475,186,0.02563214860856533,0.6423571649938822,568|186|772|646|624,0.66798931|0.02563215|0.01371620|0.00945569|0.00716725,1,0.6679893136024475,True,568,0.6679893136024475,True,568,0.3284417688846588,True,568,0.8109583258628845,True,568,0.6579229235649109,True,c12_correct
569,570,570_9.bmp,preprocessed_results\570\570_9.bmp,569,569,569,0.8960615992546082,763,0.003928498364984989,0.8921331008896232,569|763|762|678|641,0.89606160|0.00392850|0.00333736|0.00200817|0.00156408,1,0.8960615992546082,True,569,0.8960615992546082,True,569,0.8762131333351135,True,569,0.8326850533485413,True,569,0.8026889562606812,True,c12_correct
570,571,571_5.bmp,preprocessed_results\571\571_5.bmp,570,570,570,0.8042133450508118,682,0.01657174713909626,0.7876415979117155,570|682|822|571|824,0.80421335|0.01657175|0.01415638|0.01051493|0.00487683,1,0.8042133450508118,True,570,0.8042133450508118,True,570,0.8145580291748047,True,570,0.8402755856513977,True,570,0.829820990562439,True,c12_correct
571,572,572_10.bmp,preprocessed_results\572\572_10.bmp,571,571,571,0.8075084686279297,570,0.00639986852183938,0.8011086001060903,571|570|682|651|683,0.80750847|0.00639987|0.00565897|0.00500837|0.00409910,1,0.8075084686279297,True,571,0.8075084686279297,True,571,0.7043437361717224,True,571,0.8432472944259644,True,571,0.6774974465370178,True,c12_correct
572,573,573_7.bmp,preprocessed_results\573\573_7.bmp,572,572,572,0.9218946695327759,780,0.004122692160308361,0.9177719773724675,572|780|700|734|596,0.92189467|0.00412269|0.00284119|0.00208352|0.00177147,1,0.9218946695327759,True,572,0.9218946695327759,True,572,0.9032832384109497,True,572,0.8480008840560913,True,572,0.8271405696868896,True,c12_correct
573,574,574_4.bmp,preprocessed_results\574\574_4.bmp,573,573,573,0.9006980657577515,761,0.002706782892346382,0.8979912828654051,573|761|656|569|784,0.90069807|0.00270678|0.00245415|0.00193429|0.00168115,1,0.9006980657577515,True,573,0.9006980657577515,True,573,0.8737680912017822,True,573,0.8598915338516235,True,573,0.8191491961479187,True,c12_correct
574,575,575_7.bmp,preprocessed_results\575\575_7.bmp,574,574,574,0.5213536024093628,600,0.02039930410683155,0.5009542983025312,574|600|705|740|704,0.52135360|0.02039930|0.01413227|0.00865659|0.00850246,1,0.5213536024093628,True,574,0.5213536024093628,True,574,0.6000933647155762,True,574,0.8483745455741882,True,574,0.6838150024414062,True,c12_correct
575,576,576_5.bmp,preprocessed_results\576\576_5.bmp,575,575,575,0.539079487323761,165,0.04906661435961723,0.49001287296414375,575|165|326|712|704,0.53907949|0.04906661|0.02068628|0.01653144|0.00741971,1,0.539079487323761,True,575,0.539079487323761,True,575,0.4106456935405731,True,575,0.7709347009658813,True,575,0.3296733498573303,True,c12_correct
576,577,577_4.bmp,preprocessed_results\577\577_4.bmp,576,576,576,0.7646932601928711,577,0.06932239979505539,0.6953708603978157,576|577|273|272|664,0.76469326|0.06932240|0.02214095|0.00679976|0.00586391,1,0.7646932601928711,True,576,0.7646932601928711,True,576,0.7005963325500488,True,576,0.8066973090171814,True,576,0.652164876461029,True,c12_correct
577,578,578_9.bmp,preprocessed_results\578\578_9.bmp,577,577,577,0.735130786895752,576,0.06269000470638275,0.6724407821893692,577|576|649|635|803,0.73513079|0.06269000|0.02413318|0.01912140|0.00914124,1,0.735130786895752,True,577,0.735130786895752,True,577,0.486961305141449,True,577,0.8196503520011902,True,577,0.7975424528121948,True,c12_correct
578,579,579_10.bmp,preprocessed_results\579\579_10.bmp,578,578,578,0.9488869905471802,272,0.001407525734975934,0.9474794648122042,578|272|579|275|274,0.94888699|0.00140753|0.00129260|0.00123845|0.00108461,1,0.9488869905471802,True,578,0.9488869905471802,True,578,0.8128853440284729,True,578,0.8431575894355774,True,578,0.8384861350059509,True,c12_correct
579,580,580_4.bmp,preprocessed_results\580\580_4.bmp,579,579,579,0.6949677467346191,143,0.026429101824760437,0.6685386449098587,579|143|793|564|225,0.69496775|0.02642910|0.01219856|0.00891086|0.00886342,1,0.6949677467346191,True,579,0.6949677467346191,True,579,0.6658768057823181,True,579,0.7939478754997253,True,579,0.7486945986747742,True,c12_correct
580,581,581_2.bmp,preprocessed_results\581\581_2.bmp,580,580,580,0.9375981092453003,730,0.002525015501305461,0.9350730937439948,580|730|581|704|335,0.93759811|0.00252502|0.00158878|0.00135166|0.00112795,1,0.9375981092453003,True,580,0.9375981092453003,True,580,0.9284958243370056,True,580,0.8277145624160767,True,580,0.8693168759346008,True,c12_correct
581,582,582_6.bmp,preprocessed_results\582\582_6.bmp,581,581,581,0.9006748199462891,580,0.004755689762532711,0.8959191301837564,581|580|670|829|777,0.90067482|0.00475569|0.00364681|0.00342706|0.00267233,1,0.9006748199462891,True,581,0.9006748199462891,True,581,0.8728988766670227,True,581,0.8266555070877075,True,581,0.8007642030715942,True,c12_correct
582,583,583_8.bmp,preprocessed_results\583\583_8.bmp,582,582,582,0.8454940319061279,640,0.008991627022624016,0.8365024048835039,582|640|615|583|143,0.84549403|0.00899163|0.00889078|0.00650609|0.00618154,1,0.8454940319061279,True,582,0.8454940319061279,True,582,0.7595785856246948,True,582,0.8471682071685791,True,582,0.6714209318161011,True,c12_correct
583,584,584_4.bmp,preprocessed_results\584\584_4.bmp,583,583,583,0.7746500372886658,582,0.026067718863487244,0.7485823184251785,583|582|717|597|15,0.77465004|0.02606772|0.00651287|0.00472731|0.00454730,1,0.7746500372886658,True,583,0.7746500372886658,True,583,0.6009465456008911,True,583,0.8454543352127075,True,583,0.7781446576118469,True,c12_correct
584,585,585_1.bmp,preprocessed_results\585\585_1.bmp,584,584,584,0.813360333442688,832,0.016366561874747276,0.7969937715679407,584|832|706|606|438,0.81336033|0.01636656|0.00415059|0.00399546|0.00385692,1,0.813360333442688,True,584,0.813360333442688,True,584,0.7324533462524414,True,584,0.8085829019546509,True,584,0.7725411653518677,True,c12_correct
585,586,586_8.bmp,preprocessed_results\586\586_8.bmp,585,585,585,0.8555907011032104,730,0.005590775981545448,0.849999925121665,585|730|584|679|595,0.85559070|0.00559078|0.00474781|0.00463114|0.00265008,1,0.8555907011032104,True,585,0.8555907011032104,True,585,0.8758999705314636,True,585,0.8405324220657349,True,585,0.853384792804718,True,c12_correct
586,587,587_8.bmp,preprocessed_results\587\587_8.bmp,586,586,586,0.8614717721939087,587,0.013400757685303688,0.848071014508605,586|587|693|594|761,0.86147177|0.01340076|0.00568100|0.00373511|0.00308166,1,0.8614717721939087,True,586,0.8614717721939087,True,586,0.7731673717498779,True,586,0.834930419921875,True,586,0.8065755367279053,True,c12_correct
587,588,588_4.bmp,preprocessed_results\588\588_4.bmp,587,587,587,0.9338691830635071,721,0.003643778385594487,0.9302254046779126,587|721|576|744|691,0.93386918|0.00364378|0.00288129|0.00165931|0.00137593,1,0.9338691830635071,True,587,0.9338691830635071,True,587,0.8325669169425964,True,587,0.8259183168411255,True,587,0.8950766324996948,True,c12_correct
588,589,589_5.bmp,preprocessed_results\589\589_5.bmp,588,588,588,0.8234718441963196,788,0.003979857079684734,0.8194919871166348,588|788|730|575|571,0.82347184|0.00397986|0.00235523|0.00234054|0.00223568,1,0.8234718441963196,True,588,0.8234718441963196,True,588,0.838396430015564,True,588,0.8360456824302673,True,588,0.7844556570053101,True,c12_correct
589,590,590_6.bmp,preprocessed_results\590\590_6.bmp,589,589,589,0.9390271902084351,763,0.0030444723088294268,0.9359827178996056,589|763|713|715|588,0.93902719|0.00304447|0.00240282|0.00149469|0.00145419,1,0.9390271902084351,True,589,0.9390271902084351,True,589,0.8990544080734253,True,589,0.8296301960945129,True,589,0.8656368255615234,True,c12_correct
590,591,591_8.bmp,preprocessed_results\591\591_8.bmp,590,590,590,0.9025260806083679,591,0.009105941280722618,0.8934201393276453,590|591|644|691|561,0.90252608|0.00910594|0.00821004|0.00601538|0.00378014,1,0.9025260806083679,True,590,0.9025260806083679,True,590,0.8320532441139221,True,590,0.8213177919387817,True,590,0.8012827038764954,True,c12_correct
591,592,592_10.bmp,preprocessed_results\592\592_10.bmp,591,591,591,0.9538862109184265,590,0.006412247195839882,0.9474739637225866,591|590|684|124|792,0.95388621|0.00641225|0.00128523|0.00124039|0.00121376,1,0.9538862109184265,True,591,0.9538862109184265,True,591,0.8048316240310669,True,591,0.8026928901672363,True,591,0.7980667948722839,True,c12_correct
592,593,593_6.bmp,preprocessed_results\593\593_6.bmp,592,592,592,0.5447154641151428,823,0.021563425660133362,0.5231520384550095,592|823|593|706|110,0.54471546|0.02156343|0.01160258|0.01111009|0.00618924,1,0.5447154641151428,True,592,0.5447154641151428,True,592,0.6329646110534668,True,592,0.8152289390563965,True,592,0.5561684370040894,True,c12_correct
593,594,594_9.bmp,preprocessed_results\594\594_9.bmp,593,593,593,0.8576498627662659,592,0.006495519075542688,0.8511543436907232,593|592|674|581|638,0.85764986|0.00649552|0.00336525|0.00281805|0.00273962,1,0.8576498627662659,True,593,0.8576498627662659,True,593,0.8596174716949463,True,593,0.8215174078941345,True,593,0.8312087655067444,True,c12_correct
594,595,595_2.bmp,preprocessed_results\595\595_2.bmp,594,594,768,0.2197059541940689,594,0.04263211041688919,0.17707384377717972,768|594|807|297|740,0.21970595|0.04263211|0.03724313|0.02680730|0.01756066,2,0.04263211041688919,True,768,0.2197059541940689,False,594,0.1351948380470276,True,594,0.5024271607398987,True,594,0.041368599981069565,True,teacher_all_correct;true_in_top5
595,596,596_1.bmp,preprocessed_results\596\596_1.bmp,595,595,595,0.9308764338493347,594,0.006262199487537146,0.9246142343617976,595|594|623|726|762,0.93087643|0.00626220|0.00276369|0.00206554|0.00180874,1,0.9308764338493347,True,595,0.9308764338493347,True,595,0.8340688943862915,True,595,0.811821460723877,True,595,0.7921245098114014,True,c12_correct
596,597,597_4.bmp,preprocessed_results\597\597_4.bmp,596,596,596,0.7948752045631409,612,0.02406984567642212,0.7708053588867188,596|612|613|799|607,0.79487520|0.02406985|0.00555608|0.00546769|0.00499508,1,0.7948752045631409,True,596,0.7948752045631409,True,596,0.8494617342948914,True,596,0.8299543261528015,True,596,0.8173383474349976,True,c12_correct
597,598,598_1.bmp,preprocessed_results\598\598_1.bmp,597,597,597,0.5744827389717102,585,0.01938886195421219,0.555093877017498,597|585|791|792|829,0.57448274|0.01938886|0.01775926|0.01576230|0.01574123,1,0.5744827389717102,True,597,0.5744827389717102,True,597,0.8094093799591064,True,597,0.8379803895950317,True,597,0.6959353089332581,True,c12_correct
598,599,599_6.bmp,preprocessed_results\599\599_6.bmp,598,598,598,0.8396146893501282,599,0.024862101301550865,0.8147525880485773,598|599|743|634|689,0.83961469|0.02486210|0.00594593|0.00544907|0.00405933,1,0.8396146893501282,True,598,0.8396146893501282,True,598,0.7206870317459106,True,598,0.8373162150382996,True,598,0.6950010061264038,True,c12_correct
599,600,600_1.bmp,preprocessed_results\600\600_1.bmp,599,599,599,0.5087445378303528,598,0.07349198311567307,0.4352525547146797,599|598|635|577|102,0.50874454|0.07349198|0.02583142|0.00867546|0.00731562,1,0.5087445378303528,True,599,0.5087445378303528,True,599,0.5601286888122559,True,599,0.8072377443313599,True,599,0.714825451374054,True,c12_correct
600,601,601_4.bmp,preprocessed_results\601\601_4.bmp,600,600,600,0.8791596293449402,653,0.007516318932175636,0.8716433104127645,600|653|641|675|652,0.87915963|0.00751632|0.00647613|0.00376706|0.00290910,1,0.8791596293449402,True,600,0.8791596293449402,True,600,0.702908456325531,True,600,0.8082936406135559,True,600,0.7221542596817017,True,c12_correct
601,602,602_4.bmp,preprocessed_results\602\602_4.bmp,601,601,601,0.9275580644607544,814,0.003422297304496169,0.9241357671562582,601|814|600|789|641,0.92755806|0.00342230|0.00245932|0.00222752|0.00199072,1,0.9275580644607544,True,601,0.9275580644607544,True,601,0.8022288084030151,True,601,0.8422353267669678,True,601,0.8066268563270569,True,c12_correct
602,603,603_5.bmp,preprocessed_results\603\603_5.bmp,602,602,602,0.5527948141098022,603,0.023494435474276543,0.5293003786355257,602|603|238|585|622,0.55279481|0.02349444|0.01293582|0.00923843|0.00529397,1,0.5527948141098022,True,602,0.5527948141098022,True,602,0.637692928314209,True,602,0.8323687314987183,True,602,0.6936464309692383,True,c12_correct
603,604,604_1.bmp,preprocessed_results\604\604_1.bmp,603,603,603,0.7708003520965576,378,0.0049588377587497234,0.7658415143378079,603|378|288|674|314,0.77080035|0.00495884|0.00378505|0.00367938|0.00324308,1,0.7708003520965576,True,603,0.7708003520965576,True,603,0.8316977024078369,True,603,0.8260597586631775,True,603,0.7750232815742493,True,c12_correct
604,605,605_2.bmp,preprocessed_results\605\605_2.bmp,604,604,604,0.8462696075439453,605,0.02719617262482643,0.8190734349191189,604|605|644|726|678,0.84626961|0.02719617|0.00693324|0.00346440|0.00315234,1,0.8462696075439453,True,604,0.8462696075439453,True,604,0.898590087890625,True,604,0.8196991086006165,True,604,0.8681185841560364,True,c12_correct
605,606,606_2.bmp,preprocessed_results\606\606_2.bmp,605,605,605,0.7321350574493408,604,0.016395295038819313,0.7157397624105215,605|604|451|246|789,0.73213506|0.01639530|0.00617083|0.00572920|0.00509502,1,0.7321350574493408,True,605,0.7321350574493408,True,605,0.5807172656059265,True,605,0.840211033821106,True,605,0.7095798850059509,True,c12_correct
606,607,607_7.bmp,preprocessed_results\607\607_7.bmp,606,606,606,0.8767104744911194,832,0.008909727446734905,0.8678007470443845,606|832|279|584|678,0.87671047|0.00890973|0.00526542|0.00494506|0.00482567,1,0.8767104744911194,True,606,0.8767104744911194,True,606,0.808849573135376,True,606,0.8225315809249878,True,606,0.7336457371711731,True,c12_correct
607,608,608_7.bmp,preprocessed_results\608\608_7.bmp,607,607,607,0.9105432033538818,792,0.0031104511581361294,0.9074327521957457,607|792|647|791|706,0.91054320|0.00311045|0.00291926|0.00206543|0.00202746,1,0.9105432033538818,True,607,0.9105432033538818,True,607,0.8555631041526794,True,607,0.7839940786361694,True,607,0.8409034609794617,True,c12_correct
608,609,609_8.bmp,preprocessed_results\609\609_8.bmp,608,608,608,0.8509296178817749,609,0.05141880735754967,0.7995108105242252,608|609|813|802|138,0.85092962|0.05141881|0.00828705|0.00320100|0.00215935,1,0.8509296178817749,True,608,0.8509296178817749,True,608,0.9104138612747192,True,608,0.8216097354888916,True,608,0.8106690645217896,True,c12_correct
609,610,610_7.bmp,preprocessed_results\610\610_7.bmp,609,609,609,0.8059927225112915,608,0.03935721889138222,0.7666355036199093,609|608|813|734|758,0.80599272|0.03935722|0.00958305|0.00470047|0.00406308,1,0.8059927225112915,True,609,0.8059927225112915,True,609,0.4277072548866272,True,609,0.827454686164856,True,609,0.8200046420097351,True,c12_correct
610,611,611_2.bmp,preprocessed_results\611\611_2.bmp,610,610,610,0.3768276870250702,646,0.01176437921822071,0.3650633078068495,610|646|742|295|51,0.37682769|0.01176438|0.01035910|0.01022613|0.00937400,1,0.3768276870250702,True,610,0.3768276870250702,True,610,0.3709578514099121,True,610,0.7673488855361938,True,610,0.4211404025554657,True,c12_correct
611,612,612_8.bmp,preprocessed_results\612\612_8.bmp,611,611,611,0.9188925623893738,610,0.007410512771457434,0.9114820496179163,611|610|601|681|671,0.91889256|0.00741051|0.00378999|0.00165476|0.00153055,1,0.9188925623893738,True,611,0.9188925623893738,True,611,0.8876060843467712,True,611,0.8179609179496765,True,611,0.8912956118583679,True,c12_correct
612,613,613_5.bmp,preprocessed_results\613\613_5.bmp,612,612,612,0.7081342339515686,755,0.0205007866024971,0.6876334473490715,612|755|303|656|726,0.70813423|0.02050079|0.01784699|0.01066800|0.00557031,1,0.7081342339515686,True,612,0.7081342339515686,True,612,0.30603092908859253,True,612,0.792716920375824,True,612,0.605542004108429,True,c12_correct
613,614,614_2.bmp,preprocessed_results\614\614_2.bmp,613,613,613,0.9095614552497864,607,0.014510921202600002,0.8950505340471864,613|607|785|793|612,0.90956146|0.01451092|0.00341804|0.00219148|0.00207909,1,0.9095614552497864,True,613,0.9095614552497864,True,613,0.7792367935180664,True,613,0.8169025182723999,True,613,0.7798118591308594,True,c12_correct
614,615,615_7.bmp,preprocessed_results\615\615_7.bmp,614,614,614,0.644934892654419,615,0.06921325623989105,0.5757216364145279,614|615|438|623|712,0.64493489|0.06921326|0.01456432|0.01059742|0.00769520,1,0.644934892654419,True,614,0.644934892654419,True,614,0.28471139073371887,True,614,0.8083599805831909,True,614,0.46218010783195496,True,c12_correct
615,616,616_7.bmp,preprocessed_results\616\616_7.bmp,615,615,615,0.860837459564209,614,0.016044851392507553,0.8447926081717014,615|614|582|706|713,0.86083746|0.01604485|0.00521747|0.00219795|0.00181468,1,0.860837459564209,True,615,0.860837459564209,True,615,0.818782389163971,True,615,0.8276355266571045,True,615,0.693838894367218,True,c12_correct
616,617,617_5.bmp,preprocessed_results\617\617_5.bmp,616,616,616,0.5837348103523254,802,0.019054783508181572,0.5646800268441439,616|802|617|541|608,0.58373481|0.01905478|0.01819295|0.01640181|0.00925703,1,0.5837348103523254,True,616,0.5837348103523254,True,616,0.4340938329696655,True,616,0.7842610478401184,True,616,0.5446008443832397,True,c12_correct
617,618,618_8.bmp,preprocessed_results\618\618_8.bmp,617,617,617,0.7130439281463623,758,0.013054749928414822,0.6999891782179475,617|758|756|616|673,0.71304393|0.01305475|0.00884273|0.00810688|0.00764930,1,0.7130439281463623,True,617,0.7130439281463623,True,617,0.6538663506507874,True,617,0.7917538285255432,True,617,0.6308088898658752,True,c12_correct
618,619,619_8.bmp,preprocessed_results\619\619_8.bmp,618,618,618,0.7699039578437805,648,0.01352190226316452,0.756382055580616,618|648|750|560|598,0.76990396|0.01352190|0.01239451|0.00838774|0.00749317,1,0.7699039578437805,True,618,0.7699039578437805,True,618,0.8699744939804077,True,618,0.8300392031669617,True,618,0.811296284198761,True,c12_correct
619,620,620_9.bmp,preprocessed_results\620\620_9.bmp,619,619,619,0.92311692237854,803,0.0041488115675747395,0.9189681108109653,619|803|583|565|597,0.92311692|0.00414881|0.00347065|0.00303142|0.00210802,1,0.92311692237854,True,619,0.92311692237854,True,619,0.9164095520973206,True,619,0.8396556973457336,True,619,0.8786786794662476,True,c12_correct
620,621,621_8.bmp,preprocessed_results\621\621_8.bmp,620,620,620,0.865892767906189,737,0.0037421511951833963,0.8621506167110056,620|737|830|287|765,0.86589277|0.00374215|0.00351322|0.00342481|0.00339586,1,0.865892767906189,True,620,0.865892767906189,True,620,0.6989827156066895,True,620,0.8205710053443909,True,620,0.8061519861221313,True,c12_correct
621,622,622_8.bmp,preprocessed_results\622\622_8.bmp,621,621,621,0.9408676028251648,613,0.0020512654446065426,0.9388163373805583,621|613|819|15|757,0.94086760|0.00205127|0.00180097|0.00177451|0.00169432,1,0.9408676028251648,True,621,0.9408676028251648,True,621,0.8494077920913696,True,621,0.8268380165100098,True,621,0.8445371985435486,True,c12_correct
622,623,623_9.bmp,preprocessed_results\623\623_9.bmp,622,622,622,0.13044627010822296,181,0.06868955492973328,0.061756715178489685,622|181|198|632|302,0.13044627|0.06868955|0.03335309|0.02412613|0.02151909,1,0.13044627010822296,True,622,0.13044627010822296,True,622,0.023671835660934448,True,622,0.6581400036811829,True,622,0.10168912261724472,True,c12_correct
623,624,624_6.bmp,preprocessed_results\624\624_6.bmp,623,623,623,0.8727294206619263,815,0.011061453260481358,0.8616679674014449,623|815|731|745|597,0.87272942|0.01106145|0.01092999|0.00405718|0.00316089,1,0.8727294206619263,True,623,0.8727294206619263,True,623,0.27208808064460754,True,623,0.8195009827613831,True,623,0.7239165306091309,True,c12_correct
624,625,625_4.bmp,preprocessed_results\625\625_4.bmp,624,624,624,0.6579919457435608,676,0.017446115612983704,0.6405458301305771,624|676|828|186|706,0.65799195|0.01744612|0.01401873|0.01185213|0.00854431,1,0.6579919457435608,True,624,0.6579919457435608,True,624,0.6685619950294495,True,624,0.8169474005699158,True,624,0.6100174784660339,True,c12_correct
625,626,626_10.bmp,preprocessed_results\626\626_10.bmp,625,625,625,0.7446115612983704,665,0.004346728324890137,0.7402648329734802,625|665|656|777|792,0.74461156|0.00434673|0.00415173|0.00412357|0.00400507,1,0.7446115612983704,True,625,0.7446115612983704,True,625,0.6291863322257996,True,625,0.8303066492080688,True,625,0.7000053524971008,True,c12_correct
626,627,627_3.bmp,preprocessed_results\627\627_3.bmp,626,626,626,0.8243443965911865,726,0.015176401473581791,0.8091679951176047,626|726|734|627|595,0.82434440|0.01517640|0.00502720|0.00404378|0.00401015,1,0.8243443965911865,True,626,0.8243443965911865,True,626,0.5901753902435303,True,626,0.8347569704055786,True,626,0.7940283417701721,True,c12_correct
627,628,628_5.bmp,preprocessed_results\628\628_5.bmp,627,627,627,0.8424668312072754,626,0.01385580189526081,0.8286110293120146,627|626|753|770|807,0.84246683|0.01385580|0.00648500|0.00249284|0.00191882,1,0.8424668312072754,True,627,0.8424668312072754,True,627,0.8968281745910645,True,627,0.8485985398292542,True,627,0.8010682463645935,True,c12_correct
628,629,629_1.bmp,preprocessed_results\629\629_1.bmp,628,628,628,0.725192129611969,629,0.14915411174297333,0.5760380178689957,628|629|812|31|649,0.72519213|0.14915411|0.00805965|0.00491097|0.00448661,1,0.725192129611969,True,628,0.725192129611969,True,628,0.8888077735900879,True,628,0.8408412337303162,True,628,0.749374270439148,True,c12_correct
629,630,630_10.bmp,preprocessed_results\630\630_10.bmp,629,629,629,0.9012772440910339,628,0.006790414452552795,0.8944868296384811,629|628|6|601|812,0.90127724|0.00679041|0.00420931|0.00253354|0.00224554,1,0.9012772440910339,True,629,0.9012772440910339,True,629,0.8557741641998291,True,629,0.825927197933197,True,629,0.7697530388832092,True,c12_correct
630,631,631_5.bmp,preprocessed_results\631\631_5.bmp,630,630,630,0.8643737435340881,801,0.005838385317474604,0.8585353582166135,630|801|688|649|636,0.86437374|0.00583839|0.00400543|0.00330706|0.00295199,1,0.8643737435340881,True,630,0.8643737435340881,True,630,0.7907403707504272,True,630,0.8087314963340759,True,630,0.6561229825019836,True,c12_correct
631,632,632_7.bmp,preprocessed_results\632\632_7.bmp,631,631,631,0.5538646578788757,681,0.09284912794828415,0.4610155299305916,631|681|512|630|721,0.55386466|0.09284913|0.04155679|0.03317844|0.01761869,1,0.5538646578788757,True,631,0.5538646578788757,True,631,0.28559058904647827,True,631,0.6269147396087646,True,631,0.30591651797294617,True,c12_correct
632,633,633_5.bmp,preprocessed_results\633\633_5.bmp,632,632,632,0.8553012013435364,501,0.0062980009242892265,0.8490032004192472,632|501|170|818|642,0.85530120|0.00629800|0.00578401|0.00322614|0.00317335,1,0.8553012013435364,True,632,0.8553012013435364,True,632,0.7804486155509949,True,632,0.8148478269577026,True,632,0.7747930884361267,True,c12_correct
633,634,634_6.bmp,preprocessed_results\634\634_6.bmp,633,633,633,0.9459480047225952,819,0.004525626543909311,0.9414223781786859,633|819|162|803|709,0.94594800|0.00452563|0.00118267|0.00094885|0.00087036,1,0.9459480047225952,True,633,0.9459480047225952,True,633,0.8500492572784424,True,633,0.8421072959899902,True,633,0.8671535849571228,True,c12_correct
634,635,635_7.bmp,preprocessed_results\635\635_7.bmp,634,634,634,0.9587637186050415,635,0.003045873949304223,0.9557178446557373,634|635|271|677|270,0.95876372|0.00304587|0.00173453|0.00159355|0.00138945,1,0.9587637186050415,True,634,0.9587637186050415,True,634,0.8750883340835571,True,634,0.8179458975791931,True,634,0.8784717321395874,True,c12_correct
635,636,636_4.bmp,preprocessed_results\636\636_4.bmp,635,635,635,0.9229884147644043,720,0.002649514004588127,0.9203389007598162,635|720|641|805|814,0.92298841|0.00264951|0.00221883|0.00207033|0.00205430,1,0.9229884147644043,True,635,0.9229884147644043,True,635,0.34251144528388977,True,635,0.7981862425804138,True,635,0.6458693742752075,True,c12_correct
636,637,637_6.bmp,preprocessed_results\637\637_6.bmp,636,636,636,0.5335186123847961,630,0.0446869395673275,0.48883167281746864,636|630|708|637|688,0.53351861|0.04468694|0.03969274|0.03145263|0.02094803,1,0.5335186123847961,True,636,0.5335186123847961,True,636,0.3811275064945221,True,636,0.7207691669464111,True,636,0.3900849223136902,True,c12_correct
637,638,638_5.bmp,preprocessed_results\638\638_5.bmp,637,637,637,0.667644739151001,636,0.03794801980257034,0.6296967193484306,637|636|474|560|681,0.66764474|0.03794802|0.01858623|0.00519361|0.00494191,1,0.667644739151001,True,637,0.667644739151001,True,637,0.5954379439353943,True,637,0.8297706842422485,True,637,0.6080052852630615,True,c12_correct
638,639,639_2.bmp,preprocessed_results\639\639_2.bmp,638,638,638,0.9125093221664429,639,0.009508582763373852,0.903000739403069,638|639|740|821|762,0.91250932|0.00950858|0.00305248|0.00137162|0.00120030,1,0.9125093221664429,True,638,0.9125093221664429,True,638,0.8092776536941528,True,638,0.8303149342536926,True,638,0.8251897096633911,True,c12_correct
639,640,640_5.bmp,preprocessed_results\640\640_5.bmp,639,639,639,0.9055380821228027,741,0.008172810077667236,0.8973652720451355,639|741|638|739|470,0.90553808|0.00817281|0.00679421|0.00191817|0.00152248,1,0.9055380821228027,True,639,0.9055380821228027,True,639,0.8479583859443665,True,639,0.831378698348999,True,639,0.7896431088447571,True,c12_correct
640,641,641_3.bmp,preprocessed_results\641\641_3.bmp,640,640,640,0.787803053855896,804,0.045129794627428055,0.7426732592284679,640|804|666|648|641,0.78780305|0.04512979|0.01229079|0.01153569|0.00568919,1,0.787803053855896,True,640,0.787803053855896,True,640,0.48953163623809814,True,640,0.7389493584632874,True,640,0.615608811378479,True,c12_correct
641,642,642_6.bmp,preprocessed_results\642\642_6.bmp,641,641,641,0.8614334464073181,805,0.01780625618994236,0.8436271902173758,641|805|814|648|742,0.86143345|0.01780626|0.00636105|0.00409189|0.00219419,1,0.8614334464073181,True,641,0.8614334464073181,True,641,0.5348408818244934,True,641,0.7617475986480713,True,641,0.6499571800231934,True,c12_correct
642,643,643_1.bmp,preprocessed_results\643\643_1.bmp,642,642,642,0.8735712170600891,620,0.006420981138944626,0.8671502359211445,642|620|643|698|570,0.87357122|0.00642098|0.00459389|0.00222300|0.00196862,1,0.8735712170600891,True,642,0.8735712170600891,True,642,0.8334652185440063,True,642,0.8592438697814941,True,642,0.844412624835968,True,c12_correct
643,644,644_4.bmp,preprocessed_results\644\644_4.bmp,643,643,643,0.8261651992797852,667,0.015496610663831234,0.8106685886159539,643|667|741|686|642,0.82616520|0.01549661|0.00920022|0.00755810|0.00598640,1,0.8261651992797852,True,643,0.8261651992797852,True,643,0.757024884223938,True,643,0.8212904334068298,True,643,0.7109177708625793,True,c12_correct
644,645,645_2.bmp,preprocessed_results\645\645_2.bmp,644,644,644,0.8726871013641357,590,0.012472954578697681,0.8602141467854381,644|590|604|332|618,0.87268710|0.01247295|0.00784445|0.00563503|0.00560620,1,0.8726871013641357,True,644,0.8726871013641357,True,644,0.740349531173706,True,644,0.8282961249351501,True,644,0.7284954190254211,True,c12_correct
645,646,646_5.bmp,preprocessed_results\646\646_5.bmp,645,645,645,0.9167612791061401,475,0.004616639111191034,0.9121446399949491,645|475|604|644|356,0.91676128|0.00461664|0.00351071|0.00346768|0.00306084,1,0.9167612791061401,True,645,0.9167612791061401,True,645,0.7541916370391846,True,645,0.8337938189506531,True,645,0.8159314393997192,True,c12_correct
646,647,647_5.bmp,preprocessed_results\647\647_5.bmp,646,646,646,0.961754322052002,568,0.002996264025568962,0.958758058026433,646|568|438|694|732,0.96175432|0.00299626|0.00163430|0.00136952|0.00119628,1,0.961754322052002,True,646,0.961754322052002,True,646,0.8776431679725647,True,646,0.8447206020355225,True,646,0.831527054309845,True,c12_correct
647,648,648_8.bmp,preprocessed_results\648\648_8.bmp,647,647,647,0.9521774649620056,333,0.002232137368991971,0.9499453275930136,647|333|272|327|607,0.95217746|0.00223214|0.00153079|0.00095835|0.00086608,1,0.9521774649620056,True,647,0.9521774649620056,True,647,0.8684585690498352,True,647,0.8317281603813171,True,647,0.7524805068969727,True,c12_correct
648,649,649_8.bmp,preprocessed_results\649\649_8.bmp,648,648,648,0.10077854990959167,635,0.05937168747186661,0.04140686243772507,648|635|666|649|667,0.10077855|0.05937169|0.05263793|0.03586226|0.03276104,1,0.10077854990959167,True,648,0.10077854990959167,True,648,0.11128096282482147,True,648,0.7768216729164124,True,648,0.1880190223455429,True,c12_correct
649,650,650_7.bmp,preprocessed_results\650\650_7.bmp,649,649,649,0.7822490930557251,689,0.021154552698135376,0.7610945403575897,649|689|721|743|635,0.78224909|0.02115455|0.01101332|0.00945202|0.00849154,1,0.7822490930557251,True,649,0.7822490930557251,True,649,0.7068547010421753,True,649,0.8300508856773376,True,649,0.7391310334205627,True,c12_correct
650,651,651_8.bmp,preprocessed_results\651\651_8.bmp,650,650,650,0.8652686476707458,651,0.005715831648558378,0.8595528160221875,650|651|696|596|830,0.86526865|0.00571583|0.00354049|0.00289348|0.00234160,1,0.8652686476707458,True,650,0.8652686476707458,True,650,0.7359526753425598,True,650,0.8402119278907776,True,650,0.7608921527862549,True,c12_correct
651,652,652_8.bmp,preprocessed_results\652\652_8.bmp,651,651,651,0.9309580326080322,650,0.004189648665487766,0.9267683839425445,651|650|812|813|632,0.93095803|0.00418965|0.00160358|0.00157353|0.00129908,1,0.9309580326080322,True,651,0.9309580326080322,True,651,0.9092772006988525,True,651,0.8375067114830017,True,651,0.8474342226982117,True,c12_correct
652,653,653_6.bmp,preprocessed_results\653\653_6.bmp,652,652,652,0.8950994610786438,653,0.006466913968324661,0.8886325471103191,652|653|803|725|833,0.89509946|0.00646691|0.00195359|0.00176307|0.00172491,1,0.8950994610786438,True,652,0.8950994610786438,True,652,0.8050265312194824,True,652,0.8557862043380737,True,652,0.8084131479263306,True,c12_correct
653,654,654_2.bmp,preprocessed_results\654\654_2.bmp,653,653,653,0.9318217635154724,652,0.009743597358465195,0.9220781661570072,653|652|641|681|589,0.93182176|0.00974360|0.00207840|0.00136562|0.00126640,1,0.9318217635154724,True,653,0.9318217635154724,True,653,0.8893001079559326,True,653,0.8034396171569824,True,653,0.8083924055099487,True,c12_correct
654,655,655_9.bmp,preprocessed_results\655\655_9.bmp,654,654,654,0.9459674954414368,732,0.0014999601989984512,0.9444675352424383,654|732|716|599|667,0.94596750|0.00149996|0.00131534|0.00095516|0.00088164,1,0.9459674954414368,True,654,0.9459674954414368,True,654,0.9074268937110901,True,654,0.8469024896621704,True,654,0.8431201577186584,True,c12_correct
655,656,656_2.bmp,preprocessed_results\656\656_2.bmp,655,655,655,0.8518062829971313,587,0.004961241036653519,0.8468450419604778,655|587|692|767|130,0.85180628|0.00496124|0.00485985|0.00354741|0.00311823,1,0.8518062829971313,True,655,0.8518062829971313,True,655,0.861706018447876,True,655,0.8345526456832886,True,655,0.7915332913398743,True,c12_correct
656,657,657_7.bmp,preprocessed_results\657\657_7.bmp,656,656,656,0.9010260105133057,712,0.005109856836497784,0.8959161536768079,656|712|740|612|618,0.90102601|0.00510986|0.00257110|0.00250098|0.00178168,1,0.9010260105133057,True,656,0.9010260105133057,True,656,0.8960912823677063,True,656,0.8378342986106873,True,656,0.8541589379310608,True,c12_correct
657,658,658_6.bmp,preprocessed_results\658\658_6.bmp,657,657,657,0.4411494731903076,792,0.06216626241803169,0.3789832107722759,657|792|696|793|719,0.44114947|0.06216626|0.02175904|0.01925786|0.01511289,1,0.4411494731903076,True,657,0.4411494731903076,True,657,0.38508695363998413,True,657,0.8212250471115112,True,657,0.5697774887084961,True,c12_correct
658,659,659_5.bmp,preprocessed_results\659\659_5.bmp,658,658,658,0.9156508445739746,729,0.004958753939718008,0.9106920906342566,658|729|694|728|287,0.91565084|0.00495875|0.00321617|0.00198111|0.00174488,1,0.9156508445739746,True,658,0.9156508445739746,True,658,0.7804256677627563,True,658,0.84274822473526,True,658,0.7636809945106506,True,c12_correct
659,660,660_6.bmp,preprocessed_results\660\660_6.bmp,659,659,659,0.8785723447799683,708,0.005771403666585684,0.8728009411133826,659|708|587|600|712,0.87857234|0.00577140|0.00574091|0.00482810|0.00456576,1,0.8785723447799683,True,659,0.8785723447799683,True,659,0.8799626231193542,True,659,0.8294431567192078,True,659,0.8062250018119812,True,c12_correct
660,661,661_8.bmp,preprocessed_results\661\661_8.bmp,660,660,660,0.9197552800178528,736,0.004615469835698605,0.9151398101821542,660|736|830|261|822,0.91975528|0.00461547|0.00398802|0.00319339|0.00311674,1,0.9197552800178528,True,660,0.9197552800178528,True,660,0.7146506905555725,True,660,0.8423738479614258,True,660,0.7999226450920105,True,c12_correct
661,662,662_3.bmp,preprocessed_results\662\662_3.bmp,661,661,661,0.7248347997665405,759,0.016379117965698242,0.7084556818008423,661|759|291|735|290,0.72483480|0.01637912|0.00967501|0.00945770|0.00863266,1,0.7248347997665405,True,661,0.7248347997665405,True,661,0.7410330772399902,True,661,0.7986645102500916,True,661,0.7257075309753418,True,c12_correct
662,663,663_4.bmp,preprocessed_results\663\663_4.bmp,662,662,662,0.9350576400756836,663,0.012852838262915611,0.922204801812768,662|663|567|93|163,0.93505764|0.01285284|0.00182342|0.00160869|0.00126965,1,0.9350576400756836,True,662,0.9350576400756836,True,662,0.8482135534286499,True,662,0.8355651497840881,True,662,0.8401483297348022,True,c12_correct
663,664,664_2.bmp,preprocessed_results\664\664_2.bmp,663,663,663,0.8698054552078247,777,0.004780562128871679,0.865024893078953,663|777|662|801|597,0.86980546|0.00478056|0.00372443|0.00282941|0.00256381,1,0.8698054552078247,True,663,0.8698054552078247,True,663,0.8180405497550964,True,663,0.8204469084739685,True,663,0.8323892951011658,True,c12_correct
664,665,665_7.bmp,preprocessed_results\665\665_7.bmp,664,664,664,0.9327594637870789,686,0.0021206659730523825,0.9306387978140265,664|686|578|804|666,0.93275946|0.00212067|0.00173520|0.00166053|0.00117491,1,0.9327594637870789,True,664,0.9327594637870789,True,664,0.8094494342803955,True,664,0.8256710171699524,True,664,0.7714526653289795,True,c12_correct
665,666,666_10.bmp,preprocessed_results\666\666_10.bmp,665,665,665,0.8970373272895813,221,0.005568288266658783,0.8914690390229225,665|221|815|664|99,0.89703733|0.00556829|0.00478940|0.00435173|0.00384514,1,0.8970373272895813,True,665,0.8970373272895813,True,665,0.8493893146514893,True,665,0.8404381275177002,True,665,0.8486233353614807,True,c12_correct
666,667,667_6.bmp,preprocessed_results\667\667_6.bmp,666,666,666,0.7545093894004822,805,0.020078308880329132,0.734431080520153,666|805|641|667|640,0.75450939|0.02007831|0.01718101|0.01640550|0.01250116,1,0.7545093894004822,True,666,0.7545093894004822,True,666,0.8738091588020325,True,666,0.8207194805145264,True,666,0.8297033905982971,True,c12_correct
667,668,668_2.bmp,preprocessed_results\668\668_2.bmp,667,667,667,0.6421497464179993,698,0.028530625626444817,0.6136191207915545,667|698|643|666|720,0.64214975|0.02853063|0.01520084|0.00746720|0.00580349,1,0.6421497464179993,True,667,0.6421497464179993,True,667,0.6630561947822571,True,667,0.7951633334159851,True,667,0.4848223030567169,True,c12_correct
668,669,669_10.bmp,preprocessed_results\669\669_10.bmp,668,668,668,0.9433908462524414,669,0.0028667086735367775,0.9405241375789046,668|669|765|770|626,0.94339085|0.00286671|0.00164750|0.00132833|0.00102122,1,0.9433908462524414,True,668,0.9433908462524414,True,668,0.8858882784843445,True,668,0.8419224619865417,True,668,0.8599560260772705,True,c12_correct
669,670,670_7.bmp,preprocessed_results\670\670_7.bmp,669,669,669,0.618455171585083,668,0.10858015716075897,0.509875014424324,669|668|765|683|759,0.61845517|0.10858016|0.04263736|0.01000421|0.00819004,1,0.618455171585083,True,669,0.618455171585083,True,669,0.37516382336616516,True,669,0.8061708807945251,True,669,0.5370157957077026,True,c12_correct
670,671,671_7.bmp,preprocessed_results\671\671_7.bmp,670,670,670,0.5542142391204834,826,0.020693061873316765,0.5335211772471666,670|826|777|780|829,0.55421424|0.02069306|0.02037465|0.02021314|0.01721482,1,0.5542142391204834,True,670,0.5542142391204834,True,670,0.667723536491394,True,670,0.8263224959373474,True,670,0.7176429033279419,True,c12_correct
671,672,672_9.bmp,preprocessed_results\672\672_9.bmp,671,671,671,0.833584189414978,657,0.006736460607498884,0.8268477288074791,671|657|627|668|670,0.83358419|0.00673646|0.00503686|0.00470067|0.00451247,1,0.833584189414978,True,671,0.833584189414978,True,671,0.825165867805481,True,671,0.8283267021179199,True,671,0.8297877907752991,True,c12_correct
672,673,673_1.bmp,preprocessed_results\673\673_1.bmp,672,672,672,0.5457277894020081,673,0.03064623475074768,0.5150815546512604,672|673|808|686|750,0.54572779|0.03064623|0.02272822|0.01011830|0.00831608,1,0.5457277894020081,True,672,0.5457277894020081,True,672,0.632642924785614,True,672,0.8298543691635132,True,672,0.7457426190376282,True,c12_correct
673,674,674_1.bmp,preprocessed_results\674\674_1.bmp,673,673,673,0.8144536018371582,672,0.013003422878682613,0.8014501789584756,673|672|333|821|750,0.81445360|0.01300342|0.00778136|0.00720154|0.00678118,1,0.8144536018371582,True,673,0.8144536018371582,True,673,0.6771842837333679,True,673,0.8346313834190369,True,673,0.8120169043540955,True,c12_correct
674,675,675_1.bmp,preprocessed_results\675\675_1.bmp,674,674,674,0.894627571105957,646,0.004273440223187208,0.8903541308827698,674|646|675|610|770,0.89462757|0.00427344|0.00342922|0.00269125|0.00214539,1,0.894627571105957,True,674,0.894627571105957,True,674,0.8729297518730164,True,674,0.8369001150131226,True,674,0.8675593137741089,True,c12_correct
675,676,676_4.bmp,preprocessed_results\676\676_4.bmp,675,675,675,0.7754612565040588,674,0.013224620372056961,0.7622366361320019,675|674|5|310|313,0.77546126|0.01322462|0.00438763|0.00373781|0.00352924,1,0.7754612565040588,True,675,0.7754612565040588,True,675,0.652470588684082,True,675,0.8207762241363525,True,675,0.6689297556877136,True,c12_correct
676,677,677_8.bmp,preprocessed_results\677\677_8.bmp,676,676,676,0.9357025623321533,757,0.0021455290261656046,0.9335570333059877,676|757|750|720|686,0.93570256|0.00214553|0.00200531|0.00169206|0.00152649,1,0.9357025623321533,True,676,0.9357025623321533,True,676,0.9276899099349976,True,676,0.8227919340133667,True,676,0.8042450547218323,True,c12_correct
677,678,678_6.bmp,preprocessed_results\678\678_6.bmp,677,677,677,0.832512378692627,750,0.013948420993983746,0.8185639576986432,677|750|684|751|590,0.83251238|0.01394842|0.00597439|0.00565703|0.00536623,1,0.832512378692627,True,677,0.832512378692627,True,677,0.7219314575195312,True,677,0.827867329120636,True,677,0.7647194862365723,True,c12_correct
678,679,679_8.bmp,preprocessed_results\679\679_8.bmp,678,678,678,0.29703450202941895,591,0.05847034975886345,0.2385641522705555,678|591|569|604|644,0.29703450|0.05847035|0.01839391|0.01811828|0.01566204,1,0.29703450202941895,True,678,0.29703450202941895,True,678,0.18638832867145538,True,678,0.7605376839637756,True,678,0.3744686245918274,True,c12_correct
679,680,680_3.bmp,preprocessed_results\680\680_3.bmp,679,679,679,0.8065246939659119,814,0.006125709041953087,0.8003989849239588,679|814|649|282|619,0.80652469|0.00612571|0.00444163|0.00364031|0.00356373,1,0.8065246939659119,True,679,0.8065246939659119,True,679,0.8530398607254028,True,679,0.8408514261245728,True,679,0.8326483368873596,True,c12_correct
680,681,681_6.bmp,preprocessed_results\681\681_6.bmp,680,680,680,0.9047476649284363,681,0.008583556860685349,0.8961641080677509,680|681|641|802|803,0.90474766|0.00858356|0.00340987|0.00311431|0.00229612,1,0.9047476649284363,True,680,0.9047476649284363,True,680,0.8919033408164978,True,680,0.8464335799217224,True,680,0.8963442444801331,True,c12_correct
681,682,682_4.bmp,preprocessed_results\682\682_4.bmp,681,681,681,0.7643865942955017,631,0.020945372059941292,0.7434412222355604,681|631|680|689|679,0.76438659|0.02094537|0.01569418|0.00428315|0.00417050,1,0.7643865942955017,True,681,0.7643865942955017,True,681,0.8101258873939514,True,681,0.8263357877731323,True,681,0.6086785197257996,True,c12_correct
682,683,683_5.bmp,preprocessed_results\683\683_5.bmp,682,682,682,0.9165784120559692,826,0.0038119861856102943,0.9127664258703589,682|826|641|802|683,0.91657841|0.00381199|0.00319057|0.00204217|0.00171289,1,0.9165784120559692,True,682,0.9165784120559692,True,682,0.7254308462142944,True,682,0.8056145906448364,True,682,0.7017676830291748,True,c12_correct
683,684,684_5.bmp,preprocessed_results\684\684_5.bmp,683,683,683,0.8966831564903259,765,0.021724415943026543,0.8749587405472994,683|765|810|749|682,0.89668316|0.02172442|0.00329490|0.00192469|0.00191148,1,0.8966831564903259,True,683,0.8966831564903259,True,683,0.7975139021873474,True,683,0.8494805097579956,True,683,0.8620020151138306,True,c12_correct
684,685,685_8.bmp,preprocessed_results\685\685_8.bmp,684,684,684,0.8907449841499329,685,0.00807160884141922,0.8826733753085136,684|685|750|634|686,0.89074498|0.00807161|0.00543460|0.00479029|0.00387699,1,0.8907449841499329,True,684,0.8907449841499329,True,684,0.8825656175613403,True,684,0.8250247240066528,True,684,0.8459816575050354,True,c12_correct
685,686,686_8.bmp,preprocessed_results\686\686_8.bmp,685,685,685,0.8745986223220825,684,0.0063651492819190025,0.8682334730401635,685|684|631|636|103,0.87459862|0.00636515|0.00552052|0.00451450|0.00339835,1,0.8745986223220825,True,685,0.8745986223220825,True,685,0.8603894710540771,True,685,0.8375489711761475,True,685,0.7828481197357178,True,c12_correct
686,687,687_4.bmp,preprocessed_results\687\687_4.bmp,686,686,686,0.916435182094574,576,0.005012410692870617,0.9114227714017034,686|576|750|667|666,0.91643518|0.00501241|0.00379187|0.00213838|0.00203649,1,0.916435182094574,True,686,0.916435182094574,True,686,0.8255349397659302,True,686,0.8478847742080688,True,686,0.7967273592948914,True,c12_correct
687,688,688_2.bmp,preprocessed_results\688\688_2.bmp,687,687,687,0.74652498960495,686,0.04336950182914734,0.7031554877758026,687|686|743|576|143,0.74652499|0.04336950|0.01169419|0.01155685|0.00943762,1,0.74652498960495,True,687,0.74652498960495,True,687,0.7627320289611816,True,687,0.8159930109977722,True,687,0.7664199471473694,True,c12_correct
688,689,689_7.bmp,preprocessed_results\689\689_7.bmp,688,688,688,0.7549253106117249,630,0.014826297760009766,0.7400990128517151,688|630|577|649|827,0.75492531|0.01482630|0.00918368|0.00595693|0.00571693,1,0.7549253106117249,True,688,0.7549253106117249,True,688,0.6102604269981384,True,688,0.7857319712638855,True,688,0.6053035855293274,True,c12_correct
689,690,690_5.bmp,preprocessed_results\690\690_5.bmp,689,689,689,0.9004024267196655,649,0.004007420968264341,0.8963950057514012,689|649|721|631|685,0.90040243|0.00400742|0.00386895|0.00266262|0.00238639,1,0.9004024267196655,True,689,0.9004024267196655,True,689,0.8599101305007935,True,689,0.7923964858055115,True,689,0.8369880318641663,True,c12_correct
690,691,691_3.bmp,preprocessed_results\691\691_3.bmp,690,690,690,0.8843994140625,678,0.009288751520216465,0.8751106625422835,690|678|691|680|730,0.88439941|0.00928875|0.00675284|0.00647914|0.00287048,1,0.8843994140625,True,690,0.8843994140625,True,690,0.8414046764373779,True,690,0.8494356870651245,True,690,0.8285141587257385,True,c12_correct
691,692,692_8.bmp,preprocessed_results\692\692_8.bmp,691,691,691,0.9386472702026367,690,0.0026253159157931805,0.9360219542868435,691|690|701|644|827,0.93864727|0.00262532|0.00127414|0.00107652|0.00103882,1,0.9386472702026367,True,691,0.9386472702026367,True,691,0.8663047552108765,True,691,0.8356442451477051,True,691,0.8310261964797974,True,c12_correct
692,693,693_1.bmp,preprocessed_results\693\693_1.bmp,692,692,692,0.9143527746200562,693,0.013091922737658024,0.9012608518823981,692|693|744|141|757,0.91435277|0.01309192|0.00532452|0.00215231|0.00200185,1,0.9143527746200562,True,692,0.9143527746200562,True,692,0.8668488264083862,True,692,0.8471980094909668,True,692,0.8842757940292358,True,c12_correct
693,694,694_10.bmp,preprocessed_results\694\694_10.bmp,693,693,693,0.7797940373420715,692,0.005854071117937565,0.773939966224134,693|692|827|757|587,0.77979404|0.00585407|0.00521489|0.00480334|0.00408951,1,0.7797940373420715,True,693,0.7797940373420715,True,693,0.8963043093681335,True,693,0.8369061946868896,True,693,0.7294517159461975,True,c12_correct
694,695,695_3.bmp,preprocessed_results\695\695_3.bmp,694,694,694,0.9731128215789795,646,0.0013400777243077755,0.9717727438546717,694|646|610|751|704,0.97311282|0.00134008|0.00116119|0.00089309|0.00068973,1,0.9731128215789795,True,694,0.9731128215789795,True,694,0.9407322406768799,True,694,0.8431742191314697,True,694,0.7741764783859253,True,c12_correct
695,696,696_2.bmp,preprocessed_results\696\696_2.bmp,695,695,695,0.8071991205215454,789,0.008309793658554554,0.7988893268629909,695|789|819|701|739,0.80719912|0.00830979|0.00639319|0.00579264|0.00557852,1,0.8071991205215454,True,695,0.8071991205215454,True,695,0.5757243633270264,True,695,0.814939022064209,True,695,0.7577893137931824,True,c12_correct
696,697,697_8.bmp,preprocessed_results\697\697_8.bmp,696,696,696,0.5951975584030151,792,0.039799727499485016,0.5553978309035301,696|792|756|697|657,0.59519756|0.03979973|0.01961881|0.01394231|0.00653646,1,0.5951975584030151,True,696,0.5951975584030151,True,696,0.6861755847930908,True,696,0.8179118037223816,True,696,0.7950625419616699,True,c12_correct
697,698,698_4.bmp,preprocessed_results\698\698_4.bmp,697,697,697,0.5130947828292847,696,0.014563149772584438,0.49853163305670023,697|696|761|595|811,0.51309478|0.01456315|0.01315776|0.01230398|0.01176237,1,0.5130947828292847,True,697,0.5130947828292847,True,697,0.6713472008705139,True,697,0.8263067007064819,True,697,0.8315950036048889,True,c12_correct
698,699,699_10.bmp,preprocessed_results\699\699_10.bmp,698,698,698,0.802782416343689,598,0.010807203128933907,0.7919752132147551,698|598|700|572|666,0.80278242|0.01080720|0.00798449|0.00543158|0.00465846,1,0.802782416343689,True,698,0.802782416343689,True,698,0.7658138275146484,True,698,0.8229856491088867,True,698,0.7955018281936646,True,c12_correct
699,700,700_9.bmp,preprocessed_results\700\700_9.bmp,699,699,699,0.8722322583198547,801,0.010035282000899315,0.8621969763189554,699|801|743|637|714,0.87223226|0.01003528|0.00847669|0.00429344|0.00399779,1,0.8722322583198547,True,699,0.8722322583198547,True,699,0.849251389503479,True,699,0.7855161428451538,True,699,0.7685827612876892,True,c12_correct
700,701,701_10.bmp,preprocessed_results\701\701_10.bmp,700,700,700,0.9263491034507751,708,0.006611374672502279,0.9197377287782729,700|708|572|698|701,0.92634910|0.00661137|0.00257990|0.00144405|0.00119464,1,0.9263491034507751,True,700,0.9263491034507751,True,700,0.9178433418273926,True,700,0.8476139307022095,True,700,0.8115937113761902,True,c12_correct
701,702,702_2.bmp,preprocessed_results\702\702_2.bmp,701,701,701,0.8338621258735657,700,0.008714464493095875,0.8251476613804698,701|700|801|634|142,0.83386213|0.00871446|0.00808371|0.00807802|0.00333992,1,0.8338621258735657,True,701,0.8338621258735657,True,701,0.8408625721931458,True,701,0.8187310099601746,True,701,0.7923184037208557,True,c12_correct
702,703,703_1.bmp,preprocessed_results\703\703_1.bmp,702,702,702,0.8464361429214478,664,0.003207308705896139,0.8432288342155516,702|664|804|684|245,0.84643614|0.00320731|0.00270263|0.00251378|0.00243695,1,0.8464361429214478,True,702,0.8464361429214478,True,702,0.552041232585907,True,702,0.7955354452133179,True,702,0.7277166843414307,True,c12_correct
703,704,704_5.bmp,preprocessed_results\704\704_5.bmp,703,703,703,0.8649588823318481,366,0.004562846850603819,0.8603960354812443,703|366|723|803|628,0.86495888|0.00456285|0.00323506|0.00240015|0.00238570,1,0.8649588823318481,True,703,0.8649588823318481,True,703,0.8759176135063171,True,703,0.8247318267822266,True,703,0.783637285232544,True,c12_correct
704,705,705_4.bmp,preprocessed_results\705\705_4.bmp,704,704,704,0.8865159153938293,705,0.01709654927253723,0.8694193661212921,704|705|639|580|601,0.88651592|0.01709655|0.00507276|0.00238541|0.00174238,1,0.8865159153938293,True,704,0.8865159153938293,True,704,0.8916358351707458,True,704,0.8448039293289185,True,704,0.8487984538078308,True,c12_correct
705,706,706_8.bmp,preprocessed_results\706\706_8.bmp,705,705,705,0.7713485360145569,639,0.012691409327089787,0.7586571266874671,705|639|43|704|647,0.77134854|0.01269141|0.01157428|0.01052227|0.00835458,1,0.7713485360145569,True,705,0.7713485360145569,True,705,0.7836349010467529,True,705,0.8529424667358398,True,705,0.781327486038208,True,c12_correct
706,707,707_6.bmp,preprocessed_results\707\707_6.bmp,706,706,706,0.7960545420646667,143,0.008695040829479694,0.787359501235187,706|143|607|731|612,0.79605454|0.00869504|0.00553142|0.00531093|0.00514253,1,0.7960545420646667,True,706,0.7960545420646667,True,706,0.8988238573074341,True,706,0.8047617077827454,True,706,0.8251847624778748,True,c12_correct
707,708,708_5.bmp,preprocessed_results\708\708_5.bmp,707,707,707,0.7824217677116394,619,0.01620226353406906,0.7662195041775703,707|619|772|827|644,0.78242177|0.01620226|0.00818709|0.00590179|0.00493001,1,0.7824217677116394,True,707,0.7824217677116394,True,707,0.7795225381851196,True,707,0.8375548124313354,True,707,0.8175740242004395,True,c12_correct
708,709,709_9.bmp,preprocessed_results\709\709_9.bmp,708,708,708,0.5859857797622681,659,0.024800322949886322,0.5611854568123817,708|659|709|777|600,0.58598578|0.02480032|0.01408440|0.01182583|0.01172999,1,0.5859857797622681,True,708,0.5859857797622681,True,708,0.8112240433692932,True,708,0.8069322109222412,True,708,0.7324357032775879,True,c12_correct
709,710,710_9.bmp,preprocessed_results\710\710_9.bmp,709,709,709,0.9320468306541443,708,0.006833605468273163,0.9252132251858711,709|708|633|827|757,0.93204683|0.00683361|0.00284000|0.00254301|0.00125580,1,0.9320468306541443,True,709,0.9320468306541443,True,709,0.8625116348266602,True,709,0.8198668360710144,True,709,0.806826651096344,True,c12_correct
710,711,711_3.bmp,preprocessed_results\711\711_3.bmp,710,710,710,0.9358733296394348,788,0.004852864891290665,0.9310204647481441,710|788|124|246|610,0.93587333|0.00485286|0.00134397|0.00087755|0.00081911,1,0.9358733296394348,True,710,0.9358733296394348,True,710,0.9016873836517334,True,710,0.8491073250770569,True,710,0.8474054336547852,True,c12_correct
711,712,712_10.bmp,preprocessed_results\712\712_10.bmp,711,711,711,0.881333589553833,773,0.007002521306276321,0.8743310682475567,711|773|568|272|581,0.88133359|0.00700252|0.00614645|0.00464038|0.00455120,1,0.881333589553833,True,711,0.881333589553833,True,711,0.5008769631385803,True,711,0.815839946269989,True,711,0.7459145784378052,True,c12_correct
712,713,713_1.bmp,preprocessed_results\713\713_1.bmp,712,712,712,0.9207228422164917,833,0.002436921466141939,0.9182859207503498,712|833|182|619|42,0.92072284|0.00243692|0.00191871|0.00191559|0.00174086,1,0.9207228422164917,True,712,0.9207228422164917,True,712,0.7964853048324585,True,712,0.8216192722320557,True,712,0.7631890177726746,True,c12_correct
713,714,714_5.bmp,preprocessed_results\714\714_5.bmp,713,713,713,0.8973501920700073,589,0.003702840069308877,0.8936473520006984,713|589|583|582|819,0.89735019|0.00370284|0.00360828|0.00222507|0.00199946,1,0.8973501920700073,True,713,0.8973501920700073,True,713,0.7958324551582336,True,713,0.8662267327308655,True,713,0.819880485534668,True,c12_correct
714,715,715_7.bmp,preprocessed_results\715\715_7.bmp,714,714,714,0.787006676197052,619,0.014492410235106945,0.7725142659619451,714|619|800|709|670,0.78700668|0.01449241|0.00725503|0.00656352|0.00446756,1,0.787006676197052,True,714,0.787006676197052,True,714,0.8066099286079407,True,714,0.8299732804298401,True,714,0.8449108600616455,True,c12_correct
715,716,716_2.bmp,preprocessed_results\716\716_2.bmp,715,715,715,0.763512372970581,733,0.007436337880790234,0.7560760350897908,715|733|681|671|730,0.76351237|0.00743634|0.00666995|0.00607776|0.00552924,1,0.763512372970581,True,715,0.763512372970581,True,715,0.8294448852539062,True,715,0.831108570098877,True,715,0.8237711191177368,True,c12_correct
716,717,717_6.bmp,preprocessed_results\717\717_6.bmp,716,716,716,0.5419726967811584,780,0.031121958047151566,0.5108507387340069,716|780|617|5|734,0.54197270|0.03112196|0.02263563|0.01093937|0.00890121,1,0.5419726967811584,True,716,0.5419726967811584,True,716,0.5626362562179565,True,716,0.7956428527832031,True,716,0.70195072889328,True,c12_correct
717,718,718_9.bmp,preprocessed_results\718\718_9.bmp,717,717,717,0.8964604735374451,716,0.00858329888433218,0.8878771746531129,717|716|723|713|729,0.89646047|0.00858330|0.00374542|0.00209340|0.00182939,1,0.8964604735374451,True,717,0.8964604735374451,True,717,0.7832764983177185,True,717,0.8654016256332397,True,717,0.8547244668006897,True,c12_correct
718,719,719_3.bmp,preprocessed_results\719\719_3.bmp,718,718,718,0.8189483880996704,688,0.013000006787478924,0.8059483813121915,718|688|716|590|692,0.81894839|0.01300001|0.00564193|0.00562073|0.00436191,1,0.8189483880996704,True,718,0.8189483880996704,True,718,0.6867493391036987,True,718,0.8261821269989014,True,718,0.7831935882568359,True,c12_correct
719,720,720_8.bmp,preprocessed_results\720\720_8.bmp,719,719,719,0.881024956703186,607,0.005709809251129627,0.8753151474520564,719|607|734|762|785,0.88102496|0.00570981|0.00464169|0.00409331|0.00395227,1,0.881024956703186,True,719,0.881024956703186,True,719,0.8718757629394531,True,719,0.8411716818809509,True,719,0.8633854985237122,True,c12_correct
720,721,721_5.bmp,preprocessed_results\721\721_5.bmp,720,720,720,0.9146247506141663,635,0.005739174317568541,0.9088855762965977,720|635|630|833|628,0.91462475|0.00573917|0.00200157|0.00195997|0.00195476,1,0.9146247506141663,True,720,0.9146247506141663,True,720,0.6558298468589783,True,720,0.8223745822906494,True,720,0.7489140629768372,True,c12_correct
721,722,722_8.bmp,preprocessed_results\722\722_8.bmp,721,721,721,0.9492760300636292,106,0.0023621348664164543,0.9469138951972127,721|106|102|103|689,0.94927603|0.00236213|0.00224275|0.00161462|0.00132136,1,0.9492760300636292,True,721,0.9492760300636292,True,721,0.8522708415985107,True,721,0.8350260853767395,True,721,0.7737956643104553,True,c12_correct
722,723,723_5.bmp,preprocessed_results\723\723_5.bmp,722,722,722,0.9047082662582397,614,0.00949190929532051,0.8952163569629192,722|614|702|828|91,0.90470827|0.00949191|0.00320144|0.00209052|0.00164281,1,0.9047082662582397,True,722,0.9047082662582397,True,722,0.7884635329246521,True,722,0.8220201730728149,True,722,0.8602184057235718,True,c12_correct
723,724,724_6.bmp,preprocessed_results\724\724_6.bmp,723,723,723,0.7486735582351685,135,0.012295439839363098,0.7363781183958054,723|135|777|713|141,0.74867356|0.01229544|0.00837326|0.00660336|0.00564568,1,0.7486735582351685,True,723,0.7486735582351685,True,723,0.6225326061248779,True,723,0.7992411255836487,True,723,0.6476049423217773,True,c12_correct
724,725,725_1.bmp,preprocessed_results\725\725_1.bmp,724,724,724,0.9333285093307495,698,0.0028292483184486628,0.9304992610123008,724|698|725|500|762,0.93332851|0.00282925|0.00265987|0.00184248|0.00180841,1,0.9333285093307495,True,724,0.9333285093307495,True,724,0.826915979385376,True,724,0.8171414136886597,True,724,0.8406717777252197,True,c12_correct
725,726,726_10.bmp,preprocessed_results\726\726_10.bmp,725,725,725,0.8960336446762085,250,0.0048834397457540035,0.8911502049304545,725|250|573|831|724,0.89603364|0.00488344|0.00378064|0.00352916|0.00345769,1,0.8960336446762085,True,725,0.8960336446762085,True,725,0.6343439817428589,True,725,0.8143738508224487,True,725,0.8659583926200867,True,c12_correct
726,727,727_4.bmp,preprocessed_results\727\727_4.bmp,726,726,726,0.30291980504989624,630,0.06008924916386604,0.2428305558860302,726|630|594|595|734,0.30291981|0.06008925|0.05954395|0.03558448|0.02297925,1,0.30291980504989624,True,726,0.30291980504989624,True,726,0.7094920873641968,True,726,0.799552321434021,True,726,0.5761816501617432,True,c12_correct
727,728,728_7.bmp,preprocessed_results\728\728_7.bmp,727,727,727,0.8532935976982117,726,0.010288592427968979,0.8430050052702427,727|726|703|595|51,0.85329360|0.01028859|0.00805640|0.00449429|0.00282155,1,0.8532935976982117,True,727,0.8532935976982117,True,727,0.7832393050193787,True,727,0.8069332838058472,True,727,0.7975663542747498,True,c12_correct
728,729,729_5.bmp,preprocessed_results\729\729_5.bmp,728,728,728,0.9197247624397278,729,0.004062993451952934,0.9156617689877748,728|729|658|768|253,0.91972476|0.00406299|0.00403552|0.00354981|0.00347917,1,0.9197247624397278,True,728,0.9197247624397278,True,728,0.8730370402336121,True,728,0.8134559392929077,True,728,0.8519501686096191,True,c12_correct
729,730,730_7.bmp,preprocessed_results\730\730_7.bmp,729,729,729,0.9043825268745422,728,0.013397760689258575,0.8909847661852837,729|728|658|768|670,0.90438253|0.01339776|0.00381765|0.00236550|0.00199669,1,0.9043825268745422,True,729,0.9043825268745422,True,729,0.651513397693634,True,729,0.8108862042427063,True,729,0.745355486869812,True,c12_correct
730,731,731_10.bmp,preprocessed_results\731\731_10.bmp,730,730,730,0.10170339792966843,731,0.0714188888669014,0.03028450906276703,730|731|712|575|659,0.10170340|0.07141889|0.05043575|0.02626098|0.02369164,1,0.10170339792966843,True,730,0.10170339792966843,True,730,0.13370417058467865,True,730,0.7891611456871033,True,730,0.3374369442462921,True,c12_correct
731,732,732_6.bmp,preprocessed_results\732\732_6.bmp,731,731,731,0.8534292578697205,730,0.02945747971534729,0.8239717781543732,731|730|707|706|582,0.85342926|0.02945748|0.00766906|0.00663887|0.00448084,1,0.8534292578697205,True,731,0.8534292578697205,True,731,0.802076518535614,True,731,0.8301293253898621,True,731,0.8427202701568604,True,c12_correct
732,733,733_7.bmp,preprocessed_results\733\733_7.bmp,732,732,732,0.9475846886634827,733,0.005124849267303944,0.9424598393961787,732|733|749|818|396,0.94758469|0.00512485|0.00148058|0.00123120|0.00116889,1,0.9475846886634827,True,732,0.9475846886634827,True,732,0.8801876306533813,True,732,0.8160028457641602,True,732,0.7840685248374939,True,c12_correct
733,734,734_6.bmp,preprocessed_results\734\734_6.bmp,733,733,733,0.7809213399887085,194,0.006920690648257732,0.7740006493404508,733|194|180|631|766,0.78092134|0.00692069|0.00527647|0.00475191|0.00331372,1,0.7809213399887085,True,733,0.7809213399887085,True,733,0.3716263175010681,True,733,0.8069204688072205,True,733,0.5465685129165649,True,c12_correct
734,735,735_7.bmp,preprocessed_results\735\735_7.bmp,734,734,734,0.7829265594482422,594,0.03189311549067497,0.7510334439575672,734|594|761|756|572,0.78292656|0.03189312|0.00602456|0.00574470|0.00536820,1,0.7829265594482422,True,734,0.7829265594482422,True,734,0.7940828800201416,True,734,0.8314414620399475,True,734,0.8008023500442505,True,c12_correct
735,736,736_1.bmp,preprocessed_results\736\736_1.bmp,735,735,735,0.8927984833717346,759,0.004209562204778194,0.8885889211669564,735|759|36|777|807,0.89279848|0.00420956|0.00405804|0.00266700|0.00204858,1,0.8927984833717346,True,735,0.8927984833717346,True,735,0.8419012427330017,True,735,0.8397605419158936,True,735,0.7869759202003479,True,c12_correct
736,737,737_5.bmp,preprocessed_results\737\737_5.bmp,736,736,736,0.9211615920066833,694,0.002763803582638502,0.9183977884240448,736|694|285|737|820,0.92116159|0.00276380|0.00251694|0.00250591|0.00174858,1,0.9211615920066833,True,736,0.9211615920066833,True,736,0.8102192282676697,True,736,0.8206385970115662,True,736,0.8199791312217712,True,c12_correct
737,738,738_1.bmp,preprocessed_results\738\738_1.bmp,737,737,737,0.875156044960022,736,0.003003888064995408,0.8721521568950266,737|736|620|159|661,0.87515604|0.00300389|0.00248669|0.00224694|0.00207126,1,0.875156044960022,True,737,0.875156044960022,True,737,0.6827730536460876,True,737,0.8103747367858887,True,737,0.8601246476173401,True,c12_correct
738,739,739_10.bmp,preprocessed_results\739\739_10.bmp,738,738,738,0.8698641657829285,739,0.01586899720132351,0.853995168581605,738|739|629|156|176,0.86986417|0.01586900|0.00816142|0.00254113|0.00241223,1,0.8698641657829285,True,738,0.8698641657829285,True,738,0.6232466101646423,True,738,0.7946040630340576,True,738,0.6754065155982971,True,c12_correct
739,740,740_5.bmp,preprocessed_results\740\740_5.bmp,739,739,739,0.8563618659973145,738,0.017439566552639008,0.8389222994446754,739|738|691|829|595,0.85636187|0.01743957|0.00477327|0.00467848|0.00416354,1,0.8563618659973145,True,739,0.8563618659973145,True,739,0.6708300709724426,True,739,0.8389901518821716,True,739,0.8182113766670227,True,c12_correct
740,741,741_5.bmp,preprocessed_results\741\741_5.bmp,740,740,740,0.9082980155944824,582,0.00921575352549553,0.8990822620689869,740|582|784|186|574,0.90829802|0.00921575|0.00283720|0.00259839|0.00184091,1,0.9082980155944824,True,740,0.9082980155944824,True,740,0.7132567167282104,True,740,0.8359063863754272,True,740,0.786200225353241,True,c12_correct
741,742,742_3.bmp,preprocessed_results\742\742_3.bmp,741,741,741,0.8257657885551453,697,0.0041069211438298225,0.8216588674113154,741|697|791|764|772,0.82576579|0.00410692|0.00352326|0.00335896|0.00304164,1,0.8257657885551453,True,741,0.8257657885551453,True,741,0.7002654671669006,True,741,0.8210167288780212,True,741,0.8347502946853638,True,c12_correct
742,743,743_3.bmp,preprocessed_results\743\743_3.bmp,742,742,742,0.8754286766052246,743,0.008824705146253109,0.8666039714589715,742|743|760|679|586,0.87542868|0.00882471|0.00645149|0.00464646|0.00339704,1,0.8754286766052246,True,742,0.8754286766052246,True,742,0.5366860628128052,True,742,0.8249933123588562,True,742,0.6989537477493286,True,c12_correct
743,744,744_9.bmp,preprocessed_results\744\744_9.bmp,743,743,743,0.9247106313705444,649,0.00969226099550724,0.9150183703750372,743|649|689|577|803,0.92471063|0.00969226|0.00444378|0.00373013|0.00235783,1,0.9247106313705444,True,743,0.9247106313705444,True,743,0.8428818583488464,True,743,0.8203832507133484,True,743,0.83699631690979,True,c12_correct
744,745,745_4.bmp,preprocessed_results\745\745_4.bmp,744,744,744,0.9354714155197144,587,0.006933330558240414,0.9285380849614739,744|587|745|272|57,0.93547142|0.00693333|0.00116142|0.00104393|0.00098942,1,0.9354714155197144,True,744,0.9354714155197144,True,744,0.8404918313026428,True,744,0.835802435874939,True,744,0.8406144976615906,True,c12_correct
745,746,746_6.bmp,preprocessed_results\746\746_6.bmp,745,745,745,0.8905373215675354,744,0.014304343611001968,0.8762329779565334,745|744|628|629|687,0.89053732|0.01430434|0.00376873|0.00187158|0.00183046,1,0.8905373215675354,True,745,0.8905373215675354,True,745,0.8211878538131714,True,745,0.8045864701271057,True,745,0.8436995148658752,True,c12_correct
746,747,747_5.bmp,preprocessed_results\747\747_5.bmp,746,746,746,0.8171737194061279,700,0.010193456895649433,0.8069802625104785,746|700|810|748|351,0.81717372|0.01019346|0.00720585|0.00388721|0.00363928,1,0.8171737194061279,True,746,0.8171737194061279,True,746,0.8934510946273804,True,746,0.816819429397583,True,746,0.789045512676239,True,c12_correct
747,748,748_10.bmp,preprocessed_results\748\748_10.bmp,747,747,747,0.7860538363456726,759,0.010037073865532875,0.7760167624801397,747|759|797|760|795,0.78605384|0.01003707|0.00952461|0.00495630|0.00486255,1,0.7860538363456726,True,747,0.7860538363456726,True,747,0.5942050814628601,True,747,0.822374165058136,True,747,0.7030231356620789,True,c12_correct
748,749,749_4.bmp,preprocessed_results\749\749_4.bmp,748,748,748,0.716642439365387,749,0.020889831706881523,0.6957526076585054,748|749|339|110|812,0.71664244|0.02088983|0.01604633|0.00900242|0.00887368,1,0.716642439365387,True,748,0.716642439365387,True,748,0.6167593002319336,True,748,0.8198447227478027,True,748,0.7673811912536621,True,c12_correct
749,750,750_3.bmp,preprocessed_results\750\750_3.bmp,749,749,749,0.303960919380188,733,0.05250729247927666,0.25145362690091133,749|733|812|341|669,0.30396092|0.05250729|0.02278521|0.02012978|0.01914491,1,0.303960919380188,True,749,0.303960919380188,True,749,0.05390109866857529,True,749,0.7678540945053101,True,749,0.27677640318870544,True,c12_correct
750,751,751_10.bmp,preprocessed_results\751\751_10.bmp,750,750,750,0.7185088992118835,636,0.009279628284275532,0.709229270927608,750|636|676|677|804,0.71850890|0.00927963|0.00786088|0.00611397|0.00578634,1,0.7185088992118835,True,750,0.7185088992118835,True,750,0.425139844417572,True,750,0.806046187877655,True,750,0.5551028251647949,True,c12_correct
751,752,752_1.bmp,preprocessed_results\752\752_1.bmp,751,751,751,0.8926263451576233,750,0.006139326374977827,0.8864870187826455,751|750|809|30|677,0.89262635|0.00613933|0.00413777|0.00281511|0.00263932,1,0.8926263451576233,True,751,0.8926263451576233,True,751,0.8482720255851746,True,751,0.8352059125900269,True,751,0.8272689580917358,True,c12_correct
752,753,753_9.bmp,preprocessed_results\753\753_9.bmp,752,752,752,0.8140138983726501,753,0.031564418226480484,0.7824494801461697,752|753|92|831|206,0.81401390|0.03156442|0.00411575|0.00372331|0.00229768,1,0.8140138983726501,True,752,0.8140138983726501,True,752,0.8024954795837402,True,752,0.8090261816978455,True,752,0.7966165542602539,True,c12_correct
753,754,754_7.bmp,preprocessed_results\754\754_7.bmp,753,753,753,0.8275986909866333,752,0.0057116420939564705,0.8218870488926768,753|752|290|747|831,0.82759869|0.00571164|0.00389844|0.00294414|0.00267517,1,0.8275986909866333,True,753,0.8275986909866333,True,753,0.8344249129295349,True,753,0.8393559455871582,True,753,0.8602154850959778,True,c12_correct
754,755,755_4.bmp,preprocessed_results\755\755_4.bmp,754,754,754,0.7901608943939209,784,0.008623565547168255,0.7815373288467526,754|784|755|779|615,0.79016089|0.00862357|0.00728341|0.00622424|0.00393084,1,0.7901608943939209,True,754,0.7901608943939209,True,754,0.8089666366577148,True,754,0.8204677700996399,True,754,0.7471224069595337,True,c12_correct
755,756,756_7.bmp,preprocessed_results\756\756_7.bmp,755,755,755,0.5239359736442566,754,0.018326912075281143,0.5056090615689754,755|754|821|673|827,0.52393597|0.01832691|0.01083643|0.01043786|0.00918781,1,0.5239359736442566,True,755,0.5239359736442566,True,755,0.4699784219264984,True,755,0.8088878393173218,True,755,0.6238556504249573,True,c12_correct
756,757,757_5.bmp,preprocessed_results\757\757_5.bmp,756,756,756,0.5239290595054626,826,0.029781868681311607,0.49414719082415104,756|826|757|685|618,0.52392906|0.02978187|0.02691769|0.02382839|0.02351607,1,0.5239290595054626,True,756,0.5239290595054626,True,756,0.42578789591789246,True,756,0.7739802002906799,True,756,0.5101516842842102,True,c12_correct
757,758,758_10.bmp,preprocessed_results\758\758_10.bmp,757,757,757,0.9012428522109985,756,0.008425185456871986,0.8928176667541265,757|756|621|827|790,0.90124285|0.00842519|0.00275654|0.00263818|0.00260875,1,0.9012428522109985,True,757,0.9012428522109985,True,757,0.8131369948387146,True,757,0.8541081547737122,True,757,0.819161593914032,True,c12_correct
758,759,759_7.bmp,preprocessed_results\759\759_7.bmp,758,758,758,0.9300784468650818,820,0.004522830713540316,0.9255556161515415,758|820|626|734|617,0.93007845|0.00452283|0.00290842|0.00176537|0.00169959,1,0.9300784468650818,True,758,0.9300784468650818,True,758,0.8703835010528564,True,758,0.8223780393600464,True,758,0.8737745881080627,True,c12_correct
759,760,760_7.bmp,preprocessed_results\760\760_7.bmp,759,759,759,0.4832231104373932,683,0.021244416013360023,0.46197869442403316,759|683|621|597|583,0.48322311|0.02124442|0.01970694|0.01541061|0.01034522,1,0.4832231104373932,True,759,0.4832231104373932,True,759,0.46561285853385925,True,759,0.8187664747238159,True,759,0.7191508412361145,True,c12_correct
760,761,761_2.bmp,preprocessed_results\761\761_2.bmp,760,760,760,0.4597906470298767,607,0.01565486192703247,0.44413578510284424,760|607|759|772|80,0.45979065|0.01565486|0.01342778|0.01222221|0.01191286,1,0.4597906470298767,True,760,0.4597906470298767,True,760,0.3863924443721771,True,760,0.8248385190963745,True,760,0.6396490335464478,True,c12_correct
761,762,762_2.bmp,preprocessed_results\762\762_2.bmp,761,761,761,0.6452792882919312,139,0.009113192558288574,0.6361660957336426,761|139|653|586|96,0.64527929|0.00911319|0.00668517|0.00650785|0.00574162,1,0.6452792882919312,True,761,0.6452792882919312,True,761,0.8449850082397461,True,761,0.8468576669692993,True,761,0.8162725567817688,True,c12_correct
762,763,763_5.bmp,preprocessed_results\763\763_5.bmp,762,762,762,0.9653911590576172,763,0.002116231946274638,0.9632749271113425,762|763|719|734|768,0.96539116|0.00211623|0.00199774|0.00192277|0.00114386,1,0.9653911590576172,True,762,0.9653911590576172,True,762,0.8864448666572571,True,762,0.8141148686408997,True,762,0.9264835119247437,True,c12_correct
763,764,764_9.bmp,preprocessed_results\764\764_9.bmp,763,763,763,0.9158524870872498,287,0.0038418041076511145,0.9120106829795986,763|287|260|295|59,0.91585249|0.00384180|0.00366032|0.00176362|0.00122161,1,0.9158524870872498,True,763,0.9158524870872498,True,763,0.4626695513725281,True,763,0.8256973028182983,True,763,0.7456676363945007,True,c12_correct
764,765,765_10.bmp,preprocessed_results\765\765_10.bmp,764,764,764,0.8612363934516907,780,0.012481591664254665,0.848754801787436,764|780|708|810|765,0.86123639|0.01248159|0.00431072|0.00361817|0.00290799,1,0.8612363934516907,True,764,0.8612363934516907,True,764,0.8529503345489502,True,764,0.8475973010063171,True,764,0.8283530473709106,True,c12_correct
765,766,766_4.bmp,preprocessed_results\766\766_4.bmp,765,765,765,0.8721352219581604,757,0.013572911731898785,0.8585623102262616,765|757|683|767|764,0.87213522|0.01357291|0.01350252|0.00450229|0.00260219,1,0.8721352219581604,True,765,0.8721352219581604,True,765,0.8672357797622681,True,765,0.8218420743942261,True,765,0.843184232711792,True,c12_correct
766,767,767_1.bmp,preprocessed_results\767\767_1.bmp,766,766,766,0.8426978588104248,241,0.017494933679699898,0.8252029251307249,766|241|133|330|237,0.84269786|0.01749493|0.00678133|0.00551015|0.00439121,1,0.8426978588104248,True,766,0.8426978588104248,True,766,0.8010082244873047,True,766,0.8330778479576111,True,766,0.7541123032569885,True,c12_correct
767,768,768_7.bmp,preprocessed_results\768\768_7.bmp,767,767,767,0.9181140661239624,762,0.005194648634642363,0.91291941748932,767|762|766|68|757,0.91811407|0.00519465|0.00463143|0.00162404|0.00130509,1,0.9181140661239624,True,767,0.9181140661239624,True,767,0.8669053912162781,True,767,0.8321184515953064,True,767,0.881009042263031,True,c12_correct
768,769,769_3.bmp,preprocessed_results\769\769_3.bmp,768,768,768,0.42342185974121094,807,0.036452535539865494,0.38696932420134544,768|807|792|639|568,0.42342186|0.03645254|0.02238971|0.02180584|0.01966137,1,0.42342185974121094,True,768,0.42342185974121094,True,768,0.6220777034759521,True,768,0.8202661871910095,True,768,0.6661307215690613,True,c12_correct
769,770,770_7.bmp,preprocessed_results\770\770_7.bmp,769,769,769,0.7959821820259094,807,0.057427309453487396,0.738554872572422,769|807|791|633|768,0.79598218|0.05742731|0.00657041|0.00527273|0.00459438,1,0.7959821820259094,True,769,0.7959821820259094,True,769,0.844516932964325,True,769,0.8198307156562805,True,769,0.7372100353240967,True,c12_correct
770,771,771_5.bmp,preprocessed_results\771\771_5.bmp,770,770,770,0.9416895508766174,310,0.0019727423787117004,0.9397168084979057,770|310|771|782|825,0.94168955|0.00197274|0.00187104|0.00170331|0.00146067,1,0.9416895508766174,True,770,0.9416895508766174,True,770,0.9242972135543823,True,770,0.8612874150276184,True,770,0.8671259880065918,True,c12_correct
771,772,772_2.bmp,preprocessed_results\772\772_2.bmp,771,771,771,0.8752374053001404,816,0.003881509182974696,0.8713558961171657,771|816|603|770|747,0.87523741|0.00388151|0.00364997|0.00271587|0.00237828,1,0.8752374053001404,True,771,0.8752374053001404,True,771,0.8333413600921631,True,771,0.8263617753982544,True,771,0.8189568519592285,True,c12_correct
772,773,773_2.bmp,preprocessed_results\773\773_2.bmp,772,772,772,0.9041911363601685,773,0.01277640275657177,0.8914147336035967,772|773|741|707|785,0.90419114|0.01277640|0.00354148|0.00269021|0.00144884,1,0.9041911363601685,True,772,0.9041911363601685,True,772,0.7737786173820496,True,772,0.8130958080291748,True,772,0.802988588809967,True,c12_correct
773,774,774_10.bmp,preprocessed_results\774\774_10.bmp,773,773,773,0.8125656843185425,772,0.03649976849555969,0.7760659158229828,773|772|823|583|142,0.81256568|0.03649977|0.00534593|0.00427560|0.00401345,1,0.8125656843185425,True,773,0.8125656843185425,True,773,0.2890675961971283,True,773,0.7663669586181641,True,773,0.5089797377586365,True,c12_correct
774,775,775_1.bmp,preprocessed_results\775\775_1.bmp,774,774,774,0.8188735842704773,766,0.006469710264354944,0.8124038740061224,774|766|654|756|609,0.81887358|0.00646971|0.00479483|0.00479084|0.00418787,1,0.8188735842704773,True,774,0.8188735842704773,True,774,0.6370245218276978,True,774,0.8085955381393433,True,774,0.6804124712944031,True,c12_correct
775,776,776_9.bmp,preprocessed_results\776\776_9.bmp,775,775,775,0.8209104537963867,827,0.00919427815824747,0.8117161756381392,775|827|587|709|692,0.82091045|0.00919428|0.00737444|0.00641805|0.00458425,1,0.8209104537963867,True,775,0.8209104537963867,True,775,0.7591488361358643,True,775,0.83292156457901,True,775,0.7964518070220947,True,c12_correct
776,777,777_7.bmp,preprocessed_results\777\777_7.bmp,776,776,776,0.7047621607780457,777,0.033500153571367264,0.6712620072066784,776|777|784|659|793,0.70476216|0.03350015|0.01751212|0.00612846|0.00478804,1,0.7047621607780457,True,776,0.7047621607780457,True,776,0.35153302550315857,True,776,0.8151620626449585,True,776,0.5621093511581421,True,c12_correct
777,778,778_3.bmp,preprocessed_results\778\778_3.bmp,777,777,777,0.9522202610969543,776,0.0021083590108901262,0.9501119020860642,777|776|581|759|829,0.95222026|0.00210836|0.00150170|0.00111286|0.00102519,1,0.9522202610969543,True,777,0.9522202610969543,True,777,0.8554141521453857,True,777,0.8536622524261475,True,777,0.7581092715263367,True,c12_correct
778,779,779_2.bmp,preprocessed_results\779\779_2.bmp,778,778,778,0.8668780326843262,132,0.0035104709677398205,0.8633675617165864,778|132|410|671|297,0.86687803|0.00351047|0.00349041|0.00337494|0.00207554,1,0.8668780326843262,True,778,0.8668780326843262,True,778,0.8275300860404968,True,778,0.7983047366142273,True,778,0.8338059186935425,True,c12_correct
779,780,780_7.bmp,preprocessed_results\780\780_7.bmp,779,779,779,0.9094036221504211,23,0.0039100912399590015,0.9054935309104621,779|23|784|778|107,0.90940362|0.00391009|0.00295928|0.00192577|0.00188761,1,0.9094036221504211,True,779,0.9094036221504211,True,779,0.7505873441696167,True,779,0.8327327966690063,True,779,0.8817277550697327,True,c12_correct
780,781,781_4.bmp,preprocessed_results\781\781_4.bmp,780,780,780,0.8230589032173157,764,0.04601122438907623,0.7770476788282394,780|764|668|811|820,0.82305890|0.04601122|0.00646151|0.00445727|0.00394494,1,0.8230589032173157,True,780,0.8230589032173157,True,780,0.7823757529258728,True,780,0.8120697140693665,True,780,0.7439947128295898,True,c12_correct
781,782,782_8.bmp,preprocessed_results\782\782_8.bmp,781,781,781,0.28794974088668823,812,0.021630914881825447,0.2663188260048628,781|812|780|733|813,0.28794974|0.02163091|0.01883895|0.01544823|0.01240842,1,0.28794974088668823,True,781,0.28794974088668823,True,781,0.5130535364151001,True,781,0.809104859828949,True,781,0.7177642583847046,True,c12_correct
782,783,783_5.bmp,preprocessed_results\783\783_5.bmp,782,782,782,0.9094671010971069,110,0.004456240218132734,0.9050108608789742,782|110|410|668|780,0.90946710|0.00445624|0.00368297|0.00230530|0.00229366,1,0.9094671010971069,True,782,0.9094671010971069,True,782,0.8377717137336731,True,782,0.8274394869804382,True,782,0.8592616319656372,True,c12_correct
783,784,784_3.bmp,preprocessed_results\784\784_3.bmp,783,783,783,0.7990339994430542,589,0.007362203672528267,0.7916717957705259,783|589|587|610|780,0.79903400|0.00736220|0.00656425|0.00620536|0.00593245,1,0.7990339994430542,True,783,0.7990339994430542,True,783,0.682346522808075,True,783,0.823278546333313,True,783,0.701256513595581,True,c12_correct
784,785,785_5.bmp,preprocessed_results\785\785_5.bmp,784,784,784,0.9248862266540527,758,0.005596882663667202,0.9192893439903855,784|758|572|785|626,0.92488623|0.00559688|0.00518561|0.00207001|0.00198583,1,0.9248862266540527,True,784,0.9248862266540527,True,784,0.7829760313034058,True,784,0.8028006553649902,True,784,0.7331425547599792,True,c12_correct
785,786,786_5.bmp,preprocessed_results\786\786_5.bmp,785,785,785,0.6054204106330872,646,0.014827646315097809,0.5905927643179893,785|646|728|199|198,0.60542041|0.01482765|0.01481531|0.00943726|0.00684622,1,0.6054204106330872,True,785,0.6054204106330872,True,785,0.4986671805381775,True,785,0.8118979930877686,True,785,0.6348058581352234,True,c12_correct
786,787,787_7.bmp,preprocessed_results\787\787_7.bmp,786,786,786,0.9056161046028137,211,0.005566078703850508,0.9000500258989632,786|211|638|338|692,0.90561610|0.00556608|0.00468894|0.00258427|0.00189643,1,0.9056161046028137,True,786,0.9056161046028137,True,786,0.7983059287071228,True,786,0.8385656476020813,True,786,0.8324108719825745,True,c12_correct
787,788,788_4.bmp,preprocessed_results\788\788_4.bmp,787,787,787,0.9155550003051758,723,0.004527677316218615,0.9110273229889572,787|723|601|614|30,0.91555500|0.00452768|0.00339675|0.00223040|0.00190083,1,0.9155550003051758,True,787,0.9155550003051758,True,787,0.7396114468574524,True,787,0.8288825750350952,True,787,0.8266700506210327,True,c12_correct
788,789,789_3.bmp,preprocessed_results\789\789_3.bmp,788,788,788,0.7177330255508423,710,0.04394103214144707,0.6737919934093952,788|710|789|580|246,0.71773303|0.04394103|0.00732799|0.00431562|0.00410043,1,0.7177330255508423,True,788,0.7177330255508423,True,788,0.8578034043312073,True,788,0.8190180659294128,True,788,0.8522015810012817,True,c12_correct
789,790,790_6.bmp,preprocessed_results\790\790_6.bmp,789,789,789,0.892058253288269,695,0.004725033417344093,0.887333219870925,789|695|772|749|747,0.89205825|0.00472503|0.00447381|0.00298784|0.00246010,1,0.892058253288269,True,789,0.892058253288269,True,789,0.8916593194007874,True,789,0.8339644074440002,True,789,0.8176243305206299,True,c12_correct
790,791,791_6.bmp,preprocessed_results\791\791_6.bmp,790,790,790,0.8986788392066956,621,0.006547966971993446,0.8921308722347021,790|621|791|827|757,0.89867884|0.00654797|0.00508074|0.00354332|0.00315026,1,0.8986788392066956,True,790,0.8986788392066956,True,790,0.8379978537559509,True,790,0.8025386929512024,True,790,0.808245062828064,True,c12_correct
791,792,792_9.bmp,preprocessed_results\792\792_9.bmp,791,791,791,0.6644043326377869,586,0.0330415703356266,0.6313627623021603,791|586|807|801|738,0.66440433|0.03304157|0.02678860|0.01840695|0.00570903,1,0.6644043326377869,True,791,0.6644043326377869,True,791,0.5546739101409912,True,791,0.8044087886810303,True,791,0.649776816368103,True,c12_correct
792,793,793_1.bmp,preprocessed_results\793\793_1.bmp,792,792,792,0.7813913226127625,793,0.016122514382004738,0.7652688082307577,792|793|768|791|824,0.78139132|0.01612251|0.00973732|0.00548308|0.00442150,1,0.7813913226127625,True,792,0.7813913226127625,True,792,0.5016608238220215,True,792,0.8311678171157837,True,792,0.7395445704460144,True,c12_correct
793,794,794_2.bmp,preprocessed_results\794\794_2.bmp,793,793,793,0.9321920275688171,792,0.005081597715616226,0.9271104298532009,793|792|613|707|800,0.93219203|0.00508160|0.00480434|0.00152166|0.00136171,1,0.9321920275688171,True,793,0.9321920275688171,True,793,0.7918055653572083,True,793,0.8197426795959473,True,793,0.8239144682884216,True,c12_correct
794,795,795_7.bmp,preprocessed_results\795\795_7.bmp,794,794,794,0.9286392331123352,510,0.0022112263832241297,0.9264280067291111,794|510|747|64|327,0.92863923|0.00221123|0.00154976|0.00153775|0.00108010,1,0.9286392331123352,True,794,0.9286392331123352,True,794,0.8861412405967712,True,794,0.838858962059021,True,794,0.8409881591796875,True,c12_correct
795,796,796_5.bmp,preprocessed_results\796\796_5.bmp,795,795,795,0.9248162508010864,24,0.0025293678045272827,0.9222868829965591,795|24|112|262|819,0.92481625|0.00252937|0.00217449|0.00188497|0.00143543,1,0.9248162508010864,True,795,0.9248162508010864,True,795,0.8512799739837646,True,795,0.809112548828125,True,795,0.7890259027481079,True,c12_correct
796,797,797_6.bmp,preprocessed_results\797\797_6.bmp,796,796,796,0.9323018789291382,806,0.0022506883833557367,0.9300511905457824,796|806|632|501|816,0.93230188|0.00225069|0.00217987|0.00198725|0.00188270,1,0.9323018789291382,True,796,0.9323018789291382,True,796,0.7734987139701843,True,796,0.8278284072875977,True,796,0.7948226928710938,True,c12_correct
797,798,798_4.bmp,preprocessed_results\798\798_4.bmp,797,797,797,0.8678894639015198,816,0.003922289703041315,0.8639671741984785,797|816|815|796|306,0.86788946|0.00392229|0.00387543|0.00355018|0.00331631,1,0.8678894639015198,True,797,0.8678894639015198,True,797,0.8465627431869507,True,797,0.8372403979301453,True,797,0.861422061920166,True,c12_correct
798,799,799_7.bmp,preprocessed_results\799\799_7.bmp,798,798,798,0.6917781233787537,632,0.011894178576767445,0.6798839448019862,798|632|340|147|595,0.69177812|0.01189418|0.00663258|0.00626337|0.00501217,1,0.6917781233787537,True,798,0.6917781233787537,True,798,0.7958263158798218,True,798,0.8344866633415222,True,798,0.8338578939437866,True,c12_correct
799,800,800_9.bmp,preprocessed_results\800\800_9.bmp,799,799,799,0.6285821199417114,758,0.051673389971256256,0.5769087299704552,799|758|820|626|627,0.62858212|0.05167339|0.01337920|0.01082866|0.00745769,1,0.6285821199417114,True,799,0.6285821199417114,True,799,0.6425712704658508,True,799,0.7443276047706604,True,799,0.7117093801498413,True,c12_correct
800,801,801_9.bmp,preprocessed_results\801\801_9.bmp,800,800,800,0.871243417263031,801,0.0122306440025568,0.8590127732604742,800|801|699|617|700,0.87124342|0.01223064|0.00848343|0.00257625|0.00209143,1,0.871243417263031,True,800,0.871243417263031,True,800,0.6927305459976196,True,800,0.8028324842453003,True,800,0.7952053546905518,True,c12_correct
801,802,802_10.bmp,preprocessed_results\802\802_10.bmp,801,801,801,0.8844612240791321,800,0.0059927478432655334,0.8784684762358665,801|800|701|805|548,0.88446122|0.00599275|0.00317820|0.00286624|0.00240835,1,0.8844612240791321,True,801,0.8844612240791321,True,801,0.7864294052124023,True,801,0.8212141394615173,True,801,0.8285868167877197,True,c12_correct
802,803,803_6.bmp,preprocessed_results\803\803_6.bmp,802,802,802,0.5648308992385864,808,0.02967166155576706,0.5351592376828194,802|808|577|677|576,0.56483090|0.02967166|0.01460495|0.01326168|0.01162203,1,0.5648308992385864,True,802,0.5648308992385864,True,802,0.6579345464706421,True,802,0.8390828371047974,True,802,0.7771684527397156,True,c12_correct
803,804,804_5.bmp,preprocessed_results\804\804_5.bmp,803,803,803,0.8906686902046204,802,0.03293045610189438,0.857738234102726,803|802|677|814|679,0.89066869|0.03293046|0.00884619|0.00205484|0.00111916,1,0.8906686902046204,True,803,0.8906686902046204,True,803,0.8135547041893005,True,803,0.829255998134613,True,803,0.7941527962684631,True,c12_correct
804,805,805_6.bmp,preprocessed_results\805\805_6.bmp,804,804,804,0.8427150249481201,648,0.050742797553539276,0.7919722273945808,804|648|372|640|645,0.84271502|0.05074280|0.01045934|0.00401522|0.00193350,1,0.8427150249481201,True,804,0.8427150249481201,True,804,0.8623617887496948,True,804,0.8114106059074402,True,804,0.8332839012145996,True,c12_correct
805,806,806_2.bmp,preprocessed_results\806\806_2.bmp,805,805,805,0.9290058612823486,635,0.0044131893664598465,0.9245926719158888,805|635|667|641|601,0.92900586|0.00441319|0.00254984|0.00240896|0.00181679,1,0.9290058612823486,True,805,0.9290058612823486,True,805,0.8003060817718506,True,805,0.8363927602767944,True,805,0.8092162013053894,True,c12_correct
806,807,807_10.bmp,preprocessed_results\807\807_10.bmp,806,806,806,0.8669805526733398,778,0.007569536101073027,0.8594110165722668,806|778|810|807|241,0.86698055|0.00756954|0.00285438|0.00220288|0.00208328,1,0.8669805526733398,True,806,0.8669805526733398,True,806,0.8478014469146729,True,806,0.8689967393875122,True,806,0.8691104650497437,True,c12_correct
807,808,808_9.bmp,preprocessed_results\808\808_9.bmp,807,807,807,0.8300691843032837,801,0.00920168124139309,0.8208675030618906,807|801|593|800|653,0.83006918|0.00920168|0.00902558|0.00516124|0.00367925,1,0.8300691843032837,True,807,0.8300691843032837,True,807,0.665131688117981,True,807,0.8398054242134094,True,807,0.7523230314254761,True,c12_correct
808,809,809_9.bmp,preprocessed_results\809\809_9.bmp,808,808,808,0.8828118443489075,809,0.007904645055532455,0.874907199293375,808|809|684|802|474,0.88281184|0.00790465|0.00341599|0.00326038|0.00232704,1,0.8828118443489075,True,808,0.8828118443489075,True,808,0.8457425236701965,True,808,0.8338132500648499,True,808,0.8517754077911377,True,c12_correct
809,810,810_2.bmp,preprocessed_results\810\810_2.bmp,809,809,809,0.9529717564582825,826,0.002947272267192602,0.9500244841910899,809|826|808|832|800,0.95297176|0.00294727|0.00228671|0.00150003|0.00148003,1,0.9529717564582825,True,809,0.9529717564582825,True,809,0.9014624357223511,True,809,0.8320712447166443,True,809,0.8451311588287354,True,c12_correct
810,811,811_6.bmp,preprocessed_results\811\811_6.bmp,810,810,810,0.7706795930862427,806,0.012324095703661442,0.7583554973825812,810|806|830|287|236,0.77067959|0.01232410|0.01213698|0.00738120|0.00514301,1,0.7706795930862427,True,810,0.7706795930862427,True,810,0.6556991934776306,True,810,0.7777270078659058,True,810,0.7712095379829407,True,c12_correct
811,812,812_7.bmp,preprocessed_results\812\812_7.bmp,811,811,811,0.9717530012130737,17,0.0025547693949192762,0.9691982318181545,811|17|759|810|683,0.97175300|0.00255477|0.00222507|0.00094389|0.00058970,1,0.9717530012130737,True,811,0.9717530012130737,True,811,0.8971156477928162,True,811,0.8440882563591003,True,811,0.8868623971939087,True,c12_correct
812,813,813_10.bmp,preprocessed_results\813\813_10.bmp,812,812,812,0.897650420665741,742,0.004515280015766621,0.8931351406499743,812|742|727|651|781,0.89765042|0.00451528|0.00436984|0.00421855|0.00343778,1,0.897650420665741,True,812,0.897650420665741,True,812,0.7530909180641174,True,812,0.8285841941833496,True,812,0.7057342529296875,True,c12_correct
813,814,814_7.bmp,preprocessed_results\814\814_7.bmp,813,813,813,0.9110605120658875,812,0.006242862902581692,0.9048176491633058,813|812|809|827|744,0.91106051|0.00624286|0.00186477|0.00186400|0.00154189,1,0.9110605120658875,True,813,0.9110605120658875,True,813,0.8159284591674805,True,813,0.8379573822021484,True,813,0.8712455034255981,True,c12_correct
814,815,815_1.bmp,preprocessed_results\815\815_1.bmp,814,814,814,0.9463394284248352,805,0.004208713304251432,0.9421307151205838,814|805|815|635|675,0.94633943|0.00420871|0.00248724|0.00194307|0.00088871,1,0.9463394284248352,True,814,0.9463394284248352,True,814,0.9168203473091125,True,814,0.8445712924003601,True,814,0.8545490503311157,True,c12_correct
815,816,816_10.bmp,preprocessed_results\816\816_10.bmp,815,815,815,0.89910489320755,738,0.004533648490905762,0.8945712447166443,815|738|814|712|601,0.89910489|0.00453365|0.00392858|0.00203063|0.00199965,1,0.89910489320755,True,815,0.89910489320755,True,815,0.8046196699142456,True,815,0.8444237112998962,True,815,0.7264080047607422,True,c12_correct
816,817,817_10.bmp,preprocessed_results\817\817_10.bmp,816,816,816,0.9108240008354187,796,0.008181046694517136,0.9026429541409016,816|796|817|797|112,0.91082400|0.00818105|0.00692944|0.00377544|0.00322148,1,0.9108240008354187,True,816,0.9108240008354187,True,816,0.7738312482833862,True,816,0.8452804684638977,True,816,0.8351038098335266,True,c12_correct
817,818,818_5.bmp,preprocessed_results\818\818_5.bmp,817,817,817,0.5475455522537231,792,0.019319411367177963,0.5282261408865452,817|792|273|816|602,0.54754555|0.01931941|0.01817317|0.01229113|0.00855673,1,0.5475455522537231,True,817,0.5475455522537231,True,817,0.8523483872413635,True,817,0.8392099738121033,True,817,0.8518121838569641,True,c12_correct
818,819,819_3.bmp,preprocessed_results\819\819_3.bmp,818,818,818,0.929095983505249,60,0.003102740738540888,0.9259932427667081,818|60|632|732|61,0.92909598|0.00310274|0.00098458|0.00098438|0.00092939,1,0.929095983505249,True,818,0.929095983505249,True,818,0.8573648929595947,True,818,0.8437612652778625,True,818,0.823134183883667,True,c12_correct
819,820,820_7.bmp,preprocessed_results\820\820_7.bmp,819,819,819,0.8816999793052673,757,0.006341029889881611,0.8753589494153857,819|757|633|795|755,0.88169998|0.00634103|0.00339929|0.00258873|0.00255055,1,0.8816999793052673,True,819,0.8816999793052673,True,819,0.8287280201911926,True,819,0.8267502188682556,True,819,0.8885705471038818,True,c12_correct
820,821,821_2.bmp,preprocessed_results\821\821_2.bmp,820,820,820,0.9081094264984131,780,0.005723027512431145,0.9023863989859819,820|780|811|764|810,0.90810943|0.00572303|0.00443555|0.00394445|0.00339972,1,0.9081094264984131,True,820,0.9081094264984131,True,820,0.7628335952758789,True,820,0.8203697204589844,True,820,0.8466358184814453,True,c12_correct
821,822,822_3.bmp,preprocessed_results\822\822_3.bmp,821,821,821,0.9063219428062439,673,0.007964429445564747,0.8983575133606791,821|673|740|755|722,0.90632194|0.00796443|0.00237467|0.00206609|0.00174319,1,0.9063219428062439,True,821,0.9063219428062439,True,821,0.8118764758110046,True,821,0.8407095074653625,True,821,0.8323631882667542,True,c12_correct
822,823,823_10.bmp,preprocessed_results\823\823_10.bmp,822,822,822,0.9319635629653931,823,0.0057363384403288364,0.9262272245250642,822|823|596|570|780,0.93196356|0.00573634|0.00501225|0.00169139|0.00134499,1,0.9319635629653931,True,822,0.9319635629653931,True,822,0.8878539204597473,True,822,0.8384420871734619,True,822,0.8571101427078247,True,c12_correct
823,824,824_8.bmp,preprocessed_results\824\824_8.bmp,823,823,823,0.9153006672859192,822,0.0019645430147647858,0.9133361242711544,823|822|773|748|805,0.91530067|0.00196454|0.00133352|0.00132168|0.00123926,1,0.9153006672859192,True,823,0.9153006672859192,True,823,0.8278863430023193,True,823,0.8354722857475281,True,823,0.8636191487312317,True,c12_correct
824,825,825_10.bmp,preprocessed_results\825\825_10.bmp,824,824,824,0.9380287528038025,822,0.0033832001499831676,0.9346455526538193,824|822|571|570|830,0.93802875|0.00338320|0.00234799|0.00203084|0.00165371,1,0.9380287528038025,True,824,0.9380287528038025,True,824,0.7188448905944824,True,824,0.7918769717216492,True,824,0.6961085796356201,True,c12_correct
825,826,826_2.bmp,preprocessed_results\826\826_2.bmp,825,825,825,0.9029953479766846,831,0.0027568545192480087,0.9002384934574366,825|831|770|763|777,0.90299535|0.00275685|0.00265401|0.00240668|0.00233392,1,0.9029953479766846,True,825,0.9029953479766846,True,825,0.9235658049583435,True,825,0.8366360068321228,True,825,0.8013372421264648,True,c12_correct
826,827,827_10.bmp,preprocessed_results\827\827_10.bmp,826,826,826,0.9096878170967102,827,0.006000450346618891,0.9036873667500913,826|827|751|616|757,0.90968782|0.00600045|0.00545266|0.00359154|0.00235660,1,0.9096878170967102,True,826,0.9096878170967102,True,826,0.8816589713096619,True,826,0.8449801206588745,True,826,0.780332088470459,True,c12_correct
827,828,828_10.bmp,preprocessed_results\828\828_10.bmp,827,827,827,0.8629930019378662,826,0.018867384642362595,0.8441256172955036,827|826|691|644|645,0.86299300|0.01886738|0.00783151|0.00431279|0.00251900,1,0.8629930019378662,True,827,0.8629930019378662,True,827,0.7068804502487183,True,827,0.8418859243392944,True,827,0.7859734296798706,True,c12_correct
828,829,829_2.bmp,preprocessed_results\829\829_2.bmp,828,828,828,0.8406854867935181,786,0.007772274315357208,0.8329132124781609,828|786|650|692|580,0.84068549|0.00777227|0.00544773|0.00427028|0.00332311,1,0.8406854867935181,True,828,0.8406854867935181,True,828,0.6957080364227295,True,828,0.8078099489212036,True,828,0.5804144144058228,True,c12_correct
829,830,830_5.bmp,preprocessed_results\830\830_5.bmp,829,829,829,0.8775081634521484,738,0.006276928354054689,0.8712312350980937,829|738|809|739|141,0.87750816|0.00627693|0.00535358|0.00532585|0.00258773,1,0.8775081634521484,True,829,0.8775081634521484,True,829,0.8663713932037354,True,829,0.8249068260192871,True,829,0.8298493027687073,True,c12_correct
830,831,831_8.bmp,preprocessed_results\831\831_8.bmp,830,830,830,0.8613235950469971,620,0.006979971658438444,0.8543436233885586,830|620|822|824|810,0.86132360|0.00697997|0.00477565|0.00382138|0.00269746,1,0.8613235950469971,True,830,0.8613235950469971,True,830,0.8657361268997192,True,830,0.8167375922203064,True,830,0.8117547631263733,True,c12_correct
831,832,832_9.bmp,preprocessed_results\832\832_9.bmp,831,831,799,0.18025031685829163,431,0.07028331607580185,0.10996700078248978,799|431|830|831|1,0.18025032|0.07028332|0.05783107|0.03346026|0.01662493,4,0.03346025571227074,True,799,0.18025031685829163,False,830,0.03701392188668251,False,831,0.794791579246521,True,831,0.29672980308532715,True,teacher_all_correct;true_in_top5
832,833,833_10.bmp,preprocessed_results\833\833_10.bmp,832,832,832,0.7185598015785217,304,0.013601751998066902,0.7049580495804548,832|304|678|282|564,0.71855980|0.01360175|0.01028492|0.00754579|0.00635927,1,0.7185598015785217,True,832,0.7185598015785217,True,832,0.8061517477035522,True,832,0.8294907808303833,True,832,0.8162710666656494,True,c12_correct
833,834,834_8.bmp,preprocessed_results\834\834_8.bmp,833,833,833,0.9197849631309509,832,0.002861849730834365,0.9169231134001166,833|832|102|712|487,0.91978496|0.00286185|0.00264230|0.00192249|0.00160589,1,0.9197849631309509,True,833,0.9197849631309509,True,833,0.8513408899307251,True,833,0.8211889863014221,True,833,0.8769004940986633,True,c12_correct
