index,subject_id,filename,path,label,true_label,c12_top1,c12_top1_prob,c12_top2,c12_top2_prob,c12_margin_top1_top2,c12_top5_labels,c12_top5_probs,c12_true_rank,c12_true_prob,c12_true_in_top5,c12_pred,c12_conf,c12_correct,mobilenet_pred,mobilenet_conf,mobilenet_correct,effv2m_pred,effv2m_conf,effv2m_correct,resnet50_pred,resnet50_conf,resnet50_correct,diagnosis
0,1,1_10.bmp,preprocessed_results\1\1_10.bmp,0,0,0,0.8637042045593262,1,0.033346399664878845,0.8303578048944473,0|1|308|249|207,0.86370420|0.03334640|0.00321061|0.00243053|0.00222374,1,0.8637042045593262,True,0,0.8637042045593262,True,0,0.8807249069213867,True,0,0.8586646914482117,True,0,0.8092822432518005,True,c12_correct
1,2,2_9.bmp,preprocessed_results\2\2_9.bmp,1,1,1,0.8447815179824829,0,0.0083604222163558,0.8364210957661271,1|0|97|753|806,0.84478152|0.00836042|0.00377650|0.00351388|0.00277385,1,0.8447815179824829,True,1,0.8447815179824829,True,1,0.8541948199272156,True,1,0.8367971181869507,True,1,0.7320094108581543,True,c12_correct
2,3,3_8.bmp,preprocessed_results\3\3_8.bmp,2,2,2,0.8053416013717651,623,0.013249529525637627,0.7920920718461275,2|623|136|214|782,0.80534160|0.01324953|0.00820560|0.00743623|0.00484111,1,0.8053416013717651,True,2,0.8053416013717651,True,2,0.6435295343399048,True,2,0.7944902181625366,True,2,0.7591208219528198,True,c12_correct
3,4,4_6.bmp,preprocessed_results\4\4_6.bmp,3,3,3,0.9397419095039368,319,0.008109224028885365,0.9316326854750514,3|319|735|828|661,0.93974191|0.00810922|0.00183260|0.00145971|0.00122213,1,0.9397419095039368,True,3,0.9397419095039368,True,3,0.9039043188095093,True,3,0.8390026092529297,True,3,0.7672256827354431,True,c12_correct
4,5,5_10.bmp,preprocessed_results\5\5_10.bmp,4,4,4,0.8861010670661926,170,0.027005940675735474,0.8590951263904572,4|170|198|674|83,0.88610107|0.02700594|0.00740992|0.00204003|0.00131155,1,0.8861010670661926,True,4,0.8861010670661926,True,4,0.601411759853363,True,4,0.8194741010665894,True,4,0.7296889424324036,True,c12_correct
5,6,6_6.bmp,preprocessed_results\6\6_6.bmp,5,5,5,0.6754716038703918,171,0.12655897438526154,0.5489126294851303,5|171|543|758|609,0.67547160|0.12655897|0.01579741|0.01554872|0.00257122,1,0.6754716038703918,True,5,0.6754716038703918,True,5,0.43013983964920044,True,5,0.7179867029190063,True,5,0.2726656496524811,True,c12_correct
6,7,7_10.bmp,preprocessed_results\7\7_10.bmp,6,6,6,0.906028687953949,246,0.006288125645369291,0.8997405623085797,6|246|538|357|723,0.90602869|0.00628813|0.00345462|0.00307782|0.00240583,1,0.906028687953949,True,6,0.906028687953949,True,6,0.5747631192207336,True,6,0.796624481678009,True,6,0.5902025103569031,True,c12_correct
7,8,8_4.bmp,preprocessed_results\8\8_4.bmp,7,7,7,0.6098739504814148,6,0.05382626876235008,0.5560476817190647,7|6|644|604|167,0.60987395|0.05382627|0.00857179|0.00729546|0.00545019,1,0.6098739504814148,True,7,0.6098739504814148,True,7,0.5926808714866638,True,7,0.8468852639198303,True,7,0.6875666975975037,True,c12_correct
8,9,9_10.bmp,preprocessed_results\9\9_10.bmp,8,8,8,0.6362929344177246,230,0.020059075206518173,0.6162338592112064,8|230|184|88|196,0.63629293|0.02005908|0.01139983|0.00980398|0.00704816,1,0.6362929344177246,True,8,0.6362929344177246,True,8,0.5520250797271729,True,8,0.8310112357139587,True,8,0.6806895136833191,True,c12_correct
9,10,10_5.bmp,preprocessed_results\10\10_5.bmp,9,9,9,0.8469977378845215,55,0.004667201079428196,0.8423305368050933,9|55|288|120|407,0.84699774|0.00466720|0.00371556|0.00362764|0.00349500,1,0.8469977378845215,True,9,0.8469977378845215,True,9,0.619391918182373,True,9,0.8094950914382935,True,9,0.6716591119766235,True,c12_correct
10,11,11_3.bmp,preprocessed_results\11\11_3.bmp,10,10,10,0.9529481530189514,795,0.002823092043399811,0.9501250609755516,10|795|328|471|749,0.95294815|0.00282309|0.00121847|0.00106017|0.00097459,1,0.9529481530189514,True,10,0.9529481530189514,True,10,0.8380301594734192,True,10,0.8394871354103088,True,10,0.7967588901519775,True,c12_correct
11,12,12_2.bmp,preprocessed_results\12\12_2.bmp,11,11,11,0.9105640649795532,101,0.0027546638157218695,0.9078094011638314,11|101|302|10|792,0.91056406|0.00275466|0.00220454|0.00188158|0.00187411,1,0.9105640649795532,True,11,0.9105640649795532,True,11,0.928759753704071,True,11,0.8239507675170898,True,11,0.7952887415885925,True,c12_correct
12,13,13_2.bmp,preprocessed_results\13\13_2.bmp,12,12,12,0.47059541940689087,544,0.05829066410660744,0.41230475530028343,12|544|411|214|122,0.47059542|0.05829066|0.04490341|0.01451063|0.00661396,1,0.47059541940689087,True,12,0.47059541940689087,True,12,0.5140480399131775,True,12,0.8241737484931946,True,12,0.7720719575881958,True,c12_correct
13,14,14_6.bmp,preprocessed_results\14\14_6.bmp,13,13,13,0.7123081088066101,256,0.019307849928736687,0.6930002588778734,13|256|662|206|674,0.71230811|0.01930785|0.00825181|0.00642350|0.00575466,1,0.7123081088066101,True,13,0.7123081088066101,True,13,0.7909603118896484,True,13,0.8155294060707092,True,13,0.6058489084243774,True,c12_correct
14,15,15_10.bmp,preprocessed_results\15\15_10.bmp,14,14,14,0.6887096166610718,15,0.07087463140487671,0.6178349852561951,14|15|20|223|325,0.68870962|0.07087463|0.01215874|0.00575842|0.00514375,1,0.6887096166610718,True,14,0.6887096166610718,True,14,0.7235614061355591,True,14,0.8184342384338379,True,14,0.6824061274528503,True,c12_correct
15,16,16_2.bmp,preprocessed_results\16\16_2.bmp,15,15,15,0.9371758699417114,14,0.004076230339705944,0.9330996396020055,15|14|795|190|777,0.93717587|0.00407623|0.00166170|0.00156970|0.00102685,1,0.9371758699417114,True,15,0.9371758699417114,True,15,0.8461008667945862,True,15,0.8468760848045349,True,15,0.8123117089271545,True,c12_correct
16,17,17_4.bmp,preprocessed_results\17\17_4.bmp,16,16,16,0.33757147192955017,237,0.01733512431383133,0.32023634761571884,16|237|232|167|82,0.33757147|0.01733512|0.01437153|0.01231415|0.01219629,1,0.33757147192955017,True,16,0.33757147192955017,True,16,0.3511635661125183,True,16,0.8122283220291138,True,16,0.4472997188568115,True,c12_correct
17,18,18_7.bmp,preprocessed_results\18\18_7.bmp,17,17,17,0.7947008609771729,811,0.005896029993891716,0.7888048309832811,17|811|243|149|543,0.79470086|0.00589603|0.00454047|0.00433531|0.00346281,1,0.7947008609771729,True,17,0.7947008609771729,True,17,0.1562063843011856,True,17,0.5694795250892639,True,17,0.3814961612224579,True,c12_correct
18,19,19_10.bmp,preprocessed_results\19\19_10.bmp,18,18,18,0.8813740611076355,19,0.016231175512075424,0.8651428855955601,18|19|135|58|166,0.88137406|0.01623118|0.00672502|0.00340456|0.00336413,1,0.8813740611076355,True,18,0.8813740611076355,True,18,0.7634387016296387,True,18,0.840829074382782,True,18,0.7625004649162292,True,c12_correct
19,20,20_8.bmp,preprocessed_results\20\20_8.bmp,19,19,19,0.6581301093101501,18,0.08943150192499161,0.5686986073851585,19|18|223|203|63,0.65813011|0.08943150|0.01322556|0.00608339|0.00437446,1,0.6581301093101501,True,19,0.6581301093101501,True,19,0.6597826480865479,True,19,0.8270338177680969,True,19,0.7015617489814758,True,c12_correct
20,21,21_4.bmp,preprocessed_results\21\21_4.bmp,20,20,20,0.9403817057609558,21,0.008191491477191448,0.9321902142837644,20|21|159|290|225,0.94038171|0.00819149|0.00212692|0.00189689|0.00159419,1,0.9403817057609558,True,20,0.9403817057609558,True,20,0.9255138635635376,True,20,0.8117364048957825,True,20,0.8344922065734863,True,c12_correct
21,22,22_10.bmp,preprocessed_results\22\22_10.bmp,21,21,21,0.8595771193504333,275,0.008394068107008934,0.8511830512434244,21|275|746|92|290,0.85957712|0.00839407|0.00817768|0.00669937|0.00344485,1,0.8595771193504333,True,21,0.8595771193504333,True,21,0.6421736478805542,True,21,0.8118278384208679,True,21,0.617303729057312,True,c12_correct
22,23,23_1.bmp,preprocessed_results\23\23_1.bmp,22,22,22,0.6483078598976135,130,0.01998749189078808,0.6283203680068254,22|130|36|23|429,0.64830786|0.01998749|0.01009941|0.00866854|0.00847115,1,0.6483078598976135,True,22,0.6483078598976135,True,22,0.7866286039352417,True,22,0.8204826712608337,True,22,0.7457966804504395,True,c12_correct
23,24,24_3.bmp,preprocessed_results\24\24_3.bmp,23,23,23,0.8808531761169434,129,0.01562662608921528,0.8652265500277281,23|129|189|171|243,0.88085318|0.01562663|0.00218905|0.00186438|0.00161279,1,0.8808531761169434,True,23,0.8808531761169434,True,23,0.8302608132362366,True,23,0.8364779353141785,True,23,0.8065637350082397,True,c12_correct
24,25,25_6.bmp,preprocessed_results\25\25_6.bmp,24,24,24,0.8625022172927856,94,0.006427071522921324,0.8560751457698643,24|94|88|180|25,0.86250222|0.00642707|0.00461455|0.00313574|0.00282981,1,0.8625022172927856,True,24,0.8625022172927856,True,24,0.7651947140693665,True,24,0.8136984705924988,True,24,0.7999095320701599,True,c12_correct
25,26,26_7.bmp,preprocessed_results\26\26_7.bmp,25,25,25,0.2677362859249115,353,0.021843012422323227,0.24589327350258827,25|353|105|415|254,0.26773629|0.02184301|0.01417626|0.01334589|0.01258459,1,0.2677362859249115,True,25,0.2677362859249115,True,25,0.06464889645576477,True,25,0.7919244766235352,True,25,0.41483059525489807,True,c12_correct
26,27,27_3.bmp,preprocessed_results\27\27_3.bmp,26,26,26,0.8708703517913818,27,0.02280004322528839,0.8480703085660934,26|27|266|153|265,0.87087035|0.02280004|0.00601828|0.00568061|0.00382830,1,0.8708703517913818,True,26,0.8708703517913818,True,26,0.8164071440696716,True,26,0.8006393909454346,True,26,0.7260542511940002,True,c12_correct
27,28,28_10.bmp,preprocessed_results\28\28_10.bmp,27,27,27,0.9185084104537964,26,0.0060827541165053844,0.912425656337291,27|26|266|332|333,0.91850841|0.00608275|0.00248780|0.00201218|0.00141573,1,0.9185084104537964,True,27,0.9185084104537964,True,27,0.7906268835067749,True,27,0.8479205965995789,True,27,0.8497887253761292,True,c12_correct
28,29,29_2.bmp,preprocessed_results\29\29_2.bmp,28,28,28,0.7574132680892944,133,0.016194147989153862,0.7412191201001406,28|133|157|203|189,0.75741327|0.01619415|0.01377979|0.01047881|0.00989760,1,0.7574132680892944,True,28,0.7574132680892944,True,28,0.626236081123352,True,28,0.8167579174041748,True,28,0.6886655688285828,True,c12_correct
29,30,30_1.bmp,preprocessed_results\30\30_1.bmp,29,29,29,0.8684009313583374,28,0.030242720618844032,0.8381582107394934,29|28|303|157|15,0.86840093|0.03024272|0.00512709|0.00249986|0.00186337,1,0.8684009313583374,True,29,0.8684009313583374,True,29,0.5189663171768188,True,29,0.8354495763778687,True,29,0.6698707342147827,True,c12_correct
30,31,31_2.bmp,preprocessed_results\31\31_2.bmp,30,30,30,0.7728613018989563,247,0.01561750564724207,0.7572437962517142,30|247|31|315|195,0.77286130|0.01561751|0.00423808|0.00422786|0.00411699,1,0.7728613018989563,True,30,0.7728613018989563,True,30,0.6529351472854614,True,30,0.8002597093582153,True,30,0.6364003419876099,True,c12_correct
31,32,32_1.bmp,preprocessed_results\32\32_1.bmp,31,31,31,0.8509987592697144,30,0.017528917640447617,0.8334698416292667,31|30|649|270|648,0.85099876|0.01752892|0.00737793|0.00246146|0.00212284,1,0.8509987592697144,True,31,0.8509987592697144,True,31,0.7627430558204651,True,31,0.7920277714729309,True,31,0.45891278982162476,True,c12_correct
32,33,33_2.bmp,preprocessed_results\33\33_2.bmp,32,32,32,0.8999199271202087,305,0.009618493728339672,0.8903014333918691,32|305|89|210|317,0.89991993|0.00961849|0.00919490|0.00208645|0.00193224,1,0.8999199271202087,True,32,0.8999199271202087,True,32,0.7682380676269531,True,32,0.821094274520874,True,32,0.7448704242706299,True,c12_correct
33,34,34_9.bmp,preprocessed_results\34\34_9.bmp,33,33,33,0.8971389532089233,218,0.012575991451740265,0.8845629617571831,33|218|212|52|32,0.89713895|0.01257599|0.00474300|0.00335488|0.00322492,1,0.8971389532089233,True,33,0.8971389532089233,True,33,0.8822765946388245,True,33,0.848554253578186,True,33,0.8941352367401123,True,c12_correct
34,35,35_5.bmp,preprocessed_results\35\35_5.bmp,34,34,34,0.7174293994903564,137,0.021609678864479065,0.6958197206258774,34|137|136|200|411,0.71742940|0.02160968|0.01892204|0.01007825|0.00894801,1,0.7174293994903564,True,34,0.7174293994903564,True,34,0.7380006313323975,True,34,0.7965006828308105,True,34,0.6176049709320068,True,c12_correct
35,36,36_1.bmp,preprocessed_results\36\36_1.bmp,35,35,35,0.717464029788971,34,0.009992927312850952,0.70747110247612,35|34|484|556|33,0.71746403|0.00999293|0.00866067|0.00646352|0.00595532,1,0.717464029788971,True,35,0.717464029788971,True,35,0.6518524289131165,True,35,0.8184676766395569,True,35,0.49229666590690613,True,c12_correct
36,37,37_10.bmp,preprocessed_results\37\37_10.bmp,36,36,36,0.49160125851631165,37,0.013832216151058674,0.47776904236525297,36|37|291|818|290,0.49160126|0.01383222|0.01311938|0.00994680|0.00929249,1,0.49160125851631165,True,36,0.49160125851631165,True,36,0.38822150230407715,True,36,0.7999899983406067,True,36,0.727613091468811,True,c12_correct
37,38,38_8.bmp,preprocessed_results\38\38_8.bmp,37,37,37,0.1519165337085724,36,0.04866815358400345,0.10324838012456894,37|36|431|23|243,0.15191653|0.04866815|0.01683798|0.01557883|0.01492301,1,0.1519165337085724,True,37,0.1519165337085724,True,37,0.1673590987920761,True,37,0.7726715803146362,True,37,0.20163676142692566,True,c12_correct
38,39,39_4.bmp,preprocessed_results\39\39_4.bmp,38,38,38,0.2521067261695862,335,0.026117322966456413,0.22598940320312977,38|335|106|216|173,0.25210673|0.02611732|0.02510660|0.02008036|0.01792501,1,0.2521067261695862,True,38,0.2521067261695862,True,38,0.2230079174041748,True,38,0.5822464227676392,True,38,0.25276806950569153,True,c12_correct
39,40,40_4.bmp,preprocessed_results\40\40_4.bmp,39,39,39,0.7026965618133545,72,0.009048135951161385,0.6936484258621931,39|72|61|64|32,0.70269656|0.00904814|0.00667409|0.00599767|0.00397833,1,0.7026965618133545,True,39,0.7026965618133545,True,39,0.224213108420372,True,39,0.803942084312439,True,39,0.5198343992233276,True,c12_correct
40,41,41_2.bmp,preprocessed_results\41\41_2.bmp,40,40,40,0.7128191590309143,125,0.02365606650710106,0.6891630925238132,40|125|80|41|404,0.71281916|0.02365607|0.01705027|0.01688329|0.00561072,1,0.7128191590309143,True,40,0.7128191590309143,True,40,0.24941806495189667,True,40,0.7928423881530762,True,40,0.6868985295295715,True,c12_correct
41,42,42_10.bmp,preprocessed_results\42\42_10.bmp,41,41,41,0.8696972131729126,82,0.003000709693878889,0.8666965034790337,41|82|394|354|702,0.86969721|0.00300071|0.00250353|0.00199064|0.00197989,1,0.8696972131729126,True,41,0.8696972131729126,True,41,0.8734882473945618,True,41,0.8249853849411011,True,41,0.8626769185066223,True,c12_correct
42,43,43_1.bmp,preprocessed_results\43\43_1.bmp,42,42,42,0.7554530501365662,328,0.008089568465948105,0.7473634816706181,42|328|106|172|276,0.75545305|0.00808957|0.00657092|0.00562738|0.00544055,1,0.7554530501365662,True,42,0.7554530501365662,True,42,0.3920891582965851,True,42,0.8104299306869507,True,42,0.7076659798622131,True,c12_correct
43,44,44_10.bmp,preprocessed_results\44\44_10.bmp,43,43,43,0.8120651841163635,339,0.008184608072042465,0.8038805760443211,43|339|276|267|273,0.81206518|0.00818461|0.00421212|0.00299542|0.00282894,1,0.8120651841163635,True,43,0.8120651841163635,True,43,0.4377520680427551,True,43,0.8148924708366394,True,43,0.7492145895957947,True,c12_correct
44,45,45_6.bmp,preprocessed_results\45\45_6.bmp,44,44,44,0.4053134620189667,197,0.017199285328388214,0.38811417669057846,44|197|127|181|45,0.40531346|0.01719929|0.01371840|0.01319661|0.01169905,1,0.4053134620189667,True,44,0.4053134620189667,True,44,0.5076844096183777,True,44,0.748665452003479,True,44,0.5809341073036194,True,c12_correct
45,46,46_10.bmp,preprocessed_results\46\46_10.bmp,45,45,45,0.4749649167060852,44,0.044654686003923416,0.4303102307021618,45|44|32|197|294,0.47496492|0.04465469|0.01623669|0.01606330|0.01522149,1,0.4749649167060852,True,45,0.4749649167060852,True,45,0.3774649202823639,True,45,0.7789205312728882,True,45,0.4231581687927246,True,c12_correct
46,47,47_4.bmp,preprocessed_results\47\47_4.bmp,46,46,46,0.7763630747795105,138,0.005546162836253643,0.7708169119432569,46|138|638|295|411,0.77636307|0.00554616|0.00392505|0.00367277|0.00356722,1,0.7763630747795105,True,46,0.7763630747795105,True,46,0.6877673864364624,True,46,0.8202536106109619,True,46,0.7196124792098999,True,c12_correct
47,48,48_10.bmp,preprocessed_results\48\48_10.bmp,47,47,47,0.5438396334648132,811,0.04128538817167282,0.5025542452931404,47|811|568|810|241,0.54383963|0.04128539|0.01744878|0.01699715|0.01281039,1,0.5438396334648132,True,47,0.5438396334648132,True,47,0.605961263179779,True,47,0.8081603050231934,True,47,0.7619240283966064,True,c12_correct
48,49,49_4.bmp,preprocessed_results\49\49_4.bmp,48,48,48,0.7049938440322876,49,0.046989232301712036,0.6580046117305756,48|49|204|34|213,0.70499384|0.04698923|0.01098600|0.00778137|0.00611503,1,0.7049938440322876,True,48,0.7049938440322876,True,48,0.8156861066818237,True,48,0.8508113026618958,True,48,0.8228476643562317,True,c12_correct
49,50,50_6.bmp,preprocessed_results\50\50_6.bmp,49,49,49,0.7480471134185791,48,0.04207271710038185,0.7059743963181973,49|48|334|208|155,0.74804711|0.04207272|0.00852248|0.00501584|0.00417485,1,0.7480471134185791,True,49,0.7480471134185791,True,49,0.4845832586288452,True,49,0.7833954691886902,True,49,0.5612953901290894,True,c12_correct
50,51,51_1.bmp,preprocessed_results\51\51_1.bmp,50,50,50,0.10225334018468857,32,0.025263193994760513,0.07699014618992805,50|32|305|320|78,0.10225334|0.02526319|0.01908469|0.01845065|0.01296368,1,0.10225334018468857,True,50,0.10225334018468857,True,50,0.3544188439846039,True,50,0.7341454029083252,True,50,0.34317246079444885,True,c12_correct
51,52,52_10.bmp,preprocessed_results\52\52_10.bmp,51,51,51,0.8677870035171509,50,0.018948787823319435,0.8488382156938314,51|50|284|716|766,0.86778700|0.01894879|0.00397837|0.00310881|0.00193079,1,0.8677870035171509,True,51,0.8677870035171509,True,51,0.7491098642349243,True,51,0.8387874960899353,True,51,0.7764038443565369,True,c12_correct
52,53,53_8.bmp,preprocessed_results\53\53_8.bmp,52,52,52,0.4827412962913513,53,0.04265286773443222,0.4400884285569191,52|53|33|32|218,0.48274130|0.04265287|0.02051686|0.01830725|0.01432029,1,0.4827412962913513,True,52,0.4827412962913513,True,52,0.5507976412773132,True,52,0.7985531687736511,True,52,0.6830511093139648,True,c12_correct
53,54,54_6.bmp,preprocessed_results\54\54_6.bmp,53,53,53,0.9720869660377502,52,0.005282307974994183,0.9668046580627561,53|52|128|93|312,0.97208697|0.00528231|0.00302354|0.00066676|0.00060212,1,0.9720869660377502,True,53,0.9720869660377502,True,53,0.8920429944992065,True,53,0.8253206610679626,True,53,0.8081114888191223,True,c12_correct
54,55,55_7.bmp,preprocessed_results\55\55_7.bmp,54,54,54,0.8470441102981567,55,0.016782298684120178,0.8302618116140366,54|55|314|546|188,0.84704411|0.01678230|0.00498758|0.00399640|0.00331977,1,0.8470441102981567,True,54,0.8470441102981567,True,54,0.7777950763702393,True,54,0.8272848725318909,True,54,0.7903697490692139,True,c12_correct
55,56,56_10.bmp,preprocessed_results\56\56_10.bmp,55,55,55,0.9508010745048523,107,0.004408153705298901,0.9463929207995534,55|107|213|185|54,0.95080107|0.00440815|0.00171390|0.00126323|0.00125037,1,0.9508010745048523,True,55,0.9508010745048523,True,55,0.8364313244819641,True,55,0.818697452545166,True,55,0.7862163186073303,True,c12_correct
56,57,57_1.bmp,preprocessed_results\57\57_1.bmp,56,56,56,0.6686804294586182,114,0.02082228660583496,0.6478581428527832,56|114|833|70|562,0.66868043|0.02082229|0.00988306|0.00898708|0.00660516,1,0.6686804294586182,True,56,0.6686804294586182,True,56,0.18220864236354828,True,56,0.7715623378753662,True,56,0.6962523460388184,True,c12_correct
57,58,58_6.bmp,preprocessed_results\58\58_6.bmp,57,57,57,0.9048583507537842,56,0.0031957169994711876,0.901662633754313,57|56|279|247|832,0.90485835|0.00319572|0.00206447|0.00179361|0.00153629,1,0.9048583507537842,True,57,0.9048583507537842,True,57,0.49123674631118774,True,57,0.8275512456893921,True,57,0.6907556653022766,True,c12_correct
58,59,59_2.bmp,preprocessed_results\59\59_2.bmp,58,58,58,0.7652100920677185,18,0.014219810254871845,0.7509902818128467,58|18|451|59|212,0.76521009|0.01421981|0.00727361|0.00426482|0.00384429,1,0.7652100920677185,True,58,0.7652100920677185,True,58,0.5202440023422241,True,58,0.8225477933883667,True,58,0.7890242338180542,True,c12_correct
59,60,60_7.bmp,preprocessed_results\60\60_7.bmp,59,59,59,0.37040671706199646,190,0.046444911509752274,0.3239618055522442,59|190|271|565|200,0.37040672|0.04644491|0.01519187|0.01064357|0.00931657,1,0.37040671706199646,True,59,0.37040671706199646,True,59,0.5646008253097534,True,59,0.8154273629188538,True,59,0.6202681064605713,True,c12_correct
60,61,61_2.bmp,preprocessed_results\61\61_2.bmp,60,60,60,0.8529539108276367,61,0.0061128027737140656,0.8468411080539227,60|61|94|49|262,0.85295391|0.00611280|0.00547107|0.00396249|0.00371244,1,0.8529539108276367,True,60,0.8529539108276367,True,60,0.7853826880455017,True,60,0.7712644338607788,True,60,0.5907732248306274,True,c12_correct
61,62,62_4.bmp,preprocessed_results\62\62_4.bmp,61,61,61,0.9455446004867554,330,0.0034569911658763885,0.942087609320879,61|330|725|818|39,0.94554460|0.00345699|0.00237550|0.00166673|0.00165061,1,0.9455446004867554,True,61,0.9455446004867554,True,61,0.8814461827278137,True,61,0.798884928226471,True,61,0.8315823078155518,True,c12_correct
62,63,63_8.bmp,preprocessed_results\63\63_8.bmp,62,62,62,0.6576157212257385,188,0.026590261608362198,0.6310254596173763,62|188|63|267|270,0.65761572|0.02659026|0.02045552|0.00750759|0.00657497,1,0.6576157212257385,True,62,0.6576157212257385,True,62,0.476125031709671,True,62,0.8014726638793945,True,62,0.7636124491691589,True,c12_correct
63,64,64_10.bmp,preprocessed_results\64\64_10.bmp,63,63,63,0.7396935224533081,62,0.03344927728176117,0.7062442451715469,63|62|26|19|223,0.73969352|0.03344928|0.00978166|0.00555375|0.00409014,1,0.7396935224533081,True,63,0.7396935224533081,True,63,0.4559694230556488,True,63,0.8451396226882935,True,63,0.8261426687240601,True,c12_correct
64,65,65_6.bmp,preprocessed_results\65\65_6.bmp,64,64,64,0.36272022128105164,65,0.05954771861433983,0.3031725026667118,64|65|317|85|206,0.36272022|0.05954772|0.03470269|0.02117629|0.01461766,1,0.36272022128105164,True,64,0.36272022128105164,True,64,0.5273507237434387,True,64,0.7972436547279358,True,64,0.52939373254776,True,c12_correct
65,66,66_4.bmp,preprocessed_results\66\66_4.bmp,65,65,65,0.8420311212539673,93,0.022010525688529015,0.8200205955654383,65|93|798|1|85,0.84203112|0.02201053|0.00649066|0.00471313|0.00297508,1,0.8420311212539673,True,65,0.8420311212539673,True,65,0.6855688095092773,True,65,0.8091311454772949,True,65,0.740159809589386,True,c12_correct
66,67,67_4.bmp,preprocessed_results\67\67_4.bmp,66,66,66,0.6489916443824768,96,0.01586204208433628,0.6331296022981405,66|96|67|218|250,0.64899164|0.01586204|0.01041808|0.00978673|0.00945570,1,0.6489916443824768,True,66,0.6489916443824768,True,66,0.8472670316696167,True,66,0.7875736951828003,True,66,0.7049486637115479,True,c12_correct
67,68,68_7.bmp,preprocessed_results\68\68_7.bmp,67,67,67,0.6975902318954468,440,0.013831637799739838,0.6837585940957069,67|440|494|66|75,0.69759023|0.01383164|0.01034404|0.00773423|0.00604610,1,0.6975902318954468,True,67,0.6975902318954468,True,67,0.8217620849609375,True,67,0.8229901194572449,True,67,0.7200608253479004,True,c12_correct
68,69,69_2.bmp,preprocessed_results\69\69_2.bmp,68,68,68,0.06585082411766052,315,0.04126369580626488,0.024587128311395645,68|315|83|434|314,0.06585082|0.04126370|0.02667193|0.01376213|0.01155389,1,0.06585082411766052,True,68,0.06585082411766052,True,68,0.026988841593265533,True,68,0.7519341111183167,True,68,0.14163829386234283,True,c12_correct
69,70,70_5.bmp,preprocessed_results\70\70_5.bmp,69,69,69,0.8862359523773193,305,0.013124099932610989,0.8731118524447083,69|305|68|295|75,0.88623595|0.01312410|0.00814708|0.00276309|0.00205694,1,0.8862359523773193,True,69,0.8862359523773193,True,69,0.8746724128723145,True,69,0.8396960496902466,True,69,0.7727867364883423,True,c12_correct
70,71,71_8.bmp,preprocessed_results\71\71_8.bmp,70,70,70,0.8451944589614868,134,0.006729245651513338,0.8384652133099735,70|134|276|505|483,0.84519446|0.00672925|0.00622030|0.00507350|0.00497550,1,0.8451944589614868,True,70,0.8451944589614868,True,70,0.7841553092002869,True,70,0.7792479991912842,True,70,0.6955704092979431,True,c12_correct
71,72,72_3.bmp,preprocessed_results\72\72_3.bmp,71,71,71,0.8175430297851562,79,0.004393328912556171,0.8131497008726001,71|79|109|573|304,0.81754303|0.00439333|0.00346626|0.00332526|0.00319045,1,0.8175430297851562,True,71,0.8175430297851562,True,71,0.7174938321113586,True,71,0.8179856538772583,True,71,0.758594810962677,True,c12_correct
72,73,73_7.bmp,preprocessed_results\73\73_7.bmp,72,72,72,0.8703681230545044,39,0.012448521330952644,0.8579196017235518,72|39|103|66|219,0.87036812|0.01244852|0.00434902|0.00332762|0.00296765,1,0.8703681230545044,True,72,0.8703681230545044,True,72,0.8958276510238647,True,72,0.8229001760482788,True,72,0.747757613658905,True,c12_correct
73,74,74_10.bmp,preprocessed_results\74\74_10.bmp,73,73,73,0.9528962969779968,72,0.004471199586987495,0.9484250973910093,73|72|531|832|221,0.95289630|0.00447120|0.00215428|0.00146757|0.00086767,1,0.9528962969779968,True,73,0.9528962969779968,True,73,0.7160604596138,True,73,0.8188269138336182,True,73,0.8023044466972351,True,c12_correct
74,75,75_10.bmp,preprocessed_results\75\75_10.bmp,74,74,74,0.8305261135101318,413,0.004809815902262926,0.8257162976078689,74|413|33|75|386,0.83052611|0.00480982|0.00408711|0.00341283|0.00288927,1,0.8305261135101318,True,74,0.8305261135101318,True,74,0.8527525067329407,True,74,0.8163149356842041,True,74,0.7581993341445923,True,c12_correct
75,76,76_5.bmp,preprocessed_results\76\76_5.bmp,75,75,75,0.12220972031354904,45,0.0286855548620224,0.09352416545152664,75|45|173|91|19,0.12220972|0.02868555|0.02529386|0.02336133|0.02317139,1,0.12220972031354904,True,75,0.12220972031354904,True,75,0.2246255725622177,True,75,0.7689766883850098,True,75,0.4210888147354126,True,c12_correct
76,77,77_7.bmp,preprocessed_results\77\77_7.bmp,76,76,76,0.6668884754180908,165,0.03226238489151001,0.6346260905265808,76|165|211|344|156,0.66688848|0.03226238|0.01216196|0.01122249|0.01055226,1,0.6668884754180908,True,76,0.6668884754180908,True,76,0.8419529795646667,True,76,0.8249607086181641,True,76,0.7500277161598206,True,c12_correct
77,78,78_8.bmp,preprocessed_results\78\78_8.bmp,77,77,77,0.7034078240394592,76,0.04793896898627281,0.6554688550531864,77|76|144|139|199,0.70340782|0.04793897|0.00915467|0.00638247|0.00600468,1,0.7034078240394592,True,77,0.7034078240394592,True,77,0.7245749831199646,True,77,0.8255394101142883,True,77,0.7718297839164734,True,c12_correct
78,79,79_10.bmp,preprocessed_results\79\79_10.bmp,78,78,78,0.9351767301559448,188,0.0030595390126109123,0.9321171911433339,78|188|32|91|79,0.93517673|0.00305954|0.00248782|0.00173347|0.00170363,1,0.9351767301559448,True,78,0.9351767301559448,True,78,0.8185819983482361,True,78,0.8190589547157288,True,78,0.7982648611068726,True,c12_correct
79,80,80_7.bmp,preprocessed_results\80\80_7.bmp,79,79,79,0.8675782680511475,83,0.01852385699748993,0.8490544110536575,79|83|211|54|281,0.86757827|0.01852386|0.01500115|0.00303421|0.00293443,1,0.8675782680511475,True,79,0.8675782680511475,True,79,0.7811741232872009,True,79,0.8437343835830688,True,79,0.7179116606712341,True,c12_correct
80,81,81_9.bmp,preprocessed_results\81\81_9.bmp,80,80,80,0.791359543800354,396,0.00618872232735157,0.7851708214730024,80|396|362|466|533,0.79135954|0.00618872|0.00538147|0.00501459|0.00450658,1,0.791359543800354,True,80,0.791359543800354,True,80,0.8158132433891296,True,80,0.8460924625396729,True,80,0.7770246863365173,True,c12_correct
81,82,82_7.bmp,preprocessed_results\82\82_7.bmp,81,81,81,0.9213716387748718,774,0.0042999014258384705,0.9170717373490334,81|774|543|545|123,0.92137164|0.00429990|0.00340600|0.00251594|0.00188021,1,0.9213716387748718,True,81,0.9213716387748718,True,81,0.7951616048812866,True,81,0.8131719827651978,True,81,0.7468585968017578,True,c12_correct
82,83,83_4.bmp,preprocessed_results\83\83_4.bmp,82,82,82,0.715548038482666,197,0.08163363486528397,0.633914403617382,82|197|155|57|25,0.71554804|0.08163363|0.00868303|0.00667890|0.00649664,1,0.715548038482666,True,82,0.715548038482666,True,82,0.2235851287841797,True,82,0.7997211813926697,True,82,0.4985150098800659,True,c12_correct
83,84,84_6.bmp,preprocessed_results\84\84_6.bmp,83,83,83,0.1310572773218155,82,0.06650680303573608,0.0645504742860794,83|82|41|197|27,0.13105728|0.06650680|0.02732076|0.02101402|0.01377908,1,0.1310572773218155,True,83,0.1310572773218155,True,83,0.36072197556495667,True,83,0.7975923418998718,True,83,0.5456641912460327,True,c12_correct
84,85,85_3.bmp,preprocessed_results\85\85_3.bmp,84,84,84,0.9491873979568481,85,0.007405438460409641,0.9417819594964385,84|85|330|243|104,0.94918740|0.00740544|0.00169668|0.00085879|0.00065372,1,0.9491873979568481,True,84,0.9491873979568481,True,84,0.8762915730476379,True,84,0.8383473753929138,True,84,0.8841228485107422,True,c12_correct
85,86,86_7.bmp,preprocessed_results\86\86_7.bmp,85,85,85,0.27530941367149353,84,0.06095398962497711,0.21435542404651642,85|84|762|250|46,0.27530941|0.06095399|0.01476608|0.01320910|0.01224100,1,0.27530941367149353,True,85,0.27530941367149353,True,85,0.032001130282878876,True,85,0.7507665753364563,True,85,0.21948964893817902,True,c12_correct
86,87,87_4.bmp,preprocessed_results\87\87_4.bmp,86,86,86,0.8596181869506836,87,0.019820338115096092,0.8397978488355875,86|87|98|198|552,0.85961819|0.01982034|0.00272846|0.00177134|0.00139481,1,0.8596181869506836,True,86,0.8596181869506836,True,86,0.46734973788261414,True,86,0.7750694751739502,True,86,0.6007105708122253,True,c12_correct
87,88,88_7.bmp,preprocessed_results\88\88_7.bmp,87,87,87,0.7238674759864807,86,0.07361806184053421,0.6502494141459465,87|86|198|244|26,0.72386748|0.07361806|0.00901204|0.00863970|0.00390128,1,0.7238674759864807,True,87,0.7238674759864807,True,87,0.7911491990089417,True,87,0.8361907601356506,True,87,0.7942354083061218,True,c12_correct
88,89,89_2.bmp,preprocessed_results\89\89_2.bmp,88,88,88,0.8013060092926025,18,0.01450792234390974,0.7867980869486928,88|18|8|497|156,0.80130601|0.01450792|0.01066326|0.00969256|0.00594257,1,0.8013060092926025,True,88,0.8013060092926025,True,88,0.6978532671928406,True,88,0.80516117811203,True,88,0.6853646636009216,True,c12_correct
89,90,90_10.bmp,preprocessed_results\90\90_10.bmp,89,89,89,0.1409440040588379,171,0.020839719101786613,0.12010428495705128,89|171|83|267|288,0.14094400|0.02083972|0.01723243|0.01392110|0.01386485,1,0.1409440040588379,True,89,0.1409440040588379,True,89,0.3164088726043701,True,89,0.8305042386054993,True,89,0.40172386169433594,True,c12_correct
90,91,91_8.bmp,preprocessed_results\91\91_8.bmp,90,90,90,0.9124059081077576,91,0.010423415340483189,0.9019824927672744,90|91|78|347|173,0.91240591|0.01042342|0.00150435|0.00148140|0.00135340,1,0.9124059081077576,True,90,0.9124059081077576,True,90,0.8476839065551758,True,90,0.8359744548797607,True,90,0.7084757685661316,True,c12_correct
91,92,92_9.bmp,preprocessed_results\92\92_9.bmp,91,91,91,0.7352699637413025,90,0.051675450056791306,0.6835945136845112,91|90|254|496|78,0.73526996|0.05167545|0.00932604|0.00740553|0.00662321,1,0.7352699637413025,True,91,0.7352699637413025,True,91,0.7135505676269531,True,91,0.8198827505111694,True,91,0.7364636063575745,True,c12_correct
92,93,93_4.bmp,preprocessed_results\93\93_4.bmp,92,92,92,0.687252402305603,158,0.009771711193025112,0.6774806911125779,92|158|321|151|658,0.68725240|0.00977171|0.00927108|0.00673439|0.00578940,1,0.687252402305603,True,92,0.687252402305603,True,92,0.8777135610580444,True,92,0.8404753804206848,True,92,0.7434505224227905,True,c12_correct
93,94,94_6.bmp,preprocessed_results\94\94_6.bmp,93,93,93,0.6689213514328003,92,0.049249183386564255,0.619672168046236,93|92|187|151|120,0.66892135|0.04924918|0.02329018|0.00782028|0.00490014,1,0.6689213514328003,True,93,0.6689213514328003,True,93,0.57289719581604,True,93,0.826086699962616,True,93,0.8152825236320496,True,c12_correct
94,95,95_7.bmp,preprocessed_results\95\95_7.bmp,94,94,94,0.9169219136238098,413,0.003738312516361475,0.9131836011074483,94|413|18|24|203,0.91692191|0.00373831|0.00345118|0.00326875|0.00305774,1,0.9169219136238098,True,94,0.9169219136238098,True,94,0.8332896828651428,True,94,0.8332309126853943,True,94,0.7720972895622253,True,c12_correct
95,96,96_8.bmp,preprocessed_results\96\96_8.bmp,95,95,95,0.8995696306228638,134,0.004909473937004805,0.894660156685859,95|134|382|178|294,0.89956963|0.00490947|0.00345991|0.00239279|0.00169173,1,0.8995696306228638,True,95,0.8995696306228638,True,95,0.7778681516647339,True,95,0.7915501594543457,True,95,0.7649679780006409,True,c12_correct
96,97,97_9.bmp,preprocessed_results\97\97_9.bmp,96,96,96,0.3590085506439209,250,0.016873305663466454,0.34213524498045444,96|250|7|206|131,0.35900855|0.01687331|0.01411782|0.00934910|0.00918913,1,0.3590085506439209,True,96,0.3590085506439209,True,96,0.09452249109745026,True,96,0.7569231390953064,True,96,0.6545661091804504,True,c12_correct
97,98,98_7.bmp,preprocessed_results\98\98_7.bmp,97,97,97,0.730869472026825,157,0.006880349479615688,0.7239891225472093,97|157|1|28|96,0.73086947|0.00688035|0.00476900|0.00431392|0.00405450,1,0.730869472026825,True,97,0.730869472026825,True,97,0.34083837270736694,True,97,0.7955737113952637,True,97,0.581470787525177,True,c12_correct
98,99,99_3.bmp,preprocessed_results\99\99_3.bmp,98,98,98,0.8103495240211487,66,0.009393640793859959,0.8009558832272887,98|66|250|139|332,0.81034952|0.00939364|0.00459225|0.00430303|0.00251275,1,0.8103495240211487,True,98,0.8103495240211487,True,98,0.8331804275512695,True,98,0.8251369595527649,True,98,0.8091744780540466,True,c12_correct
99,100,100_4.bmp,preprocessed_results\100\100_4.bmp,99,99,99,0.8818235993385315,279,0.0035347023513168097,0.8782888969872147,99|279|163|661|269,0.88182360|0.00353470|0.00325621|0.00247401|0.00145353,1,0.8818235993385315,True,99,0.8818235993385315,True,99,0.8797392249107361,True,99,0.8287761807441711,True,99,0.6222241520881653,True,c12_correct
100,101,101_5.bmp,preprocessed_results\101\101_5.bmp,100,100,100,0.805668294429779,101,0.008036895655095577,0.7976313987746835,100|101|486|4|262,0.80566829|0.00803690|0.00321937|0.00301564|0.00292805,1,0.805668294429779,True,100,0.805668294429779,True,100,0.3956323564052582,True,100,0.7405723333358765,True,100,0.7262161374092102,True,c12_correct
101,102,102_4.bmp,preprocessed_results\102\102_4.bmp,101,101,101,0.9545949101448059,325,0.0019380145240575075,0.9526568956207484,101|325|100|107|49,0.95459491|0.00193801|0.00076589|0.00075480|0.00063430,1,0.9545949101448059,True,101,0.9545949101448059,True,101,0.902595579624176,True,101,0.8511186242103577,True,101,0.7943485975265503,True,c12_correct
102,103,103_6.bmp,preprocessed_results\103\103_6.bmp,102,102,102,0.5705849528312683,801,0.01701447367668152,0.5535704791545868,102|801|103|42|218,0.57058495|0.01701447|0.01655166|0.01125491|0.00996230,1,0.5705849528312683,True,102,0.5705849528312683,True,102,0.6483811140060425,True,102,0.7950174808502197,True,102,0.4758383333683014,True,c12_correct
103,104,104_8.bmp,preprocessed_results\104\104_8.bmp,103,103,103,0.614564061164856,102,0.11114126443862915,0.5034227967262268,103|102|373|605|599,0.61456406|0.11114126|0.00926851|0.00570002|0.00465890,1,0.614564061164856,True,103,0.614564061164856,True,103,0.14023493230342865,True,103,0.7945865988731384,True,103,0.48975270986557007,True,c12_correct
104,105,105_4.bmp,preprocessed_results\105\105_4.bmp,104,104,104,0.7705674171447754,50,0.04273426532745361,0.7278331518173218,104|50|771|391|130,0.77056742|0.04273427|0.01172103|0.00341927|0.00326707,1,0.7705674171447754,True,104,0.7705674171447754,True,104,0.66318678855896,True,104,0.7871723175048828,True,104,0.5598569512367249,True,c12_correct
105,106,106_4.bmp,preprocessed_results\106\106_4.bmp,105,105,105,0.6345621943473816,104,0.013621016405522823,0.6209411779418588,105|104|154|262|168,0.63456219|0.01362102|0.01153144|0.00739572|0.00711784,1,0.6345621943473816,True,105,0.6345621943473816,True,105,0.7331260442733765,True,105,0.8437362313270569,True,105,0.7526111006736755,True,c12_correct
106,107,107_10.bmp,preprocessed_results\107\107_10.bmp,106,106,106,0.6773794889450073,56,0.010458811186254025,0.6669206777587533,106|56|10|42|328,0.67737949|0.01045881|0.00761645|0.00749490|0.00673199,1,0.6773794889450073,True,106,0.6773794889450073,True,106,0.5406783819198608,True,106,0.7941035628318787,True,106,0.4922419488430023,True,c12_correct
107,108,108_7.bmp,preprocessed_results\108\108_7.bmp,107,107,107,0.940518856048584,55,0.0018030597129836679,0.9387157963356003,107|55|279|192|366,0.94051886|0.00180306|0.00163912|0.00153453|0.00129851,1,0.940518856048584,True,107,0.940518856048584,True,107,0.8775529861450195,True,107,0.8353186249732971,True,107,0.7888235449790955,True,c12_correct
108,109,109_10.bmp,preprocessed_results\109\109_10.bmp,108,108,108,0.9130306839942932,109,0.020787417888641357,0.8922432661056519,108|109|817|330|112,0.91303068|0.02078742|0.00218574|0.00214107|0.00194280,1,0.9130306839942932,True,108,0.9130306839942932,True,108,0.8457583785057068,True,108,0.8356016874313354,True,108,0.8565263748168945,True,c12_correct
109,110,110_9.bmp,preprocessed_results\110\110_9.bmp,109,109,109,0.7444150447845459,773,0.007224085740745068,0.7371909590438008,109|773|108|605|63,0.74441504|0.00722409|0.00711284|0.00595313|0.00365201,1,0.7444150447845459,True,109,0.7444150447845459,True,109,0.827057421207428,True,109,0.8375621438026428,True,109,0.7923041582107544,True,c12_correct
110,111,111_7.bmp,preprocessed_results\111\111_7.bmp,110,110,110,0.9072966575622559,111,0.006212110165506601,0.9010845473967493,110|111|46|189|728,0.90729666|0.00621211|0.00269665|0.00190230|0.00169538,1,0.9072966575622559,True,110,0.9072966575622559,True,110,0.8151899576187134,True,110,0.8302757740020752,True,110,0.7916369438171387,True,c12_correct
111,112,112_1.bmp,preprocessed_results\112\112_1.bmp,111,111,111,0.8758856058120728,110,0.007613433059304953,0.8682721727527678,111|110|787|161|622,0.87588561|0.00761343|0.00472244|0.00371201|0.00276718,1,0.8758856058120728,True,111,0.8758856058120728,True,111,0.7532030344009399,True,111,0.832529604434967,True,111,0.8635942339897156,True,c12_correct
112,113,113_2.bmp,preprocessed_results\113\113_2.bmp,112,112,112,0.8932018876075745,113,0.01670934446156025,0.8764925431460142,112|113|118|795|105,0.89320189|0.01670934|0.00264036|0.00153869|0.00147337,1,0.8932018876075745,True,112,0.8932018876075745,True,112,0.8074002861976624,True,112,0.8285282254219055,True,112,0.789537250995636,True,c12_correct
113,114,114_1.bmp,preprocessed_results\114\114_1.bmp,113,113,113,0.8651683330535889,112,0.06545516848564148,0.7997131645679474,113|112|41|209|118,0.86516833|0.06545517|0.00351570|0.00315858|0.00247573,1,0.8651683330535889,True,113,0.8651683330535889,True,113,0.8869433403015137,True,113,0.8477755784988403,True,113,0.8546180129051208,True,c12_correct
114,115,115_5.bmp,preprocessed_results\115\115_5.bmp,114,114,114,0.8852689862251282,294,0.006677697878330946,0.8785912883467972,114|294|115|247|144,0.88526899|0.00667770|0.00430446|0.00420577|0.00233566,1,0.8852689862251282,True,114,0.8852689862251282,True,114,0.858517050743103,True,114,0.8238390684127808,True,114,0.7999060750007629,True,c12_correct
115,116,116_8.bmp,preprocessed_results\116\116_8.bmp,115,115,115,0.6709807515144348,114,0.028945958241820335,0.6420347932726145,115|114|77|699|142,0.67098075|0.02894596|0.00834935|0.00661529|0.00584266,1,0.6709807515144348,True,115,0.6709807515144348,True,115,0.8030570149421692,True,115,0.823432981967926,True,115,0.8693581223487854,True,c12_correct
116,117,117_6.bmp,preprocessed_results\117\117_6.bmp,116,116,116,0.7853135466575623,117,0.07916004210710526,0.706153504550457,116|117|282|152|832,0.78531355|0.07916004|0.00436199|0.00329568|0.00287413,1,0.7853135466575623,True,116,0.7853135466575623,True,116,0.5297648310661316,True,116,0.8277447819709778,True,116,0.5974102020263672,True,c12_correct
117,118,118_1.bmp,preprocessed_results\118\118_1.bmp,117,117,117,0.4325926899909973,116,0.028145119547843933,0.4044475704431534,117|116|221|143|665,0.43259269|0.02814512|0.02568596|0.01624973|0.01448230,1,0.4325926899909973,True,117,0.4325926899909973,True,117,0.19313696026802063,True,117,0.768704891204834,True,117,0.4743545949459076,True,c12_correct
118,119,119_9.bmp,preprocessed_results\119\119_9.bmp,118,118,118,0.5897186994552612,288,0.03496550768613815,0.5547531917691231,118|288|36|137|128,0.58971870|0.03496551|0.01436407|0.01156280|0.01029114,1,0.5897186994552612,True,118,0.5897186994552612,True,118,0.6040449738502502,True,118,0.7981835603713989,True,118,0.6394839882850647,True,c12_correct
119,120,120_7.bmp,preprocessed_results\120\120_7.bmp,119,119,119,0.7775275111198425,288,0.013620671816170216,0.7639068393036723,119|288|118|62|217,0.77752751|0.01362067|0.00799340|0.00735770|0.00454196,1,0.7775275111198425,True,119,0.7775275111198425,True,119,0.4365595579147339,True,119,0.8015689849853516,True,119,0.6659476161003113,True,c12_correct
120,121,121_7.bmp,preprocessed_results\121\121_7.bmp,120,120,120,0.7308950424194336,274,0.009250844828784466,0.7216441975906491,120|274|533|121|151,0.73089504|0.00925084|0.00542960|0.00495312|0.00372471,1,0.7308950424194336,True,120,0.7308950424194336,True,120,0.24567803740501404,True,120,0.8141081929206848,True,120,0.5666559338569641,True,c12_correct
121,122,122_4.bmp,preprocessed_results\122\122_4.bmp,121,121,121,0.8680093288421631,120,0.00432530976831913,0.863684019073844,121|120|40|711|26,0.86800933|0.00432531|0.00396739|0.00254200|0.00197136,1,0.8680093288421631,True,121,0.8680093288421631,True,121,0.8331889510154724,True,121,0.8172509074211121,True,121,0.7588832974433899,True,c12_correct
122,123,123_9.bmp,preprocessed_results\123\123_9.bmp,122,122,122,0.9116834998130798,123,0.009974075481295586,0.9017094243317842,122|123|180|214|223,0.91168350|0.00997408|0.00389580|0.00125461|0.00124588,1,0.9116834998130798,True,122,0.9116834998130798,True,122,0.871587336063385,True,122,0.8455568552017212,True,122,0.872175395488739,True,c12_correct
123,124,124_9.bmp,preprocessed_results\124\124_9.bmp,123,123,123,0.8111200332641602,250,0.007989613339304924,0.8031304199248552,123|250|263|207|96,0.81112003|0.00798961|0.00444927|0.00382527|0.00323412,1,0.8111200332641602,True,123,0.8111200332641602,True,123,0.8018882274627686,True,123,0.8397006392478943,True,123,0.80231773853302,True,c12_correct
124,125,125_9.bmp,preprocessed_results\125\125_9.bmp,124,124,124,0.48633038997650146,125,0.04208776354789734,0.4442426264286041,124|125|231|185|82,0.48633039|0.04208776|0.01906627|0.01493589|0.01399738,1,0.48633038997650146,True,124,0.48633038997650146,True,124,0.5464208126068115,True,124,0.7816704511642456,True,124,0.5780638456344604,True,c12_correct
125,126,126_9.bmp,preprocessed_results\126\126_9.bmp,125,125,125,0.9169187545776367,124,0.01635841093957424,0.9005603436380625,125|124|247|229|231,0.91691875|0.01635841|0.00248369|0.00184727|0.00149889,1,0.9169187545776367,True,125,0.9169187545776367,True,125,0.6981365084648132,True,125,0.8288835883140564,True,125,0.7750445008277893,True,c12_correct
126,127,127_2.bmp,preprocessed_results\127\127_2.bmp,126,126,126,0.714582622051239,246,0.02167317271232605,0.692909449338913,126|246|247|328|216,0.71458262|0.02167317|0.02023709|0.01179299|0.00545551,1,0.714582622051239,True,126,0.714582622051239,True,126,0.8147421479225159,True,126,0.8071259260177612,True,126,0.8581547737121582,True,c12_correct
127,128,128_4.bmp,preprocessed_results\128\128_4.bmp,127,127,127,0.8993654251098633,145,0.00612111110240221,0.8932443140074611,127|145|652|126|294,0.89936543|0.00612111|0.00131211|0.00122162|0.00121443,1,0.8993654251098633,True,127,0.8993654251098633,True,127,0.8600190877914429,True,127,0.801263689994812,True,127,0.7618902325630188,True,c12_correct
128,129,129_8.bmp,preprocessed_results\129\129_8.bmp,128,128,128,0.9680560231208801,52,0.0024892385117709637,0.9655667846091092,128|52|53|253|217,0.96805602|0.00248924|0.00205399|0.00076716|0.00061841,1,0.9680560231208801,True,128,0.9680560231208801,True,128,0.9176016449928284,True,128,0.8296204805374146,True,128,0.8694758415222168,True,c12_correct
129,130,130_7.bmp,preprocessed_results\130\130_7.bmp,129,129,129,0.6649702787399292,209,0.012656060047447681,0.6523142186924815,129|209|128|778|243,0.66497028|0.01265606|0.00919870|0.00862315|0.00830200,1,0.6649702787399292,True,129,0.6649702787399292,True,129,0.5872846841812134,True,129,0.8207898139953613,True,129,0.7634854912757874,True,c12_correct
130,131,131_7.bmp,preprocessed_results\131\131_7.bmp,130,130,130,0.8084800839424133,104,0.011197984218597412,0.7972820997238159,130|104|131|735|22,0.80848008|0.01119798|0.00712191|0.00542918|0.00464231,1,0.8084800839424133,True,130,0.8084800839424133,True,130,0.7277887463569641,True,130,0.8364720940589905,True,130,0.7359280586242676,True,c12_correct
131,132,132_6.bmp,preprocessed_results\132\132_6.bmp,131,131,131,0.9573285579681396,130,0.0024894329253584146,0.9548391250427812,131|130|48|281|22,0.95732856|0.00248943|0.00138350|0.00116963|0.00067756,1,0.9573285579681396,True,131,0.9573285579681396,True,131,0.8703324794769287,True,131,0.8311718106269836,True,131,0.8959197998046875,True,c12_correct
132,133,133_3.bmp,preprocessed_results\133\133_3.bmp,132,132,132,0.900982141494751,133,0.0038825629744678736,0.8970995785202831,132|133|12|207|383,0.90098214|0.00388256|0.00344583|0.00292850|0.00222982,1,0.900982141494751,True,132,0.900982141494751,True,132,0.868712842464447,True,132,0.8296734094619751,True,132,0.8229104280471802,True,c12_correct
133,134,134_6.bmp,preprocessed_results\134\134_6.bmp,133,133,133,0.8013308048248291,132,0.017799777910113335,0.7835310269147158,133|132|715|157|304,0.80133080|0.01779978|0.00437670|0.00337477|0.00295822,1,0.8013308048248291,True,133,0.8013308048248291,True,133,0.7530146837234497,True,133,0.8402273654937744,True,133,0.7523941993713379,True,c12_correct
134,135,135_3.bmp,preprocessed_results\135\135_3.bmp,134,134,134,0.5531921982765198,479,0.0374530628323555,0.5157391354441643,134|479|548|114|483,0.55319220|0.03745306|0.02094231|0.01020818|0.00735246,1,0.5531921982765198,True,134,0.5531921982765198,True,134,0.20827709138393402,True,134,0.7575277090072632,True,134,0.4385334551334381,True,c12_correct
135,136,136_1.bmp,preprocessed_results\136\136_1.bmp,135,135,135,0.912867546081543,264,0.002503925235942006,0.910363620845601,135|264|208|75|28,0.91286755|0.00250393|0.00226615|0.00170479|0.00148010,1,0.912867546081543,True,135,0.912867546081543,True,135,0.6060073375701904,True,135,0.7870514988899231,True,135,0.4044603407382965,True,c12_correct
136,137,137_9.bmp,preprocessed_results\137\137_9.bmp,136,136,136,0.6438796520233154,137,0.021782344207167625,0.6220973078161478,136|137|16|177|238,0.64387965|0.02178234|0.02110282|0.01056320|0.00867783,1,0.6438796520233154,True,136,0.6438796520233154,True,136,0.4424760639667511,True,136,0.8150215744972229,True,136,0.6663075685501099,True,c12_correct
137,138,138_10.bmp,preprocessed_results\138\138_10.bmp,137,137,137,0.9225610494613647,136,0.014127586036920547,0.9084334634244442,137|136|521|216|34,0.92256105|0.01412759|0.00149381|0.00139162|0.00135300,1,0.9225610494613647,True,137,0.9225610494613647,True,137,0.6915363669395447,True,137,0.8016167283058167,True,137,0.7315720319747925,True,c12_correct
138,139,139_4.bmp,preprocessed_results\139\139_4.bmp,138,138,138,0.8059492707252502,190,0.005581337492913008,0.8003679332323372,138|190|560|409|819,0.80594927|0.00558134|0.00500882|0.00368759|0.00345645,1,0.8059492707252502,True,138,0.8059492707252502,True,138,0.6187554001808167,True,138,0.8126793503761292,True,138,0.7880300879478455,True,c12_correct
139,140,140_2.bmp,preprocessed_results\140\140_2.bmp,139,139,139,0.3598380386829376,268,0.019457470625638962,0.34038056805729866,139|268|434|780|69,0.35983804|0.01945747|0.01913279|0.01738637|0.01525352,1,0.3598380386829376,True,139,0.3598380386829376,True,139,0.6756494641304016,True,139,0.8272345066070557,True,139,0.6089816689491272,True,c12_correct
140,141,141_4.bmp,preprocessed_results\141\141_4.bmp,140,140,140,0.09666769951581955,315,0.047182172536849976,0.049485526978969574,140|315|141|564|494,0.09666770|0.04718217|0.03343560|0.02994679|0.02940694,1,0.09666769951581955,True,140,0.09666769951581955,True,141,0.022094620391726494,False,140,0.7283158302307129,True,140,0.06530822813510895,True,c12_correct
141,142,142_7.bmp,preprocessed_results\142\142_7.bmp,141,141,141,0.7938154935836792,299,0.02846180461347103,0.7653536889702082,141|299|140|155|154,0.79381549|0.02846180|0.00608853|0.00587194|0.00461841,1,0.7938154935836792,True,141,0.7938154935836792,True,141,0.8705301880836487,True,141,0.7959815859794617,True,141,0.6441239714622498,True,c12_correct
142,143,143_9.bmp,preprocessed_results\143\143_9.bmp,142,142,142,0.967168927192688,333,0.0013174352934584022,0.9658514918992296,142|333|271|272|691,0.96716893|0.00131744|0.00103170|0.00081367|0.00069544,1,0.967168927192688,True,142,0.967168927192688,True,142,0.8433498740196228,True,142,0.8188344836235046,True,142,0.8558642268180847,True,c12_correct
143,144,144_6.bmp,preprocessed_results\144\144_6.bmp,143,143,143,0.7579305768013,564,0.01469939760863781,0.7432311791926622,143|564|273|270|144,0.75793058|0.01469940|0.00885604|0.00850779|0.00644145,1,0.7579305768013,True,143,0.7579305768013,True,143,0.6582048535346985,True,143,0.8093852400779724,True,143,0.750218391418457,True,c12_correct
144,145,145_10.bmp,preprocessed_results\145\145_10.bmp,144,144,144,0.8686907887458801,145,0.027069393545389175,0.841621395200491,144|145|539|814|455,0.86869079|0.02706939|0.00419213|0.00414842|0.00253515,1,0.8686907887458801,True,144,0.8686907887458801,True,144,0.7101138234138489,True,144,0.819853663444519,True,144,0.7676721811294556,True,c12_correct
145,146,146_7.bmp,preprocessed_results\146\146_7.bmp,145,145,145,0.9408114552497864,144,0.005829292815178633,0.9349821624346077,145|144|476|102|378,0.94081146|0.00582929|0.00184844|0.00175898|0.00148075,1,0.9408114552497864,True,145,0.9408114552497864,True,145,0.9326630234718323,True,145,0.8330891728401184,True,145,0.8091732263565063,True,c12_correct
146,147,147_3.bmp,preprocessed_results\147\147_3.bmp,146,146,146,0.9464902877807617,314,0.0013394257985055447,0.9451508619822562,146|314|252|580|86,0.94649029|0.00133943|0.00106092|0.00105567|0.00088907,1,0.9464902877807617,True,146,0.9464902877807617,True,146,0.8832305669784546,True,146,0.8268202543258667,True,146,0.8632963299751282,True,c12_correct
147,148,148_5.bmp,preprocessed_results\148\148_5.bmp,147,147,147,0.8439375162124634,79,0.005750424228608608,0.8381870919838548,147|79|89|83|255,0.84393752|0.00575042|0.00446457|0.00428939|0.00292552,1,0.8439375162124634,True,147,0.8439375162124634,True,147,0.7279912829399109,True,147,0.8391075134277344,True,147,0.6580083966255188,True,c12_correct
148,149,149_10.bmp,preprocessed_results\149\149_10.bmp,148,148,148,0.9219792485237122,149,0.004389199428260326,0.9175900490954518,148|149|534|178|281,0.92197925|0.00438920|0.00429717|0.00215503|0.00171247,1,0.9219792485237122,True,148,0.9219792485237122,True,148,0.8899001479148865,True,148,0.8064243197441101,True,148,0.8157286047935486,True,c12_correct
149,150,150_9.bmp,preprocessed_results\150\150_9.bmp,149,149,149,0.6454581618309021,148,0.015860293060541153,0.629597868770361,149|148|534|435|716,0.64545816|0.01586029|0.01230848|0.00990744|0.00751719,1,0.6454581618309021,True,149,0.6454581618309021,True,149,0.8110630512237549,True,149,0.8185693621635437,True,149,0.7895731925964355,True,c12_correct
150,151,151_1.bmp,preprocessed_results\151\151_1.bmp,150,150,150,0.9694665670394897,151,0.002072496572509408,0.9673940704669803,150|151|449|468|317,0.96946657|0.00207250|0.00049468|0.00039175|0.00032310,1,0.9694665670394897,True,150,0.9694665670394897,True,150,0.8370028138160706,True,150,0.8262868523597717,True,150,0.8613103628158569,True,c12_correct
151,152,152_3.bmp,preprocessed_results\152\152_3.bmp,151,151,151,0.9403360486030579,150,0.007557804696261883,0.932778243906796,151|150|76|86|120,0.94033605|0.00755780|0.00166379|0.00103230|0.00096007,1,0.9403360486030579,True,151,0.9403360486030579,True,151,0.8621994853019714,True,151,0.8132287263870239,True,151,0.8697288036346436,True,c12_correct
152,153,153_6.bmp,preprocessed_results\153\153_6.bmp,152,152,152,0.9232409596443176,153,0.009929779917001724,0.9133111797273159,152|153|26|38|552,0.92324096|0.00992978|0.00366864|0.00199746|0.00135266,1,0.9232409596443176,True,152,0.9232409596443176,True,152,0.8363532423973083,True,152,0.8279730081558228,True,152,0.7846482992172241,True,c12_correct
153,154,154_4.bmp,preprocessed_results\154\154_4.bmp,153,153,153,0.9205899238586426,152,0.008223863318562508,0.9123660605400801,153|152|265|26|120,0.92058992|0.00822386|0.00237741|0.00201343|0.00103958,1,0.9205899238586426,True,153,0.9205899238586426,True,153,0.8115285038948059,True,153,0.8511444926261902,True,153,0.7809192538261414,True,c12_correct
154,155,155_1.bmp,preprocessed_results\155\155_1.bmp,154,154,154,0.7833420634269714,155,0.04175342619419098,0.7415886372327805,154|155|335|434|414,0.78334206|0.04175343|0.01214163|0.01092269|0.00958558,1,0.7833420634269714,True,154,0.7833420634269714,True,154,0.6563773155212402,True,154,0.7553694248199463,True,154,0.3994339406490326,True,c12_correct
155,156,156_4.bmp,preprocessed_results\156\156_4.bmp,155,155,155,0.8459035158157349,115,0.007366296835243702,0.8385372189804912,155|115|55|663|459,0.84590352|0.00736630|0.00481492|0.00338824|0.00216353,1,0.8459035158157349,True,155,0.8459035158157349,True,155,0.835520327091217,True,155,0.8193793892860413,True,155,0.7775201201438904,True,c12_correct
156,157,157_4.bmp,preprocessed_results\157\157_4.bmp,156,156,156,0.9637319445610046,176,0.0020987126044929028,0.9616332319565117,156|176|227|71|6,0.96373194|0.00209871|0.00135134|0.00086304|0.00073705,1,0.9637319445610046,True,156,0.9637319445610046,True,156,0.8068952560424805,True,156,0.8478406071662903,True,156,0.8637118339538574,True,c12_correct
157,158,158_8.bmp,preprocessed_results\158\158_8.bmp,157,157,157,0.5626883506774902,79,0.008057440631091595,0.5546309100463986,157|79|135|388|60,0.56268835|0.00805744|0.00759760|0.00705366|0.00624720,1,0.5626883506774902,True,157,0.5626883506774902,True,157,0.6611343026161194,True,157,0.8001556992530823,True,157,0.7132526636123657,True,c12_correct
158,159,159_1.bmp,preprocessed_results\159\159_1.bmp,158,158,158,0.5226542949676514,92,0.09003374725580215,0.4326205477118492,158|92|187|119|186,0.52265429|0.09003375|0.04363710|0.01413037|0.01378186,1,0.5226542949676514,True,158,0.5226542949676514,True,158,0.7010530829429626,True,158,0.8117755055427551,True,158,0.7012854814529419,True,c12_correct
159,160,160_2.bmp,preprocessed_results\160\160_2.bmp,159,159,159,0.8843820691108704,225,0.006179530173540115,0.8782025389373302,159|225|158|87|190,0.88438207|0.00617953|0.00452957|0.00275317|0.00230100,1,0.8843820691108704,True,159,0.8843820691108704,True,159,0.6661088466644287,True,159,0.8215495944023132,True,159,0.7436680197715759,True,c12_correct
160,161,161_2.bmp,preprocessed_results\161\161_2.bmp,160,160,160,0.9009993076324463,242,0.006852590944617987,0.8941467166878283,160|242|182|532|165,0.90099931|0.00685259|0.00356103|0.00316679|0.00284940,1,0.9009993076324463,True,160,0.9009993076324463,True,160,0.8526556491851807,True,160,0.8050232529640198,True,160,0.820405125617981,True,c12_correct
161,162,162_1.bmp,preprocessed_results\162\162_1.bmp,161,161,161,0.8857209086418152,127,0.002629082417115569,0.8830918262246996,161|127|458|788|534,0.88572091|0.00262908|0.00251091|0.00248110|0.00227915,1,0.8857209086418152,True,161,0.8857209086418152,True,161,0.797141969203949,True,161,0.8428506851196289,True,161,0.7490168809890747,True,c12_correct
162,163,163_6.bmp,preprocessed_results\163\163_6.bmp,162,162,162,0.9481889009475708,795,0.0014708366943523288,0.9467180642532185,162|795|15|266|775,0.94818890|0.00147084|0.00124394|0.00097799|0.00083400,1,0.9481889009475708,True,162,0.9481889009475708,True,162,0.9035300612449646,True,162,0.8371347188949585,True,162,0.8153663277626038,True,c12_correct
163,164,164_5.bmp,preprocessed_results\164\164_5.bmp,163,163,163,0.8974170088768005,115,0.00498245982453227,0.8924345490522683,163|115|99|279|701,0.89741701|0.00498246|0.00333603|0.00191694|0.00189620,1,0.8974170088768005,True,163,0.8974170088768005,True,163,0.8881769180297852,True,163,0.8575111627578735,True,163,0.7255865335464478,True,c12_correct
164,165,165_8.bmp,preprocessed_results\165\165_8.bmp,164,164,164,0.8928935527801514,469,0.004147516097873449,0.8887460366822779,164|469|544|350|156,0.89289355|0.00414752|0.00240836|0.00212135|0.00207498,1,0.8928935527801514,True,164,0.8928935527801514,True,164,0.7812374830245972,True,164,0.8020152449607849,True,164,0.8257097005844116,True,c12_correct
165,166,166_10.bmp,preprocessed_results\166\166_10.bmp,165,165,165,0.853195071220398,164,0.005401522386819124,0.8477935488335788,165|164|170|798|182,0.85319507|0.00540152|0.00338871|0.00323840|0.00264256,1,0.853195071220398,True,165,0.853195071220398,True,165,0.5112488865852356,True,165,0.8095921874046326,True,165,0.603300154209137,True,c12_correct
166,167,167_3.bmp,preprocessed_results\167\167_3.bmp,166,166,166,0.8804162740707397,114,0.0027251041028648615,0.8776911699678749,166|114|195|18|134,0.88041627|0.00272510|0.00257884|0.00226698|0.00204760,1,0.8804162740707397,True,166,0.8804162740707397,True,166,0.8218576908111572,True,166,0.8294761776924133,True,166,0.8195942044258118,True,c12_correct
167,168,168_2.bmp,preprocessed_results\168\168_2.bmp,167,167,167,0.949225664138794,62,0.003485669381916523,0.9457399947568774,167|62|7|231|339,0.94922566|0.00348567|0.00164634|0.00140651|0.00103035,1,0.949225664138794,True,167,0.949225664138794,True,167,0.8021335005760193,True,167,0.7979095578193665,True,167,0.8171961307525635,True,c12_correct
168,169,169_5.bmp,preprocessed_results\169\169_5.bmp,168,168,168,0.8252280354499817,20,0.02374744415283203,0.8014805912971497,168|20|290|159|104,0.82522804|0.02374744|0.01610794|0.01156334|0.00397328,1,0.8252280354499817,True,168,0.8252280354499817,True,168,0.7974244952201843,True,168,0.8168457746505737,True,168,0.7132217884063721,True,c12_correct
169,170,170_5.bmp,preprocessed_results\170\170_5.bmp,169,169,169,0.8636853694915771,147,0.004247076343744993,0.8594382931478322,169|147|263|252|289,0.86368537|0.00424708|0.00337685|0.00301007|0.00274086,1,0.8636853694915771,True,169,0.8636853694915771,True,169,0.8553663492202759,True,169,0.8771561980247498,True,169,0.8854435682296753,True,c12_correct
170,171,171_4.bmp,preprocessed_results\171\171_4.bmp,170,170,170,0.9141153693199158,171,0.005729751195758581,0.9083856181241572,170|171|4|165|13,0.91411537|0.00572975|0.00330283|0.00199859|0.00150231,1,0.9141153693199158,True,170,0.9141153693199158,True,170,0.7291039824485779,True,170,0.8119744062423706,True,170,0.858112633228302,True,c12_correct
171,172,172_7.bmp,preprocessed_results\172\172_7.bmp,171,171,171,0.7900897264480591,5,0.14270871877670288,0.6473810076713562,171|5|170|431|735,0.79008973|0.14270872|0.00152638|0.00146394|0.00123636,1,0.7900897264480591,True,171,0.7900897264480591,True,171,0.8306266069412231,True,171,0.8253284096717834,True,171,0.8125949501991272,True,c12_correct
172,173,173_10.bmp,preprocessed_results\173\173_10.bmp,172,172,172,0.9508441686630249,173,0.0022827191278338432,0.9485614495351911,172|173|56|106|222,0.95084417|0.00228272|0.00187403|0.00168115|0.00137559,1,0.9508441686630249,True,172,0.9508441686630249,True,172,0.7578164339065552,True,172,0.8331236839294434,True,172,0.7167661190032959,True,c12_correct
173,174,174_7.bmp,preprocessed_results\174\174_7.bmp,173,173,173,0.752166748046875,172,0.018321119248867035,0.733845628798008,173|172|328|31|513,0.75216675|0.01832112|0.00675967|0.00438376|0.00435126,1,0.752166748046875,True,173,0.752166748046875,True,173,0.5832736492156982,True,173,0.7467624545097351,True,173,0.19913488626480103,True,c12_correct
174,175,175_9.bmp,preprocessed_results\175\175_9.bmp,174,174,174,0.9102907776832581,235,0.003670177422463894,0.9066206002607942,174|235|175|269|17,0.91029078|0.00367018|0.00336465|0.00211543|0.00117387,1,0.9102907776832581,True,174,0.9102907776832581,True,174,0.7172622084617615,True,174,0.8420572280883789,True,174,0.854189932346344,True,c12_correct
175,176,176_9.bmp,preprocessed_results\176\176_9.bmp,175,175,175,0.8533381819725037,566,0.0034941125195473433,0.8498440694529563,175|566|80|234|236,0.85333818|0.00349411|0.00349179|0.00336040|0.00276853,1,0.8533381819725037,True,175,0.8533381819725037,True,175,0.7735891342163086,True,175,0.8099017143249512,True,175,0.7913162112236023,True,c12_correct
176,177,177_2.bmp,preprocessed_results\177\177_2.bmp,176,176,176,0.7951585054397583,226,0.01016855426132679,0.7849899511784315,176|226|227|79|534,0.79515851|0.01016855|0.00858861|0.00421579|0.00404731,1,0.7951585054397583,True,176,0.7951585054397583,True,176,0.7942101359367371,True,176,0.8357143402099609,True,176,0.7837280631065369,True,c12_correct
177,178,178_6.bmp,preprocessed_results\178\178_6.bmp,177,177,177,0.3853446841239929,18,0.05720837041735649,0.32813631370663643,177|18|6|604|180,0.38534468|0.05720837|0.02677958|0.01509309|0.01454683,1,0.3853446841239929,True,177,0.3853446841239929,True,177,0.16811606287956238,True,177,0.7692499756813049,True,177,0.3029850423336029,True,c12_correct
178,179,179_7.bmp,preprocessed_results\179\179_7.bmp,178,178,178,0.6534070372581482,188,0.03340420871973038,0.6200028285384178,178|188|407|534|9,0.65340704|0.03340421|0.01257161|0.01089402|0.01051428,1,0.6534070372581482,True,178,0.6534070372581482,True,178,0.33975064754486084,True,178,0.7597794532775879,True,178,0.6061444878578186,True,c12_correct
179,180,180_5.bmp,preprocessed_results\180\180_5.bmp,179,179,179,0.5372664928436279,43,0.03497648611664772,0.5022900067269802,179|43|546|314|786,0.53726649|0.03497649|0.02162777|0.02085188|0.01438855,1,0.5372664928436279,True,179,0.5372664928436279,True,179,0.6312983632087708,True,179,0.8325896263122559,True,179,0.7081709504127502,True,c12_correct
180,181,181_1.bmp,preprocessed_results\181\181_1.bmp,180,180,180,0.8190017342567444,557,0.00952934194356203,0.8094723923131824,180|557|543|356|133,0.81900173|0.00952934|0.00686083|0.00674588|0.00375630,1,0.8190017342567444,True,180,0.8190017342567444,True,180,0.4434238076210022,True,180,0.828423798084259,True,180,0.8463737368583679,True,c12_correct
181,182,182_7.bmp,preprocessed_results\182\182_7.bmp,181,181,181,0.8415773510932922,832,0.004761227872222662,0.8368161232210696,181|832|364|57|77,0.84157735|0.00476123|0.00378948|0.00371216|0.00362477,1,0.8415773510932922,True,181,0.8415773510932922,True,181,0.7225337028503418,True,181,0.7987844944000244,True,181,0.8321947455406189,True,c12_correct
182,183,183_7.bmp,preprocessed_results\183\183_7.bmp,182,182,182,0.9512324333190918,102,0.0011503241257742047,0.9500821091933176,182|102|313|145|160,0.95123243|0.00115032|0.00111664|0.00110961|0.00087792,1,0.9512324333190918,True,182,0.9512324333190918,True,182,0.8696910738945007,True,182,0.7900404930114746,True,182,0.725307285785675,True,c12_correct
183,184,184_4.bmp,preprocessed_results\184\184_4.bmp,183,183,183,0.8612034320831299,71,0.005214647855609655,0.8559887842275202,183|71|823|76|276,0.86120343|0.00521465|0.00505174|0.00365263|0.00365259,1,0.8612034320831299,True,183,0.8612034320831299,True,183,0.6980287432670593,True,183,0.8130531311035156,True,183,0.760003387928009,True,c12_correct
184,185,185_4.bmp,preprocessed_results\185\185_4.bmp,184,184,184,0.9723278880119324,357,0.0015182627830654383,0.9708096252288669,184|357|185|117|115,0.97232789|0.00151826|0.00090240|0.00079644|0.00063385,1,0.9723278880119324,True,184,0.9723278880119324,True,184,0.7390642762184143,True,184,0.8190711140632629,True,184,0.7744104862213135,True,c12_correct
185,186,186_3.bmp,preprocessed_results\186\186_3.bmp,185,185,185,0.5014576315879822,221,0.09212412685155869,0.4093335047364235,185|221|184|553|537,0.50145763|0.09212413|0.03403271|0.00876168|0.00813877,1,0.5014576315879822,True,185,0.5014576315879822,True,185,0.29822805523872375,True,185,0.7094709873199463,True,185,0.4877299666404724,True,c12_correct
186,187,187_3.bmp,preprocessed_results\187\187_3.bmp,186,186,186,0.8838998079299927,624,0.010789124295115471,0.8731106836348772,186|624|147|828|73,0.88389981|0.01078912|0.00240172|0.00232215|0.00232167,1,0.8838998079299927,True,186,0.8838998079299927,True,186,0.6921707987785339,True,186,0.8258807063102722,True,186,0.8163854479789734,True,c12_correct
187,188,188_2.bmp,preprocessed_results\188\188_2.bmp,187,187,187,0.9204819798469543,186,0.008012576028704643,0.9124694038182497,187|186|293|120|14,0.92048198|0.00801258|0.00216635|0.00194114|0.00184984,1,0.9204819798469543,True,187,0.9204819798469543,True,187,0.8801901340484619,True,187,0.8142859935760498,True,187,0.8107775449752808,True,c12_correct
188,189,189_10.bmp,preprocessed_results\189\189_10.bmp,188,188,188,0.706497848033905,78,0.06236114725470543,0.6441367007791996,188|78|212|258|485,0.70649785|0.06236115|0.00922613|0.00920483|0.00735420,1,0.706497848033905,True,188,0.706497848033905,True,188,0.7862221002578735,True,188,0.8071659207344055,True,188,0.7120335698127747,True,c12_correct
189,190,190_3.bmp,preprocessed_results\190\190_3.bmp,189,189,189,0.8659705519676208,55,0.0025169113650918007,0.863453640602529,189|55|728|281|5,0.86597055|0.00251691|0.00221394|0.00203001|0.00180115,1,0.8659705519676208,True,189,0.8659705519676208,True,189,0.7538758516311646,True,189,0.8346072435379028,True,189,0.7637075185775757,True,c12_correct
190,191,191_7.bmp,preprocessed_results\191\191_7.bmp,190,190,190,0.7695128917694092,175,0.00362490676343441,0.7658879850059748,190|175|333|790|191,0.76951289|0.00362491|0.00332548|0.00328926|0.00305906,1,0.7695128917694092,True,190,0.7695128917694092,True,190,0.8809478878974915,True,190,0.8123565912246704,True,190,0.8308550119400024,True,c12_correct
191,192,192_4.bmp,preprocessed_results\192\192_4.bmp,191,191,191,0.8956726789474487,190,0.005928633268922567,0.8897440456785262,191|190|737|141|446,0.89567268|0.00592863|0.00351571|0.00335220|0.00316212,1,0.8956726789474487,True,191,0.8956726789474487,True,191,0.6761000156402588,True,191,0.805824875831604,True,191,0.7596541047096252,True,c12_correct
192,193,193_8.bmp,preprocessed_results\193\193_8.bmp,192,192,192,0.927596926689148,638,0.0021837293170392513,0.9254131973721087,192|638|38|211|152,0.92759693|0.00218373|0.00159389|0.00146122|0.00122967,1,0.927596926689148,True,192,0.927596926689148,True,192,0.8635520935058594,True,192,0.8436235785484314,True,192,0.8953000903129578,True,c12_correct
193,194,194_1.bmp,preprocessed_results\194\194_1.bmp,193,193,193,0.3243405520915985,275,0.06288512796163559,0.2614554241299629,193|275|28|89|748,0.32434055|0.06288513|0.01648668|0.01581600|0.01484728,1,0.3243405520915985,True,193,0.3243405520915985,True,193,0.25841450691223145,True,193,0.8001052737236023,True,193,0.523648738861084,True,c12_correct
194,195,195_3.bmp,preprocessed_results\195\195_3.bmp,194,194,194,0.9492554068565369,195,0.004015001934021711,0.9452404049225152,194|195|229|173|733,0.94925541|0.00401500|0.00141421|0.00126073|0.00106369,1,0.9492554068565369,True,194,0.9492554068565369,True,194,0.8073306679725647,True,194,0.8306631445884705,True,194,0.7384713292121887,True,c12_correct
195,196,196_7.bmp,preprocessed_results\196\196_7.bmp,195,195,195,0.9798728227615356,194,0.0019259790424257517,0.9779468437191099,195|194|259|30|46,0.97987282|0.00192598|0.00113981|0.00093906|0.00091744,1,0.9798728227615356,True,195,0.9798728227615356,True,195,0.9186434149742126,True,195,0.8346476554870605,True,195,0.8738242387771606,True,c12_correct
196,197,197_3.bmp,preprocessed_results\197\197_3.bmp,196,196,196,0.7168133854866028,451,0.013848543167114258,0.7029648423194885,196|451|82|272|375,0.71681339|0.01384854|0.00436167|0.00417062|0.00361508,1,0.7168133854866028,True,196,0.7168133854866028,True,196,0.44837522506713867,True,196,0.8273608684539795,True,196,0.5978438854217529,True,c12_correct
197,198,198_4.bmp,preprocessed_results\198\198_4.bmp,197,197,197,0.8400533199310303,181,0.006921054795384407,0.8331322651356459,197|181|434|82|44,0.84005332|0.00692105|0.00507622|0.00482673|0.00386354,1,0.8400533199310303,True,197,0.8400533199310303,True,197,0.8606288433074951,True,197,0.8093128800392151,True,197,0.8993310332298279,True,c12_correct
198,199,199_5.bmp,preprocessed_results\199\199_5.bmp,198,198,198,0.8378252387046814,248,0.009598790667951107,0.8282264480367303,198|248|199|87|78,0.83782524|0.00959879|0.00684210|0.00427184|0.00218409,1,0.8378252387046814,True,198,0.8378252387046814,True,198,0.7220126390457153,True,198,0.8029091954231262,True,198,0.8736505508422852,True,c12_correct
199,200,200_7.bmp,preprocessed_results\200\200_7.bmp,199,199,199,0.2209652066230774,284,0.14058475196361542,0.08038045465946198,199|284|269|285|253,0.22096521|0.14058475|0.10560406|0.06541892|0.01770117,1,0.2209652066230774,True,199,0.2209652066230774,True,199,0.18955020606517792,True,199,0.7320022583007812,True,199,0.26996520161628723,True,c12_correct
200,201,201_8.bmp,preprocessed_results\201\201_8.bmp,200,200,200,0.8558180928230286,172,0.016317779198288918,0.8395003136247396,200|172|334|359|202,0.85581809|0.01631778|0.01621341|0.00320747|0.00210485,1,0.8558180928230286,True,200,0.8558180928230286,True,200,0.5731226205825806,True,200,0.8169140219688416,True,200,0.6540271043777466,True,c12_correct
201,202,202_9.bmp,preprocessed_results\202\202_9.bmp,201,201,201,0.7065320611000061,130,0.04313008487224579,0.6634019762277603,201|130|104|131|50,0.70653206|0.04313008|0.01420366|0.01160489|0.00901762,1,0.7065320611000061,True,201,0.7065320611000061,True,201,0.6883870363235474,True,201,0.7909005284309387,True,201,0.6317028403282166,True,c12_correct
202,203,203_9.bmp,preprocessed_results\203\203_9.bmp,202,202,202,0.7654526829719543,379,0.009054773487150669,0.7563979094848037,202|379|70|526|413,0.76545268|0.00905477|0.00651266|0.00634688|0.00420279,1,0.7654526829719543,True,202,0.7654526829719543,True,202,0.42812013626098633,True,202,0.8198879361152649,True,202,0.612805962562561,True,c12_correct
203,204,204_1.bmp,preprocessed_results\204\204_1.bmp,203,203,203,0.9345517158508301,188,0.0051732417196035385,0.9293784741312265,203|188|94|202|511,0.93455172|0.00517324|0.00336164|0.00260560|0.00116280,1,0.9345517158508301,True,203,0.9345517158508301,True,203,0.862687349319458,True,203,0.8107929825782776,True,203,0.871471643447876,True,c12_correct
204,205,205_5.bmp,preprocessed_results\205\205_5.bmp,204,204,204,0.6883321404457092,158,0.012803946621716022,0.6755281938239932,204|158|34|318|288,0.68833214|0.01280395|0.01001901|0.00815450|0.00703552,1,0.6883321404457092,True,204,0.6883321404457092,True,204,0.6951114535331726,True,204,0.8362873196601868,True,204,0.5314761400222778,True,c12_correct
205,206,206_10.bmp,preprocessed_results\206\206_10.bmp,205,205,205,0.5231079459190369,8,0.018323808908462524,0.5047841370105743,205|8|319|347|175,0.52310795|0.01832381|0.00892890|0.00809174|0.00753465,1,0.5231079459190369,True,205,0.5231079459190369,True,205,0.7638404369354248,True,205,0.8207537531852722,True,205,0.7261906862258911,True,c12_correct
206,207,207_2.bmp,preprocessed_results\207\207_2.bmp,206,206,206,0.9633203148841858,207,0.0076834531500935555,0.9556368617340922,206|207|13|52|662,0.96332031|0.00768345|0.00184149|0.00114345|0.00078095,1,0.9633203148841858,True,206,0.9633203148841858,True,206,0.9028711318969727,True,206,0.7930517792701721,True,206,0.7774891257286072,True,c12_correct
207,208,208_3.bmp,preprocessed_results\208\208_3.bmp,207,207,207,0.7533507347106934,206,0.029241811484098434,0.7241089232265949,207|206|257|131|289,0.75335073|0.02924181|0.00754040|0.00409747|0.00396448,1,0.7533507347106934,True,207,0.7533507347106934,True,207,0.5326303839683533,True,207,0.8301960229873657,True,207,0.6706754565238953,True,c12_correct
208,209,209_7.bmp,preprocessed_results\209\209_7.bmp,208,208,208,0.46613451838493347,49,0.0425388365983963,0.42359568178653717,208|49|339|135|217,0.46613452|0.04253884|0.01620631|0.01173984|0.01119170,1,0.46613451838493347,True,208,0.46613451838493347,True,208,0.24935010075569153,True,208,0.7777497172355652,True,208,0.37020203471183777,True,c12_correct
209,210,210_2.bmp,preprocessed_results\210\210_2.bmp,209,209,209,0.9060052037239075,208,0.005345960613340139,0.9006592431105673,209|208|338|67|233,0.90600520|0.00534596|0.00210799|0.00186517|0.00155000,1,0.9060052037239075,True,209,0.9060052037239075,True,209,0.8772916197776794,True,209,0.7664820551872253,True,209,0.7923738360404968,True,c12_correct
210,211,211_5.bmp,preprocessed_results\211\211_5.bmp,210,210,210,0.8548750281333923,211,0.09964492917060852,0.7552300989627838,210|211|70|477|534,0.85487503|0.09964493|0.00374762|0.00137915|0.00126252,1,0.8548750281333923,True,210,0.8548750281333923,True,210,0.8622680902481079,True,210,0.851537823677063,True,210,0.8339458703994751,True,c12_correct
211,212,212_6.bmp,preprocessed_results\212\212_6.bmp,211,211,211,0.6681409478187561,109,0.014647912234067917,0.6534930355846882,211|109|212|210|43,0.66814095|0.01464791|0.00615609|0.00558988|0.00380373,1,0.6681409478187561,True,211,0.6681409478187561,True,211,0.3676847219467163,True,211,0.8031045198440552,True,211,0.6269712448120117,True,c12_correct
212,213,213_10.bmp,preprocessed_results\213\213_10.bmp,212,212,212,0.8933039903640747,213,0.01209245529025793,0.8812115350738168,212|213|33|218|188,0.89330399|0.01209246|0.00451906|0.00315087|0.00296571,1,0.8933039903640747,True,212,0.8933039903640747,True,212,0.6021069884300232,True,212,0.8243248462677002,True,212,0.8317739963531494,True,c12_correct
213,214,214_2.bmp,preprocessed_results\214\214_2.bmp,213,213,213,0.8967892527580261,270,0.0039190673269331455,0.892870185431093,213|270|212|43|185,0.89678925|0.00391907|0.00366571|0.00351574|0.00321169,1,0.8967892527580261,True,213,0.8967892527580261,True,213,0.7619452476501465,True,213,0.8009544014930725,True,213,0.8243927359580994,True,c12_correct
214,215,215_2.bmp,preprocessed_results\215\215_2.bmp,214,214,214,0.7153234481811523,215,0.007192924153059721,0.7081305240280926,214|215|257|817|2,0.71532345|0.00719292|0.00538838|0.00445077|0.00427913,1,0.7153234481811523,True,214,0.7153234481811523,True,214,0.4718441069126129,True,214,0.7981656789779663,True,214,0.5653918385505676,True,c12_correct
215,216,216_8.bmp,preprocessed_results\216\216_8.bmp,215,215,215,0.9228439331054688,238,0.002720850519835949,0.9201230825856328,215|238|214|352|449,0.92284393|0.00272085|0.00197662|0.00178175|0.00161993,1,0.9228439331054688,True,215,0.9228439331054688,True,215,0.7754679918289185,True,215,0.8316750526428223,True,215,0.7807191610336304,True,c12_correct
216,217,217_9.bmp,preprocessed_results\217\217_9.bmp,216,216,216,0.9221897721290588,589,0.006560207344591618,0.9156295647844672,216|589|335|46|217,0.92218977|0.00656021|0.00638580|0.00291578|0.00253004,1,0.9221897721290588,True,216,0.9221897721290588,True,216,0.8194435238838196,True,216,0.8304846882820129,True,216,0.7456266283988953,True,c12_correct
217,218,218_1.bmp,preprocessed_results\218\218_1.bmp,217,217,217,0.9287687540054321,216,0.0037990573327988386,0.9249696966726333,217|216|148|119|251,0.92876875|0.00379906|0.00138695|0.00112858|0.00083047,1,0.9287687540054321,True,217,0.9287687540054321,True,217,0.8642519116401672,True,217,0.8381491303443909,True,217,0.863914430141449,True,c12_correct
218,219,219_9.bmp,preprocessed_results\219\219_9.bmp,218,218,218,0.4415587782859802,251,0.0321466363966465,0.4094121418893337,218|251|195|250|219,0.44155878|0.03214664|0.02719102|0.01646638|0.01202144,1,0.4415587782859802,True,218,0.4415587782859802,True,218,0.5211737751960754,True,218,0.7741115093231201,True,218,0.6186277866363525,True,c12_correct
219,220,220_6.bmp,preprocessed_results\220\220_6.bmp,219,219,219,0.9082885384559631,183,0.004194293636828661,0.9040942448191345,219|183|450|339|250,0.90828854|0.00419429|0.00343532|0.00293070|0.00177898,1,0.9082885384559631,True,219,0.9082885384559631,True,219,0.5918978452682495,True,219,0.7925917506217957,True,219,0.665554940700531,True,c12_correct
220,221,221_7.bmp,preprocessed_results\221\221_7.bmp,220,220,220,0.8978855609893799,221,0.012483591213822365,0.8854019697755575,220|221|332|605|512,0.89788556|0.01248359|0.00777706|0.00574554|0.00336814,1,0.8978855609893799,True,220,0.8978855609893799,True,220,0.6868171691894531,True,220,0.8361133933067322,True,220,0.7207807898521423,True,c12_correct
221,222,222_5.bmp,preprocessed_results\222\222_5.bmp,221,221,221,0.771849513053894,185,0.09461633861064911,0.6772331744432449,221|185|184|143|649,0.77184951|0.09461634|0.00975713|0.00557010|0.00346166,1,0.771849513053894,True,221,0.771849513053894,True,221,0.4035095274448395,True,221,0.8170692324638367,True,221,0.4797017574310303,True,c12_correct
222,223,223_7.bmp,preprocessed_results\223\223_7.bmp,222,222,222,0.6726047992706299,123,0.011025252752006054,0.6615795465186238,222|123|134|114|223,0.67260480|0.01102525|0.00623912|0.00526192|0.00479470,1,0.6726047992706299,True,222,0.6726047992706299,True,222,0.47959819436073303,True,222,0.7863883376121521,True,222,0.5274297595024109,True,c12_correct
223,224,224_6.bmp,preprocessed_results\224\224_6.bmp,223,223,223,0.839187741279602,94,0.008637864142656326,0.8305498771369457,223|94|203|214|10,0.83918774|0.00863786|0.00831353|0.00326735|0.00316136,1,0.839187741279602,True,223,0.839187741279602,True,223,0.7447614073753357,True,223,0.8157117962837219,True,223,0.8110013008117676,True,c12_correct
224,225,225_7.bmp,preprocessed_results\225\225_7.bmp,224,224,224,0.07833428680896759,599,0.03606332838535309,0.0422709584236145,224|599|684|598|269,0.07833429|0.03606333|0.03412578|0.02456690|0.01921907,1,0.07833428680896759,True,224,0.07833428680896759,True,224,0.09333335608243942,True,224,0.7459568977355957,True,224,0.19052866101264954,True,c12_correct
225,226,226_8.bmp,preprocessed_results\226\226_8.bmp,225,225,225,0.9244255423545837,285,0.011533207260072231,0.9128923350945115,225|285|541|273|159,0.92442554|0.01153321|0.00754989|0.00248566|0.00188885,1,0.9244255423545837,True,225,0.9244255423545837,True,225,0.7652304768562317,True,225,0.8429888486862183,True,225,0.7250452041625977,True,c12_correct
226,227,227_7.bmp,preprocessed_results\227\227_7.bmp,226,226,226,0.7272900938987732,366,0.021019667387008667,0.7062704265117645,226|366|227|382|536,0.72729009|0.02101967|0.01936053|0.01728228|0.00761171,1,0.7272900938987732,True,226,0.7272900938987732,True,226,0.45197227597236633,True,226,0.8348656296730042,True,226,0.6886224150657654,True,c12_correct
227,228,228_5.bmp,preprocessed_results\228\228_5.bmp,227,227,227,0.7507184743881226,226,0.021536225453019142,0.7291822489351034,227|226|558|8|435,0.75071847|0.02153623|0.01459360|0.00643316|0.00559091,1,0.7507184743881226,True,227,0.7507184743881226,True,227,0.4341992139816284,True,227,0.8207723498344421,True,227,0.7048823237419128,True,c12_correct
228,229,229_10.bmp,preprocessed_results\229\229_10.bmp,228,228,228,0.8448754549026489,2,0.011108527891337872,0.833766927011311,228|2|301|214|416,0.84487545|0.01110853|0.00684106|0.00425000|0.00372581,1,0.8448754549026489,True,228,0.8448754549026489,True,228,0.7146780490875244,True,228,0.7583143711090088,True,228,0.7007896304130554,True,c12_correct
229,230,230_6.bmp,preprocessed_results\230\230_6.bmp,229,229,229,0.9275745153427124,230,0.0012443243758752942,0.9263301909668371,229|230|411|562|487,0.92757452|0.00124432|0.00121558|0.00119751|0.00105489,1,0.9275745153427124,True,229,0.9275745153427124,True,229,0.8153754472732544,True,229,0.8242619633674622,True,229,0.8153120875358582,True,c12_correct
230,231,231_8.bmp,preprocessed_results\231\231_8.bmp,230,230,230,0.9310444593429565,10,0.004290049429982901,0.9267544099129736,230|10|231|8|229,0.93104446|0.00429005|0.00365451|0.00200879|0.00178132,1,0.9310444593429565,True,230,0.9310444593429565,True,230,0.8343822360038757,True,230,0.8032076358795166,True,230,0.8424414992332458,True,c12_correct
231,232,232_2.bmp,preprocessed_results\232\232_2.bmp,231,231,231,0.08455716818571091,177,0.025674445554614067,0.05888272263109684,231|177|101|8|230,0.08455717|0.02567445|0.02157624|0.01869665|0.01859315,1,0.08455716818571091,True,231,0.08455716818571091,True,231,0.28941118717193604,True,231,0.6178604364395142,True,231,0.2477644979953766,True,c12_correct
232,233,233_9.bmp,preprocessed_results\233\233_9.bmp,232,232,232,0.8501003384590149,501,0.007179438602179289,0.8429208998568356,232|501|100|179|233,0.85010034|0.00717944|0.00632470|0.00439428|0.00416213,1,0.8501003384590149,True,232,0.8501003384590149,True,232,0.7298665046691895,True,232,0.8017300367355347,True,232,0.7295190691947937,True,c12_correct
233,234,234_5.bmp,preprocessed_results\234\234_5.bmp,233,233,233,0.9365367889404297,232,0.00475941551849246,0.9317773734219372,233|232|83|581|338,0.93653679|0.00475942|0.00318951|0.00262924|0.00192323,1,0.9365367889404297,True,233,0.9365367889404297,True,233,0.8580744862556458,True,233,0.8248369097709656,True,233,0.8038818836212158,True,c12_correct
234,235,235_1.bmp,preprocessed_results\235\235_1.bmp,234,234,234,0.6700248718261719,453,0.011733503080904484,0.6582913687452674,234|453|539|434|488,0.67002487|0.01173350|0.00865013|0.00839911|0.00664954,1,0.6700248718261719,True,234,0.6700248718261719,True,234,0.4189314544200897,True,234,0.7478001713752747,True,234,0.3923686444759369,True,c12_correct
235,236,236_1.bmp,preprocessed_results\236\236_1.bmp,235,235,235,0.5454473495483398,234,0.03331558778882027,0.5121317617595196,235|234|332|490|568,0.54544735|0.03331559|0.02921137|0.02583605|0.01553153,1,0.5454473495483398,True,235,0.5454473495483398,True,235,0.8523260951042175,True,235,0.7926990985870361,True,235,0.5071165561676025,True,c12_correct
236,237,237_3.bmp,preprocessed_results\237\237_3.bmp,236,236,236,0.1704244762659073,627,0.0621272474527359,0.10829722881317139,236|627|175|237|318,0.17042448|0.06212725|0.04916562|0.03535831|0.03013503,1,0.1704244762659073,True,236,0.1704244762659073,True,236,0.20972086489200592,True,236,0.7620693445205688,True,236,0.4973122775554657,True,c12_correct
237,238,238_8.bmp,preprocessed_results\238\238_8.bmp,237,237,237,0.762380838394165,236,0.02273998223245144,0.7396408561617136,237|236|101|16|325,0.76238084|0.02273998|0.00744166|0.00537654|0.00420532,1,0.762380838394165,True,237,0.762380838394165,True,237,0.4853178858757019,True,237,0.819837212562561,True,237,0.8048105239868164,True,c12_correct
238,239,239_8.bmp,preprocessed_results\239\239_8.bmp,238,238,238,0.7872896194458008,215,0.00452432781457901,0.7827652916312218,238|215|239|60|345,0.78728962|0.00452433|0.00392430|0.00326847|0.00311382,1,0.7872896194458008,True,238,0.7872896194458008,True,238,0.810429573059082,True,238,0.835816502571106,True,238,0.834819495677948,True,c12_correct
239,240,240_3.bmp,preprocessed_results\240\240_3.bmp,239,239,239,0.7282898426055908,440,0.005855450872331858,0.722434391733259,239|440|238|67|250,0.72828984|0.00585545|0.00474279|0.00408184|0.00396010,1,0.7282898426055908,True,239,0.7282898426055908,True,239,0.8432623744010925,True,239,0.8423862457275391,True,239,0.776098906993866,True,c12_correct
240,241,241_8.bmp,preprocessed_results\241\241_8.bmp,240,240,240,0.8236373662948608,241,0.008899079635739326,0.8147382866591215,240|241|220|346|327,0.82363737|0.00889908|0.00363020|0.00210071|0.00205675,1,0.8236373662948608,True,240,0.8236373662948608,True,240,0.691243052482605,True,240,0.8382948637008667,True,240,0.7810190916061401,True,c12_correct
241,242,242_2.bmp,preprocessed_results\242\242_2.bmp,241,241,241,0.36629143357276917,147,0.03754793852567673,0.32874349504709244,241|147|85|341|360,0.36629143|0.03754794|0.02283320|0.01259690|0.00870911,1,0.36629143357276917,True,241,0.36629143357276917,True,241,0.3010842800140381,True,241,0.7817326188087463,True,241,0.430002361536026,True,c12_correct
242,243,243_7.bmp,preprocessed_results\243\243_7.bmp,242,242,242,0.9340552091598511,160,0.002659060526639223,0.9313961486332119,242|160|766|229|478,0.93405521|0.00265906|0.00191229|0.00149425|0.00148151,1,0.9340552091598511,True,242,0.9340552091598511,True,242,0.8462074995040894,True,242,0.8403093218803406,True,242,0.9073469042778015,True,c12_correct
243,244,244_9.bmp,preprocessed_results\244\244_9.bmp,243,243,243,0.9400470852851868,795,0.001899551134556532,0.9381475341506302,243|795|818|506|37,0.94004709|0.00189955|0.00173982|0.00142696|0.00117271,1,0.9400470852851868,True,243,0.9400470852851868,True,243,0.8873431086540222,True,243,0.8073908090591431,True,243,0.8504442572593689,True,c12_correct
244,245,245_1.bmp,preprocessed_results\245\245_1.bmp,244,244,244,0.8771026730537415,400,0.004717051982879639,0.8723856210708618,244|400|300|298|152,0.87710267|0.00471705|0.00365108|0.00280448|0.00277037,1,0.8771026730537415,True,244,0.8771026730537415,True,244,0.9235342144966125,True,244,0.8125522136688232,True,244,0.8109917044639587,True,c12_correct
245,246,246_1.bmp,preprocessed_results\246\246_1.bmp,245,245,245,0.7128288149833679,539,0.006134083494544029,0.7066947314888239,245|539|376|41|199,0.71282881|0.00613408|0.00546078|0.00537427|0.00517946,1,0.7128288149833679,True,245,0.7128288149833679,True,245,0.42013996839523315,True,245,0.793397068977356,True,245,0.5347439646720886,True,c12_correct
246,247,247_4.bmp,preprocessed_results\247\247_4.bmp,246,246,246,0.7601343393325806,247,0.09025037288665771,0.6698839664459229,246|247|126|357|689,0.76013434|0.09025037|0.01151128|0.00995237|0.00490928,1,0.7601343393325806,True,246,0.7601343393325806,True,246,0.7111591696739197,True,246,0.7422641515731812,True,246,0.628157377243042,True,c12_correct
247,248,248_2.bmp,preprocessed_results\248\248_2.bmp,247,247,247,0.6189963817596436,246,0.04622223973274231,0.5727741420269012,247|246|30|142|6,0.61899638|0.04622224|0.02571729|0.01074039|0.00926989,1,0.6189963817596436,True,247,0.6189963817596436,True,247,0.04243095591664314,True,247,0.7841535210609436,True,247,0.46840715408325195,True,c12_correct
248,249,249_1.bmp,preprocessed_results\249\249_1.bmp,248,248,248,0.850103497505188,302,0.008350717835128307,0.8417527796700597,248|302|162|198|78,0.85010350|0.00835072|0.00583873|0.00374514|0.00318884,1,0.850103497505188,True,248,0.850103497505188,True,248,0.8978615403175354,True,248,0.8354926109313965,True,248,0.8666630983352661,True,c12_correct
249,250,250_8.bmp,preprocessed_results\250\250_8.bmp,249,249,249,0.8353953957557678,252,0.010403824970126152,0.8249915707856417,249|252|269|268|324,0.83539540|0.01040382|0.00693861|0.00362297|0.00361132,1,0.8353953957557678,True,249,0.8353953957557678,True,249,0.7653617262840271,True,249,0.8135241866111755,True,249,0.8509129881858826,True,c12_correct
250,251,251_5.bmp,preprocessed_results\251\251_5.bmp,250,250,250,0.9615821242332458,96,0.0032262548338621855,0.9583558693993837,250|96|251|95|330,0.96158212|0.00322625|0.00251418|0.00144672|0.00053141,1,0.9615821242332458,True,250,0.9615821242332458,True,250,0.711665153503418,True,250,0.8265690803527832,True,250,0.7893664240837097,True,c12_correct
251,252,252_4.bmp,preprocessed_results\252\252_4.bmp,251,251,251,0.6221038103103638,277,0.03704364597797394,0.5850601643323898,251|277|250|295|67,0.62210381|0.03704365|0.02105804|0.01317081|0.01180134,1,0.6221038103103638,True,251,0.6221038103103638,True,251,0.1984560340642929,True,251,0.7467906475067139,True,251,0.22764840722084045,True,c12_correct
252,253,253_10.bmp,preprocessed_results\253\253_10.bmp,252,252,252,0.7523836493492126,154,0.016094250604510307,0.7362893987447023,252|154|249|284|198,0.75238365|0.01609425|0.01442616|0.01175099|0.00690990,1,0.7523836493492126,True,252,0.7523836493492126,True,252,0.7362930178642273,True,252,0.7890079617500305,True,252,0.6123083829879761,True,c12_correct
253,254,254_4.bmp,preprocessed_results\254\254_4.bmp,253,253,253,0.09456455707550049,158,0.05087793618440628,0.04368662089109421,253|158|728|187|159,0.09456456|0.05087794|0.04109687|0.03667749|0.02789937,1,0.09456455707550049,True,253,0.09456455707550049,True,253,0.5054067373275757,True,253,0.7730311751365662,True,253,0.4806680977344513,True,c12_correct
254,255,255_4.bmp,preprocessed_results\255\255_4.bmp,254,254,254,0.8045579791069031,255,0.05405300483107567,0.7505049742758274,254|255|228|24|14,0.80455798|0.05405300|0.00339120|0.00337835|0.00282125,1,0.8045579791069031,True,254,0.8045579791069031,True,254,0.839789092540741,True,254,0.807001531124115,True,254,0.8626630306243896,True,c12_correct
255,256,256_6.bmp,preprocessed_results\256\256_6.bmp,255,255,255,0.8606520891189575,254,0.00816615391522646,0.8524859352037311,255|254|349|15|43,0.86065209|0.00816615|0.00409362|0.00302979|0.00243423,1,0.8606520891189575,True,255,0.8606520891189575,True,255,0.4139748811721802,True,255,0.7597140669822693,True,255,0.3981412351131439,True,c12_correct
256,257,257_3.bmp,preprocessed_results\257\257_3.bmp,256,256,256,0.9090561270713806,386,0.0024094111286103725,0.9066467159427702,256|386|754|603|319,0.90905613|0.00240941|0.00189840|0.00150488|0.00140934,1,0.9090561270713806,True,256,0.9090561270713806,True,256,0.7808870673179626,True,256,0.8371625542640686,True,256,0.7890276908874512,True,c12_correct
257,258,258_8.bmp,preprocessed_results\258\258_8.bmp,257,257,257,0.9237456321716309,339,0.0021858883555978537,0.921559743816033,257|339|261|256|91,0.92374563|0.00218589|0.00199531|0.00191405|0.00188554,1,0.9237456321716309,True,257,0.9237456321716309,True,257,0.7103919982910156,True,257,0.8322258591651917,True,257,0.8520551323890686,True,c12_correct
258,259,259_10.bmp,preprocessed_results\259\259_10.bmp,258,258,258,0.8437061905860901,152,0.0028472694102674723,0.8408589211758226,258|152|77|87|283,0.84370619|0.00284727|0.00283965|0.00182449|0.00181897,1,0.8437061905860901,True,258,0.8437061905860901,True,258,0.6906899809837341,True,258,0.8548904061317444,True,258,0.6546504497528076,True,c12_correct
259,260,260_2.bmp,preprocessed_results\260\260_2.bmp,259,259,259,0.5993070006370544,195,0.008284530602395535,0.5910224700346589,259|195|111|575|787,0.59930700|0.00828453|0.00661113|0.00646276|0.00643571,1,0.5993070006370544,True,259,0.5993070006370544,True,259,0.6693030595779419,True,259,0.7926037311553955,True,259,0.7015136480331421,True,c12_correct
260,261,261_1.bmp,preprocessed_results\261\261_1.bmp,260,260,260,0.9186017513275146,261,0.006200484931468964,0.9124012663960457,260|261|287|319|195,0.91860175|0.00620048|0.00582096|0.00398430|0.00140206,1,0.9186017513275146,True,260,0.9186017513275146,True,260,0.8733338117599487,True,260,0.8392126560211182,True,260,0.7274884581565857,True,c12_correct
261,262,262_4.bmp,preprocessed_results\262\262_4.bmp,261,261,261,0.9123616814613342,290,0.012323122471570969,0.9000385589897633,261|290|260|21|287,0.91236168|0.01232312|0.00397354|0.00251656|0.00208921,1,0.9123616814613342,True,261,0.9123616814613342,True,261,0.7054235935211182,True,261,0.8258645534515381,True,261,0.8168089389801025,True,c12_correct
262,263,263_5.bmp,preprocessed_results\263\263_5.bmp,262,262,262,0.9302316904067993,334,0.004645229317247868,0.9255864610895514,262|334|325|255|231,0.93023169|0.00464523|0.00393033|0.00366301|0.00209944,1,0.9302316904067993,True,262,0.9302316904067993,True,262,0.9032405614852905,True,262,0.8574600219726562,True,262,0.8420262932777405,True,c12_correct
263,264,264_2.bmp,preprocessed_results\264\264_2.bmp,263,263,263,0.8796782493591309,267,0.00859600119292736,0.8710822481662035,263|267|276|89|262,0.87967825|0.00859600|0.00275940|0.00258748|0.00250773,1,0.8796782493591309,True,263,0.8796782493591309,True,263,0.8010860085487366,True,263,0.8188163638114929,True,263,0.759357213973999,True,c12_correct
264,265,265_5.bmp,preprocessed_results\265\265_5.bmp,264,264,264,0.7736253142356873,49,0.04519924148917198,0.7284260727465153,264|49|208|295|68,0.77362531|0.04519924|0.02705672|0.00607542|0.00376134,1,0.7736253142356873,True,264,0.7736253142356873,True,264,0.6136935353279114,True,264,0.8081297874450684,True,264,0.7784490585327148,True,c12_correct
265,266,266_1.bmp,preprocessed_results\266\266_1.bmp,265,265,265,0.8072130680084229,153,0.01727296970784664,0.7899400983005762,265|153|303|138|37,0.80721307|0.01727297|0.00942114|0.00675609|0.00595406,1,0.8072130680084229,True,265,0.8072130680084229,True,265,0.4188287556171417,True,265,0.8068385124206543,True,265,0.7418564558029175,True,c12_correct
266,267,267_3.bmp,preprocessed_results\267\267_3.bmp,266,266,266,0.7315075397491455,338,0.02241554670035839,0.7090919930487871,266|338|497|254|233,0.73150754|0.02241555|0.00537257|0.00421468|0.00411859,1,0.7315075397491455,True,266,0.7315075397491455,True,266,0.4354759454727173,True,266,0.8210803866386414,True,266,0.6285802125930786,True,c12_correct
267,268,268_1.bmp,preprocessed_results\268\268_1.bmp,267,267,267,0.974717378616333,193,0.0007750832592137158,0.9739422953571193,267|193|270|339|97,0.97471738|0.00077508|0.00077454|0.00039149|0.00037427,1,0.974717378616333,True,267,0.974717378616333,True,267,0.8494590520858765,True,267,0.8352119326591492,True,267,0.8283273577690125,True,c12_correct
268,269,269_7.bmp,preprocessed_results\269\269_7.bmp,268,268,268,0.945139467716217,163,0.002210476202890277,0.9429289915133268,268|163|251|421|95,0.94513947|0.00221048|0.00126964|0.00123343|0.00092783,1,0.945139467716217,True,268,0.945139467716217,True,268,0.9157472848892212,True,268,0.8257851600646973,True,268,0.8202613592147827,True,c12_correct
269,270,270_1.bmp,preprocessed_results\270\270_1.bmp,269,269,269,0.6614643335342407,139,0.06154128909111023,0.5999230444431305,269|139|286|568|302,0.66146433|0.06154129|0.01954381|0.01001793|0.00935052,1,0.6614643335342407,True,269,0.6614643335342407,True,269,0.7094284296035767,True,269,0.8128648400306702,True,269,0.671527087688446,True,c12_correct
270,271,271_3.bmp,preprocessed_results\271\271_3.bmp,270,270,270,0.8741543292999268,271,0.08052169531583786,0.7936326339840889,270|271|564|30|267,0.87415433|0.08052170|0.00289632|0.00180795|0.00149237,1,0.8741543292999268,True,270,0.8741543292999268,True,270,0.8442605137825012,True,270,0.8455799221992493,True,270,0.8132631182670593,True,c12_correct
271,272,272_1.bmp,preprocessed_results\272\272_1.bmp,271,271,271,0.7747902870178223,504,0.009804761968553066,0.7649855250492692,271|504|270|598|144,0.77479029|0.00980476|0.00965099|0.00677712|0.00424528,1,0.7747902870178223,True,271,0.7747902870178223,True,271,0.5981502532958984,True,271,0.7453829646110535,True,271,0.6488009095191956,True,c12_correct
272,273,273_6.bmp,preprocessed_results\273\273_6.bmp,272,272,272,0.8624752759933472,273,0.03557123616337776,0.8269040398299694,272|273|565|587|564,0.86247528|0.03557124|0.01127583|0.00235607|0.00233052,1,0.8624752759933472,True,272,0.8624752759933472,True,272,0.7804572582244873,True,272,0.8263424038887024,True,272,0.7741585373878479,True,c12_correct
273,274,274_2.bmp,preprocessed_results\274\274_2.bmp,273,273,273,0.8612966537475586,272,0.06108541414141655,0.800211239606142,273|272|143|270|339,0.86129665|0.06108541|0.00386192|0.00364035|0.00276112,1,0.8612966537475586,True,273,0.8612966537475586,True,273,0.8765882849693298,True,273,0.8251475095748901,True,273,0.9320734739303589,True,c12_correct
274,275,275_8.bmp,preprocessed_results\275\275_8.bmp,274,274,274,0.7580878734588623,120,0.012177661992609501,0.7459102114662528,274|120|47|153|289,0.75808787|0.01217766|0.01099482|0.00928269|0.00729758,1,0.7580878734588623,True,274,0.7580878734588623,True,274,0.7217784523963928,True,274,0.8319404721260071,True,274,0.7625699043273926,True,c12_correct
275,276,276_3.bmp,preprocessed_results\276\276_3.bmp,275,275,275,0.8835242986679077,274,0.011221230030059814,0.8723030686378479,275|274|21|578|47,0.88352430|0.01122123|0.00862174|0.00384755|0.00310120,1,0.8835242986679077,True,275,0.8835242986679077,True,275,0.8376737236976624,True,275,0.8120813369750977,True,275,0.7673323750495911,True,c12_correct
276,277,277_6.bmp,preprocessed_results\277\277_6.bmp,276,276,42,0.10163344442844391,276,0.05944152548909187,0.042191918939352036,42|276|329|251|432,0.10163344|0.05944153|0.05377679|0.04528894|0.03331763,2,0.05944152548909187,True,42,0.10163344442844391,False,276,0.0907338485121727,True,276,0.5429534316062927,True,276,0.12268649786710739,True,teacher_all_correct;low_margin;true_in_top5
277,278,278_5.bmp,preprocessed_results\278\278_5.bmp,277,277,277,0.6820661425590515,320,0.01492137461900711,0.6671447679400444,277|320|278|59|172,0.68206614|0.01492137|0.01401137|0.01279441|0.01188495,1,0.6820661425590515,True,277,0.6820661425590515,True,277,0.4913191497325897,True,277,0.7926443815231323,True,277,0.3603668510913849,True,c12_correct
278,279,279_6.bmp,preprocessed_results\279\279_6.bmp,278,278,278,0.33466801047325134,172,0.03716345131397247,0.29750455915927887,278|172|279|173|213,0.33466801|0.03716345|0.03024223|0.02312952|0.01901663,1,0.33466801047325134,True,278,0.33466801047325134,True,278,0.40090474486351013,True,278,0.8005096912384033,True,278,0.7219039797782898,True,c12_correct
279,280,280_4.bmp,preprocessed_results\280\280_4.bmp,279,279,279,0.9251946806907654,278,0.00701235281303525,0.9181823278777301,279|278|792|274|257,0.92519468|0.00701235|0.00269181|0.00222153|0.00202911,1,0.9251946806907654,True,279,0.9251946806907654,True,279,0.7882598042488098,True,279,0.8061201572418213,True,279,0.7376769781112671,True,c12_correct
280,281,281_5.bmp,preprocessed_results\281\281_5.bmp,280,280,280,0.9274216890335083,281,0.012584325857460499,0.9148373631760478,280|281|148|178|1,0.92742169|0.01258433|0.00320283|0.00109568|0.00101613,1,0.9274216890335083,True,280,0.9274216890335083,True,280,0.9118324518203735,True,280,0.8175246119499207,True,280,0.8789328336715698,True,c12_correct
281,282,282_1.bmp,preprocessed_results\282\282_1.bmp,281,281,281,0.9337497353553772,420,0.006793779321014881,0.9269559560343623,281|420|40|232|280,0.93374974|0.00679378|0.00248562|0.00233615|0.00213023,1,0.9337497353553772,True,281,0.9337497353553772,True,281,0.828276515007019,True,281,0.8484746217727661,True,281,0.8046217560768127,True,c12_correct
282,283,283_9.bmp,preprocessed_results\283\283_9.bmp,282,282,282,0.6902447938919067,283,0.07349120825529099,0.6167535856366158,282|283|531|273|142,0.69024479|0.07349121|0.01269081|0.01168513|0.01039832,1,0.6902447938919067,True,282,0.6902447938919067,True,282,0.4796973764896393,True,282,0.8201028108596802,True,282,0.584182858467102,True,c12_correct
283,284,284_7.bmp,preprocessed_results\284\284_7.bmp,283,283,283,0.8738390207290649,282,0.03292180597782135,0.8409172147512436,283|282|117|273|665,0.87383902|0.03292181|0.00535894|0.00405177|0.00303553,1,0.8738390207290649,True,283,0.8738390207290649,True,283,0.6692676544189453,True,283,0.8352515697479248,True,283,0.7591683864593506,True,c12_correct
284,285,285_8.bmp,preprocessed_results\285\285_8.bmp,284,284,284,0.5639030337333679,285,0.03975047543644905,0.5241525582969189,284|285|224|269|676,0.56390303|0.03975048|0.03261672|0.01697200|0.01347923,1,0.5639030337333679,True,284,0.5639030337333679,True,284,0.6396360397338867,True,284,0.8167852759361267,True,284,0.637486457824707,True,c12_correct
285,286,286_3.bmp,preprocessed_results\286\286_3.bmp,285,285,285,0.7711691856384277,225,0.029998742043972015,0.7411704435944557,285|225|284|624|784,0.77116919|0.02999874|0.01281834|0.00515822|0.00392197,1,0.7711691856384277,True,285,0.7711691856384277,True,285,0.5719086527824402,True,285,0.8006489276885986,True,285,0.5580289959907532,True,c12_correct
286,287,287_9.bmp,preprocessed_results\287\287_9.bmp,286,286,286,0.8549543619155884,287,0.008938371203839779,0.8460159907117486,286|287|302|236|660,0.85495436|0.00893837|0.00650479|0.00305834|0.00304184,1,0.8549543619155884,True,286,0.8549543619155884,True,286,0.313799649477005,True,286,0.8087708950042725,True,286,0.5781782865524292,True,c12_correct
287,288,288_8.bmp,preprocessed_results\288\288_8.bmp,287,287,287,0.4083402752876282,261,0.017245538532733917,0.39109473675489426,287|261|286|169|128,0.40834028|0.01724554|0.01437181|0.01306551|0.01177036,1,0.4083402752876282,True,287,0.4083402752876282,True,287,0.45278987288475037,True,287,0.7865373492240906,True,287,0.44465741515159607,True,c12_correct
288,289,289_8.bmp,preprocessed_results\289\289_8.bmp,288,288,288,0.9507866501808167,131,0.003960883244872093,0.9468257669359446,288|131|118|95|162,0.95078665|0.00396088|0.00266401|0.00102769|0.00084077,1,0.9507866501808167,True,288,0.9507866501808167,True,288,0.8680344820022583,True,288,0.815605103969574,True,288,0.8436425924301147,True,c12_correct
289,290,290_6.bmp,preprocessed_results\290\290_6.bmp,289,289,289,0.6524491310119629,118,0.02347666770219803,0.6289724633097649,289|118|277|288|158,0.65244913|0.02347667|0.01736821|0.00897460|0.00820988,1,0.6524491310119629,True,289,0.6524491310119629,True,289,0.5426594614982605,True,289,0.8239730596542358,True,289,0.6133415699005127,True,c12_correct
290,291,291_4.bmp,preprocessed_results\291\291_4.bmp,290,290,290,0.938783586025238,291,0.014104999601840973,0.9246785864233971,290|291|159|261|284,0.93878359|0.01410500|0.00405306|0.00391460|0.00165887,1,0.938783586025238,True,290,0.938783586025238,True,290,0.9032749533653259,True,290,0.8247109055519104,True,290,0.7619705200195312,True,c12_correct
291,292,292_1.bmp,preprocessed_results\292\292_1.bmp,291,291,291,0.8676170110702515,159,0.015608708374202251,0.8520083026960492,291|159|290|253|65,0.86761701|0.01560871|0.01107875|0.00633980|0.00241694,1,0.8676170110702515,True,291,0.8676170110702515,True,291,0.744962215423584,True,291,0.8015739321708679,True,291,0.6713095307350159,True,c12_correct
292,293,293_8.bmp,preprocessed_results\293\293_8.bmp,292,292,292,0.8819319605827332,298,0.005126988980919123,0.876804971601814,292|298|186|158|820,0.88193196|0.00512699|0.00360236|0.00312103|0.00279390,1,0.8819319605827332,True,292,0.8819319605827332,True,292,0.7079032063484192,True,292,0.8061219453811646,True,292,0.7966090440750122,True,c12_correct
293,294,294_10.bmp,preprocessed_results\294\294_10.bmp,293,293,293,0.921119749546051,292,0.005840454250574112,0.9152792952954769,293|292|675|205|12,0.92111975|0.00584045|0.00350839|0.00234332|0.00227017,1,0.921119749546051,True,293,0.921119749546051,True,293,0.8582970499992371,True,293,0.8386491537094116,True,293,0.6501796841621399,True,c12_correct
294,295,295_6.bmp,preprocessed_results\295\295_6.bmp,294,294,294,0.7772100567817688,548,0.005577719770371914,0.7716323370113969,294|548|549|555|70,0.77721006|0.00557772|0.00532357|0.00487777|0.00422990,1,0.7772100567817688,True,294,0.7772100567817688,True,294,0.544096052646637,True,294,0.7959542274475098,True,294,0.6131967902183533,True,c12_correct
295,296,296_6.bmp,preprocessed_results\296\296_6.bmp,295,295,295,0.5153380036354065,69,0.010165120474994183,0.5051728831604123,295|69|294|305|642,0.51533800|0.01016512|0.00940706|0.00921508|0.00615128,1,0.5153380036354065,True,295,0.5153380036354065,True,295,0.6463165879249573,True,295,0.797756552696228,True,295,0.6330760717391968,True,c12_correct
296,297,297_3.bmp,preprocessed_results\297\297_3.bmp,296,296,296,0.9624136090278625,297,0.005970628932118416,0.9564429800957441,296|297|141|274|533,0.96241361|0.00597063|0.00176251|0.00099758|0.00097559,1,0.9624136090278625,True,296,0.9624136090278625,True,296,0.7036672234535217,True,296,0.8199683427810669,True,296,0.6635331511497498,True,c12_correct
297,298,298_4.bmp,preprocessed_results\298\298_4.bmp,297,297,297,0.4823489189147949,296,0.0813484638929367,0.4010004550218582,297|296|341|160|205,0.48234892|0.08134846|0.02398412|0.02350044|0.01067149,1,0.4823489189147949,True,297,0.4823489189147949,True,297,0.44422048330307007,True,297,0.7591803669929504,True,297,0.12947478890419006,True,c12_correct
298,299,299_9.bmp,preprocessed_results\299\299_9.bmp,298,298,298,0.9418287873268127,175,0.0020156532991677523,0.939813134027645,298|175|244|167|400,0.94182879|0.00201565|0.00143813|0.00125435|0.00099080,1,0.9418287873268127,True,298,0.9418287873268127,True,298,0.8842045664787292,True,298,0.8106371760368347,True,298,0.837958574295044,True,c12_correct
299,300,300_10.bmp,preprocessed_results\300\300_10.bmp,299,299,299,0.5475019216537476,141,0.10749593377113342,0.44000598788261414,299|141|298|284|154,0.54750192|0.10749593|0.03182787|0.01074418|0.00777435,1,0.5475019216537476,True,299,0.5475019216537476,True,299,0.49184510111808777,True,299,0.7829300165176392,True,299,0.5852370858192444,True,c12_correct
300,301,301_10.bmp,preprocessed_results\301\301_10.bmp,300,300,300,0.9183762073516846,244,0.005952899344265461,0.9124233080074191,300|244|86|495|386,0.91837621|0.00595290|0.00357226|0.00230709|0.00179156,1,0.9183762073516846,True,300,0.9183762073516846,True,300,0.7432777285575867,True,300,0.8505785465240479,True,300,0.8668290376663208,True,c12_correct
301,302,302_10.bmp,preprocessed_results\302\302_10.bmp,301,301,301,0.2969023287296295,43,0.03276737034320831,0.2641349583864212,301|43|211|185|210,0.29690233|0.03276737|0.02188738|0.01741703|0.01730573,1,0.2969023287296295,True,301,0.2969023287296295,True,301,0.17879712581634521,True,301,0.727555513381958,True,301,0.4160085916519165,True,c12_correct
302,303,303_10.bmp,preprocessed_results\303\303_10.bmp,302,302,302,0.7873595952987671,119,0.009041333571076393,0.7783182617276907,302|119|303|318|287,0.78735960|0.00904133|0.00650931|0.00588778|0.00584834,1,0.7873595952987671,True,302,0.7873595952987671,True,302,0.30232182145118713,True,302,0.7718635201454163,True,302,0.6770495772361755,True,c12_correct
303,304,304_6.bmp,preprocessed_results\304\304_6.bmp,303,303,303,0.7970756888389587,507,0.01351795345544815,0.7835577353835106,303|507|235|337|29,0.79707569|0.01351795|0.01326149|0.00929697|0.00859298,1,0.7970756888389587,True,303,0.7970756888389587,True,303,0.5962857007980347,True,303,0.8218790292739868,True,303,0.8225775361061096,True,c12_correct
304,305,305_2.bmp,preprocessed_results\305\305_2.bmp,304,304,304,0.8614987730979919,326,0.013406354002654552,0.8480924190953374,304|326|133|188|378,0.86149877|0.01340635|0.00596659|0.00433075|0.00426818,1,0.8614987730979919,True,304,0.8614987730979919,True,304,0.764291524887085,True,304,0.8651877045631409,True,304,0.8464246988296509,True,c12_correct
305,306,306_6.bmp,preprocessed_results\306\306_6.bmp,305,305,305,0.635288655757904,304,0.03489921614527702,0.600389439612627,305|304|326|75|787,0.63528866|0.03489922|0.02855153|0.02725683|0.01693980,1,0.635288655757904,True,305,0.635288655757904,True,305,0.38261932134628296,True,305,0.7979332208633423,True,305,0.2887662649154663,True,c12_correct
306,307,307_7.bmp,preprocessed_results\307\307_7.bmp,306,306,306,0.9608792066574097,307,0.004580837674438953,0.9562983689829707,306|307|118|817|797,0.96087921|0.00458084|0.00137510|0.00128649|0.00099199,1,0.9608792066574097,True,306,0.9608792066574097,True,306,0.8926535248756409,True,306,0.8391762375831604,True,306,0.8505324721336365,True,c12_correct
307,308,308_9.bmp,preprocessed_results\308\308_9.bmp,307,307,307,0.9171510338783264,306,0.008948839269578457,0.908202194608748,307|306|20|41|425,0.91715103|0.00894884|0.00144456|0.00143390|0.00119243,1,0.9171510338783264,True,307,0.9171510338783264,True,307,0.8449850082397461,True,307,0.8386923670768738,True,307,0.8274281620979309,True,c12_correct
308,309,309_9.bmp,preprocessed_results\309\309_9.bmp,308,308,308,0.9548396468162537,309,0.0028308031614869833,0.9520088436547667,308|309|84|60|0,0.95483965|0.00283080|0.00152805|0.00142061|0.00102907,1,0.9548396468162537,True,308,0.9548396468162537,True,308,0.7227191925048828,True,308,0.8334454894065857,True,308,0.8108764886856079,True,c12_correct
309,310,310_9.bmp,preprocessed_results\310\310_9.bmp,309,309,309,0.9288926124572754,219,0.0033205379731953144,0.9255720744840801,309|219|308|98|4,0.92889261|0.00332054|0.00160579|0.00141749|0.00121713,1,0.9288926124572754,True,309,0.9288926124572754,True,309,0.8192331194877625,True,309,0.8189021348953247,True,309,0.777419924736023,True,c12_correct
310,311,311_9.bmp,preprocessed_results\311\311_9.bmp,310,310,310,0.4637702703475952,783,0.017326420173048973,0.44644385017454624,310|783|652|659|653,0.46377027|0.01732642|0.01531589|0.01289418|0.00935637,1,0.4637702703475952,True,310,0.4637702703475952,True,310,0.3805178105831146,True,310,0.7872028946876526,True,310,0.5297548770904541,True,c12_correct
311,312,312_7.bmp,preprocessed_results\312\312_7.bmp,311,311,311,0.7521615624427795,315,0.005061475094407797,0.7471000873483717,311|315|675|57|783,0.75216156|0.00506148|0.00471142|0.00362813|0.00349638,1,0.7521615624427795,True,311,0.7521615624427795,True,311,0.8486864566802979,True,311,0.8067275285720825,True,311,0.8541154861450195,True,c12_correct
312,313,313_3.bmp,preprocessed_results\313\313_3.bmp,312,312,312,0.9449330568313599,674,0.0015762088587507606,0.9433568479726091,312|674|256|313|250,0.94493306|0.00157621|0.00141305|0.00106102|0.00094151,1,0.9449330568313599,True,312,0.9449330568313599,True,312,0.8039668202400208,True,312,0.8282945156097412,True,312,0.8195515275001526,True,c12_correct
313,314,314_9.bmp,preprocessed_results\314\314_9.bmp,313,313,313,0.928939938545227,312,0.0031822260934859514,0.9257577124517411,313|312|206|292|662,0.92893994|0.00318223|0.00197353|0.00161248|0.00138268,1,0.928939938545227,True,313,0.928939938545227,True,313,0.6932271718978882,True,313,0.815483808517456,True,313,0.8201410174369812,True,c12_correct
314,315,315_5.bmp,preprocessed_results\315\315_5.bmp,314,314,314,0.8457362055778503,82,0.010865558870136738,0.8348706467077136,314|82|546|315|176,0.84573621|0.01086556|0.00863139|0.00517743|0.00472223,1,0.8457362055778503,True,314,0.8457362055778503,True,314,0.8028514385223389,True,314,0.8271735906600952,True,314,0.7651713490486145,True,c12_correct
315,316,316_1.bmp,preprocessed_results\316\316_1.bmp,315,315,315,0.9192705154418945,140,0.0026665437035262585,0.9166039717383683,315|140|531|494|29,0.91927052|0.00266654|0.00261957|0.00157805|0.00136564,1,0.9192705154418945,True,315,0.9192705154418945,True,315,0.8353484272956848,True,315,0.8631104826927185,True,315,0.8702097535133362,True,c12_correct
316,317,317_6.bmp,preprocessed_results\317\317_6.bmp,316,316,316,0.8133242130279541,323,0.00708993524312973,0.8062342777848244,316|323|128|399|317,0.81332421|0.00708994|0.00561458|0.00463338|0.00373298,1,0.8133242130279541,True,316,0.8133242130279541,True,316,0.8036032915115356,True,316,0.8215985298156738,True,316,0.8687023520469666,True,c12_correct
317,318,318_10.bmp,preprocessed_results\318\318_10.bmp,317,317,317,0.783933162689209,64,0.01686699688434601,0.767066165804863,317|64|323|322|340,0.78393316|0.01686700|0.01136660|0.00621479|0.00449718,1,0.783933162689209,True,317,0.783933162689209,True,317,0.6233959197998047,True,317,0.7890346646308899,True,317,0.6588646173477173,True,c12_correct
318,319,319_5.bmp,preprocessed_results\319\319_5.bmp,318,318,318,0.883469820022583,162,0.004817563574761152,0.8786522564478219,318|162|319|761|333,0.88346982|0.00481756|0.00238753|0.00163999|0.00136940,1,0.883469820022583,True,318,0.883469820022583,True,318,0.8758119940757751,True,318,0.8465142250061035,True,318,0.825977623462677,True,c12_correct
319,320,320_1.bmp,preprocessed_results\320\320_1.bmp,319,319,319,0.8132001757621765,260,0.010819592513144016,0.8023805832490325,319|260|318|261|82,0.81320018|0.01081959|0.00771385|0.00468482|0.00416178,1,0.8132001757621765,True,319,0.8132001757621765,True,319,0.6944219470024109,True,319,0.8185691833496094,True,319,0.8090822696685791,True,c12_correct
320,321,321_8.bmp,preprocessed_results\321\321_8.bmp,320,320,320,0.47466835379600525,321,0.07215584069490433,0.4025125131011009,320|321|43|276|516,0.47466835|0.07215584|0.01135930|0.01024631|0.01001456,1,0.47466835379600525,True,320,0.47466835379600525,True,320,0.41550564765930176,True,320,0.7745705842971802,True,320,0.1909407377243042,True,c12_correct
321,322,322_2.bmp,preprocessed_results\322\322_2.bmp,321,321,321,0.2113836109638214,320,0.14504371583461761,0.0663398951292038,321|320|43|720|339,0.21138361|0.14504372|0.06928117|0.01166586|0.01095191,1,0.2113836109638214,True,321,0.2113836109638214,True,321,0.10646232962608337,True,321,0.2016560584306717,True,321,0.08975730836391449,True,c12_correct
322,323,323_6.bmp,preprocessed_results\323\323_6.bmp,322,322,322,0.7702406048774719,170,0.007569075562059879,0.762671529315412,322|170|528|4|502,0.77024060|0.00756908|0.00729241|0.00673279|0.00621522,1,0.7702406048774719,True,322,0.7702406048774719,True,322,0.3592623174190521,True,322,0.7716378569602966,True,322,0.6282961368560791,True,c12_correct
323,324,324_5.bmp,preprocessed_results\324\324_5.bmp,323,323,323,0.40703314542770386,416,0.05297957733273506,0.3540535680949688,323|416|317|215|444,0.40703315|0.05297958|0.02147159|0.01712666|0.01682313,1,0.40703314542770386,True,323,0.40703314542770386,True,323,0.5006257891654968,True,323,0.8051959872245789,True,323,0.5609757900238037,True,c12_correct
324,325,325_9.bmp,preprocessed_results\325\325_9.bmp,324,324,324,0.25319239497184753,201,0.02188122645020485,0.23131116852164268,324|201|423|130|334,0.25319239|0.02188123|0.01821143|0.01639092|0.01420747,1,0.25319239497184753,True,324,0.25319239497184753,True,324,0.310334712266922,True,324,0.7866380214691162,True,324,0.4754652678966522,True,c12_correct
325,326,326_4.bmp,preprocessed_results\326\326_4.bmp,325,325,325,0.95545494556427,275,0.004446978680789471,0.9510079668834805,325|275|420|336|748,0.95545495|0.00444698|0.00138458|0.00097154|0.00090410,1,0.95545494556427,True,325,0.95545494556427,True,325,0.8391897082328796,True,325,0.8308422565460205,True,325,0.8266931772232056,True,c12_correct
326,327,327_5.bmp,preprocessed_results\327\327_5.bmp,326,326,326,0.7601650953292847,304,0.017813952639698982,0.7423511426895857,326|304|79|188|328,0.76016510|0.01781395|0.00999145|0.00520931|0.00472708,1,0.7601650953292847,True,326,0.7601650953292847,True,326,0.6641405820846558,True,326,0.8102614879608154,True,326,0.6277344822883606,True,c12_correct
327,328,328_7.bmp,preprocessed_results\328\328_7.bmp,327,327,327,0.5801401138305664,163,0.01301827933639288,0.5671218344941735,327|163|77|607|93,0.58014011|0.01301828|0.00862228|0.00697689|0.00677485,1,0.5801401138305664,True,327,0.5801401138305664,True,327,0.08096951246261597,True,327,0.7444038391113281,True,327,0.5394582748413086,True,c12_correct
328,329,329_5.bmp,preprocessed_results\329\329_5.bmp,328,328,328,0.8606820106506348,10,0.012160473503172398,0.8485215371474624,328|10|329|216|106,0.86068201|0.01216047|0.00901954|0.00683366|0.00658339,1,0.8606820106506348,True,328,0.8606820106506348,True,328,0.6017061471939087,True,328,0.8068865537643433,True,328,0.732943058013916,True,c12_correct
329,330,330_6.bmp,preprocessed_results\330\330_6.bmp,329,329,329,0.8647876381874084,266,0.004245588090270758,0.8605420500971377,329|266|214|262|328,0.86478764|0.00424559|0.00380824|0.00308611|0.00307212,1,0.8647876381874084,True,329,0.8647876381874084,True,329,0.6605647802352905,True,329,0.8139509558677673,True,329,0.5688748955726624,True,c12_correct
330,331,331_7.bmp,preprocessed_results\331\331_7.bmp,330,330,330,0.9144102931022644,338,0.006037781946361065,0.9083725111559033,330|338|12|331|794,0.91441029|0.00603778|0.00318283|0.00279492|0.00225818,1,0.9144102931022644,True,330,0.9144102931022644,True,330,0.7909072041511536,True,330,0.823542594909668,True,330,0.7473279237747192,True,c12_correct
331,332,332_3.bmp,preprocessed_results\332\332_3.bmp,331,331,331,0.9062269926071167,52,0.0022178732324391603,0.9040091193746775,331|52|792|279|339,0.90622699|0.00221787|0.00155728|0.00146105|0.00138892,1,0.9062269926071167,True,331,0.9062269926071167,True,331,0.7794360518455505,True,331,0.7931804060935974,True,331,0.7637822031974792,True,c12_correct
332,333,333_9.bmp,preprocessed_results\333\333_9.bmp,332,332,332,0.7870211601257324,479,0.009505480527877808,0.7775156795978546,332|479|220|478|333,0.78702116|0.00950548|0.00847594|0.00590739|0.00517979,1,0.7870211601257324,True,332,0.7870211601257324,True,332,0.504421055316925,True,332,0.8121078610420227,True,332,0.767697811126709,True,c12_correct
333,334,334_8.bmp,preprocessed_results\334\334_8.bmp,333,333,333,0.4716367721557617,332,0.04836367815732956,0.42327309399843216,333|332|773|142|644,0.47163677|0.04836368|0.01523532|0.01471557|0.00828473,1,0.4716367721557617,True,333,0.4716367721557617,True,333,0.2913348078727722,True,333,0.8001828193664551,True,333,0.3853820860385895,True,c12_correct
334,335,335_4.bmp,preprocessed_results\335\335_4.bmp,334,334,334,0.8109941482543945,335,0.006231690291315317,0.8047624579630792,334|335|819|262|18,0.81099415|0.00623169|0.00382548|0.00337789|0.00335748,1,0.8109941482543945,True,334,0.8109941482543945,True,334,0.8308634757995605,True,334,0.8177525401115417,True,334,0.6939746141433716,True,c12_correct
335,336,336_9.bmp,preprocessed_results\336\336_9.bmp,335,335,335,0.9097718596458435,334,0.00897481944411993,0.9007970402017236,335|334|45|216|363,0.90977186|0.00897482|0.00805751|0.00682464|0.00372851,1,0.9097718596458435,True,335,0.9097718596458435,True,335,0.7048458456993103,True,335,0.7636817097663879,True,335,0.5654311776161194,True,c12_correct
336,337,337_8.bmp,preprocessed_results\337\337_8.bmp,336,336,336,0.7539798617362976,41,0.019451376050710678,0.7345284856855869,336|41|390|405|395,0.75397986|0.01945138|0.00734431|0.00463394|0.00458631,1,0.7539798617362976,True,336,0.7539798617362976,True,336,0.613970160484314,True,336,0.8274381756782532,True,336,0.6100314855575562,True,c12_correct
337,338,338_8.bmp,preprocessed_results\338\338_8.bmp,337,337,337,0.756180465221405,336,0.009374628774821758,0.7468058364465833,337|336|303|660|425,0.75618047|0.00937463|0.00630653|0.00317610|0.00302138,1,0.756180465221405,True,337,0.756180465221405,True,337,0.7319801449775696,True,337,0.816789448261261,True,337,0.7970611453056335,True,c12_correct
338,339,339_2.bmp,preprocessed_results\339\339_2.bmp,338,338,338,0.9366936683654785,330,0.002120179357007146,0.9345734890084714,338|330|738|176|233,0.93669367|0.00212018|0.00149418|0.00111696|0.00109731,1,0.9366936683654785,True,338,0.9366936683654785,True,338,0.8284817337989807,True,338,0.7798557281494141,True,338,0.8720651865005493,True,c12_correct
339,340,340_9.bmp,preprocessed_results\340\340_9.bmp,339,339,339,0.7920161485671997,257,0.017762577161192894,0.7742535714060068,339|257|639|746|267,0.79201615|0.01776258|0.01538367|0.00729878|0.00442096,1,0.7920161485671997,True,339,0.7920161485671997,True,339,0.7800619006156921,True,339,0.8263714909553528,True,339,0.8406185507774353,True,c12_correct
340,341,341_5.bmp,preprocessed_results\341\341_5.bmp,340,340,340,0.9645755887031555,322,0.002467200392857194,0.9621083883102983,340|322|778|816|798,0.96457559|0.00246720|0.00236103|0.00083269|0.00077197,1,0.9645755887031555,True,340,0.9645755887031555,True,340,0.9355489611625671,True,340,0.8285942077636719,True,340,0.809528648853302,True,c12_correct
341,342,342_5.bmp,preprocessed_results\342\342_5.bmp,341,341,341,0.787164568901062,800,0.009072425775229931,0.7780921431258321,341|800|133|103|703,0.78716457|0.00907243|0.00548584|0.00501085|0.00337345,1,0.787164568901062,True,341,0.787164568901062,True,341,0.23000776767730713,True,341,0.7969291806221008,True,341,0.676072895526886,True,c12_correct
342,343,343_4.bmp,preprocessed_results\343\343_4.bmp,342,342,342,0.9441065788269043,350,0.0020657191053032875,0.942040859721601,342|350|486|396|343,0.94410658|0.00206572|0.00114964|0.00094528|0.00089120,1,0.9441065788269043,True,342,0.9441065788269043,True,342,0.8359135389328003,True,342,0.8311133980751038,True,342,0.8589710593223572,True,c12_correct
343,344,344_7.bmp,preprocessed_results\344\344_7.bmp,343,343,343,0.08706508576869965,503,0.016535600647330284,0.07052948512136936,343|503|352|24|205,0.08706509|0.01653560|0.01334817|0.01240538|0.01235725,1,0.08706508576869965,True,343,0.08706508576869965,True,343,0.3310820162296295,True,343,0.647014319896698,True,343,0.28462186455726624,True,c12_correct
344,345,345_3.bmp,preprocessed_results\345\345_3.bmp,344,344,344,0.9019572138786316,515,0.010434317402541637,0.89152289647609,344|515|458|319|459,0.90195721|0.01043432|0.00211923|0.00177682|0.00118193,1,0.9019572138786316,True,344,0.9019572138786316,True,344,0.8178269267082214,True,344,0.8154652714729309,True,344,0.8828286528587341,True,c12_correct
345,346,346_5.bmp,preprocessed_results\346\346_5.bmp,345,345,345,0.9057177305221558,353,0.006922716274857521,0.8987950142472982,345|353|449|352|433,0.90571773|0.00692272|0.00439702|0.00358914|0.00272948,1,0.9057177305221558,True,345,0.9057177305221558,True,345,0.8786259889602661,True,345,0.8222123980522156,True,345,0.8011511564254761,True,c12_correct
346,347,347_10.bmp,preprocessed_results\347\347_10.bmp,346,346,346,0.7063658833503723,722,0.009481159038841724,0.6968847243115306,346|722|347|76|177,0.70636588|0.00948116|0.00792102|0.00596182|0.00492924,1,0.7063658833503723,True,346,0.7063658833503723,True,346,0.675952136516571,True,346,0.8474368453025818,True,346,0.7494010925292969,True,c12_correct
347,348,348_1.bmp,preprocessed_results\348\348_1.bmp,347,347,347,0.9358306527137756,346,0.004079515114426613,0.931751137599349,347|346|473|369|454,0.93583065|0.00407952|0.00211850|0.00127999|0.00115646,1,0.9358306527137756,True,347,0.9358306527137756,True,347,0.8916627764701843,True,347,0.8317981958389282,True,347,0.7899946570396423,True,c12_correct
348,349,349_3.bmp,preprocessed_results\349\349_3.bmp,348,348,348,0.17804673314094543,392,0.05843354016542435,0.11961319297552109,348|392|429|370|349,0.17804673|0.05843354|0.02724272|0.02130890|0.01806594,1,0.17804673314094543,True,348,0.17804673314094543,True,348,0.05139249935746193,True,348,0.06953317672014236,True,348,0.07705648988485336,True,c12_correct
349,350,350_2.bmp,preprocessed_results\350\350_2.bmp,349,349,349,0.898841381072998,266,0.009463938884437084,0.889377442188561,349|266|348|389|419,0.89884138|0.00946394|0.00835106|0.00247573|0.00210575,1,0.898841381072998,True,349,0.898841381072998,True,349,0.8411916494369507,True,349,0.8387691974639893,True,349,0.882623016834259,True,c12_correct
350,351,351_9.bmp,preprocessed_results\351\351_9.bmp,350,350,350,0.7060160040855408,351,0.021752571687102318,0.6842634323984385,350|351|514|469|412,0.70601600|0.02175257|0.00734563|0.00596028|0.00568670,1,0.7060160040855408,True,350,0.7060160040855408,True,350,0.8780113458633423,True,350,0.8518442511558533,True,350,0.7975200414657593,True,c12_correct
351,352,352_3.bmp,preprocessed_results\352\352_3.bmp,351,351,351,0.8303371667861938,510,0.012913784943521023,0.8174233818426728,351|510|342|487|456,0.83033717|0.01291378|0.00525596|0.00503456|0.00463312,1,0.8303371667861938,True,351,0.8303371667861938,True,351,0.8574929237365723,True,351,0.8305898904800415,True,351,0.8287941217422485,True,c12_correct
352,353,353_5.bmp,preprocessed_results\353\353_5.bmp,352,352,352,0.8819540739059448,353,0.010245833545923233,0.8717082403600216,352|353|365|345|408,0.88195407|0.01024583|0.00564090|0.00241850|0.00235345,1,0.8819540739059448,True,352,0.8819540739059448,True,352,0.8175946474075317,True,352,0.8413774371147156,True,352,0.8154023289680481,True,c12_correct
353,354,354_1.bmp,preprocessed_results\354\354_1.bmp,353,353,353,0.48103755712509155,352,0.11889727413654327,0.3621402829885483,353|352|345|433|126,0.48103756|0.11889727|0.08484641|0.05015462|0.01139427,1,0.48103755712509155,True,353,0.48103755712509155,True,353,0.2764774262905121,True,353,0.555644154548645,True,353,0.2533957064151764,True,c12_correct
354,355,355_4.bmp,preprocessed_results\355\355_4.bmp,354,354,354,0.8753435611724854,584,0.00519742863252759,0.8701461325399578,354|584|181|450|493,0.87534356|0.00519743|0.00488886|0.00427907|0.00335573,1,0.8753435611724854,True,354,0.8753435611724854,True,354,0.822378933429718,True,354,0.8537753224372864,True,354,0.8701257109642029,True,c12_correct
355,356,356_8.bmp,preprocessed_results\356\356_8.bmp,355,355,355,0.9220870733261108,537,0.0026180583517998457,0.919469014974311,355|537|227|382|487,0.92208707|0.00261806|0.00217999|0.00215604|0.00209479,1,0.9220870733261108,True,355,0.9220870733261108,True,355,0.6106467247009277,True,355,0.8204054236412048,True,355,0.8268659710884094,True,c12_correct
356,357,357_7.bmp,preprocessed_results\357\357_7.bmp,356,356,356,0.9140284657478333,557,0.004331153351813555,0.9096973123960197,356|557|160|543|561,0.91402847|0.00433115|0.00289071|0.00248670|0.00213235,1,0.9140284657478333,True,356,0.9140284657478333,True,356,0.7409515976905823,True,356,0.8283064961433411,True,356,0.688817024230957,True,c12_correct
357,358,358_1.bmp,preprocessed_results\358\358_1.bmp,357,357,357,0.8689067959785461,550,0.006226798519492149,0.862679997459054,357|550|8|226|530,0.86890680|0.00622680|0.00315139|0.00264481|0.00234295,1,0.8689067959785461,True,357,0.8689067959785461,True,357,0.7662981748580933,True,357,0.8453443646430969,True,357,0.6619211435317993,True,c12_correct
358,359,359_10.bmp,preprocessed_results\359\359_10.bmp,358,358,358,0.8373474478721619,359,0.0430845208466053,0.7942629270255566,358|359|554|372|563,0.83734745|0.04308452|0.00604711|0.00511351|0.00402683,1,0.8373474478721619,True,358,0.8373474478721619,True,358,0.8303564786911011,True,358,0.8350566029548645,True,358,0.7469042539596558,True,c12_correct
359,360,360_2.bmp,preprocessed_results\360\360_2.bmp,359,359,359,0.7943112254142761,505,0.0075358436442911625,0.786775381769985,359|505|358|504|258,0.79431123|0.00753584|0.00720179|0.00573144|0.00525713,1,0.7943112254142761,True,359,0.7943112254142761,True,359,0.6284681558609009,True,359,0.8129370212554932,True,359,0.5059595108032227,True,c12_correct
360,361,361_3.bmp,preprocessed_results\361\361_3.bmp,360,360,360,0.8338080644607544,361,0.006693679839372635,0.8271143846213818,360|361|303|157|147,0.83380806|0.00669368|0.00457076|0.00276462|0.00242434,1,0.8338080644607544,True,360,0.8338080644607544,True,360,0.7583115100860596,True,360,0.818217396736145,True,360,0.7646821737289429,True,c12_correct
361,362,362_4.bmp,preprocessed_results\362\362_4.bmp,361,361,361,0.9170609712600708,360,0.0027542042080312967,0.9143067670520395,361|360|459|539|552,0.91706097|0.00275420|0.00153198|0.00134721|0.00116509,1,0.9170609712600708,True,361,0.9170609712600708,True,361,0.8344733119010925,True,361,0.8251808881759644,True,361,0.868922233581543,True,c12_correct
362,363,363_5.bmp,preprocessed_results\363\363_5.bmp,362,362,362,0.9133443236351013,559,0.00343632185831666,0.9099080017767847,362|559|363|808|539,0.91334432|0.00343632|0.00202388|0.00197299|0.00154079,1,0.9133443236351013,True,362,0.9133443236351013,True,362,0.9076599478721619,True,362,0.8025630116462708,True,362,0.8394796848297119,True,c12_correct
363,364,364_1.bmp,preprocessed_results\364\364_1.bmp,363,363,363,0.7886747717857361,357,0.02383260242640972,0.7648421693593264,363|357|358|538|564,0.78867477|0.02383260|0.01321989|0.01056486|0.00407438,1,0.7886747717857361,True,363,0.7886747717857361,True,363,0.3553469181060791,True,363,0.7881960272789001,True,363,0.6281689405441284,True,c12_correct
364,365,365_7.bmp,preprocessed_results\365\365_7.bmp,364,364,364,0.857532262802124,434,0.0043531619012355804,0.8531791009008884,364|434|376|446|515,0.85753226|0.00435316|0.00433421|0.00338605|0.00248262,1,0.857532262802124,True,364,0.857532262802124,True,364,0.8811852931976318,True,364,0.8194340467453003,True,364,0.7897982001304626,True,c12_correct
365,366,366_4.bmp,preprocessed_results\366\366_4.bmp,365,365,365,0.9022005200386047,449,0.012507793493568897,0.8896927265450358,365|449|352|384|515,0.90220052|0.01250779|0.00387056|0.00249656|0.00216310,1,0.9022005200386047,True,365,0.9022005200386047,True,365,0.8103225231170654,True,365,0.8556822538375854,True,365,0.856239378452301,True,c12_correct
366,367,367_3.bmp,preprocessed_results\367\367_3.bmp,366,366,366,0.7743656635284424,382,0.009181885980069637,0.7651837775483727,366|382|722|448|396,0.77436566|0.00918189|0.00423878|0.00357146|0.00342014,1,0.7743656635284424,True,366,0.7743656635284424,True,366,0.5558934211730957,True,366,0.8435027599334717,True,366,0.7370438575744629,True,c12_correct
367,368,368_3.bmp,preprocessed_results\368\368_3.bmp,367,367,367,0.9486377239227295,366,0.0030484211165457964,0.9455893028061837,367|366|343|443|487,0.94863772|0.00304842|0.00195445|0.00105182|0.00104901,1,0.9486377239227295,True,367,0.9486377239227295,True,367,0.8832902908325195,True,367,0.8485002517700195,True,367,0.8563825488090515,True,c12_correct
368,369,369_10.bmp,preprocessed_results\369\369_10.bmp,368,368,368,0.8767022490501404,369,0.0027445924933999777,0.8739576565567404,368|369|45|203|511,0.87670225|0.00274459|0.00250685|0.00227246|0.00221190,1,0.8767022490501404,True,368,0.8767022490501404,True,368,0.8311357498168945,True,368,0.8389531970024109,True,368,0.7574450969696045,True,c12_correct
369,370,370_7.bmp,preprocessed_results\370\370_7.bmp,369,369,369,0.9660415053367615,528,0.0012521246680989861,0.9647893806686625,369|528|458|235|347,0.96604151|0.00125212|0.00110609|0.00092604|0.00075066,1,0.9660415053367615,True,369,0.9660415053367615,True,369,0.892685055732727,True,369,0.8368263244628906,True,369,0.8526294231414795,True,c12_correct
370,371,371_3.bmp,preprocessed_results\371\371_3.bmp,370,370,370,0.8715802431106567,462,0.010336412116885185,0.8612438309937716,370|462|507|556|398,0.87158024|0.01033641|0.00213181|0.00187418|0.00143182,1,0.8715802431106567,True,370,0.8715802431106567,True,370,0.7823209166526794,True,370,0.8408583402633667,True,370,0.863349437713623,True,c12_correct
371,372,372_3.bmp,preprocessed_results\372\372_3.bmp,371,371,371,0.8940943479537964,393,0.009579733945429325,0.8845146140083671,371|393|353|365|352,0.89409435|0.00957973|0.00721942|0.00358143|0.00354245,1,0.8940943479537964,True,371,0.8940943479537964,True,371,0.8163006901741028,True,371,0.8454236388206482,True,371,0.8162509202957153,True,c12_correct
372,373,373_1.bmp,preprocessed_results\373\373_1.bmp,372,372,372,0.8544401526451111,373,0.006770667154341936,0.8476694854907691,372|373|555|102|448,0.85444015|0.00677067|0.00600656|0.00549918|0.00466625,1,0.8544401526451111,True,372,0.8544401526451111,True,372,0.8237771391868591,True,372,0.8252207040786743,True,372,0.7975998520851135,True,c12_correct
373,374,374_8.bmp,preprocessed_results\374\374_8.bmp,373,373,373,0.9153266549110413,372,0.003865080187097192,0.9114615747239441,373|372|475|102|689,0.91532665|0.00386508|0.00277864|0.00213483|0.00194984,1,0.9153266549110413,True,373,0.9153266549110413,True,373,0.8778768181800842,True,373,0.842119574546814,True,373,0.799150288105011,True,c12_correct
374,375,375_3.bmp,preprocessed_results\375\375_3.bmp,374,374,374,0.9591167569160461,156,0.0045729828998446465,0.9545437740162015,374|156|88|375|18,0.95911676|0.00457298|0.00154484|0.00121469|0.00114085,1,0.9591167569160461,True,374,0.9591167569160461,True,374,0.7133087515830994,True,374,0.8285359144210815,True,374,0.858775794506073,True,c12_correct
375,376,376_8.bmp,preprocessed_results\376\376_8.bmp,375,375,375,0.7309533953666687,377,0.02169017307460308,0.7092632222920656,375|377|415|374|366,0.73095340|0.02169017|0.01558672|0.01450003|0.00743166,1,0.7309533953666687,True,375,0.7309533953666687,True,375,0.15678776800632477,True,375,0.7917875051498413,True,375,0.3288825452327728,True,c12_correct
376,377,377_3.bmp,preprocessed_results\377\377_3.bmp,376,376,376,0.6055254936218262,245,0.034846264868974686,0.5706792287528515,376|245|539|414|489,0.60552549|0.03484626|0.01651782|0.01617335|0.01251237,1,0.6055254936218262,True,376,0.6055254936218262,True,376,0.8329886198043823,True,376,0.8003675937652588,True,376,0.6278231143951416,True,c12_correct
377,378,378_4.bmp,preprocessed_results\378\378_4.bmp,377,377,377,0.9407206177711487,546,0.0026993537321686745,0.93802126403898,377|546|375|226|124,0.94072062|0.00269935|0.00238656|0.00220865|0.00121527,1,0.9407206177711487,True,377,0.9407206177711487,True,377,0.7480230331420898,True,377,0.8133232593536377,True,377,0.6568224430084229,True,c12_correct
378,379,379_2.bmp,preprocessed_results\379\379_2.bmp,378,378,378,0.8502181768417358,379,0.006650902796536684,0.8435672740451992,378|379|368|412|145,0.85021818|0.00665090|0.00430953|0.00248776|0.00234846,1,0.8502181768417358,True,378,0.8502181768417358,True,378,0.4278271794319153,True,378,0.7720738053321838,True,378,0.6804508566856384,True,c12_correct
379,380,380_4.bmp,preprocessed_results\380\380_4.bmp,379,379,379,0.9045382142066956,526,0.004540151916444302,0.8999980622902513,379|526|423|417|413,0.90453821|0.00454015|0.00337348|0.00283620|0.00264458,1,0.9045382142066956,True,379,0.9045382142066956,True,379,0.8471320867538452,True,379,0.8378275632858276,True,379,0.8011637926101685,True,c12_correct
380,381,381_9.bmp,preprocessed_results\381\381_9.bmp,380,380,380,0.6496068239212036,344,0.007872876711189747,0.6417339472100139,380|344|468|519|381,0.64960682|0.00787288|0.00699597|0.00509172|0.00506651,1,0.6496068239212036,True,380,0.6496068239212036,True,380,0.6941123008728027,True,380,0.8252941370010376,True,380,0.6801044940948486,True,c12_correct
381,382,382_5.bmp,preprocessed_results\382\382_5.bmp,381,381,381,0.9497706294059753,464,0.0022011855617165565,0.9475694438442588,381|464|300|197|408,0.94977063|0.00220119|0.00130789|0.00104922|0.00092458,1,0.9497706294059753,True,381,0.9497706294059753,True,381,0.9052135944366455,True,381,0.8312296867370605,True,381,0.8911692500114441,True,c12_correct
382,383,383_7.bmp,preprocessed_results\383\383_7.bmp,382,382,382,0.6156013011932373,226,0.02711372822523117,0.5884875729680061,382|226|178|448|95,0.61560130|0.02711373|0.01067490|0.00919582|0.00598814,1,0.6156013011932373,True,382,0.6156013011932373,True,382,0.5502936244010925,True,382,0.7703027725219727,True,382,0.5199201703071594,True,c12_correct
383,384,384_1.bmp,preprocessed_results\384\384_1.bmp,383,383,383,0.7688528299331665,202,0.04457300528883934,0.7242798246443272,383|202|465|94|795,0.76885283|0.04457301|0.00669899|0.00443455|0.00431634,1,0.7688528299331665,True,383,0.7688528299331665,True,383,0.31814223527908325,True,383,0.7797489762306213,True,383,0.5572812557220459,True,c12_correct
384,385,385_10.bmp,preprocessed_results\385\385_10.bmp,384,384,384,0.4059198796749115,456,0.038709528744220734,0.36721035093069077,384|456|385|445|487,0.40591988|0.03870953|0.02662068|0.01175769|0.01169612,1,0.4059198796749115,True,384,0.4059198796749115,True,384,0.3037925362586975,True,384,0.774836003780365,True,384,0.6627215147018433,True,c12_correct
385,386,386_10.bmp,preprocessed_results\386\386_10.bmp,385,385,385,0.944832444190979,502,0.0038054075557738543,0.9410270366352051,385|502|384|66|456,0.94483244|0.00380541|0.00143262|0.00134314|0.00074934,1,0.944832444190979,True,385,0.944832444190979,True,385,0.8061366677284241,True,385,0.8334371447563171,True,385,0.8550474643707275,True,c12_correct
386,387,387_7.bmp,preprocessed_results\387\387_7.bmp,386,386,386,0.9413507580757141,387,0.002235275926068425,0.9391154821496457,386|387|382|486|156,0.94135076|0.00223528|0.00179336|0.00171260|0.00130110,1,0.9413507580757141,True,386,0.9413507580757141,True,386,0.9161335229873657,True,386,0.8424725532531738,True,386,0.847882866859436,True,c12_correct
387,388,388_4.bmp,preprocessed_results\388\388_4.bmp,387,387,387,0.9296842813491821,500,0.0032117017544806004,0.9264725795947015,387|500|516|548|386,0.92968428|0.00321170|0.00314414|0.00203367|0.00147745,1,0.9296842813491821,True,387,0.9296842813491821,True,387,0.908347487449646,True,387,0.8003862500190735,True,387,0.8443091511726379,True,c12_correct
388,389,389_7.bmp,preprocessed_results\389\389_7.bmp,388,388,388,0.8797972202301025,390,0.0052526346407830715,0.8745445855893195,388|390|507|430|360,0.87979722|0.00525263|0.00499584|0.00251062|0.00177482,1,0.8797972202301025,True,388,0.8797972202301025,True,388,0.7104275226593018,True,388,0.8495438098907471,True,388,0.7035365104675293,True,c12_correct
389,390,390_3.bmp,preprocessed_results\390\390_3.bmp,389,389,389,0.954807698726654,349,0.0019036937737837434,0.9529040049528703,389|349|391|150|124,0.95480770|0.00190369|0.00131345|0.00096877|0.00087332,1,0.954807698726654,True,389,0.954807698726654,True,389,0.8872882127761841,True,389,0.8385114073753357,True,389,0.8760157823562622,True,c12_correct
390,391,391_7.bmp,preprocessed_results\391\391_7.bmp,390,390,390,0.8920649886131287,388,0.004881925415247679,0.887183063197881,390|388|336|28|428,0.89206499|0.00488193|0.00419662|0.00214095|0.00206376,1,0.8920649886131287,True,390,0.8920649886131287,True,390,0.8213221430778503,True,390,0.848007321357727,True,390,0.8881559371948242,True,c12_correct
391,392,392_2.bmp,preprocessed_results\392\392_2.bmp,391,391,391,0.8907589316368103,133,0.009123818948864937,0.8816351126879454,391|133|771|491|429,0.89075893|0.00912382|0.00307285|0.00292384|0.00254543,1,0.8907589316368103,True,391,0.8907589316368103,True,391,0.6365172863006592,True,391,0.836934506893158,True,391,0.8515275120735168,True,c12_correct
392,393,393_8.bmp,preprocessed_results\393\393_8.bmp,392,392,392,0.682834804058075,529,0.010229450650513172,0.6726053534075618,392|529|499|408|168,0.68283480|0.01022945|0.00648316|0.00455751|0.00445764,1,0.682834804058075,True,392,0.682834804058075,True,392,0.5194188952445984,True,392,0.8234752416610718,True,392,0.5370354056358337,True,c12_correct
393,394,394_3.bmp,preprocessed_results\394\394_3.bmp,393,393,393,0.8721731901168823,514,0.0022717174142599106,0.8699014727026224,393|514|403|365|469,0.87217319|0.00227172|0.00215445|0.00210343|0.00206382,1,0.8721731901168823,True,393,0.8721731901168823,True,393,0.7049318552017212,True,393,0.8134331107139587,True,393,0.7944087982177734,True,c12_correct
394,395,395_5.bmp,preprocessed_results\395\395_5.bmp,394,394,394,0.9129888415336609,354,0.006428541149944067,0.9065603003837168,394|354|496|174|185,0.91298884|0.00642854|0.00493370|0.00211131|0.00155532,1,0.9129888415336609,True,394,0.9129888415336609,True,394,0.830297589302063,True,394,0.8526662588119507,True,394,0.8303137421607971,True,c12_correct
395,396,396_2.bmp,preprocessed_results\396\396_2.bmp,395,395,395,0.893342137336731,375,0.003208580892533064,0.8901335564441979,395|375|536|200|392,0.89334214|0.00320858|0.00232279|0.00221083|0.00215998,1,0.893342137336731,True,395,0.893342137336731,True,395,0.848617672920227,True,395,0.8385721445083618,True,395,0.8658705949783325,True,c12_correct
396,397,397_1.bmp,preprocessed_results\397\397_1.bmp,396,396,396,0.9421092867851257,468,0.0019852917175740004,0.9401239950675517,396|468|515|448|453,0.94210929|0.00198529|0.00177543|0.00122670|0.00117445,1,0.9421092867851257,True,396,0.9421092867851257,True,396,0.9139247536659241,True,396,0.8464984893798828,True,396,0.8796849846839905,True,c12_correct
397,398,398_1.bmp,preprocessed_results\398\398_1.bmp,397,397,397,0.8109491467475891,396,0.036704327911138535,0.7742448188364506,397|396|553|513|356,0.81094915|0.03670433|0.00304011|0.00299105|0.00293916,1,0.8109491467475891,True,397,0.8109491467475891,True,397,0.6681879758834839,True,397,0.8119211196899414,True,397,0.7160138487815857,True,c12_correct
398,399,399_6.bmp,preprocessed_results\399\399_6.bmp,398,398,398,0.931056559085846,498,0.0032070756424218416,0.9278494834434241,398|498|399|308|236,0.93105656|0.00320708|0.00213374|0.00146621|0.00122795,1,0.931056559085846,True,398,0.931056559085846,True,398,0.8623167872428894,True,398,0.8174144625663757,True,398,0.8503283262252808,True,c12_correct
399,400,400_7.bmp,preprocessed_results\400\400_7.bmp,399,399,399,0.8215175271034241,292,0.006542229559272528,0.8149752975441515,399|292|398|293|461,0.82151753|0.00654223|0.00626916|0.00598627|0.00502012,1,0.8215175271034241,True,399,0.8215175271034241,True,399,0.8126164674758911,True,399,0.802280068397522,True,399,0.7908414602279663,True,c12_correct
400,401,401_6.bmp,preprocessed_results\401\401_6.bmp,400,400,400,0.6624389886856079,468,0.01815183088183403,0.6442871578037739,400|468|426|148|470,0.66243899|0.01815183|0.01029333|0.00862860|0.00801930,1,0.6624389886856079,True,400,0.6624389886856079,True,400,0.4864318072795868,True,400,0.8256038427352905,True,400,0.5878109335899353,True,c12_correct
401,402,402_2.bmp,preprocessed_results\402\402_2.bmp,401,401,401,0.521297037601471,472,0.02302919141948223,0.4982678461819887,401|472|490|415|414,0.52129704|0.02302919|0.01890205|0.01615160|0.01583912,1,0.521297037601471,True,401,0.521297037601471,True,401,0.13911888003349304,True,401,0.759295642375946,True,401,0.2681601047515869,True,c12_correct
402,403,403_10.bmp,preprocessed_results\403\403_10.bmp,402,402,402,0.40776491165161133,390,0.03246387466788292,0.3753010369837284,402|390|403|376|460,0.40776491|0.03246387|0.02817946|0.02370324|0.01015043,1,0.40776491165161133,True,402,0.40776491165161133,True,402,0.4223253130912781,True,402,0.8581081628799438,True,402,0.775801420211792,True,c12_correct
403,404,404_4.bmp,preprocessed_results\404\404_4.bmp,403,403,403,0.8733640313148499,402,0.006381741259247065,0.8669822900556028,403|402|461|365|427,0.87336403|0.00638174|0.00443253|0.00198343|0.00187175,1,0.8733640313148499,True,403,0.8733640313148499,True,403,0.9121338725090027,True,403,0.8454281687736511,True,403,0.7743913531303406,True,c12_correct
404,405,405_1.bmp,preprocessed_results\405\405_1.bmp,404,404,404,0.641477644443512,376,0.030794331803917885,0.6106833126395941,404|376|235|405|414,0.64147764|0.03079433|0.02316296|0.01751435|0.01028077,1,0.641477644443512,True,404,0.641477644443512,True,404,0.5287154316902161,True,404,0.7869118452072144,True,404,0.3238120675086975,True,c12_correct
405,406,406_5.bmp,preprocessed_results\406\406_5.bmp,405,405,405,0.909818172454834,404,0.016221804544329643,0.8935963679105043,405|404|415|506|336,0.90981817|0.01622180|0.00282358|0.00202079|0.00179892,1,0.909818172454834,True,405,0.909818172454834,True,405,0.833754301071167,True,405,0.8363074064254761,True,405,0.8961847424507141,True,c12_correct
406,407,407_10.bmp,preprocessed_results\407\407_10.bmp,406,406,406,0.8755935430526733,378,0.004440415650606155,0.8711531274020672,406|378|165|782|407,0.87559354|0.00444042|0.00373885|0.00202352|0.00167432,1,0.8755935430526733,True,406,0.8755935430526733,True,406,0.9067416787147522,True,406,0.7969353199005127,True,406,0.8354146480560303,True,c12_correct
407,408,408_2.bmp,preprocessed_results\408\408_2.bmp,407,407,407,0.9684507250785828,141,0.0009315453353337944,0.967519179743249,407|141|518|546|409,0.96845073|0.00093155|0.00079150|0.00072973|0.00066506,1,0.9684507250785828,True,407,0.9684507250785828,True,407,0.9253193140029907,True,407,0.8108774423599243,True,407,0.874504029750824,True,c12_correct
408,409,409_1.bmp,preprocessed_results\409\409_1.bmp,408,408,408,0.8764395713806152,364,0.0035089270677417517,0.8729306443128735,408|364|464|200|381,0.87643957|0.00350893|0.00258014|0.00255347|0.00187168,1,0.8764395713806152,True,408,0.8764395713806152,True,408,0.8587311506271362,True,408,0.8448264598846436,True,408,0.7911651730537415,True,c12_correct
409,410,410_3.bmp,preprocessed_results\410\410_3.bmp,409,409,409,0.30263134837150574,403,0.09383811801671982,0.20879323035478592,409|403|349|395|9,0.30263135|0.09383812|0.03997796|0.01339839|0.01211901,1,0.30263134837150574,True,409,0.30263134837150574,True,409,0.6187589764595032,True,409,0.7896389961242676,True,409,0.5626306533813477,True,c12_correct
410,411,411_4.bmp,preprocessed_results\411\411_4.bmp,410,410,410,0.9006345868110657,411,0.0042584980838000774,0.8963760887272656,410|411|308|727|593,0.90063459|0.00425850|0.00173106|0.00150318|0.00120322,1,0.9006345868110657,True,410,0.9006345868110657,True,410,0.8469293117523193,True,410,0.8406693935394287,True,410,0.86758953332901,True,c12_correct
411,412,412_5.bmp,preprocessed_results\412\412_5.bmp,411,411,411,0.8862151503562927,410,0.016866113990545273,0.8693490363657475,411|410|2|291|323,0.88621515|0.01686611|0.00222786|0.00165531|0.00140255,1,0.8862151503562927,True,411,0.8862151503562927,True,411,0.7994868159294128,True,411,0.8317533731460571,True,411,0.8302191495895386,True,c12_correct
412,413,413_1.bmp,preprocessed_results\413\413_1.bmp,412,412,412,0.6049623489379883,156,0.01636720821261406,0.5885951407253742,412|156|226|413|164,0.60496235|0.01636721|0.01165000|0.01129329|0.00850926,1,0.6049623489379883,True,412,0.6049623489379883,True,412,0.27554649114608765,True,412,0.7844807505607605,True,412,0.49109575152397156,True,c12_correct
413,414,414_6.bmp,preprocessed_results\414\414_6.bmp,413,413,413,0.9069149494171143,412,0.015999596565961838,0.8909153528511524,413|412|379|437|544,0.90691495|0.01599960|0.00655071|0.00206111|0.00196446,1,0.9069149494171143,True,413,0.9069149494171143,True,413,0.8799477815628052,True,413,0.8400689959526062,True,413,0.8653119802474976,True,c12_correct
414,415,415_6.bmp,preprocessed_results\415\415_6.bmp,414,414,414,0.7170606255531311,434,0.013844490982592106,0.703216134570539,414|434|774|717|234,0.71706063|0.01384449|0.00833392|0.00794115|0.00778849,1,0.7170606255531311,True,414,0.7170606255531311,True,414,0.690808892250061,True,414,0.8280960321426392,True,414,0.8324770927429199,True,c12_correct
415,416,416_3.bmp,preprocessed_results\416\416_3.bmp,415,415,415,0.9141985177993774,375,0.00783477071672678,0.9063637470826507,415|375|447|417|745,0.91419852|0.00783477|0.00488612|0.00280132|0.00131065,1,0.9141985177993774,True,415,0.9141985177993774,True,415,0.2438715249300003,True,415,0.7937860488891602,True,415,0.4754919409751892,True,c12_correct
416,417,417_8.bmp,preprocessed_results\417\417_8.bmp,416,416,416,0.9609999656677246,519,0.0016743273008614779,0.9593256383668631,416|519|323|511|301,0.96099997|0.00167433|0.00153678|0.00135621|0.00107984,1,0.9609999656677246,True,416,0.9609999656677246,True,416,0.8700920343399048,True,416,0.8211844563484192,True,416,0.8290951251983643,True,c12_correct
417,418,418_9.bmp,preprocessed_results\418\418_9.bmp,417,417,417,0.9092070460319519,416,0.0030856879893690348,0.9061213580425829,417|416|393|471|485,0.90920705|0.00308569|0.00192013|0.00147439|0.00140591,1,0.9092070460319519,True,417,0.9092070460319519,True,417,0.891620934009552,True,417,0.8391908407211304,True,417,0.8393221497535706,True,c12_correct
418,419,419_10.bmp,preprocessed_results\419\419_10.bmp,418,418,418,0.9246418476104736,394,0.0022622356191277504,0.9223796119913459,418|394|419|398|488,0.92464185|0.00226224|0.00206695|0.00163368|0.00130935,1,0.9246418476104736,True,418,0.9246418476104736,True,418,0.8131977319717407,True,418,0.8364100456237793,True,418,0.7852705717086792,True,c12_correct
419,420,420_10.bmp,preprocessed_results\420\420_10.bmp,419,419,419,0.8033407926559448,418,0.02450728602707386,0.778833506628871,419|418|456|491|41,0.80334079|0.02450729|0.00545691|0.00413001|0.00379802,1,0.8033407926559448,True,419,0.8033407926559448,True,419,0.7821871042251587,True,419,0.8454174995422363,True,419,0.7650594115257263,True,c12_correct
420,421,421_10.bmp,preprocessed_results\421\421_10.bmp,420,420,420,0.599335789680481,165,0.012252810411155224,0.5870829792693257,420|165|32|368|798,0.59933579|0.01225281|0.00913673|0.00831461|0.00609666,1,0.599335789680481,True,420,0.599335789680481,True,420,0.8017114400863647,True,420,0.7928467988967896,True,420,0.73836749792099,True,c12_correct
421,422,422_10.bmp,preprocessed_results\422\422_10.bmp,421,421,421,0.6310078501701355,544,0.016867773607373238,0.6141400765627623,421|544|322|500|420,0.63100785|0.01686777|0.00888263|0.00653510|0.00635109,1,0.6310078501701355,True,421,0.6310078501701355,True,421,0.48841598629951477,True,421,0.8112139105796814,True,421,0.6844539642333984,True,c12_correct
422,423,423_4.bmp,preprocessed_results\423\423_4.bmp,422,422,422,0.9250819683074951,423,0.00467087235301733,0.9204110959544778,422|423|491|535|472,0.92508197|0.00467087|0.00239914|0.00232532|0.00086646,1,0.9250819683074951,True,422,0.9250819683074951,True,422,0.9248849749565125,True,422,0.8451526165008545,True,422,0.8530077338218689,True,c12_correct
423,424,424_1.bmp,preprocessed_results\424\424_1.bmp,423,423,423,0.5016775727272034,409,0.021014349535107613,0.48066322319209576,423|409|148|392|415,0.50167757|0.02101435|0.01225777|0.00894811|0.00878813,1,0.5016775727272034,True,423,0.5016775727272034,True,423,0.3396140933036804,True,423,0.7819032669067383,True,423,0.4309881329536438,True,c12_correct
424,425,425_5.bmp,preprocessed_results\425\425_5.bmp,424,424,424,0.9429548978805542,425,0.0018971787067130208,0.9410577191738412,424|425|252|430|499,0.94295490|0.00189718|0.00101170|0.00100448|0.00094862,1,0.9429548978805542,True,424,0.9429548978805542,True,424,0.9133528470993042,True,424,0.8522358536720276,True,424,0.8695542216300964,True,c12_correct
425,426,426_4.bmp,preprocessed_results\426\426_4.bmp,425,425,425,0.8827130794525146,424,0.007289564236998558,0.8754235152155161,425|424|506|337|431,0.88271308|0.00728956|0.00551119|0.00501335|0.00379759,1,0.8827130794525146,True,425,0.8827130794525146,True,425,0.9030925631523132,True,425,0.8392125964164734,True,425,0.8846896886825562,True,c12_correct
426,427,427_7.bmp,preprocessed_results\427\427_7.bmp,426,426,426,0.8759016990661621,519,0.0035186412278562784,0.8723830578383058,426|519|428|488|418,0.87590170|0.00351864|0.00349948|0.00304153|0.00207619,1,0.8759016990661621,True,426,0.8759016990661621,True,426,0.8991060256958008,True,426,0.8334020972251892,True,426,0.8852187991142273,True,c12_correct
427,428,428_3.bmp,preprocessed_results\428\428_3.bmp,427,427,427,0.9504557847976685,461,0.0018625273369252682,0.9485932574607432,427|461|508|521|449,0.95045578|0.00186253|0.00102992|0.00083962|0.00079124,1,0.9504557847976685,True,427,0.9504557847976685,True,427,0.8526126146316528,True,427,0.8335573673248291,True,427,0.8391363620758057,True,c12_correct
428,429,429_10.bmp,preprocessed_results\429\429_10.bmp,428,428,428,0.9277858138084412,426,0.005294506903737783,0.9224913069047034,428|426|519|420|91,0.92778581|0.00529451|0.00300216|0.00140035|0.00104423,1,0.9277858138084412,True,428,0.9277858138084412,True,428,0.8744204044342041,True,428,0.8407467603683472,True,428,0.805730402469635,True,c12_correct
429,430,430_3.bmp,preprocessed_results\430\430_3.bmp,429,429,429,0.9223994016647339,400,0.0027224679943174124,0.9196769336704165,429|400|407|456|546,0.92239940|0.00272247|0.00196605|0.00138850|0.00131060,1,0.9223994016647339,True,429,0.9223994016647339,True,429,0.855950653553009,True,429,0.848420262336731,True,429,0.8118656873703003,True,c12_correct
430,431,431_4.bmp,preprocessed_results\431\431_4.bmp,430,430,430,0.9363654851913452,398,0.0029012379236519337,0.9334642472676933,430|398|431|322|1,0.93636549|0.00290124|0.00207790|0.00172221|0.00158946,1,0.9363654851913452,True,430,0.9363654851913452,True,430,0.8141841292381287,True,430,0.8278679847717285,True,430,0.8163642287254333,True,c12_correct
431,432,432_7.bmp,preprocessed_results\432\432_7.bmp,431,431,431,0.960085928440094,425,0.0011323591461405158,0.9589535692939535,431|425|430|506|500,0.96008593|0.00113236|0.00109574|0.00093370|0.00081052,1,0.960085928440094,True,431,0.960085928440094,True,431,0.8850045204162598,True,431,0.8097748160362244,True,431,0.8338109254837036,True,c12_correct
432,433,433_4.bmp,preprocessed_results\433\433_4.bmp,432,432,432,0.8858712315559387,71,0.0037675434723496437,0.8821036880835891,432|71|439|433|196,0.88587123|0.00376754|0.00359827|0.00257949|0.00195866,1,0.8858712315559387,True,432,0.8858712315559387,True,432,0.7560624480247498,True,432,0.7653794288635254,True,432,0.8538130521774292,True,c12_correct
433,434,434_3.bmp,preprocessed_results\434\434_3.bmp,433,433,433,0.9371306896209717,432,0.006432922091335058,0.9306977675296366,433|432|353|82|301,0.93713069|0.00643292|0.00507788|0.00202490|0.00136692,1,0.9371306896209717,True,433,0.9371306896209717,True,433,0.8646385073661804,True,433,0.8368082046508789,True,433,0.8246939778327942,True,c12_correct
434,435,435_7.bmp,preprocessed_results\435\435_7.bmp,434,434,434,0.9245837926864624,277,0.0036758114583790302,0.9209079812280834,434|277|470|414|27,0.92458379|0.00367581|0.00212796|0.00208386|0.00144106,1,0.9245837926864624,True,434,0.9245837926864624,True,434,0.8219753503799438,True,434,0.8228733539581299,True,434,0.7497440576553345,True,c12_correct
435,436,436_4.bmp,preprocessed_results\436\436_4.bmp,435,435,435,0.9329395294189453,434,0.00468915980309248,0.9282503696158528,435|434|463|346|441,0.93293953|0.00468916|0.00194483|0.00172570|0.00128532,1,0.9329395294189453,True,435,0.9329395294189453,True,435,0.6084012985229492,True,435,0.8273805379867554,True,435,0.8244805335998535,True,c12_correct
436,437,437_4.bmp,preprocessed_results\437\437_4.bmp,436,436,436,0.8644951581954956,532,0.004467584192752838,0.8600275740027428,436|532|450|386|440,0.86449516|0.00446758|0.00424981|0.00295499|0.00234950,1,0.8644951581954956,True,436,0.8644951581954956,True,436,0.8275806903839111,True,436,0.7984253764152527,True,436,0.8134279847145081,True,c12_correct
437,438,438_4.bmp,preprocessed_results\438\438_4.bmp,437,437,437,0.8518666625022888,343,0.004148258361965418,0.8477184041403234,437|343|611|469|102,0.85186666|0.00414826|0.00372055|0.00318661|0.00308779,1,0.8518666625022888,True,437,0.8518666625022888,True,437,0.8375970125198364,True,437,0.8146589398384094,True,437,0.771968424320221,True,c12_correct
438,439,439_4.bmp,preprocessed_results\439\439_4.bmp,438,438,438,0.8672717809677124,185,0.004601448308676481,0.8626703326590359,438|185|505|439|688,0.86727178|0.00460145|0.00281284|0.00268855|0.00229243,1,0.8672717809677124,True,438,0.8672717809677124,True,438,0.5931490659713745,True,438,0.8085972666740417,True,438,0.7763228416442871,True,c12_correct
439,440,440_2.bmp,preprocessed_results\440\440_2.bmp,439,439,439,0.9510826468467712,555,0.001750461757183075,0.9493321850895882,439|555|247|505|143,0.95108265|0.00175046|0.00163795|0.00132900|0.00101786,1,0.9510826468467712,True,439,0.9510826468467712,True,439,0.8011302947998047,True,439,0.8216367363929749,True,439,0.7732090950012207,True,c12_correct
440,441,441_9.bmp,preprocessed_results\441\441_9.bmp,440,440,440,0.6062999367713928,555,0.013077556155622005,0.5932223806157708,440|555|453|43|436,0.60629994|0.01307756|0.01129035|0.00690962|0.00664874,1,0.6062999367713928,True,440,0.6062999367713928,True,440,0.6834114789962769,True,440,0.7999699115753174,True,440,0.521472692489624,True,c12_correct
441,442,442_8.bmp,preprocessed_results\442\442_8.bmp,441,441,441,0.8945397138595581,335,0.016972968354821205,0.8775667455047369,441|335|295|363|434,0.89453971|0.01697297|0.01474685|0.00189671|0.00138997,1,0.8945397138595581,True,441,0.8945397138595581,True,441,0.8880318403244019,True,441,0.8478755950927734,True,441,0.8672533631324768,True,c12_correct
442,443,443_7.bmp,preprocessed_results\443\443_7.bmp,442,442,442,0.9322183728218079,396,0.0011489078169688582,0.931069465004839,442|396|443|314|440,0.93221837|0.00114891|0.00108285|0.00093606|0.00093454,1,0.9322183728218079,True,442,0.9322183728218079,True,442,0.8943262696266174,True,442,0.8451249599456787,True,442,0.8594251871109009,True,c12_correct
443,444,444_3.bmp,preprocessed_results\444\444_3.bmp,443,443,443,0.8973764777183533,399,0.006502554286271334,0.8908739234320819,443|399|463|442|405,0.89737648|0.00650255|0.00411259|0.00396545|0.00294346,1,0.8973764777183533,True,443,0.8973764777183533,True,443,0.8580949306488037,True,443,0.8210931420326233,True,443,0.8607308268547058,True,c12_correct
444,445,445_9.bmp,preprocessed_results\445\445_9.bmp,444,444,444,0.8972986340522766,509,0.0027734600007534027,0.8945251740515232,444|509|178|393|371,0.89729863|0.00277346|0.00136733|0.00100392|0.00095201,1,0.8972986340522766,True,444,0.8972986340522766,True,444,0.8689219355583191,True,444,0.8448366522789001,True,444,0.8411538004875183,True,c12_correct
445,446,446_7.bmp,preprocessed_results\446\446_7.bmp,445,445,445,0.9572013020515442,486,0.0033816341310739517,0.9538196679204702,445|486|487|351|495,0.95720130|0.00338163|0.00109101|0.00084865|0.00072115,1,0.9572013020515442,True,445,0.9572013020515442,True,445,0.9187013506889343,True,445,0.8314332962036133,True,445,0.8662471771240234,True,c12_correct
446,447,447_2.bmp,preprocessed_results\447\447_2.bmp,446,446,446,0.8022962212562561,364,0.008790274150669575,0.7935059471055865,446|364|434|351|458,0.80229622|0.00879027|0.00608330|0.00596182|0.00503271,1,0.8022962212562561,True,446,0.8022962212562561,True,446,0.7627747654914856,True,446,0.8126873970031738,True,446,0.594318687915802,True,c12_correct
447,448,448_2.bmp,preprocessed_results\448\448_2.bmp,447,447,447,0.8861417770385742,497,0.005129817873239517,0.8810119591653347,447|497|26|382|329,0.88614178|0.00512982|0.00481695|0.00351780|0.00184025,1,0.8861417770385742,True,447,0.8861417770385742,True,447,0.8598167896270752,True,447,0.8205518126487732,True,447,0.8293733596801758,True,c12_correct
448,449,449_1.bmp,preprocessed_results\449\449_1.bmp,448,448,448,0.29578545689582825,396,0.1325351744890213,0.16325028240680695,448|396|464|352|451,0.29578546|0.13253517|0.02343160|0.01195833|0.00895991,1,0.29578545689582825,True,448,0.29578545689582825,True,448,0.38993149995803833,True,448,0.77523273229599,True,448,0.4614828824996948,True,c12_correct
449,450,450_2.bmp,preprocessed_results\450\450_2.bmp,449,449,449,0.9386429786682129,345,0.0051762438379228115,0.9334667348302901,449|345|367|477|416,0.93864298|0.00517624|0.00201029|0.00167982|0.00159121,1,0.9386429786682129,True,449,0.9386429786682129,True,449,0.8688580989837646,True,449,0.8256469964981079,True,449,0.836574137210846,True,c12_correct
450,451,451_8.bmp,preprocessed_results\451\451_8.bmp,450,450,450,0.4965149462223053,196,0.009190306067466736,0.48732464015483856,450|196|440|517|33,0.49651495|0.00919031|0.00900953|0.00825785|0.00747913,1,0.4965149462223053,True,450,0.4965149462223053,True,450,0.7412509322166443,True,450,0.8221929669380188,True,450,0.7111970782279968,True,c12_correct
451,452,452_3.bmp,preprocessed_results\452\452_3.bmp,451,451,451,0.854912281036377,196,0.005362201016396284,0.8495500800199807,451|196|102|58|477,0.85491228|0.00536220|0.00407840|0.00385233|0.00317771,1,0.854912281036377,True,451,0.854912281036377,True,451,0.7373565435409546,True,451,0.8133565187454224,True,451,0.6878321170806885,True,c12_correct
452,453,453_2.bmp,preprocessed_results\453\453_2.bmp,452,452,452,0.8937645554542542,453,0.003770574927330017,0.8899939805269241,452|453|179|216|547,0.89376456|0.00377057|0.00139734|0.00137056|0.00132624,1,0.8937645554542542,True,452,0.8937645554542542,True,452,0.7939463257789612,True,452,0.8517740368843079,True,452,0.8110964894294739,True,c12_correct
453,454,454_5.bmp,preprocessed_results\454\454_5.bmp,453,453,453,0.9110747575759888,452,0.005237680394202471,0.9058370771817863,453|452|234|251|362,0.91107476|0.00523768|0.00203104|0.00152648|0.00146633,1,0.9110747575759888,True,453,0.9110747575759888,True,453,0.7048370242118835,True,453,0.8343883156776428,True,453,0.7946453094482422,True,c12_correct
454,455,455_3.bmp,preprocessed_results\455\455_3.bmp,454,454,454,0.863421618938446,455,0.00893418863415718,0.8544874303042889,454|455|347|554|359,0.86342162|0.00893419|0.00602762|0.00495958|0.00414142,1,0.863421618938446,True,454,0.863421618938446,True,454,0.8186838626861572,True,454,0.8077970743179321,True,454,0.7233676910400391,True,c12_correct
455,456,456_1.bmp,preprocessed_results\456\456_1.bmp,455,455,455,0.5663034915924072,516,0.022893033921718597,0.5434104576706886,455|516|549|436|454,0.56630349|0.02289303|0.01601796|0.01267633|0.01020734,1,0.5663034915924072,True,455,0.5663034915924072,True,455,0.5567833781242371,True,455,0.7748892307281494,True,455,0.4954957365989685,True,c12_correct
456,457,457_10.bmp,preprocessed_results\457\457_10.bmp,456,456,456,0.5245058536529541,510,0.03271741792559624,0.49178843572735786,456|510|485|457|487,0.52450585|0.03271742|0.01231458|0.01101052|0.00936973,1,0.5245058536529541,True,456,0.5245058536529541,True,456,0.533681333065033,True,456,0.7577482461929321,True,456,0.65876305103302,True,c12_correct
457,458,458_8.bmp,preprocessed_results\458\458_8.bmp,457,457,457,0.935008704662323,456,0.004624637775123119,0.9303840668871999,457|456|351|342|509,0.93500870|0.00462464|0.00248345|0.00112926|0.00112165,1,0.935008704662323,True,457,0.935008704662323,True,457,0.7573872208595276,True,457,0.8167873024940491,True,457,0.7931007742881775,True,c12_correct
458,459,459_10.bmp,preprocessed_results\459\459_10.bmp,458,458,458,0.7483842372894287,459,0.037509605288505554,0.7108746320009232,458|459|378|480|453,0.74838424|0.03750961|0.02354571|0.00798052|0.00531511,1,0.7483842372894287,True,458,0.7483842372894287,True,458,0.7415952682495117,True,458,0.8078147768974304,True,458,0.7203735113143921,True,c12_correct
459,460,460_4.bmp,preprocessed_results\460\460_4.bmp,459,459,459,0.6060788035392761,434,0.016759393736720085,0.589319409802556,459|434|71|152|441,0.60607880|0.01675939|0.01441819|0.01136744|0.00853608,1,0.6060788035392761,True,459,0.6060788035392761,True,459,0.6056215763092041,True,459,0.8454481959342957,True,459,0.5765892863273621,True,c12_correct
460,461,461_5.bmp,preprocessed_results\461\461_5.bmp,460,460,460,0.9639691710472107,461,0.0013223497662693262,0.9626468212809414,460|461|67|178|468,0.96396917|0.00132235|0.00131934|0.00112963|0.00067665,1,0.9639691710472107,True,460,0.9639691710472107,True,460,0.8983414173126221,True,460,0.8506454825401306,True,460,0.8142290711402893,True,c12_correct
461,462,462_5.bmp,preprocessed_results\462\462_5.bmp,461,461,461,0.7304813861846924,427,0.013156754896044731,0.7173246312886477,461|427|457|460|226,0.73048139|0.01315675|0.01060305|0.00796662|0.00510278,1,0.7304813861846924,True,461,0.7304813861846924,True,461,0.8528012633323669,True,461,0.8252031207084656,True,461,0.7828893661499023,True,c12_correct
462,463,463_2.bmp,preprocessed_results\463\463_2.bmp,462,462,462,0.9208494424819946,370,0.00487906439229846,0.9159703780896962,462|370|463|473|442,0.92084944|0.00487906|0.00170372|0.00146523|0.00143821,1,0.9208494424819946,True,462,0.9208494424819946,True,462,0.8105193972587585,True,462,0.8441853523254395,True,462,0.808924674987793,True,c12_correct
463,464,464_7.bmp,preprocessed_results\464\464_7.bmp,463,463,463,0.9358752965927124,462,0.0027110488153994083,0.933164247777313,463|462|473|435|398,0.93587530|0.00271105|0.00143315|0.00127743|0.00101318,1,0.9358752965927124,True,463,0.9358752965927124,True,463,0.9118176102638245,True,463,0.8307620286941528,True,463,0.8405880331993103,True,c12_correct
464,465,465_5.bmp,preprocessed_results\465\465_5.bmp,464,464,464,0.9154615998268127,432,0.002473199740052223,0.9129884000867605,464|432|196|450|82,0.91546160|0.00247320|0.00161519|0.00125433|0.00124191,1,0.9154615998268127,True,464,0.9154615998268127,True,464,0.8837125897407532,True,464,0.8494890332221985,True,464,0.8341916799545288,True,c12_correct
465,466,466_2.bmp,preprocessed_results\466\466_2.bmp,465,465,465,0.902041494846344,417,0.003973671235144138,0.8980678236111999,465|417|393|423|467,0.90204149|0.00397367|0.00370194|0.00305146|0.00261463,1,0.902041494846344,True,465,0.902041494846344,True,465,0.9069345593452454,True,465,0.8406772613525391,True,465,0.8302757740020752,True,c12_correct
466,467,467_2.bmp,preprocessed_results\467\467_2.bmp,466,466,466,0.9347490668296814,80,0.002393971662968397,0.932355095166713,466|80|81|470|490,0.93474907|0.00239397|0.00230638|0.00223204|0.00145345,1,0.9347490668296814,True,466,0.9347490668296814,True,466,0.9351160526275635,True,466,0.8387351632118225,True,466,0.7081406712532043,True,c12_correct
467,468,468_6.bmp,preprocessed_results\468\468_6.bmp,467,467,467,0.9502700567245483,489,0.004028131254017353,0.946241925470531,467|489|477|495|546,0.95027006|0.00402813|0.00119830|0.00106617|0.00070593,1,0.9502700567245483,True,467,0.9502700567245483,True,467,0.9228125810623169,True,467,0.8389483094215393,True,467,0.8378611207008362,True,c12_correct
468,469,469_9.bmp,preprocessed_results\469\469_9.bmp,468,468,468,0.8899294137954712,469,0.012491482309997082,0.8774379314854741,468|469|344|453|396,0.88992941|0.01249148|0.00260137|0.00205221|0.00203718,1,0.8899294137954712,True,468,0.8899294137954712,True,468,0.8984293341636658,True,468,0.8440496921539307,True,468,0.8083028793334961,True,c12_correct
469,470,470_2.bmp,preprocessed_results\470\470_2.bmp,469,469,469,0.9418644905090332,483,0.002908702939748764,0.9389557875692844,469|483|468|353|422,0.94186449|0.00290870|0.00178130|0.00162895|0.00138287,1,0.9418644905090332,True,469,0.9418644905090332,True,469,0.8778026700019836,True,469,0.8437231779098511,True,469,0.7384085655212402,True,c12_correct
470,471,471_5.bmp,preprocessed_results\471\471_5.bmp,470,470,470,0.8782026767730713,200,0.004957308992743492,0.8732453677803278,470|200|166|392|471,0.87820268|0.00495731|0.00484307|0.00392220|0.00333244,1,0.8782026767730713,True,470,0.8782026767730713,True,470,0.7261019349098206,True,470,0.811663806438446,True,470,0.7900039553642273,True,c12_correct
471,472,472_7.bmp,preprocessed_results\472\472_7.bmp,471,471,471,0.9439806938171387,393,0.0015627638204023242,0.9424179299967363,471|393|190|24|550,0.94398069|0.00156276|0.00087348|0.00074654|0.00073610,1,0.9439806938171387,True,471,0.9439806938171387,True,471,0.9013407230377197,True,471,0.8126850128173828,True,471,0.8625997304916382,True,c12_correct
472,473,473_8.bmp,preprocessed_results\473\473_8.bmp,472,472,472,0.9650790691375732,473,0.0010244277073070407,0.9640546414302662,472|473|40|470|508,0.96507907|0.00102443|0.00071245|0.00066003|0.00065619,1,0.9650790691375732,True,472,0.9650790691375732,True,472,0.9088041186332703,True,472,0.8292422294616699,True,472,0.9102038741111755,True,c12_correct
473,474,474_5.bmp,preprocessed_results\474\474_5.bmp,473,473,473,0.9189600348472595,347,0.0034330282360315323,0.915527006611228,473|347|472|454|508,0.91896003|0.00343303|0.00270727|0.00194258|0.00124441,1,0.9189600348472595,True,473,0.9189600348472595,True,473,0.897605299949646,True,473,0.8311772346496582,True,473,0.8162436485290527,True,c12_correct
474,475,475_10.bmp,preprocessed_results\475\475_10.bmp,474,474,474,0.9400347471237183,475,0.0029389928095042706,0.937095754314214,474|475|533|637|685,0.94003475|0.00293899|0.00190098|0.00148204|0.00120989,1,0.9400347471237183,True,474,0.9400347471237183,True,474,0.9257514476776123,True,474,0.8597701787948608,True,474,0.8653368353843689,True,c12_correct
475,476,476_5.bmp,preprocessed_results\476\476_5.bmp,475,475,475,0.9349696040153503,559,0.005300111137330532,0.9296694928780198,475|559|474|557|540,0.93496960|0.00530011|0.00357727|0.00228085|0.00174639,1,0.9349696040153503,True,475,0.9349696040153503,True,475,0.7519541382789612,True,475,0.8244870901107788,True,475,0.8108190894126892,True,c12_correct
476,477,477_1.bmp,preprocessed_results\477\477_1.bmp,476,476,476,0.6485607624053955,477,0.13093261420726776,0.5176281481981277,476|477|484|102|533,0.64856076|0.13093261|0.02378299|0.00366424|0.00323982,1,0.6485607624053955,True,476,0.6485607624053955,True,476,0.756567120552063,True,476,0.8199299573898315,True,476,0.7269499897956848,True,c12_correct
477,478,478_7.bmp,preprocessed_results\478\478_7.bmp,477,477,477,0.9124501943588257,476,0.01588401198387146,0.8965661823749542,477|476|485|484|449,0.91245019|0.01588401|0.00322727|0.00227856|0.00136001,1,0.9124501943588257,True,477,0.9124501943588257,True,477,0.9024249911308289,True,477,0.8209660649299622,True,477,0.8592490553855896,True,c12_correct
478,479,479_5.bmp,preprocessed_results\479\479_5.bmp,478,478,478,0.9369281530380249,295,0.0018588568782433867,0.9350692961597815,478|295|68|332|726,0.93692815|0.00185886|0.00141110|0.00138389|0.00093225,1,0.9369281530380249,True,478,0.9369281530380249,True,478,0.5948625206947327,True,478,0.7974658012390137,True,478,0.7989952564239502,True,c12_correct
479,480,480_4.bmp,preprocessed_results\480\480_4.bmp,479,479,479,0.9583394527435303,538,0.0025429234374314547,0.9557965293060988,479|538|475|559|548,0.95833945|0.00254292|0.00140390|0.00102497|0.00091779,1,0.9583394527435303,True,479,0.9583394527435303,True,479,0.8709864616394043,True,479,0.8217035531997681,True,479,0.8502179384231567,True,c12_correct
480,481,481_6.bmp,preprocessed_results\481\481_6.bmp,480,480,480,0.8834980130195618,481,0.004138333257287741,0.879359679762274,480|481|404|418|364,0.88349801|0.00413833|0.00255728|0.00237259|0.00229227,1,0.8834980130195618,True,480,0.8834980130195618,True,480,0.8149152994155884,True,480,0.8314621448516846,True,480,0.86237633228302,True,c12_correct
481,482,482_7.bmp,preprocessed_results\482\482_7.bmp,481,481,481,0.8801808953285217,480,0.0021024090237915516,0.8780784863047302,481|480|395|39|442,0.88018090|0.00210241|0.00166818|0.00166756|0.00151755,1,0.8801808953285217,True,481,0.8801808953285217,True,481,0.8376964926719666,True,481,0.8280289173126221,True,481,0.7661782503128052,True,c12_correct
482,483,483_9.bmp,preprocessed_results\483\483_9.bmp,482,482,482,0.9345835447311401,483,0.004582858644425869,0.9300006860867143,482|483|467|451|70,0.93458354|0.00458286|0.00142256|0.00132040|0.00116135,1,0.9345835447311401,True,482,0.9345835447311401,True,482,0.7329362034797668,True,482,0.8339354991912842,True,482,0.879608690738678,True,c12_correct
483,484,484_9.bmp,preprocessed_results\484\484_9.bmp,483,483,483,0.9624136090278625,482,0.0013279045233502984,0.9610857045045123,483|482|230|469|536,0.96241361|0.00132790|0.00117820|0.00103268|0.00090548,1,0.9624136090278625,True,483,0.9624136090278625,True,483,0.7253075242042542,True,483,0.8191611766815186,True,483,0.8170647621154785,True,c12_correct
484,485,485_9.bmp,preprocessed_results\485\485_9.bmp,484,484,484,0.8965051174163818,485,0.006302354857325554,0.8902027625590563,484|485|476|477|508,0.89650512|0.00630235|0.00307050|0.00242863|0.00210702,1,0.8965051174163818,True,484,0.8965051174163818,True,484,0.8536112308502197,True,484,0.8338409066200256,True,484,0.7494290471076965,True,c12_correct
485,486,486_4.bmp,preprocessed_results\486\486_4.bmp,485,485,485,0.9174614548683167,477,0.005050425883382559,0.9124110289849341,485|477|484|188|546,0.91746145|0.00505043|0.00271183|0.00247959|0.00246272,1,0.9174614548683167,True,485,0.9174614548683167,True,485,0.8448038101196289,True,485,0.8359718322753906,True,485,0.8256142139434814,True,c12_correct
486,487,487_8.bmp,preprocessed_results\487\487_8.bmp,486,486,486,0.689376175403595,445,0.03853362426161766,0.6508425511419773,486|445|487|493|386,0.68937618|0.03853362|0.03128586|0.01949866|0.00543122,1,0.689376175403595,True,486,0.689376175403595,True,486,0.6228037476539612,True,486,0.8442103266716003,True,486,0.7294294238090515,True,c12_correct
487,488,488_2.bmp,preprocessed_results\488\488_2.bmp,487,487,487,0.851763129234314,345,0.00991750881075859,0.8418456204235554,487|345|486|445|355,0.85176313|0.00991751|0.00764031|0.00415421|0.00399922,1,0.851763129234314,True,487,0.851763129234314,True,487,0.7792618870735168,True,487,0.8012044429779053,True,487,0.7528406977653503,True,c12_correct
488,489,489_8.bmp,preprocessed_results\489\489_8.bmp,488,488,488,0.9389961957931519,459,0.0032296101562678814,0.935766585636884,488|459|489|418|426,0.93899620|0.00322961|0.00235184|0.00159627|0.00119687,1,0.9389961957931519,True,488,0.9389961957931519,True,488,0.8568167686462402,True,488,0.7900928258895874,True,488,0.8381079435348511,True,c12_correct
489,490,490_2.bmp,preprocessed_results\490\490_2.bmp,489,489,489,0.9259918928146362,467,0.007055960595607758,0.9189359322190285,489|467|488|533|477,0.92599189|0.00705596|0.00357683|0.00239920|0.00194310,1,0.9259918928146362,True,489,0.9259918928146362,True,489,0.8219152688980103,True,489,0.8572245240211487,True,489,0.7876899242401123,True,c12_correct
490,491,491_2.bmp,preprocessed_results\491\491_2.bmp,490,490,490,0.8771384954452515,466,0.008100198581814766,0.8690382968634367,490|466|234|472|81,0.87713850|0.00810020|0.00269386|0.00234754|0.00229925,1,0.8771384954452515,True,490,0.8771384954452515,True,490,0.7424941658973694,True,490,0.8397802710533142,True,490,0.686689019203186,True,c12_correct
491,492,492_9.bmp,preprocessed_results\492\492_9.bmp,491,491,491,0.8786771893501282,415,0.01210390217602253,0.8665732871741056,491|415|391|409|389,0.87867719|0.01210390|0.00828254|0.00343824|0.00209138,1,0.8786771893501282,True,491,0.8786771893501282,True,491,0.8104493618011475,True,491,0.8335945010185242,True,491,0.8204584121704102,True,c12_correct
492,493,493_1.bmp,preprocessed_results\493\493_1.bmp,492,492,492,0.5059808492660522,493,0.021846167743206024,0.4841346815228462,492|493|448|502|369,0.50598085|0.02184617|0.01774099|0.00988009|0.00856438,1,0.5059808492660522,True,492,0.5059808492660522,True,492,0.19336239993572235,True,492,0.7570893168449402,True,492,0.37707045674324036,True,c12_correct
493,494,494_3.bmp,preprocessed_results\494\494_3.bmp,493,493,493,0.9116177558898926,492,0.005034673027694225,0.9065830828621984,493|492|377|489|486,0.91161776|0.00503467|0.00398097|0.00245625|0.00154832,1,0.9116177558898926,True,493,0.9116177558898926,True,493,0.8352253437042236,True,493,0.8244214057922363,True,493,0.8714358806610107,True,c12_correct
494,495,495_4.bmp,preprocessed_results\495\495_4.bmp,494,494,494,0.8784992098808289,140,0.011694296263158321,0.8668049136176705,494|140|445|45|80,0.87849921|0.01169430|0.00251009|0.00241117|0.00238340,1,0.8784992098808289,True,494,0.8784992098808289,True,494,0.927399754524231,True,494,0.8385035395622253,True,494,0.8312074542045593,True,c12_correct
495,496,496_6.bmp,preprocessed_results\496\496_6.bmp,495,495,495,0.9240291118621826,378,0.005324902478605509,0.9187042093835771,495|378|74|514|351,0.92402911|0.00532490|0.00264895|0.00233361|0.00220658,1,0.9240291118621826,True,495,0.9240291118621826,True,495,0.8537381291389465,True,495,0.8546514511108398,True,495,0.8285897374153137,True,c12_correct
496,497,497_1.bmp,preprocessed_results\497\497_1.bmp,496,496,496,0.2344978153705597,497,0.19868366420269012,0.03581415116786957,496|497|539|221|459,0.23449782|0.19868366|0.01571270|0.01266326|0.01004496,1,0.2344978153705597,True,496,0.2344978153705597,True,496,0.17623190581798553,True,496,0.7798049449920654,True,496,0.2604149281978607,True,c12_correct
497,498,498_9.bmp,preprocessed_results\498\498_9.bmp,497,497,497,0.8640890717506409,396,0.0030408608727157116,0.8610482108779252,497|396|447|106|167,0.86408907|0.00304086|0.00282128|0.00280895|0.00244914,1,0.8640890717506409,True,497,0.8640890717506409,True,497,0.5835350155830383,True,497,0.8248348832130432,True,497,0.7212235331535339,True,c12_correct
498,499,499_8.bmp,preprocessed_results\499\499_8.bmp,498,498,498,0.9155784249305725,462,0.009304037317633629,0.9062743876129389,498|462|499|463|398,0.91557842|0.00930404|0.00347479|0.00307256|0.00230623,1,0.9155784249305725,True,498,0.9155784249305725,True,498,0.9140306115150452,True,498,0.8492593169212341,True,498,0.805068850517273,True,c12_correct
499,500,500_10.bmp,preprocessed_results\500\500_10.bmp,499,499,499,0.9216194748878479,506,0.0068411389365792274,0.9147783359512687,499|506|498|529|392,0.92161947|0.00684114|0.00395767|0.00180898|0.00147854,1,0.9216194748878479,True,499,0.9216194748878479,True,499,0.7168269753456116,True,499,0.8472002744674683,True,499,0.7729728817939758,True,c12_correct
500,501,501_3.bmp,preprocessed_results\501\501_3.bmp,500,500,500,0.8824626803398132,387,0.005029961932450533,0.8774327184073627,500|387|407|406|317,0.88246268|0.00502996|0.00447530|0.00284985|0.00183826,1,0.8824626803398132,True,500,0.8824626803398132,True,500,0.9203007817268372,True,500,0.8355689644813538,True,500,0.7945132851600647,True,c12_correct
501,502,502_7.bmp,preprocessed_results\502\502_7.bmp,501,501,501,0.7943846583366394,54,0.008339596912264824,0.7860450614243746,501|54|461|429|112,0.79438466|0.00833960|0.00458512|0.00446744|0.00412554,1,0.7943846583366394,True,501,0.7943846583366394,True,501,0.7506052255630493,True,501,0.8522939682006836,True,501,0.81671142578125,True,c12_correct
502,503,503_4.bmp,preprocessed_results\503\503_4.bmp,502,502,502,0.9355592727661133,500,0.0041556344367563725,0.9314036383293569,502|500|368|430|480,0.93555927|0.00415563|0.00145907|0.00145611|0.00133281,1,0.9355592727661133,True,502,0.9355592727661133,True,502,0.6088289618492126,True,502,0.8347219228744507,True,502,0.8314885497093201,True,c12_correct
503,504,504_4.bmp,preprocessed_results\504\504_4.bmp,503,503,482,0.12428237497806549,468,0.03641416132450104,0.08786821365356445,482|468|484|380|433,0.12428237|0.03641416|0.02170888|0.02010544|0.01495613,32,0.004875022452324629,False,482,0.12428237497806549,False,534,0.012089760974049568,False,503,0.028190873563289642,True,503,0.0738213062286377,True,teacher_all_correct;low_margin
504,505,505_10.bmp,preprocessed_results\505\505_10.bmp,504,504,504,0.897957444190979,505,0.012030147016048431,0.8859272971749306,504|505|555|598|450,0.89795744|0.01203015|0.00622399|0.00219743|0.00213542,1,0.897957444190979,True,504,0.897957444190979,True,504,0.9343798160552979,True,504,0.8265007138252258,True,504,0.8717280626296997,True,c12_correct
505,506,506_10.bmp,preprocessed_results\506\506_10.bmp,505,505,505,0.9476461410522461,504,0.0046914117410779,0.9429547293111682,505|504|598|439|320,0.94764614|0.00469141|0.00107655|0.00098013|0.00083839,1,0.9476461410522461,True,505,0.9476461410522461,True,505,0.8419013023376465,True,505,0.824862003326416,True,505,0.7990568280220032,True,c12_correct
506,507,507_1.bmp,preprocessed_results\507\507_1.bmp,506,506,506,0.7452501654624939,171,0.007446079049259424,0.7378040864132345,506|171|407|499|491,0.74525017|0.00744608|0.00681414|0.00470219|0.00422761,1,0.7452501654624939,True,506,0.7452501654624939,True,506,0.7096995115280151,True,506,0.8113783597946167,True,506,0.6614295244216919,True,c12_correct
507,508,508_6.bmp,preprocessed_results\508\508_6.bmp,507,507,507,0.8113095164299011,529,0.017427893355488777,0.7938816230744123,507|529|336|392|303,0.81130952|0.01742789|0.01363698|0.01111272|0.00661331,1,0.8113095164299011,True,507,0.8113095164299011,True,507,0.7128391861915588,True,507,0.8052840828895569,True,507,0.6986538767814636,True,c12_correct
508,509,509_8.bmp,preprocessed_results\509\509_8.bmp,508,508,508,0.9372105598449707,509,0.005160338710993528,0.9320502211339772,508|509|477|472|473,0.93721056|0.00516034|0.00163257|0.00147302|0.00144123,1,0.9372105598449707,True,508,0.9372105598449707,True,508,0.827589750289917,True,508,0.842714250087738,True,508,0.822607696056366,True,c12_correct
509,510,510_5.bmp,preprocessed_results\510\510_5.bmp,509,509,509,0.828235387802124,444,0.0027407133020460606,0.825494674500078,509|444|508|239|137,0.82823539|0.00274071|0.00219292|0.00200411|0.00145918,1,0.828235387802124,True,509,0.828235387802124,True,509,0.7132691740989685,True,509,0.8207140564918518,True,509,0.7344158291816711,True,c12_correct
510,511,511_6.bmp,preprocessed_results\511\511_6.bmp,510,510,510,0.8397497534751892,511,0.03087584674358368,0.8088739067316055,510|511|481|379|203,0.83974975|0.03087585|0.00221903|0.00200691|0.00155544,1,0.8397497534751892,True,510,0.8397497534751892,True,510,0.8302801847457886,True,510,0.8476369976997375,True,510,0.7547556161880493,True,c12_correct
511,512,512_8.bmp,preprocessed_results\512\512_8.bmp,511,511,511,0.870770275592804,510,0.006366296671330929,0.864403978921473,511|510|203|416|500,0.87077028|0.00636630|0.00500831|0.00439050|0.00280516,1,0.870770275592804,True,511,0.870770275592804,True,511,0.8195828795433044,True,511,0.8413814306259155,True,511,0.8525072336196899,True,c12_correct
512,513,513_10.bmp,preprocessed_results\513\513_10.bmp,512,512,512,0.938325047492981,631,0.002063268795609474,0.9362617786973715,512|631|220|328|356,0.93832505|0.00206327|0.00186916|0.00168551|0.00114226,1,0.938325047492981,True,512,0.938325047492981,True,512,0.8089703321456909,True,512,0.8129591941833496,True,512,0.7567296028137207,True,c12_correct
513,514,514_5.bmp,preprocessed_results\514\514_5.bmp,513,513,513,0.9370814561843872,563,0.004605753347277641,0.9324757028371096,513|563|372|354|373,0.93708146|0.00460575|0.00290471|0.00184817|0.00119055,1,0.9370814561843872,True,513,0.9370814561843872,True,513,0.9172853231430054,True,513,0.8600581288337708,True,513,0.8800508975982666,True,c12_correct
514,515,515_9.bmp,preprocessed_results\515\515_9.bmp,514,514,514,0.9343103170394897,479,0.0019891236443072557,0.9323211933951825,514|479|379|538|469,0.93431032|0.00198912|0.00141161|0.00134878|0.00131081,1,0.9343103170394897,True,514,0.9343103170394897,True,514,0.8656211495399475,True,514,0.8095507025718689,True,514,0.7963224649429321,True,c12_correct
515,516,516_8.bmp,preprocessed_results\516\516_8.bmp,515,515,515,0.6458845734596252,352,0.028642386198043823,0.6172421872615814,515|352|344|449|487,0.64588457|0.02864239|0.02217888|0.01608320|0.00759965,1,0.6458845734596252,True,515,0.6458845734596252,True,515,0.6109889149665833,True,515,0.8082057237625122,True,515,0.6910360455513,True,c12_correct
516,517,517_5.bmp,preprocessed_results\517\517_5.bmp,516,516,516,0.9275935888290405,517,0.0029219314455986023,0.9246716573834419,516|517|387|455|386,0.92759359|0.00292193|0.00224731|0.00199598|0.00183918,1,0.9275935888290405,True,516,0.9275935888290405,True,516,0.8810247182846069,True,516,0.8561574220657349,True,516,0.8636320233345032,True,c12_correct
517,518,518_3.bmp,preprocessed_results\518\518_3.bmp,517,517,517,0.9383461475372314,43,0.002514207735657692,0.9358319398015738,517|43|516|519|398,0.93834615|0.00251421|0.00159276|0.00158766|0.00097055,1,0.9383461475372314,True,517,0.9383461475372314,True,517,0.8423092365264893,True,517,0.8049063086509705,True,517,0.7985512614250183,True,c12_correct
518,519,519_9.bmp,preprocessed_results\519\519_9.bmp,518,518,518,0.8940762877464294,445,0.005479353945702314,0.8885969338007271,518|445|546|55|344,0.89407629|0.00547935|0.00263908|0.00239147|0.00175052,1,0.8940762877464294,True,518,0.8940762877464294,True,518,0.8140689730644226,True,518,0.8515801429748535,True,518,0.8244645595550537,True,c12_correct
519,520,520_6.bmp,preprocessed_results\520\520_6.bmp,519,519,519,0.8583526015281677,79,0.004687840584665537,0.8536647609435022,519|79|55|416|518,0.85835260|0.00468784|0.00386965|0.00361876|0.00315860,1,0.8583526015281677,True,519,0.8583526015281677,True,519,0.8117327690124512,True,519,0.8426928520202637,True,519,0.7862889170646667,True,c12_correct
520,521,521_5.bmp,preprocessed_results\521\521_5.bmp,520,520,520,0.9559728503227234,521,0.008222442120313644,0.9477504082024097,520|521|122|506|70,0.95597285|0.00822244|0.00040902|0.00039936|0.00038363,1,0.9559728503227234,True,520,0.9559728503227234,True,520,0.8655318021774292,True,520,0.8458176255226135,True,520,0.8818084001541138,True,c12_correct
521,522,522_8.bmp,preprocessed_results\522\522_8.bmp,521,521,521,0.9315463304519653,520,0.008141638711094856,0.9234046917408705,521|520|436|464|410,0.93154633|0.00814164|0.00395874|0.00155441|0.00111276,1,0.9315463304519653,True,521,0.9315463304519653,True,521,0.8288049101829529,True,521,0.814247190952301,True,521,0.8515796661376953,True,c12_correct
522,523,523_9.bmp,preprocessed_results\523\523_9.bmp,522,522,522,0.9354037046432495,401,0.007648910395801067,0.9277547942474484,522|401|523|105|28,0.93540370|0.00764891|0.00208998|0.00175396|0.00151569,1,0.9354037046432495,True,522,0.9354037046432495,True,522,0.8966403007507324,True,522,0.8360264897346497,True,522,0.8502647876739502,True,c12_correct
523,524,524_5.bmp,preprocessed_results\524\524_5.bmp,523,523,523,0.9534011483192444,522,0.0022993229795247316,0.9511018253397197,523|522|233|449|453,0.95340115|0.00229932|0.00129180|0.00068377|0.00053320,1,0.9534011483192444,True,523,0.9534011483192444,True,523,0.8649977445602417,True,523,0.8427602648735046,True,523,0.8132157921791077,True,c12_correct
524,525,525_6.bmp,preprocessed_results\525\525_6.bmp,524,524,524,0.9668408632278442,408,0.0007761701126582921,0.966064693115186,524|408|498|287|525,0.96684086|0.00077617|0.00072853|0.00071753|0.00059994,1,0.9668408632278442,True,524,0.9668408632278442,True,524,0.8779066801071167,True,524,0.8492957353591919,True,524,0.8300513625144958,True,c12_correct
525,526,526_7.bmp,preprocessed_results\526\526_7.bmp,525,525,525,0.8787382245063782,524,0.005616366397589445,0.8731218581087887,525|524|460|169|206,0.87873822|0.00561637|0.00374059|0.00213884|0.00191877,1,0.8787382245063782,True,525,0.8787382245063782,True,525,0.8663102984428406,True,525,0.8488562703132629,True,525,0.8479049205780029,True,c12_correct
526,527,527_3.bmp,preprocessed_results\527\527_3.bmp,526,526,526,0.9410718083381653,379,0.0038088480941951275,0.9372629602439702,526|379|377|530|558,0.94107181|0.00380885|0.00219712|0.00144992|0.00136061,1,0.9410718083381653,True,526,0.9410718083381653,True,526,0.78758704662323,True,526,0.8476907014846802,True,526,0.8150076270103455,True,c12_correct
527,528,528_8.bmp,preprocessed_results\528\528_8.bmp,527,527,527,0.9302226305007935,526,0.004064866341650486,0.926157764159143,527|526|448|584|379,0.93022263|0.00406487|0.00139784|0.00089940|0.00080196,1,0.9302226305007935,True,527,0.9302226305007935,True,527,0.8568797707557678,True,527,0.8370013236999512,True,527,0.8195081353187561,True,c12_correct
528,529,529_10.bmp,preprocessed_results\529\529_10.bmp,528,528,528,0.9075120091438293,398,0.0036780915688723326,0.903833917574957,528|398|322|544|510,0.90751201|0.00367809|0.00337950|0.00322126|0.00321724,1,0.9075120091438293,True,528,0.9075120091438293,True,528,0.7740767002105713,True,528,0.8174744248390198,True,528,0.6879824995994568,True,c12_correct
529,530,530_5.bmp,preprocessed_results\530\530_5.bmp,529,529,529,0.9200652837753296,528,0.004551335703581572,0.915513948071748,529|528|26|507|63,0.92006528|0.00455134|0.00182754|0.00176819|0.00167125,1,0.9200652837753296,True,529,0.9200652837753296,True,529,0.8812710046768188,True,529,0.839743435382843,True,529,0.8540804982185364,True,c12_correct
530,531,531_7.bmp,preprocessed_results\531\531_7.bmp,530,530,530,0.8407768607139587,526,0.0043860068544745445,0.8363908538594842,530|526|202|531|79,0.84077686|0.00438601|0.00415035|0.00371189|0.00269548,1,0.8407768607139587,True,530,0.8407768607139587,True,530,0.7831916213035583,True,530,0.8326126337051392,True,530,0.8483911752700806,True,c12_correct
531,532,532_8.bmp,preprocessed_results\532\532_8.bmp,531,531,531,0.9109331965446472,530,0.01012618187814951,0.9008070146664977,531|530|73|832|438,0.91093320|0.01012618|0.00374675|0.00177621|0.00175806,1,0.9109331965446472,True,531,0.9109331965446472,True,531,0.6934899091720581,True,531,0.84482741355896,True,531,0.7451040148735046,True,c12_correct
532,533,533_3.bmp,preprocessed_results\533\533_3.bmp,532,532,532,0.8991026282310486,538,0.005019195377826691,0.8940834328532219,532|538|436|479|552,0.89910263|0.00501920|0.00467122|0.00391278|0.00183016,1,0.8991026282310486,True,532,0.8991026282310486,True,532,0.9072022438049316,True,532,0.7976082563400269,True,532,0.8073616027832031,True,c12_correct
533,534,534_9.bmp,preprocessed_results\534\534_9.bmp,533,533,533,0.934847891330719,273,0.0038295870181173086,0.9310183043126017,533|273|547|376|185,0.93484789|0.00382959|0.00180467|0.00109578|0.00105472,1,0.934847891330719,True,533,0.934847891330719,True,533,0.9275917410850525,True,533,0.8342698812484741,True,533,0.8599106669425964,True,c12_correct
534,535,535_2.bmp,preprocessed_results\535\535_2.bmp,534,534,534,0.25166448950767517,177,0.026487648487091064,0.2251768410205841,534|177|479|148|56,0.25166449|0.02648765|0.02114122|0.01445859|0.01379837,1,0.25166448950767517,True,534,0.25166448950767517,True,534,0.3317716717720032,True,534,0.7262925505638123,True,534,0.29744553565979004,True,c12_correct
535,536,536_8.bmp,preprocessed_results\536\536_8.bmp,535,535,535,0.8719318509101868,555,0.003906994592398405,0.8680248563177884,535|555|422|448|531,0.87193185|0.00390699|0.00337493|0.00267006|0.00253702,1,0.8719318509101868,True,535,0.8719318509101868,True,535,0.8084248304367065,True,535,0.8425214886665344,True,535,0.7911618947982788,True,c12_correct
536,537,537_9.bmp,preprocessed_results\537\537_9.bmp,536,536,536,0.9162060022354126,347,0.0032924518454819918,0.9129135503899306,536|347|540|537|648,0.91620600|0.00329245|0.00232283|0.00209593|0.00167987,1,0.9162060022354126,True,536,0.9162060022354126,True,536,0.7912564277648926,True,536,0.8333178758621216,True,536,0.8338385820388794,True,c12_correct
537,538,538_9.bmp,preprocessed_results\538\538_9.bmp,537,537,537,0.9657608270645142,355,0.0021291400771588087,0.9636316869873554,537|355|536|106|451,0.96576083|0.00212914|0.00115702|0.00100472|0.00084681,1,0.9657608270645142,True,537,0.9657608270645142,True,537,0.8843194246292114,True,537,0.8462104201316833,True,537,0.8593040704727173,True,c12_correct
538,539,539_3.bmp,preprocessed_results\539\539_3.bmp,538,538,538,0.9058198928833008,479,0.010089344345033169,0.8957305485382676,538|479|532|475|357,0.90581989|0.01008934|0.00483158|0.00215572|0.00140413,1,0.9058198928833008,True,538,0.9058198928833008,True,538,0.5942493677139282,True,538,0.8424755930900574,True,538,0.6969955563545227,True,c12_correct
539,540,540_2.bmp,preprocessed_results\540\540_2.bmp,539,539,539,0.8140590190887451,362,0.0074250237084925175,0.8066339953802526,539|362|665|537|533,0.81405902|0.00742502|0.00719302|0.00471711|0.00401965,1,0.8140590190887451,True,539,0.8140590190887451,True,539,0.7741122245788574,True,539,0.8419188857078552,True,539,0.8500657081604004,True,c12_correct
540,541,541_10.bmp,preprocessed_results\541\541_10.bmp,540,540,540,0.9227245450019836,558,0.004145818762481213,0.9185787262395024,540|558|541|227|550,0.92272455|0.00414582|0.00323806|0.00292629|0.00251502,1,0.9227245450019836,True,540,0.9227245450019836,True,540,0.9362656474113464,True,540,0.8091968297958374,True,540,0.8896350264549255,True,c12_correct
541,542,542_5.bmp,preprocessed_results\542\542_5.bmp,541,541,541,0.9276121258735657,559,0.004640212748199701,0.922971913125366,541|559|225|540|616,0.92761213|0.00464021|0.00390942|0.00289619|0.00178017,1,0.9276121258735657,True,541,0.9276121258735657,True,541,0.8399538397789001,True,541,0.8411489129066467,True,541,0.8643888235092163,True,c12_correct
542,543,543_6.bmp,preprocessed_results\543\543_6.bmp,542,542,542,0.9423534274101257,405,0.002370645757764578,0.9399827816523612,542|405|543|383|367,0.94235343|0.00237065|0.00208913|0.00093872|0.00089775,1,0.9423534274101257,True,542,0.9423534274101257,True,542,0.8808819651603699,True,542,0.8367440700531006,True,542,0.8033409118652344,True,c12_correct
543,544,544_4.bmp,preprocessed_results\544\544_4.bmp,543,543,543,0.6196115612983704,542,0.08356200903654099,0.5360495522618294,543|542|512|132|709,0.61961156|0.08356201|0.01204530|0.00991051|0.00857998,1,0.6196115612983704,True,543,0.6196115612983704,True,543,0.16607996821403503,True,543,0.42461761832237244,True,543,0.5148686766624451,True,c12_correct
544,545,545_6.bmp,preprocessed_results\545\545_6.bmp,544,544,544,0.9182132482528687,12,0.005642082542181015,0.9125711657106876,544|12|528|542|413,0.91821325|0.00564208|0.00178863|0.00171420|0.00169957,1,0.9182132482528687,True,544,0.9182132482528687,True,544,0.8962070345878601,True,544,0.8263787627220154,True,544,0.8093364238739014,True,c12_correct
545,546,546_4.bmp,preprocessed_results\546\546_4.bmp,545,545,545,0.9421324729919434,344,0.0019262335263192654,0.9402062394656241,545|344|380|199|507,0.94213247|0.00192623|0.00117196|0.00104281|0.00077655,1,0.9421324729919434,True,545,0.9421324729919434,True,545,0.8967752456665039,True,545,0.8560627102851868,True,545,0.84101802110672,True,c12_correct
546,547,547_3.bmp,preprocessed_results\547\547_3.bmp,546,546,546,0.8410637378692627,377,0.009208410046994686,0.831855327822268,546|377|314|176|375,0.84106374|0.00920841|0.00586569|0.00515765|0.00304067,1,0.8410637378692627,True,546,0.8410637378692627,True,546,0.7849562764167786,True,546,0.8555740118026733,True,546,0.6904088258743286,True,c12_correct
547,548,548_9.bmp,preprocessed_results\548\548_9.bmp,547,547,547,0.7600353360176086,546,0.006175697315484285,0.7538596387021244,547|546|348|352|515,0.76003534|0.00617570|0.00607565|0.00438501|0.00369899,1,0.7600353360176086,True,547,0.7600353360176086,True,547,0.6334936022758484,True,547,0.8497468829154968,True,547,0.7485069036483765,True,c12_correct
548,549,549_10.bmp,preprocessed_results\549\549_10.bmp,548,548,548,0.9381030201911926,801,0.005667742341756821,0.9324352778494358,548|801|549|387|437,0.93810302|0.00566774|0.00183464|0.00132196|0.00128714,1,0.9381030201911926,True,548,0.9381030201911926,True,548,0.874372124671936,True,548,0.8416139483451843,True,548,0.8429470062255859,True,c12_correct
549,550,550_1.bmp,preprocessed_results\550\550_1.bmp,549,549,549,0.5805649757385254,548,0.08853060752153397,0.4920343682169914,549|548|294|102|196,0.58056498|0.08853061|0.01762180|0.00708552|0.00637712,1,0.5805649757385254,True,549,0.5805649757385254,True,549,0.5067136287689209,True,549,0.7926397323608398,True,549,0.6053488850593567,True,c12_correct
550,551,551_3.bmp,preprocessed_results\551\551_3.bmp,550,550,550,0.8798080086708069,483,0.007847204804420471,0.8719608038663864,550|483|551|357|200,0.87980801|0.00784720|0.00256390|0.00239403|0.00224781,1,0.8798080086708069,True,550,0.8798080086708069,True,550,0.7952713370323181,True,550,0.8383545875549316,True,550,0.7009209990501404,True,c12_correct
551,552,552_9.bmp,preprocessed_results\552\552_9.bmp,551,551,551,0.910997211933136,540,0.0050040786154568195,0.9059931333176792,551|540|550|549|358,0.91099721|0.00500408|0.00222438|0.00134030|0.00126915,1,0.910997211933136,True,551,0.910997211933136,True,551,0.8618177175521851,True,551,0.8283205628395081,True,551,0.8357982635498047,True,c12_correct
552,553,553_3.bmp,preprocessed_results\553\553_3.bmp,552,552,552,0.899014413356781,117,0.005244399420917034,0.893770013935864,552|117|282|152|532,0.89901441|0.00524440|0.00344506|0.00312118|0.00260839,1,0.899014413356781,True,552,0.899014413356781,True,552,0.8545439839363098,True,552,0.8149360418319702,True,552,0.7994791269302368,True,c12_correct
553,554,554_2.bmp,preprocessed_results\554\554_2.bmp,553,553,553,0.8604629039764404,552,0.005607009399682283,0.8548558945767581,553|552|397|538|220,0.86046290|0.00560701|0.00511575|0.00250936|0.00203971,1,0.8604629039764404,True,553,0.8604629039764404,True,553,0.8480286002159119,True,553,0.8277097344398499,True,553,0.7632375359535217,True,c12_correct
554,555,555_8.bmp,preprocessed_results\555\555_8.bmp,554,554,554,0.9239143133163452,359,0.005307696294039488,0.9186066170223057,554|359|555|358|454,0.92391431|0.00530770|0.00225708|0.00225622|0.00165287,1,0.9239143133163452,True,554,0.9239143133163452,True,554,0.8374891877174377,True,554,0.8094587326049805,True,554,0.798941969871521,True,c12_correct
555,556,556_3.bmp,preprocessed_results\556\556_3.bmp,555,555,555,0.9486619830131531,504,0.00906553864479065,0.9395964443683624,555|504|30|554|438,0.94866198|0.00906554|0.00238516|0.00199418|0.00106531,1,0.9486619830131531,True,555,0.9486619830131531,True,555,0.9200707674026489,True,555,0.842933177947998,True,555,0.8176687359809875,True,c12_correct
556,557,557_8.bmp,preprocessed_results\557\557_8.bmp,556,556,556,0.9367323517799377,557,0.004077352583408356,0.9326549991965294,556|557|454|478|804,0.93673235|0.00407735|0.00123452|0.00094423|0.00081240,1,0.9367323517799377,True,556,0.9367323517799377,True,556,0.8734621405601501,True,556,0.8128315806388855,True,556,0.8671649098396301,True,c12_correct
557,558,558_8.bmp,preprocessed_results\558\558_8.bmp,557,557,557,0.9381651282310486,556,0.006460313219577074,0.9317048150114715,557|556|356|475|474,0.93816513|0.00646031|0.00218506|0.00197433|0.00179617,1,0.9381651282310486,True,557,0.9381651282310486,True,557,0.8359882831573486,True,557,0.8468859195709229,True,557,0.8355513215065002,True,c12_correct
558,559,559_7.bmp,preprocessed_results\559\559_7.bmp,558,558,558,0.8731309175491333,227,0.005623679608106613,0.8675072379410267,558|227|514|530|413,0.87313092|0.00562368|0.00398802|0.00306576|0.00274488,1,0.8731309175491333,True,558,0.8731309175491333,True,558,0.8294911980628967,True,558,0.8262139558792114,True,558,0.8168430924415588,True,c12_correct
559,560,560_3.bmp,preprocessed_results\560\560_3.bmp,559,559,559,0.955864429473877,475,0.005120913032442331,0.9507435164414346,559|475|557|376|549,0.95586443|0.00512091|0.00159666|0.00150613|0.00088368,1,0.955864429473877,True,559,0.955864429473877,True,559,0.8080613613128662,True,559,0.8404749035835266,True,559,0.7618443369865417,True,c12_correct
560,561,561_3.bmp,preprocessed_results\561\561_3.bmp,560,560,560,0.9644521474838257,475,0.0012461853912100196,0.9632059620926157,560|475|116|117|474,0.96445215|0.00124619|0.00087790|0.00086089|0.00058526,1,0.9644521474838257,True,560,0.9644521474838257,True,560,0.844511866569519,True,560,0.8274595737457275,True,560,0.8677397966384888,True,c12_correct
561,562,562_7.bmp,preprocessed_results\562\562_7.bmp,561,561,561,0.9377108216285706,590,0.004904935602098703,0.9328058860264719,561|590|31|721|560,0.93771082|0.00490494|0.00209355|0.00169301|0.00143623,1,0.9377108216285706,True,561,0.9377108216285706,True,561,0.8221206665039062,True,561,0.8221179842948914,True,561,0.8431116938591003,True,c12_correct
562,563,563_7.bmp,preprocessed_results\563\563_7.bmp,562,562,562,0.9382480978965759,563,0.0026851047296077013,0.9355629931669682,562|563|230|72|805,0.93824810|0.00268510|0.00132218|0.00117317|0.00106873,1,0.9382480978965759,True,562,0.9382480978965759,True,562,0.8896483182907104,True,562,0.8021352887153625,True,562,0.8164016604423523,True,c12_correct
563,564,564_3.bmp,preprocessed_results\564\564_3.bmp,563,563,563,0.8930935263633728,358,0.0035590592306107283,0.8895344671327621,563|358|513|562|561,0.89309353|0.00355906|0.00227200|0.00201166|0.00193587,1,0.8930935263633728,True,563,0.8930935263633728,True,563,0.8333712816238403,True,563,0.8184922337532043,True,563,0.8542077541351318,True,c12_correct
564,565,565_9.bmp,preprocessed_results\565\565_9.bmp,564,564,564,0.8493068218231201,565,0.005653498228639364,0.8436533235944808,564|565|247|568|115,0.84930682|0.00565350|0.00364789|0.00302114|0.00182528,1,0.8493068218231201,True,564,0.8493068218231201,True,564,0.7058294415473938,True,564,0.8118752837181091,True,564,0.8225021362304688,True,c12_correct
565,566,566_7.bmp,preprocessed_results\566\566_7.bmp,565,565,565,0.9181196093559265,272,0.004883756395429373,0.9132358529604971,565|272|564|273|116,0.91811961|0.00488376|0.00192068|0.00165344|0.00111303,1,0.9181196093559265,True,565,0.9181196093559265,True,565,0.82013338804245,True,565,0.8045112490653992,True,565,0.7207930684089661,True,c12_correct
566,567,567_7.bmp,preprocessed_results\567\567_7.bmp,566,566,566,0.8318859338760376,234,0.005404168739914894,0.8264817651361227,566|234|235|175|559,0.83188593|0.00540417|0.00400873|0.00399823|0.00362516,1,0.8318859338760376,True,566,0.8318859338760376,True,566,0.7641646265983582,True,566,0.810370147228241,True,566,0.7816810011863708,True,c12_correct
567,568,568_8.bmp,preprocessed_results\568\568_8.bmp,567,567,567,0.8969552516937256,141,0.007625111378729343,0.8893301403149962,567|141|566|828|299,0.89695525|0.00762511|0.00383025|0.00243192|0.00146088,1,0.8969552516937256,True,567,0.8969552516937256,True,567,0.891059160232544,True,567,0.8459230065345764,True,567,0.8694577813148499,True,c12_correct
568,569,569_5.bmp,preprocessed_results\569\569_5.bmp,568,568,568,0.5649888515472412,772,0.019469331949949265,0.545519519597292,568|772|186|624|73,0.56498885|0.01946933|0.01691754|0.01549361|0.01114381,1,0.5649888515472412,True,568,0.5649888515472412,True,568,0.3284417688846588,True,568,0.8109583258628845,True,568,0.6579229235649109,True,c12_correct
569,570,570_9.bmp,preprocessed_results\570\570_9.bmp,569,569,569,0.9387430548667908,565,0.008930807001888752,0.929812247864902,569|565|573|583|116,0.93874305|0.00893081|0.00182328|0.00148763|0.00106767,1,0.9387430548667908,True,569,0.9387430548667908,True,569,0.8762131333351135,True,569,0.8326850533485413,True,569,0.8026889562606812,True,c12_correct
570,571,571_5.bmp,preprocessed_results\571\571_5.bmp,570,570,570,0.8933947682380676,571,0.005317890550941229,0.8880768776871264,570|571|824|658|682,0.89339477|0.00531789|0.00514465|0.00316120|0.00242037,1,0.8933947682380676,True,570,0.8933947682380676,True,570,0.8145580291748047,True,570,0.8402755856513977,True,570,0.829820990562439,True,c12_correct
571,572,572_10.bmp,preprocessed_results\572\572_10.bmp,571,571,571,0.935511589050293,683,0.005499627906829119,0.9300119611434639,571|683|570|824|682,0.93551159|0.00549963|0.00311369|0.00196094|0.00182173,1,0.935511589050293,True,571,0.935511589050293,True,571,0.7043437361717224,True,571,0.8432472944259644,True,571,0.6774974465370178,True,c12_correct
572,573,573_7.bmp,preprocessed_results\573\573_7.bmp,572,572,572,0.938258945941925,734,0.0032047531567513943,0.9350541927851737,572|734|596|424|799,0.93825895|0.00320475|0.00113246|0.00098853|0.00095600,1,0.938258945941925,True,572,0.938258945941925,True,572,0.9032832384109497,True,572,0.8480008840560913,True,572,0.8271405696868896,True,c12_correct
573,574,574_4.bmp,preprocessed_results\574\574_4.bmp,573,573,573,0.9524978995323181,569,0.00201931013725698,0.9504785893950611,573|569|565|86|71,0.95249790|0.00201931|0.00066957|0.00065932|0.00062975,1,0.9524978995323181,True,573,0.9524978995323181,True,573,0.8737680912017822,True,573,0.8598915338516235,True,573,0.8191491961479187,True,c12_correct
574,575,575_7.bmp,preprocessed_results\575\575_7.bmp,574,574,574,0.7761679291725159,600,0.005758723244071007,0.7704092059284449,574|600|705|704|730,0.77616793|0.00575872|0.00573635|0.00418901|0.00295983,1,0.7761679291725159,True,574,0.7761679291725159,True,574,0.6000933647155762,True,574,0.8483745455741882,True,574,0.6838150024414062,True,c12_correct
575,576,576_5.bmp,preprocessed_results\576\576_5.bmp,575,575,575,0.7268142700195312,326,0.010218661278486252,0.716595608741045,575|326|165|712|580,0.72681427|0.01021866|0.00638191|0.00627245|0.00544756,1,0.7268142700195312,True,575,0.7268142700195312,True,575,0.4106456935405731,True,575,0.7709347009658813,True,575,0.3296733498573303,True,c12_correct
576,577,577_4.bmp,preprocessed_results\577\577_4.bmp,576,576,576,0.8131791353225708,577,0.06027530878782272,0.7529038265347481,576|577|273|676|677,0.81317914|0.06027531|0.01124337|0.00626982|0.00466420,1,0.8131791353225708,True,576,0.8131791353225708,True,576,0.7005963325500488,True,576,0.8066973090171814,True,576,0.652164876461029,True,c12_correct
577,578,578_9.bmp,preprocessed_results\578\578_9.bmp,577,577,577,0.762276828289032,576,0.04298222437500954,0.7192946039140224,577|576|635|649|743,0.76227683|0.04298222|0.01623369|0.01178346|0.01177493,1,0.762276828289032,True,577,0.762276828289032,True,577,0.486961305141449,True,577,0.8196503520011902,True,577,0.7975424528121948,True,c12_correct
578,579,579_10.bmp,preprocessed_results\579\579_10.bmp,578,578,578,0.9239442348480225,21,0.0031249176245182753,0.9208193172235042,578|21|275|711|579,0.92394423|0.00312492|0.00288630|0.00229204|0.00223867,1,0.9239442348480225,True,578,0.9239442348480225,True,578,0.8128853440284729,True,578,0.8431575894355774,True,578,0.8384861350059509,True,c12_correct
579,580,580_4.bmp,preprocessed_results\580\580_4.bmp,579,579,579,0.843188464641571,143,0.0044425600208342075,0.8387459046207368,579|143|728|658|639,0.84318846|0.00444256|0.00393393|0.00281160|0.00260916,1,0.843188464641571,True,579,0.843188464641571,True,579,0.6658768057823181,True,579,0.7939478754997253,True,579,0.7486945986747742,True,c12_correct
580,581,581_2.bmp,preprocessed_results\581\581_2.bmp,580,580,580,0.9487412571907043,730,0.0037743065040558577,0.9449669506866485,580|730|603|581|674,0.94874126|0.00377431|0.00321167|0.00144690|0.00128768,1,0.9487412571907043,True,580,0.9487412571907043,True,580,0.9284958243370056,True,580,0.8277145624160767,True,580,0.8693168759346008,True,c12_correct
581,582,582_6.bmp,preprocessed_results\582\582_6.bmp,581,581,581,0.8481942415237427,754,0.004749746061861515,0.8434444954618812,581|754|711|776|614,0.84819424|0.00474975|0.00405403|0.00376289|0.00324596,1,0.8481942415237427,True,581,0.8481942415237427,True,581,0.8728988766670227,True,581,0.8266555070877075,True,581,0.8007642030715942,True,c12_correct
582,583,583_8.bmp,preprocessed_results\583\583_8.bmp,582,582,582,0.8891987204551697,615,0.038237448781728745,0.8509612716734409,582|615|583|143|740,0.88919872|0.03823745|0.00575182|0.00541987|0.00248209,1,0.8891987204551697,True,582,0.8891987204551697,True,582,0.7595785856246948,True,582,0.8471682071685791,True,582,0.6714209318161011,True,c12_correct
583,584,584_4.bmp,preprocessed_results\584\584_4.bmp,583,583,583,0.8764049410820007,582,0.028820743784308434,0.8475841972976923,583|582|597|615|15,0.87640494|0.02882074|0.00250878|0.00249236|0.00218209,1,0.8764049410820007,True,583,0.8764049410820007,True,583,0.6009465456008911,True,583,0.8454543352127075,True,583,0.7781446576118469,True,c12_correct
584,585,585_1.bmp,preprocessed_results\585\585_1.bmp,584,584,584,0.9183866381645203,832,0.003423911053687334,0.9149627271108329,584|832|438|73|527,0.91838664|0.00342391|0.00166520|0.00143979|0.00137681,1,0.9183866381645203,True,584,0.9183866381645203,True,584,0.7324533462524414,True,584,0.8085829019546509,True,584,0.7725411653518677,True,c12_correct
585,586,586_8.bmp,preprocessed_results\586\586_8.bmp,585,585,585,0.885344386100769,681,0.003178906626999378,0.8821654794737697,585|681|629|584|669,0.88534439|0.00317891|0.00231812|0.00204911|0.00195794,1,0.885344386100769,True,585,0.885344386100769,True,585,0.8758999705314636,True,585,0.8405324220657349,True,585,0.853384792804718,True,c12_correct
586,587,587_8.bmp,preprocessed_results\587\587_8.bmp,586,586,586,0.9546751976013184,587,0.004087951499968767,0.9505872461013496,586|587|743|628|584,0.95467520|0.00408795|0.00111876|0.00104580|0.00093983,1,0.9546751976013184,True,586,0.9546751976013184,True,586,0.7731673717498779,True,586,0.834930419921875,True,586,0.8065755367279053,True,c12_correct
587,588,588_4.bmp,preprocessed_results\588\588_4.bmp,587,587,587,0.9138227701187134,655,0.0034191019367426634,0.9104036681819707,587|655|272|744|721,0.91382277|0.00341910|0.00271896|0.00227009|0.00188727,1,0.9138227701187134,True,587,0.9138227701187134,True,587,0.8325669169425964,True,587,0.8259183168411255,True,587,0.8950766324996948,True,c12_correct
588,589,589_5.bmp,preprocessed_results\589\589_5.bmp,588,588,588,0.8548638224601746,259,0.005016164854168892,0.8498476576060057,588|259|732|580|788,0.85486382|0.00501616|0.00361178|0.00327970|0.00303069,1,0.8548638224601746,True,588,0.8548638224601746,True,588,0.838396430015564,True,588,0.8360456824302673,True,588,0.7844556570053101,True,c12_correct
589,590,590_6.bmp,preprocessed_results\590\590_6.bmp,589,589,589,0.9031945466995239,216,0.007453433237969875,0.895741113461554,589|216|763|653|587,0.90319455|0.00745343|0.00298902|0.00263250|0.00174065,1,0.9031945466995239,True,589,0.9031945466995239,True,589,0.8990544080734253,True,589,0.8296301960945129,True,589,0.8656368255615234,True,c12_correct
590,591,591_8.bmp,preprocessed_results\591\591_8.bmp,590,590,590,0.9215038418769836,561,0.009074529632925987,0.9124293122440577,590|561|789|591|678,0.92150384|0.00907453|0.00266428|0.00258093|0.00207895,1,0.9215038418769836,True,590,0.9215038418769836,True,590,0.8320532441139221,True,590,0.8213177919387817,True,590,0.8012827038764954,True,c12_correct
591,592,592_10.bmp,preprocessed_results\592\592_10.bmp,591,591,591,0.9570571780204773,590,0.002818445209413767,0.9542387328110635,591|590|678|721|564,0.95705718|0.00281845|0.00207666|0.00105667|0.00096454,1,0.9570571780204773,True,591,0.9570571780204773,True,591,0.8048316240310669,True,591,0.8026928901672363,True,591,0.7980667948722839,True,c12_correct
592,593,593_6.bmp,preprocessed_results\593\593_6.bmp,592,592,592,0.6934481859207153,823,0.01511643547564745,0.6783317504450679,592|823|575|782|593,0.69344819|0.01511644|0.00731377|0.00689031|0.00453198,1,0.6934481859207153,True,592,0.6934481859207153,True,592,0.6329646110534668,True,592,0.8152289390563965,True,592,0.5561684370040894,True,c12_correct
593,594,594_9.bmp,preprocessed_results\594\594_9.bmp,593,593,593,0.8609596490859985,592,0.0035528577864170074,0.8574067912995815,593|592|786|674|782,0.86095965|0.00355286|0.00277837|0.00156272|0.00140865,1,0.8609596490859985,True,593,0.8609596490859985,True,593,0.8596174716949463,True,593,0.8215174078941345,True,593,0.8312087655067444,True,c12_correct
594,595,595_2.bmp,preprocessed_results\595\595_2.bmp,594,594,594,0.038414549082517624,407,0.02220633253455162,0.016208216547966003,594|407|740|768|299,0.03841455|0.02220633|0.02215750|0.01785446|0.01524479,1,0.038414549082517624,True,594,0.038414549082517624,True,594,0.1351948380470276,True,594,0.5024271607398987,True,594,0.041368599981069565,True,c12_correct
595,596,596_1.bmp,preprocessed_results\596\596_1.bmp,595,595,595,0.917161762714386,594,0.008788405917584896,0.9083733567968011,595|594|762|726|738,0.91716176|0.00878841|0.00276517|0.00236762|0.00212555,1,0.917161762714386,True,595,0.917161762714386,True,595,0.8340688943862915,True,595,0.811821460723877,True,595,0.7921245098114014,True,c12_correct
596,597,597_4.bmp,preprocessed_results\597\597_4.bmp,596,596,596,0.9154139161109924,612,0.019841697067022324,0.8955722190439701,596|612|799|606|699,0.91541392|0.01984170|0.00371180|0.00140981|0.00139226,1,0.9154139161109924,True,596,0.9154139161109924,True,596,0.8494617342948914,True,596,0.8299543261528015,True,596,0.8173383474349976,True,c12_correct
597,598,598_1.bmp,preprocessed_results\598\598_1.bmp,597,597,597,0.767249345779419,791,0.0071042622439563274,0.7601450835354626,597|791|803|111|823,0.76724935|0.00710426|0.00587304|0.00415069|0.00363700,1,0.767249345779419,True,597,0.767249345779419,True,597,0.8094093799591064,True,597,0.8379803895950317,True,597,0.6959353089332581,True,c12_correct
598,599,599_6.bmp,preprocessed_results\599\599_6.bmp,598,598,598,0.8835319876670837,599,0.02309003286063671,0.860441954806447,598|599|505|504|271,0.88353199|0.02309003|0.00428239|0.00408706|0.00300176,1,0.8835319876670837,True,598,0.8835319876670837,True,598,0.7206870317459106,True,598,0.8373162150382996,True,598,0.6950010061264038,True,c12_correct
599,600,600_1.bmp,preprocessed_results\600\600_1.bmp,599,599,599,0.5606105327606201,598,0.12755732238292694,0.4330532103776932,599|598|720|505|438,0.56061053|0.12755732|0.00766804|0.00645026|0.00470968,1,0.5606105327606201,True,599,0.5606105327606201,True,599,0.5601286888122559,True,599,0.8072377443313599,True,599,0.714825451374054,True,c12_correct
600,601,601_4.bmp,preprocessed_results\601\601_4.bmp,600,600,600,0.8858644366264343,708,0.004479147028177977,0.8813852895982563,600|708|680|730|574,0.88586444|0.00447915|0.00359274|0.00177805|0.00170076,1,0.8858644366264343,True,600,0.8858644366264343,True,600,0.702908456325531,True,600,0.8082936406135559,True,600,0.7221542596817017,True,c12_correct
601,602,602_4.bmp,preprocessed_results\602\602_4.bmp,601,601,601,0.9400017857551575,789,0.00289787445217371,0.9371039113029838,601|789|639|641|805,0.94000179|0.00289787|0.00150355|0.00145581|0.00139099,1,0.9400017857551575,True,601,0.9400017857551575,True,601,0.8022288084030151,True,601,0.8422353267669678,True,601,0.8066268563270569,True,c12_correct
602,603,603_5.bmp,preprocessed_results\603\603_5.bmp,602,602,602,0.5856759548187256,603,0.018765240907669067,0.5669107139110565,602|603|585|760|161,0.58567595|0.01876524|0.01280568|0.00705263|0.00637189,1,0.5856759548187256,True,602,0.5856759548187256,True,602,0.637692928314209,True,602,0.8323687314987183,True,602,0.6936464309692383,True,c12_correct
603,604,604_1.bmp,preprocessed_results\604\604_1.bmp,603,603,603,0.7393386960029602,674,0.012849637307226658,0.7264890586957335,603|674|730|575|715,0.73933870|0.01284964|0.01044082|0.00857147|0.00579279,1,0.7393386960029602,True,603,0.7393386960029602,True,603,0.8316977024078369,True,603,0.8260597586631775,True,603,0.7750232815742493,True,c12_correct
604,605,605_2.bmp,preprocessed_results\605\605_2.bmp,604,604,604,0.9245339632034302,605,0.01702340692281723,0.907510556280613,604|605|644|678|679,0.92453396|0.01702341|0.00274151|0.00114063|0.00113635,1,0.9245339632034302,True,604,0.9245339632034302,True,604,0.898590087890625,True,604,0.8196991086006165,True,604,0.8681185841560364,True,c12_correct
605,606,606_2.bmp,preprocessed_results\606\606_2.bmp,605,605,605,0.7663009166717529,604,0.008998989127576351,0.7573019275441766,605|604|679|246|126,0.76630092|0.00899899|0.00713923|0.00641317|0.00410307,1,0.7663009166717529,True,605,0.7663009166717529,True,605,0.5807172656059265,True,605,0.840211033821106,True,605,0.7095798850059509,True,c12_correct
606,607,607_7.bmp,preprocessed_results\607\607_7.bmp,606,606,606,0.8498663902282715,832,0.012990628369152546,0.8368757618591189,606|832|678|584|585,0.84986639|0.01299063|0.00586206|0.00451264|0.00373766,1,0.8498663902282715,True,606,0.8498663902282715,True,606,0.808849573135376,True,606,0.8225315809249878,True,606,0.7336457371711731,True,c12_correct
607,608,608_7.bmp,preprocessed_results\608\608_7.bmp,607,607,607,0.9347838163375854,606,0.0031088918913155794,0.9316749244462699,607|606|327|647|612,0.93478382|0.00310889|0.00206735|0.00169313|0.00152292,1,0.9347838163375854,True,607,0.9347838163375854,True,607,0.8555631041526794,True,607,0.7839940786361694,True,607,0.8409034609794617,True,c12_correct
608,609,609_8.bmp,preprocessed_results\609\609_8.bmp,608,608,608,0.654485285282135,609,0.21889866888523102,0.435586616396904,608|609|813|756|736,0.65448529|0.21889867|0.00616917|0.00292785|0.00204179,1,0.654485285282135,True,608,0.654485285282135,True,608,0.9104138612747192,True,608,0.8216097354888916,True,608,0.8106690645217896,True,c12_correct
609,610,610_7.bmp,preprocessed_results\610\610_7.bmp,609,609,609,0.8911953568458557,608,0.03346080705523491,0.8577345497906208,609|608|774|813|812,0.89119536|0.03346081|0.00618642|0.00383508|0.00145184,1,0.8911953568458557,True,609,0.8911953568458557,True,609,0.4277072548866272,True,609,0.827454686164856,True,609,0.8200046420097351,True,c12_correct
610,611,611_2.bmp,preprocessed_results\611\611_2.bmp,610,610,610,0.4513095021247864,667,0.014678198844194412,0.43663130328059196,610|667|242|646|51,0.45130950|0.01467820|0.00677611|0.00569441|0.00516886,1,0.4513095021247864,True,610,0.4513095021247864,True,610,0.3709578514099121,True,610,0.7673488855361938,True,610,0.4211404025554657,True,c12_correct
611,612,612_8.bmp,preprocessed_results\612\612_8.bmp,611,611,611,0.9251043796539307,610,0.003131317673251033,0.9219730619806796,611|610|788|127|671,0.92510438|0.00313132|0.00200114|0.00157522|0.00144160,1,0.9251043796539307,True,611,0.9251043796539307,True,611,0.8876060843467712,True,611,0.8179609179496765,True,611,0.8912956118583679,True,c12_correct
612,613,613_5.bmp,preprocessed_results\613\613_5.bmp,612,612,612,0.4831829071044922,606,0.03864263370633125,0.44454027339816093,612|606|596|755|607,0.48318291|0.03864263|0.01347105|0.01259798|0.00971795,1,0.4831829071044922,True,612,0.4831829071044922,True,612,0.30603092908859253,True,612,0.792716920375824,True,612,0.605542004108429,True,c12_correct
613,614,614_2.bmp,preprocessed_results\614\614_2.bmp,613,613,613,0.873184084892273,730,0.0054336851462721825,0.8677503997460008,613|730|612|607|753,0.87318408|0.00543369|0.00471215|0.00412762|0.00324803,1,0.873184084892273,True,613,0.873184084892273,True,613,0.7792367935180664,True,613,0.8169025182723999,True,613,0.7798118591308594,True,c12_correct
614,615,615_7.bmp,preprocessed_results\615\615_7.bmp,614,614,614,0.7234688997268677,615,0.05881047621369362,0.6646584235131741,614|615|628|623|438,0.72346890|0.05881048|0.02210016|0.01188116|0.00963912,1,0.7234688997268677,True,614,0.7234688997268677,True,614,0.28471139073371887,True,614,0.8083599805831909,True,614,0.46218010783195496,True,c12_correct
615,616,616_7.bmp,preprocessed_results\616\616_7.bmp,615,615,615,0.9120736122131348,614,0.010834732092916965,0.9012388801202178,615|614|582|628|706,0.91207361|0.01083473|0.00799190|0.00277501|0.00176971,1,0.9120736122131348,True,615,0.9120736122131348,True,615,0.818782389163971,True,615,0.8276355266571045,True,615,0.693838894367218,True,c12_correct
616,617,617_5.bmp,preprocessed_results\617\617_5.bmp,616,616,616,0.6579736471176147,617,0.01592869684100151,0.6420449502766132,616|617|598|608|541,0.65797365|0.01592870|0.00819903|0.00728959|0.00613700,1,0.6579736471176147,True,616,0.6579736471176147,True,616,0.4340938329696655,True,616,0.7842610478401184,True,616,0.5446008443832397,True,c12_correct
617,618,618_8.bmp,preprocessed_results\618\618_8.bmp,617,617,617,0.7296976447105408,616,0.028788188472390175,0.7009094562381506,617|616|780|758|742,0.72969764|0.02878819|0.00924280|0.00420167|0.00412384,1,0.7296976447105408,True,617,0.7296976447105408,True,617,0.6538663506507874,True,617,0.7917538285255432,True,617,0.6308088898658752,True,c12_correct
618,619,619_8.bmp,preprocessed_results\619\619_8.bmp,618,618,618,0.9019867181777954,598,0.006666809786111116,0.8953199083916843,618|598|750|634|637,0.90198672|0.00666681|0.00624800|0.00452300|0.00428094,1,0.9019867181777954,True,618,0.9019867181777954,True,618,0.8699744939804077,True,618,0.8300392031669617,True,618,0.811296284198761,True,c12_correct
619,620,620_9.bmp,preprocessed_results\620\620_9.bmp,619,619,619,0.8796265721321106,565,0.005721028428524733,0.8739055437035859,619|565|583|803|701,0.87962657|0.00572103|0.00550185|0.00413850|0.00193556,1,0.8796265721321106,True,619,0.8796265721321106,True,619,0.9164095520973206,True,619,0.8396556973457336,True,619,0.8786786794662476,True,c12_correct
620,621,621_8.bmp,preprocessed_results\621\621_8.bmp,620,620,620,0.8794030547142029,621,0.00792762078344822,0.8714754339307547,620|621|757|765|830,0.87940305|0.00792762|0.00742093|0.00466403|0.00429627,1,0.8794030547142029,True,620,0.8794030547142029,True,620,0.6989827156066895,True,620,0.8205710053443909,True,620,0.8061519861221313,True,c12_correct
621,622,622_8.bmp,preprocessed_results\622\622_8.bmp,621,621,621,0.9239910244941711,755,0.004051601514220238,0.9199394229799509,621|755|754|757|620,0.92399102|0.00405160|0.00395646|0.00361594|0.00306393,1,0.9239910244941711,True,621,0.9239910244941711,True,621,0.8494077920913696,True,621,0.8268380165100098,True,621,0.8445371985435486,True,c12_correct
622,623,623_9.bmp,preprocessed_results\623\623_9.bmp,622,622,622,0.2821095883846283,584,0.031214920803904533,0.25089466758072376,622|584|174|804|722,0.28210959|0.03121492|0.02802940|0.01908415|0.01642746,1,0.2821095883846283,True,622,0.2821095883846283,True,622,0.023671835660934448,True,622,0.6581400036811829,True,622,0.10168912261724472,True,c12_correct
623,624,624_6.bmp,preprocessed_results\624\624_6.bmp,623,623,623,0.8748555779457092,731,0.007712691091001034,0.8671428868547082,623|731|739|615|614,0.87485558|0.00771269|0.00396876|0.00386070|0.00324815,1,0.8748555779457092,True,623,0.8748555779457092,True,623,0.27208808064460754,True,623,0.8195009827613831,True,623,0.7239165306091309,True,c12_correct
624,625,625_4.bmp,preprocessed_results\625\625_4.bmp,624,624,624,0.7742982506752014,186,0.01228250004351139,0.76201575063169,624|186|664|578|828,0.77429825|0.01228250|0.01172181|0.01165587|0.01026471,1,0.7742982506752014,True,624,0.7742982506752014,True,624,0.6685619950294495,True,624,0.8169474005699158,True,624,0.6100174784660339,True,c12_correct
625,626,626_10.bmp,preprocessed_results\626\626_10.bmp,625,625,625,0.8568513989448547,702,0.003766510868445039,0.8530848880764097,625|702|829|747|687,0.85685140|0.00376651|0.00359232|0.00298042|0.00275450,1,0.8568513989448547,True,625,0.8568513989448547,True,625,0.6291863322257996,True,625,0.8303066492080688,True,625,0.7000053524971008,True,c12_correct
626,627,627_3.bmp,preprocessed_results\627\627_3.bmp,626,626,626,0.7744738459587097,595,0.01504986360669136,0.7594239823520184,626|595|726|758|753,0.77447385|0.01504986|0.00725839|0.00569366|0.00496707,1,0.7744738459587097,True,626,0.7744738459587097,True,626,0.5901753902435303,True,626,0.8347569704055786,True,626,0.7940283417701721,True,c12_correct
627,628,628_5.bmp,preprocessed_results\628\628_5.bmp,627,627,627,0.9317151308059692,626,0.003085381118580699,0.9286297496873885,627|626|671|670|807,0.93171513|0.00308538|0.00232213|0.00140080|0.00121106,1,0.9317151308059692,True,627,0.9317151308059692,True,627,0.8968281745910645,True,627,0.8485985398292542,True,627,0.8010682463645935,True,c12_correct
628,629,629_1.bmp,preprocessed_results\629\629_1.bmp,628,628,628,0.8132753372192383,629,0.05553073436021805,0.7577446028590202,628|629|812|645|641,0.81327534|0.05553073|0.00335467|0.00325016|0.00324128,1,0.8132753372192383,True,628,0.8132753372192383,True,628,0.8888077735900879,True,628,0.8408412337303162,True,628,0.749374270439148,True,c12_correct
629,630,630_10.bmp,preprocessed_results\630\630_10.bmp,629,629,629,0.90114825963974,628,0.008646230213344097,0.8925020294263959,629|628|739|671|585,0.90114826|0.00864623|0.00206436|0.00146444|0.00127003,1,0.90114825963974,True,629,0.90114825963974,True,629,0.8557741641998291,True,629,0.825927197933197,True,629,0.7697530388832092,True,c12_correct
630,631,631_5.bmp,preprocessed_results\631\631_5.bmp,630,630,630,0.9207552671432495,631,0.002675117924809456,0.9180801492184401,630|631|690|636|688,0.92075527|0.00267512|0.00219990|0.00196784|0.00174338,1,0.9207552671432495,True,630,0.9207552671432495,True,630,0.7907403707504272,True,630,0.8087314963340759,True,630,0.6561229825019836,True,c12_correct
631,632,632_7.bmp,preprocessed_results\632\632_7.bmp,631,631,631,0.6894954442977905,512,0.03814530372619629,0.6513501405715942,631|512|681|630|721,0.68949544|0.03814530|0.03210088|0.01739535|0.01321681,1,0.6894954442977905,True,631,0.6894954442977905,True,631,0.28559058904647827,True,631,0.6269147396087646,True,631,0.30591651797294617,True,c12_correct
632,633,633_5.bmp,preprocessed_results\633\633_5.bmp,632,632,632,0.7881994843482971,232,0.0066667888313531876,0.7815326955169439,632|232|633|205|170,0.78819948|0.00666679|0.00658334|0.00562591|0.00544131,1,0.7881994843482971,True,632,0.7881994843482971,True,632,0.7804486155509949,True,632,0.8148478269577026,True,632,0.7747930884361267,True,c12_correct
633,634,634_6.bmp,preprocessed_results\634\634_6.bmp,633,633,633,0.9307935833930969,775,0.003054703352972865,0.9277388800401241,633|775|632|819|709,0.93079358|0.00305470|0.00272098|0.00260852|0.00216438,1,0.9307935833930969,True,633,0.9307935833930969,True,633,0.8500492572784424,True,633,0.8421072959899902,True,633,0.8671535849571228,True,c12_correct
634,635,635_7.bmp,preprocessed_results\635\635_7.bmp,634,634,634,0.9058188199996948,635,0.010567798279225826,0.895251021720469,634|635|598|677|599,0.90581882|0.01056780|0.00660184|0.00214490|0.00186737,1,0.9058188199996948,True,634,0.9058188199996948,True,634,0.8750883340835571,True,634,0.8179458975791931,True,634,0.8784717321395874,True,c12_correct
635,636,636_4.bmp,preprocessed_results\636\636_4.bmp,635,635,635,0.724185049533844,720,0.013455062173306942,0.710729987360537,635|720|634|270|577,0.72418505|0.01345506|0.01053836|0.00824994|0.00749282,1,0.724185049533844,True,635,0.724185049533844,True,635,0.34251144528388977,True,635,0.7981862425804138,True,635,0.6458693742752075,True,c12_correct
636,637,637_6.bmp,preprocessed_results\637\637_6.bmp,636,636,636,0.3000597357749939,630,0.08234721422195435,0.21771252155303955,636|630|584|616|637,0.30005974|0.08234721|0.02743816|0.02147578|0.02001924,1,0.3000597357749939,True,636,0.3000597357749939,True,636,0.3811275064945221,True,636,0.7207691669464111,True,636,0.3900849223136902,True,c12_correct
637,638,638_5.bmp,preprocessed_results\638\638_5.bmp,637,637,637,0.6734261512756348,474,0.03748754411935806,0.6359386071562767,637|474|636|688|475,0.67342615|0.03748754|0.02186404|0.00687554|0.00465874,1,0.6734261512756348,True,637,0.6734261512756348,True,637,0.5954379439353943,True,637,0.8297706842422485,True,637,0.6080052852630615,True,c12_correct
638,639,639_2.bmp,preprocessed_results\639\639_2.bmp,638,638,638,0.9282001852989197,639,0.014285407960414886,0.9139147773385048,638|639|762|767|47,0.92820019|0.01428541|0.00186814|0.00121993|0.00109976,1,0.9282001852989197,True,638,0.9282001852989197,True,638,0.8092776536941528,True,638,0.8303149342536926,True,638,0.8251897096633911,True,c12_correct
639,640,640_5.bmp,preprocessed_results\640\640_5.bmp,639,639,639,0.9666808247566223,638,0.009028613567352295,0.95765221118927,639|638|601|789|741,0.96668082|0.00902861|0.00094077|0.00054281|0.00043326,1,0.9666808247566223,True,639,0.9666808247566223,True,639,0.8479583859443665,True,639,0.831378698348999,True,639,0.7896431088447571,True,c12_correct
640,641,641_3.bmp,preprocessed_results\641\641_3.bmp,640,640,640,0.8099254965782166,804,0.04020380228757858,0.769721694290638,640|804|666|648|664,0.80992550|0.04020380|0.01907548|0.00977967|0.00953473,1,0.8099254965782166,True,640,0.8099254965782166,True,640,0.48953163623809814,True,640,0.7389493584632874,True,640,0.615608811378479,True,c12_correct
641,642,642_6.bmp,preprocessed_results\642\642_6.bmp,641,641,641,0.691124677658081,814,0.02356252446770668,0.6675621531903744,641|814|805|635|455,0.69112468|0.02356252|0.01959215|0.00595311|0.00414026,1,0.691124677658081,True,641,0.691124677658081,True,641,0.5348408818244934,True,641,0.7617475986480713,True,641,0.6499571800231934,True,c12_correct
642,643,643_1.bmp,preprocessed_results\643\643_1.bmp,642,642,642,0.9516140222549438,643,0.00648362236097455,0.9451303998939693,642|643|620|138|819,0.95161402|0.00648362|0.00173499|0.00064188|0.00056440,1,0.9516140222549438,True,642,0.9516140222549438,True,642,0.8334652185440063,True,642,0.8592438697814941,True,642,0.844412624835968,True,c12_correct
643,644,644_4.bmp,preprocessed_results\644\644_4.bmp,643,643,643,0.895806610584259,642,0.013867909088730812,0.8819387014955282,643|642|667|708|767,0.89580661|0.01386791|0.00443968|0.00317079|0.00280464,1,0.895806610584259,True,643,0.895806610584259,True,643,0.757024884223938,True,643,0.8212904334068298,True,643,0.7109177708625793,True,c12_correct
644,645,645_2.bmp,preprocessed_results\645\645_2.bmp,644,644,644,0.8811621069908142,604,0.012693786062300205,0.868468320928514,644|604|618|645|590,0.88116211|0.01269379|0.00481286|0.00464816|0.00387115,1,0.8811621069908142,True,644,0.8811621069908142,True,644,0.740349531173706,True,644,0.8282961249351501,True,644,0.7284954190254211,True,c12_correct
645,646,646_5.bmp,preprocessed_results\646\646_5.bmp,645,645,645,0.9504094123840332,644,0.005977173801511526,0.9444322385825217,645|644|604|680|681,0.95040941|0.00597717|0.00149450|0.00101131|0.00099407,1,0.9504094123840332,True,645,0.9504094123840332,True,645,0.7541916370391846,True,645,0.8337938189506531,True,645,0.8159314393997192,True,c12_correct
646,647,647_5.bmp,preprocessed_results\647\647_5.bmp,646,646,646,0.932447075843811,694,0.00362185831181705,0.928825217531994,646|694|710|570|647,0.93244708|0.00362186|0.00195006|0.00164212|0.00161894,1,0.932447075843811,True,646,0.932447075843811,True,646,0.8776431679725647,True,646,0.8447206020355225,True,646,0.831527054309845,True,c12_correct
647,648,648_8.bmp,preprocessed_results\648\648_8.bmp,647,647,647,0.9016331434249878,272,0.0022206692956387997,0.899412474129349,647|272|327|607|701,0.90163314|0.00222067|0.00186973|0.00150284|0.00108653,1,0.9016331434249878,True,647,0.9016331434249878,True,647,0.8684585690498352,True,647,0.8317281603813171,True,647,0.7524805068969727,True,c12_correct
648,649,649_8.bmp,preprocessed_results\649\649_8.bmp,648,648,648,0.1916499137878418,640,0.09924918413162231,0.09240072965621948,648|640|720|635|666,0.19164991|0.09924918|0.05342961|0.02915372|0.02200983,1,0.1916499137878418,True,648,0.1916499137878418,True,648,0.11128096282482147,True,648,0.7768216729164124,True,648,0.1880190223455429,True,c12_correct
649,650,650_7.bmp,preprocessed_results\650\650_7.bmp,649,649,649,0.8424479365348816,689,0.013375557959079742,0.8290723785758018,649|689|635|721|743,0.84244794|0.01337556|0.00974521|0.00647641|0.00641652,1,0.8424479365348816,True,649,0.8424479365348816,True,649,0.7068547010421753,True,649,0.8300508856773376,True,649,0.7391310334205627,True,c12_correct
650,651,651_8.bmp,preprocessed_results\651\651_8.bmp,650,650,650,0.9109768271446228,651,0.007190067321062088,0.9037867598235607,650|651|696|830|697,0.91097683|0.00719007|0.00393803|0.00298370|0.00259466,1,0.9109768271446228,True,650,0.9109768271446228,True,650,0.7359526753425598,True,650,0.8402119278907776,True,650,0.7608921527862549,True,c12_correct
651,652,652_8.bmp,preprocessed_results\652\652_8.bmp,651,651,651,0.9672844409942627,650,0.00484000239521265,0.96244443859905,651|650|697|623|670,0.96728444|0.00484000|0.00082140|0.00075419|0.00069207,1,0.9672844409942627,True,651,0.9672844409942627,True,651,0.9092772006988525,True,651,0.8375067114830017,True,651,0.8474342226982117,True,c12_correct
652,653,653_6.bmp,preprocessed_results\653\653_6.bmp,652,652,652,0.9144294261932373,653,0.005082857795059681,0.9093465683981776,652|653|574|738|76,0.91442943|0.00508286|0.00176283|0.00158103|0.00120525,1,0.9144294261932373,True,652,0.9144294261932373,True,652,0.8050265312194824,True,652,0.8557862043380737,True,652,0.8084131479263306,True,c12_correct
653,654,654_2.bmp,preprocessed_results\654\654_2.bmp,653,653,653,0.9283650517463684,652,0.008691494353115559,0.9196735573932528,653|652|589|715|162,0.92836505|0.00869149|0.00662549|0.00153990|0.00094821,1,0.9283650517463684,True,653,0.9283650517463684,True,653,0.8893001079559326,True,653,0.8034396171569824,True,653,0.8083924055099487,True,c12_correct
654,655,655_9.bmp,preprocessed_results\655\655_9.bmp,654,654,654,0.933350682258606,718,0.00454241968691349,0.9288082625716925,654|718|732|813|655,0.93335068|0.00454242|0.00149514|0.00138841|0.00119241,1,0.933350682258606,True,654,0.933350682258606,True,654,0.9074268937110901,True,654,0.8469024896621704,True,654,0.8431201577186584,True,c12_correct
655,656,656_2.bmp,preprocessed_results\656\656_2.bmp,655,655,655,0.9252179861068726,587,0.010263629257678986,0.9149543568491936,655|587|224|654|268,0.92521799|0.01026363|0.00226381|0.00185918|0.00182603,1,0.9252179861068726,True,655,0.9252179861068726,True,655,0.861706018447876,True,655,0.8345526456832886,True,655,0.7915332913398743,True,c12_correct
656,657,657_7.bmp,preprocessed_results\657\657_7.bmp,656,656,656,0.8802375793457031,612,0.0026764897629618645,0.8775610895827413,656|612|652|712|799,0.88023758|0.00267649|0.00266151|0.00227247|0.00224152,1,0.8802375793457031,True,656,0.8802375793457031,True,656,0.8960912823677063,True,656,0.8378342986106873,True,656,0.8541589379310608,True,c12_correct
657,658,658_6.bmp,preprocessed_results\658\658_6.bmp,657,657,657,0.4920094609260559,627,0.019420862197875977,0.47258859872817993,657|627|671|719|825,0.49200946|0.01942086|0.01751480|0.01587133|0.01468058,1,0.4920094609260559,True,657,0.4920094609260559,True,657,0.38508695363998413,True,657,0.8212250471115112,True,657,0.5697774887084961,True,c12_correct
658,659,659_5.bmp,preprocessed_results\659\659_5.bmp,658,658,658,0.8617562651634216,729,0.004942730069160461,0.8568135350942612,658|729|694|154|659,0.86175627|0.00494273|0.00206630|0.00184576|0.00171219,1,0.8617562651634216,True,658,0.8617562651634216,True,658,0.7804256677627563,True,658,0.84274822473526,True,658,0.7636809945106506,True,c12_correct
659,660,660_6.bmp,preprocessed_results\660\660_6.bmp,659,659,659,0.8871371150016785,587,0.007701911497861147,0.8794352035038173,659|587|712|708|667,0.88713712|0.00770191|0.00528183|0.00468172|0.00348166,1,0.8871371150016785,True,659,0.8871371150016785,True,659,0.8799626231193542,True,659,0.8294431567192078,True,659,0.8062250018119812,True,c12_correct
660,661,661_8.bmp,preprocessed_results\661\661_8.bmp,660,660,660,0.72225022315979,261,0.040693677961826324,0.6815565451979637,660|261|307|337|736,0.72225022|0.04069368|0.00712412|0.00569985|0.00482591,1,0.72225022315979,True,660,0.72225022315979,True,660,0.7146506905555725,True,660,0.8423738479614258,True,660,0.7999226450920105,True,c12_correct
661,662,662_3.bmp,preprocessed_results\662\662_3.bmp,661,661,661,0.882344126701355,735,0.004613957833498716,0.8777301688678563,661|735|3|759|660,0.88234413|0.00461396|0.00323992|0.00242686|0.00230149,1,0.882344126701355,True,661,0.882344126701355,True,661,0.7410330772399902,True,661,0.7986645102500916,True,661,0.7257075309753418,True,c12_correct
662,663,663_4.bmp,preprocessed_results\663\663_4.bmp,662,662,662,0.9493168592453003,663,0.0056684077717363834,0.9436484514735639,662|663|784|752|207,0.94931686|0.00566841|0.00187032|0.00136304|0.00095456,1,0.9493168592453003,True,662,0.9493168592453003,True,662,0.8482135534286499,True,662,0.8355651497840881,True,662,0.8401483297348022,True,c12_correct
663,664,664_2.bmp,preprocessed_results\664\664_2.bmp,663,663,663,0.9168155193328857,662,0.00592575129121542,0.9108897680416703,663|662|753|567|625,0.91681552|0.00592575|0.00216512|0.00175227|0.00140827,1,0.9168155193328857,True,663,0.9168155193328857,True,663,0.8180405497550964,True,663,0.8204469084739685,True,663,0.8323892951011658,True,c12_correct
664,665,665_7.bmp,preprocessed_results\665\665_7.bmp,664,664,664,0.9462592601776123,666,0.002144213765859604,0.9441150464117527,664|666|576|828|686,0.94625926|0.00214421|0.00177056|0.00154328|0.00142993,1,0.9462592601776123,True,664,0.9462592601776123,True,664,0.8094494342803955,True,664,0.8256710171699524,True,664,0.7714526653289795,True,c12_correct
665,666,666_10.bmp,preprocessed_results\666\666_10.bmp,665,665,665,0.8978422284126282,143,0.005313789006322622,0.8925284394063056,665|143|687|815|115,0.89784223|0.00531379|0.00495720|0.00405032|0.00238514,1,0.8978422284126282,True,665,0.8978422284126282,True,665,0.8493893146514893,True,665,0.8404381275177002,True,665,0.8486233353614807,True,c12_correct
666,667,667_6.bmp,preprocessed_results\667\667_6.bmp,666,666,666,0.8423458337783813,667,0.011425151489675045,0.8309206822887063,666|667|641|640|805,0.84234583|0.01142515|0.01119309|0.00876420|0.00577338,1,0.8423458337783813,True,666,0.8423458337783813,True,666,0.8738091588020325,True,666,0.8207194805145264,True,666,0.8297033905982971,True,c12_correct
667,668,668_2.bmp,preprocessed_results\668\668_2.bmp,667,667,667,0.5741052031517029,720,0.01301555149257183,0.561089651659131,667|720|643|698|564,0.57410520|0.01301555|0.01084686|0.00760734|0.00691901,1,0.5741052031517029,True,667,0.5741052031517029,True,667,0.6630561947822571,True,667,0.7951633334159851,True,667,0.4848223030567169,True,c12_correct
668,669,669_10.bmp,preprocessed_results\669\669_10.bmp,668,668,668,0.9504567980766296,669,0.008633901365101337,0.9418228967115283,668|669|765|622|697,0.95045680|0.00863390|0.00121109|0.00091497|0.00071910,1,0.9504567980766296,True,668,0.9504567980766296,True,668,0.8858882784843445,True,668,0.8419224619865417,True,668,0.8599560260772705,True,c12_correct
669,670,670_7.bmp,preprocessed_results\670\670_7.bmp,669,669,669,0.7670345902442932,668,0.027775926515460014,0.7392586637288332,669|668|825|683|671,0.76703459|0.02777593|0.01635248|0.01284640|0.01175165,1,0.7670345902442932,True,669,0.7670345902442932,True,669,0.37516382336616516,True,669,0.8061708807945251,True,669,0.5370157957077026,True,c12_correct
670,671,671_7.bmp,preprocessed_results\671\671_7.bmp,670,670,670,0.6207925081253052,829,0.054058536887168884,0.5667339712381363,670|829|722|777|651,0.62079251|0.05405854|0.01713875|0.01363883|0.01207997,1,0.6207925081253052,True,670,0.6207925081253052,True,670,0.667723536491394,True,670,0.8263224959373474,True,670,0.7176429033279419,True,c12_correct
671,672,672_9.bmp,preprocessed_results\672\672_9.bmp,671,671,671,0.9186439514160156,781,0.009248397313058376,0.9093955541029572,671|781|627|657|761,0.91864395|0.00924840|0.00513809|0.00425682|0.00335582,1,0.9186439514160156,True,671,0.9186439514160156,True,671,0.825165867805481,True,671,0.8283267021179199,True,671,0.8297877907752991,True,c12_correct
672,673,673_1.bmp,preprocessed_results\673\673_1.bmp,672,672,672,0.7531523108482361,673,0.010363826528191566,0.7427884843200445,672|673|582|808|618,0.75315231|0.01036383|0.00744587|0.00726782|0.00721479,1,0.7531523108482361,True,672,0.7531523108482361,True,672,0.632642924785614,True,672,0.8298543691635132,True,672,0.7457426190376282,True,c12_correct
673,674,674_1.bmp,preprocessed_results\674\674_1.bmp,673,673,673,0.8175826668739319,333,0.02198519930243492,0.795597467571497,673|333|672|582|686,0.81758267|0.02198520|0.01735982|0.00455383|0.00316846,1,0.8175826668739319,True,673,0.8175826668739319,True,673,0.6771842837333679,True,673,0.8346313834190369,True,673,0.8120169043540955,True,c12_correct
674,675,675_1.bmp,preprocessed_results\675\675_1.bmp,674,674,674,0.9304964542388916,675,0.005328807048499584,0.925167647190392,674|675|626|312|256,0.93049645|0.00532881|0.00170300|0.00164435|0.00156383,1,0.9304964542388916,True,674,0.9304964542388916,True,674,0.8729297518730164,True,674,0.8369001150131226,True,674,0.8675593137741089,True,c12_correct
675,676,676_4.bmp,preprocessed_results\676\676_4.bmp,675,675,675,0.8296857476234436,4,0.008413893170654774,0.8212718544527888,675|4|674|311|293,0.82968575|0.00841389|0.00578190|0.00309380|0.00195249,1,0.8296857476234436,True,675,0.8296857476234436,True,675,0.652470588684082,True,675,0.8207762241363525,True,675,0.6689297556877136,True,c12_correct
676,677,677_8.bmp,preprocessed_results\677\677_8.bmp,676,676,676,0.969748318195343,822,0.0009391698404215276,0.9688091483549215,676|822|686|826|570,0.96974832|0.00093917|0.00077539|0.00071837|0.00062245,1,0.969748318195343,True,676,0.969748318195343,True,676,0.9276899099349976,True,676,0.8227919340133667,True,676,0.8042450547218323,True,c12_correct
677,678,678_6.bmp,preprocessed_results\678\678_6.bmp,677,677,677,0.8663228154182434,634,0.012698599137365818,0.8536242162808776,677|634|576|750|685,0.86632282|0.01269860|0.00734864|0.00623546|0.00579232,1,0.8663228154182434,True,677,0.8663228154182434,True,677,0.7219314575195312,True,677,0.827867329120636,True,677,0.7647194862365723,True,c12_correct
678,679,679_8.bmp,preprocessed_results\679\679_8.bmp,678,678,678,0.28512313961982727,569,0.03221481293439865,0.2529083266854286,678|569|604|644|590,0.28512314|0.03221481|0.02946204|0.02421789|0.01945068,1,0.28512313961982727,True,678,0.28512313961982727,True,678,0.18638832867145538,True,678,0.7605376839637756,True,678,0.3744686245918274,True,c12_correct
679,680,680_3.bmp,preprocessed_results\680\680_3.bmp,679,679,679,0.8190546035766602,814,0.0056932540610432625,0.8133613495156169,679|814|688|678|645,0.81905460|0.00569325|0.00367428|0.00322404|0.00313336,1,0.8190546035766602,True,679,0.8190546035766602,True,679,0.8530398607254028,True,679,0.8408514261245728,True,679,0.8326483368873596,True,c12_correct
680,681,681_6.bmp,preprocessed_results\681\681_6.bmp,680,680,680,0.9230148196220398,681,0.005451030097901821,0.917563789524138,680|681|802|678|682,0.92301482|0.00545103|0.00185954|0.00141942|0.00121995,1,0.9230148196220398,True,680,0.9230148196220398,True,680,0.8919033408164978,True,680,0.8464335799217224,True,680,0.8963442444801331,True,c12_correct
681,682,682_4.bmp,preprocessed_results\682\682_4.bmp,681,681,681,0.8363817930221558,631,0.01863260008394718,0.8177491929382086,681|631|680|689|721,0.83638179|0.01863260|0.01813789|0.00507356|0.00329319,1,0.8363817930221558,True,681,0.8363817930221558,True,681,0.8101258873939514,True,681,0.8263357877731323,True,681,0.6086785197257996,True,c12_correct
682,683,683_5.bmp,preprocessed_results\683\683_5.bmp,682,682,682,0.9210078716278076,761,0.0026530034374445677,0.918354868190363,682|761|726|641|588,0.92100787|0.00265300|0.00212192|0.00198606|0.00192366,1,0.9210078716278076,True,682,0.9210078716278076,True,682,0.7254308462142944,True,682,0.8056145906448364,True,682,0.7017676830291748,True,c12_correct
683,684,684_5.bmp,preprocessed_results\684\684_5.bmp,683,683,683,0.9572515487670898,765,0.0037157628685235977,0.9535357858985662,683|765|759|682|639,0.95725155|0.00371576|0.00208789|0.00175897|0.00061749,1,0.9572515487670898,True,683,0.9572515487670898,True,683,0.7975139021873474,True,683,0.8494805097579956,True,683,0.8620020151138306,True,c12_correct
684,685,685_8.bmp,preprocessed_results\685\685_8.bmp,684,684,684,0.9245319962501526,685,0.003225270425900817,0.9213067258242518,684|685|634|808|576,0.92453200|0.00322527|0.00219144|0.00207811|0.00191417,1,0.9245319962501526,True,684,0.9245319962501526,True,684,0.8825656175613403,True,684,0.8250247240066528,True,684,0.8459816575050354,True,c12_correct
685,686,686_8.bmp,preprocessed_results\686\686_8.bmp,685,685,685,0.8794904351234436,630,0.005283020436763763,0.8742074146866798,685|630|636|684|649,0.87949044|0.00528302|0.00521169|0.00506897|0.00359636,1,0.8794904351234436,True,685,0.8794904351234436,True,685,0.8603894710540771,True,685,0.8375489711761475,True,685,0.7828481197357178,True,c12_correct
686,687,687_4.bmp,preprocessed_results\687\687_4.bmp,686,686,686,0.9233768582344055,676,0.0067824325524270535,0.9165944256819785,686|676|576|740|687,0.92337686|0.00678243|0.00431348|0.00366881|0.00279689,1,0.9233768582344055,True,686,0.9233768582344055,True,686,0.8255349397659302,True,686,0.8478847742080688,True,686,0.7967273592948914,True,c12_correct
687,688,688_2.bmp,preprocessed_results\688\688_2.bmp,687,687,687,0.8574012517929077,743,0.01375368982553482,0.8436475619673729,687|743|686|745|809,0.85740125|0.01375369|0.01295182|0.00307814|0.00266055,1,0.8574012517929077,True,687,0.8574012517929077,True,687,0.7627320289611816,True,687,0.8159930109977722,True,687,0.7664199471473694,True,c12_correct
688,689,689_7.bmp,preprocessed_results\689\689_7.bmp,688,688,688,0.5841881036758423,630,0.023738998919725418,0.5604491047561169,688|630|649|636|637,0.58418810|0.02373900|0.01367320|0.01318291|0.01143121,1,0.5841881036758423,True,688,0.5841881036758423,True,688,0.6102604269981384,True,688,0.7857319712638855,True,688,0.6053035855293274,True,c12_correct
689,690,690_5.bmp,preprocessed_results\690\690_5.bmp,689,689,689,0.9140782952308655,649,0.01565983146429062,0.8984184637665749,689|649|743|688|102,0.91407830|0.01565983|0.00308928|0.00255896|0.00155764,1,0.9140782952308655,True,689,0.9140782952308655,True,689,0.8599101305007935,True,689,0.7923964858055115,True,689,0.8369880318641663,True,c12_correct
690,691,691_3.bmp,preprocessed_results\691\691_3.bmp,690,690,690,0.9122110605239868,678,0.008064360357820988,0.9041467001661658,690|678|691|680|636,0.91221106|0.00806436|0.00495755|0.00389049|0.00291738,1,0.9122110605239868,True,690,0.9122110605239868,True,690,0.8414046764373779,True,690,0.8494356870651245,True,690,0.8285141587257385,True,c12_correct
691,692,692_8.bmp,preprocessed_results\692\692_8.bmp,691,691,691,0.9348530769348145,690,0.003025270299986005,0.9318278066348284,691|690|644|719|673,0.93485308|0.00302527|0.00293426|0.00280093|0.00147338,1,0.9348530769348145,True,691,0.9348530769348145,True,691,0.8663047552108765,True,691,0.8356442451477051,True,691,0.8310261964797974,True,c12_correct
692,693,693_1.bmp,preprocessed_results\693\693_1.bmp,692,692,692,0.9316188097000122,693,0.007538213860243559,0.9240805958397686,692|693|744|609|655,0.93161881|0.00753821|0.00195202|0.00119765|0.00084325,1,0.9316188097000122,True,692,0.9316188097000122,True,692,0.8668488264083862,True,692,0.8471980094909668,True,692,0.8842757940292358,True,c12_correct
693,694,694_10.bmp,preprocessed_results\694\694_10.bmp,693,693,693,0.8457915782928467,692,0.005334243178367615,0.8404573351144791,693|692|827|623|741,0.84579158|0.00533424|0.00516397|0.00364695|0.00293299,1,0.8457915782928467,True,693,0.8457915782928467,True,693,0.8963043093681335,True,693,0.8369061946868896,True,693,0.7294517159461975,True,c12_correct
694,695,695_3.bmp,preprocessed_results\695\695_3.bmp,694,694,694,0.9355332851409912,610,0.004751726984977722,0.9307815581560135,694|610|646|667|695,0.93553329|0.00475173|0.00259935|0.00208830|0.00192285,1,0.9355332851409912,True,694,0.9355332851409912,True,694,0.9407322406768799,True,694,0.8431742191314697,True,694,0.7741764783859253,True,c12_correct
695,696,696_2.bmp,preprocessed_results\696\696_2.bmp,695,695,695,0.8340190052986145,789,0.01160377636551857,0.8224152289330959,695|789|732|673|713,0.83401901|0.01160378|0.00411646|0.00360226|0.00353960,1,0.8340190052986145,True,695,0.8340190052986145,True,695,0.5757243633270264,True,695,0.814939022064209,True,695,0.7577893137931824,True,c12_correct
696,697,697_8.bmp,preprocessed_results\697\697_8.bmp,696,696,696,0.7342004776000977,697,0.013837071135640144,0.7203634064644575,696|697|707|810|710,0.73420048|0.01383707|0.00908121|0.00743546|0.00498490,1,0.7342004776000977,True,696,0.7342004776000977,True,696,0.6861755847930908,True,696,0.8179118037223816,True,696,0.7950625419616699,True,c12_correct
697,698,698_4.bmp,preprocessed_results\698\698_4.bmp,697,697,697,0.856601893901825,651,0.012037327513098717,0.8445645663887262,697|651|790|811|827,0.85660189|0.01203733|0.01092578|0.00732808|0.00548986,1,0.856601893901825,True,697,0.856601893901825,True,697,0.6713472008705139,True,697,0.8263067007064819,True,697,0.8315950036048889,True,c12_correct
698,699,699_10.bmp,preprocessed_results\699\699_10.bmp,698,698,698,0.8817611336708069,666,0.002637034049257636,0.8791240996215492,698|666|598|652|219,0.88176113|0.00263703|0.00230091|0.00227213|0.00198420,1,0.8817611336708069,True,698,0.8817611336708069,True,698,0.7658138275146484,True,698,0.8229856491088867,True,698,0.7955018281936646,True,c12_correct
699,700,700_9.bmp,preprocessed_results\700\700_9.bmp,699,699,699,0.857110321521759,801,0.008723585866391659,0.8483867356553674,699|801|743|714|724,0.85711032|0.00872359|0.00708541|0.00561363|0.00427081,1,0.857110321521759,True,699,0.857110321521759,True,699,0.849251389503479,True,699,0.7855161428451538,True,699,0.7685827612876892,True,c12_correct
700,701,701_10.bmp,preprocessed_results\701\701_10.bmp,700,700,700,0.9114370942115784,791,0.003167020156979561,0.9082700740545988,700|791|701|708|613,0.91143709|0.00316702|0.00284601|0.00185750|0.00179249,1,0.9114370942115784,True,700,0.9114370942115784,True,700,0.9178433418273926,True,700,0.8476139307022095,True,700,0.8115937113761902,True,c12_correct
701,702,702_2.bmp,preprocessed_results\702\702_2.bmp,701,701,701,0.9075095653533936,700,0.0026887294370681047,0.9048208359163254,701|700|801|142|619,0.90750957|0.00268873|0.00197870|0.00164723|0.00153821,1,0.9075095653533936,True,701,0.9075095653533936,True,701,0.8408625721931458,True,701,0.8187310099601746,True,701,0.7923184037208557,True,c12_correct
702,703,703_1.bmp,preprocessed_results\703\703_1.bmp,702,702,702,0.8424350619316101,832,0.0036468375474214554,0.8387882243841887,702|832|694|73|640,0.84243506|0.00364684|0.00239483|0.00230630|0.00221604,1,0.8424350619316101,True,702,0.8424350619316101,True,702,0.552041232585907,True,702,0.7955354452133179,True,702,0.7277166843414307,True,c12_correct
703,704,704_5.bmp,preprocessed_results\704\704_5.bmp,703,703,703,0.9397462010383606,749,0.002013783436268568,0.937732417602092,703|749|540|723|717,0.93974620|0.00201378|0.00112152|0.00102934|0.00094094,1,0.9397462010383606,True,703,0.9397462010383606,True,703,0.8759176135063171,True,703,0.8247318267822266,True,703,0.783637285232544,True,c12_correct
704,705,705_4.bmp,preprocessed_results\705\705_4.bmp,704,704,704,0.9250346422195435,705,0.013373755849897861,0.9116608863696456,704|705|667|706|311,0.92503464|0.01337376|0.00103457|0.00089104|0.00086681,1,0.9250346422195435,True,704,0.9250346422195435,True,704,0.8916358351707458,True,704,0.8448039293289185,True,704,0.8487984538078308,True,c12_correct
705,706,706_8.bmp,preprocessed_results\706\706_8.bmp,705,705,705,0.8408986926078796,30,0.009334293194115162,0.8315643994137645,705|30|579|564|667,0.84089869|0.00933429|0.00409719|0.00387749|0.00365381,1,0.8408986926078796,True,705,0.8408986926078796,True,705,0.7836349010467529,True,705,0.8529424667358398,True,705,0.781327486038208,True,c12_correct
706,707,707_6.bmp,preprocessed_results\707\707_6.bmp,706,706,706,0.8972557187080383,772,0.004388231784105301,0.892867486923933,706|772|607|301|823,0.89725572|0.00438823|0.00262185|0.00236678|0.00217021,1,0.8972557187080383,True,706,0.8972557187080383,True,706,0.8988238573074341,True,706,0.8047617077827454,True,706,0.8251847624778748,True,c12_correct
707,708,708_5.bmp,preprocessed_results\708\708_5.bmp,707,707,707,0.8855974078178406,276,0.0028549819253385067,0.8827424258925021,707|276|583|619|759,0.88559741|0.00285498|0.00280216|0.00198914|0.00178359,1,0.8855974078178406,True,707,0.8855974078178406,True,707,0.7795225381851196,True,707,0.8375548124313354,True,707,0.8175740242004395,True,c12_correct
708,709,709_9.bmp,preprocessed_results\709\709_9.bmp,708,708,708,0.8513981699943542,659,0.0249879602342844,0.8264102097600698,708|659|609|695|600,0.85139817|0.02498796|0.00646468|0.00535896|0.00523353,1,0.8513981699943542,True,708,0.8513981699943542,True,708,0.8112240433692932,True,708,0.8069322109222412,True,708,0.7324357032775879,True,c12_correct
709,710,710_9.bmp,preprocessed_results\710\710_9.bmp,709,709,709,0.9259446859359741,708,0.0044113448821008205,0.9215333410538733,709|708|633|714|715,0.92594469|0.00441134|0.00379652|0.00197563|0.00194843,1,0.9259446859359741,True,709,0.9259446859359741,True,709,0.8625116348266602,True,709,0.8198668360710144,True,709,0.806826651096344,True,c12_correct
710,711,711_3.bmp,preprocessed_results\711\711_3.bmp,710,710,710,0.9518235921859741,788,0.005894659552723169,0.945928932633251,710|788|603|602|646,0.95182359|0.00589466|0.00087330|0.00086263|0.00079941,1,0.9518235921859741,True,710,0.9518235921859741,True,710,0.9016873836517334,True,710,0.8491073250770569,True,710,0.8474054336547852,True,c12_correct
711,712,712_10.bmp,preprocessed_results\712\712_10.bmp,711,711,711,0.7730261087417603,773,0.037567172199487686,0.7354589365422726,711|773|647|710|586,0.77302611|0.03756717|0.00670646|0.00541733|0.00494501,1,0.7730261087417603,True,711,0.7730261087417603,True,711,0.5008769631385803,True,711,0.815839946269989,True,711,0.7459145784378052,True,c12_correct
712,713,713_1.bmp,preprocessed_results\713\713_1.bmp,712,712,712,0.9236687421798706,833,0.0012662059161812067,0.9224025362636894,712|833|584|652|601,0.92366874|0.00126621|0.00125879|0.00125177|0.00120617,1,0.9236687421798706,True,712,0.9236687421798706,True,712,0.7964853048324585,True,712,0.8216192722320557,True,712,0.7631890177726746,True,c12_correct
713,714,714_5.bmp,preprocessed_results\714\714_5.bmp,713,713,713,0.9377747774124146,583,0.0033384126145392656,0.9344363647978753,713|583|819|793|582,0.93777478|0.00333841|0.00296636|0.00216715|0.00167454,1,0.9377747774124146,True,713,0.9377747774124146,True,713,0.7958324551582336,True,713,0.8662267327308655,True,713,0.819880485534668,True,c12_correct
714,715,715_7.bmp,preprocessed_results\715\715_7.bmp,714,714,714,0.8410981893539429,712,0.012733057141304016,0.8283651322126389,714|712|715|699|619,0.84109819|0.01273306|0.01151967|0.00802550|0.00405176,1,0.8410981893539429,True,714,0.8410981893539429,True,714,0.8066099286079407,True,714,0.8299732804298401,True,714,0.8449108600616455,True,c12_correct
715,716,716_2.bmp,preprocessed_results\716\716_2.bmp,715,715,715,0.8512274026870728,603,0.007445901166647673,0.8437815015204251,715|603|714|671|611,0.85122740|0.00744590|0.00588702|0.00486949|0.00333478,1,0.8512274026870728,True,715,0.8512274026870728,True,715,0.8294448852539062,True,715,0.831108570098877,True,715,0.8237711191177368,True,c12_correct
716,717,717_6.bmp,preprocessed_results\717\717_6.bmp,716,716,716,0.6973782777786255,5,0.017613429576158524,0.679764848202467,716|5|780|699|401,0.69737828|0.01761343|0.01042351|0.00617582|0.00583325,1,0.6973782777786255,True,716,0.6973782777786255,True,716,0.5626362562179565,True,716,0.7956428527832031,True,716,0.70195072889328,True,c12_correct
717,718,718_9.bmp,preprocessed_results\718\718_9.bmp,717,717,717,0.9598433971405029,357,0.0013685706071555614,0.9584748265333474,717|357|716|713|116,0.95984340|0.00136857|0.00124646|0.00097126|0.00096963,1,0.9598433971405029,True,717,0.9598433971405029,True,717,0.7832764983177185,True,717,0.8654016256332397,True,717,0.8547244668006897,True,c12_correct
718,719,719_3.bmp,preprocessed_results\719\719_3.bmp,718,718,718,0.7224187850952148,609,0.011999664828181267,0.7104191202670336,718|609|774|812|654,0.72241879|0.01199966|0.00385932|0.00375432|0.00369741,1,0.7224187850952148,True,718,0.7224187850952148,True,718,0.6867493391036987,True,718,0.8261821269989014,True,718,0.7831935882568359,True,c12_correct
719,720,720_8.bmp,preprocessed_results\720\720_8.bmp,719,719,719,0.9529405832290649,691,0.002892440417781472,0.9500481428112835,719|691|588|785|657,0.95294058|0.00289244|0.00206958|0.00197555|0.00143185,1,0.9529405832290649,True,719,0.9529405832290649,True,719,0.8718757629394531,True,719,0.8411716818809509,True,719,0.8633854985237122,True,c12_correct
720,721,721_5.bmp,preprocessed_results\721\721_5.bmp,720,720,720,0.9611568450927734,676,0.0018273963360115886,0.9593294487567618,720|676|635|740|667,0.96115685|0.00182740|0.00175084|0.00089390|0.00074710,1,0.9611568450927734,True,720,0.9611568450927734,True,720,0.6558298468589783,True,720,0.8223745822906494,True,720,0.7489140629768372,True,c12_correct
721,722,722_8.bmp,preprocessed_results\722\722_8.bmp,721,721,721,0.8884775638580322,649,0.0031705512665212154,0.885307012591511,721|649|103|635|720,0.88847756|0.00317055|0.00308461|0.00307055|0.00230543,1,0.8884775638580322,True,721,0.8884775638580322,True,721,0.8522708415985107,True,721,0.8350260853767395,True,721,0.7737956643104553,True,c12_correct
722,723,723_5.bmp,preprocessed_results\723\723_5.bmp,722,722,722,0.8907958269119263,614,0.005740099586546421,0.8850557273253798,722|614|346|366|702,0.89079583|0.00574010|0.00416934|0.00272671|0.00248832,1,0.8907958269119263,True,722,0.8907958269119263,True,722,0.7884635329246521,True,722,0.8220201730728149,True,722,0.8602184057235718,True,c12_correct
723,724,724_6.bmp,preprocessed_results\724\724_6.bmp,723,723,723,0.8542838096618652,639,0.006052523385733366,0.8482312862761319,723|639|6|777|703,0.85428381|0.00605252|0.00462543|0.00333932|0.00331984,1,0.8542838096618652,True,723,0.8542838096618652,True,723,0.6225326061248779,True,723,0.7992411255836487,True,723,0.6476049423217773,True,c12_correct
724,725,725_1.bmp,preprocessed_results\725\725_1.bmp,724,724,724,0.9226447939872742,725,0.0022856472060084343,0.9203591467812657,724|725|698|436|218,0.92264479|0.00228565|0.00131163|0.00120342|0.00109748,1,0.9226447939872742,True,724,0.9226447939872742,True,724,0.826915979385376,True,724,0.8171414136886597,True,724,0.8406717777252197,True,c12_correct
725,726,726_10.bmp,preprocessed_results\726\726_10.bmp,725,725,725,0.7442718744277954,831,0.007631121668964624,0.7366407527588308,725|831|773|724|104,0.74427187|0.00763112|0.00386332|0.00330592|0.00321461,1,0.7442718744277954,True,725,0.7442718744277954,True,725,0.6343439817428589,True,725,0.8143738508224487,True,725,0.8659583926200867,True,c12_correct
726,727,727_4.bmp,preprocessed_results\727\727_4.bmp,726,726,726,0.6036160588264465,630,0.015222138725221157,0.5883939201012254,726|630|626|594|820,0.60361606|0.01522214|0.01329722|0.01153939|0.00908327,1,0.6036160588264465,True,726,0.6036160588264465,True,726,0.7094920873641968,True,726,0.799552321434021,True,726,0.5761816501617432,True,c12_correct
727,728,728_7.bmp,preprocessed_results\728\728_7.bmp,727,727,727,0.9016333222389221,726,0.004156816750764847,0.8974765054881573,727|726|755|703|107,0.90163332|0.00415682|0.00306289|0.00290464|0.00179483,1,0.9016333222389221,True,727,0.9016333222389221,True,727,0.7832393050193787,True,727,0.8069332838058472,True,727,0.7975663542747498,True,c12_correct
728,729,729_5.bmp,preprocessed_results\729\729_5.bmp,728,728,728,0.9146134853363037,729,0.004813633859157562,0.9097998514771461,728|729|253|768|658,0.91461349|0.00481363|0.00271972|0.00248349|0.00234257,1,0.9146134853363037,True,728,0.9146134853363037,True,728,0.8730370402336121,True,728,0.8134559392929077,True,728,0.8519501686096191,True,c12_correct
729,730,730_7.bmp,preprocessed_results\730\730_7.bmp,729,729,729,0.7378878593444824,658,0.020794318988919258,0.7170935403555632,729|658|728|141|768,0.73788786|0.02079432|0.01151513|0.00612778|0.00345405,1,0.7378878593444824,True,729,0.7378878593444824,True,729,0.651513397693634,True,729,0.8108862042427063,True,729,0.745355486869812,True,c12_correct
730,731,731_10.bmp,preprocessed_results\731\731_10.bmp,730,730,730,0.14843828976154327,712,0.13998883962631226,0.008449450135231018,730|712|592|575|823,0.14843829|0.13998884|0.03459844|0.02751780|0.02376606,1,0.14843828976154327,True,730,0.14843828976154327,True,730,0.13370417058467865,True,730,0.7891611456871033,True,730,0.3374369442462921,True,c12_correct
731,732,732_6.bmp,preprocessed_results\732\732_6.bmp,731,731,731,0.9185423254966736,730,0.012485903687775135,0.9060564218088984,731|730|706|707|823,0.91854233|0.01248590|0.00350397|0.00272390|0.00224820,1,0.9185423254966736,True,731,0.9185423254966736,True,731,0.802076518535614,True,731,0.8301293253898621,True,731,0.8427202701568604,True,c12_correct
732,733,733_7.bmp,preprocessed_results\733\733_7.bmp,732,732,732,0.9243446588516235,638,0.004526764620095491,0.919817894231528,732|638|733|695|691,0.92434466|0.00452676|0.00326724|0.00258581|0.00171302,1,0.9243446588516235,True,732,0.9243446588516235,True,732,0.8801876306533813,True,732,0.8160028457641602,True,732,0.7840685248374939,True,c12_correct
733,734,734_6.bmp,preprocessed_results\734\734_6.bmp,733,733,733,0.8287772536277771,781,0.005783232394605875,0.8229940212331712,733|781|194|7|807,0.82877725|0.00578323|0.00491915|0.00322486|0.00316172,1,0.8287772536277771,True,733,0.8287772536277771,True,733,0.3716263175010681,True,733,0.8069204688072205,True,733,0.5465685129165649,True,c12_correct
734,735,735_7.bmp,preprocessed_results\735\735_7.bmp,734,734,734,0.8264408707618713,756,0.010464532300829887,0.8159763384610415,734|756|761|572|594,0.82644087|0.01046453|0.00470346|0.00456337|0.00449966,1,0.8264408707618713,True,734,0.8264408707618713,True,734,0.7940828800201416,True,734,0.8314414620399475,True,734,0.8008023500442505,True,c12_correct
735,736,736_1.bmp,preprocessed_results\736\736_1.bmp,735,735,735,0.9336066842079163,777,0.002569786971434951,0.9310368972364813,735|777|171|130|609,0.93360668|0.00256979|0.00194097|0.00171047|0.00136525,1,0.9336066842079163,True,735,0.9336066842079163,True,735,0.8419012427330017,True,735,0.8397605419158936,True,735,0.7869759202003479,True,c12_correct
736,737,737_5.bmp,preprocessed_results\737\737_5.bmp,736,736,736,0.9114769697189331,737,0.003547934116795659,0.9079290356021374,736|737|609|828|694,0.91147697|0.00354793|0.00304330|0.00294135|0.00277901,1,0.9114769697189331,True,736,0.9114769697189331,True,736,0.8102192282676697,True,736,0.8206385970115662,True,736,0.8199791312217712,True,c12_correct
737,738,738_1.bmp,preprocessed_results\738\738_1.bmp,737,737,737,0.8985145092010498,191,0.0025859405286610126,0.8959285686723888,737|191|736|608|642,0.89851451|0.00258594|0.00251240|0.00199988|0.00187948,1,0.8985145092010498,True,737,0.8985145092010498,True,737,0.6827730536460876,True,737,0.8103747367858887,True,737,0.8601246476173401,True,c12_correct
738,739,739_10.bmp,preprocessed_results\739\739_10.bmp,738,738,738,0.7507577538490295,815,0.016238193958997726,0.7345195598900318,738|815|739|6|639,0.75075775|0.01623819|0.01299678|0.01001081|0.00976856,1,0.7507577538490295,True,738,0.7507577538490295,True,738,0.6232466101646423,True,738,0.7946040630340576,True,738,0.6754065155982971,True,c12_correct
739,740,740_5.bmp,preprocessed_results\740\740_5.bmp,739,739,739,0.9065571427345276,738,0.009247971698641777,0.8973091710358858,739|738|691|829|670,0.90655714|0.00924797|0.00546857|0.00332800|0.00237433,1,0.9065571427345276,True,739,0.9065571427345276,True,739,0.6708300709724426,True,739,0.8389901518821716,True,739,0.8182113766670227,True,c12_correct
740,741,741_5.bmp,preprocessed_results\741\741_5.bmp,740,740,740,0.9298278093338013,582,0.007577392738312483,0.9222504165954888,740|582|722|638|686,0.92982781|0.00757739|0.00268738|0.00177366|0.00108717,1,0.9298278093338013,True,740,0.9298278093338013,True,740,0.7132567167282104,True,740,0.8359063863754272,True,740,0.786200225353241,True,c12_correct
741,742,742_3.bmp,preprocessed_results\742\742_3.bmp,741,741,741,0.9383190274238586,764,0.0026143882423639297,0.9357046391814947,741|764|815|697|693,0.93831903|0.00261439|0.00210520|0.00190530|0.00177778,1,0.9383190274238586,True,741,0.9383190274238586,True,741,0.7002654671669006,True,741,0.8210167288780212,True,741,0.8347502946853638,True,c12_correct
742,743,743_3.bmp,preprocessed_results\743\743_3.bmp,742,742,742,0.9111276268959045,743,0.007880148477852345,0.9032474784180522,742|743|780|679|586,0.91112763|0.00788015|0.00569857|0.00211808|0.00211452,1,0.9111276268959045,True,742,0.9111276268959045,True,742,0.5366860628128052,True,742,0.8249933123588562,True,742,0.6989537477493286,True,c12_correct
743,744,744_9.bmp,preprocessed_results\744\744_9.bmp,743,743,743,0.8626080751419067,649,0.018637817353010178,0.8439702577888966,743|649|803|742|689,0.86260808|0.01863782|0.01105891|0.01042508|0.00819519,1,0.8626080751419067,True,743,0.8626080751419067,True,743,0.8428818583488464,True,743,0.8203832507133484,True,743,0.83699631690979,True,c12_correct
744,745,745_4.bmp,preprocessed_results\745\745_4.bmp,744,744,744,0.9422921538352966,587,0.0046455347910523415,0.9376466190442443,744|587|560|745|693,0.94229215|0.00464553|0.00087054|0.00080789|0.00079640,1,0.9422921538352966,True,744,0.9422921538352966,True,744,0.8404918313026428,True,744,0.835802435874939,True,744,0.8406144976615906,True,c12_correct
745,746,746_6.bmp,preprocessed_results\746\746_6.bmp,745,745,745,0.894310474395752,744,0.005226961337029934,0.889083513058722,745|744|628|615|705,0.89431047|0.00522696|0.00331146|0.00289629|0.00159222,1,0.894310474395752,True,745,0.894310474395752,True,745,0.8211878538131714,True,745,0.8045864701271057,True,745,0.8436995148658752,True,c12_correct
746,747,747_5.bmp,preprocessed_results\747\747_5.bmp,746,746,746,0.7743722200393677,47,0.008936835452914238,0.7654353845864534,746|47|638|564|698,0.77437222|0.00893684|0.00429710|0.00399970|0.00374683,1,0.7743722200393677,True,746,0.7743722200393677,True,746,0.8934510946273804,True,746,0.816819429397583,True,746,0.789045512676239,True,c12_correct
747,748,748_10.bmp,preprocessed_results\748\748_10.bmp,747,747,747,0.5184828639030457,817,0.011261338368058205,0.5072215255349874,747|817|759|797|597,0.51848286|0.01126134|0.01079369|0.01040505|0.00833801,1,0.5184828639030457,True,747,0.5184828639030457,True,747,0.5942050814628601,True,747,0.822374165058136,True,747,0.7030231356620789,True,c12_correct
748,749,749_4.bmp,preprocessed_results\749\749_4.bmp,748,748,748,0.5986825227737427,823,0.025300323963165283,0.5733821988105774,748|823|161|623|211,0.59868252|0.02530032|0.01030502|0.00927361|0.00793279,1,0.5986825227737427,True,748,0.5986825227737427,True,748,0.6167593002319336,True,748,0.8198447227478027,True,748,0.7673811912536621,True,c12_correct
749,750,750_3.bmp,preprocessed_results\750\750_3.bmp,749,749,749,0.09337472915649414,669,0.01821800507605076,0.07515672408044338,749|669|769|180|733,0.09337473|0.01821801|0.01773394|0.01648844|0.01537804,1,0.09337472915649414,True,749,0.09337472915649414,True,749,0.05390109866857529,True,749,0.7678540945053101,True,749,0.27677640318870544,True,c12_correct
750,751,751_10.bmp,preprocessed_results\751\751_10.bmp,750,750,750,0.8454383015632629,636,0.010895853862166405,0.8345424477010965,750|636|685|751|826,0.84543830|0.01089585|0.00918921|0.00794054|0.00653739,1,0.8454383015632629,True,750,0.8454383015632629,True,750,0.425139844417572,True,750,0.806046187877655,True,750,0.5551028251647949,True,c12_correct
751,752,752_1.bmp,preprocessed_results\752\752_1.bmp,751,751,751,0.9586385488510132,750,0.0051182713359594345,0.9535202775150537,751|750|554|30|619,0.95863855|0.00511827|0.00122674|0.00097927|0.00052400,1,0.9586385488510132,True,751,0.9586385488510132,True,751,0.8482720255851746,True,751,0.8352059125900269,True,751,0.8272689580917358,True,c12_correct
752,753,753_9.bmp,preprocessed_results\753\753_9.bmp,752,752,752,0.8963707089424133,613,0.004146234598010778,0.8922244743444026,752|613|753|261|764,0.89637071|0.00414623|0.00363282|0.00206571|0.00148359,1,0.8963707089424133,True,752,0.8963707089424133,True,752,0.8024954795837402,True,752,0.8090261816978455,True,752,0.7966165542602539,True,c12_correct
753,754,754_7.bmp,preprocessed_results\754\754_7.bmp,753,753,753,0.9533528685569763,752,0.004337682854384184,0.9490151857025921,753|752|663|785|699,0.95335287|0.00433768|0.00241255|0.00130935|0.00101366,1,0.9533528685569763,True,753,0.9533528685569763,True,753,0.8344249129295349,True,753,0.8393559455871582,True,753,0.8602154850959778,True,c12_correct
754,755,755_4.bmp,preprocessed_results\755\755_4.bmp,754,754,754,0.834615170955658,613,0.006003417540341616,0.8286117534153163,754|613|621|779|101,0.83461517|0.00600342|0.00553000|0.00381942|0.00358965,1,0.834615170955658,True,754,0.834615170955658,True,754,0.8089666366577148,True,754,0.8204677700996399,True,754,0.7471224069595337,True,c12_correct
755,756,756_7.bmp,preprocessed_results\756\756_7.bmp,755,755,755,0.3934171497821808,790,0.027183132246136665,0.3662340175360441,755|790|621|829|821,0.39341715|0.02718313|0.02660689|0.02012014|0.01868332,1,0.3934171497821808,True,755,0.3934171497821808,True,755,0.4699784219264984,True,755,0.8088878393173218,True,755,0.6238556504249573,True,c12_correct
756,757,757_5.bmp,preprocessed_results\757\757_5.bmp,756,756,756,0.6684604287147522,608,0.028719397261738777,0.6397410314530134,756|608|757|734|609,0.66846043|0.02871940|0.01079637|0.00978428|0.00805035,1,0.6684604287147522,True,756,0.6684604287147522,True,756,0.42578789591789246,True,756,0.7739802002906799,True,756,0.5101516842842102,True,c12_correct
757,758,758_10.bmp,preprocessed_results\758\758_10.bmp,757,757,757,0.9101506471633911,765,0.007612182293087244,0.9025384648703039,757|765|756|620|621,0.91015065|0.00761218|0.00510103|0.00266863|0.00251324,1,0.9101506471633911,True,757,0.9101506471633911,True,757,0.8131369948387146,True,757,0.8541081547737122,True,757,0.819161593914032,True,c12_correct
758,759,759_7.bmp,preprocessed_results\759\759_7.bmp,758,758,758,0.9113733768463135,784,0.0036390931345522404,0.9077342837117612,758|784|820|766|572,0.91137338|0.00363909|0.00313798|0.00256552|0.00228344,1,0.9113733768463135,True,758,0.9113733768463135,True,758,0.8703835010528564,True,758,0.8223780393600464,True,758,0.8737745881080627,True,c12_correct
759,760,760_7.bmp,preprocessed_results\760\760_7.bmp,759,759,759,0.48103243112564087,669,0.02471706084907055,0.4563153702765703,759|669|825|683|670,0.48103243|0.02471706|0.01869227|0.01852650|0.01756190,1,0.48103243112564087,True,759,0.48103243112564087,True,759,0.46561285853385925,True,759,0.8187664747238159,True,759,0.7191508412361145,True,c12_correct
760,761,761_2.bmp,preprocessed_results\761\761_2.bmp,760,760,760,0.6148679852485657,607,0.01974206417798996,0.5951259210705757,760|607|163|788|584,0.61486799|0.01974206|0.01210655|0.00902821|0.00828722,1,0.6148679852485657,True,760,0.6148679852485657,True,760,0.3863924443721771,True,760,0.8248385190963745,True,760,0.6396490335464478,True,c12_correct
761,762,762_2.bmp,preprocessed_results\762\762_2.bmp,761,761,761,0.9105405807495117,586,0.0023417107295244932,0.9081988700199872,761|586|653|774|641,0.91054058|0.00234171|0.00186442|0.00185060|0.00178359,1,0.9105405807495117,True,761,0.9105405807495117,True,761,0.8449850082397461,True,761,0.8468576669692993,True,761,0.8162725567817688,True,c12_correct
762,763,763_5.bmp,preprocessed_results\763\763_5.bmp,762,762,762,0.9482311010360718,806,0.0034930394031107426,0.944738061632961,762|806|763|726|719,0.94823110|0.00349304|0.00182124|0.00148729|0.00113989,1,0.9482311010360718,True,762,0.9482311010360718,True,762,0.8864448666572571,True,762,0.8141148686408997,True,762,0.9264835119247437,True,c12_correct
763,764,764_9.bmp,preprocessed_results\764\764_9.bmp,763,763,763,0.7096987366676331,319,0.00765757542103529,0.7020411612465978,763|319|287|290|135,0.70969874|0.00765758|0.00534269|0.00481483|0.00447607,1,0.7096987366676331,True,763,0.7096987366676331,True,763,0.4626695513725281,True,763,0.8256973028182983,True,763,0.7456676363945007,True,c12_correct
764,765,765_10.bmp,preprocessed_results\765\765_10.bmp,764,764,764,0.8767179846763611,741,0.007997717708349228,0.8687202669680119,764|741|780|287|752,0.87671798|0.00799772|0.00633319|0.00440530|0.00294366,1,0.8767179846763611,True,764,0.8767179846763611,True,764,0.8529503345489502,True,764,0.8475973010063171,True,764,0.8283530473709106,True,c12_correct
765,766,766_4.bmp,preprocessed_results\766\766_4.bmp,765,765,765,0.863003671169281,757,0.010769475251436234,0.8522341959178448,765|757|683|737|620,0.86300367|0.01076948|0.00970121|0.00385533|0.00349863,1,0.863003671169281,True,765,0.863003671169281,True,765,0.8672357797622681,True,765,0.8218420743942261,True,765,0.843184232711792,True,c12_correct
766,767,767_1.bmp,preprocessed_results\767\767_1.bmp,766,766,766,0.8875189423561096,241,0.007932160049676895,0.8795867823064327,766|241|758|756|626,0.88751894|0.00793216|0.00546199|0.00459764|0.00298167,1,0.8875189423561096,True,766,0.8875189423561096,True,766,0.8010082244873047,True,766,0.8330778479576111,True,766,0.7541123032569885,True,c12_correct
767,768,768_7.bmp,preprocessed_results\768\768_7.bmp,767,767,767,0.9094240069389343,766,0.0024180221371352673,0.9070059848017991,767|766|792|224|643,0.90942401|0.00241802|0.00208193|0.00196578|0.00160866,1,0.9094240069389343,True,767,0.9094240069389343,True,767,0.8669053912162781,True,767,0.8321184515953064,True,767,0.881009042263031,True,c12_correct
768,769,769_3.bmp,preprocessed_results\769\769_3.bmp,768,768,768,0.2547934055328369,807,0.08226113766431808,0.17253226786851883,768|807|759|792|162,0.25479341|0.08226114|0.01439781|0.01291666|0.01268638,1,0.2547934055328369,True,768,0.2547934055328369,True,768,0.6220777034759521,True,768,0.8202661871910095,True,768,0.6661307215690613,True,c12_correct
769,770,770_7.bmp,preprocessed_results\770\770_7.bmp,769,769,769,0.7764000296592712,807,0.022410359233617783,0.7539896704256535,769|807|768|791|11,0.77640003|0.02241036|0.01259526|0.00695696|0.00452931,1,0.7764000296592712,True,769,0.7764000296592712,True,769,0.844516932964325,True,769,0.8198307156562805,True,769,0.7372100353240967,True,c12_correct
770,771,771_5.bmp,preprocessed_results\771\771_5.bmp,770,770,770,0.9491637945175171,671,0.0018181568011641502,0.9473456377163529,770|671|310|776|16,0.94916379|0.00181816|0.00177828|0.00124322|0.00105443,1,0.9491637945175171,True,770,0.9491637945175171,True,770,0.9242972135543823,True,770,0.8612874150276184,True,770,0.8671259880065918,True,c12_correct
771,772,772_2.bmp,preprocessed_results\772\772_2.bmp,771,771,771,0.8815662264823914,133,0.0032413816079497337,0.8783248448744416,771|133|825|669|391,0.88156623|0.00324138|0.00250250|0.00247005|0.00168223,1,0.8815662264823914,True,771,0.8815662264823914,True,771,0.8333413600921631,True,771,0.8263617753982544,True,771,0.8189568519592285,True,c12_correct
772,773,773_2.bmp,preprocessed_results\773\773_2.bmp,772,772,772,0.919926643371582,773,0.017302192747592926,0.9026244506239891,772|773|706|709|789,0.91992664|0.01730219|0.00193862|0.00179383|0.00174727,1,0.919926643371582,True,772,0.919926643371582,True,772,0.7737786173820496,True,772,0.8130958080291748,True,772,0.802988588809967,True,c12_correct
773,774,774_10.bmp,preprocessed_results\774\774_10.bmp,773,773,773,0.7308855652809143,772,0.05566037446260452,0.6752251908183098,773|772|607|647|142,0.73088557|0.05566037|0.00467524|0.00428217|0.00390110,1,0.7308855652809143,True,773,0.7308855652809143,True,773,0.2890675961971283,True,773,0.7663669586181641,True,773,0.5089797377586365,True,c12_correct
774,775,775_1.bmp,preprocessed_results\775\775_1.bmp,774,774,774,0.8867594003677368,609,0.006622028071433306,0.8801373722963035,774|609|738|590|346,0.88675940|0.00662203|0.00199020|0.00196749|0.00195105,1,0.8867594003677368,True,774,0.8867594003677368,True,774,0.6370245218276978,True,774,0.8085955381393433,True,774,0.6804124712944031,True,c12_correct
775,776,776_9.bmp,preprocessed_results\776\776_9.bmp,775,775,775,0.8679102659225464,162,0.005824079271405935,0.8620861866511405,775|162|243|709|630,0.86791027|0.00582408|0.00455337|0.00439041|0.00309294,1,0.8679102659225464,True,775,0.8679102659225464,True,775,0.7591488361358643,True,775,0.83292156457901,True,775,0.7964518070220947,True,c12_correct
776,777,777_7.bmp,preprocessed_results\777\777_7.bmp,776,776,776,0.5353731513023376,777,0.026888858526945114,0.5084842927753925,776|777|784|615|754,0.53537315|0.02688886|0.02237434|0.00776720|0.00733520,1,0.5353731513023376,True,776,0.5353731513023376,True,776,0.35153302550315857,True,776,0.8151620626449585,True,776,0.5621093511581421,True,c12_correct
777,778,778_3.bmp,preprocessed_results\778\778_3.bmp,777,777,777,0.8633499145507812,670,0.009315215051174164,0.8540346994996071,777|670|776|735|597,0.86334991|0.00931522|0.00898175|0.00296455|0.00280680,1,0.8633499145507812,True,777,0.8633499145507812,True,777,0.8554141521453857,True,777,0.8536622524261475,True,777,0.7581092715263367,True,c12_correct
778,779,779_2.bmp,preprocessed_results\779\779_2.bmp,778,778,778,0.9004974961280823,779,0.0037587073165923357,0.8967387888114899,778|779|132|627|410,0.90049750|0.00375871|0.00329527|0.00170971|0.00162629,1,0.9004974961280823,True,778,0.9004974961280823,True,778,0.8275300860404968,True,778,0.7983047366142273,True,778,0.8338059186935425,True,c12_correct
779,780,780_7.bmp,preprocessed_results\780\780_7.bmp,779,779,779,0.9135408401489258,23,0.0034586444962769747,0.9100821956526488,779|23|778|581|768,0.91354084|0.00345864|0.00324693|0.00317391|0.00200204,1,0.9135408401489258,True,779,0.9135408401489258,True,779,0.7505873441696167,True,779,0.8327327966690063,True,779,0.8817277550697327,True,c12_correct
780,781,781_4.bmp,preprocessed_results\781\781_4.bmp,780,780,780,0.9204875230789185,764,0.007692211307585239,0.9127953117713332,780|764|758|820|766,0.92048752|0.00769221|0.00312316|0.00230278|0.00204920,1,0.9204875230789185,True,780,0.9204875230789185,True,780,0.7823757529258728,True,780,0.8120697140693665,True,780,0.7439947128295898,True,c12_correct
781,782,782_8.bmp,preprocessed_results\782\782_8.bmp,781,781,781,0.41214805841445923,813,0.02482585981488228,0.38732219859957695,781|813|7|812|780,0.41214806|0.02482586|0.01939256|0.01552848|0.01471164,1,0.41214805841445923,True,781,0.41214805841445923,True,781,0.5130535364151001,True,781,0.809104859828949,True,781,0.7177642583847046,True,c12_correct
782,783,783_5.bmp,preprocessed_results\783\783_5.bmp,782,782,782,0.9367708563804626,110,0.002179134637117386,0.9345917217433453,782|110|674|2|778,0.93677086|0.00217913|0.00160427|0.00140442|0.00109545,1,0.9367708563804626,True,782,0.9367708563804626,True,782,0.8377717137336731,True,782,0.8274394869804382,True,782,0.8592616319656372,True,c12_correct
783,784,784_3.bmp,preprocessed_results\784\784_3.bmp,783,783,783,0.8347552418708801,715,0.006136723794043064,0.8286185180768371,783|715|587|675|812,0.83475524|0.00613672|0.00339239|0.00300954|0.00266669,1,0.8347552418708801,True,783,0.8347552418708801,True,783,0.682346522808075,True,783,0.823278546333313,True,783,0.701256513595581,True,c12_correct
784,785,785_5.bmp,preprocessed_results\785\785_5.bmp,784,784,784,0.9131413102149963,758,0.006257964763790369,0.906883345451206,784|758|573|785|606,0.91314131|0.00625796|0.00533089|0.00199662|0.00188461,1,0.9131413102149963,True,784,0.9131413102149963,True,784,0.7829760313034058,True,784,0.8028006553649902,True,784,0.7331425547599792,True,c12_correct
785,786,786_5.bmp,preprocessed_results\786\786_5.bmp,785,785,785,0.46169722080230713,728,0.030608993023633957,0.43108822777867317,785|728|199|740|776,0.46169722|0.03060899|0.00864674|0.00801495|0.00728806,1,0.46169722080230713,True,785,0.46169722080230713,True,785,0.4986671805381775,True,785,0.8118979930877686,True,785,0.6348058581352234,True,c12_correct
786,787,787_7.bmp,preprocessed_results\787\787_7.bmp,786,786,786,0.9165722131729126,211,0.0042128413915634155,0.9123593717813492,786|211|720|110|338,0.91657221|0.00421284|0.00239577|0.00197967|0.00111569,1,0.9165722131729126,True,786,0.9165722131729126,True,786,0.7983059287071228,True,786,0.8385656476020813,True,786,0.8324108719825745,True,c12_correct
787,788,788_4.bmp,preprocessed_results\788\788_4.bmp,787,787,787,0.8871716260910034,705,0.009160193614661694,0.8780114324763417,787|705|805|793|58,0.88717163|0.00916019|0.00182924|0.00156280|0.00132123,1,0.8871716260910034,True,787,0.8871716260910034,True,787,0.7396114468574524,True,787,0.8288825750350952,True,787,0.8266700506210327,True,c12_correct
788,789,789_3.bmp,preprocessed_results\789\789_3.bmp,788,788,788,0.7992079854011536,710,0.06867273896932602,0.7305352464318275,788|710|760|814|646,0.79920799|0.06867274|0.00999622|0.00294978|0.00229513,1,0.7992079854011536,True,788,0.7992079854011536,True,788,0.8578034043312073,True,788,0.8190180659294128,True,788,0.8522015810012817,True,c12_correct
789,790,790_6.bmp,preprocessed_results\790\790_6.bmp,789,789,789,0.8893422484397888,695,0.011483140289783478,0.8778591081500053,789|695|590|772|759,0.88934225|0.01148314|0.00297466|0.00230761|0.00221693,1,0.8893422484397888,True,789,0.8893422484397888,True,789,0.8916593194007874,True,789,0.8339644074440002,True,789,0.8176243305206299,True,c12_correct
790,791,791_6.bmp,preprocessed_results\791\791_6.bmp,790,790,790,0.9022859930992126,827,0.0033906109165400267,0.8988953821826726,790|827|673|697|826,0.90228599|0.00339061|0.00304551|0.00244221|0.00201572,1,0.9022859930992126,True,790,0.9022859930992126,True,790,0.8379978537559509,True,790,0.8025386929512024,True,790,0.808245062828064,True,c12_correct
791,792,792_9.bmp,preprocessed_results\792\792_9.bmp,791,791,791,0.7089999914169312,807,0.061830610036849976,0.6471693813800812,791|807|586|801|607,0.70899999|0.06183061|0.02594326|0.01972755|0.00311258,1,0.7089999914169312,True,791,0.7089999914169312,True,791,0.5546739101409912,True,791,0.8044087886810303,True,791,0.649776816368103,True,c12_correct
792,793,793_1.bmp,preprocessed_results\793\793_1.bmp,792,792,792,0.8060632348060608,791,0.011186959221959114,0.7948762755841017,792|791|768|11|807,0.80606323|0.01118696|0.01077794|0.00757009|0.00720412,1,0.8060632348060608,True,792,0.8060632348060608,True,792,0.5016608238220215,True,792,0.8311678171157837,True,792,0.7395445704460144,True,c12_correct
793,794,794_2.bmp,preprocessed_results\794\794_2.bmp,793,793,793,0.8958706855773926,707,0.007296878378838301,0.8885738071985543,793|707|591|825|585,0.89587069|0.00729688|0.00414956|0.00310593|0.00226342,1,0.8958706855773926,True,793,0.8958706855773926,True,793,0.7918055653572083,True,793,0.8197426795959473,True,793,0.8239144682884216,True,c12_correct
794,795,795_7.bmp,preprocessed_results\795\795_7.bmp,794,794,794,0.8961135745048523,771,0.002432958921417594,0.8936806155834347,794|771|776|798|747,0.89611357|0.00243296|0.00142811|0.00134779|0.00114164,1,0.8961135745048523,True,794,0.8961135745048523,True,794,0.8861412405967712,True,794,0.838858962059021,True,794,0.8409881591796875,True,c12_correct
795,796,796_5.bmp,preprocessed_results\796\796_5.bmp,795,795,795,0.927354633808136,749,0.00258902320638299,0.924765610601753,795|749|24|112|818,0.92735463|0.00258902|0.00222549|0.00193288|0.00189128,1,0.927354633808136,True,795,0.927354633808136,True,795,0.8512799739837646,True,795,0.809112548828125,True,795,0.7890259027481079,True,c12_correct
796,797,797_6.bmp,preprocessed_results\797\797_6.bmp,796,796,796,0.895713746547699,797,0.006510830484330654,0.8892029160633683,796|797|331|817|778,0.89571375|0.00651083|0.00222306|0.00208025|0.00165597,1,0.895713746547699,True,796,0.895713746547699,True,796,0.7734987139701843,True,796,0.8278284072875977,True,796,0.7948226928710938,True,c12_correct
797,798,798_4.bmp,preprocessed_results\798\798_4.bmp,797,797,797,0.909843921661377,306,0.003756946651265025,0.9060869750101119,797|306|623|341|669,0.90984392|0.00375695|0.00242072|0.00182039|0.00152867,1,0.909843921661377,True,797,0.909843921661377,True,797,0.8465627431869507,True,797,0.8372403979301453,True,797,0.861422061920166,True,c12_correct
798,799,799_7.bmp,preprocessed_results\799\799_7.bmp,798,798,798,0.8689444661140442,799,0.008405708707869053,0.8605387574061751,798|799|340|187|93,0.86894447|0.00840571|0.00611702|0.00442374|0.00236374,1,0.8689444661140442,True,798,0.8689444661140442,True,798,0.7958263158798218,True,798,0.8344866633415222,True,798,0.8338578939437866,True,c12_correct
799,800,800_9.bmp,preprocessed_results\800\800_9.bmp,799,799,799,0.7697582244873047,820,0.017682064324617386,0.7520761601626873,799|820|626|758|617,0.76975822|0.01768206|0.01606451|0.00941476|0.00903182,1,0.7697582244873047,True,799,0.7697582244873047,True,799,0.6425712704658508,True,799,0.7443276047706604,True,799,0.7117093801498413,True,c12_correct
800,801,801_9.bmp,preprocessed_results\801\801_9.bmp,800,800,800,0.859054684638977,801,0.024276522919535637,0.8347781617194414,800|801|406|724|313,0.85905468|0.02427652|0.00462072|0.00295510|0.00267735,1,0.859054684638977,True,800,0.859054684638977,True,800,0.6927305459976196,True,800,0.8028324842453003,True,800,0.7952053546905518,True,c12_correct
801,802,802_10.bmp,preprocessed_results\802\802_10.bmp,801,801,801,0.9032601714134216,800,0.008298679254949093,0.8949614921584725,801|800|548|833|701,0.90326017|0.00829868|0.00526328|0.00389163|0.00237469,1,0.9032601714134216,True,801,0.9032601714134216,True,801,0.7864294052124023,True,801,0.8212141394615173,True,801,0.8285868167877197,True,c12_correct
802,803,803_6.bmp,preprocessed_results\803\803_6.bmp,802,802,802,0.5268590450286865,808,0.05821848288178444,0.4686405621469021,802|808|634|677|803,0.52685905|0.05821848|0.05114752|0.02351369|0.01489841,1,0.5268590450286865,True,802,0.5268590450286865,True,802,0.6579345464706421,True,802,0.8390828371047974,True,802,0.7771684527397156,True,c12_correct
803,804,804_5.bmp,preprocessed_results\804\804_5.bmp,803,803,803,0.8923709392547607,802,0.03277292102575302,0.8595980182290077,803|802|677|743|827,0.89237094|0.03277292|0.00766034|0.00347828|0.00263488,1,0.8923709392547607,True,803,0.8923709392547607,True,803,0.8135547041893005,True,803,0.829255998134613,True,803,0.7941527962684631,True,c12_correct
804,805,805_6.bmp,preprocessed_results\805\805_6.bmp,804,804,804,0.9289882779121399,648,0.012818618677556515,0.9161696592345834,804|648|640|31|372,0.92898828|0.01281862|0.00603916|0.00209398|0.00145563,1,0.9289882779121399,True,804,0.9289882779121399,True,804,0.8623617887496948,True,804,0.8114106059074402,True,804,0.8332839012145996,True,c12_correct
805,806,806_2.bmp,preprocessed_results\806\806_2.bmp,805,805,805,0.767142653465271,635,0.025281734764575958,0.741860918700695,805|635|601|667|31,0.76714265|0.02528173|0.01688693|0.00896710|0.00573317,1,0.767142653465271,True,805,0.767142653465271,True,805,0.8003060817718506,True,805,0.8363927602767944,True,805,0.8092162013053894,True,c12_correct
806,807,807_10.bmp,preprocessed_results\807\807_10.bmp,806,806,806,0.8926765322685242,810,0.005782370455563068,0.8868941618129611,806|810|824|726|778,0.89267653|0.00578237|0.00315779|0.00309784|0.00295424,1,0.8926765322685242,True,806,0.8926765322685242,True,806,0.8478014469146729,True,806,0.8689967393875122,True,806,0.8691104650497437,True,c12_correct
807,808,808_9.bmp,preprocessed_results\808\808_9.bmp,807,807,807,0.8959473371505737,791,0.007526691537350416,0.8884206456132233,807|791|806|627|801,0.89594734|0.00752669|0.00278919|0.00272290|0.00240615,1,0.8959473371505737,True,807,0.8959473371505737,True,807,0.665131688117981,True,807,0.8398054242134094,True,807,0.7523230314254761,True,c12_correct
808,809,809_9.bmp,preprocessed_results\809\809_9.bmp,808,808,808,0.7127920985221863,684,0.017231227830052376,0.6955608706921339,808|684|809|685|116,0.71279210|0.01723123|0.01145962|0.00687181|0.00607911,1,0.7127920985221863,True,808,0.7127920985221863,True,808,0.8457425236701965,True,808,0.8338132500648499,True,808,0.8517754077911377,True,c12_correct
809,810,810_2.bmp,preprocessed_results\810\810_2.bmp,809,809,809,0.966702938079834,678,0.004478287883102894,0.9622246501967311,809|678|808|628|733,0.96670294|0.00447829|0.00120063|0.00115987|0.00092633,1,0.966702938079834,True,809,0.966702938079834,True,809,0.9014624357223511,True,809,0.8320712447166443,True,809,0.8451311588287354,True,c12_correct
810,811,811_6.bmp,preprocessed_results\811\811_6.bmp,810,810,810,0.8911570906639099,806,0.012682091444730759,0.8784749992191792,810|806|286|696|0,0.89115709|0.01268209|0.00377078|0.00353295|0.00279056,1,0.8911570906639099,True,810,0.8911570906639099,True,810,0.6556991934776306,True,810,0.7777270078659058,True,810,0.7712095379829407,True,c12_correct
811,812,812_7.bmp,preprocessed_results\812\812_7.bmp,811,811,811,0.9829766750335693,810,0.0010724392486736178,0.9819042357848957,811|810|789|759|47,0.98297668|0.00107244|0.00060781|0.00049559|0.00046199,1,0.9829766750335693,True,811,0.9829766750335693,True,811,0.8971156477928162,True,811,0.8440882563591003,True,811,0.8868623971939087,True,c12_correct
812,813,813_10.bmp,preprocessed_results\813\813_10.bmp,812,812,812,0.8832237124443054,781,0.01312587596476078,0.8700978364795446,812|781|780|327|813,0.88322371|0.01312588|0.00369913|0.00358924|0.00320616,1,0.8832237124443054,True,812,0.8832237124443054,True,812,0.7530909180641174,True,812,0.8285841941833496,True,812,0.7057342529296875,True,c12_correct
813,814,814_7.bmp,preprocessed_results\814\814_7.bmp,813,813,813,0.8871269822120667,609,0.00862457137554884,0.8785024108365178,813|609|812|744|654,0.88712698|0.00862457|0.00329260|0.00172059|0.00147631,1,0.8871269822120667,True,813,0.8871269822120667,True,813,0.8159284591674805,True,813,0.8379573822021484,True,813,0.8712455034255981,True,c12_correct
814,815,815_1.bmp,preprocessed_results\815\815_1.bmp,814,814,814,0.8932821154594421,144,0.0027622359339147806,0.8905198795255274,814|144|815|679|692,0.89328212|0.00276224|0.00213473|0.00188540|0.00167090,1,0.8932821154594421,True,814,0.8932821154594421,True,814,0.9168203473091125,True,814,0.8445712924003601,True,814,0.8545490503311157,True,c12_correct
815,816,816_10.bmp,preprocessed_results\816\816_10.bmp,815,815,815,0.9087854623794556,738,0.004227480385452509,0.9045579819940031,815|738|814|6|723,0.90878546|0.00422748|0.00329900|0.00123299|0.00118193,1,0.9087854623794556,True,815,0.9087854623794556,True,815,0.8046196699142456,True,815,0.8444237112998962,True,815,0.7264080047607422,True,c12_correct
816,817,817_10.bmp,preprocessed_results\817\817_10.bmp,816,816,816,0.892951250076294,817,0.007533564232289791,0.8854176858440042,816|817|796|830|340,0.89295125|0.00753356|0.00359192|0.00218936|0.00188190,1,0.892951250076294,True,816,0.892951250076294,True,816,0.7738312482833862,True,816,0.8452804684638977,True,816,0.8351038098335266,True,c12_correct
817,818,818_5.bmp,preprocessed_results\818\818_5.bmp,817,817,817,0.7850021719932556,816,0.012351302430033684,0.7726508695632219,817|816|786|243|792,0.78500217|0.01235130|0.00832365|0.00553067|0.00501060,1,0.7850021719932556,True,817,0.7850021719932556,True,817,0.8523483872413635,True,817,0.8392099738121033,True,817,0.8518121838569641,True,c12_correct
818,819,819_3.bmp,preprocessed_results\819\819_3.bmp,818,818,818,0.9066598415374756,61,0.002472435822710395,0.9041874057147652,818|61|633|589|709,0.90665984|0.00247244|0.00215272|0.00120885|0.00114183,1,0.9066598415374756,True,818,0.9066598415374756,True,818,0.8573648929595947,True,818,0.8437612652778625,True,818,0.823134183883667,True,c12_correct
819,820,820_7.bmp,preprocessed_results\820\820_7.bmp,819,819,819,0.8853715062141418,695,0.004015886690467596,0.8813556195236742,819|695|334|704|765,0.88537151|0.00401589|0.00196690|0.00195793|0.00188724,1,0.8853715062141418,True,819,0.8853715062141418,True,819,0.8287280201911926,True,819,0.8267502188682556,True,819,0.8885705471038818,True,c12_correct
820,821,821_2.bmp,preprocessed_results\821\821_2.bmp,820,820,820,0.8743143081665039,758,0.011680098250508308,0.8626342099159956,820|758|736|828|682,0.87431431|0.01168010|0.00449102|0.00337621|0.00321110,1,0.8743143081665039,True,820,0.8743143081665039,True,820,0.7628335952758789,True,820,0.8203697204589844,True,820,0.8466358184814453,True,c12_correct
821,822,822_3.bmp,preprocessed_results\822\822_3.bmp,821,821,821,0.8993777632713318,673,0.008096897043287754,0.891280866228044,821|673|617|608|737,0.89937776|0.00809690|0.00234366|0.00229728|0.00180780,1,0.8993777632713318,True,821,0.8993777632713318,True,821,0.8118764758110046,True,821,0.8407095074653625,True,821,0.8323631882667542,True,c12_correct
822,823,823_10.bmp,preprocessed_results\823\823_10.bmp,822,822,822,0.9556804895401001,752,0.00264348485507071,0.9530370046850294,822|752|764|823|596,0.95568049|0.00264348|0.00138254|0.00137706|0.00124892,1,0.9556804895401001,True,822,0.9556804895401001,True,822,0.8878539204597473,True,822,0.8384420871734619,True,822,0.8571101427078247,True,c12_correct
823,824,824_8.bmp,preprocessed_results\824\824_8.bmp,823,823,823,0.8895548582077026,592,0.0039757671765983105,0.8855790910311043,823|592|732|333|731,0.88955486|0.00397577|0.00340872|0.00229368|0.00161343,1,0.8895548582077026,True,823,0.8895548582077026,True,823,0.8278863430023193,True,823,0.8354722857475281,True,823,0.8636191487312317,True,c12_correct
824,825,825_10.bmp,preprocessed_results\825\825_10.bmp,824,824,824,0.8970463871955872,828,0.011348745785653591,0.8856976414099336,824|828|570|286|676,0.89704639|0.01134875|0.00691528|0.00200427|0.00194499,1,0.8970463871955872,True,824,0.8970463871955872,True,824,0.7188448905944824,True,824,0.7918769717216492,True,824,0.6961085796356201,True,c12_correct
825,826,826_2.bmp,preprocessed_results\826\826_2.bmp,825,825,825,0.9324803352355957,831,0.0018820547265931964,0.9305982805090025,825|831|669|771|707,0.93248034|0.00188205|0.00161267|0.00145524|0.00100210,1,0.9324803352355957,True,825,0.9324803352355957,True,825,0.9235658049583435,True,825,0.8366360068321228,True,825,0.8013372421264648,True,c12_correct
826,827,827_10.bmp,preprocessed_results\827\827_10.bmp,826,826,826,0.8470739722251892,827,0.040693510323762894,0.8063804619014263,826|827|616|790|645,0.84707397|0.04069351|0.00326799|0.00299534|0.00247880,1,0.8470739722251892,True,826,0.8470739722251892,True,826,0.8816589713096619,True,826,0.8449801206588745,True,826,0.780332088470459,True,c12_correct
827,828,828_10.bmp,preprocessed_results\828\828_10.bmp,827,827,827,0.8813454508781433,826,0.027679074555635452,0.8536663763225079,827|826|609|803|644,0.88134545|0.02767907|0.00435560|0.00381091|0.00328992,1,0.8813454508781433,True,827,0.8813454508781433,True,827,0.7068804502487183,True,827,0.8418859243392944,True,827,0.7859734296798706,True,c12_correct
828,829,829_2.bmp,preprocessed_results\829\829_2.bmp,828,828,828,0.8025588989257812,692,0.016004422679543495,0.7865544762462378,828|692|824|664|786,0.80255890|0.01600442|0.00425850|0.00288126|0.00255105,1,0.8025588989257812,True,828,0.8025588989257812,True,828,0.6957080364227295,True,828,0.8078099489212036,True,828,0.5804144144058228,True,c12_correct
829,830,830_5.bmp,preprocessed_results\830\830_5.bmp,829,829,829,0.8841221332550049,738,0.008234025910496712,0.8758881073445082,829|738|191|739|670,0.88412213|0.00823403|0.00466187|0.00344628|0.00243374,1,0.8841221332550049,True,829,0.8841221332550049,True,829,0.8663713932037354,True,829,0.8249068260192871,True,829,0.8298493027687073,True,c12_correct
830,831,831_8.bmp,preprocessed_results\831\831_8.bmp,830,830,830,0.8972036242485046,620,0.0069940718822181225,0.8902095523662865,830|620|697|822|831,0.89720362|0.00699407|0.00550843|0.00331906|0.00330517,1,0.8972036242485046,True,830,0.8972036242485046,True,830,0.8657361268997192,True,830,0.8167375922203064,True,830,0.8117547631263733,True,c12_correct
831,832,832_9.bmp,preprocessed_results\832\832_9.bmp,831,831,831,0.113849937915802,830,0.10096766799688339,0.01288226991891861,831|830|431|303|425,0.11384994|0.10096767|0.01780473|0.01044003|0.00953458,1,0.113849937915802,True,831,0.113849937915802,True,830,0.03701392188668251,False,831,0.794791579246521,True,831,0.29672980308532715,True,c12_correct
832,833,833_10.bmp,preprocessed_results\833\833_10.bmp,832,832,832,0.7099472284317017,606,0.015918394550681114,0.6940288338810205,832|606|282|531|304,0.70994723|0.01591839|0.00912184|0.00733889|0.00412454,1,0.7099472284317017,True,832,0.7099472284317017,True,832,0.8061517477035522,True,832,0.8294907808303833,True,832,0.8162710666656494,True,c12_correct
833,834,834_8.bmp,preprocessed_results\834\834_8.bmp,833,833,833,0.9437564015388489,832,0.0033366514835506678,0.9404197500552982,833|832|56|801|182,0.94375640|0.00333665|0.00196848|0.00194510|0.00183315,1,0.9437564015388489,True,833,0.9437564015388489,True,833,0.8513408899307251,True,833,0.8211889863014221,True,833,0.8769004940986633,True,c12_correct
