index,subject_id,filename,path,label,true_label,c12_top1,c12_top1_prob,c12_top2,c12_top2_prob,c12_margin_top1_top2,c12_top5_labels,c12_top5_probs,c12_true_rank,c12_true_prob,c12_true_in_top5,c12_pred,c12_conf,c12_correct,mobilenet_pred,mobilenet_conf,mobilenet_correct,effv2m_pred,effv2m_conf,effv2m_correct,resnet50_pred,resnet50_conf,resnet50_correct,diagnosis
0,1,1_10.bmp,preprocessed_results\1\1_10.bmp,0,0,0,0.9022651314735413,1,0.041020773351192474,0.8612443581223488,0|1|308|13|207,0.90226513|0.04102077|0.00583088|0.00298853|0.00214853,1,0.9022651314735413,True,0,0.9022651314735413,True,0,0.8807249069213867,True,0,0.8586646914482117,True,0,0.8092822432518005,True,c12_correct
1,2,2_9.bmp,preprocessed_results\2\2_9.bmp,1,1,1,0.8403868675231934,0,0.016936983913183212,0.8234498836100101,1|0|97|269|753,0.84038687|0.01693698|0.00536831|0.00342316|0.00291322,1,0.8403868675231934,True,1,0.8403868675231934,True,1,0.8541948199272156,True,1,0.8367971181869507,True,1,0.7320094108581543,True,c12_correct
2,3,3_8.bmp,preprocessed_results\3\3_8.bmp,2,2,2,0.887210488319397,623,0.021147072315216064,0.8660634160041809,2|623|136|215|12,0.88721049|0.02114707|0.00871583|0.00278505|0.00257788,1,0.887210488319397,True,2,0.887210488319397,True,2,0.6435295343399048,True,2,0.7944902181625366,True,2,0.7591208219528198,True,c12_correct
3,4,4_6.bmp,preprocessed_results\4\4_6.bmp,3,3,3,0.9370036721229553,319,0.002045877045020461,0.9349577950779349,3|319|191|2|141,0.93700367|0.00204588|0.00200390|0.00184039|0.00181765,1,0.9370036721229553,True,3,0.9370036721229553,True,3,0.9039043188095093,True,3,0.8390026092529297,True,3,0.7672256827354431,True,c12_correct
4,5,5_10.bmp,preprocessed_results\5\5_10.bmp,4,4,4,0.8024037480354309,170,0.03626764565706253,0.7661361023783684,4|170|198|269|256,0.80240375|0.03626765|0.01170441|0.00642112|0.00443522,1,0.8024037480354309,True,4,0.8024037480354309,True,4,0.601411759853363,True,4,0.8194741010665894,True,4,0.7296889424324036,True,c12_correct
5,6,6_6.bmp,preprocessed_results\6\6_6.bmp,5,5,5,0.5651794075965881,171,0.30108827352523804,0.2640911340713501,5|171|813|13|715,0.56517941|0.30108827|0.00765255|0.00402347|0.00318595,1,0.5651794075965881,True,5,0.5651794075965881,True,5,0.43013983964920044,True,5,0.7179867029190063,True,5,0.2726656496524811,True,c12_correct
6,7,7_10.bmp,preprocessed_results\7\7_10.bmp,6,6,6,0.7260521650314331,246,0.025104401633143425,0.7009477633982897,6|246|738|538|717,0.72605217|0.02510440|0.00822846|0.00666522|0.00627401,1,0.7260521650314331,True,6,0.7260521650314331,True,6,0.5747631192207336,True,6,0.796624481678009,True,6,0.5902025103569031,True,c12_correct
7,8,8_4.bmp,preprocessed_results\8\8_4.bmp,7,7,7,0.6145707368850708,6,0.09470351040363312,0.5198672264814377,7|6|733|644|177,0.61457074|0.09470351|0.01749418|0.01330749|0.00949547,1,0.6145707368850708,True,7,0.6145707368850708,True,7,0.5926808714866638,True,7,0.8468852639198303,True,7,0.6875666975975037,True,c12_correct
8,9,9_10.bmp,preprocessed_results\9\9_10.bmp,8,8,8,0.8886435031890869,184,0.008657163009047508,0.8799863401800394,8|184|164|72|230,0.88864350|0.00865716|0.00464642|0.00335491|0.00328434,1,0.8886435031890869,True,8,0.8886435031890869,True,8,0.5520250797271729,True,8,0.8310112357139587,True,8,0.6806895136833191,True,c12_correct
9,10,10_5.bmp,preprocessed_results\10\10_5.bmp,9,9,9,0.7193230986595154,120,0.05113418027758598,0.6681889183819294,9|120|55|8|300,0.71932310|0.05113418|0.01325058|0.00949678|0.00853870,1,0.7193230986595154,True,9,0.7193230986595154,True,9,0.619391918182373,True,9,0.8094950914382935,True,9,0.6716591119766235,True,c12_correct
10,11,11_3.bmp,preprocessed_results\11\11_3.bmp,10,10,10,0.8414545059204102,795,0.011134211905300617,0.8303202940151095,10|795|807|262|94,0.84145451|0.01113421|0.00467130|0.00452392|0.00414604,1,0.8414545059204102,True,10,0.8414545059204102,True,10,0.8380301594734192,True,10,0.8394871354103088,True,10,0.7967588901519775,True,c12_correct
11,12,12_2.bmp,preprocessed_results\12\12_2.bmp,11,11,11,0.9572266340255737,728,0.002891886280849576,0.9543347477447242,11|728|658|50|101,0.95722663|0.00289189|0.00277800|0.00190450|0.00154612,1,0.9572266340255737,True,11,0.9572266340255737,True,11,0.928759753704071,True,11,0.8239507675170898,True,11,0.7952887415885925,True,c12_correct
12,13,13_2.bmp,preprocessed_results\13\13_2.bmp,12,12,12,0.5435370802879333,544,0.013547651469707489,0.5299894288182259,12|544|24|338|136,0.54353708|0.01354765|0.00988953|0.00979640|0.00872554,1,0.5435370802879333,True,12,0.5435370802879333,True,12,0.5140480399131775,True,12,0.8241737484931946,True,12,0.7720719575881958,True,c12_correct
13,14,14_6.bmp,preprocessed_results\14\14_6.bmp,13,13,13,0.7612497210502625,5,0.014631285332143307,0.7466184357181191,13|5|783|311|69,0.76124972|0.01463129|0.01421206|0.01030704|0.00906648,1,0.7612497210502625,True,13,0.7612497210502625,True,13,0.7909603118896484,True,13,0.8155294060707092,True,13,0.6058489084243774,True,c12_correct
14,15,15_10.bmp,preprocessed_results\15\15_10.bmp,14,14,14,0.7294052243232727,190,0.024029254913330078,0.7053759694099426,14|190|307|15|187,0.72940522|0.02402925|0.01039578|0.00999352|0.00934826,1,0.7294052243232727,True,14,0.7294052243232727,True,14,0.7235614061355591,True,14,0.8184342384338379,True,14,0.6824061274528503,True,c12_correct
15,16,16_2.bmp,preprocessed_results\16\16_2.bmp,15,15,15,0.9042618870735168,621,0.010876515880227089,0.8933853711932898,15|621|777|143|275,0.90426189|0.01087652|0.00221379|0.00220474|0.00207043,1,0.9042618870735168,True,15,0.9042618870735168,True,15,0.8461008667945862,True,15,0.8468760848045349,True,15,0.8123117089271545,True,c12_correct
16,17,17_4.bmp,preprocessed_results\17\17_4.bmp,16,16,16,0.35371124744415283,62,0.04940752312541008,0.30430372431874275,16|62|670|82|704,0.35371125|0.04940752|0.03531015|0.02137348|0.01912718,1,0.35371124744415283,True,16,0.35371124744415283,True,16,0.3511635661125183,True,16,0.8122283220291138,True,16,0.4472997188568115,True,c12_correct
17,18,18_7.bmp,preprocessed_results\18\18_7.bmp,17,17,17,0.4034596085548401,811,0.02338334172964096,0.3800762668251991,17|811|243|108|162,0.40345961|0.02338334|0.01714216|0.01149415|0.01140301,1,0.4034596085548401,True,17,0.4034596085548401,True,17,0.1562063843011856,True,17,0.5694795250892639,True,17,0.3814961612224579,True,c12_correct
18,19,19_10.bmp,preprocessed_results\19\19_10.bmp,18,18,18,0.8995913863182068,19,0.008379381150007248,0.8912120051681995,18|19|135|396|356,0.89959139|0.00837938|0.00422502|0.00338770|0.00190747,1,0.8995913863182068,True,18,0.8995913863182068,True,18,0.7634387016296387,True,18,0.840829074382782,True,18,0.7625004649162292,True,c12_correct
19,20,20_8.bmp,preprocessed_results\20\20_8.bmp,19,19,19,0.6814603805541992,18,0.041634414345026016,0.6398259662091732,19|18|205|784|777,0.68146038|0.04163441|0.01383350|0.00733841|0.00507714,1,0.6814603805541992,True,19,0.6814603805541992,True,19,0.6597826480865479,True,19,0.8270338177680969,True,19,0.7015617489814758,True,c12_correct
20,21,21_4.bmp,preprocessed_results\21\21_4.bmp,20,20,20,0.8686563372612,21,0.024438241496682167,0.8442180957645178,20|21|225|290|275,0.86865634|0.02443824|0.00791214|0.00460547|0.00460470,1,0.8686563372612,True,20,0.8686563372612,True,20,0.9255138635635376,True,20,0.8117364048957825,True,20,0.8344922065734863,True,c12_correct
21,22,22_10.bmp,preprocessed_results\22\22_10.bmp,21,21,21,0.6636914610862732,275,0.03977701812982559,0.6239144429564476,21|275|290|14|93,0.66369146|0.03977702|0.01274703|0.00936806|0.00910317,1,0.6636914610862732,True,21,0.6636914610862732,True,21,0.6421736478805542,True,21,0.8118278384208679,True,21,0.617303729057312,True,c12_correct
22,23,23_1.bmp,preprocessed_results\23\23_1.bmp,22,22,22,0.6200735569000244,429,0.01663975417613983,0.6034338027238846,22|429|51|23|383,0.62007356|0.01663975|0.01128802|0.00873331|0.00663760,1,0.6200735569000244,True,22,0.6200735569000244,True,22,0.7866286039352417,True,22,0.8204826712608337,True,22,0.7457966804504395,True,c12_correct
23,24,24_3.bmp,preprocessed_results\24\24_3.bmp,23,23,23,0.865227222442627,129,0.009879357181489468,0.8553478652611375,23|129|149|195|269,0.86522722|0.00987936|0.00442047|0.00280711|0.00253747,1,0.865227222442627,True,23,0.865227222442627,True,23,0.8302608132362366,True,23,0.8364779353141785,True,23,0.8065637350082397,True,c12_correct
24,25,25_6.bmp,preprocessed_results\25\25_6.bmp,24,24,24,0.882296621799469,88,0.012225736863911152,0.8700708849355578,24|88|94|238|2,0.88229662|0.01222574|0.01026319|0.00700608|0.00378168,1,0.882296621799469,True,24,0.882296621799469,True,24,0.7651947140693665,True,24,0.8136984705924988,True,24,0.7999095320701599,True,c12_correct
25,26,26_7.bmp,preprocessed_results\26\26_7.bmp,25,25,25,0.32898396253585815,495,0.023722561076283455,0.3052614014595747,25|495|409|547|522,0.32898396|0.02372256|0.02273976|0.01688427|0.01583321,1,0.32898396253585815,True,25,0.32898396253585815,True,25,0.06464889645576477,True,25,0.7919244766235352,True,25,0.41483059525489807,True,c12_correct
26,27,27_3.bmp,preprocessed_results\27\27_3.bmp,26,26,26,0.8774086236953735,27,0.013945995829999447,0.8634626278653741,26|27|266|130|22,0.87740862|0.01394600|0.00611774|0.00488559|0.00371194,1,0.8774086236953735,True,26,0.8774086236953735,True,26,0.8164071440696716,True,26,0.8006393909454346,True,26,0.7260542511940002,True,c12_correct
27,28,28_10.bmp,preprocessed_results\28\28_10.bmp,27,27,27,0.9658252000808716,26,0.005307931452989578,0.960517268627882,27|26|590|332|271,0.96582520|0.00530793|0.00200391|0.00134779|0.00107584,1,0.9658252000808716,True,27,0.9658252000808716,True,27,0.7906268835067749,True,27,0.8479205965995789,True,27,0.8497887253761292,True,c12_correct
28,29,29_2.bmp,preprocessed_results\29\29_2.bmp,28,28,28,0.4400849938392639,423,0.024351205676794052,0.41573378816246986,28|423|189|203|223,0.44008499|0.02435121|0.01894701|0.01534742|0.01485469,1,0.4400849938392639,True,28,0.4400849938392639,True,28,0.626236081123352,True,28,0.8167579174041748,True,28,0.6886655688285828,True,c12_correct
29,30,30_1.bmp,preprocessed_results\30\30_1.bmp,29,29,29,0.9269846081733704,28,0.010405891574919224,0.9165787165984511,29|28|189|198|59,0.92698461|0.01040589|0.00449339|0.00160742|0.00133444,1,0.9269846081733704,True,29,0.9269846081733704,True,29,0.5189663171768188,True,29,0.8354495763778687,True,29,0.6698707342147827,True,c12_correct
30,31,31_2.bmp,preprocessed_results\31\31_2.bmp,30,30,30,0.8867975473403931,315,0.007429459132254124,0.8793680882081389,30|315|195|194|247,0.88679755|0.00742946|0.00589555|0.00535648|0.00525643,1,0.8867975473403931,True,30,0.8867975473403931,True,30,0.6529351472854614,True,30,0.8002597093582153,True,30,0.6364003419876099,True,c12_correct
31,32,32_1.bmp,preprocessed_results\32\32_1.bmp,31,31,31,0.7400862574577332,30,0.15872035920619965,0.5813658982515335,31|30|144|667|788,0.74008626|0.15872036|0.00492828|0.00450612|0.00325337,1,0.7400862574577332,True,31,0.7400862574577332,True,31,0.7627430558204651,True,31,0.7920277714729309,True,31,0.45891278982162476,True,c12_correct
32,33,33_2.bmp,preprocessed_results\33\33_2.bmp,32,32,32,0.9655469059944153,305,0.0026323830243200064,0.9629145229700953,32|305|89|25|54,0.96554691|0.00263238|0.00257359|0.00106929|0.00092709,1,0.9655469059944153,True,32,0.9655469059944153,True,32,0.7682380676269531,True,32,0.821094274520874,True,32,0.7448704242706299,True,c12_correct
33,34,34_9.bmp,preprocessed_results\34\34_9.bmp,33,33,33,0.9285070300102234,218,0.006266250740736723,0.9222407792694867,33|218|32|212|206,0.92850703|0.00626625|0.00456198|0.00229213|0.00144716,1,0.9285070300102234,True,33,0.9285070300102234,True,33,0.8822765946388245,True,33,0.848554253578186,True,33,0.8941352367401123,True,c12_correct
34,35,35_5.bmp,preprocessed_results\35\35_5.bmp,34,34,34,0.6890960931777954,35,0.020261015743017197,0.6688350774347782,34|35|204|200|622,0.68909609|0.02026102|0.01770032|0.01286050|0.00671826,1,0.6890960931777954,True,34,0.6890960931777954,True,34,0.7380006313323975,True,34,0.7965006828308105,True,34,0.6176049709320068,True,c12_correct
35,36,36_1.bmp,preprocessed_results\36\36_1.bmp,35,35,35,0.7438401579856873,212,0.01760510727763176,0.7262350507080555,35|212|450|284|517,0.74384016|0.01760511|0.01448970|0.01173458|0.00815878,1,0.7438401579856873,True,35,0.7438401579856873,True,35,0.6518524289131165,True,35,0.8184676766395569,True,35,0.49229666590690613,True,c12_correct
36,37,37_10.bmp,preprocessed_results\37\37_10.bmp,36,36,36,0.3694251477718353,119,0.03522081300616264,0.3342043347656727,36|119|759|735|290,0.36942515|0.03522081|0.01704984|0.01361628|0.01331959,1,0.3694251477718353,True,36,0.3694251477718353,True,36,0.38822150230407715,True,36,0.7999899983406067,True,36,0.727613091468811,True,c12_correct
37,38,38_8.bmp,preprocessed_results\38\38_8.bmp,37,37,37,0.11732486635446548,36,0.05527573078870773,0.06204913556575775,37|36|243|431|162,0.11732487|0.05527573|0.04158828|0.03398048|0.02835513,1,0.11732486635446548,True,37,0.11732486635446548,True,37,0.1673590987920761,True,37,0.7726715803146362,True,37,0.20163676142692566,True,c12_correct
38,39,39_4.bmp,preprocessed_results\39\39_4.bmp,38,38,38,0.3217076063156128,173,0.05541389435529709,0.2662937119603157,38|173|172|59|39,0.32170761|0.05541389|0.04363263|0.03059055|0.02460696,1,0.3217076063156128,True,38,0.3217076063156128,True,38,0.2230079174041748,True,38,0.5822464227676392,True,38,0.25276806950569153,True,c12_correct
39,40,40_4.bmp,preprocessed_results\40\40_4.bmp,39,39,39,0.8355526924133301,519,0.0043212599121034145,0.8312314325012267,39|519|28|198|440,0.83555269|0.00432126|0.00356729|0.00349235|0.00349181,1,0.8355526924133301,True,39,0.8355526924133301,True,39,0.224213108420372,True,39,0.803942084312439,True,39,0.5198343992233276,True,c12_correct
40,41,41_2.bmp,preprocessed_results\41\41_2.bmp,40,40,40,0.4730350077152252,41,0.02941570058465004,0.4436193071305752,40|41|80|453|125,0.47303501|0.02941570|0.02751453|0.02562520|0.01539000,1,0.4730350077152252,True,40,0.4730350077152252,True,40,0.24941806495189667,True,40,0.7928423881530762,True,40,0.6868985295295715,True,c12_correct
41,42,42_10.bmp,preprocessed_results\42\42_10.bmp,41,41,41,0.9304289817810059,40,0.004319411236792803,0.9261095705442131,41|40|336|354|315,0.93042898|0.00431941|0.00216005|0.00184970|0.00176983,1,0.9304289817810059,True,41,0.9304289817810059,True,41,0.8734882473945618,True,41,0.8249853849411011,True,41,0.8626769185066223,True,c12_correct
42,43,43_1.bmp,preprocessed_results\43\43_1.bmp,42,42,42,0.7766022086143494,173,0.014939473941922188,0.7616627346724272,42|173|304|328|102,0.77660221|0.01493947|0.00656897|0.00605756|0.00506671,1,0.7766022086143494,True,42,0.7766022086143494,True,42,0.3920891582965851,True,42,0.8104299306869507,True,42,0.7076659798622131,True,c12_correct
43,44,44_10.bmp,preprocessed_results\44\44_10.bmp,43,43,43,0.827251672744751,720,0.00923219695687294,0.818019475787878,43|720|440|356|786,0.82725167|0.00923220|0.00551936|0.00495555|0.00379703,1,0.827251672744751,True,43,0.827251672744751,True,43,0.4377520680427551,True,43,0.8148924708366394,True,43,0.7492145895957947,True,c12_correct
44,45,45_6.bmp,preprocessed_results\45\45_6.bmp,44,44,44,0.40084198117256165,144,0.03583874925971031,0.36500323191285133,44|144|45|716|320,0.40084198|0.03583875|0.02271986|0.01683434|0.01623617,1,0.40084198117256165,True,44,0.40084198117256165,True,44,0.5076844096183777,True,44,0.748665452003479,True,44,0.5809341073036194,True,c12_correct
45,46,46_10.bmp,preprocessed_results\46\46_10.bmp,45,45,45,0.5353047847747803,44,0.029589511454105377,0.5057152733206749,45|44|305|294|77,0.53530478|0.02958951|0.01576572|0.01373491|0.01275215,1,0.5353047847747803,True,45,0.5353047847747803,True,45,0.3774649202823639,True,45,0.7789205312728882,True,45,0.4231581687927246,True,c12_correct
46,47,47_4.bmp,preprocessed_results\47\47_4.bmp,46,46,46,0.8208418488502502,295,0.009359023533761501,0.8114828253164887,46|295|411|47|216,0.82084185|0.00935902|0.00815299|0.00483430|0.00446232,1,0.8208418488502502,True,46,0.8208418488502502,True,46,0.6877673864364624,True,46,0.8202536106109619,True,46,0.7196124792098999,True,c12_correct
47,48,48_10.bmp,preprocessed_results\48\48_10.bmp,47,47,47,0.6557723879814148,241,0.08053139597177505,0.5752409920096397,47|241|811|568|162,0.65577239|0.08053140|0.02267165|0.01151421|0.01031485,1,0.6557723879814148,True,47,0.6557723879814148,True,47,0.605961263179779,True,47,0.8081603050231934,True,47,0.7619240283966064,True,c12_correct
48,49,49_4.bmp,preprocessed_results\49\49_4.bmp,48,48,48,0.7130968570709229,204,0.0136388149112463,0.6994580421596766,48|204|34|128|334,0.71309686|0.01363881|0.00909400|0.00877152|0.00783864,1,0.7130968570709229,True,48,0.7130968570709229,True,48,0.8156861066818237,True,48,0.8508113026618958,True,48,0.8228476643562317,True,c12_correct
49,50,50_6.bmp,preprocessed_results\50\50_6.bmp,49,49,49,0.7909196615219116,334,0.011931988410651684,0.7789876731112599,49|334|105|25|48,0.79091966|0.01193199|0.01066328|0.00963785|0.00905837,1,0.7909196615219116,True,49,0.7909196615219116,True,49,0.4845832586288452,True,49,0.7833954691886902,True,49,0.5612953901290894,True,c12_correct
50,51,51_1.bmp,preprocessed_results\51\51_1.bmp,50,50,50,0.5943769216537476,51,0.027762949466705322,0.5666139721870422,50|51|517|334|322,0.59437692|0.02776295|0.02066942|0.01579965|0.01183158,1,0.5943769216537476,True,50,0.5943769216537476,True,50,0.3544188439846039,True,50,0.7341454029083252,True,50,0.34317246079444885,True,c12_correct
51,52,52_10.bmp,preprocessed_results\52\52_10.bmp,51,51,51,0.8182274103164673,50,0.008659539744257927,0.8095678705722094,51|50|252|766|160,0.81822741|0.00865954|0.00617767|0.00576415|0.00348722,1,0.8182274103164673,True,51,0.8182274103164673,True,51,0.7491098642349243,True,51,0.8387874960899353,True,51,0.7764038443565369,True,c12_correct
52,53,53_8.bmp,preprocessed_results\53\53_8.bmp,52,52,52,0.7019724249839783,494,0.021040549501776695,0.6809318754822016,52|494|53|163|313,0.70197242|0.02104055|0.02073883|0.01265335|0.00925822,1,0.7019724249839783,True,52,0.7019724249839783,True,52,0.5507976412773132,True,52,0.7985531687736511,True,52,0.6830511093139648,True,c12_correct
53,54,54_6.bmp,preprocessed_results\54\54_6.bmp,53,53,53,0.9497612118721008,52,0.007304892409592867,0.942456319462508,53|52|128|163|824,0.94976121|0.00730489|0.00134633|0.00125884|0.00086598,1,0.9497612118721008,True,53,0.9497612118721008,True,53,0.8920429944992065,True,53,0.8253206610679626,True,53,0.8081114888191223,True,c12_correct
54,55,55_7.bmp,preprocessed_results\55\55_7.bmp,54,54,54,0.9401088356971741,55,0.004136882722377777,0.9359719529747963,54|55|101|100|795,0.94010884|0.00413688|0.00299977|0.00175497|0.00174349,1,0.9401088356971741,True,54,0.9401088356971741,True,54,0.7777950763702393,True,54,0.8272848725318909,True,54,0.7903697490692139,True,c12_correct
55,56,56_10.bmp,preprocessed_results\56\56_10.bmp,55,55,55,0.9041551947593689,339,0.006133879069238901,0.89802131569013,55|339|107|54|215,0.90415519|0.00613388|0.00473617|0.00271229|0.00207251,1,0.9041551947593689,True,55,0.9041551947593689,True,55,0.8364313244819641,True,55,0.818697452545166,True,55,0.7862163186073303,True,c12_correct
56,57,57_1.bmp,preprocessed_results\57\57_1.bmp,56,56,56,0.5560866594314575,194,0.017331700772047043,0.5387549586594105,56|194|195|561|114,0.55608666|0.01733170|0.01249851|0.00890595|0.00838578,1,0.5560866594314575,True,56,0.5560866594314575,True,56,0.18220864236354828,True,56,0.7715623378753662,True,56,0.6962523460388184,True,c12_correct
57,58,58_6.bmp,preprocessed_results\58\58_6.bmp,57,57,57,0.9165847301483154,143,0.005337236449122429,0.911247493699193,57|143|541|56|247,0.91658473|0.00533724|0.00372952|0.00345192|0.00293477,1,0.9165847301483154,True,57,0.9165847301483154,True,57,0.49123674631118774,True,57,0.8275512456893921,True,57,0.6907556653022766,True,c12_correct
58,59,59_2.bmp,preprocessed_results\59\59_2.bmp,58,58,58,0.8112918138504028,102,0.011203756555914879,0.800088057294488,58|102|88|18|94,0.81129181|0.01120376|0.01077384|0.00700391|0.00692250,1,0.8112918138504028,True,58,0.8112918138504028,True,58,0.5202440023422241,True,58,0.8225477933883667,True,58,0.7890242338180542,True,c12_correct
59,60,60_7.bmp,preprocessed_results\60\60_7.bmp,59,59,59,0.6729797720909119,640,0.008002028800547123,0.6649777432903647,59|640|271|722|551,0.67297977|0.00800203|0.00747236|0.00669754|0.00613225,1,0.6729797720909119,True,59,0.6729797720909119,True,59,0.5646008253097534,True,59,0.8154273629188538,True,59,0.6202681064605713,True,c12_correct
60,61,61_2.bmp,preprocessed_results\61\61_2.bmp,60,60,60,0.7997533679008484,61,0.009469820186495781,0.7902835477143526,60|61|49|818|18,0.79975337|0.00946982|0.00885166|0.00770989|0.00500872,1,0.7997533679008484,True,60,0.7997533679008484,True,60,0.7853826880455017,True,60,0.7712644338607788,True,60,0.5907732248306274,True,c12_correct
61,62,62_4.bmp,preprocessed_results\62\62_4.bmp,61,61,61,0.8768666386604309,104,0.008562946692109108,0.8683036919683218,61|104|105|157|60,0.87686664|0.00856295|0.00761162|0.00321493|0.00307726,1,0.8768666386604309,True,61,0.8768666386604309,True,61,0.8814461827278137,True,61,0.798884928226471,True,61,0.8315823078155518,True,c12_correct
62,63,63_8.bmp,preprocessed_results\63\63_8.bmp,62,62,62,0.34451648592948914,63,0.05113760009407997,0.29337888583540916,62|63|267|137|446,0.34451649|0.05113760|0.02380749|0.01438286|0.01271964,1,0.34451648592948914,True,62,0.34451648592948914,True,62,0.476125031709671,True,62,0.8014726638793945,True,62,0.7636124491691589,True,c12_correct
63,64,64_10.bmp,preprocessed_results\64\64_10.bmp,63,63,63,0.8641445636749268,62,0.020803045481443405,0.8433415181934834,63|62|26|5|332,0.86414456|0.02080305|0.00343774|0.00205639|0.00196693,1,0.8641445636749268,True,63,0.8641445636749268,True,63,0.4559694230556488,True,63,0.8451396226882935,True,63,0.8261426687240601,True,c12_correct
64,65,65_6.bmp,preprocessed_results\65\65_6.bmp,64,64,64,0.43139079213142395,65,0.0918295681476593,0.33956122398376465,64|65|316|61|317,0.43139079|0.09182957|0.02399237|0.01592650|0.01394999,1,0.43139079213142395,True,64,0.43139079213142395,True,64,0.5273507237434387,True,64,0.7972436547279358,True,64,0.52939373254776,True,c12_correct
65,66,66_4.bmp,preprocessed_results\66\66_4.bmp,65,65,65,0.7402342557907104,93,0.015469210222363472,0.724765045568347,65|93|428|235|186,0.74023426|0.01546921|0.01009692|0.00525009|0.00504762,1,0.7402342557907104,True,65,0.7402342557907104,True,65,0.6855688095092773,True,65,0.8091311454772949,True,65,0.740159809589386,True,c12_correct
66,67,67_4.bmp,preprocessed_results\67\67_4.bmp,66,66,66,0.8222038745880127,96,0.022464944049715996,0.7997389305382967,66|96|250|67|97,0.82220387|0.02246494|0.01197817|0.01116566|0.00556669,1,0.8222038745880127,True,66,0.8222038745880127,True,66,0.8472670316696167,True,66,0.7875736951828003,True,66,0.7049486637115479,True,c12_correct
67,68,68_7.bmp,preprocessed_results\68\68_7.bmp,67,67,67,0.8132763504981995,494,0.011000480502843857,0.8022758699953556,67|494|66|317|79,0.81327635|0.01100048|0.00933812|0.00405566|0.00330770,1,0.8132763504981995,True,67,0.8132763504981995,True,67,0.8217620849609375,True,67,0.8229901194572449,True,67,0.7200608253479004,True,c12_correct
68,69,69_2.bmp,preprocessed_results\69\69_2.bmp,68,68,68,0.18868617713451385,146,0.038825277239084244,0.1498608998954296,68|146|178|69|314,0.18868618|0.03882528|0.02424803|0.02088414|0.01976578,1,0.18868617713451385,True,68,0.18868617713451385,True,68,0.026988841593265533,True,68,0.7519341111183167,True,68,0.14163829386234283,True,c12_correct
69,70,70_5.bmp,preprocessed_results\70\70_5.bmp,69,69,69,0.9047966003417969,68,0.007862920872867107,0.8969336794689298,69|68|305|163|295,0.90479660|0.00786292|0.00300206|0.00218094|0.00189218,1,0.9047966003417969,True,69,0.9047966003417969,True,69,0.8746724128723145,True,69,0.8396960496902466,True,69,0.7727867364883423,True,c12_correct
70,71,71_8.bmp,preprocessed_results\71\71_8.bmp,70,70,70,0.7649534344673157,483,0.012230288237333298,0.7527231462299824,70|483|220|210|134,0.76495343|0.01223029|0.00656779|0.00565033|0.00530417,1,0.7649534344673157,True,70,0.7649534344673157,True,70,0.7841553092002869,True,70,0.7792479991912842,True,70,0.6955704092979431,True,c12_correct
71,72,72_3.bmp,preprocessed_results\72\72_3.bmp,71,71,71,0.8269161581993103,96,0.011785409413278103,0.8151307487860322,71|96|123|605|164,0.82691616|0.01178541|0.00516679|0.00482029|0.00438645,1,0.8269161581993103,True,71,0.8269161581993103,True,71,0.7174938321113586,True,71,0.8179856538772583,True,71,0.758594810962677,True,c12_correct
72,73,73_7.bmp,preprocessed_results\73\73_7.bmp,72,72,72,0.8811674118041992,103,0.0078762611374259,0.8732911506667733,72|103|146|340|300,0.88116741|0.00787626|0.00677111|0.00642574|0.00318917,1,0.8811674118041992,True,72,0.8811674118041992,True,72,0.8958276510238647,True,72,0.8229001760482788,True,72,0.747757613658905,True,c12_correct
73,74,74_10.bmp,preprocessed_results\74\74_10.bmp,73,73,73,0.972539484500885,296,0.003214728320017457,0.9693247561808676,73|296|72|531|270,0.97253948|0.00321473|0.00317578|0.00158945|0.00087922,1,0.972539484500885,True,73,0.972539484500885,True,73,0.7160604596138,True,73,0.8188269138336182,True,73,0.8023044466972351,True,c12_correct
74,75,75_10.bmp,preprocessed_results\75\75_10.bmp,74,74,74,0.8675891757011414,387,0.00820586085319519,0.8593833148479462,74|387|75|384|203,0.86758918|0.00820586|0.00682636|0.00488348|0.00392711,1,0.8675891757011414,True,74,0.8675891757011414,True,74,0.8527525067329407,True,74,0.8163149356842041,True,74,0.7581993341445923,True,c12_correct
75,76,76_5.bmp,preprocessed_results\76\76_5.bmp,75,75,75,0.24838295578956604,173,0.06322425603866577,0.18515869975090027,75|173|74|91|172,0.24838296|0.06322426|0.02703308|0.02470776|0.02338677,1,0.24838295578956604,True,75,0.24838295578956604,True,75,0.2246255725622177,True,75,0.7689766883850098,True,75,0.4210888147354126,True,c12_correct
76,77,77_7.bmp,preprocessed_results\77\77_7.bmp,76,76,76,0.8319063782691956,165,0.008278640918433666,0.8236277373507619,76|165|294|546|156,0.83190638|0.00827864|0.00567833|0.00509550|0.00445049,1,0.8319063782691956,True,76,0.8319063782691956,True,76,0.8419529795646667,True,76,0.8249607086181641,True,76,0.7500277161598206,True,c12_correct
77,78,78_8.bmp,preprocessed_results\78\78_8.bmp,77,77,77,0.7157531380653381,199,0.020250052213668823,0.6955030858516693,77|199|45|76|142,0.71575314|0.02025005|0.01789013|0.01095385|0.00518737,1,0.7157531380653381,True,77,0.7157531380653381,True,77,0.7245749831199646,True,77,0.8255394101142883,True,77,0.7718297839164734,True,c12_correct
78,79,79_10.bmp,preprocessed_results\79\79_10.bmp,78,78,78,0.935306966304779,91,0.0034269460011273623,0.9318800203036517,78|91|258|335|4,0.93530697|0.00342695|0.00264080|0.00205657|0.00189270,1,0.935306966304779,True,78,0.935306966304779,True,78,0.8185819983482361,True,78,0.8190589547157288,True,78,0.7982648611068726,True,c12_correct
79,80,80_7.bmp,preprocessed_results\80\80_7.bmp,79,79,79,0.8091253042221069,83,0.02333894744515419,0.7857863567769527,79|83|534|211|40,0.80912530|0.02333895|0.01108450|0.00734186|0.00582420,1,0.8091253042221069,True,79,0.8091253042221069,True,79,0.7811741232872009,True,79,0.8437343835830688,True,79,0.7179116606712341,True,c12_correct
80,81,81_9.bmp,preprocessed_results\81\81_9.bmp,80,80,80,0.8729482889175415,81,0.00908668339252472,0.8638616055250168,80|81|466|251|166,0.87294829|0.00908668|0.00607408|0.00392509|0.00340847,1,0.8729482889175415,True,80,0.8729482889175415,True,80,0.8158132433891296,True,80,0.8460924625396729,True,80,0.7770246863365173,True,c12_correct
81,82,82_7.bmp,preprocessed_results\82\82_7.bmp,81,81,81,0.9005565643310547,80,0.006046125665307045,0.8945104386657476,81|80|470|47|774,0.90055656|0.00604613|0.00263095|0.00237605|0.00220469,1,0.9005565643310547,True,81,0.9005565643310547,True,81,0.7951616048812866,True,81,0.8131719827651978,True,81,0.7468585968017578,True,c12_correct
82,83,83_4.bmp,preprocessed_results\83\83_4.bmp,82,82,82,0.66242516040802,197,0.07025300711393356,0.5921721532940865,82|197|57|25|167,0.66242516|0.07025301|0.05954707|0.00753570|0.00475350,1,0.66242516040802,True,82,0.66242516040802,True,82,0.2235851287841797,True,82,0.7997211813926697,True,82,0.4985150098800659,True,c12_correct
83,84,84_6.bmp,preprocessed_results\84\84_6.bmp,83,83,83,0.10092643648386002,148,0.0565483458340168,0.044378090649843216,83|148|82|171|57,0.10092644|0.05654835|0.03422840|0.02298444|0.02232206,1,0.10092643648386002,True,83,0.10092643648386002,True,83,0.36072197556495667,True,83,0.7975923418998718,True,83,0.5456641912460327,True,c12_correct
84,85,85_3.bmp,preprocessed_results\85\85_3.bmp,84,84,84,0.9542899131774902,85,0.002788194455206394,0.9515017187222838,84|85|331|671|308,0.95428991|0.00278819|0.00135775|0.00120698|0.00103373,1,0.9542899131774902,True,84,0.9542899131774902,True,84,0.8762915730476379,True,84,0.8383473753929138,True,84,0.8841228485107422,True,c12_correct
85,86,86_7.bmp,preprocessed_results\86\86_7.bmp,85,85,85,0.2563357651233673,84,0.11706306785345078,0.13927269726991653,85|84|725|0|250,0.25633577|0.11706307|0.02664636|0.02352988|0.01637083,1,0.2563357651233673,True,85,0.2563357651233673,True,85,0.032001130282878876,True,85,0.7507665753364563,True,85,0.21948964893817902,True,c12_correct
86,87,87_4.bmp,preprocessed_results\87\87_4.bmp,86,86,86,0.7958329916000366,87,0.03211751952767372,0.7637154720723629,86|87|196|450|619,0.79583299|0.03211752|0.00521353|0.00440733|0.00416484,1,0.7958329916000366,True,86,0.7958329916000366,True,86,0.46734973788261414,True,86,0.7750694751739502,True,86,0.6007105708122253,True,c12_correct
87,88,88_7.bmp,preprocessed_results\88\88_7.bmp,87,87,87,0.550323486328125,86,0.030242430046200752,0.5200810562819242,87|86|151|262|198,0.55032349|0.03024243|0.02370690|0.01943724|0.01074218,1,0.550323486328125,True,87,0.550323486328125,True,87,0.7911491990089417,True,87,0.8361907601356506,True,87,0.7942354083061218,True,c12_correct
88,89,89_2.bmp,preprocessed_results\89\89_2.bmp,88,88,88,0.5275731682777405,8,0.040648914873600006,0.4869242534041405,88|8|156|18|94,0.52757317|0.04064891|0.02063219|0.01725364|0.01334645,1,0.5275731682777405,True,88,0.5275731682777405,True,88,0.6978532671928406,True,88,0.80516117811203,True,88,0.6853646636009216,True,c12_correct
89,90,90_10.bmp,preprocessed_results\90\90_10.bmp,89,89,89,0.30059143900871277,171,0.027938447892665863,0.2726529911160469,89|171|4|423|280,0.30059144|0.02793845|0.02076364|0.01859416|0.01301667,1,0.30059143900871277,True,89,0.30059143900871277,True,89,0.3164088726043701,True,89,0.8305042386054993,True,89,0.40172386169433594,True,c12_correct
90,91,91_8.bmp,preprocessed_results\91\91_8.bmp,90,90,90,0.900394856929779,91,0.008288120850920677,0.8921067360788584,90|91|214|173|496,0.90039486|0.00828812|0.00378270|0.00262370|0.00260704,1,0.900394856929779,True,90,0.900394856929779,True,90,0.8476839065551758,True,90,0.8359744548797607,True,90,0.7084757685661316,True,c12_correct
91,92,92_9.bmp,preprocessed_results\92\92_9.bmp,91,91,91,0.7357187867164612,90,0.09279390424489975,0.6429248824715614,91|90|496|78|454,0.73571879|0.09279390|0.02988405|0.01007146|0.00716721,1,0.7357187867164612,True,91,0.7357187867164612,True,91,0.7135505676269531,True,91,0.8198827505111694,True,91,0.7364636063575745,True,c12_correct
92,93,93_4.bmp,preprocessed_results\93\93_4.bmp,92,92,92,0.8739675283432007,151,0.01524612307548523,0.8587214052677155,92|151|87|257|752,0.87396753|0.01524612|0.00799245|0.00368508|0.00343352,1,0.8739675283432007,True,92,0.8739675283432007,True,92,0.8777135610580444,True,92,0.8404753804206848,True,92,0.7434505224227905,True,c12_correct
93,94,94_6.bmp,preprocessed_results\94\94_6.bmp,93,93,93,0.846182644367218,163,0.004112661350518465,0.8420699830166996,93|163|129|309|218,0.84618264|0.00411266|0.00326300|0.00315915|0.00315483,1,0.846182644367218,True,93,0.846182644367218,True,93,0.57289719581604,True,93,0.826086699962616,True,93,0.8152825236320496,True,c12_correct
94,95,95_7.bmp,preprocessed_results\95\95_7.bmp,94,94,94,0.8278570771217346,203,0.006542617455124855,0.8213144596666098,94|203|178|262|95,0.82785708|0.00654262|0.00506582|0.00445057|0.00416020,1,0.8278570771217346,True,94,0.8278570771217346,True,94,0.8332896828651428,True,94,0.8332309126853943,True,94,0.7720972895622253,True,c12_correct
95,96,96_8.bmp,preprocessed_results\96\96_8.bmp,95,95,95,0.9253370761871338,50,0.004578110296279192,0.9207589658908546,95|50|775|813|294,0.92533708|0.00457811|0.00410336|0.00169659|0.00153369,1,0.9253370761871338,True,95,0.9253370761871338,True,95,0.7778681516647339,True,95,0.7915501594543457,True,95,0.7649679780006409,True,c12_correct
96,97,97_9.bmp,preprocessed_results\97\97_9.bmp,96,96,96,0.6830504536628723,292,0.04376611486077309,0.6392843388020992,96|292|7|300|49,0.68305045|0.04376611|0.02570529|0.00796919|0.00652098,1,0.6830504536628723,True,96,0.6830504536628723,True,96,0.09452249109745026,True,96,0.7569231390953064,True,96,0.6545661091804504,True,c12_correct
97,98,98_7.bmp,preprocessed_results\98\98_7.bmp,97,97,97,0.7946175336837769,1,0.022440079599618912,0.7721774540841579,97|1|147|303|7,0.79461753|0.02244008|0.00848045|0.00797139|0.00553639,1,0.7946175336837769,True,97,0.7946175336837769,True,97,0.34083837270736694,True,97,0.7955737113952637,True,97,0.581470787525177,True,c12_correct
98,99,99_3.bmp,preprocessed_results\99\99_3.bmp,98,98,98,0.9081557989120483,279,0.001930729253217578,0.9062250696588308,98|279|455|250|545,0.90815580|0.00193073|0.00172480|0.00167513|0.00140704,1,0.9081557989120483,True,98,0.9081557989120483,True,98,0.8331804275512695,True,98,0.8251369595527649,True,98,0.8091744780540466,True,c12_correct
99,100,100_4.bmp,preprocessed_results\100\100_4.bmp,99,99,99,0.9194135665893555,664,0.002897048369050026,0.9165165182203054,99|664|279|232|661,0.91941357|0.00289705|0.00252987|0.00246155|0.00238855,1,0.9194135665893555,True,99,0.9194135665893555,True,99,0.8797392249107361,True,99,0.8287761807441711,True,99,0.6222241520881653,True,c12_correct
100,101,101_5.bmp,preprocessed_results\101\101_5.bmp,100,100,100,0.9150755405426025,4,0.004779534414410591,0.910296006128192,100|4|146|132|340,0.91507554|0.00477953|0.00374418|0.00268077|0.00181006,1,0.9150755405426025,True,100,0.9150755405426025,True,100,0.3956323564052582,True,100,0.7405723333358765,True,100,0.7262161374092102,True,c12_correct
101,102,102_4.bmp,preprocessed_results\102\102_4.bmp,101,101,101,0.9342451691627502,325,0.003360890317708254,0.930884278845042,101|325|723|331|141,0.93424517|0.00336089|0.00230765|0.00178220|0.00170204,1,0.9342451691627502,True,101,0.9342451691627502,True,101,0.902595579624176,True,101,0.8511186242103577,True,101,0.7943485975265503,True,c12_correct
102,103,103_6.bmp,preprocessed_results\103\103_6.bmp,102,102,102,0.7453183531761169,801,0.03286241367459297,0.712455939501524,102|801|182|72|196,0.74531835|0.03286241|0.01929741|0.01573201|0.01061543,1,0.7453183531761169,True,102,0.7453183531761169,True,102,0.6483811140060425,True,102,0.7950174808502197,True,102,0.4758383333683014,True,c12_correct
103,104,104_8.bmp,preprocessed_results\104\104_8.bmp,103,103,103,0.46329641342163086,102,0.14397548139095306,0.3193209320306778,103|102|56|373|833,0.46329641|0.14397548|0.01030964|0.00931198|0.00887977,1,0.46329641342163086,True,103,0.46329641342163086,True,103,0.14023493230342865,True,103,0.7945865988731384,True,103,0.48975270986557007,True,c12_correct
104,105,105_4.bmp,preprocessed_results\105\105_4.bmp,104,104,104,0.7184881567955017,50,0.03449953719973564,0.6839886195957661,104|50|771|61|131,0.71848816|0.03449954|0.01355248|0.00665520|0.00516969,1,0.7184881567955017,True,104,0.7184881567955017,True,104,0.66318678855896,True,104,0.7871723175048828,True,104,0.5598569512367249,True,c12_correct
105,106,106_4.bmp,preprocessed_results\106\106_4.bmp,105,105,105,0.6059432625770569,152,0.04273039102554321,0.5632128715515137,105|152|26|15|275,0.60594326|0.04273039|0.01437455|0.00923090|0.00827658,1,0.6059432625770569,True,105,0.6059432625770569,True,105,0.7331260442733765,True,105,0.8437362313270569,True,105,0.7526111006736755,True,c12_correct
106,107,107_10.bmp,preprocessed_results\107\107_10.bmp,106,106,106,0.5648022294044495,274,0.03521538898348808,0.5295868404209614,106|274|453|56|166,0.56480223|0.03521539|0.01461231|0.00944161|0.00636119,1,0.5648022294044495,True,106,0.5648022294044495,True,106,0.5406783819198608,True,106,0.7941035628318787,True,106,0.4922419488430023,True,c12_correct
107,108,108_7.bmp,preprocessed_results\108\108_7.bmp,107,107,107,0.934325635433197,279,0.002753719687461853,0.9315719157457352,107|279|55|384|712,0.93432564|0.00275372|0.00241429|0.00194432|0.00166924,1,0.934325635433197,True,107,0.934325635433197,True,107,0.8775529861450195,True,107,0.8353186249732971,True,107,0.7888235449790955,True,c12_correct
108,109,109_10.bmp,preprocessed_results\109\109_10.bmp,108,108,108,0.9448134899139404,109,0.004681095480918884,0.9401323944330215,108|109|233|817|276,0.94481349|0.00468110|0.00197762|0.00113951|0.00096723,1,0.9448134899139404,True,108,0.9448134899139404,True,108,0.8457583785057068,True,108,0.8356016874313354,True,108,0.8565263748168945,True,c12_correct
109,110,110_9.bmp,preprocessed_results\110\110_9.bmp,109,109,109,0.9171189069747925,108,0.009347451850771904,0.9077714551240206,109|108|773|63|59,0.91711891|0.00934745|0.00514199|0.00304962|0.00178754,1,0.9171189069747925,True,109,0.9171189069747925,True,109,0.827057421207428,True,109,0.8375621438026428,True,109,0.7923041582107544,True,c12_correct
110,111,111_7.bmp,preprocessed_results\111\111_7.bmp,110,110,110,0.9437592625617981,111,0.0027210195548832417,0.9410382430069149,110|111|807|746|720,0.94375926|0.00272102|0.00206362|0.00190584|0.00162960,1,0.9437592625617981,True,110,0.9437592625617981,True,110,0.8151899576187134,True,110,0.8302757740020752,True,110,0.7916369438171387,True,c12_correct
111,112,112_1.bmp,preprocessed_results\112\112_1.bmp,111,111,111,0.8750090599060059,110,0.009533192962408066,0.8654758669435978,111|110|710|787|698,0.87500906|0.00953319|0.00821446|0.00385186|0.00288555,1,0.8750090599060059,True,111,0.8750090599060059,True,111,0.7532030344009399,True,111,0.832529604434967,True,111,0.8635942339897156,True,c12_correct
112,113,113_2.bmp,preprocessed_results\113\113_2.bmp,112,112,112,0.9495542049407959,795,0.004551381338387728,0.9450028236024082,112|795|113|816|22,0.94955420|0.00455138|0.00291180|0.00211758|0.00182714,1,0.9495542049407959,True,112,0.9495542049407959,True,112,0.8074002861976624,True,112,0.8285282254219055,True,112,0.789537250995636,True,c12_correct
113,114,114_1.bmp,preprocessed_results\114\114_1.bmp,113,113,113,0.7596830725669861,112,0.0945948138833046,0.6650882586836815,113|112|128|214|3,0.75968307|0.09459481|0.00911167|0.00510147|0.00502646,1,0.7596830725669861,True,113,0.7596830725669861,True,113,0.8869433403015137,True,113,0.8477755784988403,True,113,0.8546180129051208,True,c12_correct
114,115,115_5.bmp,preprocessed_results\115\115_5.bmp,114,114,114,0.9288508296012878,115,0.0036430074833333492,0.9252078221179545,114|115|142|144|234,0.92885083|0.00364301|0.00327205|0.00290036|0.00280649,1,0.9288508296012878,True,114,0.9288508296012878,True,114,0.858517050743103,True,114,0.8238390684127808,True,114,0.7999060750007629,True,c12_correct
115,116,116_8.bmp,preprocessed_results\116\116_8.bmp,115,115,115,0.8123207092285156,114,0.016370244324207306,0.7959504649043083,115|114|142|701|699,0.81232071|0.01637024|0.01194064|0.01019944|0.00833979,1,0.8123207092285156,True,115,0.8123207092285156,True,115,0.8030570149421692,True,115,0.823432981967926,True,115,0.8693581223487854,True,c12_correct
116,117,117_6.bmp,preprocessed_results\117\117_6.bmp,116,116,116,0.8543244004249573,152,0.00814845971763134,0.8461759407073259,116|152|117|564|569,0.85432440|0.00814846|0.00770745|0.00563913|0.00409198,1,0.8543244004249573,True,116,0.8543244004249573,True,116,0.5297648310661316,True,116,0.8277447819709778,True,116,0.5974102020263672,True,c12_correct
117,118,118_1.bmp,preprocessed_results\118\118_1.bmp,117,117,117,0.4934638440608978,116,0.048729706555604935,0.4447341375052929,117|116|283|539|184,0.49346384|0.04872971|0.01808611|0.01052623|0.00937902,1,0.4934638440608978,True,117,0.4934638440608978,True,117,0.19313696026802063,True,117,0.768704891204834,True,117,0.4743545949459076,True,c12_correct
118,119,119_9.bmp,preprocessed_results\119\119_9.bmp,118,118,118,0.6558731198310852,318,0.029571963474154472,0.6263011563569307,118|318|204|288|128,0.65587312|0.02957196|0.01629134|0.01410485|0.01188305,1,0.6558731198310852,True,118,0.6558731198310852,True,118,0.6040449738502502,True,118,0.7981835603713989,True,118,0.6394839882850647,True,c12_correct
119,120,120_7.bmp,preprocessed_results\120\120_7.bmp,119,119,119,0.7504116296768188,207,0.019697755575180054,0.7307138741016388,119|207|288|187|122,0.75041163|0.01969776|0.01342604|0.00762432|0.00506962,1,0.7504116296768188,True,119,0.7504116296768188,True,119,0.4365595579147339,True,119,0.8015689849853516,True,119,0.6659476161003113,True,c12_correct
120,121,121_7.bmp,preprocessed_results\121\121_7.bmp,120,120,120,0.7161272764205933,274,0.030027270317077637,0.6861000061035156,120|274|396|267|189,0.71612728|0.03002727|0.00904273|0.00731918|0.00451969,1,0.7161272764205933,True,120,0.7161272764205933,True,120,0.24567803740501404,True,120,0.8141081929206848,True,120,0.5666559338569641,True,c12_correct
121,122,122_4.bmp,preprocessed_results\122\122_4.bmp,121,121,121,0.7256262302398682,120,0.017352042719721794,0.7082741875201464,121|120|209|40|396,0.72562623|0.01735204|0.01066660|0.00683766|0.00650255,1,0.7256262302398682,True,121,0.7256262302398682,True,121,0.8331889510154724,True,121,0.8172509074211121,True,121,0.7588832974433899,True,c12_correct
122,123,123_9.bmp,preprocessed_results\123\123_9.bmp,122,122,122,0.947073221206665,180,0.005720415618270636,0.9413528055883944,122|180|123|205|473,0.94707322|0.00572042|0.00498836|0.00194930|0.00107370,1,0.947073221206665,True,122,0.947073221206665,True,122,0.871587336063385,True,122,0.8455568552017212,True,122,0.872175395488739,True,c12_correct
123,124,124_9.bmp,preprocessed_results\124\124_9.bmp,123,123,123,0.8451235294342041,207,0.009581604972481728,0.8355419244617224,123|207|149|62|187,0.84512353|0.00958160|0.00612744|0.00441770|0.00430712,1,0.8451235294342041,True,123,0.8451235294342041,True,123,0.8018882274627686,True,123,0.8397006392478943,True,123,0.80231773853302,True,c12_correct
124,125,125_9.bmp,preprocessed_results\125\125_9.bmp,124,124,124,0.32216811180114746,125,0.08487951010465622,0.23728860169649124,124|125|185|231|467,0.32216811|0.08487951|0.02384622|0.02203686|0.02149648,1,0.32216811180114746,True,124,0.32216811180114746,True,124,0.5464208126068115,True,124,0.7816704511642456,True,124,0.5780638456344604,True,c12_correct
125,126,126_9.bmp,preprocessed_results\126\126_9.bmp,125,125,125,0.9242798089981079,124,0.005812705494463444,0.9184671035036445,125|124|40|247|405,0.92427981|0.00581271|0.00199383|0.00134095|0.00131750,1,0.9242798089981079,True,125,0.9242798089981079,True,125,0.6981365084648132,True,125,0.8288835883140564,True,125,0.7750445008277893,True,c12_correct
126,127,127_2.bmp,preprocessed_results\127\127_2.bmp,126,126,126,0.943810224533081,247,0.0043259309604763985,0.9394842935726047,126|247|246|182|127,0.94381022|0.00432593|0.00281623|0.00148830|0.00134755,1,0.943810224533081,True,126,0.943810224533081,True,126,0.8147421479225159,True,126,0.8071259260177612,True,126,0.8581547737121582,True,c12_correct
127,128,128_4.bmp,preprocessed_results\128\128_4.bmp,127,127,127,0.8204628825187683,441,0.00472808163613081,0.8157348008826375,127|441|247|552|165,0.82046288|0.00472808|0.00371339|0.00368893|0.00361061,1,0.8204628825187683,True,127,0.8204628825187683,True,127,0.8600190877914429,True,127,0.801263689994812,True,127,0.7618902325630188,True,c12_correct
128,129,129_8.bmp,preprocessed_results\129\129_8.bmp,128,128,128,0.9588726162910461,207,0.003607891034334898,0.9552647252567112,128|207|52|129|53,0.95887262|0.00360789|0.00251772|0.00243895|0.00203955,1,0.9588726162910461,True,128,0.9588726162910461,True,128,0.9176016449928284,True,128,0.8296204805374146,True,128,0.8694758415222168,True,c12_correct
129,130,130_7.bmp,preprocessed_results\130\130_7.bmp,129,129,129,0.5989619493484497,243,0.026665054261684418,0.5722968950867653,129|243|128|157|61,0.59896195|0.02666505|0.01139606|0.00984116|0.00872783,1,0.5989619493484497,True,129,0.5989619493484497,True,129,0.5872846841812134,True,129,0.8207898139953613,True,129,0.7634854912757874,True,c12_correct
130,131,131_7.bmp,preprocessed_results\131\131_7.bmp,130,130,130,0.7751920819282532,131,0.01672167330980301,0.7584704086184502,130|131|104|268|171,0.77519208|0.01672167|0.01501723|0.01151396|0.00617921,1,0.7751920819282532,True,130,0.7751920819282532,True,130,0.7277887463569641,True,130,0.8364720940589905,True,130,0.7359280586242676,True,c12_correct
131,132,132_6.bmp,preprocessed_results\132\132_6.bmp,131,131,131,0.9626624584197998,130,0.004087966866791248,0.9585744915530086,131|130|330|288|250,0.96266246|0.00408797|0.00099069|0.00089970|0.00086712,1,0.9626624584197998,True,131,0.9626624584197998,True,131,0.8703324794769287,True,131,0.8311718106269836,True,131,0.8959197998046875,True,c12_correct
132,133,133_3.bmp,preprocessed_results\133\133_3.bmp,132,132,132,0.9560565948486328,671,0.003259616205468774,0.952796978643164,132|671|775|310|133,0.95605659|0.00325962|0.00263835|0.00151309|0.00099323,1,0.9560565948486328,True,132,0.9560565948486328,True,132,0.868712842464447,True,132,0.8296734094619751,True,132,0.8229104280471802,True,c12_correct
133,134,134_6.bmp,preprocessed_results\134\134_6.bmp,133,133,133,0.8398875594139099,775,0.010695980861783028,0.8291915785521269,133|775|132|180|671,0.83988756|0.01069598|0.00976623|0.00445236|0.00419926,1,0.8398875594139099,True,133,0.8398875594139099,True,133,0.7530146837234497,True,133,0.8402273654937744,True,133,0.7523941993713379,True,c12_correct
134,135,135_3.bmp,preprocessed_results\135\135_3.bmp,134,134,134,0.6881927251815796,548,0.029933223500847816,0.6582595016807318,134|548|437|246|135,0.68819273|0.02993322|0.01162123|0.00797412|0.00796914,1,0.6881927251815796,True,134,0.6881927251815796,True,134,0.20827709138393402,True,134,0.7575277090072632,True,134,0.4385334551334381,True,c12_correct
135,136,136_1.bmp,preprocessed_results\136\136_1.bmp,135,135,135,0.9327149391174316,28,0.004181541968137026,0.9285333971492946,135|28|565|569|18,0.93271494|0.00418154|0.00366759|0.00156838|0.00141833,1,0.9327149391174316,True,135,0.9327149391174316,True,135,0.6060073375701904,True,135,0.7870514988899231,True,135,0.4044603407382965,True,c12_correct
136,137,137_9.bmp,preprocessed_results\137\137_9.bmp,136,136,136,0.84535151720047,137,0.007040962111204863,0.8383105550892651,136|137|16|216|172,0.84535152|0.00704096|0.00648118|0.00387753|0.00309444,1,0.84535151720047,True,136,0.84535151720047,True,136,0.4424760639667511,True,136,0.8150215744972229,True,136,0.6663075685501099,True,c12_correct
137,138,138_10.bmp,preprocessed_results\138\138_10.bmp,137,137,137,0.9805124998092651,136,0.0025772270746529102,0.9779352727346122,137|136|266|257|34,0.98051250|0.00257723|0.00062241|0.00055311|0.00045464,1,0.9805124998092651,True,137,0.9805124998092651,True,137,0.6915363669395447,True,137,0.8016167283058167,True,137,0.7315720319747925,True,c12_correct
138,139,139_4.bmp,preprocessed_results\139\139_4.bmp,138,138,138,0.946955680847168,560,0.0020183934830129147,0.944937287364155,138|560|153|333|405,0.94695568|0.00201839|0.00142045|0.00098567|0.00096275,1,0.946955680847168,True,138,0.946955680847168,True,138,0.6187554001808167,True,138,0.8126793503761292,True,138,0.7880300879478455,True,c12_correct
139,140,140_2.bmp,preprocessed_results\140\140_2.bmp,139,139,139,0.5262892842292786,268,0.062201835215091705,0.46408744901418686,139|268|463|560|138,0.52628928|0.06220184|0.01959587|0.01424227|0.01312154,1,0.5262892842292786,True,139,0.5262892842292786,True,139,0.6756494641304016,True,139,0.8272345066070557,True,139,0.6089816689491272,True,c12_correct
140,141,141_4.bmp,preprocessed_results\141\141_4.bmp,140,140,140,0.08867137134075165,564,0.0378086119890213,0.05086275935173035,140|564|467|334|315,0.08867137|0.03780861|0.02860920|0.02159033|0.01815533,1,0.08867137134075165,True,140,0.08867137134075165,True,141,0.022094620391726494,False,140,0.7283158302307129,True,140,0.06530822813510895,True,c12_correct
141,142,142_7.bmp,preprocessed_results\142\142_7.bmp,141,141,141,0.8267029523849487,140,0.011460717767477036,0.8152422346174717,141|140|154|299|579,0.82670295|0.01146072|0.00895767|0.00670000|0.00360549,1,0.8267029523849487,True,141,0.8267029523849487,True,141,0.8705301880836487,True,141,0.7959815859794617,True,141,0.6441239714622498,True,c12_correct
142,143,143_9.bmp,preprocessed_results\143\143_9.bmp,142,142,142,0.9444614052772522,247,0.002488959114998579,0.9419724461622536,142|247|701|677|333,0.94446141|0.00248896|0.00130757|0.00121829|0.00112980,1,0.9444614052772522,True,142,0.9444614052772522,True,142,0.8433498740196228,True,142,0.8188344836235046,True,142,0.8558642268180847,True,c12_correct
143,144,144_6.bmp,preprocessed_results\144\144_6.bmp,143,143,143,0.5870227813720703,564,0.04534466564655304,0.5416781157255173,143|564|57|184|677,0.58702278|0.04534467|0.01175081|0.01086438|0.00839086,1,0.5870227813720703,True,143,0.5870227813720703,True,143,0.6582048535346985,True,143,0.8093852400779724,True,143,0.750218391418457,True,c12_correct
144,145,145_10.bmp,preprocessed_results\145\145_10.bmp,144,144,144,0.8217725157737732,145,0.011612126603722572,0.8101603891700506,144|145|77|245|57,0.82177252|0.01161213|0.01008283|0.00698024|0.00405324,1,0.8217725157737732,True,144,0.8217725157737732,True,144,0.7101138234138489,True,144,0.819853663444519,True,144,0.7676721811294556,True,c12_correct
145,146,146_7.bmp,preprocessed_results\146\146_7.bmp,145,145,145,0.9574015736579895,144,0.0020176880061626434,0.9553838856518269,145|144|476|438|117,0.95740157|0.00201769|0.00190987|0.00129428|0.00091755,1,0.9574015736579895,True,145,0.9574015736579895,True,145,0.9326630234718323,True,145,0.8330891728401184,True,145,0.8091732263565063,True,c12_correct
146,147,147_3.bmp,preprocessed_results\147\147_3.bmp,146,146,146,0.9529120922088623,186,0.0023324093781411648,0.9505796828307211,146|186|708|700|340,0.95291209|0.00233241|0.00230662|0.00179679|0.00124026,1,0.9529120922088623,True,146,0.9529120922088623,True,146,0.8832305669784546,True,146,0.8268202543258667,True,146,0.8632963299751282,True,c12_correct
147,148,148_5.bmp,preprocessed_results\148\148_5.bmp,147,147,147,0.8301246762275696,304,0.011024466715753078,0.8191002095118165,147|304|326|146|38,0.83012468|0.01102447|0.00417060|0.00406647|0.00399706,1,0.8301246762275696,True,147,0.8301246762275696,True,147,0.7279912829399109,True,147,0.8391075134277344,True,147,0.6580083966255188,True,c12_correct
148,149,149_10.bmp,preprocessed_results\149\149_10.bmp,148,148,148,0.9429286122322083,149,0.006033557001501322,0.9368950552307069,148|149|449|178|534,0.94292861|0.00603356|0.00229846|0.00164817|0.00131762,1,0.9429286122322083,True,148,0.9429286122322083,True,148,0.8899001479148865,True,148,0.8064243197441101,True,148,0.8157286047935486,True,c12_correct
149,150,150_9.bmp,preprocessed_results\150\150_9.bmp,149,149,149,0.8075153827667236,148,0.0084591219201684,0.7990562608465552,149|148|178|69|326,0.80751538|0.00845912|0.00530088|0.00425790|0.00417535,1,0.8075153827667236,True,149,0.8075153827667236,True,149,0.8110630512237549,True,149,0.8185693621635437,True,149,0.7895731925964355,True,c12_correct
150,151,151_1.bmp,preprocessed_results\151\151_1.bmp,150,150,150,0.9641780853271484,151,0.002587911207228899,0.9615901741199195,150|151|262|214|101,0.96417809|0.00258791|0.00230416|0.00143063|0.00137886,1,0.9641780853271484,True,150,0.9641780853271484,True,150,0.8370028138160706,True,150,0.8262868523597717,True,150,0.8613103628158569,True,c12_correct
151,152,152_3.bmp,preprocessed_results\152\152_3.bmp,151,151,151,0.9436354637145996,150,0.008190876804292202,0.9354445869103074,151|150|87|257|245,0.94363546|0.00819088|0.00275459|0.00169394|0.00141752,1,0.9436354637145996,True,151,0.9436354637145996,True,151,0.8621994853019714,True,151,0.8132287263870239,True,151,0.8697288036346436,True,c12_correct
152,153,153_6.bmp,preprocessed_results\153\153_6.bmp,152,152,152,0.8774746656417847,153,0.012430623173713684,0.865044042468071,152|153|552|192|200,0.87747467|0.01243062|0.00401603|0.00346075|0.00306163,1,0.8774746656417847,True,152,0.8774746656417847,True,152,0.8363532423973083,True,152,0.8279730081558228,True,152,0.7846482992172241,True,c12_correct
153,154,154_4.bmp,preprocessed_results\154\154_4.bmp,153,153,153,0.6501438021659851,152,0.038653526455163956,0.6114902757108212,153|152|277|638|26,0.65014380|0.03865353|0.00935611|0.00862928|0.00488772,1,0.6501438021659851,True,153,0.6501438021659851,True,153,0.8115285038948059,True,153,0.8511444926261902,True,153,0.7809192538261414,True,c12_correct
154,155,155_1.bmp,preprocessed_results\155\155_1.bmp,154,154,154,0.5234585404396057,153,0.020027806982398033,0.5034307334572077,154|153|414|299|434,0.52345854|0.02002781|0.01044328|0.00973117|0.00930327,1,0.5234585404396057,True,154,0.5234585404396057,True,154,0.6563773155212402,True,154,0.7553694248199463,True,154,0.3994339406490326,True,c12_correct
155,156,156_4.bmp,preprocessed_results\156\156_4.bmp,155,155,155,0.9190963506698608,459,0.003715943079441786,0.915380407590419,155|459|71|575|577,0.91909635|0.00371594|0.00212939|0.00194883|0.00164414,1,0.9190963506698608,True,155,0.9190963506698608,True,155,0.835520327091217,True,155,0.8193793892860413,True,155,0.7775201201438904,True,c12_correct
156,157,157_4.bmp,preprocessed_results\157\157_4.bmp,156,156,156,0.9663689136505127,76,0.0030484118033200502,0.9633205018471926,156|76|638|71|304,0.96636891|0.00304841|0.00173162|0.00139736|0.00132899,1,0.9663689136505127,True,156,0.9663689136505127,True,156,0.8068952560424805,True,156,0.8478406071662903,True,156,0.8637118339538574,True,c12_correct
157,158,158_8.bmp,preprocessed_results\158\158_8.bmp,157,157,157,0.6363708972930908,60,0.06208544224500656,0.5742854550480843,157|60|135|203|211,0.63637090|0.06208544|0.01462825|0.00613350|0.00611353,1,0.6363708972930908,True,157,0.6363708972930908,True,157,0.6611343026161194,True,157,0.8001556992530823,True,157,0.7132526636123657,True,c12_correct
158,159,159_1.bmp,preprocessed_results\159\159_1.bmp,158,158,158,0.3904665410518646,92,0.046241600066423416,0.3442249409854412,158|92|119|187|186,0.39046654|0.04624160|0.03843515|0.03591787|0.03145056,1,0.3904665410518646,True,158,0.3904665410518646,True,158,0.7010530829429626,True,158,0.8117755055427551,True,158,0.7012854814529419,True,c12_correct
159,160,160_2.bmp,preprocessed_results\160\160_2.bmp,159,159,159,0.6447193622589111,225,0.013180852867662907,0.6315385093912482,159|225|87|158|737,0.64471936|0.01318085|0.01296667|0.00748159|0.00612548,1,0.6447193622589111,True,159,0.6447193622589111,True,159,0.6661088466644287,True,159,0.8215495944023132,True,159,0.7436680197715759,True,c12_correct
160,161,161_2.bmp,preprocessed_results\161\161_2.bmp,160,160,160,0.8733249306678772,164,0.0152145279571414,0.8581104027107358,160|164|242|532|296,0.87332493|0.01521453|0.00377918|0.00343322|0.00263856,1,0.8733249306678772,True,160,0.8733249306678772,True,160,0.8526556491851807,True,160,0.8050232529640198,True,160,0.820405125617981,True,c12_correct
161,162,162_1.bmp,preprocessed_results\162\162_1.bmp,161,161,161,0.9014307260513306,228,0.0027533683460205793,0.89867735770531,161|228|127|256|788,0.90143073|0.00275337|0.00222285|0.00183955|0.00182564,1,0.9014307260513306,True,161,0.9014307260513306,True,161,0.797141969203949,True,161,0.8428506851196289,True,161,0.7490168809890747,True,c12_correct
162,163,163_6.bmp,preprocessed_results\163\163_6.bmp,162,162,162,0.8763982653617859,15,0.00806431658565998,0.8683339487761259,162|15|659|589|763,0.87639827|0.00806432|0.00479317|0.00452731|0.00440928,1,0.8763982653617859,True,162,0.8763982653617859,True,162,0.9035300612449646,True,162,0.8371347188949585,True,162,0.8153663277626038,True,c12_correct
163,164,164_5.bmp,preprocessed_results\164\164_5.bmp,163,163,163,0.9038903713226318,139,0.0027489704079926014,0.9011414009146392,163|139|277|700|115,0.90389037|0.00274897|0.00257822|0.00170446|0.00169118,1,0.9038903713226318,True,163,0.9038903713226318,True,163,0.8881769180297852,True,163,0.8575111627578735,True,163,0.7255865335464478,True,c12_correct
164,165,165_8.bmp,preprocessed_results\165\165_8.bmp,164,164,164,0.8797239661216736,379,0.004349396098405123,0.8753745700232685,164|379|156|530|344,0.87972397|0.00434940|0.00320283|0.00295237|0.00241158,1,0.8797239661216736,True,164,0.8797239661216736,True,164,0.7812374830245972,True,164,0.8020152449607849,True,164,0.8257097005844116,True,c12_correct
165,166,166_10.bmp,preprocessed_results\166\166_10.bmp,165,165,165,0.794940710067749,164,0.035663776099681854,0.7592769339680672,165|164|449|603|798,0.79494071|0.03566378|0.00595386|0.00491369|0.00426074,1,0.794940710067749,True,165,0.794940710067749,True,165,0.5112488865852356,True,165,0.8095921874046326,True,165,0.603300154209137,True,c12_correct
166,167,167_3.bmp,preprocessed_results\167\167_3.bmp,166,166,166,0.9025253057479858,195,0.0037512914277613163,0.8987740143202245,166|195|332|209|18,0.90252531|0.00375129|0.00218620|0.00184419|0.00157829,1,0.9025253057479858,True,166,0.9025253057479858,True,166,0.8218576908111572,True,166,0.8294761776924133,True,166,0.8195942044258118,True,c12_correct
167,168,168_2.bmp,preprocessed_results\168\168_2.bmp,167,167,167,0.9419089555740356,7,0.002486464101821184,0.9394224914722145,167|7|62|274|236,0.94190896|0.00248646|0.00139915|0.00137226|0.00113578,1,0.9419089555740356,True,167,0.9419089555740356,True,167,0.8021335005760193,True,167,0.7979095578193665,True,167,0.8171961307525635,True,c12_correct
168,169,169_5.bmp,preprocessed_results\169\169_5.bmp,168,168,168,0.8370221853256226,169,0.023734960705041885,0.8132872246205807,168|169|290|20|264,0.83702219|0.02373496|0.01640520|0.01590579|0.01015017,1,0.8370221853256226,True,168,0.8370221853256226,True,168,0.7974244952201843,True,168,0.8168457746505737,True,168,0.7132217884063721,True,c12_correct
169,170,170_5.bmp,preprocessed_results\170\170_5.bmp,169,169,169,0.9063039422035217,40,0.0041596051305532455,0.9021443370729685,169|40|29|289|307,0.90630394|0.00415961|0.00321172|0.00256810|0.00216853,1,0.9063039422035217,True,169,0.9063039422035217,True,169,0.8553663492202759,True,169,0.8771561980247498,True,169,0.8854435682296753,True,c12_correct
170,171,171_4.bmp,preprocessed_results\171\171_4.bmp,170,170,170,0.943721354007721,527,0.0018290110165253282,0.9418923429911956,170|527|799|187|4,0.94372135|0.00182901|0.00136249|0.00134302|0.00112421,1,0.943721354007721,True,170,0.943721354007721,True,170,0.7291039824485779,True,170,0.8119744062423706,True,170,0.858112633228302,True,c12_correct
171,172,172_7.bmp,preprocessed_results\172\172_7.bmp,171,171,171,0.8770841360092163,5,0.0496487021446228,0.8274354338645935,171|5|431|234|456,0.87708414|0.04964870|0.00341849|0.00214660|0.00174184,1,0.8770841360092163,True,171,0.8770841360092163,True,171,0.8306266069412231,True,171,0.8253284096717834,True,171,0.8125949501991272,True,c12_correct
172,173,173_10.bmp,preprocessed_results\173\173_10.bmp,172,172,172,0.839288592338562,173,0.01008336991071701,0.829205222427845,172|173|59|338|42,0.83928859|0.01008337|0.00403322|0.00390804|0.00367723,1,0.839288592338562,True,172,0.839288592338562,True,172,0.7578164339065552,True,172,0.8331236839294434,True,172,0.7167661190032959,True,c12_correct
173,174,174_7.bmp,preprocessed_results\174\174_7.bmp,173,173,173,0.6573472023010254,172,0.04653811454772949,0.6108090877532959,173|172|125|194|832,0.65734720|0.04653811|0.01633978|0.01461604|0.00970959,1,0.6573472023010254,True,173,0.6573472023010254,True,173,0.5832736492156982,True,173,0.7467624545097351,True,173,0.19913488626480103,True,c12_correct
174,175,175_9.bmp,preprocessed_results\175\175_9.bmp,174,174,174,0.849558413028717,302,0.006440806668251753,0.8431176063604653,174|302|580|248|123,0.84955841|0.00644081|0.00408042|0.00343083|0.00267781,1,0.849558413028717,True,174,0.849558413028717,True,174,0.7172622084617615,True,174,0.8420572280883789,True,174,0.854189932346344,True,c12_correct
175,176,176_9.bmp,preprocessed_results\176\176_9.bmp,175,175,175,0.9114800691604614,174,0.005849409848451614,0.9056306593120098,175|174|234|566|69,0.91148007|0.00584941|0.00344719|0.00213803|0.00158848,1,0.9114800691604614,True,175,0.9114800691604614,True,175,0.7735891342163086,True,175,0.8099017143249512,True,175,0.7913162112236023,True,c12_correct
176,177,177_2.bmp,preprocessed_results\177\177_2.bmp,176,176,176,0.7270072102546692,413,0.009089826606214046,0.7179173836484551,176|413|132|536|315,0.72700721|0.00908983|0.00793444|0.00601003|0.00576522,1,0.7270072102546692,True,176,0.7270072102546692,True,176,0.7942101359367371,True,176,0.8357143402099609,True,176,0.7837280631065369,True,c12_correct
177,178,178_6.bmp,preprocessed_results\178\178_6.bmp,177,177,177,0.6080071926116943,18,0.03472781181335449,0.5732793807983398,177|18|6|644|62,0.60800719|0.03472781|0.01237283|0.01106447|0.00872063,1,0.6080071926116943,True,177,0.6080071926116943,True,177,0.16811606287956238,True,177,0.7692499756813049,True,177,0.3029850423336029,True,c12_correct
178,179,179_7.bmp,preprocessed_results\179\179_7.bmp,178,178,178,0.5801048278808594,314,0.0531182661652565,0.5269865617156029,178|314|188|547|179,0.58010483|0.05311827|0.04102282|0.02043723|0.01145679,1,0.5801048278808594,True,178,0.5801048278808594,True,178,0.33975064754486084,True,178,0.7597794532775879,True,178,0.6061444878578186,True,c12_correct
179,180,180_5.bmp,preprocessed_results\180\180_5.bmp,179,179,179,0.6716253757476807,43,0.014881475828588009,0.6567438999190927,179|43|127|125|167,0.67162538|0.01488148|0.01473089|0.01180421|0.00786732,1,0.6716253757476807,True,179,0.6716253757476807,True,179,0.6312983632087708,True,179,0.8325896263122559,True,179,0.7081709504127502,True,c12_correct
180,181,181_1.bmp,preprocessed_results\181\181_1.bmp,180,180,180,0.8790071606636047,133,0.012842081487178802,0.8661650791764259,180|133|775|557|543,0.87900716|0.01284208|0.00401279|0.00350738|0.00313675,1,0.8790071606636047,True,180,0.8790071606636047,True,180,0.4434238076210022,True,180,0.828423798084259,True,180,0.8463737368583679,True,c12_correct
181,182,182_7.bmp,preprocessed_results\182\182_7.bmp,181,181,181,0.7753767967224121,482,0.010803665965795517,0.7645731307566166,181|482|96|144|57,0.77537680|0.01080367|0.01035917|0.00826599|0.00720252,1,0.7753767967224121,True,181,0.7753767967224121,True,181,0.7225337028503418,True,181,0.7987844944000244,True,181,0.8321947455406189,True,c12_correct
182,183,183_7.bmp,preprocessed_results\183\183_7.bmp,182,182,182,0.9589679837226868,183,0.004209128208458424,0.9547588555142283,182|183|145|553|486,0.95896798|0.00420913|0.00262876|0.00106406|0.00089324,1,0.9589679837226868,True,182,0.9589679837226868,True,182,0.8696910738945007,True,182,0.7900404930114746,True,182,0.725307285785675,True,c12_correct
183,184,184_4.bmp,preprocessed_results\184\184_4.bmp,183,183,183,0.7999186515808105,182,0.006896578706800938,0.7930220728740096,183|182|71|76|548,0.79991865|0.00689658|0.00522867|0.00424876|0.00422055,1,0.7999186515808105,True,183,0.7999186515808105,True,183,0.6980287432670593,True,183,0.8130531311035156,True,183,0.760003387928009,True,c12_correct
184,185,185_4.bmp,preprocessed_results\185\185_4.bmp,184,184,184,0.9644239544868469,117,0.0025271642953157425,0.9618967901915312,184|117|221|558|377,0.96442395|0.00252716|0.00115875|0.00108525|0.00076250,1,0.9644239544868469,True,184,0.9644239544868469,True,184,0.7390642762184143,True,184,0.8190711140632629,True,184,0.7744104862213135,True,c12_correct
185,186,186_3.bmp,preprocessed_results\186\186_3.bmp,185,185,185,0.661608874797821,221,0.02955632098019123,0.6320525538176298,185|221|184|515|81,0.66160887|0.02955632|0.01148664|0.00824577|0.00734557,1,0.661608874797821,True,185,0.661608874797821,True,185,0.29822805523872375,True,185,0.7094709873199463,True,185,0.4877299666404724,True,c12_correct
186,187,187_3.bmp,preprocessed_results\187\187_3.bmp,186,186,186,0.8023797273635864,624,0.019947588443756104,0.7824321389198303,186|624|187|146|828,0.80237973|0.01994759|0.01353287|0.00470742|0.00448554,1,0.8023797273635864,True,186,0.8023797273635864,True,186,0.6921707987785339,True,186,0.8258807063102722,True,186,0.8163854479789734,True,c12_correct
187,188,188_2.bmp,preprocessed_results\188\188_2.bmp,187,187,187,0.9428527355194092,186,0.02154015563428402,0.9213125798851252,187|186|319|711|14,0.94285274|0.02154016|0.00167967|0.00142924|0.00119755,1,0.9428527355194092,True,187,0.9428527355194092,True,187,0.8801901340484619,True,187,0.8142859935760498,True,187,0.8107775449752808,True,c12_correct
188,189,189_10.bmp,preprocessed_results\189\189_10.bmp,188,188,188,0.8245053291320801,78,0.012837964110076427,0.8116673650220037,188|78|212|258|35,0.82450533|0.01283796|0.00780508|0.00727781|0.00403945,1,0.8245053291320801,True,188,0.8245053291320801,True,188,0.7862221002578735,True,188,0.8071659207344055,True,188,0.7120335698127747,True,c12_correct
189,190,190_3.bmp,preprocessed_results\190\190_3.bmp,189,189,189,0.7890328764915466,263,0.00670543871819973,0.7823274377733469,189|263|440|167|28,0.78903288|0.00670544|0.00514306|0.00490206|0.00483538,1,0.7890328764915466,True,189,0.7890328764915466,True,189,0.7538758516311646,True,189,0.8346072435379028,True,189,0.7637075185775757,True,c12_correct
190,191,191_7.bmp,preprocessed_results\191\191_7.bmp,190,190,190,0.8014804124832153,298,0.02649260312318802,0.7749878093600273,190|298|529|334|200,0.80148041|0.02649260|0.01031233|0.00744031|0.00619364,1,0.8014804124832153,True,190,0.8014804124832153,True,190,0.8809478878974915,True,190,0.8123565912246704,True,190,0.8308550119400024,True,c12_correct
191,192,192_4.bmp,preprocessed_results\192\192_4.bmp,191,191,191,0.941149890422821,190,0.0024654832668602467,0.9386844071559608,191|190|348|339|365,0.94114989|0.00246548|0.00135617|0.00115178|0.00114752,1,0.941149890422821,True,191,0.941149890422821,True,191,0.6761000156402588,True,191,0.805824875831604,True,191,0.7596541047096252,True,c12_correct
192,193,193_8.bmp,preprocessed_results\193\193_8.bmp,192,192,192,0.9547715187072754,279,0.0012860068818554282,0.95348551182542,192|279|152|74|213,0.95477152|0.00128601|0.00103947|0.00092861|0.00069710,1,0.9547715187072754,True,192,0.9547715187072754,True,192,0.8635520935058594,True,192,0.8436235785484314,True,192,0.8953000903129578,True,c12_correct
193,194,194_1.bmp,preprocessed_results\194\194_1.bmp,193,193,193,0.5216779708862305,105,0.047621823847293854,0.4740561470389366,193|105|28|157|255,0.52167797|0.04762182|0.03880424|0.01765453|0.01686234,1,0.5216779708862305,True,193,0.5216779708862305,True,193,0.25841450691223145,True,193,0.8001052737236023,True,193,0.523648738861084,True,c12_correct
194,195,195_3.bmp,preprocessed_results\195\195_3.bmp,194,194,194,0.9608246088027954,195,0.008200164884328842,0.9526244439184666,194|195|229|561|242,0.96082461|0.00820016|0.00137806|0.00089541|0.00080597,1,0.9608246088027954,True,194,0.9608246088027954,True,194,0.8073306679725647,True,194,0.8306631445884705,True,194,0.7384713292121887,True,c12_correct
195,196,196_7.bmp,preprocessed_results\196\196_7.bmp,195,195,195,0.9581393599510193,194,0.005153680220246315,0.952985679730773,195|194|218|79|166,0.95813936|0.00515368|0.00145784|0.00092330|0.00089676,1,0.9581393599510193,True,195,0.9581393599510193,True,195,0.9186434149742126,True,195,0.8346476554870605,True,195,0.8738242387771606,True,c12_correct
196,197,197_3.bmp,preprocessed_results\197\197_3.bmp,196,196,196,0.5618875622749329,197,0.031184986233711243,0.5307025760412216,196|197|116|451|272,0.56188756|0.03118499|0.01768117|0.01254838|0.01164166,1,0.5618875622749329,True,196,0.5618875622749329,True,196,0.44837522506713867,True,196,0.8273608684539795,True,196,0.5978438854217529,True,c12_correct
197,198,198_4.bmp,preprocessed_results\198\198_4.bmp,197,197,197,0.8150359988212585,82,0.01638513244688511,0.7986508663743734,197|82|57|44|414,0.81503600|0.01638513|0.01552808|0.00750808|0.00625911,1,0.8150359988212585,True,197,0.8150359988212585,True,197,0.8606288433074951,True,197,0.8093128800392151,True,197,0.8993310332298279,True,c12_correct
198,199,199_5.bmp,preprocessed_results\199\199_5.bmp,198,198,198,0.906204879283905,199,0.01070220023393631,0.8955026790499687,198|199|78|248|4,0.90620488|0.01070220|0.00301148|0.00219242|0.00217199,1,0.906204879283905,True,198,0.906204879283905,True,198,0.7220126390457153,True,198,0.8029091954231262,True,198,0.8736505508422852,True,c12_correct
199,200,200_7.bmp,preprocessed_results\200\200_7.bmp,199,199,199,0.3310592472553253,269,0.16717438399791718,0.16388486325740814,199|269|285|198|284,0.33105925|0.16717438|0.06526016|0.04198233|0.01911872,1,0.3310592472553253,True,199,0.3310592472553253,True,199,0.18955020606517792,True,199,0.7320022583007812,True,199,0.26996520161628723,True,c12_correct
200,201,201_8.bmp,preprocessed_results\201\201_8.bmp,200,200,200,0.7413353323936462,173,0.020435113459825516,0.7209002189338207,200|173|172|39|358,0.74133533|0.02043511|0.01998800|0.01280627|0.01193079,1,0.7413353323936462,True,200,0.7413353323936462,True,200,0.5731226205825806,True,200,0.8169140219688416,True,200,0.6540271043777466,True,c12_correct
201,202,202_9.bmp,preprocessed_results\202\202_9.bmp,201,201,201,0.7368455529212952,206,0.007725746836513281,0.7291198060847819,201|206|130|131|291,0.73684555|0.00772575|0.00739029|0.00700510|0.00670090,1,0.7368455529212952,True,201,0.7368455529212952,True,201,0.6883870363235474,True,201,0.7909005284309387,True,201,0.6317028403282166,True,c12_correct
202,203,203_9.bmp,preprocessed_results\203\203_9.bmp,202,202,202,0.7941597104072571,203,0.01435534656047821,0.7798043638467789,202|203|379|413|122,0.79415971|0.01435535|0.00966624|0.00667176|0.00466210,1,0.7941597104072571,True,202,0.7941597104072571,True,202,0.42812013626098633,True,202,0.8198879361152649,True,202,0.612805962562561,True,c12_correct
203,204,204_1.bmp,preprocessed_results\204\204_1.bmp,203,203,203,0.9611427783966064,202,0.0036574499681591988,0.9574853284284472,203|202|188|511|135,0.96114278|0.00365745|0.00063832|0.00057841|0.00056239,1,0.9611427783966064,True,203,0.9611427783966064,True,203,0.862687349319458,True,203,0.8107929825782776,True,203,0.871471643447876,True,c12_correct
204,205,205_5.bmp,preprocessed_results\205\205_5.bmp,204,204,204,0.7235512137413025,262,0.012074163183569908,0.7114770505577326,204|262|34|118|818,0.72355121|0.01207416|0.01135481|0.01043565|0.00689392,1,0.7235512137413025,True,204,0.7235512137413025,True,204,0.6951114535331726,True,204,0.8362873196601868,True,204,0.5314761400222778,True,c12_correct
205,206,206_10.bmp,preprocessed_results\206\206_10.bmp,205,205,205,0.8456618785858154,8,0.004687214735895395,0.84097466384992,205|8|296|335|738,0.84566188|0.00468721|0.00450236|0.00449450|0.00374205,1,0.8456618785858154,True,205,0.8456618785858154,True,205,0.7638404369354248,True,205,0.8207537531852722,True,205,0.7261906862258911,True,c12_correct
206,207,207_2.bmp,preprocessed_results\207\207_2.bmp,206,206,206,0.960817813873291,207,0.016328075900673866,0.9444897379726171,206|207|288|602|131,0.96081781|0.01632808|0.00187280|0.00123249|0.00122259,1,0.960817813873291,True,206,0.960817813873291,True,206,0.9028711318969727,True,206,0.7930517792701721,True,206,0.7774891257286072,True,c12_correct
207,208,208_3.bmp,preprocessed_results\208\208_3.bmp,207,207,207,0.6838394403457642,206,0.05318658798933029,0.6306528523564339,207|206|23|257|425,0.68383944|0.05318659|0.01446739|0.00992459|0.00973918,1,0.6838394403457642,True,207,0.6838394403457642,True,207,0.5326303839683533,True,207,0.8301960229873657,True,207,0.6706754565238953,True,c12_correct
208,209,209_7.bmp,preprocessed_results\209\209_7.bmp,208,208,208,0.38422441482543945,217,0.06399942189455032,0.32022499293088913,208|217|135|209|277,0.38422441|0.06399942|0.06308053|0.03790181|0.02631411,1,0.38422441482543945,True,208,0.38422441482543945,True,208,0.24935010075569153,True,208,0.7777497172355652,True,208,0.37020203471183777,True,c12_correct
209,210,210_2.bmp,preprocessed_results\210\210_2.bmp,209,209,209,0.8097594380378723,338,0.00781897734850645,0.8019404606893659,209|338|208|233|316,0.80975944|0.00781898|0.00713303|0.00563812|0.00373030,1,0.8097594380378723,True,209,0.8097594380378723,True,209,0.8772916197776794,True,209,0.7664820551872253,True,209,0.7923738360404968,True,c12_correct
210,211,211_5.bmp,preprocessed_results\211\211_5.bmp,210,210,210,0.7630966901779175,211,0.20245462656021118,0.5606420636177063,210|211|70|83|76,0.76309669|0.20245463|0.00153044|0.00131325|0.00073933,1,0.7630966901779175,True,210,0.7630966901779175,True,210,0.8622680902481079,True,210,0.851537823677063,True,210,0.8339458703994751,True,c12_correct
211,212,212_6.bmp,preprocessed_results\212\212_6.bmp,211,211,211,0.8727474212646484,189,0.008069326169788837,0.8646780950948596,211|189|109|477|210,0.87274742|0.00806933|0.00715250|0.00628196|0.00628093,1,0.8727474212646484,True,211,0.8727474212646484,True,211,0.3676847219467163,True,211,0.8031045198440552,True,211,0.6269712448120117,True,c12_correct
212,213,213_10.bmp,preprocessed_results\213\213_10.bmp,212,212,212,0.8981381058692932,213,0.010593916289508343,0.8875441895797849,212|213|33|188|218,0.89813811|0.01059392|0.00537004|0.00526411|0.00491323,1,0.8981381058692932,True,212,0.8981381058692932,True,212,0.6021069884300232,True,212,0.8243248462677002,True,212,0.8317739963531494,True,c12_correct
213,214,214_2.bmp,preprocessed_results\214\214_2.bmp,213,213,213,0.7078808546066284,212,0.012719392776489258,0.6951614618301392,213|212|270|140|30,0.70788085|0.01271939|0.01084563|0.00878312|0.00619583,1,0.7078808546066284,True,213,0.7078808546066284,True,213,0.7619452476501465,True,213,0.8009544014930725,True,213,0.8243927359580994,True,c12_correct
214,215,215_2.bmp,preprocessed_results\215\215_2.bmp,214,214,214,0.7706820964813232,136,0.010775783099234104,0.7599063133820891,214|136|588|90|215,0.77068210|0.01077578|0.00821019|0.00618280|0.00598956,1,0.7706820964813232,True,214,0.7706820964813232,True,214,0.4718441069126129,True,214,0.7981656789779663,True,214,0.5653918385505676,True,c12_correct
215,216,216_8.bmp,preprocessed_results\216\216_8.bmp,215,215,215,0.9152085781097412,214,0.004746033810079098,0.9104625442996621,215|214|449|165|352,0.91520858|0.00474603|0.00321846|0.00249845|0.00176636,1,0.9152085781097412,True,215,0.9152085781097412,True,215,0.7754679918289185,True,215,0.8316750526428223,True,215,0.7807191610336304,True,c12_correct
216,217,217_9.bmp,preprocessed_results\217\217_9.bmp,216,216,216,0.8514971137046814,589,0.011534452438354492,0.8399626612663269,216|589|217|335|45,0.85149711|0.01153445|0.01060417|0.00580466|0.00540126,1,0.8514971137046814,True,216,0.8514971137046814,True,216,0.8194435238838196,True,216,0.8304846882820129,True,216,0.7456266283988953,True,c12_correct
217,218,218_1.bmp,preprocessed_results\218\218_1.bmp,217,217,217,0.7994091510772705,204,0.00998556986451149,0.789423581212759,217|204|216|118|329,0.79940915|0.00998557|0.00667549|0.00439656|0.00405926,1,0.7994091510772705,True,217,0.7994091510772705,True,217,0.8642519116401672,True,217,0.8381491303443909,True,217,0.863914430141449,True,c12_correct
218,219,219_9.bmp,preprocessed_results\219\219_9.bmp,218,218,218,0.4794383943080902,195,0.03641975671052933,0.4430186375975609,218|195|219|72|296,0.47943839|0.03641976|0.02121518|0.01105328|0.00892646,1,0.4794383943080902,True,218,0.4794383943080902,True,218,0.5211737751960754,True,218,0.7741115093231201,True,218,0.6186277866363525,True,c12_correct
219,220,220_6.bmp,preprocessed_results\220\220_6.bmp,219,219,219,0.7978049516677856,183,0.010027924552559853,0.7877770271152258,219|183|151|20|206,0.79780495|0.01002792|0.00977981|0.00574017|0.00395165,1,0.7978049516677856,True,219,0.7978049516677856,True,219,0.5918978452682495,True,219,0.7925917506217957,True,219,0.665554940700531,True,c12_correct
220,221,221_7.bmp,preprocessed_results\221\221_7.bmp,220,220,220,0.9330235123634338,221,0.005848823580890894,0.9271746887825429,220|221|332|605|512,0.93302351|0.00584882|0.00419798|0.00282658|0.00264697,1,0.9330235123634338,True,220,0.9330235123634338,True,220,0.6868171691894531,True,220,0.8361133933067322,True,220,0.7207807898521423,True,c12_correct
221,222,222_5.bmp,preprocessed_results\222\222_5.bmp,221,221,221,0.7190151214599609,185,0.01319832168519497,0.705816799774766,221|185|665|143|184,0.71901512|0.01319832|0.00949844|0.00728713|0.00573548,1,0.7190151214599609,True,221,0.7190151214599609,True,221,0.4035095274448395,True,221,0.8170692324638367,True,221,0.4797017574310303,True,c12_correct
222,223,223_7.bmp,preprocessed_results\223\223_7.bmp,222,222,222,0.7159619927406311,123,0.012677306309342384,0.7032846864312887,222|123|112|122|180,0.71596199|0.01267731|0.00821895|0.00700477|0.00686435,1,0.7159619927406311,True,222,0.7159619927406311,True,222,0.47959819436073303,True,222,0.7863883376121521,True,222,0.5274297595024109,True,c12_correct
223,224,224_6.bmp,preprocessed_results\224\224_6.bmp,223,223,223,0.7347680330276489,203,0.022483203560113907,0.712284829467535,223|203|94|58|262,0.73476803|0.02248320|0.01942157|0.01856554|0.00931317,1,0.7347680330276489,True,223,0.7347680330276489,True,223,0.7447614073753357,True,223,0.8157117962837219,True,223,0.8110013008117676,True,c12_correct
224,225,225_7.bmp,preprocessed_results\225\225_7.bmp,224,224,224,0.11719341576099396,269,0.059098970144987106,0.05809444561600685,224|269|599|35|598,0.11719342|0.05909897|0.03803292|0.03537329|0.03529197,1,0.11719341576099396,True,224,0.11719341576099396,True,224,0.09333335608243942,True,224,0.7459568977355957,True,224,0.19052866101264954,True,c12_correct
225,226,226_8.bmp,preprocessed_results\226\226_8.bmp,225,225,225,0.8969982266426086,541,0.0055391984060406685,0.891459028236568,225|541|285|284|273,0.89699823|0.00553920|0.00538525|0.00347161|0.00300736,1,0.8969982266426086,True,225,0.8969982266426086,True,225,0.7652304768562317,True,225,0.8429888486862183,True,225,0.7250452041625977,True,c12_correct
226,227,227_7.bmp,preprocessed_results\227\227_7.bmp,226,226,226,0.8127176761627197,413,0.012722435407340527,0.7999952407553792,226|413|526|562|422,0.81271768|0.01272244|0.00836741|0.00558470|0.00540887,1,0.8127176761627197,True,226,0.8127176761627197,True,226,0.45197227597236633,True,226,0.8348656296730042,True,226,0.6886224150657654,True,c12_correct
227,228,228_5.bmp,preprocessed_results\228\228_5.bmp,227,227,227,0.6016259789466858,558,0.06481839716434479,0.536807581782341,227|558|226|70|530,0.60162598|0.06481840|0.04834482|0.01253369|0.01062698,1,0.6016259789466858,True,227,0.6016259789466858,True,227,0.4341992139816284,True,227,0.8207723498344421,True,227,0.7048823237419128,True,c12_correct
228,229,229_10.bmp,preprocessed_results\229\229_10.bmp,228,228,228,0.8534952402114868,316,0.004427097737789154,0.8490681424736977,228|316|211|214|2,0.85349524|0.00442710|0.00429470|0.00425085|0.00351171,1,0.8534952402114868,True,228,0.8534952402114868,True,228,0.7146780490875244,True,228,0.7583143711090088,True,228,0.7007896304130554,True,c12_correct
229,230,230_6.bmp,preprocessed_results\230\230_6.bmp,229,229,229,0.9257863759994507,487,0.0024097939021885395,0.9233765820972621,229|487|56|544|562,0.92578638|0.00240979|0.00224205|0.00223159|0.00209745,1,0.9257863759994507,True,229,0.9257863759994507,True,229,0.8153754472732544,True,229,0.8242619633674622,True,229,0.8153120875358582,True,c12_correct
230,231,231_8.bmp,preprocessed_results\231\231_8.bmp,230,230,230,0.7735559940338135,229,0.014565836638212204,0.7589901573956013,230|229|10|8|231,0.77355599|0.01456584|0.01402844|0.01070248|0.00635234,1,0.7735559940338135,True,230,0.7735559940338135,True,230,0.8343822360038757,True,230,0.8032076358795166,True,230,0.8424414992332458,True,c12_correct
231,232,232_2.bmp,preprocessed_results\232\232_2.bmp,231,231,231,0.16265420615673065,230,0.13264085352420807,0.030013352632522583,231|230|18|101|226,0.16265421|0.13264085|0.07404455|0.02114455|0.01851918,1,0.16265420615673065,True,231,0.16265420615673065,True,231,0.28941118717193604,True,231,0.6178604364395142,True,231,0.2477644979953766,True,c12_correct
232,233,233_9.bmp,preprocessed_results\233\233_9.bmp,232,232,232,0.7773596048355103,233,0.018238041549921036,0.7591215632855892,232|233|100|340|487,0.77735960|0.01823804|0.00696725|0.00687866|0.00636956,1,0.7773596048355103,True,232,0.7773596048355103,True,232,0.7298665046691895,True,232,0.8017300367355347,True,232,0.7295190691947937,True,c12_correct
233,234,234_5.bmp,preprocessed_results\234\234_5.bmp,233,233,233,0.9253647327423096,108,0.007315319962799549,0.91804941277951,233|108|232|338|109,0.92536473|0.00731532|0.00395815|0.00217689|0.00193434,1,0.9253647327423096,True,233,0.9253647327423096,True,233,0.8580744862556458,True,233,0.8248369097709656,True,233,0.8038818836212158,True,c12_correct
234,235,235_1.bmp,preprocessed_results\235\235_1.bmp,234,234,234,0.6613361835479736,197,0.022745709866285324,0.6385904736816883,234|197|434|298|146,0.66133618|0.02274571|0.01553479|0.01270213|0.01124901,1,0.6613361835479736,True,234,0.6613361835479736,True,234,0.4189314544200897,True,234,0.7478001713752747,True,234,0.3923686444759369,True,c12_correct
235,236,236_1.bmp,preprocessed_results\236\236_1.bmp,235,235,235,0.7775974273681641,234,0.025176752358675003,0.7524206750094891,235|234|474|332|539,0.77759743|0.02517675|0.00917235|0.00695327|0.00627262,1,0.7775974273681641,True,235,0.7775974273681641,True,235,0.8523260951042175,True,235,0.7926990985870361,True,235,0.5071165561676025,True,c12_correct
236,237,237_3.bmp,preprocessed_results\237\237_3.bmp,236,236,236,0.13775479793548584,175,0.07518570870161057,0.06256908923387527,236|175|318|136|4,0.13775480|0.07518571|0.07315579|0.02081332|0.02062972,1,0.13775479793548584,True,236,0.13775479793548584,True,236,0.20972086489200592,True,236,0.7620693445205688,True,236,0.4973122775554657,True,c12_correct
237,238,238_8.bmp,preprocessed_results\238\238_8.bmp,237,237,237,0.8736910820007324,236,0.028139472007751465,0.845551609992981,237|236|40|167|41,0.87369108|0.02813947|0.00445250|0.00413051|0.00291306,1,0.8736910820007324,True,237,0.8736910820007324,True,237,0.4853178858757019,True,237,0.819837212562561,True,237,0.8048105239868164,True,c12_correct
238,239,239_8.bmp,preprocessed_results\239\239_8.bmp,238,238,238,0.6391171813011169,178,0.012831988744437695,0.6262851925566792,238|178|437|60|211,0.63911718|0.01283199|0.01073408|0.00682575|0.00648860,1,0.6391171813011169,True,238,0.6391171813011169,True,238,0.810429573059082,True,238,0.835816502571106,True,238,0.834819495677948,True,c12_correct
239,240,240_3.bmp,preprocessed_results\240\240_3.bmp,239,239,239,0.7793409824371338,410,0.012598542496562004,0.7667424399405718,239|410|76|436|674,0.77934098|0.01259854|0.01161775|0.00886098|0.00662097,1,0.7793409824371338,True,239,0.7793409824371338,True,239,0.8432623744010925,True,239,0.8423862457275391,True,239,0.776098906993866,True,c12_correct
240,241,241_8.bmp,preprocessed_results\241\241_8.bmp,240,240,240,0.8853407502174377,241,0.008083467371761799,0.877257282845676,240|241|77|195|220,0.88534075|0.00808347|0.00345128|0.00337065|0.00234874,1,0.8853407502174377,True,240,0.8853407502174377,True,240,0.691243052482605,True,240,0.8382948637008667,True,240,0.7810190916061401,True,c12_correct
241,242,242_2.bmp,preprocessed_results\242\242_2.bmp,241,241,241,0.6639987230300903,147,0.01938505657017231,0.644613666459918,241|147|65|746|751,0.66399872|0.01938506|0.00725118|0.00629896|0.00597466,1,0.6639987230300903,True,241,0.6639987230300903,True,241,0.3010842800140381,True,241,0.7817326188087463,True,241,0.430002361536026,True,c12_correct
242,243,243_7.bmp,preprocessed_results\243\243_7.bmp,242,242,242,0.9667407870292664,478,0.0013280173297971487,0.9654127696994692,242|478|68|160|781,0.96674079|0.00132802|0.00075096|0.00072086|0.00058575,1,0.9667407870292664,True,242,0.9667407870292664,True,242,0.8462074995040894,True,242,0.8403093218803406,True,242,0.9073469042778015,True,c12_correct
243,244,244_9.bmp,preprocessed_results\244\244_9.bmp,243,243,243,0.9067193269729614,162,0.008607136085629463,0.898112190887332,243|162|589|17|769,0.90671933|0.00860714|0.00809228|0.00270002|0.00216092,1,0.9067193269729614,True,243,0.9067193269729614,True,243,0.8873431086540222,True,243,0.8073908090591431,True,243,0.8504442572593689,True,c12_correct
244,245,245_1.bmp,preprocessed_results\245\245_1.bmp,244,244,244,0.8704670071601868,22,0.008817589841783047,0.8616494173184037,244|22|392|258|245,0.87046701|0.00881759|0.00515274|0.00395613|0.00323133,1,0.8704670071601868,True,244,0.8704670071601868,True,244,0.9235342144966125,True,244,0.8125522136688232,True,244,0.8109917044639587,True,c12_correct
245,246,246_1.bmp,preprocessed_results\246\246_1.bmp,245,245,245,0.788642406463623,665,0.020097093656659126,0.7685453128069639,245|665|702|144|29,0.78864241|0.02009709|0.00740647|0.00501307|0.00378279,1,0.788642406463623,True,245,0.788642406463623,True,245,0.42013996839523315,True,245,0.793397068977356,True,245,0.5347439646720886,True,c12_correct
246,247,247_4.bmp,preprocessed_results\247\247_4.bmp,246,246,246,0.652323305606842,247,0.20021891593933105,0.452104389667511,246|247|6|221|126,0.65232331|0.20021892|0.00772713|0.00344351|0.00246183,1,0.652323305606842,True,246,0.652323305606842,True,246,0.7111591696739197,True,246,0.7422641515731812,True,246,0.628157377243042,True,c12_correct
247,248,248_2.bmp,preprocessed_results\248\248_2.bmp,247,247,247,0.6896161437034607,246,0.024573488160967827,0.6650426555424929,247|246|30|56|328,0.68961614|0.02457349|0.01965654|0.00379753|0.00368335,1,0.6896161437034607,True,247,0.6896161437034607,True,247,0.04243095591664314,True,247,0.7841535210609436,True,247,0.46840715408325195,True,c12_correct
248,249,249_1.bmp,preprocessed_results\249\249_1.bmp,248,248,248,0.9374614953994751,302,0.005879211705178022,0.9315822836942971,248|302|198|250|240,0.93746150|0.00587921|0.00327845|0.00154198|0.00133883,1,0.9374614953994751,True,248,0.9374614953994751,True,248,0.8978615403175354,True,248,0.8354926109313965,True,248,0.8666630983352661,True,c12_correct
249,250,250_8.bmp,preprocessed_results\250\250_8.bmp,249,249,249,0.9001622200012207,268,0.005120135843753815,0.8950420841574669,249|268|269|1|252,0.90016222|0.00512014|0.00458612|0.00377554|0.00272892,1,0.9001622200012207,True,249,0.9001622200012207,True,249,0.7653617262840271,True,249,0.8135241866111755,True,249,0.8509129881858826,True,c12_correct
250,251,251_5.bmp,preprocessed_results\251\251_5.bmp,250,250,250,0.9345148205757141,436,0.0029449930880218744,0.9315698274876922,250|436|312|162|204,0.93451482|0.00294499|0.00242625|0.00156608|0.00118094,1,0.9345148205757141,True,250,0.9345148205757141,True,250,0.711665153503418,True,250,0.8265690803527832,True,250,0.7893664240837097,True,c12_correct
251,252,252_4.bmp,preprocessed_results\252\252_4.bmp,251,251,251,0.5943892002105713,277,0.06078597158193588,0.5336032286286354,251|277|197|320|292,0.59438920|0.06078597|0.02126735|0.01407579|0.01027651,1,0.5943892002105713,True,251,0.5943892002105713,True,251,0.1984560340642929,True,251,0.7467906475067139,True,251,0.22764840722084045,True,c12_correct
252,253,253_10.bmp,preprocessed_results\253\253_10.bmp,252,252,252,0.6902419328689575,284,0.010933691635727882,0.6793082412332296,252|284|289|154|5,0.69024193|0.01093369|0.01062204|0.00947349|0.00731527,1,0.6902419328689575,True,252,0.6902419328689575,True,252,0.7362930178642273,True,252,0.7890079617500305,True,252,0.6123083829879761,True,c12_correct
253,254,254_4.bmp,preprocessed_results\254\254_4.bmp,253,253,253,0.12166482955217361,658,0.026554370298981667,0.09511045925319195,253|658|728|262|249,0.12166483|0.02655437|0.02395016|0.01687811|0.01548287,1,0.12166482955217361,True,253,0.12166482955217361,True,253,0.5054067373275757,True,253,0.7730311751365662,True,253,0.4806680977344513,True,c12_correct
254,255,255_4.bmp,preprocessed_results\255\255_4.bmp,254,254,254,0.788223385810852,255,0.037704113870859146,0.7505192719399929,254|255|55|749|349,0.78822339|0.03770411|0.00503872|0.00443533|0.00262293,1,0.788223385810852,True,254,0.788223385810852,True,254,0.839789092540741,True,254,0.807001531124115,True,254,0.8626630306243896,True,c12_correct
255,256,256_6.bmp,preprocessed_results\256\256_6.bmp,255,255,255,0.8151718974113464,254,0.011484326794743538,0.8036875706166029,255|254|266|43|786,0.81517190|0.01148433|0.00567206|0.00437289|0.00342570,1,0.8151718974113464,True,255,0.8151718974113464,True,255,0.4139748811721802,True,255,0.7597140669822693,True,255,0.3981412351131439,True,c12_correct
256,257,257_3.bmp,preprocessed_results\257\257_3.bmp,256,256,256,0.9312316179275513,319,0.0030302589293569326,0.9282013589981943,256|319|791|257|322,0.93123162|0.00303026|0.00159875|0.00142335|0.00087708,1,0.9312316179275513,True,256,0.9312316179275513,True,256,0.7808870673179626,True,256,0.8371625542640686,True,256,0.7890276908874512,True,c12_correct
257,258,258_8.bmp,preprocessed_results\258\258_8.bmp,257,257,257,0.7720191478729248,207,0.008424336090683937,0.7635948117822409,257|207|174|311|292,0.77201915|0.00842434|0.00593228|0.00553478|0.00540845,1,0.7720191478729248,True,257,0.7720191478729248,True,257,0.7103919982910156,True,257,0.8322258591651917,True,257,0.8520551323890686,True,c12_correct
258,259,259_10.bmp,preprocessed_results\259\259_10.bmp,258,258,258,0.8960168957710266,77,0.012875103391706944,0.8831417923793197,258|77|144|78|200,0.89601690|0.01287510|0.00342433|0.00245225|0.00222069,1,0.8960168957710266,True,258,0.8960168957710266,True,258,0.6906899809837341,True,258,0.8548904061317444,True,258,0.6546504497528076,True,c12_correct
259,260,260_2.bmp,preprocessed_results\260\260_2.bmp,259,259,259,0.6774280071258545,139,0.011707110330462456,0.665720896795392,259|139|787|52|111,0.67742801|0.01170711|0.00960286|0.00930305|0.00874396,1,0.6774280071258545,True,259,0.6774280071258545,True,259,0.6693030595779419,True,259,0.7926037311553955,True,259,0.7015136480331421,True,c12_correct
260,261,261_1.bmp,preprocessed_results\261\261_1.bmp,260,260,260,0.8845215439796448,261,0.0065210359171032906,0.8780005080625415,260|261|287|128|217,0.88452154|0.00652104|0.00323598|0.00274132|0.00266635,1,0.8845215439796448,True,260,0.8845215439796448,True,260,0.8733338117599487,True,260,0.8392126560211182,True,260,0.7274884581565857,True,c12_correct
261,262,262_4.bmp,preprocessed_results\262\262_4.bmp,261,261,261,0.8682032823562622,290,0.008832047693431377,0.8593712346628308,261|290|128|260|217,0.86820328|0.00883205|0.00798459|0.00531570|0.00503678,1,0.8682032823562622,True,261,0.8682032823562622,True,261,0.7054235935211182,True,261,0.8258645534515381,True,261,0.8168089389801025,True,c12_correct
262,263,263_5.bmp,preprocessed_results\263\263_5.bmp,262,262,262,0.9704288244247437,255,0.0009217076585628092,0.9695071167661808,262|255|334|263|204,0.97042882|0.00092171|0.00085808|0.00063832|0.00056533,1,0.9704288244247437,True,262,0.9704288244247437,True,262,0.9032405614852905,True,262,0.8574600219726562,True,262,0.8420262932777405,True,c12_correct
263,264,264_2.bmp,preprocessed_results\264\264_2.bmp,263,263,263,0.9572516679763794,262,0.0040097786113619804,0.9532418893650174,263|262|339|639|267,0.95725167|0.00400978|0.00113108|0.00085925|0.00085225,1,0.9572516679763794,True,263,0.9572516679763794,True,263,0.8010860085487366,True,263,0.8188163638114929,True,263,0.759357213973999,True,c12_correct
264,265,265_5.bmp,preprocessed_results\265\265_5.bmp,264,264,264,0.7179986238479614,208,0.018522076308727264,0.6994765475392342,264|208|295|286|168,0.71799862|0.01852208|0.00994797|0.00675210|0.00651343,1,0.7179986238479614,True,264,0.7179986238479614,True,264,0.6136935353279114,True,264,0.8081297874450684,True,264,0.7784490585327148,True,c12_correct
265,266,266_1.bmp,preprocessed_results\266\266_1.bmp,265,265,265,0.8669675588607788,153,0.006937558762729168,0.8600300000980496,265|153|37|307|138,0.86696756|0.00693756|0.00539824|0.00371657|0.00315210,1,0.8669675588607788,True,265,0.8669675588607788,True,265,0.4188287556171417,True,265,0.8068385124206543,True,265,0.7418564558029175,True,c12_correct
266,267,267_3.bmp,preprocessed_results\267\267_3.bmp,266,266,266,0.5278492569923401,338,0.03349793329834938,0.4943513236939907,266|338|113|112|497,0.52784926|0.03349793|0.02974398|0.02121692|0.01797218,1,0.5278492569923401,True,266,0.5278492569923401,True,266,0.4354759454727173,True,266,0.8210803866386414,True,266,0.6285802125930786,True,c12_correct
267,268,268_1.bmp,preprocessed_results\268\268_1.bmp,267,267,267,0.9280382990837097,7,0.004833470564335585,0.9232048285193741,267|7|76|107|289,0.92803830|0.00483347|0.00260018|0.00235454|0.00189570,1,0.9280382990837097,True,267,0.9280382990837097,True,267,0.8494590520858765,True,267,0.8352119326591492,True,267,0.8283273577690125,True,c12_correct
268,269,269_7.bmp,preprocessed_results\269\269_7.bmp,268,268,268,0.9491315484046936,240,0.001972050638869405,0.9471594977658242,268|240|251|171|562,0.94913155|0.00197205|0.00131541|0.00126636|0.00106313,1,0.9491315484046936,True,268,0.9491315484046936,True,268,0.9157472848892212,True,268,0.8257851600646973,True,268,0.8202613592147827,True,c12_correct
269,270,270_1.bmp,preprocessed_results\270\270_1.bmp,269,269,269,0.43049490451812744,139,0.07392321527004242,0.356571689248085,269|139|285|568|47,0.43049490|0.07392322|0.04286620|0.03550680|0.01982645,1,0.43049490451812744,True,269,0.43049490451812744,True,269,0.7094284296035767,True,269,0.8128648400306702,True,269,0.671527087688446,True,c12_correct
270,271,271_3.bmp,preprocessed_results\271\271_3.bmp,270,270,270,0.7074283957481384,271,0.21851947903633118,0.48890891671180725,270|271|634|267|247,0.70742840|0.21851948|0.00501063|0.00185283|0.00165866,1,0.7074283957481384,True,270,0.7074283957481384,True,270,0.8442605137825012,True,270,0.8455799221992493,True,270,0.8132631182670593,True,c12_correct
271,272,272_1.bmp,preprocessed_results\272\272_1.bmp,271,271,271,0.8620191216468811,648,0.00645267590880394,0.8555664457380772,271|648|555|634|87,0.86201912|0.00645268|0.00435859|0.00410348|0.00289389,1,0.8620191216468811,True,271,0.8620191216468811,True,271,0.5981502532958984,True,271,0.7453829646110535,True,271,0.6488009095191956,True,c12_correct
272,273,273_6.bmp,preprocessed_results\273\273_6.bmp,272,272,272,0.8944526314735413,273,0.018701503053307533,0.8757511284202337,272|273|271|565|647,0.89445263|0.01870150|0.00311630|0.00309761|0.00279146,1,0.8944526314735413,True,272,0.8944526314735413,True,272,0.7804572582244873,True,272,0.8263424038887024,True,272,0.7741585373878479,True,c12_correct
273,274,274_2.bmp,preprocessed_results\274\274_2.bmp,273,273,273,0.8750181198120117,272,0.027155788615345955,0.8478623311966658,273|272|576|578|143,0.87501812|0.02715579|0.00616336|0.00520845|0.00360386,1,0.8750181198120117,True,273,0.8750181198120117,True,273,0.8765882849693298,True,273,0.8251475095748901,True,273,0.9320734739303589,True,c12_correct
274,275,275_8.bmp,preprocessed_results\275\275_8.bmp,274,274,274,0.655501663684845,52,0.010868252255022526,0.6446334114298224,274|52|289|568|47,0.65550166|0.01086825|0.01042546|0.00890100|0.00888941,1,0.655501663684845,True,274,0.655501663684845,True,274,0.7217784523963928,True,274,0.8319404721260071,True,274,0.7625699043273926,True,c12_correct
275,276,276_3.bmp,preprocessed_results\276\276_3.bmp,275,275,275,0.8175486922264099,14,0.010608307085931301,0.8069403851404786,275|14|21|274|278,0.81754869|0.01060831|0.00992622|0.00882697|0.00775488,1,0.8175486922264099,True,275,0.8175486922264099,True,275,0.8376737236976624,True,275,0.8120813369750977,True,275,0.7673323750495911,True,c12_correct
276,277,277_6.bmp,preprocessed_results\277\277_6.bmp,276,276,42,0.13603836297988892,276,0.1347537785768509,0.001284584403038025,42|276|328|251|329,0.13603836|0.13475378|0.07981605|0.03331772|0.03170533,2,0.1347537785768509,True,42,0.13603836297988892,False,276,0.0907338485121727,True,276,0.5429534316062927,True,276,0.12268649786710739,True,teacher_all_correct;low_margin;true_in_top5
277,278,278_5.bmp,preprocessed_results\278\278_5.bmp,277,277,277,0.8571963906288147,320,0.008702478371560574,0.8484939122572541,277|320|61|505|290,0.85719639|0.00870248|0.00611209|0.00383375|0.00333549,1,0.8571963906288147,True,277,0.8571963906288147,True,277,0.4913191497325897,True,277,0.7926443815231323,True,277,0.3603668510913849,True,c12_correct
278,279,279_6.bmp,preprocessed_results\279\279_6.bmp,278,278,278,0.8115977048873901,271,0.011166995391249657,0.8004307094961405,278|271|173|279|172,0.81159770|0.01116700|0.00696216|0.00641486|0.00588677,1,0.8115977048873901,True,278,0.8115977048873901,True,278,0.40090474486351013,True,278,0.8005096912384033,True,278,0.7219039797782898,True,c12_correct
279,280,280_4.bmp,preprocessed_results\280\280_4.bmp,279,279,279,0.9348114132881165,278,0.005066433921456337,0.9297449793666601,279|278|271|98|700,0.93481141|0.00506643|0.00465161|0.00258373|0.00240646,1,0.9348114132881165,True,279,0.9348114132881165,True,279,0.7882598042488098,True,279,0.8061201572418213,True,279,0.7376769781112671,True,c12_correct
280,281,281_5.bmp,preprocessed_results\281\281_5.bmp,280,280,280,0.9267271161079407,281,0.022010983899235725,0.904716132208705,280|281|148|217|95,0.92672712|0.02201098|0.00285113|0.00170934|0.00158319,1,0.9267271161079407,True,280,0.9267271161079407,True,280,0.9118324518203735,True,280,0.8175246119499207,True,280,0.8789328336715698,True,c12_correct
281,282,282_1.bmp,preprocessed_results\282\282_1.bmp,281,281,281,0.9371474385261536,420,0.011350000277161598,0.925797438248992,281|420|189|287|280,0.93714744|0.01135000|0.00308667|0.00113403|0.00110427,1,0.9371474385261536,True,281,0.9371474385261536,True,281,0.828276515007019,True,281,0.8484746217727661,True,281,0.8046217560768127,True,c12_correct
282,283,283_9.bmp,preprocessed_results\283\283_9.bmp,282,282,282,0.7506569623947144,283,0.03767859935760498,0.7129783630371094,282|283|273|531|142,0.75065696|0.03767860|0.02954256|0.02598183|0.00774944,1,0.7506569623947144,True,282,0.7506569623947144,True,282,0.4796973764896393,True,282,0.8201028108596802,True,282,0.584182858467102,True,c12_correct
283,284,284_7.bmp,preprocessed_results\284\284_7.bmp,283,283,283,0.8783273696899414,282,0.03605078160762787,0.8422765880823135,283|282|273|117|689,0.87832737|0.03605078|0.01614981|0.00297162|0.00232084,1,0.8783273696899414,True,283,0.8783273696899414,True,283,0.6692676544189453,True,283,0.8352515697479248,True,283,0.7591683864593506,True,c12_correct
284,285,285_8.bmp,preprocessed_results\285\285_8.bmp,284,284,284,0.6018738150596619,224,0.05500540882349014,0.5468684062361717,284|224|225|285|252,0.60187382|0.05500541|0.01648199|0.01553496|0.01223685,1,0.6018738150596619,True,284,0.6018738150596619,True,284,0.6396360397338867,True,284,0.8167852759361267,True,284,0.637486457824707,True,c12_correct
285,286,286_3.bmp,preprocessed_results\286\286_3.bmp,285,285,285,0.5393816232681274,612,0.041740864515304565,0.4976407587528229,285|612|284|225|100,0.53938162|0.04174086|0.02622396|0.01818555|0.01034346,1,0.5393816232681274,True,285,0.5393816232681274,True,285,0.5719086527824402,True,285,0.8006489276885986,True,285,0.5580289959907532,True,c12_correct
286,287,287_9.bmp,preprocessed_results\287\287_9.bmp,286,286,286,0.8197206258773804,287,0.04508065804839134,0.774639967828989,286|287|136|14|653,0.81972063|0.04508066|0.00925874|0.00702439|0.00293113,1,0.8197206258773804,True,286,0.8197206258773804,True,286,0.313799649477005,True,286,0.8087708950042725,True,286,0.5781782865524292,True,c12_correct
287,288,288_8.bmp,preprocessed_results\288\288_8.bmp,287,287,287,0.3539069890975952,286,0.05887392535805702,0.2950330637395382,287|286|169|524|123,0.35390699|0.05887393|0.03823993|0.02769769|0.01422847,1,0.3539069890975952,True,287,0.3539069890975952,True,287,0.45278987288475037,True,287,0.7865373492240906,True,287,0.44465741515159607,True,c12_correct
288,289,289_8.bmp,preprocessed_results\289\289_8.bmp,288,288,288,0.9704015254974365,131,0.0018702417146414518,0.9685312837827951,288|131|313|206|222,0.97040153|0.00187024|0.00072892|0.00064677|0.00064411,1,0.9704015254974365,True,288,0.9704015254974365,True,288,0.8680344820022583,True,288,0.815605103969574,True,288,0.8436425924301147,True,c12_correct
289,290,290_6.bmp,preprocessed_results\290\290_6.bmp,289,289,289,0.7405962944030762,277,0.01857820153236389,0.7220180928707123,289|277|274|129|128,0.74059629|0.01857820|0.01619744|0.00500385|0.00499816,1,0.7405962944030762,True,289,0.7405962944030762,True,289,0.5426594614982605,True,289,0.8239730596542358,True,289,0.6133415699005127,True,c12_correct
290,291,291_4.bmp,preprocessed_results\291\291_4.bmp,290,290,290,0.8379722237586975,291,0.03242890164256096,0.8055433221161366,290|291|159|97|661,0.83797222|0.03242890|0.01240038|0.00552552|0.00384681,1,0.8379722237586975,True,290,0.8379722237586975,True,290,0.9032749533653259,True,290,0.8247109055519104,True,290,0.7619705200195312,True,c12_correct
291,292,292_1.bmp,preprocessed_results\292\292_1.bmp,291,291,291,0.8867174983024597,49,0.004348045215010643,0.8823694530874491,291|49|252|325|290,0.88671750|0.00434805|0.00415519|0.00412259|0.00405419,1,0.8867174983024597,True,291,0.8867174983024597,True,291,0.744962215423584,True,291,0.8015739321708679,True,291,0.6713095307350159,True,c12_correct
292,293,293_8.bmp,preprocessed_results\293\293_8.bmp,292,292,292,0.9093335866928101,298,0.018349459394812584,0.8909841272979975,292|298|284|252|197,0.90933359|0.01834946|0.00237723|0.00202333|0.00169435,1,0.9093335866928101,True,292,0.9093335866928101,True,292,0.7079032063484192,True,292,0.8061219453811646,True,292,0.7966090440750122,True,c12_correct
293,294,294_10.bmp,preprocessed_results\294\294_10.bmp,293,293,293,0.7926811575889587,292,0.03976370766758919,0.7529174499213696,293|292|636|297|545,0.79268116|0.03976371|0.00638857|0.00575358|0.00533793,1,0.7926811575889587,True,293,0.7926811575889587,True,293,0.8582970499992371,True,293,0.8386491537094116,True,293,0.6501796841621399,True,c12_correct
294,295,295_6.bmp,preprocessed_results\295\295_6.bmp,294,294,294,0.3836827576160431,549,0.03855767473578453,0.34512508288025856,294|549|436|548|76,0.38368276|0.03855767|0.02682061|0.02221827|0.01599905,1,0.3836827576160431,True,294,0.3836827576160431,True,294,0.544096052646637,True,294,0.7959542274475098,True,294,0.6131967902183533,True,c12_correct
295,296,296_6.bmp,preprocessed_results\296\296_6.bmp,295,295,295,0.6906065344810486,294,0.01260463334619999,0.6780019011348486,295|294|441|210|253,0.69060653|0.01260463|0.00883344|0.00723781|0.00692417,1,0.6906065344810486,True,295,0.6906065344810486,True,295,0.6463165879249573,True,295,0.797756552696228,True,295,0.6330760717391968,True,c12_correct
296,297,297_3.bmp,preprocessed_results\297\297_3.bmp,296,296,296,0.8736817240715027,297,0.04329552873969078,0.8303861953318119,296|297|73|274|141,0.87368172|0.04329553|0.01277729|0.00602122|0.00302280,1,0.8736817240715027,True,296,0.8736817240715027,True,296,0.7036672234535217,True,296,0.8199683427810669,True,296,0.6635331511497498,True,c12_correct
297,298,298_4.bmp,preprocessed_results\298\298_4.bmp,297,297,297,0.6578908562660217,296,0.05082351341843605,0.6070673428475857,297|296|205|341|689,0.65789086|0.05082351|0.01954244|0.00814568|0.00741752,1,0.6578908562660217,True,297,0.6578908562660217,True,297,0.44422048330307007,True,297,0.7591803669929504,True,297,0.12947478890419006,True,c12_correct
298,299,299_9.bmp,preprocessed_results\299\299_9.bmp,298,298,298,0.9303173422813416,566,0.002154776593670249,0.9281625656876713,298|566|774|364|190,0.93031734|0.00215478|0.00189528|0.00176883|0.00120396,1,0.9303173422813416,True,298,0.9303173422813416,True,298,0.8842045664787292,True,298,0.8106371760368347,True,298,0.837958574295044,True,c12_correct
299,300,300_10.bmp,preprocessed_results\300\300_10.bmp,299,299,299,0.6638121604919434,298,0.02181859128177166,0.6419935692101717,299|298|191|141|81,0.66381216|0.02181859|0.01741957|0.01580679|0.00718629,1,0.6638121604919434,True,299,0.6638121604919434,True,299,0.49184510111808777,True,299,0.7829300165176392,True,299,0.5852370858192444,True,c12_correct
300,301,301_10.bmp,preprocessed_results\301\301_10.bmp,300,300,300,0.8764850497245789,86,0.007151820696890354,0.8693332290276885,300|86|298|495|244,0.87648505|0.00715182|0.00619975|0.00324915|0.00299013,1,0.8764850497245789,True,300,0.8764850497245789,True,300,0.7432777285575867,True,300,0.8505785465240479,True,300,0.8668290376663208,True,c12_correct
301,302,302_10.bmp,preprocessed_results\302\302_10.bmp,301,301,301,0.3129943013191223,43,0.03342483565211296,0.27956946566700935,301|43|519|440|55,0.31299430|0.03342484|0.02070026|0.01781902|0.01358280,1,0.3129943013191223,True,301,0.3129943013191223,True,301,0.17879712581634521,True,301,0.727555513381958,True,301,0.4160085916519165,True,c12_correct
302,303,303_10.bmp,preprocessed_results\303\303_10.bmp,302,302,302,0.8498660326004028,286,0.02112305536866188,0.828742977231741,302|286|269|248|318,0.84986603|0.02112306|0.00705338|0.00576193|0.00394419,1,0.8498660326004028,True,302,0.8498660326004028,True,302,0.30232182145118713,True,302,0.7718635201454163,True,302,0.6770495772361755,True,c12_correct
303,304,304_6.bmp,preprocessed_results\304\304_6.bmp,303,303,303,0.8972649574279785,235,0.007469481788575649,0.8897954756394029,303|235|617|249|830,0.89726496|0.00746948|0.00469699|0.00362569|0.00326383,1,0.8972649574279785,True,303,0.8972649574279785,True,303,0.5962857007980347,True,303,0.8218790292739868,True,303,0.8225775361061096,True,c12_correct
304,305,305_2.bmp,preprocessed_results\305\305_2.bmp,304,304,304,0.9683268666267395,50,0.0013624948915094137,0.9669643717352301,304|50|188|326|95,0.96832687|0.00136249|0.00130195|0.00109055|0.00100314,1,0.9683268666267395,True,304,0.9683268666267395,True,304,0.764291524887085,True,304,0.8651877045631409,True,304,0.8464246988296509,True,c12_correct
305,306,306_6.bmp,preprocessed_results\306\306_6.bmp,305,305,305,0.5342784523963928,10,0.038166701793670654,0.49611175060272217,305|10|304|32|28,0.53427845|0.03816670|0.03530481|0.02774710|0.02295143,1,0.5342784523963928,True,305,0.5342784523963928,True,305,0.38261932134628296,True,305,0.7979332208633423,True,305,0.2887662649154663,True,c12_correct
306,307,307_7.bmp,preprocessed_results\307\307_7.bmp,306,306,306,0.9474664330482483,307,0.002502834890037775,0.9449635981582105,306|307|118|817|112,0.94746643|0.00250283|0.00185483|0.00160794|0.00144117,1,0.9474664330482483,True,306,0.9474664330482483,True,306,0.8926535248756409,True,306,0.8391762375831604,True,306,0.8505324721336365,True,c12_correct
307,308,308_9.bmp,preprocessed_results\308\308_9.bmp,307,307,307,0.8882920145988464,306,0.0046972003765404224,0.883594814222306,307|306|263|274|119,0.88829201|0.00469720|0.00370570|0.00337845|0.00269255,1,0.8882920145988464,True,307,0.8882920145988464,True,307,0.8449850082397461,True,307,0.8386923670768738,True,307,0.8274281620979309,True,c12_correct
308,309,309_9.bmp,preprocessed_results\309\309_9.bmp,308,308,308,0.893805742263794,309,0.005437754560261965,0.888367987703532,308|309|410|84|262,0.89380574|0.00543775|0.00484770|0.00272606|0.00267535,1,0.893805742263794,True,308,0.893805742263794,True,308,0.7227191925048828,True,308,0.8334454894065857,True,308,0.8108764886856079,True,c12_correct
309,310,310_9.bmp,preprocessed_results\310\310_9.bmp,309,309,309,0.9262592792510986,179,0.0021195500157773495,0.9241397292353213,309|179|724|308|324,0.92625928|0.00211955|0.00198563|0.00197992|0.00167964,1,0.9262592792510986,True,309,0.9262592792510986,True,309,0.8192331194877625,True,309,0.8189021348953247,True,309,0.777419924736023,True,c12_correct
310,311,311_9.bmp,preprocessed_results\311\311_9.bmp,310,310,310,0.6559746861457825,674,0.018097665160894394,0.6378770209848881,310|674|652|659|714,0.65597469|0.01809767|0.00959076|0.00804180|0.00717802,1,0.6559746861457825,True,310,0.6559746861457825,True,310,0.3805178105831146,True,310,0.7872028946876526,True,310,0.5297548770904541,True,c12_correct
311,312,312_7.bmp,preprocessed_results\312\312_7.bmp,311,311,311,0.7069857716560364,675,0.015950249508023262,0.6910355221480131,311|675|193|274|129,0.70698577|0.01595025|0.01212311|0.00934993|0.00704628,1,0.7069857716560364,True,311,0.7069857716560364,True,311,0.8486864566802979,True,311,0.8067275285720825,True,311,0.8541154861450195,True,c12_correct
312,313,313_3.bmp,preprocessed_results\313\313_3.bmp,312,312,312,0.9222443103790283,12,0.0031853190157562494,0.9190589913632721,312|12|340|622|330,0.92224431|0.00318532|0.00302963|0.00281281|0.00184369,1,0.9222443103790283,True,312,0.9222443103790283,True,312,0.8039668202400208,True,312,0.8282945156097412,True,312,0.8195515275001526,True,c12_correct
313,314,314_9.bmp,preprocessed_results\314\314_9.bmp,313,313,313,0.9154348969459534,317,0.002375901211053133,0.9130589957349002,313|317|206|724|239,0.91543490|0.00237590|0.00226474|0.00218900|0.00171876,1,0.9154348969459534,True,313,0.9154348969459534,True,313,0.6932271718978882,True,313,0.815483808517456,True,313,0.8201410174369812,True,c12_correct
314,315,315_5.bmp,preprocessed_results\315\315_5.bmp,314,314,314,0.9085451364517212,315,0.019297948107123375,0.8892471883445978,314|315|185|82|232,0.90854514|0.01929795|0.00312228|0.00244847|0.00218476,1,0.9085451364517212,True,314,0.9085451364517212,True,314,0.8028514385223389,True,314,0.8271735906600952,True,314,0.7651713490486145,True,c12_correct
315,316,316_1.bmp,preprocessed_results\316\316_1.bmp,315,315,315,0.9018775820732117,125,0.006572728045284748,0.8953048540279269,315|125|28|531|535,0.90187758|0.00657273|0.00465343|0.00349581|0.00287219,1,0.9018775820732117,True,315,0.9018775820732117,True,315,0.8353484272956848,True,315,0.8631104826927185,True,315,0.8702097535133362,True,c12_correct
316,317,317_6.bmp,preprocessed_results\317\317_6.bmp,316,316,316,0.9203044176101685,60,0.0034079316537827253,0.9168964859563857,316|60|4|238|260,0.92030442|0.00340793|0.00269697|0.00238710|0.00182121,1,0.9203044176101685,True,316,0.9203044176101685,True,316,0.8036032915115356,True,316,0.8215985298156738,True,316,0.8687023520469666,True,c12_correct
317,318,318_10.bmp,preprocessed_results\318\318_10.bmp,317,317,317,0.9348693490028381,323,0.009061997756361961,0.9258073512464762,317|323|64|340|150,0.93486935|0.00906200|0.00778239|0.00219429|0.00153996,1,0.9348693490028381,True,317,0.9348693490028381,True,317,0.6233959197998047,True,317,0.7890346646308899,True,317,0.6588646173477173,True,c12_correct
318,319,319_5.bmp,preprocessed_results\319\319_5.bmp,318,318,318,0.867093026638031,162,0.0053401305340230465,0.861752896104008,318|162|17|136|733,0.86709303|0.00534013|0.00525462|0.00398923|0.00200951,1,0.867093026638031,True,318,0.867093026638031,True,318,0.8758119940757751,True,318,0.8465142250061035,True,318,0.825977623462677,True,c12_correct
319,320,320_1.bmp,preprocessed_results\320\320_1.bmp,319,319,319,0.6822301745414734,260,0.020353322848677635,0.6618768516927958,319|260|318|82|217,0.68223017|0.02035332|0.00990161|0.00531491|0.00449556,1,0.6822301745414734,True,319,0.6822301745414734,True,319,0.6944219470024109,True,319,0.8185691833496094,True,319,0.8090822696685791,True,c12_correct
320,321,321_8.bmp,preprocessed_results\321\321_8.bmp,320,320,320,0.40683209896087646,321,0.06357691437005997,0.3432551845908165,320|321|42|276|575,0.40683210|0.06357691|0.02362556|0.01712948|0.01231957,1,0.40683209896087646,True,320,0.40683209896087646,True,320,0.41550564765930176,True,320,0.7745705842971802,True,320,0.1909407377243042,True,c12_correct
321,322,322_2.bmp,preprocessed_results\322\322_2.bmp,321,321,321,0.34792736172676086,320,0.2077924758195877,0.14013488590717316,321|320|276|655|71,0.34792736|0.20779248|0.01561731|0.01525755|0.01327256,1,0.34792736172676086,True,321,0.34792736172676086,True,321,0.10646232962608337,True,321,0.2016560584306717,True,321,0.08975730836391449,True,c12_correct
322,323,323_6.bmp,preprocessed_results\323\323_6.bmp,322,322,322,0.9428769946098328,170,0.003293558955192566,0.9395834356546402,322|170|527|799|528,0.94287699|0.00329356|0.00204723|0.00148707|0.00143463,1,0.9428769946098328,True,322,0.9428769946098328,True,322,0.3592623174190521,True,322,0.7716378569602966,True,322,0.6282961368560791,True,c12_correct
323,324,324_5.bmp,preprocessed_results\324\324_5.bmp,323,323,323,0.605146050453186,416,0.03623571991920471,0.5689103305339813,323|416|2|316|511,0.60514605|0.03623572|0.03274069|0.02259895|0.01660354,1,0.605146050453186,True,323,0.605146050453186,True,323,0.5006257891654968,True,323,0.8051959872245789,True,323,0.5609757900238037,True,c12_correct
324,325,325_9.bmp,preprocessed_results\325\325_9.bmp,324,324,324,0.566053032875061,201,0.038603030145168304,0.5274500027298927,324|201|130|423|395,0.56605303|0.03860303|0.03375501|0.02067347|0.01414783,1,0.566053032875061,True,324,0.566053032875061,True,324,0.310334712266922,True,324,0.7866380214691162,True,324,0.4754652678966522,True,c12_correct
325,326,326_4.bmp,preprocessed_results\326\326_4.bmp,325,325,325,0.9171914458274841,522,0.004565924406051636,0.9126255214214325,325|522|336|274|275,0.91719145|0.00456592|0.00350480|0.00338580|0.00303883,1,0.9171914458274841,True,325,0.9171914458274841,True,325,0.8391897082328796,True,325,0.8308422565460205,True,325,0.8266931772232056,True,c12_correct
326,327,327_5.bmp,preprocessed_results\327\327_5.bmp,326,326,326,0.4736189842224121,16,0.034214407205581665,0.43940457701683044,326|16|603|136|510,0.47361898|0.03421441|0.03169072|0.01557765|0.00986898,1,0.4736189842224121,True,326,0.4736189842224121,True,326,0.6641405820846558,True,326,0.8102614879608154,True,326,0.6277344822883606,True,c12_correct
327,328,328_7.bmp,preprocessed_results\328\328_7.bmp,327,327,327,0.3025818169116974,241,0.02791009284555912,0.27467172406613827,327|241|647|259|147,0.30258182|0.02791009|0.02085870|0.01862851|0.01799151,1,0.3025818169116974,True,327,0.3025818169116974,True,327,0.08096951246261597,True,327,0.7444038391113281,True,327,0.5394582748413086,True,c12_correct
328,329,329_5.bmp,preprocessed_results\329\329_5.bmp,328,328,328,0.7887261509895325,10,0.017964672297239304,0.7707614786922932,328|10|329|58|202,0.78872615|0.01796467|0.01327197|0.00716624|0.00674127,1,0.7887261509895325,True,328,0.7887261509895325,True,328,0.6017061471939087,True,328,0.8068865537643433,True,328,0.732943058013916,True,c12_correct
329,330,330_6.bmp,preprocessed_results\330\330_6.bmp,329,329,329,0.9063584208488464,266,0.006341464351862669,0.9000169564969838,329|266|262|38|253,0.90635842|0.00634146|0.00422598|0.00278731|0.00270208,1,0.9063584208488464,True,329,0.9063584208488464,True,329,0.6605647802352905,True,329,0.8139509558677673,True,329,0.5688748955726624,True,c12_correct
330,331,331_7.bmp,preprocessed_results\331\331_7.bmp,330,330,330,0.8737550973892212,180,0.02802361361682415,0.845731483772397,330|180|338|774|331,0.87375510|0.02802361|0.00563434|0.00328709|0.00324765,1,0.8737550973892212,True,330,0.8737550973892212,True,330,0.7909072041511536,True,330,0.823542594909668,True,330,0.7473279237747192,True,c12_correct
331,332,332_3.bmp,preprocessed_results\332\332_3.bmp,331,331,331,0.9127046465873718,279,0.008257887326180935,0.9044467592611909,331|279|52|101|128,0.91270465|0.00825789|0.00245204|0.00229468|0.00213769,1,0.9127046465873718,True,331,0.9127046465873718,True,331,0.7794360518455505,True,331,0.7931804060935974,True,331,0.7637822031974792,True,c12_correct
332,333,333_9.bmp,preprocessed_results\333\333_9.bmp,332,332,332,0.9033275842666626,535,0.004628248978406191,0.8986993352882564,332|535|479|63|7,0.90332758|0.00462825|0.00451643|0.00371607|0.00235086,1,0.9033275842666626,True,332,0.9033275842666626,True,332,0.504421055316925,True,332,0.8121078610420227,True,332,0.767697811126709,True,c12_correct
333,334,334_8.bmp,preprocessed_results\334\334_8.bmp,333,333,333,0.7206255197525024,332,0.04675133898854256,0.6738741807639599,333|332|183|171|773,0.72062552|0.04675134|0.00833798|0.00810258|0.00731818,1,0.7206255197525024,True,333,0.7206255197525024,True,333,0.2913348078727722,True,333,0.8001828193664551,True,333,0.3853820860385895,True,c12_correct
334,335,335_4.bmp,preprocessed_results\335\335_4.bmp,334,334,334,0.8997979164123535,335,0.014534206129610538,0.885263710282743,334|335|214|370|371,0.89979792|0.01453421|0.00633761|0.00258205|0.00219437,1,0.8997979164123535,True,334,0.8997979164123535,True,334,0.8308634757995605,True,334,0.8177525401115417,True,334,0.6939746141433716,True,c12_correct
335,336,336_9.bmp,preprocessed_results\336\336_9.bmp,335,335,335,0.8432618975639343,334,0.022210104390978813,0.8210517931729555,335|334|8|45|144,0.84326190|0.02221010|0.00333797|0.00294957|0.00293133,1,0.8432618975639343,True,335,0.8432618975639343,True,335,0.7048458456993103,True,335,0.7636817097663879,True,335,0.5654311776161194,True,c12_correct
336,337,337_8.bmp,preprocessed_results\337\337_8.bmp,336,336,336,0.7183628082275391,41,0.028246229514479637,0.6901165787130594,336|41|390|29|245,0.71836281|0.02824623|0.01200499|0.00732258|0.00608307,1,0.7183628082275391,True,336,0.7183628082275391,True,336,0.613970160484314,True,336,0.8274381756782532,True,336,0.6100314855575562,True,c12_correct
337,338,338_8.bmp,preprocessed_results\338\338_8.bmp,337,337,337,0.8292978405952454,336,0.017214752733707428,0.8120830878615379,337|336|333|303|706,0.82929784|0.01721475|0.00465754|0.00429656|0.00381040,1,0.8292978405952454,True,337,0.8292978405952454,True,337,0.7319801449775696,True,337,0.816789448261261,True,337,0.7970611453056335,True,c12_correct
338,339,339_2.bmp,preprocessed_results\339\339_2.bmp,338,338,338,0.8886753916740417,233,0.004716990049928427,0.8839584016241133,338|233|172|590|738,0.88867539|0.00471699|0.00404807|0.00338049|0.00300913,1,0.8886753916740417,True,338,0.8886753916740417,True,338,0.8284817337989807,True,338,0.7798557281494141,True,338,0.8720651865005493,True,c12_correct
339,340,340_9.bmp,preprocessed_results\340\340_9.bmp,339,339,339,0.5831587314605713,746,0.014611967839300632,0.5685467636212707,339|746|647|257|49,0.58315873|0.01461197|0.01060448|0.01025052|0.01004576,1,0.5831587314605713,True,339,0.5831587314605713,True,339,0.7800619006156921,True,339,0.8263714909553528,True,339,0.8406185507774353,True,c12_correct
340,341,341_5.bmp,preprocessed_results\341\341_5.bmp,340,340,340,0.9545630216598511,146,0.004344342276453972,0.9502186793833971,340|146|794|330|798,0.95456302|0.00434434|0.00143772|0.00105161|0.00102619,1,0.9545630216598511,True,340,0.9545630216598511,True,340,0.9355489611625671,True,340,0.8285942077636719,True,340,0.809528648853302,True,c12_correct
341,342,342_5.bmp,preprocessed_results\342\342_5.bmp,341,341,341,0.7707431316375732,800,0.015176701359450817,0.7555664302781224,341|800|157|384|793,0.77074313|0.01517670|0.01296237|0.00711894|0.00537011,1,0.7707431316375732,True,341,0.7707431316375732,True,341,0.23000776767730713,True,341,0.7969291806221008,True,341,0.676072895526886,True,c12_correct
342,343,343_4.bmp,preprocessed_results\343\343_4.bmp,342,342,342,0.9161137342453003,350,0.002232453553006053,0.9138812806922942,342|350|343|364|352,0.91611373|0.00223245|0.00215270|0.00189055|0.00185229,1,0.9161137342453003,True,342,0.9161137342453003,True,342,0.8359135389328003,True,342,0.8311133980751038,True,342,0.8589710593223572,True,c12_correct
343,344,344_7.bmp,preprocessed_results\344\344_7.bmp,343,343,343,0.1432512253522873,503,0.031253691762685776,0.11199753358960152,343|503|24|469|514,0.14325123|0.03125369|0.02083692|0.01899042|0.01572269,1,0.1432512253522873,True,343,0.1432512253522873,True,343,0.3310820162296295,True,343,0.647014319896698,True,343,0.28462186455726624,True,c12_correct
344,345,345_3.bmp,preprocessed_results\345\345_3.bmp,344,344,344,0.9416900873184204,515,0.006901704240590334,0.9347883830778301,344|515|396|319|80,0.94169009|0.00690170|0.00157870|0.00146091|0.00126002,1,0.9416900873184204,True,344,0.9416900873184204,True,344,0.8178269267082214,True,344,0.8154652714729309,True,344,0.8828286528587341,True,c12_correct
345,346,346_5.bmp,preprocessed_results\346\346_5.bmp,345,345,345,0.9470433592796326,456,0.0056938896887004375,0.9413494695909321,345|456|352|179|487,0.94704336|0.00569389|0.00134922|0.00112170|0.00102620,1,0.9470433592796326,True,345,0.9470433592796326,True,345,0.8786259889602661,True,345,0.8222123980522156,True,345,0.8011511564254761,True,c12_correct
346,347,347_10.bmp,preprocessed_results\347\347_10.bmp,346,346,346,0.8540605306625366,364,0.007088308222591877,0.8469722224399447,346|364|702|315|722,0.85406053|0.00708831|0.00504292|0.00453362|0.00440508,1,0.8540605306625366,True,346,0.8540605306625366,True,346,0.675952136516571,True,346,0.8474368453025818,True,346,0.7494010925292969,True,c12_correct
347,348,348_1.bmp,preprocessed_results\348\348_1.bmp,347,347,347,0.9095396995544434,346,0.005879122298210859,0.9036605772562325,347|346|335|473|45,0.90953970|0.00587912|0.00466205|0.00450895|0.00173112,1,0.9095396995544434,True,347,0.9095396995544434,True,347,0.8916627764701843,True,347,0.8317981958389282,True,347,0.7899946570396423,True,c12_correct
348,349,349_3.bmp,preprocessed_results\349\349_3.bmp,348,348,392,0.7074121832847595,325,0.020435679703950882,0.6869765035808086,392|325|348|429|393,0.70741218|0.02043568|0.01947318|0.00947852|0.00901997,3,0.019473183900117874,True,392,0.7074121832847595,False,348,0.05139249935746193,True,348,0.06953317672014236,True,348,0.07705648988485336,True,teacher_all_correct;true_in_top5
349,350,350_2.bmp,preprocessed_results\350\350_2.bmp,349,349,349,0.786892294883728,266,0.02418898604810238,0.7627033088356256,349|266|395|348|301,0.78689229|0.02418899|0.00970380|0.00907446|0.00584439,1,0.786892294883728,True,349,0.786892294883728,True,349,0.8411916494369507,True,349,0.8387691974639893,True,349,0.882623016834259,True,c12_correct
350,351,351_9.bmp,preprocessed_results\351\351_9.bmp,350,350,350,0.8788243532180786,556,0.008353544399142265,0.8704708088189363,350|556|342|412|469,0.87882435|0.00835354|0.00584156|0.00417599|0.00358216,1,0.8788243532180786,True,350,0.8788243532180786,True,350,0.8780113458633423,True,350,0.8518442511558533,True,350,0.7975200414657593,True,c12_correct
351,352,352_3.bmp,preprocessed_results\352\352_3.bmp,351,351,351,0.8472841382026672,510,0.013784581795334816,0.8334995564073324,351|510|342|508|557,0.84728414|0.01378458|0.00838436|0.00312810|0.00312098,1,0.8472841382026672,True,351,0.8472841382026672,True,351,0.8574929237365723,True,351,0.8305898904800415,True,351,0.8287941217422485,True,c12_correct
352,353,353_5.bmp,preprocessed_results\353\353_5.bmp,352,352,352,0.9288604855537415,178,0.004921209532767534,0.9239392760209739,352|178|353|396|547,0.92886049|0.00492121|0.00376263|0.00316886|0.00189154,1,0.9288604855537415,True,352,0.9288604855537415,True,352,0.8175946474075317,True,352,0.8413774371147156,True,352,0.8154023289680481,True,c12_correct
353,354,354_1.bmp,preprocessed_results\354\354_1.bmp,353,353,353,0.20405098795890808,546,0.14106479287147522,0.06298619508743286,353|546|433|352|343,0.20405099|0.14106479|0.13257310|0.04448419|0.01870084,1,0.20405098795890808,True,353,0.20405098795890808,True,353,0.2764774262905121,True,353,0.555644154548645,True,353,0.2533957064151764,True,c12_correct
354,355,355_4.bmp,preprocessed_results\355\355_4.bmp,354,354,354,0.9022224545478821,35,0.004804570693522692,0.8974178838543594,354|35|563|394|355,0.90222245|0.00480457|0.00396814|0.00351429|0.00304862,1,0.9022224545478821,True,354,0.9022224545478821,True,354,0.822378933429718,True,354,0.8537753224372864,True,354,0.8701257109642029,True,c12_correct
355,356,356_8.bmp,preprocessed_results\356\356_8.bmp,355,355,355,0.8721933364868164,227,0.007764841895550489,0.8644284945912659,355|227|354|486|527,0.87219334|0.00776484|0.00674684|0.00519872|0.00375023,1,0.8721933364868164,True,355,0.8721933364868164,True,355,0.6106467247009277,True,355,0.8204054236412048,True,355,0.8268659710884094,True,c12_correct
356,357,357_7.bmp,preprocessed_results\357\357_7.bmp,356,356,356,0.760467529296875,543,0.012964751571416855,0.7475027777254581,356|543|557|512|475,0.76046753|0.01296475|0.00828159|0.00577921|0.00541501,1,0.760467529296875,True,356,0.760467529296875,True,356,0.7409515976905823,True,356,0.8283064961433411,True,356,0.688817024230957,True,c12_correct
357,358,358_1.bmp,preprocessed_results\358\358_1.bmp,357,357,357,0.890458881855011,363,0.003931665793061256,0.8865272160619497,357|363|550|56|231,0.89045888|0.00393167|0.00269630|0.00216486|0.00187256,1,0.890458881855011,True,357,0.890458881855011,True,357,0.7662981748580933,True,357,0.8453443646430969,True,357,0.6619211435317993,True,c12_correct
358,359,359_10.bmp,preprocessed_results\359\359_10.bmp,358,358,358,0.8486378788948059,359,0.05084344744682312,0.7977944314479828,358|359|554|372|513,0.84863788|0.05084345|0.00435470|0.00238636|0.00221076,1,0.8486378788948059,True,358,0.8486378788948059,True,358,0.8303564786911011,True,358,0.8350566029548645,True,358,0.7469042539596558,True,c12_correct
359,360,360_2.bmp,preprocessed_results\360\360_2.bmp,359,359,359,0.8906658291816711,358,0.015437399037182331,0.8752284301444888,359|358|44|258|554,0.89066583|0.01543740|0.00685520|0.00467547|0.00275644,1,0.8906658291816711,True,359,0.8906658291816711,True,359,0.6284681558609009,True,359,0.8129370212554932,True,359,0.5059595108032227,True,c12_correct
360,361,361_3.bmp,preprocessed_results\361\361_3.bmp,360,360,360,0.6406562924385071,98,0.027931896969676018,0.6127243954688311,360|98|361|341|426,0.64065629|0.02793190|0.01305697|0.00638102|0.00506958,1,0.6406562924385071,True,360,0.6406562924385071,True,360,0.7583115100860596,True,360,0.818217396736145,True,360,0.7646821737289429,True,c12_correct
361,362,362_4.bmp,preprocessed_results\362\362_4.bmp,361,361,361,0.9368610382080078,360,0.00497019849717617,0.9318908397108316,361|360|459|116|98,0.93686104|0.00497020|0.00161575|0.00134269|0.00128996,1,0.9368610382080078,True,361,0.9368610382080078,True,361,0.8344733119010925,True,361,0.8251808881759644,True,361,0.868922233581543,True,c12_correct
362,363,363_5.bmp,preprocessed_results\363\363_5.bmp,362,362,362,0.9140628576278687,363,0.007387002930045128,0.9066758546978235,362|363|808|117|552,0.91406286|0.00738700|0.00489225|0.00390486|0.00192817,1,0.9140628576278687,True,362,0.9140628576278687,True,362,0.9076599478721619,True,362,0.8025630116462708,True,362,0.8394796848297119,True,c12_correct
363,364,364_1.bmp,preprocessed_results\364\364_1.bmp,363,363,363,0.6283254027366638,357,0.022605963051319122,0.6057194396853447,363|357|358|362|641,0.62832540|0.02260596|0.01866480|0.01211896|0.01013559,1,0.6283254027366638,True,363,0.6283254027366638,True,363,0.3553469181060791,True,363,0.7881960272789001,True,363,0.6281689405441284,True,c12_correct
364,365,365_7.bmp,preprocessed_results\365\365_7.bmp,364,364,364,0.8944984078407288,434,0.0031575695611536503,0.8913408382795751,364|434|374|376|402,0.89449841|0.00315757|0.00307636|0.00267026|0.00252954,1,0.8944984078407288,True,364,0.8944984078407288,True,364,0.8811852931976318,True,364,0.8194340467453003,True,364,0.7897982001304626,True,c12_correct
365,366,366_4.bmp,preprocessed_results\366\366_4.bmp,365,365,365,0.8526735305786133,63,0.005405922420322895,0.8472676081582904,365|63|385|395|191,0.85267353|0.00540592|0.00440960|0.00399783|0.00312876,1,0.8526735305786133,True,365,0.8526735305786133,True,365,0.8103225231170654,True,365,0.8556822538375854,True,365,0.856239378452301,True,c12_correct
366,367,367_3.bmp,preprocessed_results\367\367_3.bmp,366,366,366,0.8926434516906738,382,0.005563684739172459,0.8870797669515014,366|382|346|314|448,0.89264345|0.00556368|0.00255231|0.00213670|0.00204624,1,0.8926434516906738,True,366,0.8926434516906738,True,366,0.5558934211730957,True,366,0.8435027599334717,True,366,0.7370438575744629,True,c12_correct
367,368,368_3.bmp,preprocessed_results\368\368_3.bmp,367,367,367,0.935423731803894,366,0.0029918858781456947,0.9324318459257483,367|366|487|449|383,0.93542373|0.00299189|0.00178597|0.00089877|0.00082267,1,0.935423731803894,True,367,0.935423731803894,True,367,0.8832902908325195,True,367,0.8485002517700195,True,367,0.8563825488090515,True,c12_correct
368,369,369_10.bmp,preprocessed_results\369\369_10.bmp,368,368,368,0.9459403157234192,369,0.0046616499312222,0.941278665792197,368|369|203|335|391,0.94594032|0.00466165|0.00353126|0.00204954|0.00136143,1,0.9459403157234192,True,368,0.9459403157234192,True,368,0.8311357498168945,True,368,0.8389531970024109,True,368,0.7574450969696045,True,c12_correct
369,370,370_7.bmp,preprocessed_results\370\370_7.bmp,369,369,369,0.9237218499183655,368,0.0027099247090518475,0.9210119252093136,369|368|458|730|342,0.92372185|0.00270992|0.00237446|0.00230282|0.00184184,1,0.9237218499183655,True,369,0.9237218499183655,True,369,0.892685055732727,True,369,0.8368263244628906,True,369,0.8526294231414795,True,c12_correct
370,371,371_3.bmp,preprocessed_results\371\371_3.bmp,370,370,370,0.9168352484703064,78,0.0061395904049277306,0.9106956580653787,370|78|462|248|517,0.91683525|0.00613959|0.00588766|0.00306961|0.00197466,1,0.9168352484703064,True,370,0.9168352484703064,True,370,0.7823209166526794,True,370,0.8408583402633667,True,370,0.863349437713623,True,c12_correct
371,372,372_3.bmp,preprocessed_results\372\372_3.bmp,371,371,371,0.755220890045166,393,0.009432297199964523,0.7457885928452015,371|393|351|232|334,0.75522089|0.00943230|0.00839816|0.00764795|0.00704173,1,0.755220890045166,True,371,0.755220890045166,True,371,0.8163006901741028,True,371,0.8454236388206482,True,371,0.8162509202957153,True,c12_correct
372,373,373_1.bmp,preprocessed_results\373\373_1.bmp,372,372,372,0.8806896209716797,690,0.005159212742000818,0.8755304082296789,372|690|720|648|102,0.88068962|0.00515921|0.00303419|0.00210451|0.00205880,1,0.8806896209716797,True,372,0.8806896209716797,True,372,0.8237771391868591,True,372,0.8252207040786743,True,372,0.7975998520851135,True,c12_correct
373,374,374_8.bmp,preprocessed_results\374\374_8.bmp,373,373,373,0.8805899024009705,372,0.0032739401794970036,0.8773159622214735,373|372|160|548|451,0.88058990|0.00327394|0.00267540|0.00252730|0.00236557,1,0.8805899024009705,True,373,0.8805899024009705,True,373,0.8778768181800842,True,373,0.842119574546814,True,373,0.799150288105011,True,c12_correct
374,375,375_3.bmp,preprocessed_results\375\375_3.bmp,374,374,374,0.9811751246452332,153,0.0017055609496310353,0.9794695636956021,374|153|376|744|156,0.98117512|0.00170556|0.00076038|0.00042985|0.00038937,1,0.9811751246452332,True,374,0.9811751246452332,True,374,0.7133087515830994,True,374,0.8285359144210815,True,374,0.858775794506073,True,c12_correct
375,376,376_8.bmp,preprocessed_results\376\376_8.bmp,375,375,375,0.42608577013015747,374,0.04084106534719467,0.3852447047829628,375|374|615|367|377,0.42608577|0.04084107|0.03353512|0.02243931|0.01961636,1,0.42608577013015747,True,375,0.42608577013015747,True,375,0.15678776800632477,True,375,0.7917875051498413,True,375,0.3288825452327728,True,c12_correct
376,377,377_3.bmp,preprocessed_results\377\377_3.bmp,376,376,376,0.6020343899726868,141,0.03478739410638809,0.5672469958662987,376|141|245|27|539,0.60203439|0.03478739|0.03379178|0.01888214|0.00747404,1,0.6020343899726868,True,376,0.6020343899726868,True,376,0.8329886198043823,True,376,0.8003675937652588,True,376,0.6278231143951416,True,c12_correct
377,378,378_4.bmp,preprocessed_results\378\378_4.bmp,377,377,377,0.9340525269508362,546,0.003204138483852148,0.930848388466984,377|546|226|18|6,0.93405253|0.00320414|0.00196197|0.00158585|0.00141651,1,0.9340525269508362,True,377,0.9340525269508362,True,377,0.7480230331420898,True,377,0.8133232593536377,True,377,0.6568224430084229,True,c12_correct
378,379,379_2.bmp,preprocessed_results\379\379_2.bmp,378,378,378,0.8248429298400879,178,0.011729336343705654,0.8131135934963822,378|178|165|379|188,0.82484293|0.01172934|0.00567760|0.00544559|0.00451420,1,0.8248429298400879,True,378,0.8248429298400879,True,378,0.4278271794319153,True,378,0.7720738053321838,True,378,0.6804508566856384,True,c12_correct
379,380,380_4.bmp,preprocessed_results\380\380_4.bmp,379,379,379,0.8943195939064026,497,0.007315735798329115,0.8870038581080735,379|497|485|202|476,0.89431959|0.00731574|0.00459974|0.00387503|0.00386132,1,0.8943195939064026,True,379,0.8943195939064026,True,379,0.8471320867538452,True,379,0.8378275632858276,True,379,0.8011637926101685,True,c12_correct
380,381,381_9.bmp,preprocessed_results\381\381_9.bmp,380,380,380,0.7617108821868896,468,0.008007647469639778,0.7537032347172499,380|468|453|218|452,0.76171088|0.00800765|0.00661062|0.00644992|0.00576987,1,0.7617108821868896,True,380,0.7617108821868896,True,380,0.6941123008728027,True,380,0.8252941370010376,True,380,0.6801044940948486,True,c12_correct
381,382,382_5.bmp,preprocessed_results\382\382_5.bmp,381,381,381,0.9591144919395447,464,0.0016757046105340123,0.9574387873290107,381|464|316|446|460,0.95911449|0.00167570|0.00103749|0.00082213|0.00067311,1,0.9591144919395447,True,381,0.9591144919395447,True,381,0.9052135944366455,True,381,0.8312296867370605,True,381,0.8911692500114441,True,c12_correct
382,383,383_7.bmp,preprocessed_results\383\383_7.bmp,382,382,382,0.5523456931114197,448,0.02717825584113598,0.5251674372702837,382|448|226|535|412,0.55234569|0.02717826|0.02441859|0.01402895|0.00965725,1,0.5523456931114197,True,382,0.5523456931114197,True,382,0.5502936244010925,True,382,0.7703027725219727,True,382,0.5199201703071594,True,c12_correct
383,384,384_1.bmp,preprocessed_results\384\384_1.bmp,383,383,383,0.6999878287315369,202,0.025476371869444847,0.674511456862092,383|202|94|203|22,0.69998783|0.02547637|0.01118372|0.01048378|0.00992744,1,0.6999878287315369,True,383,0.6999878287315369,True,383,0.31814223527908325,True,383,0.7797489762306213,True,383,0.5572812557220459,True,c12_correct
384,385,385_10.bmp,preprocessed_results\385\385_10.bmp,384,384,384,0.6490734219551086,385,0.012894093059003353,0.6361793288961053,384|385|456|4|32,0.64907342|0.01289409|0.01199264|0.00922049|0.00579961,1,0.6490734219551086,True,384,0.6490734219551086,True,384,0.3037925362586975,True,384,0.774836003780365,True,384,0.6627215147018433,True,c12_correct
385,386,386_10.bmp,preprocessed_results\386\386_10.bmp,385,385,385,0.9188697338104248,384,0.005508291069418192,0.9133614427410066,385|384|502|492|382,0.91886973|0.00550829|0.00453522|0.00133498|0.00123883,1,0.9188697338104248,True,385,0.9188697338104248,True,385,0.8061366677284241,True,385,0.8334371447563171,True,385,0.8550474643707275,True,c12_correct
386,387,387_7.bmp,preprocessed_results\387\387_7.bmp,386,386,386,0.9302830696105957,387,0.0035987491719424725,0.9266843204386532,386|387|474|543|599,0.93028307|0.00359875|0.00208469|0.00120000|0.00109244,1,0.9302830696105957,True,386,0.9302830696105957,True,386,0.9161335229873657,True,386,0.8424725532531738,True,386,0.847882866859436,True,c12_correct
387,388,388_4.bmp,preprocessed_results\388\388_4.bmp,387,387,387,0.9198633432388306,452,0.0023273760452866554,0.9175359671935439,387|452|300|134|500,0.91986334|0.00232738|0.00196349|0.00194256|0.00149379,1,0.9198633432388306,True,387,0.9198633432388306,True,387,0.908347487449646,True,387,0.8003862500190735,True,387,0.8443091511726379,True,c12_correct
388,389,389_7.bmp,preprocessed_results\389\389_7.bmp,388,388,388,0.8348092436790466,507,0.006154370028525591,0.828654873650521,388|507|5|95|252,0.83480924|0.00615437|0.00346643|0.00304096|0.00216574,1,0.8348092436790466,True,388,0.8348092436790466,True,388,0.7104275226593018,True,388,0.8495438098907471,True,388,0.7035365104675293,True,c12_correct
389,390,390_3.bmp,preprocessed_results\390\390_3.bmp,389,389,389,0.9639847874641418,178,0.0045036873780190945,0.9594811000861228,389|178|26|149|119,0.96398479|0.00450369|0.00099800|0.00084007|0.00068201,1,0.9639847874641418,True,389,0.9639847874641418,True,389,0.8872882127761841,True,389,0.8385114073753357,True,389,0.8760157823562622,True,c12_correct
390,391,391_7.bmp,preprocessed_results\391\391_7.bmp,390,390,390,0.883328914642334,336,0.005918772891163826,0.8774101417511702,390|336|19|29|428,0.88332891|0.00591877|0.00360295|0.00306998|0.00273398,1,0.883328914642334,True,390,0.883328914642334,True,390,0.8213221430778503,True,390,0.848007321357727,True,390,0.8881559371948242,True,c12_correct
391,392,392_2.bmp,preprocessed_results\392\392_2.bmp,391,391,391,0.8740299344062805,429,0.00832680705934763,0.8657031273469329,391|429|50|133|406,0.87402993|0.00832681|0.00544913|0.00517916|0.00455428,1,0.8740299344062805,True,391,0.8740299344062805,True,391,0.6365172863006592,True,391,0.836934506893158,True,391,0.8515275120735168,True,c12_correct
392,393,393_8.bmp,preprocessed_results\393\393_8.bmp,392,392,392,0.8036158680915833,289,0.007512898650020361,0.7961029694415629,392|289|529|498|480,0.80361587|0.00751290|0.00506213|0.00486126|0.00383153,1,0.8036158680915833,True,392,0.8036158680915833,True,392,0.5194188952445984,True,392,0.8234752416610718,True,392,0.5370354056358337,True,c12_correct
393,394,394_3.bmp,preprocessed_results\394\394_3.bmp,393,393,393,0.8872923851013184,473,0.006284480914473534,0.8810079041868448,393|473|176|763|471,0.88729239|0.00628448|0.00380576|0.00319331|0.00223641,1,0.8872923851013184,True,393,0.8872923851013184,True,393,0.7049318552017212,True,393,0.8134331107139587,True,393,0.7944087982177734,True,c12_correct
394,395,395_5.bmp,preprocessed_results\395\395_5.bmp,394,394,394,0.9145282506942749,496,0.006230524275451899,0.908297726418823,394|496|173|354|395,0.91452825|0.00623052|0.00348262|0.00292932|0.00250178,1,0.9145282506942749,True,394,0.9145282506942749,True,394,0.830297589302063,True,394,0.8526662588119507,True,394,0.8303137421607971,True,c12_correct
395,396,396_2.bmp,preprocessed_results\396\396_2.bmp,395,395,395,0.9271017909049988,375,0.0021214818116277456,0.924980309093371,395|375|365|522|306,0.92710179|0.00212148|0.00182327|0.00135208|0.00128404,1,0.9271017909049988,True,395,0.9271017909049988,True,395,0.848617672920227,True,395,0.8385721445083618,True,395,0.8658705949783325,True,c12_correct
396,397,397_1.bmp,preprocessed_results\397\397_1.bmp,396,396,396,0.9049137234687805,448,0.004002975765615702,0.9009107477031648,396|448|440|453|460,0.90491372|0.00400298|0.00167961|0.00156591|0.00155357,1,0.9049137234687805,True,396,0.9049137234687805,True,396,0.9139247536659241,True,396,0.8464984893798828,True,396,0.8796849846839905,True,c12_correct
397,398,398_1.bmp,preprocessed_results\398\398_1.bmp,397,397,397,0.8316645622253418,396,0.053989656269550323,0.7776749059557915,397|396|332|356|56,0.83166456|0.05398966|0.00375022|0.00369319|0.00352363,1,0.8316645622253418,True,397,0.8316645622253418,True,397,0.6681879758834839,True,397,0.8119211196899414,True,397,0.7160138487815857,True,c12_correct
398,399,399_6.bmp,preprocessed_results\399\399_6.bmp,398,398,398,0.9191299080848694,498,0.003970618359744549,0.9151592897251248,398|498|545|399|236,0.91912991|0.00397062|0.00359224|0.00271684|0.00205083,1,0.9191299080848694,True,398,0.9191299080848694,True,398,0.8623167872428894,True,398,0.8174144625663757,True,398,0.8503283262252808,True,c12_correct
399,400,400_7.bmp,preprocessed_results\400\400_7.bmp,399,399,399,0.8893381953239441,293,0.013025726191699505,0.8763124691322446,399|293|398|444|498,0.88933820|0.01302573|0.00673300|0.00260269|0.00210505,1,0.8893381953239441,True,399,0.8893381953239441,True,399,0.8126164674758911,True,399,0.802280068397522,True,399,0.7908414602279663,True,c12_correct
400,401,401_6.bmp,preprocessed_results\401\401_6.bmp,400,400,400,0.7326542139053345,361,0.01794154942035675,0.7147126644849777,400|361|453|468|40,0.73265421|0.01794155|0.00903985|0.00864459|0.00728202,1,0.7326542139053345,True,400,0.7326542139053345,True,400,0.4864318072795868,True,400,0.8256038427352905,True,400,0.5878109335899353,True,c12_correct
401,402,402_2.bmp,preprocessed_results\402\402_2.bmp,401,401,401,0.18163135647773743,40,0.06931089609861374,0.11232046037912369,401|40|414|409|299,0.18163136|0.06931090|0.05109454|0.02396726|0.01995906,1,0.18163135647773743,True,401,0.18163135647773743,True,401,0.13911888003349304,True,401,0.759295642375946,True,401,0.2681601047515869,True,c12_correct
402,403,403_10.bmp,preprocessed_results\403\403_10.bmp,402,402,402,0.3597475588321686,403,0.03513721749186516,0.3246103413403034,402|403|364|527|234,0.35974756|0.03513722|0.01662977|0.01189209|0.01157258,1,0.3597475588321686,True,402,0.3597475588321686,True,402,0.4223253130912781,True,402,0.8581081628799438,True,402,0.775801420211792,True,c12_correct
403,404,404_4.bmp,preprocessed_results\404\404_4.bmp,403,403,403,0.8622056841850281,402,0.007415479049086571,0.8547902051359415,403|402|292|406|386,0.86220568|0.00741548|0.00333066|0.00295828|0.00295603,1,0.8622056841850281,True,403,0.8622056841850281,True,403,0.9121338725090027,True,403,0.8454281687736511,True,403,0.7743913531303406,True,c12_correct
404,405,405_1.bmp,preprocessed_results\405\405_1.bmp,404,404,404,0.7642346620559692,235,0.01931612566113472,0.7449185363948345,404|235|376|234|406,0.76423466|0.01931613|0.00947006|0.00906197|0.00780022,1,0.7642346620559692,True,404,0.7642346620559692,True,404,0.5287154316902161,True,404,0.7869118452072144,True,404,0.3238120675086975,True,c12_correct
405,406,406_5.bmp,preprocessed_results\406\406_5.bmp,405,405,405,0.9096893072128296,404,0.013806107454001904,0.8958831997588277,405|404|523|415|414,0.90968931|0.01380611|0.00255673|0.00201231|0.00127078,1,0.9096893072128296,True,405,0.9096893072128296,True,405,0.833754301071167,True,405,0.8363074064254761,True,405,0.8961847424507141,True,c12_correct
406,407,407_10.bmp,preprocessed_results\407\407_10.bmp,406,406,406,0.9283158183097839,407,0.00449630431830883,0.9238195139914751,406|407|165|523|164,0.92831582|0.00449630|0.00345477|0.00208600|0.00109844,1,0.9283158183097839,True,406,0.9283158183097839,True,406,0.9067416787147522,True,406,0.7969353199005127,True,406,0.8354146480560303,True,c12_correct
407,408,408_2.bmp,preprocessed_results\408\408_2.bmp,407,407,407,0.9598329663276672,54,0.006802288815379143,0.9530306775122881,407|54|406|141|723,0.95983297|0.00680229|0.00117388|0.00112045|0.00111142,1,0.9598329663276672,True,407,0.9598329663276672,True,407,0.9253193140029907,True,407,0.8108774423599243,True,407,0.874504029750824,True,c12_correct
408,409,409_1.bmp,preprocessed_results\409\409_1.bmp,408,408,408,0.946025550365448,200,0.0027356131467968225,0.9432899372186512,408|200|346|59|203,0.94602555|0.00273561|0.00205265|0.00164030|0.00154553,1,0.946025550365448,True,408,0.946025550365448,True,408,0.8587311506271362,True,408,0.8448264598846436,True,408,0.7911651730537415,True,c12_correct
409,410,410_3.bmp,preprocessed_results\410\410_3.bmp,409,409,409,0.5735466480255127,403,0.03053627721965313,0.5430103708058596,409|403|9|349|8,0.57354665|0.03053628|0.01196211|0.00937744|0.00920079,1,0.5735466480255127,True,409,0.5735466480255127,True,409,0.6187589764595032,True,409,0.7896389961242676,True,409,0.5626306533813477,True,c12_correct
410,411,411_4.bmp,preprocessed_results\411\411_4.bmp,410,410,410,0.9611973762512207,411,0.003483263310045004,0.9577141129411757,410|411|782|46|308,0.96119738|0.00348326|0.00163699|0.00130064|0.00099476,1,0.9611973762512207,True,410,0.9611973762512207,True,410,0.8469293117523193,True,410,0.8406693935394287,True,410,0.86758953332901,True,c12_correct
411,412,412_5.bmp,preprocessed_results\412\412_5.bmp,411,411,411,0.9120343327522278,410,0.016274763271212578,0.8957595694810152,411|410|16|138|770,0.91203433|0.01627476|0.00377862|0.00190393|0.00175087,1,0.9120343327522278,True,411,0.9120343327522278,True,411,0.7994868159294128,True,411,0.8317533731460571,True,411,0.8302191495895386,True,c12_correct
412,413,413_1.bmp,preprocessed_results\413\413_1.bmp,412,412,412,0.7299120426177979,413,0.010942406952381134,0.7189696356654167,412|413|156|178|226,0.72991204|0.01094241|0.00762610|0.00663863|0.00525085,1,0.7299120426177979,True,412,0.7299120426177979,True,412,0.27554649114608765,True,412,0.7844807505607605,True,412,0.49109575152397156,True,c12_correct
413,414,414_6.bmp,preprocessed_results\414\414_6.bmp,413,413,413,0.9512060284614563,412,0.0019606980495154858,0.9492453304119408,413|412|379|202|514,0.95120603|0.00196070|0.00130404|0.00094036|0.00087386,1,0.9512060284614563,True,413,0.9512060284614563,True,413,0.8799477815628052,True,413,0.8400689959526062,True,413,0.8653119802474976,True,c12_correct
414,415,415_6.bmp,preprocessed_results\415\415_6.bmp,414,414,414,0.8735934495925903,717,0.006945439614355564,0.8666480099782348,414|717|234|434|27,0.87359345|0.00694544|0.00573345|0.00559949|0.00416004,1,0.8735934495925903,True,414,0.8735934495925903,True,414,0.690808892250061,True,414,0.8280960321426392,True,414,0.8324770927429199,True,c12_correct
415,416,416_3.bmp,preprocessed_results\416\416_3.bmp,415,415,415,0.7829166054725647,184,0.013265307061374187,0.7696512984111905,415|184|375|367|247,0.78291661|0.01326531|0.01323946|0.00915408|0.00586753,1,0.7829166054725647,True,415,0.7829166054725647,True,415,0.2438715249300003,True,415,0.7937860488891602,True,415,0.4754919409751892,True,c12_correct
416,417,417_8.bmp,preprocessed_results\417\417_8.bmp,416,416,416,0.9232003092765808,519,0.00422461936250329,0.9189756899140775,416|519|301|323|417,0.92320031|0.00422462|0.00384835|0.00219758|0.00212224,1,0.9232003092765808,True,416,0.9232003092765808,True,416,0.8700920343399048,True,416,0.8211844563484192,True,416,0.8290951251983643,True,c12_correct
417,418,418_9.bmp,preprocessed_results\418\418_9.bmp,417,417,417,0.9008152484893799,416,0.007666153833270073,0.8931490946561098,417|416|427|546|491,0.90081525|0.00766615|0.00276335|0.00260516|0.00200484,1,0.9008152484893799,True,417,0.9008152484893799,True,417,0.891620934009552,True,417,0.8391908407211304,True,417,0.8393221497535706,True,c12_correct
418,419,419_10.bmp,preprocessed_results\419\419_10.bmp,418,418,418,0.9215003848075867,419,0.0030209114775061607,0.9184794733300805,418|419|394|398|659,0.92150038|0.00302091|0.00210525|0.00177839|0.00172592,1,0.9215003848075867,True,418,0.9215003848075867,True,418,0.8131977319717407,True,418,0.8364100456237793,True,418,0.7852705717086792,True,c12_correct
419,420,420_10.bmp,preprocessed_results\420\420_10.bmp,419,419,419,0.7643120288848877,418,0.010235283523797989,0.7540767453610897,419|418|459|491|507,0.76431203|0.01023528|0.00660098|0.00588029|0.00474723,1,0.7643120288848877,True,419,0.7643120288848877,True,419,0.7821871042251587,True,419,0.8454174995422363,True,419,0.7650594115257263,True,c12_correct
420,421,421_10.bmp,preprocessed_results\421\421_10.bmp,420,420,420,0.7378911375999451,798,0.009425411932170391,0.7284657256677747,420|798|237|165|421,0.73789114|0.00942541|0.00694781|0.00536480|0.00511498,1,0.7378911375999451,True,420,0.7378911375999451,True,420,0.8017114400863647,True,420,0.7928467988967896,True,420,0.73836749792099,True,c12_correct
421,422,422_10.bmp,preprocessed_results\422\422_10.bmp,421,421,421,0.7509533166885376,544,0.011321313679218292,0.7396320030093193,421|544|420|443|455,0.75095332|0.01132131|0.00816355|0.00691142|0.00614108,1,0.7509533166885376,True,421,0.7509533166885376,True,421,0.48841598629951477,True,421,0.8112139105796814,True,421,0.6844539642333984,True,c12_correct
422,423,423_4.bmp,preprocessed_results\423\423_4.bmp,422,422,422,0.9109861254692078,423,0.004706042818725109,0.9062800826504827,422|423|535|374|185,0.91098613|0.00470604|0.00285366|0.00239451|0.00140123,1,0.9109861254692078,True,422,0.9109861254692078,True,422,0.9248849749565125,True,422,0.8451526165008545,True,422,0.8530077338218689,True,c12_correct
423,424,424_1.bmp,preprocessed_results\424\424_1.bmp,423,423,423,0.4552750289440155,472,0.021723352372646332,0.43355167657136917,423|472|392|422|431,0.45527503|0.02172335|0.02160588|0.01471149|0.01439853,1,0.4552750289440155,True,423,0.4552750289440155,True,423,0.3396140933036804,True,423,0.7819032669067383,True,423,0.4309881329536438,True,c12_correct
424,425,425_5.bmp,preprocessed_results\425\425_5.bmp,424,424,424,0.9181545376777649,499,0.0027195082511752844,0.9154350294265896,424|499|425|398|119,0.91815454|0.00271951|0.00241884|0.00205843|0.00126100,1,0.9181545376777649,True,424,0.9181545376777649,True,424,0.9133528470993042,True,424,0.8522358536720276,True,424,0.8695542216300964,True,c12_correct
425,426,426_4.bmp,preprocessed_results\426\426_4.bmp,425,425,425,0.871756911277771,424,0.0034443533513695,0.8683125579264015,425|424|431|831|13,0.87175691|0.00344435|0.00315978|0.00292860|0.00233128,1,0.871756911277771,True,425,0.871756911277771,True,425,0.9030925631523132,True,425,0.8392125964164734,True,425,0.8846896886825562,True,c12_correct
426,427,427_7.bmp,preprocessed_results\427\427_7.bmp,426,426,426,0.9134628772735596,545,0.0023440488148480654,0.9111188284587115,426|545|519|453|502,0.91346288|0.00234405|0.00228474|0.00216456|0.00202275,1,0.9134628772735596,True,426,0.9134628772735596,True,426,0.8991060256958008,True,426,0.8334020972251892,True,426,0.8852187991142273,True,c12_correct
427,428,428_3.bmp,preprocessed_results\428\428_3.bmp,427,427,427,0.9350141882896423,66,0.0016342237358912826,0.933379964553751,427|66|508|417|449,0.93501419|0.00163422|0.00142341|0.00126751|0.00115543,1,0.9350141882896423,True,427,0.9350141882896423,True,427,0.8526126146316528,True,427,0.8335573673248291,True,427,0.8391363620758057,True,c12_correct
428,429,429_10.bmp,preprocessed_results\429\429_10.bmp,428,428,428,0.8897159695625305,663,0.003581940894946456,0.8861340286675841,428|663|519|499|777,0.88971597|0.00358194|0.00357623|0.00229849|0.00198875,1,0.8897159695625305,True,428,0.8897159695625305,True,428,0.8744204044342041,True,428,0.8407467603683472,True,428,0.805730402469635,True,c12_correct
429,430,430_3.bmp,preprocessed_results\430\430_3.bmp,429,429,429,0.9409911632537842,428,0.0027497010305523872,0.9382414622232318,429|428|391|546|15,0.94099116|0.00274970|0.00188748|0.00168639|0.00105287,1,0.9409911632537842,True,429,0.9409911632537842,True,429,0.855950653553009,True,429,0.848420262336731,True,429,0.8118656873703003,True,c12_correct
430,431,431_4.bmp,preprocessed_results\431\431_4.bmp,430,430,430,0.9650476574897766,398,0.00725943548604846,0.9577882220037282,430|398|431|187|150,0.96504766|0.00725944|0.00260102|0.00109090|0.00063586,1,0.9650476574897766,True,430,0.9650476574897766,True,430,0.8141841292381287,True,430,0.8278679847717285,True,430,0.8163642287254333,True,c12_correct
431,432,432_7.bmp,preprocessed_results\432\432_7.bmp,431,431,431,0.9262275099754333,430,0.002015324542298913,0.9242121854331344,431|430|207|128|316,0.92622751|0.00201532|0.00123823|0.00108687|0.00105299,1,0.9262275099754333,True,431,0.9262275099754333,True,431,0.8850045204162598,True,431,0.8097748160362244,True,431,0.8338109254837036,True,c12_correct
432,433,433_4.bmp,preprocessed_results\433\433_4.bmp,432,432,432,0.8686045408248901,485,0.0054467287845909595,0.8631578120402992,432|485|433|184|144,0.86860454|0.00544673|0.00509692|0.00374003|0.00328156,1,0.8686045408248901,True,432,0.8686045408248901,True,432,0.7560624480247498,True,432,0.7653794288635254,True,432,0.8538130521774292,True,c12_correct
433,434,434_3.bmp,preprocessed_results\434\434_3.bmp,433,433,433,0.898624062538147,432,0.009090498089790344,0.8895335644483566,433|432|353|546|301,0.89862406|0.00909050|0.00338859|0.00280005|0.00249050,1,0.898624062538147,True,433,0.898624062538147,True,433,0.8646385073661804,True,433,0.8368082046508789,True,433,0.8246939778327942,True,c12_correct
434,435,435_7.bmp,preprocessed_results\435\435_7.bmp,434,434,434,0.9677549004554749,277,0.0015169433318078518,0.966237957123667,434|277|470|52|274,0.96775490|0.00151694|0.00121210|0.00114621|0.00069191,1,0.9677549004554749,True,434,0.9677549004554749,True,434,0.8219753503799438,True,434,0.8228733539581299,True,434,0.7497440576553345,True,c12_correct
435,436,436_4.bmp,preprocessed_results\436\436_4.bmp,435,435,435,0.945744514465332,558,0.003047072794288397,0.9426974416710436,435|558|434|554|463,0.94574451|0.00304707|0.00270207|0.00130258|0.00106220,1,0.945744514465332,True,435,0.945744514465332,True,435,0.6084012985229492,True,435,0.8273805379867554,True,435,0.8244805335998535,True,c12_correct
436,437,437_4.bmp,preprocessed_results\437\437_4.bmp,436,436,436,0.9121514558792114,532,0.0043001798912882805,0.9078512759879231,436|532|450|250|440,0.91215146|0.00430018|0.00425507|0.00320942|0.00208713,1,0.9121514558792114,True,436,0.9121514558792114,True,436,0.8275806903839111,True,436,0.7984253764152527,True,436,0.8134279847145081,True,c12_correct
437,438,438_4.bmp,preprocessed_results\438\438_4.bmp,437,437,437,0.8575949668884277,611,0.007454098202288151,0.8501408686861396,437|611|413|294|238,0.85759497|0.00745410|0.00655383|0.00478418|0.00382533,1,0.8575949668884277,True,437,0.8575949668884277,True,437,0.8375970125198364,True,437,0.8146589398384094,True,437,0.771968424320221,True,c12_correct
438,439,439_4.bmp,preprocessed_results\439\439_4.bmp,438,438,438,0.9017322063446045,145,0.006167638581246138,0.8955645677633584,438|145|185|116|533,0.90173221|0.00616764|0.00440718|0.00265248|0.00247254,1,0.9017322063446045,True,438,0.9017322063446045,True,438,0.5931490659713745,True,438,0.8085972666740417,True,438,0.7763228416442871,True,c12_correct
439,440,440_2.bmp,preprocessed_results\440\440_2.bmp,439,439,439,0.9299264550209045,247,0.003262733342126012,0.9266637216787785,439|247|438|441|494,0.92992646|0.00326273|0.00195019|0.00115950|0.00113499,1,0.9299264550209045,True,439,0.9299264550209045,True,439,0.8011302947998047,True,439,0.8216367363929749,True,439,0.7732090950012207,True,c12_correct
440,441,441_9.bmp,preprocessed_results\441\441_9.bmp,440,440,440,0.567846417427063,372,0.0490092970430851,0.5188371203839779,440|372|43|77|96,0.56784642|0.04900930|0.02263956|0.01936313|0.01625791,1,0.567846417427063,True,440,0.567846417427063,True,440,0.6834114789962769,True,440,0.7999699115753174,True,440,0.521472692489624,True,c12_correct
441,442,442_8.bmp,preprocessed_results\442\442_8.bmp,441,441,441,0.8453130722045898,295,0.0266193188726902,0.8186937533318996,441|295|335|38|453,0.84531307|0.02661932|0.00497002|0.00359515|0.00346599,1,0.8453130722045898,True,441,0.8453130722045898,True,441,0.8880318403244019,True,441,0.8478755950927734,True,441,0.8672533631324768,True,c12_correct
442,443,443_7.bmp,preprocessed_results\443\443_7.bmp,442,442,442,0.92070472240448,314,0.002096523530781269,0.9186081988736987,442|314|430|443|22,0.92070472|0.00209652|0.00200691|0.00180421|0.00161312,1,0.92070472240448,True,442,0.92070472240448,True,442,0.8943262696266174,True,442,0.8451249599456787,True,442,0.8594251871109009,True,c12_correct
443,444,444_3.bmp,preprocessed_results\444\444_3.bmp,443,443,443,0.8997634649276733,463,0.0038688229396939278,0.8958946419879794,443|463|442|498|674,0.89976346|0.00386882|0.00279729|0.00238313|0.00234187,1,0.8997634649276733,True,443,0.8997634649276733,True,443,0.8580949306488037,True,443,0.8210931420326233,True,443,0.8607308268547058,True,c12_correct
444,445,445_9.bmp,preprocessed_results\445\445_9.bmp,444,444,444,0.9220795631408691,509,0.004004691261798143,0.918074871879071,444|509|446|457|440,0.92207956|0.00400469|0.00259458|0.00205583|0.00199550,1,0.9220795631408691,True,444,0.9220795631408691,True,444,0.8689219355583191,True,444,0.8448366522789001,True,444,0.8411538004875183,True,c12_correct
445,446,446_7.bmp,preprocessed_results\446\446_7.bmp,445,445,445,0.9526058435440063,486,0.0026607979089021683,0.9499450456351042,445|486|74|32|464,0.95260584|0.00266080|0.00134103|0.00126253|0.00111115,1,0.9526058435440063,True,445,0.9526058435440063,True,445,0.9187013506889343,True,445,0.8314332962036133,True,445,0.8662471771240234,True,c12_correct
446,447,447_2.bmp,preprocessed_results\447\447_2.bmp,446,446,446,0.8494516611099243,434,0.00815937202423811,0.8412922890856862,446|434|245|351|279,0.84945166|0.00815937|0.00793528|0.00340688|0.00258165,1,0.8494516611099243,True,446,0.8494516611099243,True,446,0.7627747654914856,True,446,0.8126873970031738,True,446,0.594318687915802,True,c12_correct
447,448,448_2.bmp,preprocessed_results\448\448_2.bmp,447,447,447,0.9169795513153076,497,0.0027734346222132444,0.9142061166930944,447|497|332|471|383,0.91697955|0.00277343|0.00267334|0.00155582|0.00142051,1,0.9169795513153076,True,447,0.9169795513153076,True,447,0.8598167896270752,True,447,0.8205518126487732,True,447,0.8293733596801758,True,c12_correct
448,449,449_1.bmp,preprocessed_results\449\449_1.bmp,448,448,448,0.42746394872665405,396,0.035423677414655685,0.39204027131199837,448|396|482|468|422,0.42746395|0.03542368|0.02239596|0.01074898|0.00866428,1,0.42746394872665405,True,448,0.42746394872665405,True,448,0.38993149995803833,True,448,0.77523273229599,True,448,0.4614828824996948,True,c12_correct
449,450,450_2.bmp,preprocessed_results\450\450_2.bmp,449,449,449,0.8778703808784485,416,0.005784803535789251,0.8720855773426592,449|416|215|345|165,0.87787038|0.00578480|0.00373473|0.00328236|0.00276349,1,0.8778703808784485,True,449,0.8778703808784485,True,449,0.8688580989837646,True,449,0.8256469964981079,True,449,0.836574137210846,True,c12_correct
450,451,451_8.bmp,preprocessed_results\451\451_8.bmp,450,450,450,0.6379091739654541,300,0.01012524962425232,0.6277839243412018,450|300|440|451|400,0.63790917|0.01012525|0.00938594|0.00875486|0.00823962,1,0.6379091739654541,True,450,0.6379091739654541,True,450,0.7412509322166443,True,450,0.8221929669380188,True,450,0.7111970782279968,True,c12_correct
451,452,452_3.bmp,preprocessed_results\452\452_3.bmp,451,451,451,0.8252174258232117,477,0.060627248138189316,0.7645901776850224,451|477|484|102|485,0.82521743|0.06062725|0.00752215|0.00275494|0.00264472,1,0.8252174258232117,True,451,0.8252174258232117,True,451,0.7373565435409546,True,451,0.8133565187454224,True,451,0.6878321170806885,True,c12_correct
452,453,453_2.bmp,preprocessed_results\453\453_2.bmp,452,452,452,0.9176199436187744,453,0.014604149386286736,0.9030157942324877,452|453|471|559|451,0.91761994|0.01460415|0.00226767|0.00193275|0.00128872,1,0.9176199436187744,True,452,0.9176199436187744,True,452,0.7939463257789612,True,452,0.8517740368843079,True,452,0.8110964894294739,True,c12_correct
453,454,454_5.bmp,preprocessed_results\454\454_5.bmp,453,453,453,0.7159413695335388,452,0.05129574239253998,0.6646456271409988,453|452|166|114|400,0.71594137|0.05129574|0.00527986|0.00439169|0.00428144,1,0.7159413695335388,True,453,0.7159413695335388,True,453,0.7048370242118835,True,453,0.8343883156776428,True,453,0.7946453094482422,True,c12_correct
454,455,455_3.bmp,preprocessed_results\455\455_3.bmp,454,454,454,0.8809258937835693,181,0.006451934576034546,0.8744739592075348,454|181|556|455|359,0.88092589|0.00645193|0.00588522|0.00478184|0.00380828,1,0.8809258937835693,True,454,0.8809258937835693,True,454,0.8186838626861572,True,454,0.8077970743179321,True,454,0.7233676910400391,True,c12_correct
455,456,456_1.bmp,preprocessed_results\456\456_1.bmp,455,455,455,0.6991022825241089,555,0.021454107016324997,0.6776481755077839,455|555|454|145|516,0.69910228|0.02145411|0.01469269|0.01121200|0.00963245,1,0.6991022825241089,True,455,0.6991022825241089,True,455,0.5567833781242371,True,455,0.7748892307281494,True,455,0.4954957365989685,True,c12_correct
456,457,457_10.bmp,preprocessed_results\457\457_10.bmp,456,456,456,0.7216604351997375,487,0.008023033849895,0.7136374013498425,456|487|457|510|485,0.72166044|0.00802303|0.00751573|0.00747862|0.00700829,1,0.7216604351997375,True,456,0.7216604351997375,True,456,0.533681333065033,True,456,0.7577482461929321,True,456,0.65876305103302,True,c12_correct
457,458,458_8.bmp,preprocessed_results\458\458_8.bmp,457,457,457,0.9320518970489502,456,0.0039038481190800667,0.9281480489298701,457|456|351|503|176,0.93205190|0.00390385|0.00190773|0.00153935|0.00142445,1,0.9320518970489502,True,457,0.9320518970489502,True,457,0.7573872208595276,True,457,0.8167873024940491,True,457,0.7931007742881775,True,c12_correct
458,459,459_10.bmp,preprocessed_results\459\459_10.bmp,458,458,458,0.7178031802177429,440,0.014036639593541622,0.7037665406242013,458|440|406|453|459,0.71780318|0.01403664|0.01289999|0.00891121|0.00777644,1,0.7178031802177429,True,458,0.7178031802177429,True,458,0.7415952682495117,True,458,0.8078147768974304,True,458,0.7203735113143921,True,c12_correct
459,460,460_4.bmp,preprocessed_results\460\460_4.bmp,459,459,459,0.5794310569763184,152,0.04519470036029816,0.5342363566160202,459|152|329|449|427,0.57943106|0.04519470|0.01330654|0.01208525|0.01039047,1,0.5794310569763184,True,459,0.5794310569763184,True,459,0.6056215763092041,True,459,0.8454481959342957,True,459,0.5765892863273621,True,c12_correct
460,461,461_5.bmp,preprocessed_results\461\461_5.bmp,460,460,460,0.9362464547157288,178,0.0016153730684891343,0.9346310816472396,460|178|461|519|166,0.93624645|0.00161537|0.00131353|0.00111271|0.00089956,1,0.9362464547157288,True,460,0.9362464547157288,True,460,0.8983414173126221,True,460,0.8506454825401306,True,460,0.8142290711402893,True,c12_correct
461,462,462_5.bmp,preprocessed_results\462\462_5.bmp,461,461,461,0.8958673477172852,457,0.007072940468788147,0.888794407248497,461|457|460|519|465,0.89586735|0.00707294|0.00516763|0.00262197|0.00207906,1,0.8958673477172852,True,461,0.8958673477172852,True,461,0.8528012633323669,True,461,0.8252031207084656,True,461,0.7828893661499023,True,c12_correct
462,463,463_2.bmp,preprocessed_results\463\463_2.bmp,462,462,462,0.9244604706764221,370,0.006945839151740074,0.917514631524682,462|370|62|774|517,0.92446047|0.00694584|0.00579910|0.00356111|0.00171975,1,0.9244604706764221,True,462,0.9244604706764221,True,462,0.8105193972587585,True,462,0.8441853523254395,True,462,0.808924674987793,True,c12_correct
463,464,464_7.bmp,preprocessed_results\464\464_7.bmp,463,463,463,0.9614295959472656,462,0.001885543460957706,0.9595440524863079,463|462|461|123|473,0.96142960|0.00188554|0.00128004|0.00113664|0.00083823,1,0.9614295959472656,True,463,0.9614295959472656,True,463,0.9118176102638245,True,463,0.8307620286941528,True,463,0.8405880331993103,True,c12_correct
464,465,465_5.bmp,preprocessed_results\465\465_5.bmp,464,464,464,0.8810438513755798,457,0.0052809142507612705,0.8757629371248186,464|457|484|465|344,0.88104385|0.00528091|0.00395070|0.00240657|0.00239051,1,0.8810438513755798,True,464,0.8810438513755798,True,464,0.8837125897407532,True,464,0.8494890332221985,True,464,0.8341916799545288,True,c12_correct
465,466,466_2.bmp,preprocessed_results\466\466_2.bmp,465,465,465,0.8228887915611267,451,0.008701679296791553,0.8141871122643352,465|451|417|481|467,0.82288879|0.00870168|0.00736727|0.00656929|0.00350136,1,0.8228887915611267,True,465,0.8228887915611267,True,465,0.9069345593452454,True,465,0.8406772613525391,True,465,0.8302757740020752,True,c12_correct
466,467,467_2.bmp,preprocessed_results\467\467_2.bmp,466,466,466,0.9482795596122742,80,0.003947095014154911,0.9443324645981193,466|80|470|467|81,0.94827956|0.00394710|0.00217784|0.00177818|0.00134739,1,0.9482795596122742,True,466,0.9482795596122742,True,466,0.9351160526275635,True,466,0.8387351632118225,True,466,0.7081406712532043,True,c12_correct
467,468,468_6.bmp,preprocessed_results\468\468_6.bmp,467,467,467,0.9039719104766846,489,0.00416709715500474,0.8998048133216798,467|489|423|466|495,0.90397191|0.00416710|0.00197822|0.00183428|0.00160915,1,0.9039719104766846,True,467,0.9039719104766846,True,467,0.9228125810623169,True,467,0.8389483094215393,True,467,0.8378611207008362,True,c12_correct
468,469,469_9.bmp,preprocessed_results\469\469_9.bmp,468,468,468,0.9046115875244141,469,0.008363744243979454,0.8962478432804346,468|469|453|446|422,0.90461159|0.00836374|0.00718693|0.00278089|0.00187736,1,0.9046115875244141,True,468,0.9046115875244141,True,468,0.8984293341636658,True,468,0.8440496921539307,True,468,0.8083028793334961,True,c12_correct
469,470,470_2.bmp,preprocessed_results\470\470_2.bmp,469,469,469,0.9497103095054626,468,0.0022683213464915752,0.9474419881589711,469|468|437|491|538,0.94971031|0.00226832|0.00226075|0.00130721|0.00105064,1,0.9497103095054626,True,469,0.9497103095054626,True,469,0.8778026700019836,True,469,0.8437231779098511,True,469,0.7384085655212402,True,c12_correct
470,471,471_5.bmp,preprocessed_results\471\471_5.bmp,470,470,470,0.8761904835700989,408,0.01678527519106865,0.8594052083790302,470|408|173|200|464,0.87619048|0.01678528|0.00555500|0.00240507|0.00231019,1,0.8761904835700989,True,470,0.8761904835700989,True,470,0.7261019349098206,True,470,0.811663806438446,True,470,0.7900039553642273,True,c12_correct
471,472,472_7.bmp,preprocessed_results\472\472_7.bmp,471,471,471,0.9690265655517578,138,0.0017265590140596032,0.9673000065376982,471|138|329|550|46,0.96902657|0.00172656|0.00168230|0.00138026|0.00118895,1,0.9690265655517578,True,471,0.9690265655517578,True,471,0.9013407230377197,True,471,0.8126850128173828,True,471,0.8625997304916382,True,c12_correct
472,473,473_8.bmp,preprocessed_results\473\473_8.bmp,472,472,472,0.9494239687919617,435,0.002559114946052432,0.9468648538459092,472|435|397|473|409,0.94942397|0.00255911|0.00177840|0.00154521|0.00134546,1,0.9494239687919617,True,472,0.9494239687919617,True,472,0.9088041186332703,True,472,0.8292422294616699,True,472,0.9102038741111755,True,c12_correct
473,474,474_5.bmp,preprocessed_results\474\474_5.bmp,473,473,473,0.9345818161964417,472,0.0050032599829137325,0.9295785562135279,473|472|347|462|461,0.93458182|0.00500326|0.00217695|0.00148993|0.00096292,1,0.9345818161964417,True,473,0.9345818161964417,True,473,0.897605299949646,True,473,0.8311772346496582,True,473,0.8162436485290527,True,c12_correct
474,475,475_10.bmp,preprocessed_results\475\475_10.bmp,474,474,474,0.9519142508506775,636,0.0020708891097456217,0.9498433617409319,474|636|751|533|685,0.95191425|0.00207089|0.00139077|0.00111841|0.00079741,1,0.9519142508506775,True,474,0.9519142508506775,True,474,0.9257514476776123,True,474,0.8597701787948608,True,474,0.8653368353843689,True,c12_correct
475,476,476_5.bmp,preprocessed_results\476\476_5.bmp,475,475,475,0.9365087151527405,548,0.0028325903695076704,0.9336761247832328,475|548|540|373|532,0.93650872|0.00283259|0.00216911|0.00164795|0.00154305,1,0.9365087151527405,True,475,0.9365087151527405,True,475,0.7519541382789612,True,475,0.8244870901107788,True,475,0.8108190894126892,True,c12_correct
476,477,477_1.bmp,preprocessed_results\477\477_1.bmp,476,476,476,0.5716725587844849,477,0.10501188039779663,0.46666067838668823,476|477|484|145|379,0.57167256|0.10501188|0.01514142|0.00706302|0.00663582,1,0.5716725587844849,True,476,0.5716725587844849,True,476,0.756567120552063,True,476,0.8199299573898315,True,476,0.7269499897956848,True,c12_correct
477,478,478_7.bmp,preprocessed_results\478\478_7.bmp,477,477,477,0.9291347861289978,476,0.005498579237610102,0.9236362068913877,477|476|182|555|484,0.92913479|0.00549858|0.00238286|0.00191468|0.00186796,1,0.9291347861289978,True,477,0.9291347861289978,True,477,0.9024249911308289,True,477,0.8209660649299622,True,477,0.8592490553855896,True,c12_correct
478,479,479_5.bmp,preprocessed_results\479\479_5.bmp,478,478,478,0.8646841645240784,554,0.004620126914232969,0.8600640376098454,478|554|555|474|68,0.86468416|0.00462013|0.00443479|0.00264680|0.00249123,1,0.8646841645240784,True,478,0.8646841645240784,True,478,0.5948625206947327,True,478,0.7974658012390137,True,478,0.7989952564239502,True,c12_correct
479,480,480_4.bmp,preprocessed_results\480\480_4.bmp,479,479,479,0.9392717480659485,475,0.0029626991599798203,0.9363090489059687,479|475|559|535|538,0.93927175|0.00296270|0.00251424|0.00187666|0.00150563,1,0.9392717480659485,True,479,0.9392717480659485,True,479,0.8709864616394043,True,479,0.8217035531997681,True,479,0.8502179384231567,True,c12_correct
480,481,481_6.bmp,preprocessed_results\481\481_6.bmp,480,480,480,0.884247362613678,481,0.008475899696350098,0.8757714629173279,480|481|402|498|364,0.88424736|0.00847590|0.00399326|0.00337612|0.00297281,1,0.884247362613678,True,480,0.884247362613678,True,480,0.8149152994155884,True,480,0.8314621448516846,True,480,0.86237633228302,True,c12_correct
481,482,482_7.bmp,preprocessed_results\482\482_7.bmp,481,481,481,0.9101581573486328,480,0.002737427596002817,0.90742072975263,481|480|63|546|492,0.91015816|0.00273743|0.00260602|0.00241096|0.00218983,1,0.9101581573486328,True,481,0.9101581573486328,True,481,0.8376964926719666,True,481,0.8280289173126221,True,481,0.7661782503128052,True,c12_correct
482,483,483_9.bmp,preprocessed_results\483\483_9.bmp,482,482,482,0.8592045307159424,484,0.006181085482239723,0.8530234452337027,482|484|185|483|70,0.85920453|0.00618109|0.00411106|0.00294101|0.00257009,1,0.8592045307159424,True,482,0.8592045307159424,True,482,0.7329362034797668,True,482,0.8339354991912842,True,482,0.879608690738678,True,c12_correct
483,484,484_9.bmp,preprocessed_results\484\484_9.bmp,483,483,483,0.8737030029296875,134,0.0032874911557883024,0.8704155117738992,483|134|366|479|247,0.87370300|0.00328749|0.00249332|0.00239014|0.00209575,1,0.8737030029296875,True,483,0.8737030029296875,True,483,0.7253075242042542,True,483,0.8191611766815186,True,483,0.8170647621154785,True,c12_correct
484,485,485_9.bmp,preprocessed_results\485\485_9.bmp,484,484,484,0.883381187915802,485,0.007367430254817009,0.876013757660985,484|485|372|78|358,0.88338119|0.00736743|0.00370166|0.00329938|0.00213413,1,0.883381187915802,True,484,0.883381187915802,True,484,0.8536112308502197,True,484,0.8338409066200256,True,484,0.7494290471076965,True,c12_correct
485,486,486_4.bmp,preprocessed_results\486\486_4.bmp,485,485,485,0.9036887884140015,477,0.005073747597634792,0.8986150408163667,485|477|188|432|484,0.90368879|0.00507375|0.00387735|0.00355197|0.00330538,1,0.9036887884140015,True,485,0.9036887884140015,True,485,0.8448038101196289,True,485,0.8359718322753906,True,485,0.8256142139434814,True,c12_correct
486,487,487_8.bmp,preprocessed_results\487\487_8.bmp,486,486,486,0.7453896999359131,445,0.05802083760499954,0.6873688623309135,486|445|487|386|464,0.74538970|0.05802084|0.01292480|0.00689935|0.00666901,1,0.7453896999359131,True,486,0.7453896999359131,True,486,0.6228037476539612,True,486,0.8442103266716003,True,486,0.7294294238090515,True,c12_correct
487,488,488_2.bmp,preprocessed_results\488\488_2.bmp,487,487,487,0.9136805534362793,345,0.008508437313139439,0.9051721161231399,487|345|526|486|314,0.91368055|0.00850844|0.00429918|0.00403916|0.00221827,1,0.9136805534362793,True,487,0.9136805534362793,True,487,0.7792618870735168,True,487,0.8012044429779053,True,487,0.7528406977653503,True,c12_correct
488,489,489_8.bmp,preprocessed_results\489\489_8.bmp,488,488,488,0.9136344790458679,489,0.006195457652211189,0.9074390213936567,488|489|459|81|361,0.91363448|0.00619546|0.00424485|0.00156950|0.00124304,1,0.9136344790458679,True,488,0.9136344790458679,True,488,0.8568167686462402,True,488,0.7900928258895874,True,488,0.8381079435348511,True,c12_correct
489,490,490_2.bmp,preprocessed_results\490\490_2.bmp,489,489,489,0.9373880624771118,533,0.005426173564046621,0.9319618889130652,489|533|467|488|466,0.93738806|0.00542617|0.00483371|0.00376331|0.00158111,1,0.9373880624771118,True,489,0.9373880624771118,True,489,0.8219152688980103,True,489,0.8572245240211487,True,489,0.7876899242401123,True,c12_correct
490,491,491_2.bmp,preprocessed_results\491\491_2.bmp,490,490,490,0.906629741191864,466,0.0041232965886592865,0.9025064446032047,490|466|479|491|235,0.90662974|0.00412330|0.00295177|0.00280282|0.00243634,1,0.906629741191864,True,490,0.906629741191864,True,490,0.7424941658973694,True,490,0.8397802710533142,True,490,0.686689019203186,True,c12_correct
491,492,492_9.bmp,preprocessed_results\492\492_9.bmp,491,491,491,0.8634544610977173,514,0.005968893878161907,0.8574855672195554,491|514|375|479|463,0.86345446|0.00596889|0.00449099|0.00417652|0.00394693,1,0.8634544610977173,True,491,0.8634544610977173,True,491,0.8104493618011475,True,491,0.8335945010185242,True,491,0.8204584121704102,True,c12_correct
492,493,493_1.bmp,preprocessed_results\493\493_1.bmp,492,492,492,0.3792820870876312,448,0.022959593683481216,0.35632249340415,492|448|381|493|369,0.37928209|0.02295959|0.02039920|0.01891209|0.01723378,1,0.3792820870876312,True,492,0.3792820870876312,True,492,0.19336239993572235,True,492,0.7570893168449402,True,492,0.37707045674324036,True,c12_correct
493,494,494_3.bmp,preprocessed_results\494\494_3.bmp,493,493,493,0.8732132911682129,492,0.008547881618142128,0.8646654095500708,493|492|467|377|489,0.87321329|0.00854788|0.00323454|0.00303363|0.00246044,1,0.8732132911682129,True,493,0.8732132911682129,True,493,0.8352253437042236,True,493,0.8244214057922363,True,493,0.8714358806610107,True,c12_correct
494,495,495_4.bmp,preprocessed_results\495\495_4.bmp,494,494,494,0.9444198608398438,45,0.0032228894997388124,0.9411969713401049,494|45|488|35|495,0.94441986|0.00322289|0.00259427|0.00188328|0.00186536,1,0.9444198608398438,True,494,0.9444198608398438,True,494,0.927399754524231,True,494,0.8385035395622253,True,494,0.8312074542045593,True,c12_correct
495,496,496_6.bmp,preprocessed_results\496\496_6.bmp,495,495,495,0.9150092601776123,494,0.004430142231285572,0.9105791179463267,495|494|74|467|485,0.91500926|0.00443014|0.00391885|0.00179330|0.00152360,1,0.9150092601776123,True,495,0.9150092601776123,True,495,0.8537381291389465,True,495,0.8546514511108398,True,495,0.8285897374153137,True,c12_correct
496,497,497_1.bmp,preprocessed_results\497\497_1.bmp,496,496,497,0.23163895308971405,496,0.19727425277233124,0.03436470031738281,497|496|83|221|476,0.23163895|0.19727425|0.03029779|0.02631102|0.02104669,2,0.19727425277233124,True,497,0.23163895308971405,False,496,0.17623190581798553,True,496,0.7798049449920654,True,496,0.2604149281978607,True,teacher_all_correct;low_margin;true_in_top5
497,498,498_9.bmp,preprocessed_results\498\498_9.bmp,497,497,497,0.7203058004379272,274,0.026139359921216965,0.6941664405167103,497|274|328|329|167,0.72030580|0.02613936|0.00714265|0.00692560|0.00617371,1,0.7203058004379272,True,497,0.7203058004379272,True,497,0.5835350155830383,True,497,0.8248348832130432,True,497,0.7212235331535339,True,c12_correct
498,499,499_8.bmp,preprocessed_results\499\499_8.bmp,498,498,498,0.9027987122535706,462,0.015523958019912243,0.8872747542336583,498|462|398|463|370,0.90279871|0.01552396|0.00759109|0.00377881|0.00247309,1,0.9027987122535706,True,498,0.9027987122535706,True,498,0.9140306115150452,True,498,0.8492593169212341,True,498,0.805068850517273,True,c12_correct
499,500,500_10.bmp,preprocessed_results\500\500_10.bmp,499,499,499,0.9102049469947815,424,0.003950879443436861,0.9062540675513446,499|424|498|112|397,0.91020495|0.00395088|0.00324041|0.00234062|0.00137552,1,0.9102049469947815,True,499,0.9102049469947815,True,499,0.7168269753456116,True,499,0.8472002744674683,True,499,0.7729728817939758,True,c12_correct
500,501,501_3.bmp,preprocessed_results\501\501_3.bmp,500,500,500,0.9335770606994629,406,0.006369199138134718,0.9272078615613282,500|406|407|436|502,0.93357706|0.00636920|0.00371189|0.00177726|0.00140659,1,0.9335770606994629,True,500,0.9335770606994629,True,500,0.9203007817268372,True,500,0.8355689644813538,True,500,0.7945132851600647,True,c12_correct
501,502,502_7.bmp,preprocessed_results\502\502_7.bmp,501,501,501,0.8647785782814026,90,0.004305022768676281,0.8604735555127263,501|90|112|54|511,0.86477858|0.00430502|0.00283543|0.00271915|0.00217448,1,0.8647785782814026,True,501,0.8647785782814026,True,501,0.7506052255630493,True,501,0.8522939682006836,True,501,0.81671142578125,True,c12_correct
502,503,503_4.bmp,preprocessed_results\503\503_4.bmp,502,502,502,0.8168788552284241,500,0.010678144171833992,0.8062007110565901,502|500|480|426|430,0.81687886|0.01067814|0.00735599|0.00600343|0.00506585,1,0.8168788552284241,True,502,0.8168788552284241,True,502,0.6088289618492126,True,502,0.8347219228744507,True,502,0.8314885497093201,True,c12_correct
503,504,504_4.bmp,preprocessed_results\504\504_4.bmp,503,503,482,0.23129874467849731,148,0.04540656507015228,0.18589217960834503,482|148|484|468|453,0.23129874|0.04540657|0.04219392|0.02479148|0.02411267,66,0.00221078610047698,False,482,0.23129874467849731,False,534,0.012089760974049568,False,503,0.028190873563289642,True,503,0.0738213062286377,True,teacher_all_correct
504,505,505_10.bmp,preprocessed_results\505\505_10.bmp,504,504,504,0.8574180603027344,505,0.02598496712744236,0.831433093175292,504|505|555|489|145,0.85741806|0.02598497|0.01131619|0.00449718|0.00224046,1,0.8574180603027344,True,504,0.8574180603027344,True,504,0.9343798160552979,True,504,0.8265007138252258,True,504,0.8717280626296997,True,c12_correct
505,506,506_10.bmp,preprocessed_results\506\506_10.bmp,505,505,505,0.9523822665214539,504,0.003912501502782106,0.9484697650186718,505|504|441|183|450,0.95238227|0.00391250|0.00161046|0.00093558|0.00082335,1,0.9523822665214539,True,505,0.9523822665214539,True,505,0.8419013023376465,True,505,0.824862003326416,True,505,0.7990568280220032,True,c12_correct
506,507,507_1.bmp,preprocessed_results\507\507_1.bmp,506,506,506,0.36837154626846313,407,0.06346163898706436,0.3049099072813988,506|407|459|784|829,0.36837155|0.06346164|0.02520624|0.01235033|0.01068072,1,0.36837154626846313,True,506,0.36837154626846313,True,506,0.7096995115280151,True,506,0.8113783597946167,True,506,0.6614295244216919,True,c12_correct
507,508,508_6.bmp,preprocessed_results\508\508_6.bmp,507,507,507,0.7496930360794067,388,0.011909239925444126,0.7377837961539626,507|388|23|153|474,0.74969304|0.01190924|0.00807831|0.00480282|0.00460294,1,0.7496930360794067,True,507,0.7496930360794067,True,507,0.7128391861915588,True,507,0.8052840828895569,True,507,0.6986538767814636,True,c12_correct
508,509,509_8.bmp,preprocessed_results\509\509_8.bmp,508,508,508,0.9330745339393616,509,0.005291535519063473,0.9277829984202981,508|509|472|342|500,0.93307453|0.00529154|0.00114953|0.00113457|0.00109415,1,0.9330745339393616,True,508,0.9330745339393616,True,508,0.827589750289917,True,508,0.842714250087738,True,508,0.822607696056366,True,c12_correct
509,510,510_5.bmp,preprocessed_results\510\510_5.bmp,509,509,509,0.7778328061103821,398,0.005464486312121153,0.7723683197982609,509|398|346|436|622,0.77783281|0.00546449|0.00365192|0.00307130|0.00245208,1,0.7778328061103821,True,509,0.7778328061103821,True,509,0.7132691740989685,True,509,0.8207140564918518,True,509,0.7344158291816711,True,c12_correct
510,511,511_6.bmp,preprocessed_results\511\511_6.bmp,510,510,510,0.9084299802780151,511,0.007542765233665705,0.9008872150443494,510|511|481|473|351,0.90842998|0.00754277|0.00251522|0.00219701|0.00205545,1,0.9084299802780151,True,510,0.9084299802780151,True,510,0.8302801847457886,True,510,0.8476369976997375,True,510,0.7547556161880493,True,c12_correct
511,512,512_8.bmp,preprocessed_results\512\512_8.bmp,511,511,511,0.8864048719406128,203,0.0052618891932070255,0.8811429827474058,511|203|510|78|416,0.88640487|0.00526189|0.00406368|0.00397390|0.00286419,1,0.8864048719406128,True,511,0.8864048719406128,True,511,0.8195828795433044,True,511,0.8413814306259155,True,511,0.8525072336196899,True,c12_correct
512,513,513_10.bmp,preprocessed_results\513\513_10.bmp,512,512,512,0.9443283081054688,561,0.002756882691755891,0.9415714254137129,512|561|631|180|356,0.94432831|0.00275688|0.00131896|0.00122005|0.00099651,1,0.9443283081054688,True,512,0.9443283081054688,True,512,0.8089703321456909,True,512,0.8129591941833496,True,512,0.7567296028137207,True,c12_correct
513,514,514_5.bmp,preprocessed_results\514\514_5.bmp,513,513,513,0.9382573366165161,563,0.006961449980735779,0.9312958866357803,513|563|372|412|561,0.93825734|0.00696145|0.00272955|0.00128249|0.00125656,1,0.9382573366165161,True,513,0.9382573366165161,True,513,0.9172853231430054,True,513,0.8600581288337708,True,513,0.8800508975982666,True,c12_correct
514,515,515_9.bmp,preprocessed_results\515\515_9.bmp,514,514,514,0.866979718208313,413,0.006205009296536446,0.8607747089117765,514|413|558|486|476,0.86697972|0.00620501|0.00351086|0.00327921|0.00323252,1,0.866979718208313,True,514,0.866979718208313,True,514,0.8656211495399475,True,514,0.8095507025718689,True,514,0.7963224649429321,True,c12_correct
515,516,516_8.bmp,preprocessed_results\516\516_8.bmp,515,515,515,0.6769417524337769,352,0.015276907943189144,0.6616648444905877,515|352|364|344|394,0.67694175|0.01527691|0.01226841|0.00895555|0.00752207,1,0.6769417524337769,True,515,0.6769417524337769,True,515,0.6109889149665833,True,515,0.8082057237625122,True,515,0.6910360455513,True,c12_correct
516,517,517_5.bmp,preprocessed_results\517\517_5.bmp,516,516,516,0.9441251754760742,351,0.0026464038528501987,0.941478771623224,516|351|517|461|412,0.94412518|0.00264640|0.00208019|0.00151829|0.00133994,1,0.9441251754760742,True,516,0.9441251754760742,True,516,0.8810247182846069,True,516,0.8561574220657349,True,516,0.8636320233345032,True,c12_correct
517,518,518_3.bmp,preprocessed_results\518\518_3.bmp,517,517,517,0.9128732085227966,35,0.0019443912897258997,0.9109288172330707,517|35|39|516|539,0.91287321|0.00194439|0.00190590|0.00189257|0.00176940,1,0.9128732085227966,True,517,0.9128732085227966,True,517,0.8423092365264893,True,517,0.8049063086509705,True,517,0.7985512614250183,True,c12_correct
518,519,519_9.bmp,preprocessed_results\519\519_9.bmp,518,518,518,0.9522650837898254,787,0.0019934021402150393,0.9502716816496104,518|787|546|489|449,0.95226508|0.00199340|0.00196025|0.00131287|0.00108004,1,0.9522650837898254,True,518,0.9522650837898254,True,518,0.8140689730644226,True,518,0.8515801429748535,True,518,0.8244645595550537,True,c12_correct
519,520,520_6.bmp,preprocessed_results\520\520_6.bmp,519,519,519,0.9403972029685974,322,0.0032068470027297735,0.9371903559658676,519|322|317|430|461,0.94039720|0.00320685|0.00173879|0.00157244|0.00106883,1,0.9403972029685974,True,519,0.9403972029685974,True,519,0.8117327690124512,True,519,0.8426928520202637,True,519,0.7862889170646667,True,c12_correct
520,521,521_5.bmp,preprocessed_results\521\521_5.bmp,520,520,520,0.9110966324806213,521,0.01660882867872715,0.8944878038018942,520|521|420|310|437,0.91109663|0.01660883|0.00153690|0.00152517|0.00113721,1,0.9110966324806213,True,520,0.9110966324806213,True,520,0.8655318021774292,True,520,0.8458176255226135,True,520,0.8818084001541138,True,c12_correct
521,522,522_8.bmp,preprocessed_results\522\522_8.bmp,521,521,521,0.941124439239502,520,0.006808801554143429,0.9343156376853585,521|520|436|222|310,0.94112444|0.00680880|0.00528206|0.00148450|0.00087914,1,0.941124439239502,True,521,0.941124439239502,True,521,0.8288049101829529,True,521,0.814247190952301,True,521,0.8515796661376953,True,c12_correct
522,523,523_9.bmp,preprocessed_results\523\523_9.bmp,522,522,522,0.973460853099823,325,0.00124655500985682,0.9722142980899662,522|325|407|523|138,0.97346085|0.00124656|0.00116186|0.00077570|0.00073635,1,0.973460853099823,True,522,0.973460853099823,True,522,0.8966403007507324,True,522,0.8360264897346497,True,522,0.8502647876739502,True,c12_correct
523,524,524_5.bmp,preprocessed_results\524\524_5.bmp,523,523,523,0.955163836479187,522,0.0025347075425088406,0.9526291289366782,523|522|138|453|11,0.95516384|0.00253471|0.00169204|0.00088368|0.00078315,1,0.955163836479187,True,523,0.955163836479187,True,523,0.8649977445602417,True,523,0.8427602648735046,True,523,0.8132157921791077,True,c12_correct
524,525,525_6.bmp,preprocessed_results\525\525_6.bmp,524,524,524,0.9315416216850281,563,0.004047510679811239,0.9274941110052168,524|563|240|525|513,0.93154162|0.00404751|0.00193386|0.00158265|0.00112691,1,0.9315416216850281,True,524,0.9315416216850281,True,524,0.8779066801071167,True,524,0.8492957353591919,True,524,0.8300513625144958,True,c12_correct
525,526,526_7.bmp,preprocessed_results\526\526_7.bmp,525,525,525,0.9124889969825745,524,0.0077836946584284306,0.904705302324146,525|524|324|563|67,0.91248900|0.00778369|0.00284136|0.00275058|0.00164979,1,0.9124889969825745,True,525,0.9124889969825745,True,525,0.8663102984428406,True,525,0.8488562703132629,True,525,0.8479049205780029,True,c12_correct
526,527,527_3.bmp,preprocessed_results\527\527_3.bmp,526,526,526,0.9138003587722778,413,0.004714813083410263,0.9090855456888676,526|413|527|530|379,0.91380036|0.00471481|0.00214527|0.00190632|0.00186776,1,0.9138003587722778,True,526,0.9138003587722778,True,526,0.78758704662323,True,526,0.8476907014846802,True,526,0.8150076270103455,True,c12_correct
527,528,528_8.bmp,preprocessed_results\528\528_8.bmp,527,527,527,0.9048128724098206,526,0.00459786131978035,0.9002150110900402,527|526|493|492|448,0.90481287|0.00459786|0.00218482|0.00211749|0.00194259,1,0.9048128724098206,True,527,0.9048128724098206,True,527,0.8568797707557678,True,527,0.8370013236999512,True,527,0.8195081353187561,True,c12_correct
528,529,529_10.bmp,preprocessed_results\529\529_10.bmp,528,528,528,0.7028850317001343,510,0.011647103354334831,0.6912379283457994,528|510|322|481|398,0.70288503|0.01164710|0.01106929|0.00979548|0.00557513,1,0.7028850317001343,True,528,0.7028850317001343,True,528,0.7740767002105713,True,528,0.8174744248390198,True,528,0.6879824995994568,True,c12_correct
529,530,530_5.bmp,preprocessed_results\530\530_5.bmp,529,529,529,0.9155716300010681,7,0.0032788298558443785,0.9122928001452237,529|7|528|119|369,0.91557163|0.00327883|0.00313818|0.00257242|0.00189602,1,0.9155716300010681,True,529,0.9155716300010681,True,529,0.8812710046768188,True,529,0.839743435382843,True,529,0.8540804982185364,True,c12_correct
530,531,531_7.bmp,preprocessed_results\531\531_7.bmp,530,530,530,0.9224498867988586,211,0.0031708923634141684,0.9192789944354445,530|211|526|532|531,0.92244989|0.00317089|0.00156998|0.00152783|0.00144824,1,0.9224498867988586,True,530,0.9224498867988586,True,530,0.7831916213035583,True,530,0.8326126337051392,True,530,0.8483911752700806,True,c12_correct
531,532,532_8.bmp,preprocessed_results\532\532_8.bmp,531,531,531,0.8828557729721069,530,0.027028270065784454,0.8558275029063225,531|530|282|273|274,0.88285577|0.02702827|0.00315855|0.00280959|0.00229331,1,0.8828557729721069,True,531,0.8828557729721069,True,531,0.6934899091720581,True,531,0.84482741355896,True,531,0.7451040148735046,True,c12_correct
532,533,533_3.bmp,preprocessed_results\533\533_3.bmp,532,532,532,0.9270258545875549,530,0.0044943662360310555,0.9225314883515239,532|530|436|346|479,0.92702585|0.00449437|0.00397022|0.00297500|0.00179731,1,0.9270258545875549,True,532,0.9270258545875549,True,532,0.9072022438049316,True,532,0.7976082563400269,True,532,0.8073616027832031,True,c12_correct
533,534,534_9.bmp,preprocessed_results\534\534_9.bmp,533,533,533,0.9389609694480896,547,0.003641097340732813,0.9353198721073568,533|547|141|539|474,0.93896097|0.00364110|0.00264088|0.00152978|0.00146142,1,0.9389609694480896,True,533,0.9389609694480896,True,533,0.9275917410850525,True,533,0.8342698812484741,True,533,0.8599106669425964,True,c12_correct
534,535,535_2.bmp,preprocessed_results\535\535_2.bmp,534,534,534,0.5849570631980896,238,0.016224456951022148,0.5687326062470675,534|238|332|6|139,0.58495706|0.01622446|0.01360231|0.01352117|0.01044165,1,0.5849570631980896,True,534,0.5849570631980896,True,534,0.3317716717720032,True,534,0.7262925505638123,True,534,0.29744553565979004,True,c12_correct
535,536,536_8.bmp,preprocessed_results\536\536_8.bmp,535,535,535,0.8878830671310425,332,0.003730811644345522,0.884152255486697,535|332|422|555|448,0.88788307|0.00373081|0.00356663|0.00326628|0.00208634,1,0.8878830671310425,True,535,0.8878830671310425,True,535,0.8084248304367065,True,535,0.8425214886665344,True,535,0.7911618947982788,True,c12_correct
536,537,537_9.bmp,preprocessed_results\537\537_9.bmp,536,536,536,0.9500613808631897,540,0.0024918210692703724,0.9475695597939193,536|540|537|356|550,0.95006138|0.00249182|0.00206892|0.00118245|0.00091694,1,0.9500613808631897,True,536,0.9500613808631897,True,536,0.7912564277648926,True,536,0.8333178758621216,True,536,0.8338385820388794,True,c12_correct
537,538,538_9.bmp,preprocessed_results\538\538_9.bmp,537,537,537,0.9537191987037659,615,0.002079351805150509,0.9516398468986154,537|615|355|536|432,0.95371920|0.00207935|0.00191814|0.00187461|0.00107504,1,0.9537191987037659,True,537,0.9537191987037659,True,537,0.8843194246292114,True,537,0.8462104201316833,True,537,0.8593040704727173,True,c12_correct
538,539,539_3.bmp,preprocessed_results\539\539_3.bmp,538,538,538,0.8600850105285645,479,0.0081241549924016,0.8519608555361629,538|479|455|469|562,0.86008501|0.00812415|0.00555129|0.00416937|0.00351731,1,0.8600850105285645,True,538,0.8600850105285645,True,538,0.5942493677139282,True,538,0.8424755930900574,True,538,0.6969955563545227,True,c12_correct
539,540,540_2.bmp,preprocessed_results\540\540_2.bmp,539,539,539,0.93393874168396,533,0.003534464631229639,0.9304042770527303,539|533|665|273|144,0.93393874|0.00353446|0.00272315|0.00168751|0.00149902,1,0.93393874168396,True,539,0.93393874168396,True,539,0.7741122245788574,True,539,0.8419188857078552,True,539,0.8500657081604004,True,c12_correct
540,541,541_10.bmp,preprocessed_results\541\541_10.bmp,540,540,540,0.9329169392585754,541,0.00887331087142229,0.9240436283871531,540|541|550|475|532,0.93291694|0.00887331|0.00371674|0.00349780|0.00283261,1,0.9329169392585754,True,540,0.9329169392585754,True,540,0.9362656474113464,True,540,0.8091968297958374,True,540,0.8896350264549255,True,c12_correct
541,542,542_5.bmp,preprocessed_results\542\542_5.bmp,541,541,541,0.9126349091529846,559,0.005604525562375784,0.9070303835906088,541|559|540|27|531,0.91263491|0.00560453|0.00428147|0.00319829|0.00252344,1,0.9126349091529846,True,541,0.9126349091529846,True,541,0.8399538397789001,True,541,0.8411489129066467,True,541,0.8643888235092163,True,c12_correct
542,543,543_6.bmp,preprocessed_results\543\543_6.bmp,542,542,542,0.9350389242172241,543,0.003397227032110095,0.931641697185114,542|543|550|405|500,0.93503892|0.00339723|0.00230430|0.00170611|0.00117829,1,0.9350389242172241,True,542,0.9350389242172241,True,542,0.8808819651603699,True,542,0.8367440700531006,True,542,0.8033409118652344,True,c12_correct
543,544,544_4.bmp,preprocessed_results\544\544_4.bmp,543,543,543,0.7714298963546753,542,0.036157552152872086,0.7352723442018032,543|542|512|356|544,0.77142990|0.03615755|0.01558573|0.00740924|0.00502099,1,0.7714298963546753,True,543,0.7714298963546753,True,543,0.16607996821403503,True,543,0.42461761832237244,True,543,0.5148686766624451,True,c12_correct
544,545,545_6.bmp,preprocessed_results\545\545_6.bmp,544,544,544,0.9174740314483643,12,0.0069248490035533905,0.9105491824448109,544|12|413|455|562,0.91747403|0.00692485|0.00188656|0.00142587|0.00108042,1,0.9174740314483643,True,544,0.9174740314483643,True,544,0.8962070345878601,True,544,0.8263787627220154,True,544,0.8093364238739014,True,c12_correct
545,546,546_4.bmp,preprocessed_results\546\546_4.bmp,545,545,545,0.9317829608917236,96,0.004617816302925348,0.9271651445887983,545|96|344|322|380,0.93178296|0.00461782|0.00207674|0.00187124|0.00179567,1,0.9317829608917236,True,545,0.9317829608917236,True,545,0.8967752456665039,True,545,0.8560627102851868,True,545,0.84101802110672,True,c12_correct
546,547,547_3.bmp,preprocessed_results\547\547_3.bmp,546,546,546,0.8534537553787231,547,0.006430010311305523,0.8470237450674176,546|547|353|377|156,0.85345376|0.00643001|0.00509380|0.00391179|0.00246166,1,0.8534537553787231,True,546,0.8534537553787231,True,546,0.7849562764167786,True,546,0.8555740118026733,True,546,0.6904088258743286,True,c12_correct
547,548,548_9.bmp,preprocessed_results\548\548_9.bmp,547,547,547,0.9332567453384399,546,0.01529101561754942,0.9179657297208905,547|546|446|80|409,0.93325675|0.01529102|0.00152396|0.00143232|0.00140832,1,0.9332567453384399,True,547,0.9332567453384399,True,547,0.6334936022758484,True,547,0.8497468829154968,True,547,0.7485069036483765,True,c12_correct
548,549,549_10.bmp,preprocessed_results\549\549_10.bmp,548,548,548,0.9405096769332886,801,0.004275726620107889,0.9362339503131807,548|801|437|449|246,0.94050968|0.00427573|0.00184545|0.00174708|0.00173557,1,0.9405096769332886,True,548,0.9405096769332886,True,548,0.874372124671936,True,548,0.8416139483451843,True,548,0.8429470062255859,True,c12_correct
549,550,550_1.bmp,preprocessed_results\550\550_1.bmp,549,549,549,0.7747523784637451,548,0.022058792412281036,0.7526935860514641,549|548|178|555|562,0.77475238|0.02205879|0.01213218|0.00726293|0.00623438,1,0.7747523784637451,True,549,0.7747523784637451,True,549,0.5067136287689209,True,549,0.7926397323608398,True,549,0.6053488850593567,True,c12_correct
550,551,551_3.bmp,preprocessed_results\551\551_3.bmp,550,550,550,0.9473838210105896,551,0.009866991080343723,0.9375168299302459,550|551|540|471|536,0.94738382|0.00986699|0.00422937|0.00205681|0.00185507,1,0.9473838210105896,True,550,0.9473838210105896,True,550,0.7952713370323181,True,550,0.8383545875549316,True,550,0.7009209990501404,True,c12_correct
551,552,552_9.bmp,preprocessed_results\552\552_9.bmp,551,551,551,0.9054966568946838,550,0.004396826960146427,0.9010998299345374,551|550|554|540|144,0.90549666|0.00439683|0.00174245|0.00165575|0.00164574,1,0.9054966568946838,True,551,0.9054966568946838,True,551,0.8618177175521851,True,551,0.8283205628395081,True,551,0.8357982635498047,True,c12_correct
552,553,553_3.bmp,preprocessed_results\553\553_3.bmp,552,552,552,0.8447601795196533,532,0.00906389020383358,0.8356962893158197,552|532|117|553|559,0.84476018|0.00906389|0.00705909|0.00578703|0.00372702,1,0.8447601795196533,True,552,0.8447601795196533,True,552,0.8545439839363098,True,552,0.8149360418319702,True,552,0.7994791269302368,True,c12_correct
553,554,554_2.bmp,preprocessed_results\554\554_2.bmp,553,553,553,0.7374227046966553,552,0.021508680656552315,0.715914024040103,553|552|164|584|221,0.73742270|0.02150868|0.01329479|0.00966504|0.00578370,1,0.7374227046966553,True,553,0.7374227046966553,True,553,0.8480286002159119,True,553,0.8277097344398499,True,553,0.7632375359535217,True,c12_correct
554,555,555_8.bmp,preprocessed_results\555\555_8.bmp,554,554,554,0.8996509313583374,555,0.007252960000187159,0.8923979713581502,554|555|347|600|359,0.89965093|0.00725296|0.00502952|0.00296185|0.00279630,1,0.8996509313583374,True,554,0.8996509313583374,True,554,0.8374891877174377,True,554,0.8094587326049805,True,554,0.798941969871521,True,c12_correct
555,556,556_3.bmp,preprocessed_results\556\556_3.bmp,555,555,555,0.9728288650512695,554,0.0037928191013634205,0.9690360459499061,555|554|504|30|800,0.97282887|0.00379282|0.00196608|0.00065442|0.00063869,1,0.9728288650512695,True,555,0.9728288650512695,True,555,0.9200707674026489,True,555,0.842933177947998,True,555,0.8176687359809875,True,c12_correct
556,557,557_8.bmp,preprocessed_results\557\557_8.bmp,556,556,556,0.9399556517601013,454,0.0031366350594908,0.9368190167006105,556|454|557|359|258,0.93995565|0.00313664|0.00240624|0.00114824|0.00112144,1,0.9399556517601013,True,556,0.9399556517601013,True,556,0.8734621405601501,True,556,0.8128315806388855,True,556,0.8671649098396301,True,c12_correct
557,558,558_8.bmp,preprocessed_results\558\558_8.bmp,557,557,557,0.9322485327720642,556,0.003898301860317588,0.9283502309117466,557|556|356|559|512,0.93224853|0.00389830|0.00164545|0.00153355|0.00126573,1,0.9322485327720642,True,557,0.9322485327720642,True,557,0.8359882831573486,True,557,0.8468859195709229,True,557,0.8355513215065002,True,c12_correct
558,559,559_7.bmp,preprocessed_results\559\559_7.bmp,558,558,558,0.9647856950759888,530,0.0020742006599903107,0.9627114944159985,558|530|514|534|435,0.96478570|0.00207420|0.00194686|0.00096215|0.00095725,1,0.9647856950759888,True,558,0.9647856950759888,True,558,0.8294911980628967,True,558,0.8262139558792114,True,558,0.8168430924415588,True,c12_correct
559,560,560_3.bmp,preprocessed_results\560\560_3.bmp,559,559,559,0.8947477340698242,479,0.012567806988954544,0.8821799270808697,559|479|557|475|541,0.89474773|0.01256781|0.00707699|0.00500346|0.00381055,1,0.8947477340698242,True,559,0.8947477340698242,True,559,0.8080613613128662,True,559,0.8404749035835266,True,559,0.7618443369865417,True,c12_correct
560,561,561_3.bmp,preprocessed_results\561\561_3.bmp,560,560,560,0.9569164514541626,577,0.0013450306141749024,0.9555714208399877,560|577|677|138|559,0.95691645|0.00134503|0.00134002|0.00129732|0.00122088,1,0.9569164514541626,True,560,0.9569164514541626,True,560,0.844511866569519,True,560,0.8274595737457275,True,560,0.8677397966384888,True,c12_correct
561,562,562_7.bmp,preprocessed_results\562\562_7.bmp,561,561,561,0.9494777321815491,590,0.0017390729626640677,0.947738659218885,561|590|247|560|648,0.94947773|0.00173907|0.00159572|0.00146871|0.00144393,1,0.9494777321815491,True,561,0.9494777321815491,True,561,0.8221206665039062,True,561,0.8221179842948914,True,561,0.8431116938591003,True,c12_correct
562,563,563_7.bmp,preprocessed_results\563\563_7.bmp,562,562,562,0.9367165565490723,563,0.004078775644302368,0.9326377809047699,562|563|549|485|561,0.93671656|0.00407878|0.00187293|0.00167248|0.00129782,1,0.9367165565490723,True,562,0.9367165565490723,True,562,0.8896483182907104,True,562,0.8021352887153625,True,562,0.8164016604423523,True,c12_correct
563,564,564_3.bmp,preprocessed_results\564\564_3.bmp,563,563,563,0.9007998704910278,562,0.004880642984062433,0.8959192275069654,563|562|513|524|485,0.90079987|0.00488064|0.00482998|0.00194366|0.00180085,1,0.9007998704910278,True,563,0.9007998704910278,True,563,0.8333712816238403,True,563,0.8184922337532043,True,563,0.8542077541351318,True,c12_correct
564,565,565_9.bmp,preprocessed_results\565\565_9.bmp,564,564,564,0.9148571491241455,565,0.006209860555827618,0.9086472885683179,564|565|286|677|115,0.91485715|0.00620986|0.00391574|0.00194657|0.00150098,1,0.9148571491241455,True,564,0.9148571491241455,True,564,0.7058294415473938,True,564,0.8118752837181091,True,564,0.8225021362304688,True,c12_correct
565,566,566_7.bmp,preprocessed_results\566\566_7.bmp,565,565,565,0.926581084728241,564,0.0019186253193765879,0.9246624594088644,565|564|116|304|135,0.92658108|0.00191863|0.00172569|0.00135768|0.00111142,1,0.926581084728241,True,565,0.926581084728241,True,565,0.82013338804245,True,565,0.8045112490653992,True,565,0.7207930684089661,True,c12_correct
566,567,567_7.bmp,preprocessed_results\567\567_7.bmp,566,566,566,0.864673376083374,175,0.02235962077975273,0.8423137553036213,566|175|574|774|249,0.86467338|0.02235962|0.00414218|0.00406163|0.00341231,1,0.864673376083374,True,566,0.864673376083374,True,566,0.7641646265983582,True,566,0.810370147228241,True,566,0.7816810011863708,True,c12_correct
567,568,568_8.bmp,preprocessed_results\568\568_8.bmp,567,567,567,0.8478667736053467,566,0.0156184621155262,0.8322483114898205,567|566|662|141|434,0.84786677|0.01561846|0.01108365|0.00535067|0.00528574,1,0.8478667736053467,True,567,0.8478667736053467,True,567,0.891059160232544,True,567,0.8459230065345764,True,567,0.8694577813148499,True,c12_correct
568,569,569_5.bmp,preprocessed_results\569\569_5.bmp,568,568,568,0.718866765499115,186,0.02385428547859192,0.6950124800205231,568|186|772|646|624,0.71886677|0.02385429|0.01137002|0.00810888|0.00690385,1,0.718866765499115,True,568,0.718866765499115,True,568,0.3284417688846588,True,568,0.8109583258628845,True,568,0.6579229235649109,True,c12_correct
569,570,570_9.bmp,preprocessed_results\570\570_9.bmp,569,569,569,0.9167490601539612,763,0.003344588680192828,0.9134044714737684,569|763|762|678|641,0.91674906|0.00334459|0.00284754|0.00168744|0.00129157,1,0.9167490601539612,True,569,0.9167490601539612,True,569,0.8762131333351135,True,569,0.8326850533485413,True,569,0.8026889562606812,True,c12_correct
570,571,571_5.bmp,preprocessed_results\571\571_5.bmp,570,570,570,0.8335724472999573,682,0.014451945200562477,0.8191205020993948,570|682|822|571|824,0.83357245|0.01445195|0.01287764|0.00879352|0.00420908,1,0.8335724472999573,True,570,0.8335724472999573,True,570,0.8145580291748047,True,570,0.8402755856513977,True,570,0.829820990562439,True,c12_correct
571,572,572_10.bmp,preprocessed_results\572\572_10.bmp,571,571,571,0.8293048739433289,570,0.00627505499869585,0.823029818944633,571|570|682|651|683,0.82930487|0.00627505|0.00536599|0.00470703|0.00362193,1,0.8293048739433289,True,571,0.8293048739433289,True,571,0.7043437361717224,True,571,0.8432472944259644,True,571,0.6774974465370178,True,c12_correct
572,573,573_7.bmp,preprocessed_results\573\573_7.bmp,572,572,572,0.9358648657798767,780,0.0031493622809648514,0.9327155034989119,572|780|700|734|596,0.93586487|0.00314936|0.00274632|0.00178973|0.00150076,1,0.9358648657798767,True,572,0.9358648657798767,True,572,0.9032832384109497,True,572,0.8480008840560913,True,572,0.8271405696868896,True,c12_correct
573,574,574_4.bmp,preprocessed_results\574\574_4.bmp,573,573,573,0.9213301539421082,761,0.002167880069464445,0.9191622738726437,573|761|656|569|784,0.92133015|0.00216788|0.00213379|0.00171586|0.00134498,1,0.9213301539421082,True,573,0.9213301539421082,True,573,0.8737680912017822,True,573,0.8598915338516235,True,573,0.8191491961479187,True,c12_correct
574,575,575_7.bmp,preprocessed_results\575\575_7.bmp,574,574,574,0.5735172033309937,600,0.019413908943533897,0.5541032943874598,574|600|705|740|704,0.57351720|0.01941391|0.01322116|0.00801548|0.00760793,1,0.5735172033309937,True,574,0.5735172033309937,True,574,0.6000933647155762,True,574,0.8483745455741882,True,574,0.6838150024414062,True,c12_correct
575,576,576_5.bmp,preprocessed_results\576\576_5.bmp,575,575,575,0.5631676316261292,165,0.05593397840857506,0.5072336532175541,575|165|326|712|659,0.56316763|0.05593398|0.02222222|0.01842320|0.00741411,1,0.5631676316261292,True,575,0.5631676316261292,True,575,0.4106456935405731,True,575,0.7709347009658813,True,575,0.3296733498573303,True,c12_correct
576,577,577_4.bmp,preprocessed_results\577\577_4.bmp,576,576,576,0.7829355597496033,577,0.06786364316940308,0.7150719165802002,576|577|273|272|664,0.78293556|0.06786364|0.02296696|0.00617006|0.00562007,1,0.7829355597496033,True,576,0.7829355597496033,True,576,0.7005963325500488,True,576,0.8066973090171814,True,576,0.652164876461029,True,c12_correct
577,578,578_9.bmp,preprocessed_results\578\578_9.bmp,577,577,577,0.7607658505439758,576,0.05947412922978401,0.7012917213141918,577|576|649|635|743,0.76076585|0.05947413|0.02347001|0.01886604|0.00811971,1,0.7607658505439758,True,577,0.7607658505439758,True,577,0.486961305141449,True,577,0.8196503520011902,True,577,0.7975424528121948,True,c12_correct
578,579,579_10.bmp,preprocessed_results\579\579_10.bmp,578,578,578,0.9578244090080261,272,0.0011965921148657799,0.9566278168931603,578|272|579|275|274,0.95782441|0.00119659|0.00110211|0.00103733|0.00097708,1,0.9578244090080261,True,578,0.9578244090080261,True,578,0.8128853440284729,True,578,0.8431575894355774,True,578,0.8384861350059509,True,c12_correct
579,580,580_4.bmp,preprocessed_results\580\580_4.bmp,579,579,579,0.7340795397758484,143,0.025321142747998238,0.7087583970278502,579|143|793|225|564,0.73407954|0.02532114|0.01289413|0.00861682|0.00812621,1,0.7340795397758484,True,579,0.7340795397758484,True,579,0.6658768057823181,True,579,0.7939478754997253,True,579,0.7486945986747742,True,c12_correct
580,581,581_2.bmp,preprocessed_results\581\581_2.bmp,580,580,580,0.947910487651825,730,0.002290240256115794,0.9456202473957092,580|730|581|704|335,0.94791049|0.00229024|0.00129524|0.00124894|0.00100434,1,0.947910487651825,True,580,0.947910487651825,True,580,0.9284958243370056,True,580,0.8277145624160767,True,580,0.8693168759346008,True,c12_correct
581,582,582_6.bmp,preprocessed_results\582\582_6.bmp,581,581,581,0.9128503203392029,580,0.004527134355157614,0.9083231859840453,581|580|670|829|777,0.91285032|0.00452713|0.00337962|0.00317061|0.00260541,1,0.9128503203392029,True,581,0.9128503203392029,True,581,0.8728988766670227,True,581,0.8266555070877075,True,581,0.8007642030715942,True,c12_correct
582,583,583_8.bmp,preprocessed_results\583\583_8.bmp,582,582,582,0.8587980270385742,615,0.009235017001628876,0.8495630100369453,582|615|640|143|583,0.85879803|0.00923502|0.00917860|0.00603667|0.00598155,1,0.8587980270385742,True,582,0.8587980270385742,True,582,0.7595785856246948,True,582,0.8471682071685791,True,582,0.6714209318161011,True,c12_correct
583,584,584_4.bmp,preprocessed_results\584\584_4.bmp,583,583,583,0.8016730546951294,582,0.02361149527132511,0.7780615594238043,583|582|717|597|640,0.80167305|0.02361150|0.00614592|0.00425602|0.00400670,1,0.8016730546951294,True,583,0.8016730546951294,True,583,0.6009465456008911,True,583,0.8454543352127075,True,583,0.7781446576118469,True,c12_correct
584,585,585_1.bmp,preprocessed_results\585\585_1.bmp,584,584,584,0.8362225890159607,832,0.01581362634897232,0.8204089626669884,584|832|706|438|606,0.83622259|0.01581363|0.00382039|0.00369210|0.00367878,1,0.8362225890159607,True,584,0.8362225890159607,True,584,0.7324533462524414,True,584,0.8085829019546509,True,584,0.7725411653518677,True,c12_correct
585,586,586_8.bmp,preprocessed_results\586\586_8.bmp,585,585,585,0.8747406601905823,730,0.005263902712613344,0.8694767574779689,585|730|679|584|595,0.87474066|0.00526390|0.00464105|0.00445842|0.00228684,1,0.8747406601905823,True,585,0.8747406601905823,True,585,0.8758999705314636,True,585,0.8405324220657349,True,585,0.853384792804718,True,c12_correct
586,587,587_8.bmp,preprocessed_results\587\587_8.bmp,586,586,586,0.8864123821258545,587,0.012124651111662388,0.8742877310141921,586|587|693|594|761,0.88641238|0.01212465|0.00499527|0.00315008|0.00261220,1,0.8864123821258545,True,586,0.8864123821258545,True,586,0.7731673717498779,True,586,0.834930419921875,True,586,0.8065755367279053,True,c12_correct
587,588,588_4.bmp,preprocessed_results\588\588_4.bmp,587,587,587,0.9471274018287659,721,0.0031002245377749205,0.944027177290991,587|721|576|744|691,0.94712740|0.00310022|0.00225255|0.00143171|0.00116866,1,0.9471274018287659,True,587,0.9471274018287659,True,587,0.8325669169425964,True,587,0.8259183168411255,True,587,0.8950766324996948,True,c12_correct
588,589,589_5.bmp,preprocessed_results\589\589_5.bmp,588,588,588,0.865466296672821,788,0.003255146322771907,0.8622111503500491,588|788|575|730|806,0.86546630|0.00325515|0.00193418|0.00190167|0.00172311,1,0.865466296672821,True,588,0.865466296672821,True,588,0.838396430015564,True,588,0.8360456824302673,True,588,0.7844556570053101,True,c12_correct
589,590,590_6.bmp,preprocessed_results\590\590_6.bmp,589,589,589,0.951035737991333,763,0.0025393585674464703,0.9484963794238865,589|763|713|588|715,0.95103574|0.00253936|0.00204398|0.00125011|0.00121665,1,0.951035737991333,True,589,0.951035737991333,True,589,0.8990544080734253,True,589,0.8296301960945129,True,589,0.8656368255615234,True,c12_correct
590,591,591_8.bmp,preprocessed_results\591\591_8.bmp,590,590,590,0.9200031161308289,644,0.007893879897892475,0.9121092362329364,590|644|591|691|561,0.92000312|0.00789388|0.00720750|0.00499583|0.00370888,1,0.9200031161308289,True,590,0.9200031161308289,True,590,0.8320532441139221,True,590,0.8213177919387817,True,590,0.8012827038764954,True,c12_correct
591,592,592_10.bmp,preprocessed_results\592\592_10.bmp,591,591,591,0.95963454246521,590,0.006011395715177059,0.9536231467500329,591|590|684|792|124,0.95963454|0.00601140|0.00115323|0.00113841|0.00107470,1,0.95963454246521,True,591,0.95963454246521,True,591,0.8048316240310669,True,591,0.8026928901672363,True,591,0.7980667948722839,True,c12_correct
592,593,593_6.bmp,preprocessed_results\593\593_6.bmp,592,592,592,0.5948284864425659,823,0.01998787559568882,0.5748406108468771,592|823|706|593|787,0.59482849|0.01998788|0.01130122|0.01098137|0.00552890,1,0.5948284864425659,True,592,0.5948284864425659,True,592,0.6329646110534668,True,592,0.8152289390563965,True,592,0.5561684370040894,True,c12_correct
593,594,594_9.bmp,preprocessed_results\594\594_9.bmp,593,593,593,0.8810646533966064,592,0.00601095799356699,0.8750536954030395,593|592|674|638|786,0.88106465|0.00601096|0.00293697|0.00267284|0.00236648,1,0.8810646533966064,True,593,0.8810646533966064,True,593,0.8596174716949463,True,593,0.8215174078941345,True,593,0.8312087655067444,True,c12_correct
594,595,595_2.bmp,preprocessed_results\595\595_2.bmp,594,594,768,0.23885078728199005,594,0.046525102108716965,0.1923256851732731,768|594|807|297|740,0.23885079|0.04652510|0.03509719|0.03040803|0.01918023,2,0.046525102108716965,True,768,0.23885078728199005,False,594,0.1351948380470276,True,594,0.5024271607398987,True,594,0.041368599981069565,True,teacher_all_correct;true_in_top5
595,596,596_1.bmp,preprocessed_results\596\596_1.bmp,595,595,595,0.9428164958953857,594,0.005366537254303694,0.937449958641082,595|594|623|726|762,0.94281650|0.00536654|0.00226957|0.00180224|0.00160543,1,0.9428164958953857,True,595,0.9428164958953857,True,595,0.8340688943862915,True,595,0.811821460723877,True,595,0.7921245098114014,True,c12_correct
596,597,597_4.bmp,preprocessed_results\597\597_4.bmp,596,596,596,0.810128927230835,612,0.027026619762182236,0.7831023074686527,596|612|613|799|607,0.81012893|0.02702662|0.00534976|0.00504386|0.00499963,1,0.810128927230835,True,596,0.810128927230835,True,596,0.8494617342948914,True,596,0.8299543261528015,True,596,0.8173383474349976,True,c12_correct
597,598,598_1.bmp,preprocessed_results\598\598_1.bmp,597,597,597,0.5947585701942444,585,0.020242121070623398,0.574516449123621,597|585|791|792|829,0.59475857|0.02024212|0.01704386|0.01656454|0.01564018,1,0.5947585701942444,True,597,0.5947585701942444,True,597,0.8094093799591064,True,597,0.8379803895950317,True,597,0.6959353089332581,True,c12_correct
598,599,599_6.bmp,preprocessed_results\599\599_6.bmp,598,598,598,0.8748739361763,599,0.021352944895625114,0.8535209912806749,598|599|634|743|504,0.87487394|0.02135294|0.00445648|0.00422120|0.00326661,1,0.8748739361763,True,598,0.8748739361763,True,598,0.7206870317459106,True,598,0.8373162150382996,True,598,0.6950010061264038,True,c12_correct
599,600,600_1.bmp,preprocessed_results\600\600_1.bmp,599,599,599,0.539516031742096,598,0.08130111545324326,0.4582149162888527,599|598|635|577|102,0.53951603|0.08130112|0.02569172|0.00801811|0.00690918,1,0.539516031742096,True,599,0.539516031742096,True,599,0.5601286888122559,True,599,0.8072377443313599,True,599,0.714825451374054,True,c12_correct
600,601,601_4.bmp,preprocessed_results\601\601_4.bmp,600,600,600,0.8919936418533325,653,0.0076064420863986015,0.8843871997669339,600|653|641|675|652,0.89199364|0.00760644|0.00598910|0.00344850|0.00259841,1,0.8919936418533325,True,600,0.8919936418533325,True,600,0.702908456325531,True,600,0.8082936406135559,True,600,0.7221542596817017,True,c12_correct
601,602,602_4.bmp,preprocessed_results\602\602_4.bmp,601,601,601,0.9359248280525208,814,0.003093527629971504,0.9328313004225492,601|814|600|789|641,0.93592483|0.00309353|0.00229507|0.00193743|0.00185606,1,0.9359248280525208,True,601,0.9359248280525208,True,601,0.8022288084030151,True,601,0.8422353267669678,True,601,0.8066268563270569,True,c12_correct
602,603,603_5.bmp,preprocessed_results\603\603_5.bmp,602,602,602,0.5921443700790405,603,0.023056602105498314,0.5690877679735422,602|603|238|585|622,0.59214437|0.02305660|0.01309412|0.00923539|0.00531659,1,0.5921443700790405,True,602,0.5921443700790405,True,602,0.637692928314209,True,602,0.8323687314987183,True,602,0.6936464309692383,True,c12_correct
603,604,604_1.bmp,preprocessed_results\604\604_1.bmp,603,603,603,0.8020992875099182,378,0.004355401732027531,0.7977438857778907,603|378|288|674|314,0.80209929|0.00435540|0.00358553|0.00355992|0.00315372,1,0.8020992875099182,True,603,0.8020992875099182,True,603,0.8316977024078369,True,603,0.8260597586631775,True,603,0.7750232815742493,True,c12_correct
604,605,605_2.bmp,preprocessed_results\605\605_2.bmp,604,604,604,0.8654518127441406,605,0.02503412775695324,0.8404176849871874,604|605|644|726|678,0.86545181|0.02503413|0.00655772|0.00299876|0.00290949,1,0.8654518127441406,True,604,0.8654518127441406,True,604,0.898590087890625,True,604,0.8196991086006165,True,604,0.8681185841560364,True,c12_correct
605,606,606_2.bmp,preprocessed_results\606\606_2.bmp,605,605,605,0.7643917798995972,604,0.016221487894654274,0.7481702920049429,605|604|451|246|103,0.76439178|0.01622149|0.00615588|0.00503026|0.00432182,1,0.7643917798995972,True,605,0.7643917798995972,True,605,0.5807172656059265,True,605,0.840211033821106,True,605,0.7095798850059509,True,c12_correct
606,607,607_7.bmp,preprocessed_results\607\607_7.bmp,606,606,606,0.8940272927284241,832,0.0084492526948452,0.8855780400335789,606|832|279|584|678,0.89402729|0.00844925|0.00529854|0.00449566|0.00442149,1,0.8940272927284241,True,606,0.8940272927284241,True,606,0.808849573135376,True,606,0.8225315809249878,True,606,0.7336457371711731,True,c12_correct
607,608,608_7.bmp,preprocessed_results\608\608_7.bmp,607,607,607,0.9289692640304565,792,0.0026535475626587868,0.9263157164677978,607|792|647|706|142,0.92896926|0.00265355|0.00243498|0.00179798|0.00158193,1,0.9289692640304565,True,607,0.9289692640304565,True,607,0.8555631041526794,True,607,0.7839940786361694,True,607,0.8409034609794617,True,c12_correct
608,609,609_8.bmp,preprocessed_results\609\609_8.bmp,608,608,608,0.8702427744865417,609,0.04641356319189072,0.823829211294651,608|609|813|802|138,0.87024277|0.04641356|0.00724911|0.00287801|0.00198349,1,0.8702427744865417,True,608,0.8702427744865417,True,608,0.9104138612747192,True,608,0.8216097354888916,True,608,0.8106690645217896,True,c12_correct
609,610,610_7.bmp,preprocessed_results\610\610_7.bmp,609,609,609,0.8250471353530884,608,0.037631742656230927,0.7874153926968575,609|608|813|734|594,0.82504714|0.03763174|0.00877285|0.00423806|0.00349846,1,0.8250471353530884,True,609,0.8250471353530884,True,609,0.4277072548866272,True,609,0.827454686164856,True,609,0.8200046420097351,True,c12_correct
610,611,611_2.bmp,preprocessed_results\611\611_2.bmp,610,610,610,0.4066806435585022,646,0.013034183531999588,0.3936464600265026,610|646|295|690|742,0.40668064|0.01303418|0.01080603|0.01025088|0.01019505,1,0.4066806435585022,True,610,0.4066806435585022,True,610,0.3709578514099121,True,610,0.7673488855361938,True,610,0.4211404025554657,True,c12_correct
611,612,612_8.bmp,preprocessed_results\612\612_8.bmp,611,611,611,0.932641327381134,610,0.00693430844694376,0.9257070189341903,611|610|601|681|680,0.93264133|0.00693431|0.00306981|0.00146563|0.00124764,1,0.932641327381134,True,611,0.932641327381134,True,611,0.8876060843467712,True,611,0.8179609179496765,True,611,0.8912956118583679,True,c12_correct
612,613,613_5.bmp,preprocessed_results\613\613_5.bmp,612,612,612,0.7608026266098022,755,0.017166079953312874,0.7436365466564894,612|755|303|656|726,0.76080263|0.01716608|0.01643823|0.00949595|0.00443350,1,0.7608026266098022,True,612,0.7608026266098022,True,612,0.30603092908859253,True,612,0.792716920375824,True,612,0.605542004108429,True,c12_correct
613,614,614_2.bmp,preprocessed_results\614\614_2.bmp,613,613,613,0.9249663949012756,607,0.013488312251865864,0.9114780826494098,613|607|785|793|612,0.92496639|0.01348831|0.00281992|0.00193217|0.00184645,1,0.9249663949012756,True,613,0.9249663949012756,True,613,0.7792367935180664,True,613,0.8169025182723999,True,613,0.7798118591308594,True,c12_correct
614,615,615_7.bmp,preprocessed_results\615\615_7.bmp,614,614,614,0.6716200113296509,615,0.07316698133945465,0.5984530299901962,614|615|438|623|712,0.67162001|0.07316698|0.01432356|0.00982813|0.00760165,1,0.6716200113296509,True,614,0.6716200113296509,True,614,0.28471139073371887,True,614,0.8083599805831909,True,614,0.46218010783195496,True,c12_correct
615,616,616_7.bmp,preprocessed_results\616\616_7.bmp,615,615,615,0.887056827545166,614,0.014529988169670105,0.8725268393754959,615|614|582|706|314,0.88705683|0.01452999|0.00419290|0.00197030|0.00156266,1,0.887056827545166,True,615,0.887056827545166,True,615,0.818782389163971,True,615,0.8276355266571045,True,615,0.693838894367218,True,c12_correct
616,617,617_5.bmp,preprocessed_results\617\617_5.bmp,616,616,616,0.6208472847938538,617,0.0176046434789896,0.6032426413148642,616|617|802|541|618,0.62084728|0.01760464|0.01718440|0.01487321|0.00922755,1,0.6208472847938538,True,616,0.6208472847938538,True,616,0.4340938329696655,True,616,0.7842610478401184,True,616,0.5446008443832397,True,c12_correct
617,618,618_8.bmp,preprocessed_results\618\618_8.bmp,617,617,617,0.7456177473068237,758,0.01082233339548111,0.7347954139113426,617|758|756|616|673,0.74561775|0.01082233|0.00800386|0.00753408|0.00698514,1,0.7456177473068237,True,617,0.7456177473068237,True,617,0.6538663506507874,True,617,0.7917538285255432,True,617,0.6308088898658752,True,c12_correct
618,619,619_8.bmp,preprocessed_results\619\619_8.bmp,618,618,618,0.8077335953712463,648,0.012846173718571663,0.7948874216526747,618|648|750|560|598,0.80773360|0.01284617|0.01091808|0.00740996|0.00714907,1,0.8077335953712463,True,618,0.8077335953712463,True,618,0.8699744939804077,True,618,0.8300392031669617,True,618,0.811296284198761,True,c12_correct
619,620,620_9.bmp,preprocessed_results\620\620_9.bmp,619,619,619,0.9386059641838074,803,0.0032232380472123623,0.935382726136595,619|803|583|565|597,0.93860596|0.00322324|0.00299521|0.00280788|0.00172997,1,0.9386059641838074,True,619,0.9386059641838074,True,619,0.9164095520973206,True,619,0.8396556973457336,True,619,0.8786786794662476,True,c12_correct
620,621,621_8.bmp,preprocessed_results\621\621_8.bmp,620,620,620,0.8863641619682312,737,0.003315953304991126,0.8830482086632401,620|737|287|765|830,0.88636416|0.00331595|0.00320681|0.00306162|0.00289116,1,0.8863641619682312,True,620,0.8863641619682312,True,620,0.6989827156066895,True,620,0.8205710053443909,True,620,0.8061519861221313,True,c12_correct
621,622,622_8.bmp,preprocessed_results\622\622_8.bmp,621,621,621,0.9484471082687378,613,0.002091713948175311,0.9463553943205625,621|613|819|15|757,0.94844711|0.00209171|0.00165994|0.00161943|0.00151637,1,0.9484471082687378,True,621,0.9484471082687378,True,621,0.8494077920913696,True,621,0.8268380165100098,True,621,0.8445371985435486,True,c12_correct
622,623,623_9.bmp,preprocessed_results\623\623_9.bmp,622,622,622,0.14596135914325714,181,0.07384546101093292,0.07211589813232422,622|181|198|632|302,0.14596136|0.07384546|0.03655481|0.02583320|0.02354661,1,0.14596135914325714,True,622,0.14596135914325714,True,622,0.023671835660934448,True,622,0.6581400036811829,True,622,0.10168912261724472,True,c12_correct
623,624,624_6.bmp,preprocessed_results\624\624_6.bmp,623,623,623,0.8882709741592407,815,0.010783403180539608,0.8774875709787011,623|815|731|745|597,0.88827097|0.01078340|0.01022018|0.00359781|0.00282261,1,0.8882709741592407,True,623,0.8882709741592407,True,623,0.27208808064460754,True,623,0.8195009827613831,True,623,0.7239165306091309,True,c12_correct
624,625,625_4.bmp,preprocessed_results\625\625_4.bmp,624,624,624,0.7147256135940552,676,0.015549890697002411,0.6991757228970528,624|676|828|186|706,0.71472561|0.01554989|0.01238256|0.01035987|0.00766904,1,0.7147256135940552,True,624,0.7147256135940552,True,624,0.6685619950294495,True,624,0.8169474005699158,True,624,0.6100174784660339,True,c12_correct
625,626,626_10.bmp,preprocessed_results\626\626_10.bmp,625,625,625,0.7881291508674622,656,0.004178447648882866,0.7839507032185793,625|656|665|792|101,0.78812915|0.00417845|0.00414039|0.00342261|0.00323113,1,0.7881291508674622,True,625,0.7881291508674622,True,625,0.6291863322257996,True,625,0.8303066492080688,True,625,0.7000053524971008,True,c12_correct
626,627,627_3.bmp,preprocessed_results\627\627_3.bmp,626,626,626,0.8420865535736084,726,0.014868729747831821,0.8272178238257766,626|726|734|595|627,0.84208655|0.01486873|0.00470629|0.00375899|0.00374047,1,0.8420865535736084,True,626,0.8420865535736084,True,626,0.5901753902435303,True,626,0.8347569704055786,True,626,0.7940283417701721,True,c12_correct
627,628,628_5.bmp,preprocessed_results\628\628_5.bmp,627,627,627,0.867214560508728,626,0.01247393898665905,0.854740621522069,627|626|753|770|807,0.86721456|0.01247394|0.00559861|0.00194318|0.00162849,1,0.867214560508728,True,627,0.867214560508728,True,627,0.8968281745910645,True,627,0.8485985398292542,True,627,0.8010682463645935,True,c12_correct
628,629,629_1.bmp,preprocessed_results\629\629_1.bmp,628,628,628,0.745192289352417,629,0.14360792934894562,0.6015843600034714,628|629|812|31|645,0.74519229|0.14360793|0.00745909|0.00513373|0.00429397,1,0.745192289352417,True,628,0.745192289352417,True,628,0.8888077735900879,True,628,0.8408412337303162,True,628,0.749374270439148,True,c12_correct
629,630,630_10.bmp,preprocessed_results\630\630_10.bmp,629,629,629,0.9155629277229309,628,0.006445236969739199,0.9091176907531917,629|628|6|601|812,0.91556293|0.00644524|0.00369949|0.00211898|0.00199399,1,0.9155629277229309,True,629,0.9155629277229309,True,629,0.8557741641998291,True,629,0.825927197933197,True,629,0.7697530388832092,True,c12_correct
630,631,631_5.bmp,preprocessed_results\631\631_5.bmp,630,630,630,0.8874409198760986,801,0.004995798692107201,0.8824451211839914,630|801|688|649|636,0.88744092|0.00499580|0.00361943|0.00274826|0.00258601,1,0.8874409198760986,True,630,0.8874409198760986,True,630,0.7907403707504272,True,630,0.8087314963340759,True,630,0.6561229825019836,True,c12_correct
631,632,632_7.bmp,preprocessed_results\632\632_7.bmp,631,631,631,0.5752883553504944,681,0.0916803702712059,0.4836079850792885,631|681|512|630|721,0.57528836|0.09168037|0.04042362|0.03379082|0.01636315,1,0.5752883553504944,True,631,0.5752883553504944,True,631,0.28559058904647827,True,631,0.6269147396087646,True,631,0.30591651797294617,True,c12_correct
632,633,633_5.bmp,preprocessed_results\633\633_5.bmp,632,632,632,0.8827546238899231,501,0.0056094815954566,0.8771451422944665,632|501|170|642|12,0.88275462|0.00560948|0.00489562|0.00266404|0.00256907,1,0.8827546238899231,True,632,0.8827546238899231,True,632,0.7804486155509949,True,632,0.8148478269577026,True,632,0.7747930884361267,True,c12_correct
633,634,634_6.bmp,preprocessed_results\634\634_6.bmp,633,633,633,0.9540932178497314,819,0.003940858878195286,0.9501523589715362,633|819|162|709|803,0.95409322|0.00394086|0.00113691|0.00083744|0.00074533,1,0.9540932178497314,True,633,0.9540932178497314,True,633,0.8500492572784424,True,633,0.8421072959899902,True,633,0.8671535849571228,True,c12_correct
634,635,635_7.bmp,preprocessed_results\635\635_7.bmp,634,634,634,0.9666152596473694,635,0.0026525685098022223,0.9639626911375672,634|635|271|270|677,0.96661526|0.00265257|0.00163164|0.00116560|0.00116322,1,0.9666152596473694,True,634,0.9666152596473694,True,634,0.8750883340835571,True,634,0.8179458975791931,True,634,0.8784717321395874,True,c12_correct
635,636,636_4.bmp,preprocessed_results\636\636_4.bmp,635,635,635,0.9324579238891602,720,0.002581868087872863,0.9298760558012873,635|720|641|805|114,0.93245792|0.00258187|0.00219038|0.00178210|0.00171891,1,0.9324579238891602,True,635,0.9324579238891602,True,635,0.34251144528388977,True,635,0.7981862425804138,True,635,0.6458693742752075,True,c12_correct
636,637,637_6.bmp,preprocessed_results\637\637_6.bmp,636,636,636,0.567775309085846,630,0.0439143143594265,0.5238609947264194,636|630|708|637|688,0.56777531|0.04391431|0.03888165|0.03033844|0.01999343,1,0.567775309085846,True,636,0.567775309085846,True,636,0.3811275064945221,True,636,0.7207691669464111,True,636,0.3900849223136902,True,c12_correct
637,638,638_5.bmp,preprocessed_results\638\638_5.bmp,637,637,637,0.7001582980155945,636,0.03741670772433281,0.6627415902912617,637|636|474|560|681,0.70015830|0.03741671|0.01700488|0.00504446|0.00453380,1,0.7001582980155945,True,637,0.7001582980155945,True,637,0.5954379439353943,True,637,0.8297706842422485,True,637,0.6080052852630615,True,c12_correct
638,639,639_2.bmp,preprocessed_results\639\639_2.bmp,638,638,638,0.9279848337173462,639,0.00846902932971716,0.919515804387629,638|639|740|821|762,0.92798483|0.00846903|0.00269748|0.00110221|0.00106400,1,0.9279848337173462,True,638,0.9279848337173462,True,638,0.8092776536941528,True,638,0.8303149342536926,True,638,0.8251897096633911,True,c12_correct
639,640,640_5.bmp,preprocessed_results\640\640_5.bmp,639,639,639,0.9245690107345581,741,0.006295411381870508,0.9182735993526876,639|741|638|739|114,0.92456901|0.00629541|0.00613095|0.00154817|0.00129299,1,0.9245690107345581,True,639,0.9245690107345581,True,639,0.8479583859443665,True,639,0.831378698348999,True,639,0.7896431088447571,True,c12_correct
640,641,641_3.bmp,preprocessed_results\641\641_3.bmp,640,640,640,0.808451771736145,804,0.043206725269556046,0.765245046466589,640|804|666|648|641,0.80845177|0.04320673|0.01199244|0.01133925|0.00517045,1,0.808451771736145,True,640,0.808451771736145,True,640,0.48953163623809814,True,640,0.7389493584632874,True,640,0.615608811378479,True,c12_correct
641,642,642_6.bmp,preprocessed_results\642\642_6.bmp,641,641,641,0.8826280236244202,805,0.015191393904387951,0.8674366297200322,641|805|814|648|667,0.88262802|0.01519139|0.00499888|0.00419268|0.00192869,1,0.8826280236244202,True,641,0.8826280236244202,True,641,0.5348408818244934,True,641,0.7617475986480713,True,641,0.6499571800231934,True,c12_correct
642,643,643_1.bmp,preprocessed_results\643\643_1.bmp,642,642,642,0.9015788435935974,620,0.005348181817680597,0.8962306617759168,642|620|643|698|570,0.90157884|0.00534818|0.00383861|0.00193922|0.00150624,1,0.9015788435935974,True,642,0.9015788435935974,True,642,0.8334652185440063,True,642,0.8592438697814941,True,642,0.844412624835968,True,c12_correct
643,644,644_4.bmp,preprocessed_results\644\644_4.bmp,643,643,643,0.8472548723220825,667,0.016782574355602264,0.8304722979664803,643|667|741|686|642,0.84725487|0.01678257|0.00735695|0.00685430|0.00572748,1,0.8472548723220825,True,643,0.8472548723220825,True,643,0.757024884223938,True,643,0.8212904334068298,True,643,0.7109177708625793,True,c12_correct
644,645,645_2.bmp,preprocessed_results\645\645_2.bmp,644,644,644,0.891954779624939,590,0.011094242334365845,0.8808605372905731,644|590|604|618|332,0.89195478|0.01109424|0.00689435|0.00551427|0.00545467,1,0.891954779624939,True,644,0.891954779624939,True,644,0.740349531173706,True,644,0.8282961249351501,True,644,0.7284954190254211,True,c12_correct
645,646,646_5.bmp,preprocessed_results\646\646_5.bmp,645,645,645,0.9305390119552612,475,0.00440155528485775,0.9261374566704035,645|475|644|604|356,0.93053901|0.00440156|0.00307519|0.00289557|0.00284242,1,0.9305390119552612,True,645,0.9305390119552612,True,645,0.7541916370391846,True,645,0.8337938189506531,True,645,0.8159314393997192,True,c12_correct
646,647,647_5.bmp,preprocessed_results\647\647_5.bmp,646,646,646,0.9698374271392822,568,0.002641627797856927,0.9671957993414253,646|568|438|694|732,0.96983743|0.00264163|0.00137359|0.00121963|0.00096185,1,0.9698374271392822,True,646,0.9698374271392822,True,646,0.8776431679725647,True,646,0.8447206020355225,True,646,0.831527054309845,True,c12_correct
647,648,648_8.bmp,preprocessed_results\648\648_8.bmp,647,647,647,0.9603869915008545,333,0.002051045186817646,0.9583359463140368,647|333|272|327|607,0.96038699|0.00205105|0.00146657|0.00077310|0.00076284,1,0.9603869915008545,True,647,0.9603869915008545,True,647,0.8684585690498352,True,647,0.8317281603813171,True,647,0.7524805068969727,True,c12_correct
648,649,649_8.bmp,preprocessed_results\649\649_8.bmp,648,648,648,0.12034162133932114,635,0.0603799931704998,0.059961628168821335,648|635|666|649|667,0.12034162|0.06037999|0.05511972|0.03808950|0.03272473,1,0.12034162133932114,True,648,0.12034162133932114,True,648,0.11128096282482147,True,648,0.7768216729164124,True,648,0.1880190223455429,True,c12_correct
649,650,650_7.bmp,preprocessed_results\650\650_7.bmp,649,649,649,0.8054176568984985,689,0.021340904757380486,0.784076752141118,649|689|721|635|743,0.80541766|0.02134090|0.00998611|0.00851210|0.00777810,1,0.8054176568984985,True,649,0.8054176568984985,True,649,0.7068547010421753,True,649,0.8300508856773376,True,649,0.7391310334205627,True,c12_correct
650,651,651_8.bmp,preprocessed_results\651\651_8.bmp,650,650,650,0.885012149810791,651,0.005137359257787466,0.8798747905530035,650|651|696|596|821,0.88501215|0.00513736|0.00309047|0.00256041|0.00194995,1,0.885012149810791,True,650,0.885012149810791,True,650,0.7359526753425598,True,650,0.8402119278907776,True,650,0.7608921527862549,True,c12_correct
651,652,652_8.bmp,preprocessed_results\652\652_8.bmp,651,651,651,0.9413484930992126,650,0.0037754385266453028,0.9375730545725673,651|650|812|813|632,0.94134849|0.00377544|0.00138438|0.00134151|0.00122572,1,0.9413484930992126,True,651,0.9413484930992126,True,651,0.9092772006988525,True,651,0.8375067114830017,True,651,0.8474342226982117,True,c12_correct
652,653,653_6.bmp,preprocessed_results\653\653_6.bmp,652,652,652,0.9097420573234558,653,0.006039130035787821,0.903702927287668,652|653|803|833|725,0.90974206|0.00603913|0.00170768|0.00156208|0.00152944,1,0.9097420573234558,True,652,0.9097420573234558,True,652,0.8050265312194824,True,652,0.8557862043380737,True,652,0.8084131479263306,True,c12_correct
653,654,654_2.bmp,preprocessed_results\654\654_2.bmp,653,653,653,0.9430506229400635,652,0.008771629072725773,0.9342789938673377,653|652|641|681|589,0.94305062|0.00877163|0.00169945|0.00112923|0.00105003,1,0.9430506229400635,True,653,0.9430506229400635,True,653,0.8893001079559326,True,653,0.8034396171569824,True,653,0.8083924055099487,True,c12_correct
654,655,655_9.bmp,preprocessed_results\655\655_9.bmp,654,654,654,0.9555233120918274,732,0.001176189980469644,0.9543471221113577,654|732|716|599|667,0.95552331|0.00117619|0.00114702|0.00085354|0.00077716,1,0.9555233120918274,True,654,0.9555233120918274,True,654,0.9074268937110901,True,654,0.8469024896621704,True,654,0.8431201577186584,True,c12_correct
655,656,656_2.bmp,preprocessed_results\656\656_2.bmp,655,655,655,0.8763902187347412,587,0.00453264219686389,0.8718575765378773,655|587|692|767|130,0.87639022|0.00453264|0.00433765|0.00297317|0.00273152,1,0.8763902187347412,True,655,0.8763902187347412,True,655,0.861706018447876,True,655,0.8345526456832886,True,655,0.7915332913398743,True,c12_correct
656,657,657_7.bmp,preprocessed_results\657\657_7.bmp,656,656,656,0.9234329462051392,712,0.004413612186908722,0.9190193340182304,656|712|612|740|618,0.92343295|0.00441361|0.00221777|0.00205787|0.00160116,1,0.9234329462051392,True,656,0.9234329462051392,True,656,0.8960912823677063,True,656,0.8378342986106873,True,656,0.8541589379310608,True,c12_correct
657,658,658_6.bmp,preprocessed_results\658\658_6.bmp,657,657,657,0.4932065010070801,792,0.06291384994983673,0.43029265105724335,657|792|696|793|719,0.49320650|0.06291385|0.01897038|0.01894816|0.01339683,1,0.4932065010070801,True,657,0.4932065010070801,True,657,0.38508695363998413,True,657,0.8212250471115112,True,657,0.5697774887084961,True,c12_correct
658,659,659_5.bmp,preprocessed_results\659\659_5.bmp,658,658,658,0.9327628016471863,729,0.003896221751347184,0.9288665798958391,658|729|694|287|728,0.93276280|0.00389622|0.00300141|0.00152852|0.00151899,1,0.9327628016471863,True,658,0.9327628016471863,True,658,0.7804256677627563,True,658,0.84274822473526,True,658,0.7636809945106506,True,c12_correct
659,660,660_6.bmp,preprocessed_results\660\660_6.bmp,659,659,659,0.9039129614830017,708,0.004792553372681141,0.8991204081103206,659|708|587|712|600,0.90391296|0.00479255|0.00466045|0.00412861|0.00402254,1,0.9039129614830017,True,659,0.9039129614830017,True,659,0.8799626231193542,True,659,0.8294431567192078,True,659,0.8062250018119812,True,c12_correct
660,661,661_8.bmp,preprocessed_results\661\661_8.bmp,660,660,660,0.9286274909973145,736,0.004345123190432787,0.9242823678068817,660|736|830|261|822,0.92862749|0.00434512|0.00346886|0.00330215|0.00267189,1,0.9286274909973145,True,660,0.9286274909973145,True,660,0.7146506905555725,True,660,0.8423738479614258,True,660,0.7999226450920105,True,c12_correct
661,662,662_3.bmp,preprocessed_results\662\662_3.bmp,661,661,661,0.7573752403259277,759,0.01415979489684105,0.7432154454290867,661|759|735|291|290,0.75737524|0.01415979|0.00880609|0.00869847|0.00752353,1,0.7573752403259277,True,661,0.7573752403259277,True,661,0.7410330772399902,True,661,0.7986645102500916,True,661,0.7257075309753418,True,c12_correct
662,663,663_4.bmp,preprocessed_results\663\663_4.bmp,662,662,662,0.9481673240661621,663,0.011709218844771385,0.9364581052213907,662|663|567|93|566,0.94816732|0.01170922|0.00160317|0.00124807|0.00107950,1,0.9481673240661621,True,662,0.9481673240661621,True,662,0.8482135534286499,True,662,0.8355651497840881,True,662,0.8401483297348022,True,c12_correct
663,664,664_2.bmp,preprocessed_results\664\664_2.bmp,663,663,663,0.9020484089851379,777,0.003469093469902873,0.8985793155152351,663|777|662|801|597,0.90204841|0.00346909|0.00299552|0.00209179|0.00203976,1,0.9020484089851379,True,663,0.9020484089851379,True,663,0.8180405497550964,True,663,0.8204469084739685,True,663,0.8323892951011658,True,c12_correct
664,665,665_7.bmp,preprocessed_results\665\665_7.bmp,664,664,664,0.9444283246994019,686,0.0017951049376279116,0.9426332197617739,664|686|578|804|666,0.94442832|0.00179510|0.00145516|0.00141826|0.00109903,1,0.9444283246994019,True,664,0.9444283246994019,True,664,0.8094494342803955,True,664,0.8256710171699524,True,664,0.7714526653289795,True,c12_correct
665,666,666_10.bmp,preprocessed_results\666\666_10.bmp,665,665,665,0.9205173850059509,221,0.004618481732904911,0.915898903273046,665|221|815|664|99,0.92051739|0.00461848|0.00391979|0.00357675|0.00306849,1,0.9205173850059509,True,665,0.9205173850059509,True,665,0.8493893146514893,True,665,0.8404381275177002,True,665,0.8486233353614807,True,c12_correct
666,667,667_6.bmp,preprocessed_results\667\667_6.bmp,666,666,666,0.7909642457962036,805,0.01734892651438713,0.7736153192818165,666|805|641|667|640,0.79096425|0.01734893|0.01563615|0.01510045|0.01209202,1,0.7909642457962036,True,666,0.7909642457962036,True,666,0.8738091588020325,True,666,0.8207194805145264,True,666,0.8297033905982971,True,c12_correct
667,668,668_2.bmp,preprocessed_results\668\668_2.bmp,667,667,667,0.688246488571167,698,0.026017893105745316,0.6622285954654217,667|698|643|666|720,0.68824649|0.02601789|0.01346167|0.00748938|0.00514814,1,0.688246488571167,True,667,0.688246488571167,True,667,0.6630561947822571,True,667,0.7951633334159851,True,667,0.4848223030567169,True,c12_correct
668,669,669_10.bmp,preprocessed_results\669\669_10.bmp,668,668,668,0.9512882232666016,669,0.0025426477659493685,0.9487455755006522,668|669|765|770|626,0.95128822|0.00254265|0.00138529|0.00109535|0.00094377,1,0.9512882232666016,True,668,0.9512882232666016,True,668,0.8858882784843445,True,668,0.8419224619865417,True,668,0.8599560260772705,True,c12_correct
669,670,670_7.bmp,preprocessed_results\670\670_7.bmp,669,669,669,0.6561204791069031,668,0.0978662371635437,0.5582542419433594,669|668|765|683|759,0.65612048|0.09786624|0.03878083|0.00916409|0.00681072,1,0.6561204791069031,True,669,0.6561204791069031,True,669,0.37516382336616516,True,669,0.8061708807945251,True,669,0.5370157957077026,True,c12_correct
670,671,671_7.bmp,preprocessed_results\671\671_7.bmp,670,670,670,0.5762966275215149,826,0.022495999932289124,0.5538006275892258,670|826|777|780|829,0.57629663|0.02249600|0.02039991|0.01882053|0.01747803,1,0.5762966275215149,True,670,0.5762966275215149,True,670,0.667723536491394,True,670,0.8263224959373474,True,670,0.7176429033279419,True,c12_correct
671,672,672_9.bmp,preprocessed_results\672\672_9.bmp,671,671,671,0.8530720472335815,657,0.006516373250633478,0.8465556739829481,671|657|627|670|668,0.85307205|0.00651637|0.00459937|0.00415551|0.00392911,1,0.8530720472335815,True,671,0.8530720472335815,True,671,0.825165867805481,True,671,0.8283267021179199,True,671,0.8297877907752991,True,c12_correct
672,673,673_1.bmp,preprocessed_results\673\673_1.bmp,672,672,672,0.5907334685325623,673,0.029003789648413658,0.5617296788841486,672|673|808|686|750,0.59073347|0.02900379|0.02157536|0.00921959|0.00766466,1,0.5907334685325623,True,672,0.5907334685325623,True,672,0.632642924785614,True,672,0.8298543691635132,True,672,0.7457426190376282,True,c12_correct
673,674,674_1.bmp,preprocessed_results\674\674_1.bmp,673,673,673,0.8418264985084534,672,0.012846331112086773,0.8289801673963666,673|672|333|750|821,0.84182650|0.01284633|0.00801652|0.00607623|0.00577303,1,0.8418264985084534,True,673,0.8418264985084534,True,673,0.6771842837333679,True,673,0.8346313834190369,True,673,0.8120169043540955,True,c12_correct
674,675,675_1.bmp,preprocessed_results\675\675_1.bmp,674,674,674,0.9133836627006531,646,0.004044354427605867,0.9093393082730472,674|646|675|610|659,0.91338366|0.00404435|0.00292018|0.00252244|0.00173849,1,0.9133836627006531,True,674,0.9133836627006531,True,674,0.8729297518730164,True,674,0.8369001150131226,True,674,0.8675593137741089,True,c12_correct
675,676,676_4.bmp,preprocessed_results\676\676_4.bmp,675,675,675,0.7999553084373474,674,0.012684783898293972,0.7872705245390534,675|674|5|313|310,0.79995531|0.01268478|0.00448031|0.00361636|0.00359776,1,0.7999553084373474,True,675,0.7999553084373474,True,675,0.652470588684082,True,675,0.8207762241363525,True,675,0.6689297556877136,True,c12_correct
676,677,677_8.bmp,preprocessed_results\677\677_8.bmp,676,676,676,0.9502705335617065,757,0.0016829405212774873,0.9485875930404291,676|757|750|720|686,0.95027053|0.00168294|0.00165350|0.00135021|0.00128769,1,0.9502705335617065,True,676,0.9502705335617065,True,676,0.9276899099349976,True,676,0.8227919340133667,True,676,0.8042450547218323,True,c12_correct
677,678,678_6.bmp,preprocessed_results\678\678_6.bmp,677,677,677,0.8563268780708313,750,0.012960254214704037,0.8433666238561273,677|750|684|751|676,0.85632688|0.01296025|0.00544490|0.00518671|0.00454627,1,0.8563268780708313,True,677,0.8563268780708313,True,677,0.7219314575195312,True,677,0.827867329120636,True,677,0.7647194862365723,True,c12_correct
678,679,679_8.bmp,preprocessed_results\679\679_8.bmp,678,678,678,0.3344452381134033,591,0.055918119847774506,0.2785271182656288,678|591|569|604|644,0.33444524|0.05591812|0.01958150|0.01819328|0.01608475,1,0.3344452381134033,True,678,0.3344452381134033,True,678,0.18638832867145538,True,678,0.7605376839637756,True,678,0.3744686245918274,True,c12_correct
679,680,680_3.bmp,preprocessed_results\680\680_3.bmp,679,679,679,0.8308104872703552,814,0.005097479093819857,0.8257130081765354,679|814|649|282|681,0.83081049|0.00509748|0.00434003|0.00352334|0.00332949,1,0.8308104872703552,True,679,0.8308104872703552,True,679,0.8530398607254028,True,679,0.8408514261245728,True,679,0.8326483368873596,True,c12_correct
680,681,681_6.bmp,preprocessed_results\681\681_6.bmp,680,680,680,0.9195002317428589,681,0.007535796612501144,0.9119644351303577,680|681|641|802|803,0.91950023|0.00753580|0.00295422|0.00262750|0.00190995,1,0.9195002317428589,True,680,0.9195002317428589,True,680,0.8919033408164978,True,680,0.8464335799217224,True,680,0.8963442444801331,True,c12_correct
681,682,682_4.bmp,preprocessed_results\682\682_4.bmp,681,681,681,0.7915312051773071,631,0.01938938908278942,0.7721418160945177,681|631|680|679|689,0.79153121|0.01938939|0.01455312|0.00384435|0.00383749,1,0.7915312051773071,True,681,0.7915312051773071,True,681,0.8101258873939514,True,681,0.8263357877731323,True,681,0.6086785197257996,True,c12_correct
682,683,683_5.bmp,preprocessed_results\683\683_5.bmp,682,682,682,0.9273295998573303,826,0.0036716016475111246,0.9236579982098192,682|826|641|802|683,0.92732960|0.00367160|0.00289880|0.00179264|0.00144748,1,0.9273295998573303,True,682,0.9273295998573303,True,682,0.7254308462142944,True,682,0.8056145906448364,True,682,0.7017676830291748,True,c12_correct
683,684,684_5.bmp,preprocessed_results\684\684_5.bmp,683,683,683,0.911088228225708,765,0.019444631412625313,0.8916435968130827,683|765|810|682|749,0.91108823|0.01944463|0.00289468|0.00171270|0.00159691,1,0.911088228225708,True,683,0.911088228225708,True,683,0.7975139021873474,True,683,0.8494805097579956,True,683,0.8620020151138306,True,c12_correct
684,685,685_8.bmp,preprocessed_results\685\685_8.bmp,684,684,684,0.9111368060112,685,0.007201333064585924,0.903935472946614,684|685|750|634|686,0.91113681|0.00720133|0.00455328|0.00425552|0.00318896,1,0.9111368060112,True,684,0.9111368060112,True,684,0.8825656175613403,True,684,0.8250247240066528,True,684,0.8459816575050354,True,c12_correct
685,686,686_8.bmp,preprocessed_results\686\686_8.bmp,685,685,685,0.8956354856491089,684,0.0057091256603598595,0.889926359988749,685|684|631|636|103,0.89563549|0.00570913|0.00460912|0.00413277|0.00297073,1,0.8956354856491089,True,685,0.8956354856491089,True,685,0.8603894710540771,True,685,0.8375489711761475,True,685,0.7828481197357178,True,c12_correct
686,687,687_4.bmp,preprocessed_results\687\687_4.bmp,686,686,686,0.9287574887275696,576,0.0043532103300094604,0.9244042783975601,686|576|750|667|666,0.92875749|0.00435321|0.00333817|0.00204555|0.00201731,1,0.9287574887275696,True,686,0.9287574887275696,True,686,0.8255349397659302,True,686,0.8478847742080688,True,686,0.7967273592948914,True,c12_correct
687,688,688_2.bmp,preprocessed_results\688\688_2.bmp,687,687,687,0.7623404264450073,686,0.04441221058368683,0.7179282158613205,687|686|576|743|143,0.76234043|0.04441221|0.01143210|0.01142745|0.01018609,1,0.7623404264450073,True,687,0.7623404264450073,True,687,0.7627320289611816,True,687,0.8159930109977722,True,687,0.7664199471473694,True,c12_correct
688,689,689_7.bmp,preprocessed_results\689\689_7.bmp,688,688,688,0.7907347679138184,630,0.013248163275420666,0.7774866046383977,688|630|577|649|645,0.79073477|0.01324816|0.00839793|0.00558015|0.00482571,1,0.7907347679138184,True,688,0.7907347679138184,True,688,0.6102604269981384,True,688,0.7857319712638855,True,688,0.6053035855293274,True,c12_correct
689,690,690_5.bmp,preprocessed_results\690\690_5.bmp,689,689,689,0.9209744930267334,649,0.0035133983474224806,0.9174610946793109,689|649|721|685|631,0.92097449|0.00351340|0.00309398|0.00209103|0.00207971,1,0.9209744930267334,True,689,0.9209744930267334,True,689,0.8599101305007935,True,689,0.7923964858055115,True,689,0.8369880318641663,True,c12_correct
690,691,691_3.bmp,preprocessed_results\691\691_3.bmp,690,690,690,0.9132110476493835,678,0.007905473932623863,0.9053055737167597,690|678|680|691|730,0.91321105|0.00790547|0.00541693|0.00522469|0.00222794,1,0.9132110476493835,True,690,0.9132110476493835,True,690,0.8414046764373779,True,690,0.8494356870651245,True,690,0.8285141587257385,True,c12_correct
691,692,692_8.bmp,preprocessed_results\692\692_8.bmp,691,691,691,0.9517245888710022,690,0.0024564149789512157,0.949268173892051,691|690|701|644|827,0.95172459|0.00245641|0.00106951|0.00095947|0.00083072,1,0.9517245888710022,True,691,0.9517245888710022,True,691,0.8663047552108765,True,691,0.8356442451477051,True,691,0.8310261964797974,True,c12_correct
692,693,693_1.bmp,preprocessed_results\693\693_1.bmp,692,692,692,0.9319903254508972,693,0.01154549140483141,0.9204448340460658,692|693|744|141|757,0.93199033|0.01154549|0.00431968|0.00175113|0.00153574,1,0.9319903254508972,True,692,0.9319903254508972,True,692,0.8668488264083862,True,692,0.8471980094909668,True,692,0.8842757940292358,True,c12_correct
693,694,694_10.bmp,preprocessed_results\694\694_10.bmp,693,693,693,0.8152844309806824,692,0.005682363174855709,0.8096020678058267,693|692|827|757|587,0.81528443|0.00568236|0.00431242|0.00396857|0.00363622,1,0.8152844309806824,True,693,0.8152844309806824,True,693,0.8963043093681335,True,693,0.8369061946868896,True,693,0.7294517159461975,True,c12_correct
694,695,695_3.bmp,preprocessed_results\695\695_3.bmp,694,694,694,0.9807867407798767,646,0.0011106282472610474,0.9796761125326157,694|646|610|751|704,0.98078674|0.00111063|0.00089195|0.00060959|0.00051541,1,0.9807867407798767,True,694,0.9807867407798767,True,694,0.9407322406768799,True,694,0.8431742191314697,True,694,0.7741764783859253,True,c12_correct
695,696,696_2.bmp,preprocessed_results\696\696_2.bmp,695,695,695,0.8360675573348999,789,0.007319748401641846,0.8287478089332581,695|789|819|739|673,0.83606756|0.00731975|0.00564827|0.00516238|0.00503653,1,0.8360675573348999,True,695,0.8360675573348999,True,695,0.5757243633270264,True,695,0.814939022064209,True,695,0.7577893137931824,True,c12_correct
696,697,697_8.bmp,preprocessed_results\697\697_8.bmp,696,696,696,0.6217136979103088,792,0.04078688099980354,0.5809268169105053,696|792|756|697|657,0.62171370|0.04078688|0.02022552|0.01361524|0.00667950,1,0.6217136979103088,True,696,0.6217136979103088,True,696,0.6861755847930908,True,696,0.8179118037223816,True,696,0.7950625419616699,True,c12_correct
697,698,698_4.bmp,preprocessed_results\698\698_4.bmp,697,697,697,0.5419965386390686,761,0.014124858193099499,0.5278716804459691,697|761|595|696|811,0.54199654|0.01412486|0.01362169|0.01351332|0.01146415,1,0.5419965386390686,True,697,0.5419965386390686,True,697,0.6713472008705139,True,697,0.8263067007064819,True,697,0.8315950036048889,True,c12_correct
698,699,699_10.bmp,preprocessed_results\699\699_10.bmp,698,698,698,0.8326864838600159,598,0.011279421858489513,0.8214070620015264,698|598|700|572|666,0.83268648|0.01127942|0.00751600|0.00457766|0.00448357,1,0.8326864838600159,True,698,0.8326864838600159,True,698,0.7658138275146484,True,698,0.8229856491088867,True,698,0.7955018281936646,True,c12_correct
699,700,700_9.bmp,preprocessed_results\700\700_9.bmp,699,699,699,0.8894415497779846,801,0.008742885664105415,0.8806986641138792,699|801|743|637|724,0.88944155|0.00874289|0.00730674|0.00410168|0.00368604,1,0.8894415497779846,True,699,0.8894415497779846,True,699,0.849251389503479,True,699,0.7855161428451538,True,699,0.7685827612876892,True,c12_correct
700,701,701_10.bmp,preprocessed_results\701\701_10.bmp,700,700,700,0.9425321817398071,708,0.005538113880902529,0.9369940678589046,700|708|572|698|701,0.94253218|0.00553811|0.00205765|0.00114669|0.00097261,1,0.9425321817398071,True,700,0.9425321817398071,True,700,0.9178433418273926,True,700,0.8476139307022095,True,700,0.8115937113761902,True,c12_correct
701,702,702_2.bmp,preprocessed_results\702\702_2.bmp,701,701,701,0.8572489619255066,634,0.008291149511933327,0.8489578124135733,701|634|700|801|142,0.85724896|0.00829115|0.00810212|0.00719119|0.00311529,1,0.8572489619255066,True,701,0.8572489619255066,True,701,0.8408625721931458,True,701,0.8187310099601746,True,701,0.7923184037208557,True,c12_correct
702,703,703_1.bmp,preprocessed_results\703\703_1.bmp,702,702,702,0.8668283224105835,664,0.003116202773526311,0.8637121196370572,702|664|804|245|694,0.86682832|0.00311620|0.00259240|0.00226726|0.00222397,1,0.8668283224105835,True,702,0.8668283224105835,True,702,0.552041232585907,True,702,0.7955354452133179,True,702,0.7277166843414307,True,c12_correct
703,704,704_5.bmp,preprocessed_results\704\704_5.bmp,703,703,703,0.8887346982955933,366,0.004210308194160461,0.8845243901014328,703|366|723|628|629,0.88873470|0.00421031|0.00307138|0.00217564|0.00189459,1,0.8887346982955933,True,703,0.8887346982955933,True,703,0.8759176135063171,True,703,0.8247318267822266,True,703,0.783637285232544,True,c12_correct
704,705,705_4.bmp,preprocessed_results\705\705_4.bmp,704,704,704,0.9134244322776794,705,0.013678988441824913,0.8997454438358545,704|705|639|580|601,0.91342443|0.01367899|0.00413177|0.00195138|0.00130013,1,0.9134244322776794,True,704,0.9134244322776794,True,704,0.8916358351707458,True,704,0.8448039293289185,True,704,0.8487984538078308,True,c12_correct
705,706,706_8.bmp,preprocessed_results\706\706_8.bmp,705,705,705,0.7948443293571472,639,0.012081660330295563,0.7827626690268517,705|639|43|704|720,0.79484433|0.01208166|0.01121824|0.00989670|0.00782338,1,0.7948443293571472,True,705,0.7948443293571472,True,705,0.7836349010467529,True,705,0.8529424667358398,True,705,0.781327486038208,True,c12_correct
706,707,707_6.bmp,preprocessed_results\707\707_6.bmp,706,706,706,0.8345796465873718,143,0.008003044873476028,0.8265766017138958,706|143|607|612|731,0.83457965|0.00800304|0.00523871|0.00488975|0.00419221,1,0.8345796465873718,True,706,0.8345796465873718,True,706,0.8988238573074341,True,706,0.8047617077827454,True,706,0.8251847624778748,True,c12_correct
707,708,708_5.bmp,preprocessed_results\708\708_5.bmp,707,707,707,0.812726616859436,619,0.01586749032139778,0.7968591265380383,707|619|772|827|644,0.81272662|0.01586749|0.00715953|0.00527176|0.00489214,1,0.812726616859436,True,707,0.812726616859436,True,707,0.7795225381851196,True,707,0.8375548124313354,True,707,0.8175740242004395,True,c12_correct
708,709,709_9.bmp,preprocessed_results\709\709_9.bmp,708,708,708,0.636480987071991,659,0.02626713737845421,0.6102138496935368,708|659|709|619|600,0.63648099|0.02626714|0.01318972|0.01083113|0.01071302,1,0.636480987071991,True,708,0.636480987071991,True,708,0.8112240433692932,True,708,0.8069322109222412,True,708,0.7324357032775879,True,c12_correct
709,710,710_9.bmp,preprocessed_results\710\710_9.bmp,709,709,709,0.9458445310592651,708,0.006208681035786867,0.9396358500234783,709|708|633|827|757,0.94584453|0.00620868|0.00244941|0.00219428|0.00104347,1,0.9458445310592651,True,709,0.9458445310592651,True,709,0.8625116348266602,True,709,0.8198668360710144,True,709,0.806826651096344,True,c12_correct
710,711,711_3.bmp,preprocessed_results\711\711_3.bmp,710,710,710,0.9452504515647888,788,0.0046385107561945915,0.9406119408085942,710|788|124|246|610,0.94525045|0.00463851|0.00117431|0.00075769|0.00075533,1,0.9452504515647888,True,710,0.9452504515647888,True,710,0.9016873836517334,True,710,0.8491073250770569,True,710,0.8474054336547852,True,c12_correct
711,712,712_10.bmp,preprocessed_results\712\712_10.bmp,711,711,711,0.8964986801147461,773,0.006288285367190838,0.8902103947475553,711|773|568|581|272,0.89649868|0.00628829|0.00624352|0.00405694|0.00401493,1,0.8964986801147461,True,711,0.8964986801147461,True,711,0.5008769631385803,True,711,0.815839946269989,True,711,0.7459145784378052,True,c12_correct
712,713,713_1.bmp,preprocessed_results\713\713_1.bmp,712,712,712,0.9353857636451721,833,0.002253110520541668,0.9331326531246305,712|833|182|619|42,0.93538576|0.00225311|0.00168838|0.00165745|0.00151432,1,0.9353857636451721,True,712,0.9353857636451721,True,712,0.7964853048324585,True,712,0.8216192722320557,True,712,0.7631890177726746,True,c12_correct
713,714,714_5.bmp,preprocessed_results\714\714_5.bmp,713,713,713,0.9202731251716614,583,0.0031251409091055393,0.9171479842625558,713|583|589|582|819,0.92027313|0.00312514|0.00302575|0.00187673|0.00155389,1,0.9202731251716614,True,713,0.9202731251716614,True,713,0.7958324551582336,True,713,0.8662267327308655,True,713,0.819880485534668,True,c12_correct
714,715,715_7.bmp,preprocessed_results\715\715_7.bmp,714,714,714,0.8161088228225708,619,0.013681059703230858,0.8024277631193399,714|619|800|709|670,0.81610882|0.01368106|0.00644550|0.00625895|0.00382295,1,0.8161088228225708,True,714,0.8161088228225708,True,714,0.8066099286079407,True,714,0.8299732804298401,True,714,0.8449108600616455,True,c12_correct
715,716,716_2.bmp,preprocessed_results\716\716_2.bmp,715,715,715,0.7999925017356873,733,0.007240265142172575,0.7927522365935147,715|733|681|730|671,0.79999250|0.00724027|0.00591097|0.00499761|0.00489270,1,0.7999925017356873,True,715,0.7999925017356873,True,715,0.8294448852539062,True,715,0.831108570098877,True,715,0.8237711191177368,True,c12_correct
716,717,717_6.bmp,preprocessed_results\717\717_6.bmp,716,716,716,0.5933685898780823,780,0.026715397834777832,0.5666531920433044,716|780|617|5|734,0.59336859|0.02671540|0.02165334|0.01105091|0.00825138,1,0.5933685898780823,True,716,0.5933685898780823,True,716,0.5626362562179565,True,716,0.7956428527832031,True,716,0.70195072889328,True,c12_correct
717,718,718_9.bmp,preprocessed_results\718\718_9.bmp,717,717,717,0.9087257385253906,716,0.008621572516858578,0.900104166008532,717|716|723|713|729,0.90872574|0.00862157|0.00340065|0.00184845|0.00150364,1,0.9087257385253906,True,717,0.9087257385253906,True,717,0.7832764983177185,True,717,0.8654016256332397,True,717,0.8547244668006897,True,c12_correct
718,719,719_3.bmp,preprocessed_results\719\719_3.bmp,718,718,718,0.8425948619842529,688,0.012293189764022827,0.8303016722202301,718|688|716|590|692,0.84259486|0.01229319|0.00569312|0.00523084|0.00403814,1,0.8425948619842529,True,718,0.8425948619842529,True,718,0.6867493391036987,True,718,0.8261821269989014,True,718,0.7831935882568359,True,c12_correct
719,720,720_8.bmp,preprocessed_results\720\720_8.bmp,719,719,719,0.8986818194389343,607,0.005563054699450731,0.8931187647394836,719|607|734|762|785,0.89868182|0.00556305|0.00388499|0.00379153|0.00332447,1,0.8986818194389343,True,719,0.8986818194389343,True,719,0.8718757629394531,True,719,0.8411716818809509,True,719,0.8633854985237122,True,c12_correct
720,721,721_5.bmp,preprocessed_results\721\721_5.bmp,720,720,720,0.9317901730537415,635,0.004997399635612965,0.9267927734181285,720|635|833|630|628,0.93179017|0.00499740|0.00166042|0.00165256|0.00161525,1,0.9317901730537415,True,720,0.9317901730537415,True,720,0.6558298468589783,True,720,0.8223745822906494,True,720,0.7489140629768372,True,c12_correct
721,722,722_8.bmp,preprocessed_results\722\722_8.bmp,721,721,721,0.955601155757904,102,0.0023345486260950565,0.953266607131809,721|102|106|103|689,0.95560116|0.00233455|0.00209032|0.00154935|0.00126164,1,0.955601155757904,True,721,0.955601155757904,True,721,0.8522708415985107,True,721,0.8350260853767395,True,721,0.7737956643104553,True,c12_correct
722,723,723_5.bmp,preprocessed_results\723\723_5.bmp,722,722,722,0.9239321351051331,614,0.008185475133359432,0.9157466599717736,722|614|702|828|175,0.92393214|0.00818548|0.00273075|0.00176367|0.00142864,1,0.9239321351051331,True,722,0.9239321351051331,True,722,0.7884635329246521,True,722,0.8220201730728149,True,722,0.8602184057235718,True,c12_correct
723,724,724_6.bmp,preprocessed_results\724\724_6.bmp,723,723,723,0.7982309460639954,135,0.01204367820173502,0.7861872678622603,723|135|777|713|141,0.79823095|0.01204368|0.00681296|0.00547903|0.00521480,1,0.7982309460639954,True,723,0.7982309460639954,True,723,0.6225326061248779,True,723,0.7992411255836487,True,723,0.6476049423217773,True,c12_correct
724,725,725_1.bmp,preprocessed_results\725\725_1.bmp,724,724,724,0.9467151165008545,698,0.002264531562104821,0.9444505849387497,724|698|725|500|762,0.94671512|0.00226453|0.00224956|0.00155126|0.00146423,1,0.9467151165008545,True,724,0.9467151165008545,True,724,0.826915979385376,True,724,0.8171414136886597,True,724,0.8406717777252197,True,c12_correct
725,726,726_10.bmp,preprocessed_results\726\726_10.bmp,725,725,725,0.9115457534790039,250,0.0052370429039001465,0.9063087105751038,725|250|724|573|831,0.91154575|0.00523704|0.00337848|0.00326123|0.00301191,1,0.9115457534790039,True,725,0.9115457534790039,True,725,0.6343439817428589,True,725,0.8143738508224487,True,725,0.8659583926200867,True,c12_correct
726,727,727_4.bmp,preprocessed_results\727\727_4.bmp,726,726,726,0.32940077781677246,594,0.0638592317700386,0.26554154604673386,726|594|630|595|734,0.32940078|0.06385923|0.05973134|0.03712331|0.02380905,1,0.32940077781677246,True,726,0.32940077781677246,True,726,0.7094920873641968,True,726,0.799552321434021,True,726,0.5761816501617432,True,c12_correct
727,728,728_7.bmp,preprocessed_results\728\728_7.bmp,727,727,727,0.8744839429855347,726,0.009862881153821945,0.8646210618317127,727|726|703|595|51,0.87448394|0.00986288|0.00703604|0.00386164|0.00261758,1,0.8744839429855347,True,727,0.8744839429855347,True,727,0.7832393050193787,True,727,0.8069332838058472,True,727,0.7975663542747498,True,c12_correct
728,729,729_5.bmp,preprocessed_results\729\729_5.bmp,728,728,728,0.9352645874023438,658,0.003733680583536625,0.9315309068188071,728|658|729|253|768,0.93526459|0.00373368|0.00354695|0.00309145|0.00307222,1,0.9352645874023438,True,728,0.9352645874023438,True,728,0.8730370402336121,True,728,0.8134559392929077,True,728,0.8519501686096191,True,c12_correct
729,730,730_7.bmp,preprocessed_results\730\730_7.bmp,729,729,729,0.9200832843780518,728,0.012038243003189564,0.9080450413748622,729|728|658|768|670,0.92008328|0.01203824|0.00362715|0.00204573|0.00154946,1,0.9200832843780518,True,729,0.9200832843780518,True,729,0.651513397693634,True,729,0.8108862042427063,True,729,0.745355486869812,True,c12_correct
730,731,731_10.bmp,preprocessed_results\731\731_10.bmp,730,730,730,0.10597211122512817,731,0.07218227535486221,0.03378983587026596,730|731|712|575|659,0.10597211|0.07218228|0.05942620|0.02748444|0.02602473,1,0.10597211122512817,True,730,0.10597211122512817,True,730,0.13370417058467865,True,730,0.7891611456871033,True,730,0.3374369442462921,True,c12_correct
731,732,732_6.bmp,preprocessed_results\732\732_6.bmp,731,731,731,0.8717961311340332,730,0.02909698709845543,0.8426991440355778,731|730|707|706|582,0.87179613|0.02909699|0.00707669|0.00679777|0.00382888,1,0.8717961311340332,True,731,0.8717961311340332,True,731,0.802076518535614,True,731,0.8301293253898621,True,731,0.8427202701568604,True,c12_correct
732,733,733_7.bmp,preprocessed_results\733\733_7.bmp,732,732,732,0.9570593237876892,733,0.00468988623470068,0.9523694375529885,732|733|749|818|396,0.95705932|0.00468989|0.00112194|0.00103925|0.00099322,1,0.9570593237876892,True,732,0.9570593237876892,True,732,0.8801876306533813,True,732,0.8160028457641602,True,732,0.7840685248374939,True,c12_correct
733,734,734_6.bmp,preprocessed_results\734\734_6.bmp,733,733,733,0.811517059803009,194,0.006357726640999317,0.8051593331620097,733|194|180|631|125,0.81151706|0.00635773|0.00510761|0.00417868|0.00298449,1,0.811517059803009,True,733,0.811517059803009,True,733,0.3716263175010681,True,733,0.8069204688072205,True,733,0.5465685129165649,True,c12_correct
734,735,735_7.bmp,preprocessed_results\735\735_7.bmp,734,734,734,0.7936748266220093,594,0.03295416384935379,0.7607206627726555,734|594|761|756|572,0.79367483|0.03295416|0.00656490|0.00565421|0.00519585,1,0.7936748266220093,True,734,0.7936748266220093,True,734,0.7940828800201416,True,734,0.8314414620399475,True,734,0.8008023500442505,True,c12_correct
735,736,736_1.bmp,preprocessed_results\736\736_1.bmp,735,735,735,0.9106189608573914,36,0.0035103769041597843,0.9071085839532316,735|36|759|777|783,0.91061896|0.00351038|0.00330292|0.00224323|0.00198261,1,0.9106189608573914,True,735,0.9106189608573914,True,735,0.8419012427330017,True,735,0.8397605419158936,True,735,0.7869759202003479,True,c12_correct
736,737,737_5.bmp,preprocessed_results\737\737_5.bmp,736,736,736,0.9353965520858765,694,0.0026980708353221416,0.9326984812505543,736|694|285|737|820,0.93539655|0.00269807|0.00234714|0.00203184|0.00146109,1,0.9353965520858765,True,736,0.9353965520858765,True,736,0.8102192282676697,True,736,0.8206385970115662,True,736,0.8199791312217712,True,c12_correct
737,738,738_1.bmp,preprocessed_results\738\738_1.bmp,737,737,737,0.8950615525245667,736,0.002589474432170391,0.8924720780923963,737|736|620|159|661,0.89506155|0.00258947|0.00220581|0.00196929|0.00164509,1,0.8950615525245667,True,737,0.8950615525245667,True,737,0.6827730536460876,True,737,0.8103747367858887,True,737,0.8601246476173401,True,c12_correct
738,739,739_10.bmp,preprocessed_results\739\739_10.bmp,738,738,738,0.891886293888092,739,0.013983664102852345,0.8779026297852397,738|739|629|156|176,0.89188629|0.01398366|0.00726826|0.00229018|0.00206368,1,0.891886293888092,True,738,0.891886293888092,True,738,0.6232466101646423,True,738,0.7946040630340576,True,738,0.6754065155982971,True,c12_correct
739,740,740_5.bmp,preprocessed_results\740\740_5.bmp,739,739,739,0.8805843591690063,738,0.016923988237977028,0.8636603709310293,739|738|691|829|629,0.88058436|0.01692399|0.00417920|0.00372600|0.00354453,1,0.8805843591690063,True,739,0.8805843591690063,True,739,0.6708300709724426,True,739,0.8389901518821716,True,739,0.8182113766670227,True,c12_correct
740,741,741_5.bmp,preprocessed_results\741\741_5.bmp,740,740,740,0.9256157875061035,582,0.007540151942521334,0.9180756355635822,740|582|784|186|574,0.92561579|0.00754015|0.00234850|0.00218114|0.00164933,1,0.9256157875061035,True,740,0.9256157875061035,True,740,0.7132567167282104,True,740,0.8359063863754272,True,740,0.786200225353241,True,c12_correct
741,742,742_3.bmp,preprocessed_results\742\742_3.bmp,741,741,741,0.842685341835022,697,0.0035991703625768423,0.8390861714724451,741|697|791|764|772,0.84268534|0.00359917|0.00317345|0.00304017|0.00284861,1,0.842685341835022,True,741,0.842685341835022,True,741,0.7002654671669006,True,741,0.8210167288780212,True,741,0.8347502946853638,True,c12_correct
742,743,743_3.bmp,preprocessed_results\743\743_3.bmp,742,742,742,0.893700122833252,743,0.007957139983773232,0.8857429828494787,742|743|760|679|586,0.89370012|0.00795714|0.00541443|0.00424359|0.00334262,1,0.893700122833252,True,742,0.893700122833252,True,742,0.5366860628128052,True,742,0.8249933123588562,True,742,0.6989537477493286,True,c12_correct
743,744,744_9.bmp,preprocessed_results\744\744_9.bmp,743,743,743,0.9311617612838745,649,0.00989917479455471,0.9212625864893198,743|649|689|577|803,0.93116176|0.00989917|0.00441294|0.00364438|0.00205457,1,0.9311617612838745,True,743,0.9311617612838745,True,743,0.8428818583488464,True,743,0.8203832507133484,True,743,0.83699631690979,True,c12_correct
744,745,745_4.bmp,preprocessed_results\745\745_4.bmp,744,744,744,0.9481927156448364,587,0.006145328748971224,0.9420473868958652,744|587|745|272|57,0.94819272|0.00614533|0.00090113|0.00088150|0.00081956,1,0.9481927156448364,True,744,0.9481927156448364,True,744,0.8404918313026428,True,744,0.835802435874939,True,744,0.8406144976615906,True,c12_correct
745,746,746_6.bmp,preprocessed_results\746\746_6.bmp,745,745,745,0.9046482443809509,744,0.013408939354121685,0.8912393050268292,745|744|628|629|687,0.90464824|0.01340894|0.00349830|0.00164908|0.00150696,1,0.9046482443809509,True,745,0.9046482443809509,True,745,0.8211878538131714,True,745,0.8045864701271057,True,745,0.8436995148658752,True,c12_correct
746,747,747_5.bmp,preprocessed_results\747\747_5.bmp,746,746,746,0.8335766792297363,700,0.011047231033444405,0.8225294481962919,746|700|810|111|748,0.83357668|0.01104723|0.00656634|0.00330615|0.00317793,1,0.8335766792297363,True,746,0.8335766792297363,True,746,0.8934510946273804,True,746,0.816819429397583,True,746,0.789045512676239,True,c12_correct
747,748,748_10.bmp,preprocessed_results\748\748_10.bmp,747,747,747,0.8074369430541992,797,0.008667917922139168,0.79876902513206,747|797|759|795|623,0.80743694|0.00866792|0.00820255|0.00484985|0.00474193,1,0.8074369430541992,True,747,0.8074369430541992,True,747,0.5942050814628601,True,747,0.822374165058136,True,747,0.7030231356620789,True,c12_correct
748,749,749_4.bmp,preprocessed_results\749\749_4.bmp,748,748,748,0.7367570400238037,749,0.01922733709216118,0.7175297029316425,748|749|339|812|110,0.73675704|0.01922734|0.01746537|0.00872675|0.00849589,1,0.7367570400238037,True,748,0.7367570400238037,True,748,0.6167593002319336,True,748,0.8198447227478027,True,748,0.7673811912536621,True,c12_correct
749,750,750_3.bmp,preprocessed_results\750\750_3.bmp,749,749,749,0.3101298213005066,733,0.05829518288373947,0.2518346384167671,749|733|812|341|669,0.31012982|0.05829518|0.02397818|0.02159118|0.01874621,1,0.3101298213005066,True,749,0.3101298213005066,True,749,0.05390109866857529,True,749,0.7678540945053101,True,749,0.27677640318870544,True,c12_correct
750,751,751_10.bmp,preprocessed_results\751\751_10.bmp,750,750,750,0.7484253644943237,636,0.009145122952759266,0.7392802415415645,750|636|676|677|804,0.74842536|0.00914512|0.00751426|0.00565898|0.00539740,1,0.7484253644943237,True,750,0.7484253644943237,True,750,0.425139844417572,True,750,0.806046187877655,True,750,0.5551028251647949,True,c12_correct
751,752,752_1.bmp,preprocessed_results\752\752_1.bmp,751,751,751,0.9113467931747437,750,0.005466855131089687,0.905879938043654,751|750|809|30|677,0.91134679|0.00546686|0.00355158|0.00280682|0.00232382,1,0.9113467931747437,True,751,0.9113467931747437,True,751,0.8482720255851746,True,751,0.8352059125900269,True,751,0.8272689580917358,True,c12_correct
752,753,753_9.bmp,preprocessed_results\753\753_9.bmp,752,752,752,0.8413794040679932,753,0.026881419122219086,0.8144979849457741,752|753|92|831|206,0.84137940|0.02688142|0.00448260|0.00304490|0.00219919,1,0.8413794040679932,True,752,0.8413794040679932,True,752,0.8024954795837402,True,752,0.8090261816978455,True,752,0.7966165542602539,True,c12_correct
753,754,754_7.bmp,preprocessed_results\754\754_7.bmp,753,753,753,0.8410418033599854,752,0.005472162738442421,0.8355696406215429,753|752|290|11|747,0.84104180|0.00547216|0.00351012|0.00267397|0.00250503,1,0.8410418033599854,True,753,0.8410418033599854,True,753,0.8344249129295349,True,753,0.8393559455871582,True,753,0.8602154850959778,True,c12_correct
754,755,755_4.bmp,preprocessed_results\755\755_4.bmp,754,754,754,0.8109239935874939,784,0.008485443890094757,0.8024385496973991,754|784|755|779|615,0.81092399|0.00848544|0.00678393|0.00543546|0.00393896,1,0.8109239935874939,True,754,0.8109239935874939,True,754,0.8089666366577148,True,754,0.8204677700996399,True,754,0.7471224069595337,True,c12_correct
755,756,756_7.bmp,preprocessed_results\756\756_7.bmp,755,755,755,0.5751360654830933,754,0.016116388142108917,0.5590196773409843,755|754|673|821|827,0.57513607|0.01611639|0.01007362|0.00995714|0.00858543,1,0.5751360654830933,True,755,0.5751360654830933,True,755,0.4699784219264984,True,755,0.8088878393173218,True,755,0.6238556504249573,True,c12_correct
756,757,757_5.bmp,preprocessed_results\757\757_5.bmp,756,756,756,0.5671746730804443,826,0.028740832582116127,0.5384338404983282,756|826|757|618|685,0.56717467|0.02874083|0.02503322|0.02416657|0.02244485,1,0.5671746730804443,True,756,0.5671746730804443,True,756,0.42578789591789246,True,756,0.7739802002906799,True,756,0.5101516842842102,True,c12_correct
757,758,758_10.bmp,preprocessed_results\758\758_10.bmp,757,757,757,0.9123170971870422,756,0.008125152438879013,0.9041919447481632,757|756|790|827|765,0.91231710|0.00812515|0.00243110|0.00235713|0.00234152,1,0.9123170971870422,True,757,0.9123170971870422,True,757,0.8131369948387146,True,757,0.8541081547737122,True,757,0.819161593914032,True,c12_correct
758,759,759_7.bmp,preprocessed_results\759\759_7.bmp,758,758,758,0.9375516176223755,820,0.004394551273435354,0.9331570663489401,758|820|626|734|617,0.93755162|0.00439455|0.00247165|0.00159408|0.00153598,1,0.9375516176223755,True,758,0.9375516176223755,True,758,0.8703835010528564,True,758,0.8223780393600464,True,758,0.8737745881080627,True,c12_correct
759,760,760_7.bmp,preprocessed_results\760\760_7.bmp,759,759,759,0.48387181758880615,683,0.020771076902747154,0.463100740686059,759|683|621|597|583,0.48387182|0.02077108|0.01915557|0.01734266|0.01168690,1,0.48387181758880615,True,759,0.48387181758880615,True,759,0.46561285853385925,True,759,0.8187664747238159,True,759,0.7191508412361145,True,c12_correct
760,761,761_2.bmp,preprocessed_results\761\761_2.bmp,760,760,760,0.47302737832069397,607,0.01772790215909481,0.45529947616159916,760|607|80|772|759,0.47302738|0.01772790|0.01266062|0.01254142|0.01231993,1,0.47302737832069397,True,760,0.47302737832069397,True,760,0.3863924443721771,True,760,0.8248385190963745,True,760,0.6396490335464478,True,c12_correct
761,762,762_2.bmp,preprocessed_results\762\762_2.bmp,761,761,761,0.6708561778068542,139,0.009386427700519562,0.6614697501063347,761|139|653|586|96,0.67085618|0.00938643|0.00701387|0.00667640|0.00549761,1,0.6708561778068542,True,761,0.6708561778068542,True,761,0.8449850082397461,True,761,0.8468576669692993,True,761,0.8162725567817688,True,c12_correct
762,763,763_5.bmp,preprocessed_results\763\763_5.bmp,762,762,762,0.9731301665306091,763,0.0017640176229178905,0.9713661489076912,762|763|734|719|768,0.97313017|0.00176402|0.00154424|0.00154403|0.00091197,1,0.9731301665306091,True,762,0.9731301665306091,True,762,0.8864448666572571,True,762,0.8141148686408997,True,762,0.9264835119247437,True,c12_correct
763,764,764_9.bmp,preprocessed_results\764\764_9.bmp,763,763,763,0.9301507472991943,287,0.0034534791484475136,0.9266972681507468,763|287|260|295|59,0.93015075|0.00345348|0.00331687|0.00163192|0.00112225,1,0.9301507472991943,True,763,0.9301507472991943,True,763,0.4626695513725281,True,763,0.8256973028182983,True,763,0.7456676363945007,True,c12_correct
764,765,765_10.bmp,preprocessed_results\765\765_10.bmp,764,764,764,0.8736644387245178,780,0.010859218426048756,0.8628052202984691,764|780|708|810|765,0.87366444|0.01085922|0.00449263|0.00325930|0.00272675,1,0.8736644387245178,True,764,0.8736644387245178,True,764,0.8529503345489502,True,764,0.8475973010063171,True,764,0.8283530473709106,True,c12_correct
765,766,766_4.bmp,preprocessed_results\766\766_4.bmp,765,765,765,0.8869664072990417,757,0.012588037177920341,0.8743783701211214,765|757|683|767|764,0.88696641|0.01258804|0.01188076|0.00451374|0.00232481,1,0.8869664072990417,True,765,0.8869664072990417,True,765,0.8672357797622681,True,765,0.8218420743942261,True,765,0.843184232711792,True,c12_correct
766,767,767_1.bmp,preprocessed_results\767\767_1.bmp,766,766,766,0.8600531220436096,241,0.01609169878065586,0.8439614232629538,766|241|133|330|237,0.86005312|0.01609170|0.00620497|0.00576438|0.00400208,1,0.8600531220436096,True,766,0.8600531220436096,True,766,0.8010082244873047,True,766,0.8330778479576111,True,766,0.7541123032569885,True,c12_correct
767,768,768_7.bmp,preprocessed_results\768\768_7.bmp,767,767,767,0.933358907699585,762,0.004682810511440039,0.9286760971881449,767|762|766|68|757,0.93335891|0.00468281|0.00369496|0.00139756|0.00099161,1,0.933358907699585,True,767,0.933358907699585,True,767,0.8669053912162781,True,767,0.8321184515953064,True,767,0.881009042263031,True,c12_correct
768,769,769_3.bmp,preprocessed_results\769\769_3.bmp,768,768,768,0.458996444940567,807,0.036227960139513016,0.422768484801054,768|807|639|792|568,0.45899644|0.03622796|0.02195788|0.02138066|0.01977558,1,0.458996444940567,True,768,0.458996444940567,True,768,0.6220777034759521,True,768,0.8202661871910095,True,768,0.6661307215690613,True,c12_correct
769,770,770_7.bmp,preprocessed_results\770\770_7.bmp,769,769,769,0.8165287971496582,807,0.05457281321287155,0.7619559839367867,769|807|791|633|768,0.81652880|0.05457281|0.00566109|0.00475704|0.00444927,1,0.8165287971496582,True,769,0.8165287971496582,True,769,0.844516932964325,True,769,0.8198307156562805,True,769,0.7372100353240967,True,c12_correct
770,771,771_5.bmp,preprocessed_results\771\771_5.bmp,770,770,770,0.9487612247467041,310,0.002041064901277423,0.9467201598454267,770|310|771|782|674,0.94876122|0.00204106|0.00169323|0.00154010|0.00138516,1,0.9487612247467041,True,770,0.9487612247467041,True,770,0.9242972135543823,True,770,0.8612874150276184,True,770,0.8671259880065918,True,c12_correct
771,772,772_2.bmp,preprocessed_results\772\772_2.bmp,771,771,771,0.897264838218689,603,0.003435285994783044,0.8938295522239059,771|603|816|770|747,0.89726484|0.00343529|0.00325616|0.00207325|0.00200530,1,0.897264838218689,True,771,0.897264838218689,True,771,0.8333413600921631,True,771,0.8263617753982544,True,771,0.8189568519592285,True,c12_correct
772,773,773_2.bmp,preprocessed_results\773\773_2.bmp,772,772,772,0.9226201176643372,773,0.010539446026086807,0.9120806716382504,772|773|741|707|647,0.92262012|0.01053945|0.00304877|0.00226897|0.00117874,1,0.9226201176643372,True,772,0.9226201176643372,True,772,0.7737786173820496,True,772,0.8130958080291748,True,772,0.802988588809967,True,c12_correct
773,774,774_10.bmp,preprocessed_results\774\774_10.bmp,773,773,773,0.8256821036338806,772,0.0376674048602581,0.7880146987736225,773|772|823|583|142,0.82568210|0.03766740|0.00511441|0.00406405|0.00386071,1,0.8256821036338806,True,773,0.8256821036338806,True,773,0.2890675961971283,True,773,0.7663669586181641,True,773,0.5089797377586365,True,c12_correct
774,775,775_1.bmp,preprocessed_results\775\775_1.bmp,774,774,774,0.8554385900497437,766,0.005167320370674133,0.8502712696790695,774|766|654|756|609,0.85543859|0.00516732|0.00425867|0.00396494|0.00341727,1,0.8554385900497437,True,774,0.8554385900497437,True,774,0.6370245218276978,True,774,0.8085955381393433,True,774,0.6804124712944031,True,c12_correct
775,776,776_9.bmp,preprocessed_results\776\776_9.bmp,775,775,775,0.8465533256530762,827,0.008265120908617973,0.8382882047444582,775|827|587|709|692,0.84655333|0.00826512|0.00664819|0.00645397|0.00414910,1,0.8465533256530762,True,775,0.8465533256530762,True,775,0.7591488361358643,True,775,0.83292156457901,True,775,0.7964518070220947,True,c12_correct
776,777,777_7.bmp,preprocessed_results\777\777_7.bmp,776,776,776,0.7270896434783936,777,0.032498799264431,0.6945908442139626,776|777|784|659|793,0.72708964|0.03249880|0.01725334|0.00726717|0.00484475,1,0.7270896434783936,True,776,0.7270896434783936,True,776,0.35153302550315857,True,776,0.8151620626449585,True,776,0.5621093511581421,True,c12_correct
777,778,778_3.bmp,preprocessed_results\778\778_3.bmp,777,777,777,0.9644874930381775,776,0.0016212690388783813,0.9628662239992991,777|776|581|829|759,0.96448749|0.00162127|0.00106195|0.00082314|0.00075561,1,0.9644874930381775,True,777,0.9644874930381775,True,777,0.8554141521453857,True,777,0.8536622524261475,True,777,0.7581092715263367,True,c12_correct
778,779,779_2.bmp,preprocessed_results\779\779_2.bmp,778,778,778,0.8831720352172852,132,0.003222952364012599,0.8799490828532726,778|132|410|671|297,0.88317204|0.00322295|0.00298358|0.00292449|0.00204289,1,0.8831720352172852,True,778,0.8831720352172852,True,778,0.8275300860404968,True,778,0.7983047366142273,True,778,0.8338059186935425,True,c12_correct
779,780,780_7.bmp,preprocessed_results\780\780_7.bmp,779,779,779,0.920215904712677,23,0.0035670686047524214,0.9166488361079246,779|23|784|778|107,0.92021590|0.00356707|0.00272875|0.00176286|0.00171117,1,0.920215904712677,True,779,0.920215904712677,True,779,0.7505873441696167,True,779,0.8327327966690063,True,779,0.8817277550697327,True,c12_correct
780,781,781_4.bmp,preprocessed_results\781\781_4.bmp,780,780,780,0.8409428000450134,764,0.043724339455366135,0.7972184605896473,780|764|668|811|820,0.84094280|0.04372434|0.00553451|0.00395146|0.00374192,1,0.8409428000450134,True,780,0.8409428000450134,True,780,0.7823757529258728,True,780,0.8120697140693665,True,780,0.7439947128295898,True,c12_correct
781,782,782_8.bmp,preprocessed_results\782\782_8.bmp,781,781,781,0.30604246258735657,812,0.021734723821282387,0.2843077387660742,781|812|780|733|543,0.30604246|0.02173472|0.01740857|0.01592795|0.01365496,1,0.30604246258735657,True,781,0.30604246258735657,True,781,0.5130535364151001,True,781,0.809104859828949,True,781,0.7177642583847046,True,c12_correct
782,783,783_5.bmp,preprocessed_results\783\783_5.bmp,782,782,782,0.9271871447563171,110,0.0039180913008749485,0.9232690534554422,782|110|410|783|668,0.92718714|0.00391809|0.00304264|0.00197169|0.00180350,1,0.9271871447563171,True,782,0.9271871447563171,True,782,0.8377717137336731,True,782,0.8274394869804382,True,782,0.8592616319656372,True,c12_correct
783,784,784_3.bmp,preprocessed_results\784\784_3.bmp,783,783,783,0.8370716571807861,589,0.006359007675200701,0.8307126495055854,783|589|587|610|780,0.83707166|0.00635901|0.00568149|0.00532247|0.00453225,1,0.8370716571807861,True,783,0.8370716571807861,True,783,0.682346522808075,True,783,0.823278546333313,True,783,0.701256513595581,True,c12_correct
784,785,785_5.bmp,preprocessed_results\785\785_5.bmp,784,784,784,0.9402895569801331,572,0.0044930181466042995,0.9357965388335288,784|572|758|785|800,0.94028956|0.00449302|0.00431756|0.00157407|0.00148737,1,0.9402895569801331,True,784,0.9402895569801331,True,784,0.7829760313034058,True,784,0.8028006553649902,True,784,0.7331425547599792,True,c12_correct
785,786,786_5.bmp,preprocessed_results\786\786_5.bmp,785,785,785,0.6300925016403198,646,0.01493612676858902,0.6151563748717308,785|646|728|199|198,0.63009250|0.01493613|0.01471356|0.01091089|0.00751335,1,0.6300925016403198,True,785,0.6300925016403198,True,785,0.4986671805381775,True,785,0.8118979930877686,True,785,0.6348058581352234,True,c12_correct
786,787,787_7.bmp,preprocessed_results\787\787_7.bmp,786,786,786,0.9198684692382812,211,0.005577185656875372,0.9142912835814059,786|211|638|338|692,0.91986847|0.00557719|0.00435137|0.00231799|0.00173283,1,0.9198684692382812,True,786,0.9198684692382812,True,786,0.7983059287071228,True,786,0.8385656476020813,True,786,0.8324108719825745,True,c12_correct
787,788,788_4.bmp,preprocessed_results\788\788_4.bmp,787,787,787,0.9284939765930176,723,0.004075842909514904,0.9244181336835027,787|723|601|614|30,0.92849398|0.00407584|0.00288193|0.00205080|0.00182566,1,0.9284939765930176,True,787,0.9284939765930176,True,787,0.7396114468574524,True,787,0.8288825750350952,True,787,0.8266700506210327,True,c12_correct
788,789,789_3.bmp,preprocessed_results\789\789_3.bmp,788,788,788,0.7671666741371155,710,0.03748471662402153,0.729681957513094,788|710|789|580|246,0.76716667|0.03748472|0.00616395|0.00388684|0.00345381,1,0.7671666741371155,True,788,0.7671666741371155,True,788,0.8578034043312073,True,788,0.8190180659294128,True,788,0.8522015810012817,True,c12_correct
789,790,790_6.bmp,preprocessed_results\790\790_6.bmp,789,789,789,0.9082157015800476,695,0.004468688741326332,0.9037470128387213,789|695|772|749|657,0.90821570|0.00446869|0.00391612|0.00236194|0.00191345,1,0.9082157015800476,True,789,0.9082157015800476,True,789,0.8916593194007874,True,789,0.8339644074440002,True,789,0.8176243305206299,True,c12_correct
790,791,791_6.bmp,preprocessed_results\791\791_6.bmp,790,790,790,0.9155234098434448,621,0.005198831669986248,0.9103245781734586,790|621|791|827|757,0.91552341|0.00519883|0.00430321|0.00292169|0.00265672,1,0.9155234098434448,True,790,0.9155234098434448,True,790,0.8379978537559509,True,790,0.8025386929512024,True,790,0.808245062828064,True,c12_correct
791,792,792_9.bmp,preprocessed_results\792\792_9.bmp,791,791,791,0.6968961954116821,586,0.03602060303092003,0.6608755923807621,791|586|807|801|738,0.69689620|0.03602060|0.02460796|0.01702682|0.00571993,1,0.6968961954116821,True,791,0.6968961954116821,True,791,0.5546739101409912,True,791,0.8044087886810303,True,791,0.649776816368103,True,c12_correct
792,793,793_1.bmp,preprocessed_results\793\793_1.bmp,792,792,792,0.8171305060386658,793,0.014634346589446068,0.8024961594492197,792|793|768|791|824,0.81713051|0.01463435|0.00897556|0.00478121|0.00362439,1,0.8171305060386658,True,792,0.8171305060386658,True,792,0.5016608238220215,True,792,0.8311678171157837,True,792,0.7395445704460144,True,c12_correct
793,794,794_2.bmp,preprocessed_results\794\794_2.bmp,793,793,793,0.9461851716041565,792,0.004435651004314423,0.9417495205998421,793|792|613|707|730,0.94618517|0.00443565|0.00420629|0.00132237|0.00114663,1,0.9461851716041565,True,793,0.9461851716041565,True,793,0.7918055653572083,True,793,0.8197426795959473,True,793,0.8239144682884216,True,c12_correct
794,795,795_7.bmp,preprocessed_results\795\795_7.bmp,794,794,794,0.9465942978858948,510,0.0017406747210770845,0.9448536231648177,794|510|64|747|327,0.94659430|0.00174067|0.00125998|0.00109546|0.00089166,1,0.9465942978858948,True,794,0.9465942978858948,True,794,0.8861412405967712,True,794,0.838858962059021,True,794,0.8409881591796875,True,c12_correct
795,796,796_5.bmp,preprocessed_results\796\796_5.bmp,795,795,795,0.9435990452766418,24,0.002082453342154622,0.9415165919344872,795|24|262|112|819,0.94359905|0.00208245|0.00180502|0.00177694|0.00103131,1,0.9435990452766418,True,795,0.9435990452766418,True,795,0.8512799739837646,True,795,0.809112548828125,True,795,0.7890259027481079,True,c12_correct
796,797,797_6.bmp,preprocessed_results\797\797_6.bmp,796,796,796,0.9426225423812866,632,0.0020885278936475515,0.9405340144876391,796|632|806|501|816,0.94262254|0.00208853|0.00206803|0.00179820|0.00159004,1,0.9426225423812866,True,796,0.9426225423812866,True,796,0.7734987139701843,True,796,0.8278284072875977,True,796,0.7948226928710938,True,c12_correct
797,798,798_4.bmp,preprocessed_results\798\798_4.bmp,797,797,797,0.8842636942863464,815,0.003732462413609028,0.8805312318727374,797|815|816|306|796,0.88426369|0.00373246|0.00349105|0.00337570|0.00317940,1,0.8842636942863464,True,797,0.8842636942863464,True,797,0.8465627431869507,True,797,0.8372403979301453,True,797,0.861422061920166,True,c12_correct
798,799,799_7.bmp,preprocessed_results\799\799_7.bmp,798,798,798,0.7218847870826721,632,0.011887245811522007,0.7099975412711501,798|632|340|147|595,0.72188479|0.01188725|0.00644273|0.00573261|0.00467779,1,0.7218847870826721,True,798,0.7218847870826721,True,798,0.7958263158798218,True,798,0.8344866633415222,True,798,0.8338578939437866,True,c12_correct
799,800,800_9.bmp,preprocessed_results\800\800_9.bmp,799,799,799,0.6711550951004028,758,0.0460297055542469,0.6251253895461559,799|758|820|626|627,0.67115510|0.04602971|0.01291196|0.01032668|0.00691328,1,0.6711550951004028,True,799,0.6711550951004028,True,799,0.6425712704658508,True,799,0.7443276047706604,True,799,0.7117093801498413,True,c12_correct
800,801,801_9.bmp,preprocessed_results\801\801_9.bmp,800,800,800,0.8917123079299927,801,0.010458482429385185,0.8812538255006075,800|801|699|617|700,0.89171231|0.01045848|0.00754377|0.00218189|0.00191530,1,0.8917123079299927,True,800,0.8917123079299927,True,800,0.6927305459976196,True,800,0.8028324842453003,True,800,0.7952053546905518,True,c12_correct
801,802,802_10.bmp,preprocessed_results\802\802_10.bmp,801,801,801,0.8961517810821533,800,0.006045082584023476,0.8901066984981298,801|800|701|805|548,0.89615178|0.00604508|0.00311867|0.00244581|0.00240184,1,0.8961517810821533,True,801,0.8961517810821533,True,801,0.7864294052124023,True,801,0.8212141394615173,True,801,0.8285868167877197,True,c12_correct
802,803,803_6.bmp,preprocessed_results\803\803_6.bmp,802,802,802,0.5875636339187622,808,0.03026410937309265,0.5572995245456696,802|808|577|677|576,0.58756363|0.03026411|0.01413943|0.01314662|0.01089544,1,0.5875636339187622,True,802,0.5875636339187622,True,802,0.6579345464706421,True,802,0.8390828371047974,True,802,0.7771684527397156,True,c12_correct
803,804,804_5.bmp,preprocessed_results\804\804_5.bmp,803,803,803,0.8907585144042969,802,0.03659917786717415,0.8541593365371227,803|802|677|814|679,0.89075851|0.03659918|0.00931084|0.00198859|0.00120362,1,0.8907585144042969,True,803,0.8907585144042969,True,803,0.8135547041893005,True,803,0.829255998134613,True,803,0.7941527962684631,True,c12_correct
804,805,805_6.bmp,preprocessed_results\805\805_6.bmp,804,804,804,0.8569155931472778,648,0.04968341812491417,0.8072321750223637,804|648|372|640|645,0.85691559|0.04968342|0.01024381|0.00374160|0.00188297,1,0.8569155931472778,True,804,0.8569155931472778,True,804,0.8623617887496948,True,804,0.8114106059074402,True,804,0.8332839012145996,True,c12_correct
805,806,806_2.bmp,preprocessed_results\806\806_2.bmp,805,805,805,0.9379584789276123,635,0.004150735214352608,0.9338077437132597,805|635|667|641|601,0.93795848|0.00415074|0.00246359|0.00226574|0.00145648,1,0.9379584789276123,True,805,0.9379584789276123,True,805,0.8003060817718506,True,805,0.8363927602767944,True,805,0.8092162013053894,True,c12_correct
806,807,807_10.bmp,preprocessed_results\807\807_10.bmp,806,806,806,0.8934574127197266,778,0.006307356059551239,0.8871500566601753,806|778|810|807|398,0.89345741|0.00630736|0.00233635|0.00181503|0.00174375,1,0.8934574127197266,True,806,0.8934574127197266,True,806,0.8478014469146729,True,806,0.8689967393875122,True,806,0.8691104650497437,True,c12_correct
807,808,808_9.bmp,preprocessed_results\808\808_9.bmp,807,807,807,0.8539303541183472,593,0.008634052239358425,0.8452963018789887,807|593|801|800|653,0.85393035|0.00863405|0.00856058|0.00499392|0.00341395,1,0.8539303541183472,True,807,0.8539303541183472,True,807,0.665131688117981,True,807,0.8398054242134094,True,807,0.7523230314254761,True,c12_correct
808,809,809_9.bmp,preprocessed_results\809\809_9.bmp,808,808,808,0.9006797671318054,809,0.006970707327127457,0.893709059804678,808|809|684|802|474,0.90067977|0.00697071|0.00321288|0.00275371|0.00224901,1,0.9006797671318054,True,808,0.9006797671318054,True,808,0.8457425236701965,True,808,0.8338132500648499,True,808,0.8517754077911377,True,c12_correct
809,810,810_2.bmp,preprocessed_results\810\810_2.bmp,809,809,809,0.9611024856567383,826,0.002658312674611807,0.9584441729821265,809|826|808|832|800,0.96110249|0.00265831|0.00204468|0.00142597|0.00125977,1,0.9611024856567383,True,809,0.9611024856567383,True,809,0.9014624357223511,True,809,0.8320712447166443,True,809,0.8451311588287354,True,c12_correct
810,811,811_6.bmp,preprocessed_results\811\811_6.bmp,810,810,810,0.7948187589645386,806,0.011796064674854279,0.7830226942896843,810|806|830|287|236,0.79481876|0.01179606|0.01061152|0.00757342|0.00503847,1,0.7948187589645386,True,810,0.7948187589645386,True,810,0.6556991934776306,True,810,0.7777270078659058,True,810,0.7712095379829407,True,c12_correct
811,812,812_7.bmp,preprocessed_results\812\812_7.bmp,811,811,811,0.9774980545043945,17,0.0023445626720786095,0.9751534918323159,811|17|759|810|683,0.97749805|0.00234456|0.00169629|0.00082307|0.00046384,1,0.9774980545043945,True,811,0.9774980545043945,True,811,0.8971156477928162,True,811,0.8440882563591003,True,811,0.8868623971939087,True,c12_correct
812,813,813_10.bmp,preprocessed_results\813\813_10.bmp,812,812,812,0.9127975702285767,742,0.004171737004071474,0.9086258332245052,812|742|727|651|781,0.91279757|0.00417174|0.00394800|0.00379107|0.00287678,1,0.9127975702285767,True,812,0.9127975702285767,True,812,0.7530909180641174,True,812,0.8285841941833496,True,812,0.7057342529296875,True,c12_correct
813,814,814_7.bmp,preprocessed_results\814\814_7.bmp,813,813,813,0.9242851734161377,812,0.005796680226922035,0.9184884931892157,813|812|809|827|744,0.92428517|0.00579668|0.00167033|0.00161265|0.00137978,1,0.9242851734161377,True,813,0.9242851734161377,True,813,0.8159284591674805,True,813,0.8379573822021484,True,813,0.8712455034255981,True,c12_correct
814,815,815_1.bmp,preprocessed_results\815\815_1.bmp,814,814,814,0.9526292085647583,805,0.003940025344491005,0.9486891832202673,814|805|815|635|675,0.95262921|0.00394003|0.00236330|0.00193197|0.00079698,1,0.9526292085647583,True,814,0.9526292085647583,True,814,0.9168203473091125,True,814,0.8445712924003601,True,814,0.8545490503311157,True,c12_correct
815,816,816_10.bmp,preprocessed_results\816\816_10.bmp,815,815,815,0.920369565486908,738,0.004065531771630049,0.9163040337152779,815|738|814|712|161,0.92036957|0.00406553|0.00330026|0.00178304|0.00150743,1,0.920369565486908,True,815,0.920369565486908,True,815,0.8046196699142456,True,815,0.8444237112998962,True,815,0.7264080047607422,True,c12_correct
816,817,817_10.bmp,preprocessed_results\817\817_10.bmp,816,816,816,0.922917366027832,796,0.007555300835520029,0.915362065192312,816|796|817|797|112,0.92291737|0.00755530|0.00710636|0.00330029|0.00316725,1,0.922917366027832,True,816,0.922917366027832,True,816,0.7738312482833862,True,816,0.8452804684638977,True,816,0.8351038098335266,True,c12_correct
817,818,818_5.bmp,preprocessed_results\818\818_5.bmp,817,817,817,0.5917645692825317,792,0.018335668370127678,0.5734289009124041,817|792|273|816|602,0.59176457|0.01833567|0.01813561|0.01099326|0.00808118,1,0.5917645692825317,True,817,0.5917645692825317,True,817,0.8523483872413635,True,817,0.8392099738121033,True,817,0.8518121838569641,True,c12_correct
818,819,819_3.bmp,preprocessed_results\819\819_3.bmp,818,818,818,0.9409742951393127,60,0.0028555558528751135,0.9381187392864376,818|60|632|12|732,0.94097430|0.00285556|0.00088777|0.00081784|0.00081199,1,0.9409742951393127,True,818,0.9409742951393127,True,818,0.8573648929595947,True,818,0.8437612652778625,True,818,0.823134183883667,True,c12_correct
819,820,820_7.bmp,preprocessed_results\820\820_7.bmp,819,819,819,0.8994027376174927,757,0.0053353747352957726,0.8940673628821969,819|757|633|755|795,0.89940274|0.00533537|0.00300270|0.00232106|0.00215778,1,0.8994027376174927,True,819,0.8994027376174927,True,819,0.8287280201911926,True,819,0.8267502188682556,True,819,0.8885705471038818,True,c12_correct
820,821,821_2.bmp,preprocessed_results\821\821_2.bmp,820,820,820,0.9272070527076721,780,0.004351973533630371,0.9228550791740417,820|780|764|811|810,0.92720705|0.00435197|0.00332708|0.00329797|0.00269118,1,0.9272070527076721,True,820,0.9272070527076721,True,820,0.7628335952758789,True,820,0.8203697204589844,True,820,0.8466358184814453,True,c12_correct
821,822,822_3.bmp,preprocessed_results\822\822_3.bmp,821,821,821,0.9212821125984192,673,0.0071846130304038525,0.9140974995680153,821|673|740|755|87,0.92128211|0.00718461|0.00227863|0.00183688|0.00159107,1,0.9212821125984192,True,821,0.9212821125984192,True,821,0.8118764758110046,True,821,0.8407095074653625,True,821,0.8323631882667542,True,c12_correct
822,823,823_10.bmp,preprocessed_results\823\823_10.bmp,822,822,822,0.9425342082977295,823,0.005051622167229652,0.9374825861304998,822|823|596|570|780,0.94253421|0.00505162|0.00456646|0.00145700|0.00108754,1,0.9425342082977295,True,822,0.9425342082977295,True,822,0.8878539204597473,True,822,0.8384420871734619,True,822,0.8571101427078247,True,c12_correct
823,824,824_8.bmp,preprocessed_results\824\824_8.bmp,823,823,823,0.9290623664855957,822,0.0016575258923694491,0.9274048405932263,823|822|773|748|805,0.92906237|0.00165753|0.00111335|0.00104999|0.00102778,1,0.9290623664855957,True,823,0.9290623664855957,True,823,0.8278863430023193,True,823,0.8354722857475281,True,823,0.8636191487312317,True,c12_correct
824,825,825_10.bmp,preprocessed_results\825\825_10.bmp,824,824,824,0.9455636739730835,822,0.0030547527130693197,0.9425089212600142,824|822|571|570|830,0.94556367|0.00305475|0.00208176|0.00194029|0.00147458,1,0.9455636739730835,True,824,0.9455636739730835,True,824,0.7188448905944824,True,824,0.7918769717216492,True,824,0.6961085796356201,True,c12_correct
825,826,826_2.bmp,preprocessed_results\826\826_2.bmp,825,825,825,0.9173817038536072,831,0.002490152372047305,0.9148915514815599,825|831|763|770|777,0.91738170|0.00249015|0.00225550|0.00222576|0.00211943,1,0.9173817038536072,True,825,0.9173817038536072,True,825,0.9235658049583435,True,825,0.8366360068321228,True,825,0.8013372421264648,True,c12_correct
826,827,827_10.bmp,preprocessed_results\827\827_10.bmp,826,826,826,0.9243150949478149,827,0.0055591389536857605,0.9187559559941292,826|827|751|616|757,0.92431509|0.00555914|0.00460679|0.00325253|0.00197570,1,0.9243150949478149,True,826,0.9243150949478149,True,826,0.8816589713096619,True,826,0.8449801206588745,True,826,0.780332088470459,True,c12_correct
827,828,828_10.bmp,preprocessed_results\828\828_10.bmp,827,827,827,0.8828612565994263,826,0.01679726131260395,0.8660639952868223,827|826|691|644|645,0.88286126|0.01679726|0.00667064|0.00449752|0.00257361,1,0.8828612565994263,True,827,0.8828612565994263,True,827,0.7068804502487183,True,827,0.8418859243392944,True,827,0.7859734296798706,True,c12_correct
828,829,829_2.bmp,preprocessed_results\829\829_2.bmp,828,828,828,0.878080427646637,786,0.006740512326359749,0.8713399153202772,828|786|650|692|580,0.87808043|0.00674051|0.00420752|0.00368668|0.00290569,1,0.878080427646637,True,828,0.878080427646637,True,828,0.6957080364227295,True,828,0.8078099489212036,True,828,0.5804144144058228,True,c12_correct
829,830,830_5.bmp,preprocessed_results\830\830_5.bmp,829,829,829,0.8929942846298218,738,0.006286037620157003,0.8867082470096648,829|738|739|809|141,0.89299428|0.00628604|0.00551353|0.00501557|0.00229283,1,0.8929942846298218,True,829,0.8929942846298218,True,829,0.8663713932037354,True,829,0.8249068260192871,True,829,0.8298493027687073,True,c12_correct
830,831,831_8.bmp,preprocessed_results\831\831_8.bmp,830,830,830,0.8786381483078003,620,0.0064550223760306835,0.8721831259317696,830|620|822|824|810,0.87863815|0.00645502|0.00413983|0.00343803|0.00239317,1,0.8786381483078003,True,830,0.8786381483078003,True,830,0.8657361268997192,True,830,0.8167375922203064,True,830,0.8117547631263733,True,c12_correct
831,832,832_9.bmp,preprocessed_results\832\832_9.bmp,831,831,799,0.19241133332252502,431,0.07622458040714264,0.11618675291538239,799|431|830|831|1,0.19241133|0.07622458|0.05816745|0.03476842|0.01860589,4,0.034768424928188324,True,799,0.19241133332252502,False,830,0.03701392188668251,False,831,0.794791579246521,True,831,0.29672980308532715,True,teacher_all_correct;true_in_top5
832,833,833_10.bmp,preprocessed_results\833\833_10.bmp,832,832,832,0.7645512819290161,304,0.012545976787805557,0.7520053051412106,832|304|678|282|531,0.76455128|0.01254598|0.00880627|0.00744003|0.00588949,1,0.7645512819290161,True,832,0.7645512819290161,True,832,0.8061517477035522,True,832,0.8294907808303833,True,832,0.8162710666656494,True,c12_correct
833,834,834_8.bmp,preprocessed_results\834\834_8.bmp,833,833,833,0.9357274770736694,832,0.00247288029640913,0.9332545967772603,833|832|102|712|487,0.93572748|0.00247288|0.00240812|0.00161826|0.00131376,1,0.9357274770736694,True,833,0.9357274770736694,True,833,0.8513408899307251,True,833,0.8211889863014221,True,833,0.8769004940986633,True,c12_correct
