index,subject_id,filename,path,label,true_label,c12_top1,c12_top1_prob,c12_top2,c12_top2_prob,c12_margin_top1_top2,c12_top5_labels,c12_top5_probs,c12_true_rank,c12_true_prob,c12_true_in_top5,c12_pred,c12_conf,c12_correct,mobilenet_pred,mobilenet_conf,mobilenet_correct,effv2m_pred,effv2m_conf,effv2m_correct,resnet50_pred,resnet50_conf,resnet50_correct,diagnosis
0,1,1_10.bmp,preprocessed_results\1\1_10.bmp,0,0,0,0.8628739714622498,1,0.03394809365272522,0.8289258778095245,0|1|308|249|207,0.86287397|0.03394809|0.00322877|0.00240218|0.00218477,1,0.8628739714622498,True,0,0.8628739714622498,True,0,0.8807249069213867,True,0,0.8586646914482117,True,0,0.8092822432518005,True,c12_correct
1,2,2_9.bmp,preprocessed_results\2\2_9.bmp,1,1,1,0.8451454639434814,0,0.00838486012071371,0.8367606038227677,1|0|97|753|806,0.84514546|0.00838486|0.00363250|0.00350356|0.00287246,1,0.8451454639434814,True,1,0.8451454639434814,True,1,0.8541948199272156,True,1,0.8367971181869507,True,1,0.7320094108581543,True,c12_correct
2,3,3_8.bmp,preprocessed_results\3\3_8.bmp,2,2,2,0.8041844367980957,623,0.013982021249830723,0.790202415548265,2|623|136|214|782,0.80418444|0.01398202|0.00813829|0.00736329|0.00498061,1,0.8041844367980957,True,2,0.8041844367980957,True,2,0.6435295343399048,True,2,0.7944902181625366,True,2,0.7591208219528198,True,c12_correct
3,4,4_6.bmp,preprocessed_results\4\4_6.bmp,3,3,3,0.9403752684593201,319,0.0077660419046878815,0.9326092265546322,3|319|735|828|661,0.94037527|0.00776604|0.00191969|0.00149671|0.00124448,1,0.9403752684593201,True,3,0.9403752684593201,True,3,0.9039043188095093,True,3,0.8390026092529297,True,3,0.7672256827354431,True,c12_correct
4,5,5_10.bmp,preprocessed_results\5\5_10.bmp,4,4,4,0.8839282989501953,170,0.02727191522717476,0.8566563837230206,4|170|198|674|83,0.88392830|0.02727192|0.00762405|0.00218520|0.00127664,1,0.8839282989501953,True,4,0.8839282989501953,True,4,0.601411759853363,True,4,0.8194741010665894,True,4,0.7296889424324036,True,c12_correct
5,6,6_6.bmp,preprocessed_results\6\6_6.bmp,5,5,5,0.6733290553092957,171,0.12886126339435577,0.5444677919149399,5|171|758|543|609,0.67332906|0.12886126|0.01636230|0.01549382|0.00262716,1,0.6733290553092957,True,5,0.6733290553092957,True,5,0.43013983964920044,True,5,0.7179867029190063,True,5,0.2726656496524811,True,c12_correct
6,7,7_10.bmp,preprocessed_results\7\7_10.bmp,6,6,6,0.9060988426208496,246,0.006312018260359764,0.8997868243604898,6|246|538|357|723,0.90609884|0.00631202|0.00339869|0.00298095|0.00240057,1,0.9060988426208496,True,6,0.9060988426208496,True,6,0.5747631192207336,True,6,0.796624481678009,True,6,0.5902025103569031,True,c12_correct
7,8,8_4.bmp,preprocessed_results\8\8_4.bmp,7,7,7,0.6140903234481812,6,0.051773350685834885,0.5623169727623463,7|6|644|604|167,0.61409032|0.05177335|0.00855268|0.00712316|0.00538689,1,0.6140903234481812,True,7,0.6140903234481812,True,7,0.5926808714866638,True,7,0.8468852639198303,True,7,0.6875666975975037,True,c12_correct
8,9,9_10.bmp,preprocessed_results\9\9_10.bmp,8,8,8,0.6385027170181274,230,0.02026190422475338,0.6182408127933741,8|230|184|88|196,0.63850272|0.02026190|0.01119300|0.00965149|0.00688716,1,0.6385027170181274,True,8,0.6385027170181274,True,8,0.5520250797271729,True,8,0.8310112357139587,True,8,0.6806895136833191,True,c12_correct
9,10,10_5.bmp,preprocessed_results\10\10_5.bmp,9,9,9,0.8459882736206055,55,0.004689052700996399,0.8412992209196091,9|55|288|120|407,0.84598827|0.00468905|0.00374781|0.00360257|0.00347792,1,0.8459882736206055,True,9,0.8459882736206055,True,9,0.619391918182373,True,9,0.8094950914382935,True,9,0.6716591119766235,True,c12_correct
10,11,11_3.bmp,preprocessed_results\11\11_3.bmp,10,10,10,0.9534754157066345,795,0.002862322609871626,0.9506130930967629,10|795|328|471|11,0.95347542|0.00286232|0.00115757|0.00102708|0.00102143,1,0.9534754157066345,True,10,0.9534754157066345,True,10,0.8380301594734192,True,10,0.8394871354103088,True,10,0.7967588901519775,True,c12_correct
11,12,12_2.bmp,preprocessed_results\12\12_2.bmp,11,11,11,0.9127094149589539,101,0.0026478373911231756,0.9100615775678307,11|101|302|792|10,0.91270941|0.00264784|0.00222033|0.00187930|0.00180701,1,0.9127094149589539,True,11,0.9127094149589539,True,11,0.928759753704071,True,11,0.8239507675170898,True,11,0.7952887415885925,True,c12_correct
12,13,13_2.bmp,preprocessed_results\13\13_2.bmp,12,12,12,0.47365275025367737,544,0.057170432060956955,0.4164823181927204,12|544|411|214|122,0.47365275|0.05717043|0.04476165|0.01440640|0.00648045,1,0.47365275025367737,True,12,0.47365275025367737,True,12,0.5140480399131775,True,12,0.8241737484931946,True,12,0.7720719575881958,True,c12_correct
13,14,14_6.bmp,preprocessed_results\14\14_6.bmp,13,13,13,0.710846483707428,256,0.01920655183494091,0.6916399318724871,13|256|662|206|674,0.71084648|0.01920655|0.00853168|0.00666807|0.00580307,1,0.710846483707428,True,13,0.710846483707428,True,13,0.7909603118896484,True,13,0.8155294060707092,True,13,0.6058489084243774,True,c12_correct
14,15,15_10.bmp,preprocessed_results\15\15_10.bmp,14,14,14,0.6901678442955017,15,0.07193027436733246,0.6182375699281693,14|15|20|223|325,0.69016784|0.07193027|0.01217110|0.00554531|0.00508807,1,0.6901678442955017,True,14,0.6901678442955017,True,14,0.7235614061355591,True,14,0.8184342384338379,True,14,0.6824061274528503,True,c12_correct
15,16,16_2.bmp,preprocessed_results\16\16_2.bmp,15,15,15,0.9379937052726746,14,0.004043071065098047,0.9339506342075765,15|14|795|190|777,0.93799371|0.00404307|0.00163761|0.00151557|0.00101552,1,0.9379937052726746,True,15,0.9379937052726746,True,15,0.8461008667945862,True,15,0.8468760848045349,True,15,0.8123117089271545,True,c12_correct
16,17,17_4.bmp,preprocessed_results\17\17_4.bmp,16,16,16,0.3381313681602478,237,0.017537303268909454,0.32059406489133835,16|237|232|82|167,0.33813137|0.01753730|0.01412625|0.01205391|0.01202933,1,0.3381313681602478,True,16,0.3381313681602478,True,16,0.3511635661125183,True,16,0.8122283220291138,True,16,0.4472997188568115,True,c12_correct
17,18,18_7.bmp,preprocessed_results\18\18_7.bmp,17,17,17,0.7985820770263672,811,0.006030198652297258,0.7925518783740699,17|811|243|149|543,0.79858208|0.00603020|0.00445107|0.00408728|0.00331558,1,0.7985820770263672,True,17,0.7985820770263672,True,17,0.1562063843011856,True,17,0.5694795250892639,True,17,0.3814961612224579,True,c12_correct
18,19,19_10.bmp,preprocessed_results\19\19_10.bmp,18,18,18,0.8822941780090332,19,0.016293266788125038,0.8660009112209082,18|19|135|58|334,0.88229418|0.01629327|0.00678559|0.00338309|0.00336165,1,0.8822941780090332,True,18,0.8822941780090332,True,18,0.7634387016296387,True,18,0.840829074382782,True,18,0.7625004649162292,True,c12_correct
19,20,20_8.bmp,preprocessed_results\20\20_8.bmp,19,19,19,0.6624094843864441,18,0.08784878253936768,0.5745607018470764,19|18|223|203|63,0.66240948|0.08784878|0.01319125|0.00597908|0.00429689,1,0.6624094843864441,True,19,0.6624094843864441,True,19,0.6597826480865479,True,19,0.8270338177680969,True,19,0.7015617489814758,True,c12_correct
20,21,21_4.bmp,preprocessed_results\21\21_4.bmp,20,20,20,0.938630998134613,21,0.008554111234843731,0.9300768868997693,20|21|159|290|225,0.93863100|0.00855411|0.00225154|0.00199394|0.00165205,1,0.938630998134613,True,20,0.938630998134613,True,20,0.9255138635635376,True,20,0.8117364048957825,True,20,0.8344922065734863,True,c12_correct
21,22,22_10.bmp,preprocessed_results\22\22_10.bmp,21,21,21,0.8617599010467529,746,0.008417726494371891,0.853342174552381,21|746|275|92|290,0.86175990|0.00841773|0.00818634|0.00658018|0.00343849,1,0.8617599010467529,True,21,0.8617599010467529,True,21,0.6421736478805542,True,21,0.8118278384208679,True,21,0.617303729057312,True,c12_correct
22,23,23_1.bmp,preprocessed_results\23\23_1.bmp,22,22,22,0.6514978408813477,130,0.019772665575146675,0.631725175306201,22|130|36|23|429,0.65149784|0.01977267|0.01013775|0.00884328|0.00822954,1,0.6514978408813477,True,22,0.6514978408813477,True,22,0.7866286039352417,True,22,0.8204826712608337,True,22,0.7457966804504395,True,c12_correct
23,24,24_3.bmp,preprocessed_results\24\24_3.bmp,23,23,23,0.8825769424438477,129,0.015481746755540371,0.8670951956883073,23|129|189|171|243,0.88257694|0.01548175|0.00215135|0.00183471|0.00158801,1,0.8825769424438477,True,23,0.8825769424438477,True,23,0.8302608132362366,True,23,0.8364779353141785,True,23,0.8065637350082397,True,c12_correct
24,25,25_6.bmp,preprocessed_results\25\25_6.bmp,24,24,24,0.8632853031158447,94,0.0063995495438575745,0.8568857535719872,24|94|88|180|25,0.86328530|0.00639955|0.00450193|0.00310608|0.00279774,1,0.8632853031158447,True,24,0.8632853031158447,True,24,0.7651947140693665,True,24,0.8136984705924988,True,24,0.7999095320701599,True,c12_correct
25,26,26_7.bmp,preprocessed_results\26\26_7.bmp,25,25,25,0.27241256833076477,353,0.02065056376159191,0.25176200456917286,25|353|105|415|254,0.27241257|0.02065056|0.01450524|0.01315430|0.01273942,1,0.27241256833076477,True,25,0.27241256833076477,True,25,0.06464889645576477,True,25,0.7919244766235352,True,25,0.41483059525489807,True,c12_correct
26,27,27_3.bmp,preprocessed_results\27\27_3.bmp,26,26,26,0.8690930604934692,27,0.02342916466295719,0.845663895830512,26|27|266|153|265,0.86909306|0.02342916|0.00621781|0.00577557|0.00407721,1,0.8690930604934692,True,26,0.8690930604934692,True,26,0.8164071440696716,True,26,0.8006393909454346,True,26,0.7260542511940002,True,c12_correct
27,28,28_10.bmp,preprocessed_results\28\28_10.bmp,27,27,27,0.9181180000305176,26,0.005943458527326584,0.912174541503191,27|26|266|332|333,0.91811800|0.00594346|0.00255850|0.00197163|0.00145330,1,0.9181180000305176,True,27,0.9181180000305176,True,27,0.7906268835067749,True,27,0.8479205965995789,True,27,0.8497887253761292,True,c12_correct
28,29,29_2.bmp,preprocessed_results\29\29_2.bmp,28,28,28,0.760884702205658,133,0.016151921823620796,0.7447327803820372,28|133|157|203|189,0.76088470|0.01615192|0.01361527|0.01017116|0.00986683,1,0.760884702205658,True,28,0.760884702205658,True,28,0.626236081123352,True,28,0.8167579174041748,True,28,0.6886655688285828,True,c12_correct
29,30,30_1.bmp,preprocessed_results\30\30_1.bmp,29,29,29,0.8722794055938721,28,0.028891118243336678,0.8433882873505354,29|28|303|157|15,0.87227941|0.02889112|0.00507546|0.00238159|0.00187100,1,0.8722794055938721,True,29,0.8722794055938721,True,29,0.5189663171768188,True,29,0.8354495763778687,True,29,0.6698707342147827,True,c12_correct
30,31,31_2.bmp,preprocessed_results\31\31_2.bmp,30,30,30,0.7761187553405762,247,0.014992335811257362,0.7611264195293188,30|247|315|31|195,0.77611876|0.01499234|0.00414052|0.00413735|0.00407792,1,0.7761187553405762,True,30,0.7761187553405762,True,30,0.6529351472854614,True,30,0.8002597093582153,True,30,0.6364003419876099,True,c12_correct
31,32,32_1.bmp,preprocessed_results\32\32_1.bmp,31,31,31,0.8532451391220093,30,0.017616139724850655,0.8356289993971586,31|30|649|270|648,0.85324514|0.01761614|0.00722388|0.00241611|0.00214194,1,0.8532451391220093,True,31,0.8532451391220093,True,31,0.7627430558204651,True,31,0.7920277714729309,True,31,0.45891278982162476,True,c12_correct
32,33,33_2.bmp,preprocessed_results\33\33_2.bmp,32,32,32,0.896835207939148,305,0.010185468941926956,0.886649738997221,32|305|89|210|317,0.89683521|0.01018547|0.00964480|0.00204036|0.00199826,1,0.896835207939148,True,32,0.896835207939148,True,32,0.7682380676269531,True,32,0.821094274520874,True,32,0.7448704242706299,True,c12_correct
33,34,34_9.bmp,preprocessed_results\34\34_9.bmp,33,33,33,0.8993900418281555,218,0.01253422535955906,0.8868558164685965,33|218|212|52|32,0.89939004|0.01253423|0.00466493|0.00334065|0.00313168,1,0.8993900418281555,True,33,0.8993900418281555,True,33,0.8822765946388245,True,33,0.848554253578186,True,33,0.8941352367401123,True,c12_correct
34,35,35_5.bmp,preprocessed_results\35\35_5.bmp,34,34,34,0.7255387306213379,137,0.020823189988732338,0.7047155406326056,34|137|136|200|411,0.72553873|0.02082319|0.01820098|0.00969691|0.00858372,1,0.7255387306213379,True,34,0.7255387306213379,True,34,0.7380006313323975,True,34,0.7965006828308105,True,34,0.6176049709320068,True,c12_correct
35,36,36_1.bmp,preprocessed_results\36\36_1.bmp,35,35,35,0.7197985053062439,34,0.00979336816817522,0.7100051371380687,35|34|484|556|33,0.71979851|0.00979337|0.00841482|0.00628270|0.00593988,1,0.7197985053062439,True,35,0.7197985053062439,True,35,0.6518524289131165,True,35,0.8184676766395569,True,35,0.49229666590690613,True,c12_correct
36,37,37_10.bmp,preprocessed_results\37\37_10.bmp,36,36,36,0.4921438694000244,37,0.013691673055291176,0.47845219634473324,36|37|291|818|290,0.49214387|0.01369167|0.01330153|0.00991311|0.00948566,1,0.4921438694000244,True,36,0.4921438694000244,True,36,0.38822150230407715,True,36,0.7999899983406067,True,36,0.727613091468811,True,c12_correct
37,38,38_8.bmp,preprocessed_results\38\38_8.bmp,37,37,37,0.15471264719963074,36,0.05010975897312164,0.1046028882265091,37|36|431|23|243,0.15471265|0.05010976|0.01656432|0.01563305|0.01475903,1,0.15471264719963074,True,37,0.15471264719963074,True,37,0.1673590987920761,True,37,0.7726715803146362,True,37,0.20163676142692566,True,c12_correct
38,39,39_4.bmp,preprocessed_results\39\39_4.bmp,38,38,38,0.2556372880935669,335,0.02531735599040985,0.23031993210315704,38|335|106|216|173,0.25563729|0.02531736|0.02396275|0.01967284|0.01750715,1,0.2556372880935669,True,38,0.2556372880935669,True,38,0.2230079174041748,True,38,0.5822464227676392,True,38,0.25276806950569153,True,c12_correct
39,40,40_4.bmp,preprocessed_results\40\40_4.bmp,39,39,39,0.6965742111206055,72,0.009135535918176174,0.6874386752024293,39|72|61|64|32,0.69657421|0.00913554|0.00688718|0.00618974|0.00398226,1,0.6965742111206055,True,39,0.6965742111206055,True,39,0.224213108420372,True,39,0.803942084312439,True,39,0.5198343992233276,True,c12_correct
40,41,41_2.bmp,preprocessed_results\41\41_2.bmp,40,40,40,0.7239452600479126,125,0.022677620872855186,0.7012676391750574,40|125|41|80|404,0.72394526|0.02267762|0.01636135|0.01627966|0.00556261,1,0.7239452600479126,True,40,0.7239452600479126,True,40,0.24941806495189667,True,40,0.7928423881530762,True,40,0.6868985295295715,True,c12_correct
41,42,42_10.bmp,preprocessed_results\42\42_10.bmp,41,41,41,0.8729990720748901,82,0.0028918704483658075,0.8701072016265243,41|82|394|702|354,0.87299907|0.00289187|0.00234187|0.00197466|0.00188414,1,0.8729990720748901,True,41,0.8729990720748901,True,41,0.8734882473945618,True,41,0.8249853849411011,True,41,0.8626769185066223,True,c12_correct
42,43,43_1.bmp,preprocessed_results\43\43_1.bmp,42,42,42,0.7559953331947327,328,0.0077695962972939014,0.7482257368974388,42|328|106|276|172,0.75599533|0.00776960|0.00635005|0.00562596|0.00551437,1,0.7559953331947327,True,42,0.7559953331947327,True,42,0.3920891582965851,True,42,0.8104299306869507,True,42,0.7076659798622131,True,c12_correct
43,44,44_10.bmp,preprocessed_results\44\44_10.bmp,43,43,43,0.81258624792099,339,0.008464399725198746,0.8041218481957912,43|339|276|267|273,0.81258625|0.00846440|0.00420249|0.00301405|0.00283313,1,0.81258624792099,True,43,0.81258624792099,True,43,0.4377520680427551,True,43,0.8148924708366394,True,43,0.7492145895957947,True,c12_correct
44,45,45_6.bmp,preprocessed_results\45\45_6.bmp,44,44,44,0.4129805862903595,197,0.017568303272128105,0.3954122830182314,44|197|127|181|45,0.41298059|0.01756830|0.01323372|0.01301733|0.01170317,1,0.4129805862903595,True,44,0.4129805862903595,True,44,0.5076844096183777,True,44,0.748665452003479,True,44,0.5809341073036194,True,c12_correct
45,46,46_10.bmp,preprocessed_results\46\46_10.bmp,45,45,45,0.4694902300834656,44,0.04407123103737831,0.42541899904608727,45|44|32|197|294,0.46949023|0.04407123|0.01644418|0.01625835|0.01543372,1,0.4694902300834656,True,45,0.4694902300834656,True,45,0.3774649202823639,True,45,0.7789205312728882,True,45,0.4231581687927246,True,c12_correct
46,47,47_4.bmp,preprocessed_results\47\47_4.bmp,46,46,46,0.7812870740890503,138,0.005363683216273785,0.7759233908727765,46|138|638|295|411,0.78128707|0.00536368|0.00388629|0.00360697|0.00341933,1,0.7812870740890503,True,46,0.7812870740890503,True,46,0.6877673864364624,True,46,0.8202536106109619,True,46,0.7196124792098999,True,c12_correct
47,48,48_10.bmp,preprocessed_results\48\48_10.bmp,47,47,47,0.5427031517028809,811,0.04222249984741211,0.5004806518554688,47|811|810|568|241,0.54270315|0.04222250|0.01783163|0.01766609|0.01317524,1,0.5427031517028809,True,47,0.5427031517028809,True,47,0.605961263179779,True,47,0.8081603050231934,True,47,0.7619240283966064,True,c12_correct
48,49,49_4.bmp,preprocessed_results\49\49_4.bmp,48,48,48,0.7083133459091187,49,0.046615589410066605,0.661697756499052,48|49|204|34|213,0.70831335|0.04661559|0.01123757|0.00772442|0.00592602,1,0.7083133459091187,True,48,0.7083133459091187,True,48,0.8156861066818237,True,48,0.8508113026618958,True,48,0.8228476643562317,True,c12_correct
49,50,50_6.bmp,preprocessed_results\50\50_6.bmp,49,49,49,0.7493817806243896,48,0.0420379675924778,0.7073438130319118,49|48|334|208|155,0.74938178|0.04203797|0.00827610|0.00493688|0.00412191,1,0.7493817806243896,True,49,0.7493817806243896,True,49,0.4845832586288452,True,49,0.7833954691886902,True,49,0.5612953901290894,True,c12_correct
50,51,51_1.bmp,preprocessed_results\51\51_1.bmp,50,50,50,0.10583660751581192,32,0.025312481448054314,0.0805241260677576,50|32|305|320|78,0.10583661|0.02531248|0.01949264|0.01821923|0.01293041,1,0.10583660751581192,True,50,0.10583660751581192,True,50,0.3544188439846039,True,50,0.7341454029083252,True,50,0.34317246079444885,True,c12_correct
51,52,52_10.bmp,preprocessed_results\52\52_10.bmp,51,51,51,0.8669202327728271,50,0.01887579634785652,0.8480444364249706,51|50|284|716|766,0.86692023|0.01887580|0.00404415|0.00310993|0.00199928,1,0.8669202327728271,True,51,0.8669202327728271,True,51,0.7491098642349243,True,51,0.8387874960899353,True,51,0.7764038443565369,True,c12_correct
52,53,53_8.bmp,preprocessed_results\53\53_8.bmp,52,52,52,0.4840770363807678,53,0.043646302074193954,0.44043073430657387,52|53|33|32|128,0.48407704|0.04364630|0.02013926|0.01795343|0.01440632,1,0.4840770363807678,True,52,0.4840770363807678,True,52,0.5507976412773132,True,52,0.7985531687736511,True,52,0.6830511093139648,True,c12_correct
53,54,54_6.bmp,preprocessed_results\54\54_6.bmp,53,53,53,0.9728356599807739,52,0.00509877922013402,0.9677368807606399,53|52|128|93|312,0.97283566|0.00509878|0.00296468|0.00066010|0.00058157,1,0.9728356599807739,True,53,0.9728356599807739,True,53,0.8920429944992065,True,53,0.8253206610679626,True,53,0.8081114888191223,True,c12_correct
54,55,55_7.bmp,preprocessed_results\55\55_7.bmp,54,54,54,0.8502414226531982,55,0.01697833277285099,0.8332630898803473,54|55|314|546|188,0.85024142|0.01697833|0.00485644|0.00365776|0.00321125,1,0.8502414226531982,True,54,0.8502414226531982,True,54,0.7777950763702393,True,54,0.8272848725318909,True,54,0.7903697490692139,True,c12_correct
55,56,56_10.bmp,preprocessed_results\56\56_10.bmp,55,55,55,0.9502819180488586,107,0.004381875041872263,0.9459000430069864,55|107|213|219|54,0.95028192|0.00438188|0.00176305|0.00131325|0.00124469,1,0.9502819180488586,True,55,0.9502819180488586,True,55,0.8364313244819641,True,55,0.818697452545166,True,55,0.7862163186073303,True,c12_correct
56,57,57_1.bmp,preprocessed_results\57\57_1.bmp,56,56,56,0.6699041128158569,114,0.021670745685696602,0.6482333671301603,56|114|833|70|562,0.66990411|0.02167075|0.00965021|0.00884788|0.00658278,1,0.6699041128158569,True,56,0.6699041128158569,True,56,0.18220864236354828,True,56,0.7715623378753662,True,56,0.6962523460388184,True,c12_correct
57,58,58_6.bmp,preprocessed_results\58\58_6.bmp,57,57,57,0.9036155939102173,56,0.0031624396797269583,0.9004531542304903,57|56|279|247|832,0.90361559|0.00316244|0.00221803|0.00178324|0.00153215,1,0.9036155939102173,True,57,0.9036155939102173,True,57,0.49123674631118774,True,57,0.8275512456893921,True,57,0.6907556653022766,True,c12_correct
58,59,59_2.bmp,preprocessed_results\59\59_2.bmp,58,58,58,0.7685796022415161,18,0.013619143515825272,0.7549604587256908,58|18|451|59|212,0.76857960|0.01361914|0.00704479|0.00433108|0.00383678,1,0.7685796022415161,True,58,0.7685796022415161,True,58,0.5202440023422241,True,58,0.8225477933883667,True,58,0.7890242338180542,True,c12_correct
59,60,60_7.bmp,preprocessed_results\60\60_7.bmp,59,59,59,0.3742750883102417,190,0.04704993963241577,0.3272251486778259,59|190|271|565|200,0.37427509|0.04704994|0.01536853|0.01060662|0.00903988,1,0.3742750883102417,True,59,0.3742750883102417,True,59,0.5646008253097534,True,59,0.8154273629188538,True,59,0.6202681064605713,True,c12_correct
60,61,61_2.bmp,preprocessed_results\61\61_2.bmp,60,60,60,0.8533777594566345,61,0.006136299576610327,0.8472414598800242,60|61|94|49|262,0.85337776|0.00613630|0.00531084|0.00398580|0.00372800,1,0.8533777594566345,True,60,0.8533777594566345,True,60,0.7853826880455017,True,60,0.7712644338607788,True,60,0.5907732248306274,True,c12_correct
61,62,62_4.bmp,preprocessed_results\62\62_4.bmp,61,61,61,0.9455052018165588,330,0.0035673752427101135,0.9419378265738487,61|330|725|818|60,0.94550520|0.00356738|0.00244328|0.00172361|0.00161847,1,0.9455052018165588,True,61,0.9455052018165588,True,61,0.8814461827278137,True,61,0.798884928226471,True,61,0.8315823078155518,True,c12_correct
62,63,63_8.bmp,preprocessed_results\63\63_8.bmp,62,62,62,0.6606863737106323,188,0.02550172619521618,0.6351846475154161,62|188|63|267|270,0.66068637|0.02550173|0.02039911|0.00758318|0.00660405,1,0.6606863737106323,True,62,0.6606863737106323,True,62,0.476125031709671,True,62,0.8014726638793945,True,62,0.7636124491691589,True,c12_correct
63,64,64_10.bmp,preprocessed_results\64\64_10.bmp,63,63,63,0.7368201017379761,62,0.03412456810474396,0.7026955336332321,63|62|26|19|223,0.73682010|0.03412457|0.00960623|0.00546142|0.00419427,1,0.7368201017379761,True,63,0.7368201017379761,True,63,0.4559694230556488,True,63,0.8451396226882935,True,63,0.8261426687240601,True,c12_correct
64,65,65_6.bmp,preprocessed_results\65\65_6.bmp,64,64,64,0.35913053154945374,65,0.06056436523795128,0.29856616631150246,64|65|317|85|206,0.35913053|0.06056437|0.03356394|0.02187066|0.01486362,1,0.35913053154945374,True,64,0.35913053154945374,True,64,0.5273507237434387,True,64,0.7972436547279358,True,64,0.52939373254776,True,c12_correct
65,66,66_4.bmp,preprocessed_results\66\66_4.bmp,65,65,65,0.8420830965042114,93,0.02230530045926571,0.8197777960449457,65|93|798|1|85,0.84208310|0.02230530|0.00649274|0.00489814|0.00299587,1,0.8420830965042114,True,65,0.8420830965042114,True,65,0.6855688095092773,True,65,0.8091311454772949,True,65,0.740159809589386,True,c12_correct
66,67,67_4.bmp,preprocessed_results\67\67_4.bmp,66,66,66,0.6393502950668335,96,0.016070865094661713,0.6232794299721718,66|96|67|218|250,0.63935030|0.01607087|0.01048496|0.01006009|0.01005848,1,0.6393502950668335,True,66,0.6393502950668335,True,66,0.8472670316696167,True,66,0.7875736951828003,True,66,0.7049486637115479,True,c12_correct
67,68,68_7.bmp,preprocessed_results\68\68_7.bmp,67,67,67,0.7022184729576111,440,0.013857733458280563,0.6883607394993305,67|440|494|66|75,0.70221847|0.01385773|0.01053296|0.00769665|0.00602577,1,0.7022184729576111,True,67,0.7022184729576111,True,67,0.8217620849609375,True,67,0.8229901194572449,True,67,0.7200608253479004,True,c12_correct
68,69,69_2.bmp,preprocessed_results\69\69_2.bmp,68,68,68,0.06749303638935089,315,0.04142378643155098,0.02606924995779991,68|315|83|434|314,0.06749304|0.04142379|0.02634937|0.01318684|0.01142871,1,0.06749303638935089,True,68,0.06749303638935089,True,68,0.026988841593265533,True,68,0.7519341111183167,True,68,0.14163829386234283,True,c12_correct
69,70,70_5.bmp,preprocessed_results\70\70_5.bmp,69,69,69,0.8858169913291931,305,0.013178898952901363,0.8726380923762918,69|305|68|295|75,0.88581699|0.01317890|0.00814446|0.00275934|0.00208369,1,0.8858169913291931,True,69,0.8858169913291931,True,69,0.8746724128723145,True,69,0.8396960496902466,True,69,0.7727867364883423,True,c12_correct
70,71,71_8.bmp,preprocessed_results\71\71_8.bmp,70,70,70,0.8434721231460571,134,0.006946978159248829,0.8365251449868083,70|134|276|505|483,0.84347212|0.00694698|0.00642763|0.00519009|0.00482868,1,0.8434721231460571,True,70,0.8434721231460571,True,70,0.7841553092002869,True,70,0.7792479991912842,True,70,0.6955704092979431,True,c12_correct
71,72,72_3.bmp,preprocessed_results\72\72_3.bmp,71,71,71,0.8169612288475037,79,0.004417006857693195,0.8125442219898105,71|79|109|573|304,0.81696123|0.00441701|0.00357282|0.00340704|0.00331385,1,0.8169612288475037,True,71,0.8169612288475037,True,71,0.7174938321113586,True,71,0.8179856538772583,True,71,0.758594810962677,True,c12_correct
72,73,73_7.bmp,preprocessed_results\73\73_7.bmp,72,72,72,0.8716211318969727,39,0.012104757130146027,0.8595163747668266,72|39|103|66|219,0.87162113|0.01210476|0.00436171|0.00325004|0.00295043,1,0.8716211318969727,True,72,0.8716211318969727,True,72,0.8958276510238647,True,72,0.8229001760482788,True,72,0.747757613658905,True,c12_correct
73,74,74_10.bmp,preprocessed_results\74\74_10.bmp,73,73,73,0.9541398882865906,72,0.004192408174276352,0.9499474801123142,73|72|531|832|107,0.95413989|0.00419241|0.00207278|0.00141090|0.00083905,1,0.9541398882865906,True,73,0.9541398882865906,True,73,0.7160604596138,True,73,0.8188269138336182,True,73,0.8023044466972351,True,c12_correct
74,75,75_10.bmp,preprocessed_results\75\75_10.bmp,74,74,74,0.8359736204147339,413,0.004633229225873947,0.8313403911888599,74|413|33|75|386,0.83597362|0.00463323|0.00404448|0.00335523|0.00283322,1,0.8359736204147339,True,74,0.8359736204147339,True,74,0.8527525067329407,True,74,0.8163149356842041,True,74,0.7581993341445923,True,c12_correct
75,76,76_5.bmp,preprocessed_results\76\76_5.bmp,75,75,75,0.12514401972293854,45,0.028130128979682922,0.09701389074325562,75|45|173|91|19,0.12514402|0.02813013|0.02511719|0.02330604|0.02270794,1,0.12514401972293854,True,75,0.12514401972293854,True,75,0.2246255725622177,True,75,0.7689766883850098,True,75,0.4210888147354126,True,c12_correct
76,77,77_7.bmp,preprocessed_results\77\77_7.bmp,76,76,76,0.6703927516937256,165,0.03182384371757507,0.6385689079761505,76|165|211|344|156,0.67039275|0.03182384|0.01196480|0.01073859|0.01006450,1,0.6703927516937256,True,76,0.6703927516937256,True,76,0.8419529795646667,True,76,0.8249607086181641,True,76,0.7500277161598206,True,c12_correct
77,78,78_8.bmp,preprocessed_results\78\78_8.bmp,77,77,77,0.705062210559845,76,0.04651544615626335,0.6585467644035816,77|76|144|139|199,0.70506221|0.04651545|0.00896811|0.00635640|0.00622431,1,0.705062210559845,True,77,0.705062210559845,True,77,0.7245749831199646,True,77,0.8255394101142883,True,77,0.7718297839164734,True,c12_correct
78,79,79_10.bmp,preprocessed_results\79\79_10.bmp,78,78,78,0.9357381463050842,188,0.0030090382788330317,0.9327291080262512,78|188|32|91|79,0.93573815|0.00300904|0.00245565|0.00173869|0.00170205,1,0.9357381463050842,True,78,0.9357381463050842,True,78,0.8185819983482361,True,78,0.8190589547157288,True,78,0.7982648611068726,True,c12_correct
79,80,80_7.bmp,preprocessed_results\80\80_7.bmp,79,79,79,0.8712583780288696,83,0.01819726824760437,0.8530611097812653,79|83|211|54|281,0.87125838|0.01819727|0.01453831|0.00298455|0.00285863,1,0.8712583780288696,True,79,0.8712583780288696,True,79,0.7811741232872009,True,79,0.8437343835830688,True,79,0.7179116606712341,True,c12_correct
80,81,81_9.bmp,preprocessed_results\81\81_9.bmp,80,80,80,0.7940794825553894,396,0.005870488937944174,0.7882089936174452,80|396|362|466|533,0.79407948|0.00587049|0.00527327|0.00489787|0.00451789,1,0.7940794825553894,True,80,0.7940794825553894,True,80,0.8158132433891296,True,80,0.8460924625396729,True,80,0.7770246863365173,True,c12_correct
81,82,82_7.bmp,preprocessed_results\82\82_7.bmp,81,81,81,0.9228072762489319,774,0.0042258501052856445,0.9185814261436462,81|774|543|545|123,0.92280728|0.00422585|0.00332437|0.00251731|0.00189130,1,0.9228072762489319,True,81,0.9228072762489319,True,81,0.7951616048812866,True,81,0.8131719827651978,True,81,0.7468585968017578,True,c12_correct
82,83,83_4.bmp,preprocessed_results\83\83_4.bmp,82,82,82,0.7182696461677551,197,0.07883207499980927,0.6394375711679459,82|197|155|57|25,0.71826965|0.07883207|0.00871478|0.00668511|0.00650009,1,0.7182696461677551,True,82,0.7182696461677551,True,82,0.2235851287841797,True,82,0.7997211813926697,True,82,0.4985150098800659,True,c12_correct
83,84,84_6.bmp,preprocessed_results\84\84_6.bmp,83,83,83,0.13429123163223267,82,0.06648984551429749,0.06780138611793518,83|82|41|197|27,0.13429123|0.06648985|0.02793491|0.02019439|0.01366692,1,0.13429123163223267,True,83,0.13429123163223267,True,83,0.36072197556495667,True,83,0.7975923418998718,True,83,0.5456641912460327,True,c12_correct
84,85,85_3.bmp,preprocessed_results\85\85_3.bmp,84,84,84,0.9488493204116821,85,0.0072814892046153545,0.9415678312070668,84|85|330|243|104,0.94884932|0.00728149|0.00174555|0.00087217|0.00064630,1,0.9488493204116821,True,84,0.9488493204116821,True,84,0.8762915730476379,True,84,0.8383473753929138,True,84,0.8841228485107422,True,c12_correct
85,86,86_7.bmp,preprocessed_results\86\86_7.bmp,85,85,85,0.27198779582977295,84,0.06206236407160759,0.20992543175816536,85|84|762|250|46,0.27198780|0.06206236|0.01541400|0.01301969|0.01209039,1,0.27198779582977295,True,85,0.27198779582977295,True,85,0.032001130282878876,True,85,0.7507665753364563,True,85,0.21948964893817902,True,c12_correct
86,87,87_4.bmp,preprocessed_results\87\87_4.bmp,86,86,86,0.8577145934104919,87,0.020334897562861443,0.8373796958476305,86|87|98|198|565,0.85771459|0.02033490|0.00282702|0.00187258|0.00138063,1,0.8577145934104919,True,86,0.8577145934104919,True,86,0.46734973788261414,True,86,0.7750694751739502,True,86,0.6007105708122253,True,c12_correct
87,88,88_7.bmp,preprocessed_results\88\88_7.bmp,87,87,87,0.7281737923622131,86,0.07171996682882309,0.65645382553339,87|86|198|244|262,0.72817379|0.07171997|0.00922572|0.00842897|0.00378763,1,0.7281737923622131,True,87,0.7281737923622131,True,87,0.7911491990089417,True,87,0.8361907601356506,True,87,0.7942354083061218,True,c12_correct
88,89,89_2.bmp,preprocessed_results\89\89_2.bmp,88,88,88,0.8018710017204285,18,0.014535335823893547,0.7873356658965349,88|18|8|497|156,0.80187100|0.01453534|0.01067476|0.00958395|0.00578480,1,0.8018710017204285,True,88,0.8018710017204285,True,88,0.6978532671928406,True,88,0.80516117811203,True,88,0.6853646636009216,True,c12_correct
89,90,90_10.bmp,preprocessed_results\90\90_10.bmp,89,89,89,0.14215843379497528,171,0.021144870668649673,0.12101356312632561,89|171|83|267|288,0.14215843|0.02114487|0.01713127|0.01408803|0.01392995,1,0.14215843379497528,True,89,0.14215843379497528,True,89,0.3164088726043701,True,89,0.8305042386054993,True,89,0.40172386169433594,True,c12_correct
90,91,91_8.bmp,preprocessed_results\91\91_8.bmp,90,90,90,0.912857711315155,91,0.010523278266191483,0.9023344330489635,90|91|78|347|326,0.91285771|0.01052328|0.00147725|0.00146691|0.00133051,1,0.912857711315155,True,90,0.912857711315155,True,90,0.8476839065551758,True,90,0.8359744548797607,True,90,0.7084757685661316,True,c12_correct
91,92,92_9.bmp,preprocessed_results\92\92_9.bmp,91,91,91,0.7389352321624756,90,0.050590306520462036,0.6883449256420135,91|90|254|496|78,0.73893523|0.05059031|0.00927670|0.00724207|0.00649289,1,0.7389352321624756,True,91,0.7389352321624756,True,91,0.7135505676269531,True,91,0.8198827505111694,True,91,0.7364636063575745,True,c12_correct
92,93,93_4.bmp,preprocessed_results\93\93_4.bmp,92,92,92,0.6905446648597717,158,0.009833571501076221,0.6807110933586955,92|158|321|151|658,0.69054466|0.00983357|0.00951417|0.00653445|0.00593600,1,0.6905446648597717,True,92,0.6905446648597717,True,92,0.8777135610580444,True,92,0.8404753804206848,True,92,0.7434505224227905,True,c12_correct
93,94,94_6.bmp,preprocessed_results\94\94_6.bmp,93,93,93,0.6802361607551575,92,0.04808199405670166,0.6321541666984558,93|92|187|151|309,0.68023616|0.04808199|0.02264032|0.00743622|0.00480882,1,0.6802361607551575,True,93,0.6802361607551575,True,93,0.57289719581604,True,93,0.826086699962616,True,93,0.8152825236320496,True,c12_correct
94,95,95_7.bmp,preprocessed_results\95\95_7.bmp,94,94,94,0.9178504347801208,413,0.003668134566396475,0.9141823002137244,94|413|18|24|203,0.91785043|0.00366813|0.00331173|0.00320797|0.00303004,1,0.9178504347801208,True,94,0.9178504347801208,True,94,0.8332896828651428,True,94,0.8332309126853943,True,94,0.7720972895622253,True,c12_correct
95,96,96_8.bmp,preprocessed_results\96\96_8.bmp,95,95,95,0.9031452536582947,134,0.004799588117748499,0.8983456655405462,95|134|382|178|50,0.90314525|0.00479959|0.00319468|0.00227260|0.00162344,1,0.9031452536582947,True,95,0.9031452536582947,True,95,0.7778681516647339,True,95,0.7915501594543457,True,95,0.7649679780006409,True,c12_correct
96,97,97_9.bmp,preprocessed_results\97\97_9.bmp,96,96,96,0.3552737236022949,250,0.016737699508666992,0.33853602409362793,96|250|7|206|131,0.35527372|0.01673770|0.01419772|0.00971197|0.00939129,1,0.3552737236022949,True,96,0.3552737236022949,True,96,0.09452249109745026,True,96,0.7569231390953064,True,96,0.6545661091804504,True,c12_correct
97,98,98_7.bmp,preprocessed_results\98\98_7.bmp,97,97,97,0.7302821278572083,157,0.0068101887591183186,0.7234719390980899,97|157|1|28|96,0.73028213|0.00681019|0.00489571|0.00430529|0.00404047,1,0.7302821278572083,True,97,0.7302821278572083,True,97,0.34083837270736694,True,97,0.7955737113952637,True,97,0.581470787525177,True,c12_correct
98,99,99_3.bmp,preprocessed_results\99\99_3.bmp,98,98,98,0.8191507458686829,66,0.008716512471437454,0.8104342333972454,98|66|250|139|332,0.81915075|0.00871651|0.00449231|0.00409344|0.00235434,1,0.8191507458686829,True,98,0.8191507458686829,True,98,0.8331804275512695,True,98,0.8251369595527649,True,98,0.8091744780540466,True,c12_correct
99,100,100_4.bmp,preprocessed_results\100\100_4.bmp,99,99,99,0.8841060996055603,279,0.003564113052561879,0.8805419865529984,99|279|163|661|269,0.88410610|0.00356411|0.00326080|0.00244451|0.00146464,1,0.8841060996055603,True,99,0.8841060996055603,True,99,0.8797392249107361,True,99,0.8287761807441711,True,99,0.6222241520881653,True,c12_correct
100,101,101_5.bmp,preprocessed_results\101\101_5.bmp,100,100,100,0.80877286195755,101,0.008117934688925743,0.8006549272686243,100|101|486|4|262,0.80877286|0.00811793|0.00307788|0.00307555|0.00288903,1,0.80877286195755,True,100,0.80877286195755,True,100,0.3956323564052582,True,100,0.7405723333358765,True,100,0.7262161374092102,True,c12_correct
101,102,102_4.bmp,preprocessed_results\102\102_4.bmp,101,101,101,0.9545334577560425,325,0.0019396720454096794,0.9525937857106328,101|325|100|107|49,0.95453346|0.00193967|0.00076086|0.00075019|0.00063148,1,0.9545334577560425,True,101,0.9545334577560425,True,101,0.902595579624176,True,101,0.8511186242103577,True,101,0.7943485975265503,True,c12_correct
102,103,103_6.bmp,preprocessed_results\103\103_6.bmp,102,102,102,0.5654670596122742,801,0.01783079095184803,0.5476362686604261,102|801|103|42|218,0.56546706|0.01783079|0.01679890|0.01116026|0.01049383,1,0.5654670596122742,True,102,0.5654670596122742,True,102,0.6483811140060425,True,102,0.7950174808502197,True,102,0.4758383333683014,True,c12_correct
103,104,104_8.bmp,preprocessed_results\104\104_8.bmp,103,103,103,0.6245051622390747,102,0.10859482735395432,0.5159103348851204,103|102|373|605|599,0.62450516|0.10859483|0.00878781|0.00569125|0.00478009,1,0.6245051622390747,True,103,0.6245051622390747,True,103,0.14023493230342865,True,103,0.7945865988731384,True,103,0.48975270986557007,True,c12_correct
104,105,105_4.bmp,preprocessed_results\105\105_4.bmp,104,104,104,0.7736919522285461,50,0.0419575460255146,0.7317344062030315,104|50|771|391|130,0.77369195|0.04195755|0.01168852|0.00328208|0.00328022,1,0.7736919522285461,True,104,0.7736919522285461,True,104,0.66318678855896,True,104,0.7871723175048828,True,104,0.5598569512367249,True,c12_correct
105,106,106_4.bmp,preprocessed_results\106\106_4.bmp,105,105,105,0.6343393921852112,104,0.01363052986562252,0.6207088623195887,105|104|154|262|168,0.63433939|0.01363053|0.01152572|0.00727888|0.00710769,1,0.6343393921852112,True,105,0.6343393921852112,True,105,0.7331260442733765,True,105,0.8437362313270569,True,105,0.7526111006736755,True,c12_correct
106,107,107_10.bmp,preprocessed_results\107\107_10.bmp,106,106,106,0.6796373128890991,56,0.010565129108726978,0.6690721837803721,106|56|10|42|328,0.67963731|0.01056513|0.00770152|0.00741125|0.00652157,1,0.6796373128890991,True,106,0.6796373128890991,True,106,0.5406783819198608,True,106,0.7941035628318787,True,106,0.4922419488430023,True,c12_correct
107,108,108_7.bmp,preprocessed_results\108\108_7.bmp,107,107,107,0.9419111609458923,55,0.001762187690474093,0.9401489732554182,107|55|279|192|366,0.94191116|0.00176219|0.00167108|0.00149536|0.00124912,1,0.9419111609458923,True,107,0.9419111609458923,True,107,0.8775529861450195,True,107,0.8353186249732971,True,107,0.7888235449790955,True,c12_correct
108,109,109_10.bmp,preprocessed_results\109\109_10.bmp,108,108,108,0.9157392382621765,109,0.019927676767110825,0.8958115614950657,108|109|817|330|112,0.91573924|0.01992768|0.00217411|0.00210220|0.00188079,1,0.9157392382621765,True,108,0.9157392382621765,True,108,0.8457583785057068,True,108,0.8356016874313354,True,108,0.8565263748168945,True,c12_correct
109,110,110_9.bmp,preprocessed_results\110\110_9.bmp,109,109,109,0.7424971461296082,773,0.00753199215978384,0.7349651539698243,109|773|108|605|63,0.74249715|0.00753199|0.00731628|0.00597174|0.00355323,1,0.7424971461296082,True,109,0.7424971461296082,True,109,0.827057421207428,True,109,0.8375621438026428,True,109,0.7923041582107544,True,c12_correct
110,111,111_7.bmp,preprocessed_results\111\111_7.bmp,110,110,110,0.9092453122138977,111,0.006265424191951752,0.902979888021946,110|111|46|189|728,0.90924531|0.00626542|0.00261202|0.00188745|0.00166247,1,0.9092453122138977,True,110,0.9092453122138977,True,110,0.8151899576187134,True,110,0.8302757740020752,True,110,0.7916369438171387,True,c12_correct
111,112,112_1.bmp,preprocessed_results\112\112_1.bmp,111,111,111,0.8791959285736084,110,0.0075613753870129585,0.8716345531865954,111|110|787|161|622,0.87919593|0.00756138|0.00453658|0.00351441|0.00273689,1,0.8791959285736084,True,111,0.8791959285736084,True,111,0.7532030344009399,True,111,0.832529604434967,True,111,0.8635942339897156,True,c12_correct
112,113,113_2.bmp,preprocessed_results\113\113_2.bmp,112,112,112,0.8961507081985474,113,0.01624225825071335,0.879908449947834,112|113|118|795|105,0.89615071|0.01624226|0.00254120|0.00156339|0.00147609,1,0.8961507081985474,True,112,0.8961507081985474,True,112,0.8074002861976624,True,112,0.8285282254219055,True,112,0.789537250995636,True,c12_correct
113,114,114_1.bmp,preprocessed_results\114\114_1.bmp,113,113,113,0.865260124206543,112,0.06651695817708969,0.7987431660294533,113|112|41|209|118,0.86526012|0.06651696|0.00345638|0.00311735|0.00248289,1,0.865260124206543,True,113,0.865260124206543,True,113,0.8869433403015137,True,113,0.8477755784988403,True,113,0.8546180129051208,True,c12_correct
114,115,115_5.bmp,preprocessed_results\115\115_5.bmp,114,114,114,0.8872921466827393,294,0.0065285637974739075,0.8807635828852654,114|294|115|247|144,0.88729215|0.00652856|0.00429275|0.00410454|0.00231160,1,0.8872921466827393,True,114,0.8872921466827393,True,114,0.858517050743103,True,114,0.8238390684127808,True,114,0.7999060750007629,True,c12_correct
115,116,116_8.bmp,preprocessed_results\116\116_8.bmp,115,115,115,0.6714451909065247,114,0.0287866722792387,0.642658518627286,115|114|77|699|142,0.67144519|0.02878667|0.00812826|0.00687375|0.00615103,1,0.6714451909065247,True,115,0.6714451909065247,True,115,0.8030570149421692,True,115,0.823432981967926,True,115,0.8693581223487854,True,c12_correct
116,117,117_6.bmp,preprocessed_results\117\117_6.bmp,116,116,116,0.7855206727981567,117,0.07852858304977417,0.7069920897483826,116|117|282|152|832,0.78552067|0.07852858|0.00436318|0.00324280|0.00292333,1,0.7855206727981567,True,116,0.7855206727981567,True,116,0.5297648310661316,True,116,0.8277447819709778,True,116,0.5974102020263672,True,c12_correct
117,118,118_1.bmp,preprocessed_results\118\118_1.bmp,117,117,117,0.4298611581325531,116,0.027535459026694298,0.4023256991058588,117|116|221|143|665,0.42986116|0.02753546|0.02627195|0.01701351|0.01491849,1,0.4298611581325531,True,117,0.4298611581325531,True,117,0.19313696026802063,True,117,0.768704891204834,True,117,0.4743545949459076,True,c12_correct
118,119,119_9.bmp,preprocessed_results\119\119_9.bmp,118,118,118,0.583889365196228,288,0.03448725864291191,0.5494021065533161,118|288|36|137|128,0.58388937|0.03448726|0.01523401|0.01141618|0.01056037,1,0.583889365196228,True,118,0.583889365196228,True,118,0.6040449738502502,True,118,0.7981835603713989,True,118,0.6394839882850647,True,c12_correct
119,120,120_7.bmp,preprocessed_results\120\120_7.bmp,119,119,119,0.7771448493003845,288,0.013175281696021557,0.763969567604363,119|288|118|62|217,0.77714485|0.01317528|0.00801588|0.00719003|0.00449499,1,0.7771448493003845,True,119,0.7771448493003845,True,119,0.4365595579147339,True,119,0.8015689849853516,True,119,0.6659476161003113,True,c12_correct
120,121,121_7.bmp,preprocessed_results\121\121_7.bmp,120,120,120,0.7330101132392883,274,0.009715534746646881,0.7232945784926414,120|274|533|121|151,0.73301011|0.00971553|0.00539592|0.00487613|0.00377039,1,0.7330101132392883,True,120,0.7330101132392883,True,120,0.24567803740501404,True,120,0.8141081929206848,True,120,0.5666559338569641,True,c12_correct
121,122,122_4.bmp,preprocessed_results\122\122_4.bmp,121,121,121,0.8712672591209412,120,0.004303844645619392,0.8669634144753218,121|120|40|711|26,0.87126726|0.00430384|0.00401501|0.00251107|0.00193858,1,0.8712672591209412,True,121,0.8712672591209412,True,121,0.8331889510154724,True,121,0.8172509074211121,True,121,0.7588832974433899,True,c12_correct
122,123,123_9.bmp,preprocessed_results\123\123_9.bmp,122,122,122,0.9134911894798279,123,0.010103126056492329,0.9033880634233356,122|123|180|214|223,0.91349119|0.01010313|0.00373773|0.00123184|0.00121535,1,0.9134911894798279,True,122,0.9134911894798279,True,122,0.871587336063385,True,122,0.8455568552017212,True,122,0.872175395488739,True,c12_correct
123,124,124_9.bmp,preprocessed_results\124\124_9.bmp,123,123,123,0.8137989640235901,250,0.007976656779646873,0.8058223072439432,123|250|263|207|96,0.81379896|0.00797666|0.00450956|0.00389857|0.00309409,1,0.8137989640235901,True,123,0.8137989640235901,True,123,0.8018882274627686,True,123,0.8397006392478943,True,123,0.80231773853302,True,c12_correct
124,125,125_9.bmp,preprocessed_results\125\125_9.bmp,124,124,124,0.49383726716041565,125,0.04138917848467827,0.4524480886757374,124|125|231|185|82,0.49383727|0.04138918|0.01947160|0.01428330|0.01401608,1,0.49383726716041565,True,124,0.49383726716041565,True,124,0.5464208126068115,True,124,0.7816704511642456,True,124,0.5780638456344604,True,c12_correct
125,126,126_9.bmp,preprocessed_results\126\126_9.bmp,125,125,125,0.917661190032959,124,0.01651397906243801,0.901147210970521,125|124|247|229|231,0.91766119|0.01651398|0.00245436|0.00178908|0.00151420,1,0.917661190032959,True,125,0.917661190032959,True,125,0.6981365084648132,True,125,0.8288835883140564,True,125,0.7750445008277893,True,c12_correct
126,127,127_2.bmp,preprocessed_results\127\127_2.bmp,126,126,126,0.713113009929657,246,0.02200302854180336,0.6911099813878536,126|246|247|328|216,0.71311301|0.02200303|0.02039743|0.01185815|0.00558393,1,0.713113009929657,True,126,0.713113009929657,True,126,0.8147421479225159,True,126,0.8071259260177612,True,126,0.8581547737121582,True,c12_correct
127,128,128_4.bmp,preprocessed_results\128\128_4.bmp,127,127,127,0.8970044255256653,145,0.006092005409300327,0.890912420116365,127|145|652|294|126,0.89700443|0.00609201|0.00136918|0.00123954|0.00118677,1,0.8970044255256653,True,127,0.8970044255256653,True,127,0.8600190877914429,True,127,0.801263689994812,True,127,0.7618902325630188,True,c12_correct
128,129,129_8.bmp,preprocessed_results\129\129_8.bmp,128,128,128,0.9675993323326111,52,0.0025235088542103767,0.9650758234784007,128|52|53|253|217,0.96759933|0.00252351|0.00214789|0.00077569|0.00062793,1,0.9675993323326111,True,128,0.9675993323326111,True,128,0.9176016449928284,True,128,0.8296204805374146,True,128,0.8694758415222168,True,c12_correct
129,130,130_7.bmp,preprocessed_results\130\130_7.bmp,129,129,129,0.66755211353302,209,0.01229011733084917,0.6552619962021708,129|209|128|778|243,0.66755211|0.01229012|0.00901277|0.00865674|0.00840623,1,0.66755211353302,True,129,0.66755211353302,True,129,0.5872846841812134,True,129,0.8207898139953613,True,129,0.7634854912757874,True,c12_correct
130,131,131_7.bmp,preprocessed_results\131\131_7.bmp,130,130,130,0.8075267672538757,104,0.011042540892958641,0.7964842263609171,130|104|131|735|22,0.80752677|0.01104254|0.00726352|0.00565649|0.00462202,1,0.8075267672538757,True,130,0.8075267672538757,True,130,0.7277887463569641,True,130,0.8364720940589905,True,130,0.7359280586242676,True,c12_correct
131,132,132_6.bmp,preprocessed_results\132\132_6.bmp,131,131,131,0.9582237601280212,130,0.0024846098385751247,0.9557391502894461,131|130|48|281|22,0.95822376|0.00248461|0.00135561|0.00114028|0.00066883,1,0.9582237601280212,True,131,0.9582237601280212,True,131,0.8703324794769287,True,131,0.8311718106269836,True,131,0.8959197998046875,True,c12_correct
132,133,133_3.bmp,preprocessed_results\133\133_3.bmp,132,132,132,0.9023913145065308,133,0.0037924344651401043,0.8985988800413907,132|133|12|207|383,0.90239131|0.00379243|0.00335630|0.00290596|0.00213227,1,0.9023913145065308,True,132,0.9023913145065308,True,132,0.868712842464447,True,132,0.8296734094619751,True,132,0.8229104280471802,True,c12_correct
133,134,134_6.bmp,preprocessed_results\134\134_6.bmp,133,133,133,0.8017333149909973,132,0.018052630126476288,0.783680684864521,133|132|715|157|304,0.80173331|0.01805263|0.00441308|0.00334619|0.00295759,1,0.8017333149909973,True,133,0.8017333149909973,True,133,0.7530146837234497,True,133,0.8402273654937744,True,133,0.7523941993713379,True,c12_correct
134,135,135_3.bmp,preprocessed_results\135\135_3.bmp,134,134,134,0.5567871928215027,479,0.03658934682607651,0.5201978459954262,134|479|548|114|483,0.55678719|0.03658935|0.02070585|0.01046251|0.00700642,1,0.5567871928215027,True,134,0.5567871928215027,True,134,0.20827709138393402,True,134,0.7575277090072632,True,134,0.4385334551334381,True,c12_correct
135,136,136_1.bmp,preprocessed_results\136\136_1.bmp,135,135,135,0.9136590361595154,264,0.0025002427864819765,0.9111587933730334,135|264|208|75|28,0.91365904|0.00250024|0.00224727|0.00169747|0.00149348,1,0.9136590361595154,True,135,0.9136590361595154,True,135,0.6060073375701904,True,135,0.7870514988899231,True,135,0.4044603407382965,True,c12_correct
136,137,137_9.bmp,preprocessed_results\137\137_9.bmp,136,136,136,0.6458595395088196,137,0.02164667285978794,0.6242128666490316,136|137|16|177|238,0.64585954|0.02164667|0.02098600|0.01011012|0.00859174,1,0.6458595395088196,True,136,0.6458595395088196,True,136,0.4424760639667511,True,136,0.8150215744972229,True,136,0.6663075685501099,True,c12_correct
137,138,138_10.bmp,preprocessed_results\138\138_10.bmp,137,137,137,0.9233700037002563,136,0.014115022495388985,0.9092549812048674,137|136|521|34|216,0.92337000|0.01411502|0.00147156|0.00138346|0.00135806,1,0.9233700037002563,True,137,0.9233700037002563,True,137,0.6915363669395447,True,137,0.8016167283058167,True,137,0.7315720319747925,True,c12_correct
138,139,139_4.bmp,preprocessed_results\139\139_4.bmp,138,138,138,0.8129749298095703,190,0.0054745180532336235,0.8075004117563367,138|190|560|409|819,0.81297493|0.00547452|0.00483016|0.00349214|0.00335951,1,0.8129749298095703,True,138,0.8129749298095703,True,138,0.6187554001808167,True,138,0.8126793503761292,True,138,0.7880300879478455,True,c12_correct
139,140,140_2.bmp,preprocessed_results\140\140_2.bmp,139,139,139,0.3636978566646576,268,0.020526835694909096,0.3431710209697485,139|268|434|780|69,0.36369786|0.02052684|0.01825302|0.01817760|0.01517686,1,0.3636978566646576,True,139,0.3636978566646576,True,139,0.6756494641304016,True,139,0.8272345066070557,True,139,0.6089816689491272,True,c12_correct
140,141,141_4.bmp,preprocessed_results\141\141_4.bmp,140,140,140,0.09713152796030045,315,0.047675177454948425,0.04945635050535202,140|315|141|564|494,0.09713153|0.04767518|0.03428037|0.03048927|0.02999372,1,0.09713152796030045,True,140,0.09713152796030045,True,141,0.022094620391726494,False,140,0.7283158302307129,True,140,0.06530822813510895,True,c12_correct
141,142,142_7.bmp,preprocessed_results\142\142_7.bmp,141,141,141,0.7976483106613159,299,0.02823408506810665,0.7694142255932093,141|299|140|155|154,0.79764831|0.02823409|0.00597912|0.00568973|0.00452109,1,0.7976483106613159,True,141,0.7976483106613159,True,141,0.8705301880836487,True,141,0.7959815859794617,True,141,0.6441239714622498,True,c12_correct
142,143,143_9.bmp,preprocessed_results\143\143_9.bmp,142,142,142,0.9683846831321716,333,0.001293763518333435,0.9670909196138382,142|333|271|272|691,0.96838468|0.00129376|0.00101532|0.00078226|0.00067292,1,0.9683846831321716,True,142,0.9683846831321716,True,142,0.8433498740196228,True,142,0.8188344836235046,True,142,0.8558642268180847,True,c12_correct
143,144,144_6.bmp,preprocessed_results\144\144_6.bmp,143,143,143,0.7601943612098694,564,0.014479292556643486,0.7457150686532259,143|564|273|270|339,0.76019436|0.01447929|0.00891275|0.00831168|0.00651177,1,0.7601943612098694,True,143,0.7601943612098694,True,143,0.6582048535346985,True,143,0.8093852400779724,True,143,0.750218391418457,True,c12_correct
144,145,145_10.bmp,preprocessed_results\145\145_10.bmp,144,144,144,0.8684120178222656,145,0.02719266712665558,0.84121935069561,144|145|814|539|455,0.86841202|0.02719267|0.00424730|0.00416577|0.00250651,1,0.8684120178222656,True,144,0.8684120178222656,True,144,0.7101138234138489,True,144,0.819853663444519,True,144,0.7676721811294556,True,c12_correct
145,146,146_7.bmp,preprocessed_results\146\146_7.bmp,145,145,145,0.9421396851539612,144,0.005782019346952438,0.9363576658070087,145|144|476|102|378,0.94213969|0.00578202|0.00173638|0.00167738|0.00145897,1,0.9421396851539612,True,145,0.9421396851539612,True,145,0.9326630234718323,True,145,0.8330891728401184,True,145,0.8091732263565063,True,c12_correct
146,147,147_3.bmp,preprocessed_results\147\147_3.bmp,146,146,146,0.9474761486053467,314,0.0012840970885008574,0.9461920515168458,146|314|580|252|86,0.94747615|0.00128410|0.00106867|0.00103295|0.00085143,1,0.9474761486053467,True,146,0.9474761486053467,True,146,0.8832305669784546,True,146,0.8268202543258667,True,146,0.8632963299751282,True,c12_correct
147,148,148_5.bmp,preprocessed_results\148\148_5.bmp,147,147,147,0.8475229144096375,79,0.0054972353391349316,0.8420256790705025,147|79|89|83|255,0.84752291|0.00549724|0.00429061|0.00411062|0.00292681,1,0.8475229144096375,True,147,0.8475229144096375,True,147,0.7279912829399109,True,147,0.8391075134277344,True,147,0.6580083966255188,True,c12_correct
148,149,149_10.bmp,preprocessed_results\149\149_10.bmp,148,148,148,0.9248545169830322,149,0.004458568058907986,0.9203959489241242,148|149|534|178|281,0.92485452|0.00445857|0.00406462|0.00209236|0.00171043,1,0.9248545169830322,True,148,0.9248545169830322,True,148,0.8899001479148865,True,148,0.8064243197441101,True,148,0.8157286047935486,True,c12_correct
149,150,150_9.bmp,preprocessed_results\150\150_9.bmp,149,149,149,0.6529799103736877,148,0.015336302109062672,0.6376436082646251,149|148|534|435|716,0.65297991|0.01533630|0.01175650|0.00965212|0.00745860,1,0.6529799103736877,True,149,0.6529799103736877,True,149,0.8110630512237549,True,149,0.8185693621635437,True,149,0.7895731925964355,True,c12_correct
150,151,151_1.bmp,preprocessed_results\151\151_1.bmp,150,150,150,0.9697471857070923,151,0.002063002437353134,0.9676841832697392,150|151|449|468|317,0.96974719|0.00206300|0.00047539|0.00038491|0.00031796,1,0.9697471857070923,True,150,0.9697471857070923,True,150,0.8370028138160706,True,150,0.8262868523597717,True,150,0.8613103628158569,True,c12_correct
151,152,152_3.bmp,preprocessed_results\152\152_3.bmp,151,151,151,0.9424327611923218,150,0.00717501575127244,0.9352577454410493,151|150|76|86|120,0.94243276|0.00717502|0.00156778|0.00098744|0.00091751,1,0.9424327611923218,True,151,0.9424327611923218,True,151,0.8621994853019714,True,151,0.8132287263870239,True,151,0.8697288036346436,True,c12_correct
152,153,153_6.bmp,preprocessed_results\153\153_6.bmp,152,152,152,0.9219497442245483,153,0.010259230621159077,0.9116905136033893,152|153|26|38|552,0.92194974|0.01025923|0.00363767|0.00204645|0.00133878,1,0.9219497442245483,True,152,0.9219497442245483,True,152,0.8363532423973083,True,152,0.8279730081558228,True,152,0.7846482992172241,True,c12_correct
153,154,154_4.bmp,preprocessed_results\154\154_4.bmp,153,153,153,0.9209079146385193,152,0.007850226014852524,0.9130576886236668,153|152|265|26|120,0.92090791|0.00785023|0.00250022|0.00192590|0.00102457,1,0.9209079146385193,True,153,0.9209079146385193,True,153,0.8115285038948059,True,153,0.8511444926261902,True,153,0.7809192538261414,True,c12_correct
154,155,155_1.bmp,preprocessed_results\155\155_1.bmp,154,154,154,0.7922206521034241,155,0.04098266363143921,0.7512379884719849,154|155|335|434|414,0.79222065|0.04098266|0.01167006|0.01011232|0.00900280,1,0.7922206521034241,True,154,0.7922206521034241,True,154,0.6563773155212402,True,154,0.7553694248199463,True,154,0.3994339406490326,True,c12_correct
155,156,156_4.bmp,preprocessed_results\156\156_4.bmp,155,155,155,0.8495072722434998,115,0.007348107174038887,0.8421591650694609,155|115|55|663|459,0.84950727|0.00734811|0.00477503|0.00342128|0.00207741,1,0.8495072722434998,True,155,0.8495072722434998,True,155,0.835520327091217,True,155,0.8193793892860413,True,155,0.7775201201438904,True,c12_correct
156,157,157_4.bmp,preprocessed_results\157\157_4.bmp,156,156,156,0.9636164903640747,176,0.0020702274050563574,0.9615462629590183,156|176|227|71|6,0.96361649|0.00207023|0.00131334|0.00088598|0.00072019,1,0.9636164903640747,True,156,0.9636164903640747,True,156,0.8068952560424805,True,156,0.8478406071662903,True,156,0.8637118339538574,True,c12_correct
157,158,158_8.bmp,preprocessed_results\158\158_8.bmp,157,157,157,0.5701092481613159,79,0.007987174205482006,0.5621220739558339,157|79|135|388|60,0.57010925|0.00798717|0.00743038|0.00686753|0.00620529,1,0.5701092481613159,True,157,0.5701092481613159,True,157,0.6611343026161194,True,157,0.8001556992530823,True,157,0.7132526636123657,True,c12_correct
158,159,159_1.bmp,preprocessed_results\159\159_1.bmp,158,158,158,0.5255289673805237,92,0.09127077460289001,0.43425819277763367,158|92|187|119|186,0.52552897|0.09127077|0.04190136|0.01408087|0.01347838,1,0.5255289673805237,True,158,0.5255289673805237,True,158,0.7010530829429626,True,158,0.8117755055427551,True,158,0.7012854814529419,True,c12_correct
159,160,160_2.bmp,preprocessed_results\160\160_2.bmp,159,159,159,0.8859695792198181,225,0.006170541048049927,0.8797990381717682,159|225|158|87|190,0.88596958|0.00617054|0.00451261|0.00265830|0.00227661,1,0.8859695792198181,True,159,0.8859695792198181,True,159,0.6661088466644287,True,159,0.8215495944023132,True,159,0.7436680197715759,True,c12_correct
160,161,161_2.bmp,preprocessed_results\161\161_2.bmp,160,160,160,0.902565598487854,242,0.007030565291643143,0.8955350331962109,160|242|182|532|165,0.90256560|0.00703057|0.00354596|0.00311289|0.00275487,1,0.902565598487854,True,160,0.902565598487854,True,160,0.8526556491851807,True,160,0.8050232529640198,True,160,0.820405125617981,True,c12_correct
161,162,162_1.bmp,preprocessed_results\162\162_1.bmp,161,161,161,0.8855841159820557,127,0.002582736313343048,0.8830013796687126,161|127|788|458|534,0.88558412|0.00258274|0.00254185|0.00249305|0.00220358,1,0.8855841159820557,True,161,0.8855841159820557,True,161,0.797141969203949,True,161,0.8428506851196289,True,161,0.7490168809890747,True,c12_correct
162,163,163_6.bmp,preprocessed_results\163\163_6.bmp,162,162,162,0.9507192969322205,795,0.0013867748202756047,0.9493325221119449,162|795|15|266|775,0.95071930|0.00138677|0.00120493|0.00090551|0.00079341,1,0.9507192969322205,True,162,0.9507192969322205,True,162,0.9035300612449646,True,162,0.8371347188949585,True,162,0.8153663277626038,True,c12_correct
163,164,164_5.bmp,preprocessed_results\164\164_5.bmp,163,163,163,0.8993118405342102,115,0.004797907546162605,0.8945139329880476,163|115|99|279|701,0.89931184|0.00479791|0.00329370|0.00188621|0.00186454,1,0.8993118405342102,True,163,0.8993118405342102,True,163,0.8881769180297852,True,163,0.8575111627578735,True,163,0.7255865335464478,True,c12_correct
164,165,165_8.bmp,preprocessed_results\165\165_8.bmp,164,164,164,0.8961378931999207,469,0.003907734993845224,0.8922301582060754,164|469|544|350|156,0.89613789|0.00390773|0.00236411|0.00200941|0.00199219,1,0.8961378931999207,True,164,0.8961378931999207,True,164,0.7812374830245972,True,164,0.8020152449607849,True,164,0.8257097005844116,True,c12_correct
165,166,166_10.bmp,preprocessed_results\166\166_10.bmp,165,165,165,0.852364718914032,164,0.00532885966822505,0.8470358592458069,165|164|170|798|182,0.85236472|0.00532886|0.00345464|0.00344765|0.00264547,1,0.852364718914032,True,165,0.852364718914032,True,165,0.5112488865852356,True,165,0.8095921874046326,True,165,0.603300154209137,True,c12_correct
166,167,167_3.bmp,preprocessed_results\167\167_3.bmp,166,166,166,0.8823426365852356,114,0.002764229429885745,0.8795784071553499,166|114|195|18|134,0.88234264|0.00276423|0.00262594|0.00223570|0.00203466,1,0.8823426365852356,True,166,0.8823426365852356,True,166,0.8218576908111572,True,166,0.8294761776924133,True,166,0.8195942044258118,True,c12_correct
167,168,168_2.bmp,preprocessed_results\168\168_2.bmp,167,167,167,0.9487250447273254,62,0.003550209803506732,0.9451748349238187,167|62|7|231|339,0.94872504|0.00355021|0.00169255|0.00140516|0.00106984,1,0.9487250447273254,True,167,0.9487250447273254,True,167,0.8021335005760193,True,167,0.7979095578193665,True,167,0.8171961307525635,True,c12_correct
168,169,169_5.bmp,preprocessed_results\169\169_5.bmp,168,168,168,0.8234546780586243,20,0.024354277178645134,0.7991004008799791,168|20|290|159|104,0.82345468|0.02435428|0.01679388|0.01219445|0.00399246,1,0.8234546780586243,True,168,0.8234546780586243,True,168,0.7974244952201843,True,168,0.8168457746505737,True,168,0.7132217884063721,True,c12_correct
169,170,170_5.bmp,preprocessed_results\170\170_5.bmp,169,169,169,0.8651999831199646,147,0.004246061202138662,0.8609539219178259,169|147|263|252|289,0.86519998|0.00424606|0.00344267|0.00308905|0.00271833,1,0.8651999831199646,True,169,0.8651999831199646,True,169,0.8553663492202759,True,169,0.8771561980247498,True,169,0.8854435682296753,True,c12_correct
170,171,171_4.bmp,preprocessed_results\171\171_4.bmp,170,170,170,0.9140779972076416,171,0.005765182431787252,0.9083128147758543,170|171|4|165|13,0.91407800|0.00576518|0.00329713|0.00190455|0.00154681,1,0.9140779972076416,True,170,0.9140779972076416,True,170,0.7291039824485779,True,170,0.8119744062423706,True,170,0.858112633228302,True,c12_correct
171,172,172_7.bmp,preprocessed_results\172\172_7.bmp,171,171,171,0.793012261390686,5,0.14180761575698853,0.6512046456336975,171|5|170|431|735,0.79301226|0.14180762|0.00147038|0.00146032|0.00123606,1,0.793012261390686,True,171,0.793012261390686,True,171,0.8306266069412231,True,171,0.8253284096717834,True,171,0.8125949501991272,True,c12_correct
172,173,173_10.bmp,preprocessed_results\173\173_10.bmp,172,172,172,0.9509348273277283,173,0.002225791336968541,0.9487090359907597,172|173|56|106|222,0.95093483|0.00222579|0.00186426|0.00163461|0.00140909,1,0.9509348273277283,True,172,0.9509348273277283,True,172,0.7578164339065552,True,172,0.8331236839294434,True,172,0.7167661190032959,True,c12_correct
173,174,174_7.bmp,preprocessed_results\174\174_7.bmp,173,173,173,0.7520260214805603,172,0.018581459298729897,0.7334445621818304,173|172|328|31|513,0.75202602|0.01858146|0.00655703|0.00438453|0.00424605,1,0.7520260214805603,True,173,0.7520260214805603,True,173,0.5832736492156982,True,173,0.7467624545097351,True,173,0.19913488626480103,True,c12_correct
174,175,175_9.bmp,preprocessed_results\175\175_9.bmp,174,174,174,0.9099703431129456,235,0.0037036482244729996,0.9062666948884726,174|235|175|269|17,0.90997034|0.00370365|0.00338503|0.00218022|0.00118738,1,0.9099703431129456,True,174,0.9099703431129456,True,174,0.7172622084617615,True,174,0.8420572280883789,True,174,0.854189932346344,True,c12_correct
175,176,176_9.bmp,preprocessed_results\176\176_9.bmp,175,175,175,0.8569403290748596,566,0.0034505215007811785,0.8534898075740784,175|566|80|234|236,0.85694033|0.00345052|0.00334614|0.00323539|0.00274852,1,0.8569403290748596,True,175,0.8569403290748596,True,175,0.7735891342163086,True,175,0.8099017143249512,True,175,0.7913162112236023,True,c12_correct
176,177,177_2.bmp,preprocessed_results\177\177_2.bmp,176,176,176,0.796751081943512,226,0.009830758906900883,0.7869203230366111,176|226|227|79|534,0.79675108|0.00983076|0.00836541|0.00429227|0.00392866,1,0.796751081943512,True,176,0.796751081943512,True,176,0.7942101359367371,True,176,0.8357143402099609,True,176,0.7837280631065369,True,c12_correct
177,178,178_6.bmp,preprocessed_results\178\178_6.bmp,177,177,177,0.3824882209300995,18,0.05630941689014435,0.32617880403995514,177|18|6|604|180,0.38248822|0.05630942|0.02687571|0.01528800|0.01459116,1,0.3824882209300995,True,177,0.3824882209300995,True,177,0.16811606287956238,True,177,0.7692499756813049,True,177,0.3029850423336029,True,c12_correct
178,179,179_7.bmp,preprocessed_results\179\179_7.bmp,178,178,178,0.6533182859420776,188,0.03322702646255493,0.6200912594795227,178|188|407|9|534,0.65331829|0.03322703|0.01277342|0.01079733|0.01073758,1,0.6533182859420776,True,178,0.6533182859420776,True,178,0.33975064754486084,True,178,0.7597794532775879,True,178,0.6061444878578186,True,c12_correct
179,180,180_5.bmp,preprocessed_results\180\180_5.bmp,179,179,179,0.5398225784301758,43,0.035127341747283936,0.5046952366828918,179|43|546|314|786,0.53982258|0.03512734|0.02071337|0.02061090|0.01455078,1,0.5398225784301758,True,179,0.5398225784301758,True,179,0.6312983632087708,True,179,0.8325896263122559,True,179,0.7081709504127502,True,c12_correct
180,181,181_1.bmp,preprocessed_results\181\181_1.bmp,180,180,180,0.8210941553115845,557,0.00929268728941679,0.8118014680221677,180|557|543|356|133,0.82109416|0.00929269|0.00685372|0.00675756|0.00376760,1,0.8210941553115845,True,180,0.8210941553115845,True,180,0.4434238076210022,True,180,0.828423798084259,True,180,0.8463737368583679,True,c12_correct
181,182,182_7.bmp,preprocessed_results\182\182_7.bmp,181,181,181,0.838296115398407,832,0.00507811876013875,0.8332179966382682,181|832|57|77|364,0.83829612|0.00507812|0.00389210|0.00386607|0.00359354,1,0.838296115398407,True,181,0.838296115398407,True,181,0.7225337028503418,True,181,0.7987844944000244,True,181,0.8321947455406189,True,c12_correct
182,183,183_7.bmp,preprocessed_results\183\183_7.bmp,182,182,182,0.9521231651306152,102,0.0011244984343647957,0.9509986666962504,182|102|313|145|160,0.95212317|0.00112450|0.00112381|0.00108071|0.00085481,1,0.9521231651306152,True,182,0.9521231651306152,True,182,0.8696910738945007,True,182,0.7900404930114746,True,182,0.725307285785675,True,c12_correct
183,184,184_4.bmp,preprocessed_results\184\184_4.bmp,183,183,183,0.8654497265815735,823,0.005051754880696535,0.860397971700877,183|823|71|597|276,0.86544973|0.00505175|0.00491187|0.00349103|0.00348916,1,0.8654497265815735,True,183,0.8654497265815735,True,183,0.6980287432670593,True,183,0.8130531311035156,True,183,0.760003387928009,True,c12_correct
184,185,185_4.bmp,preprocessed_results\185\185_4.bmp,184,184,184,0.9728652834892273,357,0.0015024015447124839,0.9713628819445148,184|357|185|117|115,0.97286528|0.00150240|0.00089107|0.00077687|0.00064206,1,0.9728652834892273,True,184,0.9728652834892273,True,184,0.7390642762184143,True,184,0.8190711140632629,True,184,0.7744104862213135,True,c12_correct
185,186,186_3.bmp,preprocessed_results\186\186_3.bmp,185,185,185,0.502805769443512,221,0.09401726722717285,0.4087885022163391,185|221|184|553|537,0.50280577|0.09401727|0.03264035|0.00877413|0.00795723,1,0.502805769443512,True,185,0.502805769443512,True,185,0.29822805523872375,True,185,0.7094709873199463,True,185,0.4877299666404724,True,c12_correct
186,187,187_3.bmp,preprocessed_results\187\187_3.bmp,186,186,186,0.8844606876373291,624,0.011039269156754017,0.8734214184805751,186|624|147|828|73,0.88446069|0.01103927|0.00239988|0.00236030|0.00229521,1,0.8844606876373291,True,186,0.8844606876373291,True,186,0.6921707987785339,True,186,0.8258807063102722,True,186,0.8163854479789734,True,c12_correct
187,188,188_2.bmp,preprocessed_results\188\188_2.bmp,187,187,187,0.9206588268280029,186,0.008083464577794075,0.9125753622502089,187|186|293|120|14,0.92065883|0.00808346|0.00211152|0.00185770|0.00185106,1,0.9206588268280029,True,187,0.9206588268280029,True,187,0.8801901340484619,True,187,0.8142859935760498,True,187,0.8107775449752808,True,c12_correct
188,189,189_10.bmp,preprocessed_results\189\189_10.bmp,188,188,188,0.7050941586494446,78,0.0626121535897255,0.6424820050597191,188|78|212|258|485,0.70509416|0.06261215|0.00970039|0.00946942|0.00707022,1,0.7050941586494446,True,188,0.7050941586494446,True,188,0.7862221002578735,True,188,0.8071659207344055,True,188,0.7120335698127747,True,c12_correct
189,190,190_3.bmp,preprocessed_results\190\190_3.bmp,189,189,189,0.8692843914031982,55,0.002411867259070277,0.866872524144128,189|55|728|281|5,0.86928439|0.00241187|0.00218806|0.00198311|0.00178670,1,0.8692843914031982,True,189,0.8692843914031982,True,189,0.7538758516311646,True,189,0.8346072435379028,True,189,0.7637075185775757,True,c12_correct
190,191,191_7.bmp,preprocessed_results\191\191_7.bmp,190,190,190,0.7736532688140869,175,0.0035934222396463156,0.7700598465744406,190|175|333|790|191,0.77365327|0.00359342|0.00334224|0.00327233|0.00304420,1,0.7736532688140869,True,190,0.7736532688140869,True,190,0.8809478878974915,True,190,0.8123565912246704,True,190,0.8308550119400024,True,c12_correct
191,192,192_4.bmp,preprocessed_results\192\192_4.bmp,191,191,191,0.8956931829452515,190,0.005951959639787674,0.8897412233054638,191|190|737|141|446,0.89569318|0.00595196|0.00349875|0.00325645|0.00307580,1,0.8956931829452515,True,191,0.8956931829452515,True,191,0.6761000156402588,True,191,0.805824875831604,True,191,0.7596541047096252,True,c12_correct
192,193,193_8.bmp,preprocessed_results\193\193_8.bmp,192,192,192,0.9280419945716858,638,0.002259754342958331,0.9257822402287275,192|638|38|211|152,0.92804199|0.00225975|0.00156842|0.00146278|0.00117994,1,0.9280419945716858,True,192,0.9280419945716858,True,192,0.8635520935058594,True,192,0.8436235785484314,True,192,0.8953000903129578,True,c12_correct
193,194,194_1.bmp,preprocessed_results\194\194_1.bmp,193,193,193,0.32756370306015015,275,0.06492466479539871,0.26263903826475143,193|275|28|89|748,0.32756370|0.06492466|0.01603142|0.01558741|0.01524184,1,0.32756370306015015,True,193,0.32756370306015015,True,193,0.25841450691223145,True,193,0.8001052737236023,True,193,0.523648738861084,True,c12_correct
194,195,195_3.bmp,preprocessed_results\195\195_3.bmp,194,194,194,0.9495983123779297,195,0.00404106080532074,0.945557251572609,194|195|229|173|733,0.94959831|0.00404106|0.00136518|0.00125270|0.00106610,1,0.9495983123779297,True,194,0.9495983123779297,True,194,0.8073306679725647,True,194,0.8306631445884705,True,194,0.7384713292121887,True,c12_correct
195,196,196_7.bmp,preprocessed_results\196\196_7.bmp,195,195,195,0.9802452921867371,194,0.0019094442250207067,0.9783358479617164,195|194|259|46|30,0.98024529|0.00190944|0.00111007|0.00092392|0.00091811,1,0.9802452921867371,True,195,0.9802452921867371,True,195,0.9186434149742126,True,195,0.8346476554870605,True,195,0.8738242387771606,True,c12_correct
196,197,197_3.bmp,preprocessed_results\197\197_3.bmp,196,196,196,0.7121368646621704,451,0.013585389591753483,0.6985514750704169,196|451|82|272|375,0.71213686|0.01358539|0.00459546|0.00442283|0.00362645,1,0.7121368646621704,True,196,0.7121368646621704,True,196,0.44837522506713867,True,196,0.8273608684539795,True,196,0.5978438854217529,True,c12_correct
197,198,198_4.bmp,preprocessed_results\198\198_4.bmp,197,197,197,0.8420327305793762,181,0.006754063535481691,0.8352786670438945,197|181|434|82|44,0.84203273|0.00675406|0.00517620|0.00493241|0.00373929,1,0.8420327305793762,True,197,0.8420327305793762,True,197,0.8606288433074951,True,197,0.8093128800392151,True,197,0.8993310332298279,True,c12_correct
198,199,199_5.bmp,preprocessed_results\199\199_5.bmp,198,198,198,0.836360514163971,248,0.00967288576066494,0.826687628403306,198|248|199|87|78,0.83636051|0.00967289|0.00698461|0.00421429|0.00220677,1,0.836360514163971,True,198,0.836360514163971,True,198,0.7220126390457153,True,198,0.8029091954231262,True,198,0.8736505508422852,True,c12_correct
199,200,200_7.bmp,preprocessed_results\200\200_7.bmp,199,199,199,0.2203955501317978,284,0.13877232372760773,0.08162322640419006,199|284|269|285|253,0.22039555|0.13877232|0.11021055|0.06587942|0.01786116,1,0.2203955501317978,True,199,0.2203955501317978,True,199,0.18955020606517792,True,199,0.7320022583007812,True,199,0.26996520161628723,True,c12_correct
200,201,201_8.bmp,preprocessed_results\201\201_8.bmp,200,200,200,0.8552870750427246,334,0.016561303287744522,0.8387257717549801,200|334|172|359|202,0.85528708|0.01656130|0.01649520|0.00317177|0.00208312,1,0.8552870750427246,True,200,0.8552870750427246,True,200,0.5731226205825806,True,200,0.8169140219688416,True,200,0.6540271043777466,True,c12_correct
201,202,202_9.bmp,preprocessed_results\202\202_9.bmp,201,201,201,0.7063079476356506,130,0.04376628249883652,0.6625416651368141,201|130|104|131|50,0.70630795|0.04376628|0.01444286|0.01182077|0.00896372,1,0.7063079476356506,True,201,0.7063079476356506,True,201,0.6883870363235474,True,201,0.7909005284309387,True,201,0.6317028403282166,True,c12_correct
202,203,203_9.bmp,preprocessed_results\203\203_9.bmp,202,202,202,0.7669996023178101,379,0.008869731798768044,0.758129870519042,202|379|70|526|413,0.76699960|0.00886973|0.00648829|0.00626578|0.00410542,1,0.7669996023178101,True,202,0.7669996023178101,True,202,0.42812013626098633,True,202,0.8198879361152649,True,202,0.612805962562561,True,c12_correct
203,204,204_1.bmp,preprocessed_results\204\204_1.bmp,203,203,203,0.9350027441978455,188,0.0051435548812150955,0.9298591893166304,203|188|94|202|511,0.93500274|0.00514355|0.00339969|0.00257679|0.00113746,1,0.9350027441978455,True,203,0.9350027441978455,True,203,0.862687349319458,True,203,0.8107929825782776,True,203,0.871471643447876,True,c12_correct
204,205,205_5.bmp,preprocessed_results\205\205_5.bmp,204,204,204,0.6880113482475281,158,0.012684798799455166,0.6753265494480729,204|158|34|318|288,0.68801135|0.01268480|0.01013224|0.00814363|0.00698764,1,0.6880113482475281,True,204,0.6880113482475281,True,204,0.6951114535331726,True,204,0.8362873196601868,True,204,0.5314761400222778,True,c12_correct
205,206,206_10.bmp,preprocessed_results\206\206_10.bmp,205,205,205,0.530463457107544,8,0.01774868369102478,0.5127147734165192,205|8|319|347|175,0.53046346|0.01774868|0.00886837|0.00793358|0.00757687,1,0.530463457107544,True,205,0.530463457107544,True,205,0.7638404369354248,True,205,0.8207537531852722,True,205,0.7261906862258911,True,c12_correct
206,207,207_2.bmp,preprocessed_results\207\207_2.bmp,206,206,206,0.9639132022857666,207,0.007650634739547968,0.9562625675462186,206|207|13|52|662,0.96391320|0.00765063|0.00178112|0.00111168|0.00077284,1,0.9639132022857666,True,206,0.9639132022857666,True,206,0.9028711318969727,True,206,0.7930517792701721,True,206,0.7774891257286072,True,c12_correct
207,208,208_3.bmp,preprocessed_results\208\208_3.bmp,207,207,207,0.7564928531646729,206,0.029005156829953194,0.7274876963347197,207|206|257|131|289,0.75649285|0.02900516|0.00745009|0.00401523|0.00388918,1,0.7564928531646729,True,207,0.7564928531646729,True,207,0.5326303839683533,True,207,0.8301960229873657,True,207,0.6706754565238953,True,c12_correct
208,209,209_7.bmp,preprocessed_results\209\209_7.bmp,208,208,208,0.4673372209072113,49,0.04280386120080948,0.4245333597064018,208|49|339|135|217,0.46733722|0.04280386|0.01677944|0.01153045|0.01129355,1,0.4673372209072113,True,208,0.4673372209072113,True,208,0.24935010075569153,True,208,0.7777497172355652,True,208,0.37020203471183777,True,c12_correct
209,210,210_2.bmp,preprocessed_results\210\210_2.bmp,209,209,209,0.9085652232170105,208,0.005192962940782309,0.9033722602762282,209|208|338|67|233,0.90856522|0.00519296|0.00205530|0.00179800|0.00151560,1,0.9085652232170105,True,209,0.9085652232170105,True,209,0.8772916197776794,True,209,0.7664820551872253,True,209,0.7923738360404968,True,c12_correct
210,211,211_5.bmp,preprocessed_results\211\211_5.bmp,210,210,210,0.85308438539505,211,0.10214314609766006,0.75094123929739,210|211|70|477|534,0.85308439|0.10214315|0.00356298|0.00131063|0.00121230,1,0.85308438539505,True,210,0.85308438539505,True,210,0.8622680902481079,True,210,0.851537823677063,True,210,0.8339458703994751,True,c12_correct
211,212,212_6.bmp,preprocessed_results\212\212_6.bmp,211,211,211,0.6655328273773193,109,0.01535339467227459,0.6501794327050447,211|109|212|210|43,0.66553283|0.01535339|0.00644755|0.00538081|0.00389125,1,0.6655328273773193,True,211,0.6655328273773193,True,211,0.3676847219467163,True,211,0.8031045198440552,True,211,0.6269712448120117,True,c12_correct
212,213,213_10.bmp,preprocessed_results\213\213_10.bmp,212,212,212,0.8962568044662476,213,0.011870970949530602,0.884385833516717,212|213|33|218|188,0.89625680|0.01187097|0.00438010|0.00314613|0.00284478,1,0.8962568044662476,True,212,0.8962568044662476,True,212,0.6021069884300232,True,212,0.8243248462677002,True,212,0.8317739963531494,True,c12_correct
213,214,214_2.bmp,preprocessed_results\214\214_2.bmp,213,213,213,0.8985309600830078,270,0.003866295563057065,0.8946646645199507,213|270|212|43|185,0.89853096|0.00386630|0.00368654|0.00346291|0.00304159,1,0.8985309600830078,True,213,0.8985309600830078,True,213,0.7619452476501465,True,213,0.8009544014930725,True,213,0.8243927359580994,True,c12_correct
214,215,215_2.bmp,preprocessed_results\215\215_2.bmp,214,214,214,0.7128252387046814,215,0.007147897966206074,0.7056773407384753,214|215|257|817|2,0.71282524|0.00714790|0.00551874|0.00467429|0.00429631,1,0.7128252387046814,True,214,0.7128252387046814,True,214,0.4718441069126129,True,214,0.7981656789779663,True,214,0.5653918385505676,True,c12_correct
215,216,216_8.bmp,preprocessed_results\216\216_8.bmp,215,215,215,0.9242106080055237,238,0.0025942742358893156,0.9216163337696344,215|238|214|352|449,0.92421061|0.00259427|0.00198817|0.00168438|0.00155782,1,0.9242106080055237,True,215,0.9242106080055237,True,215,0.7754679918289185,True,215,0.8316750526428223,True,215,0.7807191610336304,True,c12_correct
216,217,217_9.bmp,preprocessed_results\217\217_9.bmp,216,216,216,0.9210605025291443,589,0.006935539189726114,0.9141249633394182,216|589|335|46|217,0.92106050|0.00693554|0.00637550|0.00303864|0.00256469,1,0.9210605025291443,True,216,0.9210605025291443,True,216,0.8194435238838196,True,216,0.8304846882820129,True,216,0.7456266283988953,True,c12_correct
217,218,218_1.bmp,preprocessed_results\218\218_1.bmp,217,217,217,0.9287657141685486,216,0.003719623200595379,0.9250460909679532,217|216|148|119|251,0.92876571|0.00371962|0.00135510|0.00113324|0.00083697,1,0.9287657141685486,True,217,0.9287657141685486,True,217,0.8642519116401672,True,217,0.8381491303443909,True,217,0.863914430141449,True,c12_correct
218,219,219_9.bmp,preprocessed_results\219\219_9.bmp,218,218,218,0.44515517354011536,251,0.03200379014015198,0.4131513833999634,218|251|195|250|219,0.44515517|0.03200379|0.02737167|0.01683597|0.01247546,1,0.44515517354011536,True,218,0.44515517354011536,True,218,0.5211737751960754,True,218,0.7741115093231201,True,218,0.6186277866363525,True,c12_correct
219,220,220_6.bmp,preprocessed_results\220\220_6.bmp,219,219,219,0.9078584313392639,183,0.0043258266523480415,0.9035326046869159,219|183|450|339|250,0.90785843|0.00432583|0.00336579|0.00301710|0.00179226,1,0.9078584313392639,True,219,0.9078584313392639,True,219,0.5918978452682495,True,219,0.7925917506217957,True,219,0.665554940700531,True,c12_correct
220,221,221_7.bmp,preprocessed_results\221\221_7.bmp,220,220,220,0.8993393778800964,221,0.012412232346832752,0.8869271455332637,220|221|332|605|512,0.89933938|0.01241223|0.00764829|0.00570968|0.00331202,1,0.8993393778800964,True,220,0.8993393778800964,True,220,0.6868171691894531,True,220,0.8361133933067322,True,220,0.7207807898521423,True,c12_correct
221,222,222_5.bmp,preprocessed_results\222\222_5.bmp,221,221,221,0.7809368968009949,185,0.08907223492860794,0.6918646618723869,221|185|184|143|649,0.78093690|0.08907223|0.00915513|0.00565284|0.00342397,1,0.7809368968009949,True,221,0.7809368968009949,True,221,0.4035095274448395,True,221,0.8170692324638367,True,221,0.4797017574310303,True,c12_correct
222,223,223_7.bmp,preprocessed_results\223\223_7.bmp,222,222,222,0.6688529849052429,123,0.011268055997788906,0.657584928907454,222|123|134|114|223,0.66885298|0.01126806|0.00620257|0.00537502|0.00484414,1,0.6688529849052429,True,222,0.6688529849052429,True,222,0.47959819436073303,True,222,0.7863883376121521,True,222,0.5274297595024109,True,c12_correct
223,224,224_6.bmp,preprocessed_results\224\224_6.bmp,223,223,223,0.8424404263496399,94,0.008590580895543098,0.8338498454540968,223|94|203|214|10,0.84244043|0.00859058|0.00797164|0.00323182|0.00316477,1,0.8424404263496399,True,223,0.8424404263496399,True,223,0.7447614073753357,True,223,0.8157117962837219,True,223,0.8110013008117676,True,c12_correct
224,225,225_7.bmp,preprocessed_results\225\225_7.bmp,224,224,224,0.07867730408906937,599,0.03568694740533829,0.04299035668373108,224|599|684|598|269,0.07867730|0.03568695|0.03434348|0.02422807|0.01956512,1,0.07867730408906937,True,224,0.07867730408906937,True,224,0.09333335608243942,True,224,0.7459568977355957,True,224,0.19052866101264954,True,c12_correct
225,226,226_8.bmp,preprocessed_results\226\226_8.bmp,225,225,225,0.9252691864967346,285,0.011688780970871449,0.9135804055258632,225|285|541|273|159,0.92526919|0.01168878|0.00750414|0.00243298|0.00185659,1,0.9252691864967346,True,225,0.9252691864967346,True,225,0.7652304768562317,True,225,0.8429888486862183,True,225,0.7250452041625977,True,c12_correct
226,227,227_7.bmp,preprocessed_results\227\227_7.bmp,226,226,226,0.7295279502868652,366,0.021381555125117302,0.7081463951617479,226|366|227|382|536,0.72952795|0.02138156|0.01925109|0.01752302|0.00760604,1,0.7295279502868652,True,226,0.7295279502868652,True,226,0.45197227597236633,True,226,0.8348656296730042,True,226,0.6886224150657654,True,c12_correct
227,228,228_5.bmp,preprocessed_results\228\228_5.bmp,227,227,227,0.7484596967697144,226,0.02118961699306965,0.7272700797766447,227|226|558|8|435,0.74845970|0.02118962|0.01459392|0.00663506|0.00573867,1,0.7484596967697144,True,227,0.7484596967697144,True,227,0.4341992139816284,True,227,0.8207723498344421,True,227,0.7048823237419128,True,c12_correct
228,229,229_10.bmp,preprocessed_results\229\229_10.bmp,228,228,228,0.8453465700149536,2,0.011301974765956402,0.8340445952489972,228|2|301|214|416,0.84534657|0.01130197|0.00687933|0.00431322|0.00366032,1,0.8453465700149536,True,228,0.8453465700149536,True,228,0.7146780490875244,True,228,0.7583143711090088,True,228,0.7007896304130554,True,c12_correct
229,230,230_6.bmp,preprocessed_results\230\230_6.bmp,229,229,229,0.9282873868942261,230,0.0012351133627817035,0.9270522735314444,229|230|411|562|487,0.92828739|0.00123511|0.00122165|0.00120920|0.00102983,1,0.9282873868942261,True,229,0.9282873868942261,True,229,0.8153754472732544,True,229,0.8242619633674622,True,229,0.8153120875358582,True,c12_correct
230,231,231_8.bmp,preprocessed_results\231\231_8.bmp,230,230,230,0.9317414164543152,10,0.004353959579020739,0.9273874568752944,230|10|231|8|229,0.93174142|0.00435396|0.00368013|0.00199213|0.00173275,1,0.9317414164543152,True,230,0.9317414164543152,True,230,0.8343822360038757,True,230,0.8032076358795166,True,230,0.8424414992332458,True,c12_correct
231,232,232_2.bmp,preprocessed_results\232\232_2.bmp,231,231,231,0.08718667179346085,177,0.02489379234611988,0.062292879447340965,231|177|101|230|8,0.08718667|0.02489379|0.02239388|0.01846139|0.01819806,1,0.08718667179346085,True,231,0.08718667179346085,True,231,0.28941118717193604,True,231,0.6178604364395142,True,231,0.2477644979953766,True,c12_correct
232,233,233_9.bmp,preprocessed_results\233\233_9.bmp,232,232,232,0.8515430688858032,501,0.007025334518402815,0.8445177343674004,232|501|100|179|233,0.85154307|0.00702533|0.00629216|0.00433649|0.00414847,1,0.8515430688858032,True,232,0.8515430688858032,True,232,0.7298665046691895,True,232,0.8017300367355347,True,232,0.7295190691947937,True,c12_correct
233,234,234_5.bmp,preprocessed_results\234\234_5.bmp,233,233,233,0.9372563362121582,232,0.004707746673375368,0.9325485895387828,233|232|83|581|338,0.93725634|0.00470775|0.00314104|0.00262643|0.00191613,1,0.9372563362121582,True,233,0.9372563362121582,True,233,0.8580744862556458,True,233,0.8248369097709656,True,233,0.8038818836212158,True,c12_correct
234,235,235_1.bmp,preprocessed_results\235\235_1.bmp,234,234,234,0.6786788702011108,453,0.011327187530696392,0.6673516826704144,234|453|539|434|488,0.67867887|0.01132719|0.00814183|0.00788148|0.00631519,1,0.6786788702011108,True,234,0.6786788702011108,True,234,0.4189314544200897,True,234,0.7478001713752747,True,234,0.3923686444759369,True,c12_correct
235,236,236_1.bmp,preprocessed_results\236\236_1.bmp,235,235,235,0.5547336339950562,234,0.032816898077726364,0.5219167359173298,235|234|332|490|568,0.55473363|0.03281690|0.02834435|0.02505458|0.01570612,1,0.5547336339950562,True,235,0.5547336339950562,True,235,0.8523260951042175,True,235,0.7926990985870361,True,235,0.5071165561676025,True,c12_correct
236,237,237_3.bmp,preprocessed_results\237\237_3.bmp,236,236,236,0.1701371967792511,627,0.0635276734828949,0.1066095232963562,236|627|175|237|318,0.17013720|0.06352767|0.04817187|0.03516869|0.03043893,1,0.1701371967792511,True,236,0.1701371967792511,True,236,0.20972086489200592,True,236,0.7620693445205688,True,236,0.4973122775554657,True,c12_correct
237,238,238_8.bmp,preprocessed_results\238\238_8.bmp,237,237,237,0.7694211006164551,236,0.022557785734534264,0.7468633148819208,237|236|101|16|325,0.76942110|0.02255779|0.00722237|0.00522359|0.00411440,1,0.7694211006164551,True,237,0.7694211006164551,True,237,0.4853178858757019,True,237,0.819837212562561,True,237,0.8048105239868164,True,c12_correct
238,239,239_8.bmp,preprocessed_results\239\239_8.bmp,238,238,238,0.7882451415061951,215,0.00451691634953022,0.7837282251566648,238|215|239|60|345,0.78824514|0.00451692|0.00393241|0.00324186|0.00301614,1,0.7882451415061951,True,238,0.7882451415061951,True,238,0.810429573059082,True,238,0.835816502571106,True,238,0.834819495677948,True,c12_correct
239,240,240_3.bmp,preprocessed_results\240\240_3.bmp,239,239,239,0.7303467988967896,440,0.005620692856609821,0.7247261060401797,239|440|238|250|67,0.73034680|0.00562069|0.00468366|0.00407942|0.00401462,1,0.7303467988967896,True,239,0.7303467988967896,True,239,0.8432623744010925,True,239,0.8423862457275391,True,239,0.776098906993866,True,c12_correct
240,241,241_8.bmp,preprocessed_results\241\241_8.bmp,240,240,240,0.8279432058334351,241,0.00923020951449871,0.8187129963189363,240|241|220|327|346,0.82794321|0.00923021|0.00349150|0.00202191|0.00201029,1,0.8279432058334351,True,240,0.8279432058334351,True,240,0.691243052482605,True,240,0.8382948637008667,True,240,0.7810190916061401,True,c12_correct
241,242,242_2.bmp,preprocessed_results\242\242_2.bmp,241,241,241,0.37486132979393005,147,0.03657929599285126,0.3382820338010788,241|147|85|341|21,0.37486133|0.03657930|0.02259880|0.01240933|0.00878138,1,0.37486132979393005,True,241,0.37486132979393005,True,241,0.3010842800140381,True,241,0.7817326188087463,True,241,0.430002361536026,True,c12_correct
242,243,243_7.bmp,preprocessed_results\243\243_7.bmp,242,242,242,0.9365654587745667,160,0.0025506371166557074,0.9340148216579109,242|160|766|478|229,0.93656546|0.00255064|0.00191678|0.00144159|0.00138930,1,0.9365654587745667,True,242,0.9365654587745667,True,242,0.8462074995040894,True,242,0.8403093218803406,True,242,0.9073469042778015,True,c12_correct
243,244,244_9.bmp,preprocessed_results\244\244_9.bmp,243,243,243,0.9404902458190918,795,0.001914745895192027,0.9385754999238998,243|795|818|506|37,0.94049025|0.00191475|0.00181809|0.00137697|0.00117730,1,0.9404902458190918,True,243,0.9404902458190918,True,243,0.8873431086540222,True,243,0.8073908090591431,True,243,0.8504442572593689,True,c12_correct
244,245,245_1.bmp,preprocessed_results\245\245_1.bmp,244,244,244,0.8788277506828308,400,0.004615068435668945,0.8742126822471619,244|400|300|298|245,0.87882775|0.00461507|0.00362214|0.00283255|0.00279158,1,0.8788277506828308,True,244,0.8788277506828308,True,244,0.9235342144966125,True,244,0.8125522136688232,True,244,0.8109917044639587,True,c12_correct
245,246,246_1.bmp,preprocessed_results\246\246_1.bmp,245,245,245,0.7130578756332397,539,0.00592218991369009,0.7071356857195497,245|539|41|199|376,0.71305788|0.00592219|0.00542227|0.00536733|0.00529051,1,0.7130578756332397,True,245,0.7130578756332397,True,245,0.42013996839523315,True,245,0.793397068977356,True,245,0.5347439646720886,True,c12_correct
246,247,247_4.bmp,preprocessed_results\247\247_4.bmp,246,246,246,0.7628509402275085,247,0.08950980007648468,0.6733411401510239,246|247|126|357|689,0.76285094|0.08950980|0.01114221|0.00971474|0.00486664,1,0.7628509402275085,True,246,0.7628509402275085,True,246,0.7111591696739197,True,246,0.7422641515731812,True,246,0.628157377243042,True,c12_correct
247,248,248_2.bmp,preprocessed_results\248\248_2.bmp,247,247,247,0.6099303960800171,246,0.04617922380566597,0.5637511722743511,247|246|30|142|6,0.60993040|0.04617922|0.02660446|0.01147870|0.00932429,1,0.6099303960800171,True,247,0.6099303960800171,True,247,0.04243095591664314,True,247,0.7841535210609436,True,247,0.46840715408325195,True,c12_correct
248,249,249_1.bmp,preprocessed_results\249\249_1.bmp,248,248,248,0.851703405380249,302,0.008498704060912132,0.8432047013193369,248|302|162|198|78,0.85170341|0.00849870|0.00587840|0.00378346|0.00313901,1,0.851703405380249,True,248,0.851703405380249,True,248,0.8978615403175354,True,248,0.8354926109313965,True,248,0.8666630983352661,True,c12_correct
249,250,250_8.bmp,preprocessed_results\250\250_8.bmp,249,249,249,0.838775634765625,252,0.010184348560869694,0.8285912862047553,249|252|269|268|324,0.83877563|0.01018435|0.00711507|0.00361203|0.00353101,1,0.838775634765625,True,249,0.838775634765625,True,249,0.7653617262840271,True,249,0.8135241866111755,True,249,0.8509129881858826,True,c12_correct
250,251,251_5.bmp,preprocessed_results\251\251_5.bmp,250,250,250,0.961823046207428,96,0.003177438396960497,0.9586456078104675,250|96|251|95|330,0.96182305|0.00317744|0.00251075|0.00142688|0.00054686,1,0.961823046207428,True,250,0.961823046207428,True,250,0.711665153503418,True,250,0.8265690803527832,True,250,0.7893664240837097,True,c12_correct
251,252,252_4.bmp,preprocessed_results\252\252_4.bmp,251,251,251,0.627256453037262,277,0.037071723490953445,0.5901847295463085,251|277|250|295|67,0.62725645|0.03707172|0.02165076|0.01276814|0.01145046,1,0.627256453037262,True,251,0.627256453037262,True,251,0.1984560340642929,True,251,0.7467906475067139,True,251,0.22764840722084045,True,c12_correct
252,253,253_10.bmp,preprocessed_results\253\253_10.bmp,252,252,252,0.7544422745704651,154,0.01560997311025858,0.7388323014602065,252|154|249|284|198,0.75444227|0.01560997|0.01466210|0.01178141|0.00686540,1,0.7544422745704651,True,252,0.7544422745704651,True,252,0.7362930178642273,True,252,0.7890079617500305,True,252,0.6123083829879761,True,c12_correct
253,254,254_4.bmp,preprocessed_results\254\254_4.bmp,253,253,253,0.0937732607126236,158,0.05136852338910103,0.04240473732352257,253|158|728|187|159,0.09377326|0.05136852|0.04335533|0.03661116|0.02785216,1,0.0937732607126236,True,253,0.0937732607126236,True,253,0.5054067373275757,True,253,0.7730311751365662,True,253,0.4806680977344513,True,c12_correct
254,255,255_4.bmp,preprocessed_results\255\255_4.bmp,254,254,254,0.8039732575416565,255,0.05544677749276161,0.7485264800488949,254|255|228|24|14,0.80397326|0.05544678|0.00330488|0.00324917|0.00289964,1,0.8039732575416565,True,254,0.8039732575416565,True,254,0.839789092540741,True,254,0.807001531124115,True,254,0.8626630306243896,True,c12_correct
255,256,256_6.bmp,preprocessed_results\256\256_6.bmp,255,255,255,0.862761378288269,254,0.008217042312026024,0.854544335976243,255|254|349|15|43,0.86276138|0.00821704|0.00396027|0.00308168|0.00238552,1,0.862761378288269,True,255,0.862761378288269,True,255,0.4139748811721802,True,255,0.7597140669822693,True,255,0.3981412351131439,True,c12_correct
256,257,257_3.bmp,preprocessed_results\257\257_3.bmp,256,256,256,0.9109375476837158,386,0.0023121433332562447,0.9086254043504596,256|386|754|603|319,0.91093755|0.00231214|0.00194638|0.00150650|0.00136429,1,0.9109375476837158,True,256,0.9109375476837158,True,256,0.7808870673179626,True,256,0.8371625542640686,True,256,0.7890276908874512,True,c12_correct
257,258,258_8.bmp,preprocessed_results\258\258_8.bmp,257,257,257,0.9242494106292725,339,0.002211391692981124,0.9220380189362913,257|339|261|256|91,0.92424941|0.00221139|0.00202116|0.00189936|0.00186169,1,0.9242494106292725,True,257,0.9242494106292725,True,257,0.7103919982910156,True,257,0.8322258591651917,True,257,0.8520551323890686,True,c12_correct
258,259,259_10.bmp,preprocessed_results\259\259_10.bmp,258,258,258,0.8450937271118164,77,0.002798796631395817,0.8422949304804206,258|77|152|87|283,0.84509373|0.00279880|0.00273357|0.00180001|0.00179093,1,0.8450937271118164,True,258,0.8450937271118164,True,258,0.6906899809837341,True,258,0.8548904061317444,True,258,0.6546504497528076,True,c12_correct
259,260,260_2.bmp,preprocessed_results\260\260_2.bmp,259,259,259,0.6042844653129578,195,0.008180639706552029,0.5961038256064057,259|195|111|575|787,0.60428447|0.00818064|0.00696736|0.00646582|0.00640914,1,0.6042844653129578,True,259,0.6042844653129578,True,259,0.6693030595779419,True,259,0.7926037311553955,True,259,0.7015136480331421,True,c12_correct
260,261,261_1.bmp,preprocessed_results\261\261_1.bmp,260,260,260,0.9187574982643127,261,0.006280951201915741,0.912476547062397,260|261|287|319|195,0.91875750|0.00628095|0.00596102|0.00393701|0.00137963,1,0.9187574982643127,True,260,0.9187574982643127,True,260,0.8733338117599487,True,260,0.8392126560211182,True,260,0.7274884581565857,True,c12_correct
261,262,262_4.bmp,preprocessed_results\262\262_4.bmp,261,261,261,0.9141163229942322,290,0.012271258980035782,0.9018450640141964,261|290|260|21|287,0.91411632|0.01227126|0.00392321|0.00248564|0.00210695,1,0.9141163229942322,True,261,0.9141163229942322,True,261,0.7054235935211182,True,261,0.8258645534515381,True,261,0.8168089389801025,True,c12_correct
262,263,263_5.bmp,preprocessed_results\263\263_5.bmp,262,262,262,0.9316553473472595,334,0.004496233072131872,0.9271591142751276,262|334|325|255|231,0.93165535|0.00449623|0.00395373|0.00365782|0.00201372,1,0.9316553473472595,True,262,0.9316553473472595,True,262,0.9032405614852905,True,262,0.8574600219726562,True,262,0.8420262932777405,True,c12_correct
263,264,264_2.bmp,preprocessed_results\264\264_2.bmp,263,263,263,0.8810195326805115,267,0.008364345878362656,0.8726551868021488,263|267|276|89|262,0.88101953|0.00836435|0.00273396|0.00246874|0.00241430,1,0.8810195326805115,True,263,0.8810195326805115,True,263,0.8010860085487366,True,263,0.8188163638114929,True,263,0.759357213973999,True,c12_correct
264,265,265_5.bmp,preprocessed_results\265\265_5.bmp,264,264,264,0.7770382165908813,49,0.044572025537490845,0.7324661910533905,264|49|208|295|68,0.77703822|0.04457203|0.02639495|0.00590913|0.00370854,1,0.7770382165908813,True,264,0.7770382165908813,True,264,0.6136935353279114,True,264,0.8081297874450684,True,264,0.7784490585327148,True,c12_correct
265,266,266_1.bmp,preprocessed_results\266\266_1.bmp,265,265,265,0.8104893565177917,153,0.01648462936282158,0.7940047271549702,265|153|303|138|37,0.81048936|0.01648463|0.00945163|0.00653452|0.00601877,1,0.8104893565177917,True,265,0.8104893565177917,True,265,0.4188287556171417,True,265,0.8068385124206543,True,265,0.7418564558029175,True,c12_correct
266,267,267_3.bmp,preprocessed_results\267\267_3.bmp,266,266,266,0.7305229306221008,338,0.02247476764023304,0.7080481629818678,266|338|497|254|233,0.73052293|0.02247477|0.00522731|0.00430583|0.00422030,1,0.7305229306221008,True,266,0.7305229306221008,True,266,0.4354759454727173,True,266,0.8210803866386414,True,266,0.6285802125930786,True,c12_correct
267,268,268_1.bmp,preprocessed_results\268\268_1.bmp,267,267,267,0.9757335782051086,193,0.0007692294893786311,0.97496434871573,267|193|270|339|97,0.97573358|0.00076923|0.00076670|0.00038555|0.00036570,1,0.9757335782051086,True,267,0.9757335782051086,True,267,0.8494590520858765,True,267,0.8352119326591492,True,267,0.8283273577690125,True,c12_correct
268,269,269_7.bmp,preprocessed_results\269\269_7.bmp,268,268,268,0.9456280469894409,163,0.002240336500108242,0.9433877104893327,268|163|251|421|95,0.94562805|0.00224034|0.00124279|0.00122805|0.00089406,1,0.9456280469894409,True,268,0.9456280469894409,True,268,0.9157472848892212,True,268,0.8257851600646973,True,268,0.8202613592147827,True,c12_correct
269,270,270_1.bmp,preprocessed_results\270\270_1.bmp,269,269,269,0.6658462285995483,139,0.05966831371188164,0.6061779148876667,269|139|286|568|302,0.66584623|0.05966831|0.02028679|0.01002855|0.00946788,1,0.6658462285995483,True,269,0.6658462285995483,True,269,0.7094284296035767,True,269,0.8128648400306702,True,269,0.671527087688446,True,c12_correct
270,271,271_3.bmp,preprocessed_results\271\271_3.bmp,270,270,270,0.8740225434303284,271,0.08097580075263977,0.7930467426776886,270|271|564|30|267,0.87402254|0.08097580|0.00290123|0.00179991|0.00148494,1,0.8740225434303284,True,270,0.8740225434303284,True,270,0.8442605137825012,True,270,0.8455799221992493,True,270,0.8132631182670593,True,c12_correct
271,272,272_1.bmp,preprocessed_results\272\272_1.bmp,271,271,271,0.7749078273773193,504,0.00981917791068554,0.7650886494666338,271|504|270|598|144,0.77490783|0.00981918|0.00945771|0.00659198|0.00424267,1,0.7749078273773193,True,271,0.7749078273773193,True,271,0.5981502532958984,True,271,0.7453829646110535,True,271,0.6488009095191956,True,c12_correct
272,273,273_6.bmp,preprocessed_results\273\273_6.bmp,272,272,272,0.8606456518173218,273,0.03656993806362152,0.8240757137537003,272|273|565|587|564,0.86064565|0.03656994|0.01098986|0.00243259|0.00230133,1,0.8606456518173218,True,272,0.8606456518173218,True,272,0.7804572582244873,True,272,0.8263424038887024,True,272,0.7741585373878479,True,c12_correct
273,274,274_2.bmp,preprocessed_results\274\274_2.bmp,273,273,273,0.8628608584403992,272,0.05967683717608452,0.8031840212643147,273|272|143|270|339,0.86286086|0.05967684|0.00388118|0.00356218|0.00280885,1,0.8628608584403992,True,273,0.8628608584403992,True,273,0.8765882849693298,True,273,0.8251475095748901,True,273,0.9320734739303589,True,c12_correct
274,275,275_8.bmp,preprocessed_results\275\275_8.bmp,274,274,274,0.7638434171676636,120,0.011399439536035061,0.7524439776316285,274|120|47|153|289,0.76384342|0.01139944|0.01117110|0.00889803|0.00710553,1,0.7638434171676636,True,274,0.7638434171676636,True,274,0.7217784523963928,True,274,0.8319404721260071,True,274,0.7625699043273926,True,c12_correct
275,276,276_3.bmp,preprocessed_results\276\276_3.bmp,275,275,275,0.8852092027664185,274,0.011073592118918896,0.8741356106474996,275|274|21|578|47,0.88520920|0.01107359|0.00876432|0.00384672|0.00303806,1,0.8852092027664185,True,275,0.8852092027664185,True,275,0.8376737236976624,True,275,0.8120813369750977,True,275,0.7673323750495911,True,c12_correct
276,277,277_6.bmp,preprocessed_results\277\277_6.bmp,276,276,42,0.10158108174800873,276,0.061061445623636246,0.04051963612437248,42|276|329|251|432,0.10158108|0.06106145|0.05282225|0.04672955|0.03244162,2,0.061061445623636246,True,42,0.10158108174800873,False,276,0.0907338485121727,True,276,0.5429534316062927,True,276,0.12268649786710739,True,teacher_all_correct;low_margin;true_in_top5
277,278,278_5.bmp,preprocessed_results\278\278_5.bmp,277,277,277,0.6812518239021301,320,0.014823701232671738,0.6664281226694584,277|320|278|59|172,0.68125182|0.01482370|0.01447085|0.01280837|0.01167716,1,0.6812518239021301,True,277,0.6812518239021301,True,277,0.4913191497325897,True,277,0.7926443815231323,True,277,0.3603668510913849,True,c12_correct
278,279,279_6.bmp,preprocessed_results\279\279_6.bmp,278,278,278,0.3402280807495117,172,0.036430828273296356,0.30379725247621536,278|172|279|173|213,0.34022808|0.03643083|0.03087987|0.02254690|0.01903975,1,0.3402280807495117,True,278,0.3402280807495117,True,278,0.40090474486351013,True,278,0.8005096912384033,True,278,0.7219039797782898,True,c12_correct
279,280,280_4.bmp,preprocessed_results\280\280_4.bmp,279,279,279,0.9255654811859131,278,0.00708320876583457,0.9184822724200785,279|278|792|274|257,0.92556548|0.00708321|0.00277047|0.00216624|0.00205551,1,0.9255654811859131,True,279,0.9255654811859131,True,279,0.7882598042488098,True,279,0.8061201572418213,True,279,0.7376769781112671,True,c12_correct
280,281,281_5.bmp,preprocessed_results\281\281_5.bmp,280,280,280,0.9285948276519775,281,0.01255620364099741,0.9160386240109801,280|281|148|178|1,0.92859483|0.01255620|0.00307116|0.00104977|0.00101547,1,0.9285948276519775,True,280,0.9285948276519775,True,280,0.9118324518203735,True,280,0.8175246119499207,True,280,0.8789328336715698,True,c12_correct
281,282,282_1.bmp,preprocessed_results\282\282_1.bmp,281,281,281,0.9337524771690369,420,0.0068470933474600315,0.9269053838215768,281|420|40|232|280,0.93375248|0.00684709|0.00246885|0.00234499|0.00212836,1,0.9337524771690369,True,281,0.9337524771690369,True,281,0.828276515007019,True,281,0.8484746217727661,True,281,0.8046217560768127,True,c12_correct
282,283,283_9.bmp,preprocessed_results\283\283_9.bmp,282,282,282,0.6896911263465881,283,0.07418523728847504,0.6155058890581131,282|283|531|273|142,0.68969113|0.07418524|0.01266571|0.01213915|0.01062652,1,0.6896911263465881,True,282,0.6896911263465881,True,282,0.4796973764896393,True,282,0.8201028108596802,True,282,0.584182858467102,True,c12_correct
283,284,284_7.bmp,preprocessed_results\284\284_7.bmp,283,283,283,0.8746859431266785,282,0.032667919993400574,0.8420180231332779,283|282|117|273|665,0.87468594|0.03266792|0.00517290|0.00428049|0.00306024,1,0.8746859431266785,True,283,0.8746859431266785,True,283,0.6692676544189453,True,283,0.8352515697479248,True,283,0.7591683864593506,True,c12_correct
284,285,285_8.bmp,preprocessed_results\285\285_8.bmp,284,284,284,0.5617639422416687,285,0.04087073728442192,0.5208932049572468,284|285|224|269|676,0.56176394|0.04087074|0.03257836|0.01753519|0.01385012,1,0.5617639422416687,True,284,0.5617639422416687,True,284,0.6396360397338867,True,284,0.8167852759361267,True,284,0.637486457824707,True,c12_correct
285,286,286_3.bmp,preprocessed_results\286\286_3.bmp,285,285,285,0.7768834233283997,225,0.029909193515777588,0.7469742298126221,285|225|284|624|784,0.77688342|0.02990919|0.01227305|0.00509786|0.00386006,1,0.7768834233283997,True,285,0.7768834233283997,True,285,0.5719086527824402,True,285,0.8006489276885986,True,285,0.5580289959907532,True,c12_correct
286,287,287_9.bmp,preprocessed_results\287\287_9.bmp,286,286,286,0.8566286563873291,287,0.009139593690633774,0.8474890626966953,286|287|302|660|236,0.85662866|0.00913959|0.00657632|0.00309904|0.00300771,1,0.8566286563873291,True,286,0.8566286563873291,True,286,0.313799649477005,True,286,0.8087708950042725,True,286,0.5781782865524292,True,c12_correct
287,288,288_8.bmp,preprocessed_results\288\288_8.bmp,287,287,287,0.4156190752983093,261,0.017552783712744713,0.3980662915855646,287|261|286|169|128,0.41561908|0.01755278|0.01440450|0.01273026|0.01155982,1,0.4156190752983093,True,287,0.4156190752983093,True,287,0.45278987288475037,True,287,0.7865373492240906,True,287,0.44465741515159607,True,c12_correct
288,289,289_8.bmp,preprocessed_results\289\289_8.bmp,288,288,288,0.9510265588760376,131,0.004149163607507944,0.9468773952685297,288|131|118|95|162,0.95102656|0.00414916|0.00264320|0.00099796|0.00087649,1,0.9510265588760376,True,288,0.9510265588760376,True,288,0.8680344820022583,True,288,0.815605103969574,True,288,0.8436425924301147,True,c12_correct
289,290,290_6.bmp,preprocessed_results\290\290_6.bmp,289,289,289,0.6527227759361267,118,0.023779194802045822,0.6289435811340809,289|118|277|288|158,0.65272278|0.02377919|0.01747400|0.00888980|0.00822502,1,0.6527227759361267,True,289,0.6527227759361267,True,289,0.5426594614982605,True,289,0.8239730596542358,True,289,0.6133415699005127,True,c12_correct
290,291,291_4.bmp,preprocessed_results\291\291_4.bmp,290,290,290,0.9397699236869812,291,0.01392898429185152,0.9258409393951297,290|291|159|261|284,0.93976992|0.01392898|0.00410407|0.00394014|0.00160128,1,0.9397699236869812,True,290,0.9397699236869812,True,290,0.9032749533653259,True,290,0.8247109055519104,True,290,0.7619705200195312,True,c12_correct
291,292,292_1.bmp,preprocessed_results\292\292_1.bmp,291,291,291,0.8670248985290527,159,0.016042914241552353,0.8509819842875004,291|159|290|253|65,0.86702490|0.01604291|0.01096505|0.00640256|0.00245842,1,0.8670248985290527,True,291,0.8670248985290527,True,291,0.744962215423584,True,291,0.8015739321708679,True,291,0.6713095307350159,True,c12_correct
292,293,293_8.bmp,preprocessed_results\293\293_8.bmp,292,292,292,0.8821251392364502,298,0.0049217152409255505,0.8772034239955246,292|298|186|158|820,0.88212514|0.00492172|0.00355445|0.00315400|0.00285231,1,0.8821251392364502,True,292,0.8821251392364502,True,292,0.7079032063484192,True,292,0.8061219453811646,True,292,0.7966090440750122,True,c12_correct
293,294,294_10.bmp,preprocessed_results\294\294_10.bmp,293,293,293,0.9223847985267639,292,0.005938683170825243,0.9164461153559387,293|292|675|205|12,0.92238480|0.00593868|0.00350092|0.00230497|0.00225325,1,0.9223847985267639,True,293,0.9223847985267639,True,293,0.8582970499992371,True,293,0.8386491537094116,True,293,0.6501796841621399,True,c12_correct
294,295,295_6.bmp,preprocessed_results\295\295_6.bmp,294,294,294,0.7809600830078125,548,0.00555086974054575,0.7754092132672668,294|548|549|555|436,0.78096008|0.00555087|0.00522002|0.00494868|0.00410132,1,0.7809600830078125,True,294,0.7809600830078125,True,294,0.544096052646637,True,294,0.7959542274475098,True,294,0.6131967902183533,True,c12_correct
295,296,296_6.bmp,preprocessed_results\296\296_6.bmp,295,295,295,0.5162546038627625,69,0.010370620526373386,0.5058839833363891,295|69|305|294|642,0.51625460|0.01037062|0.00946778|0.00922545|0.00629035,1,0.5162546038627625,True,295,0.5162546038627625,True,295,0.6463165879249573,True,295,0.797756552696228,True,295,0.6330760717391968,True,c12_correct
296,297,297_3.bmp,preprocessed_results\297\297_3.bmp,296,296,296,0.9621177911758423,297,0.006135670468211174,0.9559821207076311,296|297|141|274|533,0.96211779|0.00613567|0.00179834|0.00104316|0.00095961,1,0.9621177911758423,True,296,0.9621177911758423,True,296,0.7036672234535217,True,296,0.8199683427810669,True,296,0.6635331511497498,True,c12_correct
297,298,298_4.bmp,preprocessed_results\298\298_4.bmp,297,297,297,0.48707810044288635,296,0.08051629364490509,0.40656180679798126,297|296|341|160|205,0.48707810|0.08051629|0.02473272|0.02285961|0.01082128,1,0.48707810044288635,True,297,0.48707810044288635,True,297,0.44422048330307007,True,297,0.7591803669929504,True,297,0.12947478890419006,True,c12_correct
298,299,299_9.bmp,preprocessed_results\299\299_9.bmp,298,298,298,0.941936194896698,175,0.0020352855790406466,0.9399009093176574,298|175|244|167|400,0.94193619|0.00203529|0.00138903|0.00123362|0.00097539,1,0.941936194896698,True,298,0.941936194896698,True,298,0.8842045664787292,True,298,0.8106371760368347,True,298,0.837958574295044,True,c12_correct
299,300,300_10.bmp,preprocessed_results\300\300_10.bmp,299,299,299,0.5504330396652222,141,0.10720846801996231,0.44322457164525986,299|141|298|284|154,0.55043304|0.10720847|0.03137616|0.01072116|0.00771344,1,0.5504330396652222,True,299,0.5504330396652222,True,299,0.49184510111808777,True,299,0.7829300165176392,True,299,0.5852370858192444,True,c12_correct
300,301,301_10.bmp,preprocessed_results\301\301_10.bmp,300,300,300,0.9205502271652222,244,0.00584722263738513,0.914703004527837,300|244|86|495|386,0.92055023|0.00584722|0.00352452|0.00224134|0.00172998,1,0.9205502271652222,True,300,0.9205502271652222,True,300,0.7432777285575867,True,300,0.8505785465240479,True,300,0.8668290376663208,True,c12_correct
301,302,302_10.bmp,preprocessed_results\302\302_10.bmp,301,301,301,0.30000072717666626,43,0.03294244781136513,0.26705827936530113,301|43|211|185|210,0.30000073|0.03294245|0.02195800|0.01694293|0.01688670,1,0.30000072717666626,True,301,0.30000072717666626,True,301,0.17879712581634521,True,301,0.727555513381958,True,301,0.4160085916519165,True,c12_correct
302,303,303_10.bmp,preprocessed_results\303\303_10.bmp,302,302,302,0.7923660278320312,119,0.008782502263784409,0.7835835255682468,302|119|303|287|318,0.79236603|0.00878250|0.00638094|0.00598864|0.00569606,1,0.7923660278320312,True,302,0.7923660278320312,True,302,0.30232182145118713,True,302,0.7718635201454163,True,302,0.6770495772361755,True,c12_correct
303,304,304_6.bmp,preprocessed_results\304\304_6.bmp,303,303,303,0.7999430298805237,235,0.012961950153112411,0.7869810797274113,303|235|507|337|29,0.79994303|0.01296195|0.01291510|0.00933093|0.00865645,1,0.7999430298805237,True,303,0.7999430298805237,True,303,0.5962857007980347,True,303,0.8218790292739868,True,303,0.8225775361061096,True,c12_correct
304,305,305_2.bmp,preprocessed_results\305\305_2.bmp,304,304,304,0.8634731769561768,326,0.01348061766475439,0.8499925592914224,304|326|133|188|378,0.86347318|0.01348062|0.00589526|0.00416666|0.00408809,1,0.8634731769561768,True,304,0.8634731769561768,True,304,0.764291524887085,True,304,0.8651877045631409,True,304,0.8464246988296509,True,c12_correct
305,306,306_6.bmp,preprocessed_results\306\306_6.bmp,305,305,305,0.6423599123954773,304,0.03462108597159386,0.6077388264238834,305|304|326|75|787,0.64235991|0.03462109|0.02849628|0.02680624|0.01679252,1,0.6423599123954773,True,305,0.6423599123954773,True,305,0.38261932134628296,True,305,0.7979332208633423,True,305,0.2887662649154663,True,c12_correct
306,307,307_7.bmp,preprocessed_results\307\307_7.bmp,306,306,306,0.9614294767379761,307,0.0044769952073693275,0.9569524815306067,306|307|118|817|797,0.96142948|0.00447700|0.00133582|0.00130318|0.00100756,1,0.9614294767379761,True,306,0.9614294767379761,True,306,0.8926535248756409,True,306,0.8391762375831604,True,306,0.8505324721336365,True,c12_correct
307,308,308_9.bmp,preprocessed_results\308\308_9.bmp,307,307,307,0.9182092547416687,306,0.008929016068577766,0.9092802386730909,307|306|20|41|425,0.91820925|0.00892902|0.00146350|0.00139665|0.00117046,1,0.9182092547416687,True,307,0.9182092547416687,True,307,0.8449850082397461,True,307,0.8386923670768738,True,307,0.8274281620979309,True,c12_correct
308,309,309_9.bmp,preprocessed_results\309\309_9.bmp,308,308,308,0.9550584554672241,309,0.0027724106330424547,0.9522860448341817,308|309|84|60|0,0.95505846|0.00277241|0.00154015|0.00141817|0.00103204,1,0.9550584554672241,True,308,0.9550584554672241,True,308,0.7227191925048828,True,308,0.8334454894065857,True,308,0.8108764886856079,True,c12_correct
309,310,310_9.bmp,preprocessed_results\310\310_9.bmp,309,309,309,0.9292321801185608,219,0.0033503726590424776,0.9258818074595183,309|219|308|98|4,0.92923218|0.00335037|0.00163180|0.00141532|0.00119834,1,0.9292321801185608,True,309,0.9292321801185608,True,309,0.8192331194877625,True,309,0.8189021348953247,True,309,0.777419924736023,True,c12_correct
310,311,311_9.bmp,preprocessed_results\311\311_9.bmp,310,310,310,0.4719330370426178,783,0.017352119088172913,0.4545809179544449,310|783|652|659|653,0.47193304|0.01735212|0.01517317|0.01306016|0.00930568,1,0.4719330370426178,True,310,0.4719330370426178,True,310,0.3805178105831146,True,310,0.7872028946876526,True,310,0.5297548770904541,True,c12_correct
311,312,312_7.bmp,preprocessed_results\312\312_7.bmp,311,311,311,0.7573049068450928,315,0.004837994929403067,0.7524669119156897,311|315|675|783|57,0.75730491|0.00483799|0.00471111|0.00352384|0.00344656,1,0.7573049068450928,True,311,0.7573049068450928,True,311,0.8486864566802979,True,311,0.8067275285720825,True,311,0.8541154861450195,True,c12_correct
312,313,313_3.bmp,preprocessed_results\313\313_3.bmp,312,312,312,0.945713996887207,674,0.0015710500301793218,0.9441429468570277,312|674|256|313|250,0.94571400|0.00157105|0.00140028|0.00106465|0.00092803,1,0.945713996887207,True,312,0.945713996887207,True,312,0.8039668202400208,True,312,0.8282945156097412,True,312,0.8195515275001526,True,c12_correct
313,314,314_9.bmp,preprocessed_results\314\314_9.bmp,313,313,313,0.9302135109901428,312,0.0031682441476732492,0.9270452668424696,313|312|206|292|662,0.93021351|0.00316824|0.00196841|0.00160737|0.00138289,1,0.9302135109901428,True,313,0.9302135109901428,True,313,0.6932271718978882,True,313,0.815483808517456,True,313,0.8201410174369812,True,c12_correct
314,315,315_5.bmp,preprocessed_results\315\315_5.bmp,314,314,314,0.8524020314216614,82,0.010483714751899242,0.8419183166697621,314|82|546|315|176,0.85240203|0.01048371|0.00795127|0.00510031|0.00440261,1,0.8524020314216614,True,314,0.8524020314216614,True,314,0.8028514385223389,True,314,0.8271735906600952,True,314,0.7651713490486145,True,c12_correct
315,316,316_1.bmp,preprocessed_results\316\316_1.bmp,315,315,315,0.9227592945098877,140,0.0026027346029877663,0.9201565599068999,315|140|531|494|29,0.92275929|0.00260273|0.00248489|0.00154710|0.00135192,1,0.9227592945098877,True,315,0.9227592945098877,True,315,0.8353484272956848,True,315,0.8631104826927185,True,315,0.8702097535133362,True,c12_correct
316,317,317_6.bmp,preprocessed_results\317\317_6.bmp,316,316,316,0.8148561120033264,323,0.006942888721823692,0.8079132232815027,316|323|128|399|317,0.81485611|0.00694289|0.00577413|0.00466409|0.00371531,1,0.8148561120033264,True,316,0.8148561120033264,True,316,0.8036032915115356,True,316,0.8215985298156738,True,316,0.8687023520469666,True,c12_correct
317,318,318_10.bmp,preprocessed_results\318\318_10.bmp,317,317,317,0.780404806137085,64,0.017706025391817093,0.7626987807452679,317|64|323|322|340,0.78040481|0.01770603|0.01133004|0.00619341|0.00480916,1,0.780404806137085,True,317,0.780404806137085,True,317,0.6233959197998047,True,317,0.7890346646308899,True,317,0.6588646173477173,True,c12_correct
318,319,319_5.bmp,preprocessed_results\319\319_5.bmp,318,318,318,0.884544312953949,162,0.004903508350253105,0.8796408046036959,318|162|319|761|333,0.88454431|0.00490351|0.00234558|0.00166719|0.00136921,1,0.884544312953949,True,318,0.884544312953949,True,318,0.8758119940757751,True,318,0.8465142250061035,True,318,0.825977623462677,True,c12_correct
319,320,320_1.bmp,preprocessed_results\320\320_1.bmp,319,319,319,0.812673032283783,260,0.01093707699328661,0.8017359552904963,319|260|318|261|82,0.81267303|0.01093708|0.00793348|0.00481573|0.00408297,1,0.812673032283783,True,319,0.812673032283783,True,319,0.6944219470024109,True,319,0.8185691833496094,True,319,0.8090822696685791,True,c12_correct
320,321,321_8.bmp,preprocessed_results\321\321_8.bmp,320,320,320,0.47606414556503296,321,0.0741824135184288,0.40188173204660416,320|321|43|276|516,0.47606415|0.07418241|0.01154058|0.01036930|0.00986477,1,0.47606414556503296,True,320,0.47606414556503296,True,320,0.41550564765930176,True,320,0.7745705842971802,True,320,0.1909407377243042,True,c12_correct
321,322,322_2.bmp,preprocessed_results\322\322_2.bmp,321,321,321,0.21557526290416718,320,0.14349204301834106,0.07208321988582611,321|320|43|720|339,0.21557526|0.14349204|0.06847504|0.01174012|0.01116080,1,0.21557526290416718,True,321,0.21557526290416718,True,321,0.10646232962608337,True,321,0.2016560584306717,True,321,0.08975730836391449,True,c12_correct
322,323,323_6.bmp,preprocessed_results\323\323_6.bmp,322,322,322,0.7704437971115112,170,0.007652605883777142,0.7627911912277341,322|170|528|4|502,0.77044380|0.00765261|0.00714048|0.00686147|0.00621760,1,0.7704437971115112,True,322,0.7704437971115112,True,322,0.3592623174190521,True,322,0.7716378569602966,True,322,0.6282961368560791,True,c12_correct
323,324,324_5.bmp,preprocessed_results\324\324_5.bmp,323,323,323,0.4140864610671997,416,0.05175500363111496,0.36233145743608475,323|416|317|215|444,0.41408646|0.05175500|0.02198572|0.01690846|0.01616654,1,0.4140864610671997,True,323,0.4140864610671997,True,323,0.5006257891654968,True,323,0.8051959872245789,True,323,0.5609757900238037,True,c12_correct
324,325,325_9.bmp,preprocessed_results\325\325_9.bmp,324,324,324,0.2633299231529236,201,0.021989619359374046,0.24134030379354954,324|201|423|130|334,0.26332992|0.02198962|0.01767566|0.01654195|0.01401482,1,0.2633299231529236,True,324,0.2633299231529236,True,324,0.310334712266922,True,324,0.7866380214691162,True,324,0.4754652678966522,True,c12_correct
325,326,326_4.bmp,preprocessed_results\326\326_4.bmp,325,325,325,0.955694317817688,275,0.004583178088068962,0.951111139729619,325|275|420|336|748,0.95569432|0.00458318|0.00138240|0.00094498|0.00094276,1,0.955694317817688,True,325,0.955694317817688,True,325,0.8391897082328796,True,325,0.8308422565460205,True,325,0.8266931772232056,True,c12_correct
326,327,327_5.bmp,preprocessed_results\327\327_5.bmp,326,326,326,0.7657540440559387,304,0.01738409884274006,0.7483699452131987,326|304|79|188|328,0.76575404|0.01738410|0.00979894|0.00495654|0.00448166,1,0.7657540440559387,True,326,0.7657540440559387,True,326,0.6641405820846558,True,326,0.8102614879608154,True,326,0.6277344822883606,True,c12_correct
327,328,328_7.bmp,preprocessed_results\328\328_7.bmp,327,327,327,0.5846775770187378,163,0.01294320821762085,0.5717343688011169,327|163|77|607|93,0.58467758|0.01294321|0.00816928|0.00724383|0.00687313,1,0.5846775770187378,True,327,0.5846775770187378,True,327,0.08096951246261597,True,327,0.7444038391113281,True,327,0.5394582748413086,True,c12_correct
328,329,329_5.bmp,preprocessed_results\329\329_5.bmp,328,328,328,0.8607401251792908,10,0.012735812924802303,0.8480043122544885,328|10|329|216|106,0.86074013|0.01273581|0.00918103|0.00685140|0.00654293,1,0.8607401251792908,True,328,0.8607401251792908,True,328,0.6017061471939087,True,328,0.8068865537643433,True,328,0.732943058013916,True,c12_correct
329,330,330_6.bmp,preprocessed_results\330\330_6.bmp,329,329,329,0.8614450693130493,266,0.004323839675635099,0.8571212296374142,329|266|214|262|328,0.86144507|0.00432384|0.00395145|0.00317139|0.00303262,1,0.8614450693130493,True,329,0.8614450693130493,True,329,0.6605647802352905,True,329,0.8139509558677673,True,329,0.5688748955726624,True,c12_correct
330,331,331_7.bmp,preprocessed_results\331\331_7.bmp,330,330,330,0.9175817966461182,338,0.0057848310098052025,0.911796965636313,330|338|12|331|794,0.91758180|0.00578483|0.00305156|0.00281620|0.00221368,1,0.9175817966461182,True,330,0.9175817966461182,True,330,0.7909072041511536,True,330,0.823542594909668,True,330,0.7473279237747192,True,c12_correct
331,332,332_3.bmp,preprocessed_results\332\332_3.bmp,331,331,331,0.9086558222770691,52,0.002143931807950139,0.906511890469119,331|52|792|279|339,0.90865582|0.00214393|0.00154833|0.00141616|0.00133189,1,0.9086558222770691,True,331,0.9086558222770691,True,331,0.7794360518455505,True,331,0.7931804060935974,True,331,0.7637822031974792,True,c12_correct
332,333,333_9.bmp,preprocessed_results\333\333_9.bmp,332,332,332,0.791924238204956,479,0.00899733230471611,0.7829269059002399,332|479|220|478|333,0.79192424|0.00899733|0.00847833|0.00568333|0.00521968,1,0.791924238204956,True,332,0.791924238204956,True,332,0.504421055316925,True,332,0.8121078610420227,True,332,0.767697811126709,True,c12_correct
333,334,334_8.bmp,preprocessed_results\334\334_8.bmp,333,333,333,0.47564223408699036,332,0.047390714287757874,0.4282515197992325,333|332|773|142|644,0.47564223|0.04739071|0.01572494|0.01495441|0.00826394,1,0.47564223408699036,True,333,0.47564223408699036,True,333,0.2913348078727722,True,333,0.8001828193664551,True,333,0.3853820860385895,True,c12_correct
334,335,335_4.bmp,preprocessed_results\335\335_4.bmp,334,334,334,0.8130249977111816,335,0.006103571504354477,0.8069214262068272,334|335|819|262|18,0.81302500|0.00610357|0.00386550|0.00341490|0.00328509,1,0.8130249977111816,True,334,0.8130249977111816,True,334,0.8308634757995605,True,334,0.8177525401115417,True,334,0.6939746141433716,True,c12_correct
335,336,336_9.bmp,preprocessed_results\336\336_9.bmp,335,335,335,0.9114753007888794,334,0.008854166604578495,0.9026211341843009,335|334|45|216|363,0.91147530|0.00885417|0.00769057|0.00674250|0.00363327,1,0.9114753007888794,True,335,0.9114753007888794,True,335,0.7048458456993103,True,335,0.7636817097663879,True,335,0.5654311776161194,True,c12_correct
336,337,337_8.bmp,preprocessed_results\337\337_8.bmp,336,336,336,0.7597443461418152,41,0.019365891814231873,0.7403784543275833,336|41|390|405|395,0.75974435|0.01936589|0.00703218|0.00459264|0.00440045,1,0.7597443461418152,True,336,0.7597443461418152,True,336,0.613970160484314,True,336,0.8274381756782532,True,336,0.6100314855575562,True,c12_correct
337,338,338_8.bmp,preprocessed_results\338\338_8.bmp,337,337,337,0.7609120011329651,336,0.009088842198252678,0.7518231589347124,337|336|303|660|425,0.76091200|0.00908884|0.00627706|0.00323738|0.00297219,1,0.7609120011329651,True,337,0.7609120011329651,True,337,0.7319801449775696,True,337,0.816789448261261,True,337,0.7970611453056335,True,c12_correct
338,339,339_2.bmp,preprocessed_results\339\339_2.bmp,338,338,338,0.937340497970581,330,0.0021604502107948065,0.9351800477597862,338|330|738|233|176,0.93734050|0.00216045|0.00148872|0.00109820|0.00106236,1,0.937340497970581,True,338,0.937340497970581,True,338,0.8284817337989807,True,338,0.7798557281494141,True,338,0.8720651865005493,True,c12_correct
339,340,340_9.bmp,preprocessed_results\340\340_9.bmp,339,339,339,0.7923773527145386,257,0.018255162984132767,0.7741221897304058,339|257|639|746|267,0.79237735|0.01825516|0.01512096|0.00774327|0.00437081,1,0.7923773527145386,True,339,0.7923773527145386,True,339,0.7800619006156921,True,339,0.8263714909553528,True,339,0.8406185507774353,True,c12_correct
340,341,341_5.bmp,preprocessed_results\341\341_5.bmp,340,340,340,0.9658501148223877,322,0.0023134618531912565,0.9635366529691964,340|322|778|816|798,0.96585011|0.00231346|0.00228828|0.00082329|0.00076056,1,0.9658501148223877,True,340,0.9658501148223877,True,340,0.9355489611625671,True,340,0.8285942077636719,True,340,0.809528648853302,True,c12_correct
341,342,342_5.bmp,preprocessed_results\342\342_5.bmp,341,341,341,0.793969988822937,800,0.009020148776471615,0.7849498400464654,341|800|133|103|703,0.79396999|0.00902015|0.00526567|0.00481518|0.00328519,1,0.793969988822937,True,341,0.793969988822937,True,341,0.23000776767730713,True,341,0.7969291806221008,True,341,0.676072895526886,True,c12_correct
342,343,343_4.bmp,preprocessed_results\343\343_4.bmp,342,342,342,0.9446167945861816,350,0.00205201911740005,0.9425647754687816,342|350|486|396|364,0.94461679|0.00205202|0.00112316|0.00094098|0.00087166,1,0.9446167945861816,True,342,0.9446167945861816,True,342,0.8359135389328003,True,342,0.8311133980751038,True,342,0.8589710593223572,True,c12_correct
343,344,344_7.bmp,preprocessed_results\344\344_7.bmp,343,343,343,0.08332327753305435,503,0.016550404950976372,0.06677287258207798,343|503|352|205|24,0.08332328|0.01655040|0.01334085|0.01270476|0.01266407,1,0.08332327753305435,True,343,0.08332327753305435,True,343,0.3310820162296295,True,343,0.647014319896698,True,343,0.28462186455726624,True,c12_correct
344,345,345_3.bmp,preprocessed_results\345\345_3.bmp,344,344,344,0.9030722379684448,515,0.009891839697957039,0.8931803982704878,344|515|458|319|459,0.90307224|0.00989184|0.00212561|0.00182135|0.00119558,1,0.9030722379684448,True,344,0.9030722379684448,True,344,0.8178269267082214,True,344,0.8154652714729309,True,344,0.8828286528587341,True,c12_correct
345,346,346_5.bmp,preprocessed_results\346\346_5.bmp,345,345,345,0.9075737595558167,353,0.00658841710537672,0.9009853424504399,345|353|449|352|433,0.90757376|0.00658842|0.00435129|0.00353612|0.00265021,1,0.9075737595558167,True,345,0.9075737595558167,True,345,0.8786259889602661,True,345,0.8222123980522156,True,345,0.8011511564254761,True,c12_correct
346,347,347_10.bmp,preprocessed_results\347\347_10.bmp,346,346,346,0.7075112462043762,722,0.009697739966213703,0.6978135062381625,346|722|347|76|177,0.70751125|0.00969774|0.00786469|0.00586463|0.00473932,1,0.7075112462043762,True,346,0.7075112462043762,True,346,0.675952136516571,True,346,0.8474368453025818,True,346,0.7494010925292969,True,c12_correct
347,348,348_1.bmp,preprocessed_results\348\348_1.bmp,347,347,347,0.9359328746795654,346,0.004059755243360996,0.9318731194362044,347|346|473|369|454,0.93593287|0.00405976|0.00210072|0.00125625|0.00116314,1,0.9359328746795654,True,347,0.9359328746795654,True,347,0.8916627764701843,True,347,0.8317981958389282,True,347,0.7899946570396423,True,c12_correct
348,349,349_3.bmp,preprocessed_results\349\349_3.bmp,348,348,348,0.18007825314998627,392,0.05860377103090286,0.1214744821190834,348|392|429|370|349,0.18007825|0.05860377|0.02711272|0.02118527|0.01812326,1,0.18007825314998627,True,348,0.18007825314998627,True,348,0.05139249935746193,True,348,0.06953317672014236,True,348,0.07705648988485336,True,c12_correct
349,350,350_2.bmp,preprocessed_results\350\350_2.bmp,349,349,349,0.8998700976371765,266,0.009430188685655594,0.8904399089515209,349|266|348|389|419,0.89987010|0.00943019|0.00831662|0.00237970|0.00208052,1,0.8998700976371765,True,349,0.8998700976371765,True,349,0.8411916494369507,True,349,0.8387691974639893,True,349,0.882623016834259,True,c12_correct
350,351,351_9.bmp,preprocessed_results\351\351_9.bmp,350,350,350,0.7057300806045532,351,0.02154691331088543,0.6841831672936678,350|351|514|469|164,0.70573008|0.02154691|0.00725622|0.00600187|0.00585113,1,0.7057300806045532,True,350,0.7057300806045532,True,350,0.8780113458633423,True,350,0.8518442511558533,True,350,0.7975200414657593,True,c12_correct
351,352,352_3.bmp,preprocessed_results\352\352_3.bmp,351,351,351,0.831295371055603,510,0.013022447936236858,0.8182729231193662,351|510|342|487|456,0.83129537|0.01302245|0.00508743|0.00494446|0.00460968,1,0.831295371055603,True,351,0.831295371055603,True,351,0.8574929237365723,True,351,0.8305898904800415,True,351,0.8287941217422485,True,c12_correct
352,353,353_5.bmp,preprocessed_results\353\353_5.bmp,352,352,352,0.8801195025444031,353,0.010061646811664104,0.870057855732739,352|353|365|408|345,0.88011950|0.01006165|0.00570163|0.00239051|0.00236493,1,0.8801195025444031,True,352,0.8801195025444031,True,352,0.8175946474075317,True,352,0.8413774371147156,True,352,0.8154023289680481,True,c12_correct
353,354,354_1.bmp,preprocessed_results\354\354_1.bmp,353,353,353,0.48116546869277954,352,0.118343785405159,0.36282168328762054,353|352|345|433|126,0.48116547|0.11834379|0.08471424|0.05068831|0.01128893,1,0.48116546869277954,True,353,0.48116546869277954,True,353,0.2764774262905121,True,353,0.555644154548645,True,353,0.2533957064151764,True,c12_correct
354,355,355_4.bmp,preprocessed_results\355\355_4.bmp,354,354,354,0.8764536380767822,584,0.005241730250418186,0.871211907826364,354|584|181|450|493,0.87645364|0.00524173|0.00479404|0.00425357|0.00332118,1,0.8764536380767822,True,354,0.8764536380767822,True,354,0.822378933429718,True,354,0.8537753224372864,True,354,0.8701257109642029,True,c12_correct
355,356,356_8.bmp,preprocessed_results\356\356_8.bmp,355,355,355,0.923582911491394,537,0.0025288232136517763,0.9210540882777423,355|537|227|382|487,0.92358291|0.00252882|0.00213765|0.00212321|0.00202133,1,0.923582911491394,True,355,0.923582911491394,True,355,0.6106467247009277,True,355,0.8204054236412048,True,355,0.8268659710884094,True,c12_correct
356,357,357_7.bmp,preprocessed_results\357\357_7.bmp,356,356,356,0.9140135645866394,557,0.004269842058420181,0.9097437225282192,356|557|160|543|561,0.91401356|0.00426984|0.00285099|0.00251844|0.00214689,1,0.9140135645866394,True,356,0.9140135645866394,True,356,0.7409515976905823,True,356,0.8283064961433411,True,356,0.688817024230957,True,c12_correct
357,358,358_1.bmp,preprocessed_results\358\358_1.bmp,357,357,357,0.8697669506072998,550,0.0061395978555083275,0.8636273527517915,357|550|8|226|530,0.86976695|0.00613960|0.00318491|0.00257104|0.00237341,1,0.8697669506072998,True,357,0.8697669506072998,True,357,0.7662981748580933,True,357,0.8453443646430969,True,357,0.6619211435317993,True,c12_correct
358,359,359_10.bmp,preprocessed_results\359\359_10.bmp,358,358,358,0.8376933336257935,359,0.04277447611093521,0.7949188575148582,358|359|554|372|563,0.83769333|0.04277448|0.00607890|0.00508625|0.00407921,1,0.8376933336257935,True,358,0.8376933336257935,True,358,0.8303564786911011,True,358,0.8350566029548645,True,358,0.7469042539596558,True,c12_correct
359,360,360_2.bmp,preprocessed_results\360\360_2.bmp,359,359,359,0.792331874370575,505,0.007695915177464485,0.7846359591931105,359|505|358|504|258,0.79233187|0.00769592|0.00710100|0.00576401|0.00544484,1,0.792331874370575,True,359,0.792331874370575,True,359,0.6284681558609009,True,359,0.8129370212554932,True,359,0.5059595108032227,True,c12_correct
360,361,361_3.bmp,preprocessed_results\361\361_3.bmp,360,360,360,0.8319717645645142,361,0.006902012042701244,0.8250697525218129,360|361|303|157|147,0.83197176|0.00690201|0.00483443|0.00269969|0.00252949,1,0.8319717645645142,True,360,0.8319717645645142,True,360,0.7583115100860596,True,360,0.818217396736145,True,360,0.7646821737289429,True,c12_correct
361,362,362_4.bmp,preprocessed_results\362\362_4.bmp,361,361,361,0.9216288924217224,360,0.0026770152617245913,0.9189518771599978,361|360|459|539|154,0.92162889|0.00267702|0.00142871|0.00124906|0.00108794,1,0.9216288924217224,True,361,0.9216288924217224,True,361,0.8344733119010925,True,361,0.8251808881759644,True,361,0.868922233581543,True,c12_correct
362,363,363_5.bmp,preprocessed_results\363\363_5.bmp,362,362,362,0.9135944843292236,559,0.0034185999538749456,0.9101758843753487,362|559|808|363|539,0.91359448|0.00341860|0.00200134|0.00199107|0.00154787,1,0.9135944843292236,True,362,0.9135944843292236,True,362,0.9076599478721619,True,362,0.8025630116462708,True,362,0.8394796848297119,True,c12_correct
363,364,364_1.bmp,preprocessed_results\364\364_1.bmp,363,363,363,0.7918327450752258,357,0.02337907999753952,0.7684536650776863,363|357|358|538|564,0.79183275|0.02337908|0.01260002|0.01052053|0.00411515,1,0.7918327450752258,True,363,0.7918327450752258,True,363,0.3553469181060791,True,363,0.7881960272789001,True,363,0.6281689405441284,True,c12_correct
364,365,365_7.bmp,preprocessed_results\365\365_7.bmp,364,364,364,0.8605471253395081,434,0.004374744836241007,0.856172380503267,364|434|376|446|515,0.86054713|0.00437474|0.00421972|0.00336618|0.00236238,1,0.8605471253395081,True,364,0.8605471253395081,True,364,0.8811852931976318,True,364,0.8194340467453003,True,364,0.7897982001304626,True,c12_correct
365,366,366_4.bmp,preprocessed_results\366\366_4.bmp,365,365,365,0.9041633605957031,449,0.012219774536788464,0.8919435860589147,365|449|352|384|515,0.90416336|0.01221977|0.00377868|0.00250408|0.00210802,1,0.9041633605957031,True,365,0.9041633605957031,True,365,0.8103225231170654,True,365,0.8556822538375854,True,365,0.856239378452301,True,c12_correct
366,367,367_3.bmp,preprocessed_results\367\367_3.bmp,366,366,366,0.7744050621986389,382,0.009090742096304893,0.765314320102334,366|382|722|448|396,0.77440506|0.00909074|0.00434163|0.00350321|0.00337172,1,0.7744050621986389,True,366,0.7744050621986389,True,366,0.5558934211730957,True,366,0.8435027599334717,True,366,0.7370438575744629,True,c12_correct
367,368,368_3.bmp,preprocessed_results\368\368_3.bmp,367,367,367,0.9491897821426392,366,0.0030244470108300447,0.9461653351318091,367|366|343|443|487,0.94918978|0.00302445|0.00188455|0.00105795|0.00103634,1,0.9491897821426392,True,367,0.9491897821426392,True,367,0.8832902908325195,True,367,0.8485002517700195,True,367,0.8563825488090515,True,c12_correct
368,369,369_10.bmp,preprocessed_results\369\369_10.bmp,368,368,368,0.8794785737991333,369,0.0026624531019479036,0.8768161206971854,368|369|45|203|511,0.87947857|0.00266245|0.00243221|0.00225335|0.00216907,1,0.8794785737991333,True,368,0.8794785737991333,True,368,0.8311357498168945,True,368,0.8389531970024109,True,368,0.7574450969696045,True,c12_correct
369,370,370_7.bmp,preprocessed_results\370\370_7.bmp,369,369,369,0.9658458828926086,528,0.0012662684312090278,0.9645796144613996,369|528|458|235|347,0.96584588|0.00126627|0.00111426|0.00094854|0.00074680,1,0.9658458828926086,True,369,0.9658458828926086,True,369,0.892685055732727,True,369,0.8368263244628906,True,369,0.8526294231414795,True,c12_correct
370,371,371_3.bmp,preprocessed_results\371\371_3.bmp,370,370,370,0.8719576001167297,462,0.010312145575881004,0.8616454545408487,370|462|507|556|398,0.87195760|0.01031215|0.00215189|0.00187597|0.00143658,1,0.8719576001167297,True,370,0.8719576001167297,True,370,0.7823209166526794,True,370,0.8408583402633667,True,370,0.863349437713623,True,c12_correct
371,372,372_3.bmp,preprocessed_results\372\372_3.bmp,371,371,371,0.8938561081886292,393,0.00955840852111578,0.8842976996675134,371|393|353|365|352,0.89385611|0.00955841|0.00699467|0.00352362|0.00350291,1,0.8938561081886292,True,371,0.8938561081886292,True,371,0.8163006901741028,True,371,0.8454236388206482,True,371,0.8162509202957153,True,c12_correct
372,373,373_1.bmp,preprocessed_results\373\373_1.bmp,372,372,372,0.8541407585144043,373,0.006762881763279438,0.8473778767511249,372|373|555|102|448,0.85414076|0.00676288|0.00615204|0.00561942|0.00448663,1,0.8541407585144043,True,372,0.8541407585144043,True,372,0.8237771391868591,True,372,0.8252207040786743,True,372,0.7975998520851135,True,c12_correct
373,374,374_8.bmp,preprocessed_results\374\374_8.bmp,373,373,373,0.9158436059951782,372,0.003843782702460885,0.9119998232927173,373|372|475|102|689,0.91584361|0.00384378|0.00277752|0.00212199|0.00197440,1,0.9158436059951782,True,373,0.9158436059951782,True,373,0.8778768181800842,True,373,0.842119574546814,True,373,0.799150288105011,True,c12_correct
374,375,375_3.bmp,preprocessed_results\375\375_3.bmp,374,374,374,0.9590211510658264,156,0.004566728603094816,0.9544544224627316,374|156|88|375|18,0.95902115|0.00456673|0.00158518|0.00121009|0.00116764,1,0.9590211510658264,True,374,0.9590211510658264,True,374,0.7133087515830994,True,374,0.8285359144210815,True,374,0.858775794506073,True,c12_correct
375,376,376_8.bmp,preprocessed_results\376\376_8.bmp,375,375,375,0.7297348976135254,377,0.0216706320643425,0.7080642655491829,375|377|415|374|366,0.72973490|0.02167063|0.01554182|0.01435152|0.00749333,1,0.7297348976135254,True,375,0.7297348976135254,True,375,0.15678776800632477,True,375,0.7917875051498413,True,375,0.3288825452327728,True,c12_correct
376,377,377_3.bmp,preprocessed_results\377\377_3.bmp,376,376,376,0.6032817363739014,245,0.036839310079813004,0.5664424262940884,376|245|539|414|489,0.60328174|0.03683931|0.01673724|0.01658095|0.01221449,1,0.6032817363739014,True,376,0.6032817363739014,True,376,0.8329886198043823,True,376,0.8003675937652588,True,376,0.6278231143951416,True,c12_correct
377,378,378_4.bmp,preprocessed_results\378\378_4.bmp,377,377,377,0.9409095048904419,546,0.002679491648450494,0.9382300132419914,377|546|375|226|124,0.94090950|0.00267949|0.00234969|0.00217775|0.00124282,1,0.9409095048904419,True,377,0.9409095048904419,True,377,0.7480230331420898,True,377,0.8133232593536377,True,377,0.6568224430084229,True,c12_correct
378,379,379_2.bmp,preprocessed_results\379\379_2.bmp,378,378,378,0.8560429811477661,379,0.006286664865911007,0.8497563162818551,378|379|368|412|145,0.85604298|0.00628666|0.00425358|0.00240235|0.00234310,1,0.8560429811477661,True,378,0.8560429811477661,True,378,0.4278271794319153,True,378,0.7720738053321838,True,378,0.6804508566856384,True,c12_correct
379,380,380_4.bmp,preprocessed_results\380\380_4.bmp,379,379,379,0.9059423208236694,526,0.004474563058465719,0.9014677577652037,379|526|423|417|413,0.90594232|0.00447456|0.00332355|0.00270035|0.00264393,1,0.9059423208236694,True,379,0.9059423208236694,True,379,0.8471320867538452,True,379,0.8378275632858276,True,379,0.8011637926101685,True,c12_correct
380,381,381_9.bmp,preprocessed_results\381\381_9.bmp,380,380,380,0.6478813886642456,344,0.007861660793423653,0.640019727870822,380|344|468|381|519,0.64788139|0.00786166|0.00680931|0.00510485|0.00508300,1,0.6478813886642456,True,380,0.6478813886642456,True,380,0.6941123008728027,True,380,0.8252941370010376,True,380,0.6801044940948486,True,c12_correct
381,382,382_5.bmp,preprocessed_results\382\382_5.bmp,381,381,381,0.951323390007019,464,0.0020461787935346365,0.9492772112134844,381|464|300|197|408,0.95132339|0.00204618|0.00129884|0.00102558|0.00088148,1,0.951323390007019,True,381,0.951323390007019,True,381,0.9052135944366455,True,381,0.8312296867370605,True,381,0.8911692500114441,True,c12_correct
382,383,383_7.bmp,preprocessed_results\383\383_7.bmp,382,382,382,0.6204631328582764,226,0.026448404416441917,0.5940147284418344,382|226|178|448|95,0.62046313|0.02644840|0.01087900|0.00885633|0.00628445,1,0.6204631328582764,True,382,0.6204631328582764,True,382,0.5502936244010925,True,382,0.7703027725219727,True,382,0.5199201703071594,True,c12_correct
383,384,384_1.bmp,preprocessed_results\384\384_1.bmp,383,383,383,0.7711600661277771,202,0.04373150318861008,0.727428562939167,383|202|465|795|94,0.77116007|0.04373150|0.00647933|0.00447576|0.00440788,1,0.7711600661277771,True,383,0.7711600661277771,True,383,0.31814223527908325,True,383,0.7797489762306213,True,383,0.5572812557220459,True,c12_correct
384,385,385_10.bmp,preprocessed_results\385\385_10.bmp,384,384,384,0.4126814603805542,456,0.03776312619447708,0.3749183341860771,384|456|385|445|487,0.41268146|0.03776313|0.02644176|0.01133490|0.01110123,1,0.4126814603805542,True,384,0.4126814603805542,True,384,0.3037925362586975,True,384,0.774836003780365,True,384,0.6627215147018433,True,c12_correct
385,386,386_10.bmp,preprocessed_results\386\386_10.bmp,385,385,385,0.9456270337104797,502,0.0038486102130264044,0.9417784234974533,385|502|384|66|456,0.94562703|0.00384861|0.00145365|0.00135549|0.00072744,1,0.9456270337104797,True,385,0.9456270337104797,True,385,0.8061366677284241,True,385,0.8334371447563171,True,385,0.8550474643707275,True,c12_correct
386,387,387_7.bmp,preprocessed_results\387\387_7.bmp,386,386,386,0.9429953098297119,387,0.002191034145653248,0.9408042756840587,386|387|382|486|156,0.94299531|0.00219103|0.00172244|0.00160497|0.00124117,1,0.9429953098297119,True,386,0.9429953098297119,True,386,0.9161335229873657,True,386,0.8424725532531738,True,386,0.847882866859436,True,c12_correct
387,388,388_4.bmp,preprocessed_results\388\388_4.bmp,387,387,387,0.930297315120697,500,0.0032449050340801477,0.9270524100866169,387|500|516|548|386,0.93029732|0.00324491|0.00310904|0.00201519|0.00147711,1,0.930297315120697,True,387,0.930297315120697,True,387,0.908347487449646,True,387,0.8003862500190735,True,387,0.8443091511726379,True,c12_correct
388,389,389_7.bmp,preprocessed_results\389\389_7.bmp,388,388,388,0.8793004155158997,390,0.0052092354744672775,0.8740911800414324,388|390|507|430|360,0.87930042|0.00520924|0.00509316|0.00253525|0.00181163,1,0.8793004155158997,True,388,0.8793004155158997,True,388,0.7104275226593018,True,388,0.8495438098907471,True,388,0.7035365104675293,True,c12_correct
389,390,390_3.bmp,preprocessed_results\390\390_3.bmp,389,389,389,0.955269455909729,349,0.0019084191881120205,0.953361036721617,389|349|391|150|124,0.95526946|0.00190842|0.00129373|0.00097117|0.00088565,1,0.955269455909729,True,389,0.955269455909729,True,389,0.8872882127761841,True,389,0.8385114073753357,True,389,0.8760157823562622,True,c12_correct
390,391,391_7.bmp,preprocessed_results\391\391_7.bmp,390,390,390,0.8935293555259705,388,0.004848166834563017,0.8886811886914074,390|388|336|28|428,0.89352936|0.00484817|0.00424962|0.00217717|0.00204390,1,0.8935293555259705,True,390,0.8935293555259705,True,390,0.8213221430778503,True,390,0.848007321357727,True,390,0.8881559371948242,True,c12_correct
391,392,392_2.bmp,preprocessed_results\392\392_2.bmp,391,391,391,0.8911240696907043,133,0.009172935970127583,0.8819511337205768,391|133|771|491|429,0.89112407|0.00917294|0.00310152|0.00287409|0.00256549,1,0.8911240696907043,True,391,0.8911240696907043,True,391,0.6365172863006592,True,391,0.836934506893158,True,391,0.8515275120735168,True,c12_correct
392,393,393_8.bmp,preprocessed_results\393\393_8.bmp,392,392,392,0.6834589242935181,529,0.01025716494768858,0.6732017593458295,392|529|499|408|168,0.68345892|0.01025716|0.00657383|0.00455918|0.00448128,1,0.6834589242935181,True,392,0.6834589242935181,True,392,0.5194188952445984,True,392,0.8234752416610718,True,392,0.5370354056358337,True,c12_correct
393,394,394_3.bmp,preprocessed_results\394\394_3.bmp,393,393,393,0.8736791610717773,514,0.0021427669562399387,0.8715363941155374,393|514|403|365|469,0.87367916|0.00214277|0.00213201|0.00208120|0.00201322,1,0.8736791610717773,True,393,0.8736791610717773,True,393,0.7049318552017212,True,393,0.8134331107139587,True,393,0.7944087982177734,True,c12_correct
394,395,395_5.bmp,preprocessed_results\395\395_5.bmp,394,394,394,0.913546621799469,354,0.006368010304868221,0.9071786114946008,394|354|496|174|185,0.91354662|0.00636801|0.00498151|0.00213630|0.00154182,1,0.913546621799469,True,394,0.913546621799469,True,394,0.830297589302063,True,394,0.8526662588119507,True,394,0.8303137421607971,True,c12_correct
395,396,396_2.bmp,preprocessed_results\396\396_2.bmp,395,395,395,0.8934984803199768,375,0.0031660294625908136,0.890332450857386,395|375|536|200|392,0.89349848|0.00316603|0.00231271|0.00220505|0.00217626,1,0.8934984803199768,True,395,0.8934984803199768,True,395,0.848617672920227,True,395,0.8385721445083618,True,395,0.8658705949783325,True,c12_correct
396,397,397_1.bmp,preprocessed_results\397\397_1.bmp,396,396,396,0.9434998631477356,468,0.0019433785928413272,0.9415564845548943,396|468|515|448|453,0.94349986|0.00194338|0.00167864|0.00118838|0.00116835,1,0.9434998631477356,True,396,0.9434998631477356,True,396,0.9139247536659241,True,396,0.8464984893798828,True,396,0.8796849846839905,True,c12_correct
397,398,398_1.bmp,preprocessed_results\398\398_1.bmp,397,397,397,0.817002534866333,396,0.03441819176077843,0.7825843431055546,397|396|553|356|513,0.81700253|0.03441819|0.00303122|0.00290533|0.00286011,1,0.817002534866333,True,397,0.817002534866333,True,397,0.6681879758834839,True,397,0.8119211196899414,True,397,0.7160138487815857,True,c12_correct
398,399,399_6.bmp,preprocessed_results\399\399_6.bmp,398,398,398,0.9312224388122559,498,0.0032538382802158594,0.92796860053204,398|498|399|308|236,0.93122244|0.00325384|0.00214907|0.00150491|0.00121878,1,0.9312224388122559,True,398,0.9312224388122559,True,398,0.8623167872428894,True,398,0.8174144625663757,True,398,0.8503283262252808,True,c12_correct
399,400,400_7.bmp,preprocessed_results\400\400_7.bmp,399,399,399,0.8228908777236938,292,0.0065431115217506886,0.8163477662019432,399|292|398|293|461,0.82289088|0.00654311|0.00619640|0.00596121|0.00492565,1,0.8228908777236938,True,399,0.8228908777236938,True,399,0.8126164674758911,True,399,0.802280068397522,True,399,0.7908414602279663,True,c12_correct
400,401,401_6.bmp,preprocessed_results\401\401_6.bmp,400,400,400,0.6730433106422424,468,0.016983797773718834,0.6560595128685236,400|468|426|148|470,0.67304331|0.01698380|0.01004731|0.00844742|0.00792410,1,0.6730433106422424,True,400,0.6730433106422424,True,400,0.4864318072795868,True,400,0.8256038427352905,True,400,0.5878109335899353,True,c12_correct
401,402,402_2.bmp,preprocessed_results\402\402_2.bmp,401,401,401,0.5333167910575867,472,0.02166847325861454,0.5116483177989721,401|472|490|414|415,0.53331679|0.02166847|0.01857073|0.01566706|0.01521756,1,0.5333167910575867,True,401,0.5333167910575867,True,401,0.13911888003349304,True,401,0.759295642375946,True,401,0.2681601047515869,True,c12_correct
402,403,403_10.bmp,preprocessed_results\403\403_10.bmp,402,402,402,0.404891699552536,390,0.03311697766184807,0.37177472189068794,402|390|403|376|460,0.40489170|0.03311698|0.02792390|0.02327466|0.01010032,1,0.404891699552536,True,402,0.404891699552536,True,402,0.4223253130912781,True,402,0.8581081628799438,True,402,0.775801420211792,True,c12_correct
403,404,404_4.bmp,preprocessed_results\404\404_4.bmp,403,403,403,0.8746262788772583,402,0.00635242136195302,0.8682738575153053,403|402|461|365|427,0.87462628|0.00635242|0.00447090|0.00193013|0.00184559,1,0.8746262788772583,True,403,0.8746262788772583,True,403,0.9121338725090027,True,403,0.8454281687736511,True,403,0.7743913531303406,True,c12_correct
404,405,405_1.bmp,preprocessed_results\405\405_1.bmp,404,404,404,0.6436708569526672,376,0.029730739071965218,0.613940117880702,404|376|235|405|186,0.64367086|0.02973074|0.02376327|0.01780042|0.01002474,1,0.6436708569526672,True,404,0.6436708569526672,True,404,0.5287154316902161,True,404,0.7869118452072144,True,404,0.3238120675086975,True,c12_correct
405,406,406_5.bmp,preprocessed_results\406\406_5.bmp,405,405,405,0.9111301898956299,404,0.016105109825730324,0.8950250800698996,405|404|415|506|336,0.91113019|0.01610511|0.00269996|0.00198391|0.00178237,1,0.9111301898956299,True,405,0.9111301898956299,True,405,0.833754301071167,True,405,0.8363074064254761,True,405,0.8961847424507141,True,c12_correct
406,407,407_10.bmp,preprocessed_results\407\407_10.bmp,406,406,406,0.8796066641807556,378,0.004284546710550785,0.8753221174702048,406|378|165|782|407,0.87960666|0.00428455|0.00360908|0.00197842|0.00162970,1,0.8796066641807556,True,406,0.8796066641807556,True,406,0.9067416787147522,True,406,0.7969353199005127,True,406,0.8354146480560303,True,c12_correct
407,408,408_2.bmp,preprocessed_results\408\408_2.bmp,407,407,407,0.9693627953529358,141,0.0009356538648717105,0.9684271414880641,407|141|518|546|409,0.96936280|0.00093565|0.00074133|0.00069138|0.00064021,1,0.9693627953529358,True,407,0.9693627953529358,True,407,0.9253193140029907,True,407,0.8108774423599243,True,407,0.874504029750824,True,c12_correct
408,409,409_1.bmp,preprocessed_results\409\409_1.bmp,408,408,408,0.8779195547103882,364,0.0033534702379256487,0.8745660844724625,408|364|200|464|381,0.87791955|0.00335347|0.00257357|0.00247539|0.00186019,1,0.8779195547103882,True,408,0.8779195547103882,True,408,0.8587311506271362,True,408,0.8448264598846436,True,408,0.7911651730537415,True,c12_correct
409,410,410_3.bmp,preprocessed_results\410\410_3.bmp,409,409,409,0.30260077118873596,403,0.09321803599596024,0.20938273519277573,409|403|349|395|9,0.30260077|0.09321804|0.04085137|0.01323598|0.01231660,1,0.30260077118873596,True,409,0.30260077118873596,True,409,0.6187589764595032,True,409,0.7896389961242676,True,409,0.5626306533813477,True,c12_correct
410,411,411_4.bmp,preprocessed_results\411\411_4.bmp,410,410,410,0.9021111726760864,411,0.004128578584641218,0.8979825940914452,410|411|308|727|593,0.90211117|0.00412858|0.00173063|0.00149915|0.00119590,1,0.9021111726760864,True,410,0.9021111726760864,True,410,0.8469293117523193,True,410,0.8406693935394287,True,410,0.86758953332901,True,c12_correct
411,412,412_5.bmp,preprocessed_results\412\412_5.bmp,411,411,411,0.8865023255348206,410,0.016933979466557503,0.869568346068263,411|410|2|291|323,0.88650233|0.01693398|0.00222609|0.00165286|0.00138148,1,0.8865023255348206,True,411,0.8865023255348206,True,411,0.7994868159294128,True,411,0.8317533731460571,True,411,0.8302191495895386,True,c12_correct
412,413,413_1.bmp,preprocessed_results\413\413_1.bmp,412,412,412,0.6068013906478882,156,0.01593233458697796,0.5908690560609102,412|156|226|413|164,0.60680139|0.01593233|0.01124518|0.01103633|0.00874558,1,0.6068013906478882,True,412,0.6068013906478882,True,412,0.27554649114608765,True,412,0.7844807505607605,True,412,0.49109575152397156,True,c12_correct
413,414,414_6.bmp,preprocessed_results\414\414_6.bmp,413,413,413,0.9076582193374634,412,0.015852084383368492,0.8918061349540949,413|412|379|437|544,0.90765822|0.01585208|0.00645524|0.00199777|0.00194399,1,0.9076582193374634,True,413,0.9076582193374634,True,413,0.8799477815628052,True,413,0.8400689959526062,True,413,0.8653119802474976,True,c12_correct
414,415,415_6.bmp,preprocessed_results\415\415_6.bmp,414,414,414,0.7207462191581726,434,0.013573341071605682,0.7071728780865669,414|434|774|717|234,0.72074622|0.01357334|0.00838952|0.00782502|0.00781700,1,0.7207462191581726,True,414,0.7207462191581726,True,414,0.690808892250061,True,414,0.8280960321426392,True,414,0.8324770927429199,True,c12_correct
415,416,416_3.bmp,preprocessed_results\416\416_3.bmp,415,415,415,0.9144507646560669,375,0.007756532169878483,0.9066942324861884,415|375|447|417|745,0.91445076|0.00775653|0.00492283|0.00274533|0.00132490,1,0.9144507646560669,True,415,0.9144507646560669,True,415,0.2438715249300003,True,415,0.7937860488891602,True,415,0.4754919409751892,True,c12_correct
416,417,417_8.bmp,preprocessed_results\417\417_8.bmp,416,416,416,0.961051344871521,519,0.001657500397413969,0.959393844474107,416|519|323|511|301,0.96105134|0.00165750|0.00155559|0.00134375|0.00110033,1,0.961051344871521,True,416,0.961051344871521,True,416,0.8700920343399048,True,416,0.8211844563484192,True,416,0.8290951251983643,True,c12_correct
417,418,418_9.bmp,preprocessed_results\418\418_9.bmp,417,417,417,0.9087902307510376,416,0.0031387272756546736,0.9056515034753829,417|416|393|471|485,0.90879023|0.00313873|0.00189476|0.00149990|0.00139365,1,0.9087902307510376,True,417,0.9087902307510376,True,417,0.891620934009552,True,417,0.8391908407211304,True,417,0.8393221497535706,True,c12_correct
418,419,419_10.bmp,preprocessed_results\419\419_10.bmp,418,418,418,0.9241032004356384,394,0.0022107334807515144,0.9218924669548869,418|394|419|398|488,0.92410320|0.00221073|0.00206198|0.00168293|0.00132396,1,0.9241032004356384,True,418,0.9241032004356384,True,418,0.8131977319717407,True,418,0.8364100456237793,True,418,0.7852705717086792,True,c12_correct
419,420,420_10.bmp,preprocessed_results\420\420_10.bmp,419,419,419,0.8048518896102905,418,0.024447793141007423,0.7804040964692831,419|418|456|491|41,0.80485189|0.02444779|0.00526379|0.00394755|0.00379682,1,0.8048518896102905,True,419,0.8048518896102905,True,419,0.7821871042251587,True,419,0.8454174995422363,True,419,0.7650594115257263,True,c12_correct
420,421,421_10.bmp,preprocessed_results\421\421_10.bmp,420,420,420,0.5990733504295349,165,0.011887745000422001,0.5871856054291129,420|165|32|368|798,0.59907335|0.01188775|0.00917544|0.00797219|0.00632266,1,0.5990733504295349,True,420,0.5990733504295349,True,420,0.8017114400863647,True,420,0.7928467988967896,True,420,0.73836749792099,True,c12_correct
421,422,422_10.bmp,preprocessed_results\422\422_10.bmp,421,421,421,0.640124499797821,544,0.016294049099087715,0.6238304506987333,421|544|322|500|420,0.64012450|0.01629405|0.00871366|0.00644132|0.00637064,1,0.640124499797821,True,421,0.640124499797821,True,421,0.48841598629951477,True,421,0.8112139105796814,True,421,0.6844539642333984,True,c12_correct
422,423,423_4.bmp,preprocessed_results\423\423_4.bmp,422,422,422,0.924679696559906,423,0.004690089728683233,0.9199896068312228,422|423|491|535|121,0.92467970|0.00469009|0.00238320|0.00231838|0.00086688,1,0.924679696559906,True,422,0.924679696559906,True,422,0.9248849749565125,True,422,0.8451526165008545,True,422,0.8530077338218689,True,c12_correct
423,424,424_1.bmp,preprocessed_results\424\424_1.bmp,423,423,423,0.4984220266342163,409,0.02124057151377201,0.4771814551204443,423|409|148|392|415,0.49842203|0.02124057|0.01244994|0.00898287|0.00878434,1,0.4984220266342163,True,423,0.4984220266342163,True,423,0.3396140933036804,True,423,0.7819032669067383,True,423,0.4309881329536438,True,c12_correct
424,425,425_5.bmp,preprocessed_results\425\425_5.bmp,424,424,424,0.9438034296035767,425,0.0018984361086040735,0.9419049934949726,424|425|252|430|499,0.94380343|0.00189844|0.00101012|0.00098827|0.00092039,1,0.9438034296035767,True,424,0.9438034296035767,True,424,0.9133528470993042,True,424,0.8522358536720276,True,424,0.8695542216300964,True,c12_correct
425,426,426_4.bmp,preprocessed_results\426\426_4.bmp,425,425,425,0.8842814564704895,424,0.007204387336969376,0.8770770691335201,425|424|506|337|431,0.88428146|0.00720439|0.00534626|0.00507440|0.00374704,1,0.8842814564704895,True,425,0.8842814564704895,True,425,0.9030925631523132,True,425,0.8392125964164734,True,425,0.8846896886825562,True,c12_correct
426,427,427_7.bmp,preprocessed_results\427\427_7.bmp,426,426,426,0.8782078623771667,428,0.0034979484044015408,0.8747099139727652,426|428|519|488|453,0.87820786|0.00349795|0.00344583|0.00293450|0.00204769,1,0.8782078623771667,True,426,0.8782078623771667,True,426,0.8991060256958008,True,426,0.8334020972251892,True,426,0.8852187991142273,True,c12_correct
427,428,428_3.bmp,preprocessed_results\428\428_3.bmp,427,427,427,0.9516366720199585,461,0.001822721678763628,0.9498139503411949,427|461|508|521|400,0.95163667|0.00182272|0.00095735|0.00082419|0.00078132,1,0.9516366720199585,True,427,0.9516366720199585,True,427,0.8526126146316528,True,427,0.8335573673248291,True,427,0.8391363620758057,True,c12_correct
428,429,429_10.bmp,preprocessed_results\429\429_10.bmp,428,428,428,0.9293710589408875,426,0.0051892660558223724,0.9241817928850651,428|426|519|420|91,0.92937106|0.00518927|0.00292322|0.00140649|0.00103214,1,0.9293710589408875,True,428,0.9293710589408875,True,428,0.8744204044342041,True,428,0.8407467603683472,True,428,0.805730402469635,True,c12_correct
429,430,430_3.bmp,preprocessed_results\430\430_3.bmp,429,429,429,0.9238405227661133,400,0.002729862229898572,0.9211106605362147,429|400|407|456|546,0.92384052|0.00272986|0.00195308|0.00135380|0.00127523,1,0.9238405227661133,True,429,0.9238405227661133,True,429,0.855950653553009,True,429,0.848420262336731,True,429,0.8118656873703003,True,c12_correct
430,431,431_4.bmp,preprocessed_results\431\431_4.bmp,430,430,430,0.9358407855033875,398,0.002940504578873515,0.9329002809245139,430|398|431|322|1,0.93584079|0.00294050|0.00211535|0.00174010|0.00163045,1,0.9358407855033875,True,430,0.9358407855033875,True,430,0.8141841292381287,True,430,0.8278679847717285,True,430,0.8163642287254333,True,c12_correct
431,432,432_7.bmp,preprocessed_results\432\432_7.bmp,431,431,431,0.9607529640197754,425,0.0011352295987308025,0.9596177344210446,431|425|430|506|500,0.96075296|0.00113523|0.00108332|0.00089564|0.00079392,1,0.9607529640197754,True,431,0.9607529640197754,True,431,0.8850045204162598,True,431,0.8097748160362244,True,431,0.8338109254837036,True,c12_correct
432,433,433_4.bmp,preprocessed_results\433\433_4.bmp,432,432,432,0.8865014910697937,71,0.0038257583510130644,0.8826757327187806,432|71|439|433|196,0.88650149|0.00382576|0.00353998|0.00250782|0.00192365,1,0.8865014910697937,True,432,0.8865014910697937,True,432,0.7560624480247498,True,432,0.7653794288635254,True,432,0.8538130521774292,True,c12_correct
433,434,434_3.bmp,preprocessed_results\434\434_3.bmp,433,433,433,0.9370728731155396,432,0.006567592266947031,0.9305052808485925,433|432|353|82|301,0.93707287|0.00656759|0.00490802|0.00214883|0.00142945,1,0.9370728731155396,True,433,0.9370728731155396,True,433,0.8646385073661804,True,433,0.8368082046508789,True,433,0.8246939778327942,True,c12_correct
434,435,435_7.bmp,preprocessed_results\435\435_7.bmp,434,434,434,0.9249143600463867,277,0.003751889569684863,0.9211624704767019,434|277|470|414|27,0.92491436|0.00375189|0.00210226|0.00208837|0.00143473,1,0.9249143600463867,True,434,0.9249143600463867,True,434,0.8219753503799438,True,434,0.8228733539581299,True,434,0.7497440576553345,True,c12_correct
435,436,436_4.bmp,preprocessed_results\436\436_4.bmp,435,435,435,0.9337742924690247,434,0.004768142476677895,0.9290061499923468,435|434|463|346|441,0.93377429|0.00476814|0.00194565|0.00171129|0.00128201,1,0.9337742924690247,True,435,0.9337742924690247,True,435,0.6084012985229492,True,435,0.8273805379867554,True,435,0.8244805335998535,True,c12_correct
436,437,437_4.bmp,preprocessed_results\437\437_4.bmp,436,436,436,0.8668949604034424,532,0.00446075014770031,0.8624342102557421,436|532|450|386|440,0.86689496|0.00446075|0.00416919|0.00288391|0.00229371,1,0.8668949604034424,True,436,0.8668949604034424,True,436,0.8275806903839111,True,436,0.7984253764152527,True,436,0.8134279847145081,True,c12_correct
437,438,438_4.bmp,preprocessed_results\438\438_4.bmp,437,437,437,0.852657675743103,343,0.003958504647016525,0.8486991710960865,437|343|611|469|102,0.85265768|0.00395850|0.00381563|0.00313839|0.00308942,1,0.852657675743103,True,437,0.852657675743103,True,437,0.8375970125198364,True,437,0.8146589398384094,True,437,0.771968424320221,True,c12_correct
438,439,439_4.bmp,preprocessed_results\439\439_4.bmp,438,438,438,0.8697682619094849,185,0.0043815430253744125,0.8653867188841105,438|185|505|439|688,0.86976826|0.00438154|0.00275805|0.00253033|0.00228938,1,0.8697682619094849,True,438,0.8697682619094849,True,438,0.5931490659713745,True,438,0.8085972666740417,True,438,0.7763228416442871,True,c12_correct
439,440,440_2.bmp,preprocessed_results\440\440_2.bmp,439,439,439,0.9498501420021057,555,0.0018184775253757834,0.9480316644767299,439|555|247|505|143,0.94985014|0.00181848|0.00168992|0.00135740|0.00107431,1,0.9498501420021057,True,439,0.9498501420021057,True,439,0.8011302947998047,True,439,0.8216367363929749,True,439,0.7732090950012207,True,c12_correct
440,441,441_9.bmp,preprocessed_results\441\441_9.bmp,440,440,440,0.6010933518409729,555,0.013075620867311954,0.588017730973661,440|555|453|43|436,0.60109335|0.01307562|0.01110382|0.00703827|0.00663088,1,0.6010933518409729,True,440,0.6010933518409729,True,440,0.6834114789962769,True,440,0.7999699115753174,True,440,0.521472692489624,True,c12_correct
441,442,442_8.bmp,preprocessed_results\442\442_8.bmp,441,441,441,0.8949174284934998,335,0.01623116061091423,0.8786862678825855,441|335|295|363|434,0.89491743|0.01623116|0.01498388|0.00184025|0.00135001,1,0.8949174284934998,True,441,0.8949174284934998,True,441,0.8880318403244019,True,441,0.8478755950927734,True,441,0.8672533631324768,True,c12_correct
442,443,443_7.bmp,preprocessed_results\443\443_7.bmp,442,442,442,0.9330921769142151,396,0.0010821096366271377,0.932010067277588,442|396|443|307|440,0.93309218|0.00108211|0.00106319|0.00094311|0.00091776,1,0.9330921769142151,True,442,0.9330921769142151,True,442,0.8943262696266174,True,442,0.8451249599456787,True,442,0.8594251871109009,True,c12_correct
443,444,444_3.bmp,preprocessed_results\444\444_3.bmp,443,443,443,0.898026168346405,399,0.006460576318204403,0.8915655920282006,443|399|463|442|405,0.89802617|0.00646058|0.00402505|0.00399942|0.00292493,1,0.898026168346405,True,443,0.898026168346405,True,443,0.8580949306488037,True,443,0.8210931420326233,True,443,0.8607308268547058,True,c12_correct
444,445,445_9.bmp,preprocessed_results\445\445_9.bmp,444,444,444,0.8976163268089294,509,0.002709492575377226,0.8949068342335522,444|509|178|393|371,0.89761633|0.00270949|0.00137741|0.00096982|0.00094354,1,0.8976163268089294,True,444,0.8976163268089294,True,444,0.8689219355583191,True,444,0.8448366522789001,True,444,0.8411538004875183,True,c12_correct
445,446,446_7.bmp,preprocessed_results\446\446_7.bmp,445,445,445,0.9580680131912231,486,0.0032600911799818277,0.9548079220112413,445|486|487|351|495,0.95806801|0.00326009|0.00105659|0.00081683|0.00070715,1,0.9580680131912231,True,445,0.9580680131912231,True,445,0.9187013506889343,True,445,0.8314332962036133,True,445,0.8662471771240234,True,c12_correct
446,447,447_2.bmp,preprocessed_results\447\447_2.bmp,446,446,446,0.8041395545005798,364,0.008497371338307858,0.795642183162272,446|364|434|351|458,0.80413955|0.00849737|0.00601265|0.00585557|0.00497146,1,0.8041395545005798,True,446,0.8041395545005798,True,446,0.7627747654914856,True,446,0.8126873970031738,True,446,0.594318687915802,True,c12_correct
447,448,448_2.bmp,preprocessed_results\448\448_2.bmp,447,447,447,0.8862260580062866,497,0.005164323840290308,0.8810617341659963,447|497|26|382|329,0.88622606|0.00516432|0.00491173|0.00343800|0.00182705,1,0.8862260580062866,True,447,0.8862260580062866,True,447,0.8598167896270752,True,447,0.8205518126487732,True,447,0.8293733596801758,True,c12_correct
448,449,449_1.bmp,preprocessed_results\449\449_1.bmp,448,448,448,0.295920729637146,396,0.13410556316375732,0.16181516647338867,448|396|464|352|440,0.29592073|0.13410556|0.02297233|0.01198300|0.00903478,1,0.295920729637146,True,448,0.295920729637146,True,448,0.38993149995803833,True,448,0.77523273229599,True,448,0.4614828824996948,True,c12_correct
449,450,450_2.bmp,preprocessed_results\450\450_2.bmp,449,449,449,0.9389302730560303,345,0.005034123547375202,0.9338961495086551,449|345|367|477|416,0.93893027|0.00503412|0.00195051|0.00162541|0.00159476,1,0.9389302730560303,True,449,0.9389302730560303,True,449,0.8688580989837646,True,449,0.8256469964981079,True,449,0.836574137210846,True,c12_correct
450,451,451_8.bmp,preprocessed_results\451\451_8.bmp,450,450,450,0.5013761520385742,440,0.009132226929068565,0.49224392510950565,450|440|196|517|33,0.50137615|0.00913223|0.00874844|0.00823563|0.00759475,1,0.5013761520385742,True,450,0.5013761520385742,True,450,0.7412509322166443,True,450,0.8221929669380188,True,450,0.7111970782279968,True,c12_correct
451,452,452_3.bmp,preprocessed_results\452\452_3.bmp,451,451,451,0.8559392690658569,196,0.005423913709819317,0.8505153553560376,451|196|102|58|477,0.85593927|0.00542391|0.00409551|0.00388423|0.00314655,1,0.8559392690658569,True,451,0.8559392690658569,True,451,0.7373565435409546,True,451,0.8133565187454224,True,451,0.6878321170806885,True,c12_correct
452,453,453_2.bmp,preprocessed_results\453\453_2.bmp,452,452,452,0.8949998617172241,453,0.003746557980775833,0.8912533037364483,452|453|179|216|547,0.89499986|0.00374656|0.00142902|0.00138676|0.00129943,1,0.8949998617172241,True,452,0.8949998617172241,True,452,0.7939463257789612,True,452,0.8517740368843079,True,452,0.8110964894294739,True,c12_correct
453,454,454_5.bmp,preprocessed_results\454\454_5.bmp,453,453,453,0.9093771576881409,452,0.005153306294232607,0.9042238513939083,453|452|234|251|362,0.90937716|0.00515331|0.00208033|0.00156715|0.00145165,1,0.9093771576881409,True,453,0.9093771576881409,True,453,0.7048370242118835,True,453,0.8343883156776428,True,453,0.7946453094482422,True,c12_correct
454,455,455_3.bmp,preprocessed_results\455\455_3.bmp,454,454,454,0.8621007204055786,455,0.00919557735323906,0.8529051430523396,454|455|347|554|359,0.86210072|0.00919558|0.00597036|0.00506287|0.00406486,1,0.8621007204055786,True,454,0.8621007204055786,True,454,0.8186838626861572,True,454,0.8077970743179321,True,454,0.7233676910400391,True,c12_correct
455,456,456_1.bmp,preprocessed_results\456\456_1.bmp,455,455,455,0.5718650221824646,516,0.022432731464505196,0.5494322907179594,455|516|549|436|454,0.57186502|0.02243273|0.01600590|0.01272521|0.01009492,1,0.5718650221824646,True,455,0.5718650221824646,True,455,0.5567833781242371,True,455,0.7748892307281494,True,455,0.4954957365989685,True,c12_correct
456,457,457_10.bmp,preprocessed_results\457\457_10.bmp,456,456,456,0.5221595168113708,510,0.03352300077676773,0.4886365160346031,456|510|485|457|487,0.52215952|0.03352300|0.01220202|0.01032657|0.00914989,1,0.5221595168113708,True,456,0.5221595168113708,True,456,0.533681333065033,True,456,0.7577482461929321,True,456,0.65876305103302,True,c12_correct
457,458,458_8.bmp,preprocessed_results\458\458_8.bmp,457,457,457,0.9349895119667053,456,0.004735368769615889,0.9302541431970894,457|456|351|461|342,0.93498951|0.00473537|0.00243461|0.00111689|0.00111027,1,0.9349895119667053,True,457,0.9349895119667053,True,457,0.7573872208595276,True,457,0.8167873024940491,True,457,0.7931007742881775,True,c12_correct
458,459,459_10.bmp,preprocessed_results\459\459_10.bmp,458,458,458,0.7476450204849243,459,0.0376296266913414,0.7100153937935829,458|459|378|480|453,0.74764502|0.03762963|0.02328397|0.00782584|0.00532215,1,0.7476450204849243,True,458,0.7476450204849243,True,458,0.7415952682495117,True,458,0.8078147768974304,True,458,0.7203735113143921,True,c12_correct
459,460,460_4.bmp,preprocessed_results\460\460_4.bmp,459,459,459,0.6086232662200928,434,0.016921723261475563,0.5917015429586172,459|434|71|152|441,0.60862327|0.01692172|0.01417967|0.01115880|0.00861320,1,0.6086232662200928,True,459,0.6086232662200928,True,459,0.6056215763092041,True,459,0.8454481959342957,True,459,0.5765892863273621,True,c12_correct
460,461,461_5.bmp,preprocessed_results\461\461_5.bmp,460,460,460,0.9638999104499817,67,0.0013919228222221136,0.9625079876277596,460|67|461|178|468,0.96389991|0.00139192|0.00131136|0.00116122|0.00065647,1,0.9638999104499817,True,460,0.9638999104499817,True,460,0.8983414173126221,True,460,0.8506454825401306,True,460,0.8142290711402893,True,c12_correct
461,462,462_5.bmp,preprocessed_results\462\462_5.bmp,461,461,461,0.7371564507484436,427,0.013018292374908924,0.7241381583735347,461|427|457|460|465,0.73715645|0.01301829|0.00972661|0.00777536|0.00484175,1,0.7371564507484436,True,461,0.7371564507484436,True,461,0.8528012633323669,True,461,0.8252031207084656,True,461,0.7828893661499023,True,c12_correct
462,463,463_2.bmp,preprocessed_results\463\463_2.bmp,462,462,462,0.9212306141853333,370,0.0048178452998399734,0.9164127688854933,462|370|463|473|442,0.92123061|0.00481785|0.00169977|0.00144134|0.00142150,1,0.9212306141853333,True,462,0.9212306141853333,True,462,0.8105193972587585,True,462,0.8441853523254395,True,462,0.808924674987793,True,c12_correct
463,464,464_7.bmp,preprocessed_results\464\464_7.bmp,463,463,463,0.9373313188552856,462,0.002655496820807457,0.9346758220344782,463|462|473|435|398,0.93733132|0.00265550|0.00136836|0.00123892|0.00099451,1,0.9373313188552856,True,463,0.9373313188552856,True,463,0.9118176102638245,True,463,0.8307620286941528,True,463,0.8405880331993103,True,c12_correct
464,465,465_5.bmp,preprocessed_results\465\465_5.bmp,464,464,464,0.9157060384750366,432,0.002471782499924302,0.9132342559751123,464|432|196|82|450,0.91570604|0.00247178|0.00159812|0.00127408|0.00125386,1,0.9157060384750366,True,464,0.9157060384750366,True,464,0.8837125897407532,True,464,0.8494890332221985,True,464,0.8341916799545288,True,c12_correct
465,466,466_2.bmp,preprocessed_results\466\466_2.bmp,465,465,465,0.9023292064666748,417,0.003912652377039194,0.8984165540896356,465|417|393|423|467,0.90232921|0.00391265|0.00366427|0.00304943|0.00256298,1,0.9023292064666748,True,465,0.9023292064666748,True,465,0.9069345593452454,True,465,0.8406772613525391,True,465,0.8302757740020752,True,c12_correct
466,467,467_2.bmp,preprocessed_results\467\467_2.bmp,466,466,466,0.9354508519172668,80,0.0023636319674551487,0.9330872199498117,466|80|81|470|490,0.93545085|0.00236363|0.00234217|0.00220503|0.00144901,1,0.9354508519172668,True,466,0.9354508519172668,True,466,0.9351160526275635,True,466,0.8387351632118225,True,466,0.7081406712532043,True,c12_correct
467,468,468_6.bmp,preprocessed_results\468\468_6.bmp,467,467,467,0.9506113529205322,489,0.0039077987894415855,0.9467035541310906,467|489|477|495|546,0.95061135|0.00390780|0.00116957|0.00105778|0.00069588,1,0.9506113529205322,True,467,0.9506113529205322,True,467,0.9228125810623169,True,467,0.8389483094215393,True,467,0.8378611207008362,True,c12_correct
468,469,469_9.bmp,preprocessed_results\469\469_9.bmp,468,468,468,0.8922898769378662,469,0.012104811146855354,0.8801850657910109,468|469|344|453|396,0.89228988|0.01210481|0.00258100|0.00204689|0.00197405,1,0.8922898769378662,True,468,0.8922898769378662,True,468,0.8984293341636658,True,468,0.8440496921539307,True,468,0.8083028793334961,True,c12_correct
469,470,470_2.bmp,preprocessed_results\470\470_2.bmp,469,469,469,0.9425690174102783,483,0.002766326302662492,0.9398026911076158,469|483|468|353|422,0.94256902|0.00276633|0.00179986|0.00150614|0.00133968,1,0.9425690174102783,True,469,0.9425690174102783,True,469,0.8778026700019836,True,469,0.8437231779098511,True,469,0.7384085655212402,True,c12_correct
470,471,471_5.bmp,preprocessed_results\471\471_5.bmp,470,470,470,0.8798941373825073,200,0.004856547340750694,0.8750375900417566,470|200|166|392|471,0.87989414|0.00485655|0.00474515|0.00380201|0.00327343,1,0.8798941373825073,True,470,0.8798941373825073,True,470,0.7261019349098206,True,470,0.811663806438446,True,470,0.7900039553642273,True,c12_correct
471,472,472_7.bmp,preprocessed_results\472\472_7.bmp,471,471,471,0.9450328946113586,393,0.0014935815706849098,0.9435393130406737,471|393|190|24|550,0.94503289|0.00149358|0.00086522|0.00073123|0.00072669,1,0.9450328946113586,True,471,0.9450328946113586,True,471,0.9013407230377197,True,471,0.8126850128173828,True,471,0.8625997304916382,True,c12_correct
472,473,473_8.bmp,preprocessed_results\473\473_8.bmp,472,472,472,0.9656387567520142,473,0.0010112564777955413,0.9646275002742186,472|473|40|470|508,0.96563876|0.00101126|0.00073026|0.00066407|0.00061521,1,0.9656387567520142,True,472,0.9656387567520142,True,472,0.9088041186332703,True,472,0.8292422294616699,True,472,0.9102038741111755,True,c12_correct
473,474,474_5.bmp,preprocessed_results\474\474_5.bmp,473,473,473,0.9205737113952637,347,0.003387408796697855,0.9171863025985658,473|347|472|454|508,0.92057371|0.00338741|0.00262253|0.00190333|0.00116975,1,0.9205737113952637,True,473,0.9205737113952637,True,473,0.897605299949646,True,473,0.8311772346496582,True,473,0.8162436485290527,True,c12_correct
474,475,475_10.bmp,preprocessed_results\475\475_10.bmp,474,474,474,0.9393045902252197,475,0.0028925540391355753,0.9364120361860842,474|475|533|637|636,0.93930459|0.00289255|0.00189049|0.00152915|0.00126442,1,0.9393045902252197,True,474,0.9393045902252197,True,474,0.9257514476776123,True,474,0.8597701787948608,True,474,0.8653368353843689,True,c12_correct
475,476,476_5.bmp,preprocessed_results\476\476_5.bmp,475,475,475,0.9361530542373657,559,0.005209634080529213,0.9309434201568365,475|559|474|557|540,0.93615305|0.00520963|0.00358641|0.00223967|0.00175408,1,0.9361530542373657,True,475,0.9361530542373657,True,475,0.7519541382789612,True,475,0.8244870901107788,True,475,0.8108190894126892,True,c12_correct
476,477,477_1.bmp,preprocessed_results\477\477_1.bmp,476,476,476,0.6489083766937256,477,0.13129596412181854,0.517612412571907,476|477|484|102|533,0.64890838|0.13129596|0.02315954|0.00376879|0.00323857,1,0.6489083766937256,True,476,0.6489083766937256,True,476,0.756567120552063,True,476,0.8199299573898315,True,476,0.7269499897956848,True,c12_correct
477,478,478_7.bmp,preprocessed_results\478\478_7.bmp,477,477,477,0.9123000502586365,476,0.015698090195655823,0.8966019600629807,477|476|485|484|449,0.91230005|0.01569809|0.00323241|0.00222084|0.00136275,1,0.9123000502586365,True,477,0.9123000502586365,True,477,0.9024249911308289,True,477,0.8209660649299622,True,477,0.8592490553855896,True,c12_correct
478,479,479_5.bmp,preprocessed_results\479\479_5.bmp,478,478,478,0.9365584850311279,295,0.0018887666519731283,0.9346697183791548,478|295|68|332|726,0.93655849|0.00188877|0.00144029|0.00138536|0.00094159,1,0.9365584850311279,True,478,0.9365584850311279,True,478,0.5948625206947327,True,478,0.7974658012390137,True,478,0.7989952564239502,True,c12_correct
479,480,480_4.bmp,preprocessed_results\480\480_4.bmp,479,479,479,0.9585849046707153,538,0.002537578111514449,0.9560473265592009,479|538|475|559|548,0.95858490|0.00253758|0.00140469|0.00101413|0.00091879,1,0.9585849046707153,True,479,0.9585849046707153,True,479,0.8709864616394043,True,479,0.8217035531997681,True,479,0.8502179384231567,True,c12_correct
480,481,481_6.bmp,preprocessed_results\481\481_6.bmp,480,480,480,0.884127676486969,481,0.003980635199695826,0.8801470412872732,480|481|404|418|529,0.88412768|0.00398064|0.00260071|0.00233306|0.00229299,1,0.884127676486969,True,480,0.884127676486969,True,480,0.8149152994155884,True,480,0.8314621448516846,True,480,0.86237633228302,True,c12_correct
481,482,482_7.bmp,preprocessed_results\482\482_7.bmp,481,481,481,0.8819391131401062,480,0.0020852722227573395,0.8798538409173489,481|480|39|395|442,0.88193911|0.00208527|0.00165744|0.00164072|0.00152607,1,0.8819391131401062,True,481,0.8819391131401062,True,481,0.8376964926719666,True,481,0.8280289173126221,True,481,0.7661782503128052,True,c12_correct
482,483,483_9.bmp,preprocessed_results\483\483_9.bmp,482,482,482,0.9352306127548218,483,0.004382171202450991,0.9308484415523708,482|483|467|451|70,0.93523061|0.00438217|0.00142395|0.00129550|0.00116464,1,0.9352306127548218,True,482,0.9352306127548218,True,482,0.7329362034797668,True,482,0.8339354991912842,True,482,0.879608690738678,True,c12_correct
483,484,484_9.bmp,preprocessed_results\484\484_9.bmp,483,483,483,0.9625086188316345,482,0.0012836740352213383,0.9612249447964132,483|482|230|469|536,0.96250862|0.00128367|0.00122785|0.00101353|0.00091117,1,0.9625086188316345,True,483,0.9625086188316345,True,483,0.7253075242042542,True,483,0.8191611766815186,True,483,0.8170647621154785,True,c12_correct
484,485,485_9.bmp,preprocessed_results\485\485_9.bmp,484,484,484,0.8958290815353394,485,0.0063798571936786175,0.8894492243416607,484|485|476|477|508,0.89582908|0.00637986|0.00308167|0.00243115|0.00208286,1,0.8958290815353394,True,484,0.8958290815353394,True,484,0.8536112308502197,True,484,0.8338409066200256,True,484,0.7494290471076965,True,c12_correct
485,486,486_4.bmp,preprocessed_results\486\486_4.bmp,485,485,485,0.9193955063819885,477,0.004883086774498224,0.9145124196074903,485|477|484|188|546,0.91939551|0.00488309|0.00255989|0.00252622|0.00245058,1,0.9193955063819885,True,485,0.9193955063819885,True,485,0.8448038101196289,True,485,0.8359718322753906,True,485,0.8256142139434814,True,c12_correct
486,487,487_8.bmp,preprocessed_results\487\487_8.bmp,486,486,486,0.6910721659660339,445,0.03844824433326721,0.6526239216327667,486|445|487|493|386,0.69107217|0.03844824|0.03126385|0.01869246|0.00555235,1,0.6910721659660339,True,486,0.6910721659660339,True,486,0.6228037476539612,True,486,0.8442103266716003,True,486,0.7294294238090515,True,c12_correct
487,488,488_2.bmp,preprocessed_results\488\488_2.bmp,487,487,487,0.8514256477355957,345,0.009839479811489582,0.8415861679241061,487|345|486|445|355,0.85142565|0.00983948|0.00761186|0.00414726|0.00406878,1,0.8514256477355957,True,487,0.8514256477355957,True,487,0.7792618870735168,True,487,0.8012044429779053,True,487,0.7528406977653503,True,c12_correct
488,489,489_8.bmp,preprocessed_results\489\489_8.bmp,488,488,488,0.9398191571235657,459,0.003198866965249181,0.9366202901583165,488|459|489|418|426,0.93981916|0.00319887|0.00224548|0.00157464|0.00120381,1,0.9398191571235657,True,488,0.9398191571235657,True,488,0.8568167686462402,True,488,0.7900928258895874,True,488,0.8381079435348511,True,c12_correct
489,490,490_2.bmp,preprocessed_results\490\490_2.bmp,489,489,489,0.9260832071304321,467,0.006919752806425095,0.919163454324007,489|467|488|533|477,0.92608321|0.00691975|0.00364137|0.00244566|0.00192545,1,0.9260832071304321,True,489,0.9260832071304321,True,489,0.8219152688980103,True,489,0.8572245240211487,True,489,0.7876899242401123,True,c12_correct
490,491,491_2.bmp,preprocessed_results\491\491_2.bmp,490,490,490,0.879389762878418,466,0.007921772077679634,0.8714679908007383,490|466|234|81|472,0.87938976|0.00792177|0.00268836|0.00231654|0.00226308,1,0.879389762878418,True,490,0.879389762878418,True,490,0.7424941658973694,True,490,0.8397802710533142,True,490,0.686689019203186,True,c12_correct
491,492,492_9.bmp,preprocessed_results\492\492_9.bmp,491,491,491,0.8791398406028748,415,0.011972964741289616,0.8671668758615851,491|415|391|409|389,0.87913984|0.01197296|0.00827849|0.00345274|0.00208441,1,0.8791398406028748,True,491,0.8791398406028748,True,491,0.8104493618011475,True,491,0.8335945010185242,True,491,0.8204584121704102,True,c12_correct
492,493,493_1.bmp,preprocessed_results\493\493_1.bmp,492,492,492,0.501481294631958,493,0.021458281204104424,0.4800230134278536,492|493|448|502|369,0.50148129|0.02145828|0.01764892|0.01028414|0.00893367,1,0.501481294631958,True,492,0.501481294631958,True,492,0.19336239993572235,True,492,0.7570893168449402,True,492,0.37707045674324036,True,c12_correct
493,494,494_3.bmp,preprocessed_results\494\494_3.bmp,493,493,493,0.911096453666687,492,0.005036205984652042,0.906060247682035,493|492|377|489|486,0.91109645|0.00503621|0.00397223|0.00247083|0.00152126,1,0.911096453666687,True,493,0.911096453666687,True,493,0.8352253437042236,True,493,0.8244214057922363,True,493,0.8714358806610107,True,c12_correct
494,495,495_4.bmp,preprocessed_results\495\495_4.bmp,494,494,494,0.8824620246887207,140,0.011351359076797962,0.8711106656119227,494|140|445|80|45,0.88246202|0.01135136|0.00237476|0.00230170|0.00230000,1,0.8824620246887207,True,494,0.8824620246887207,True,494,0.927399754524231,True,494,0.8385035395622253,True,494,0.8312074542045593,True,c12_correct
495,496,496_6.bmp,preprocessed_results\496\496_6.bmp,495,495,495,0.9248170852661133,378,0.005353867541998625,0.9194632177241147,495|378|74|514|351,0.92481709|0.00535387|0.00270605|0.00221443|0.00211857,1,0.9248170852661133,True,495,0.9248170852661133,True,495,0.8537381291389465,True,495,0.8546514511108398,True,495,0.8285897374153137,True,c12_correct
496,497,497_1.bmp,preprocessed_results\497\497_1.bmp,496,496,496,0.23700344562530518,497,0.1968199461698532,0.040183499455451965,496|497|539|221|459,0.23700345|0.19681995|0.01559442|0.01271293|0.01001804,1,0.23700344562530518,True,496,0.23700344562530518,True,496,0.17623190581798553,True,496,0.7798049449920654,True,496,0.2604149281978607,True,c12_correct
497,498,498_9.bmp,preprocessed_results\498\498_9.bmp,497,497,497,0.8654932379722595,396,0.002943167695775628,0.8625500702764839,497|396|106|447|167,0.86549324|0.00294317|0.00282412|0.00280173|0.00245839,1,0.8654932379722595,True,497,0.8654932379722595,True,497,0.5835350155830383,True,497,0.8248348832130432,True,497,0.7212235331535339,True,c12_correct
498,499,499_8.bmp,preprocessed_results\499\499_8.bmp,498,498,498,0.9179785251617432,462,0.008967900648713112,0.90901062451303,498|462|499|463|398,0.91797853|0.00896790|0.00344935|0.00297548|0.00225439,1,0.9179785251617432,True,498,0.9179785251617432,True,498,0.9140306115150452,True,498,0.8492593169212341,True,498,0.805068850517273,True,c12_correct
499,500,500_10.bmp,preprocessed_results\500\500_10.bmp,499,499,499,0.9211029410362244,506,0.006733748130500317,0.914369192905724,499|506|498|529|392,0.92110294|0.00673375|0.00396658|0.00175928|0.00146849,1,0.9211029410362244,True,499,0.9211029410362244,True,499,0.7168269753456116,True,499,0.8472002744674683,True,499,0.7729728817939758,True,c12_correct
500,501,501_3.bmp,preprocessed_results\501\501_3.bmp,500,500,500,0.885482132434845,387,0.004843664355576038,0.8806384680792689,500|387|407|406|64,0.88548213|0.00484366|0.00438817|0.00282058|0.00181792,1,0.885482132434845,True,500,0.885482132434845,True,500,0.9203007817268372,True,500,0.8355689644813538,True,500,0.7945132851600647,True,c12_correct
501,502,502_7.bmp,preprocessed_results\502\502_7.bmp,501,501,501,0.7982313632965088,54,0.008459707722067833,0.789771655574441,501|54|461|429|112,0.79823136|0.00845971|0.00447758|0.00432282|0.00419401,1,0.7982313632965088,True,501,0.7982313632965088,True,501,0.7506052255630493,True,501,0.8522939682006836,True,501,0.81671142578125,True,c12_correct
502,503,503_4.bmp,preprocessed_results\503\503_4.bmp,502,502,502,0.9368743300437927,500,0.004083539359271526,0.9327907906845212,502|500|368|430|480,0.93687433|0.00408354|0.00143221|0.00142296|0.00126932,1,0.9368743300437927,True,502,0.9368743300437927,True,502,0.6088289618492126,True,502,0.8347219228744507,True,502,0.8314885497093201,True,c12_correct
503,504,504_4.bmp,preprocessed_results\504\504_4.bmp,503,503,482,0.11709795147180557,468,0.03625711426138878,0.0808408372104168,482|468|380|484|218,0.11709795|0.03625711|0.02069909|0.02011428|0.01579212,30,0.005036784801632166,False,482,0.11709795147180557,False,534,0.012089760974049568,False,503,0.028190873563289642,True,503,0.0738213062286377,True,teacher_all_correct;low_margin
504,505,505_10.bmp,preprocessed_results\505\505_10.bmp,504,504,504,0.8984118700027466,505,0.01202122401446104,0.8863906459882855,504|505|555|598|450,0.89841187|0.01202122|0.00623464|0.00222716|0.00212054,1,0.8984118700027466,True,504,0.8984118700027466,True,504,0.9343798160552979,True,504,0.8265007138252258,True,504,0.8717280626296997,True,c12_correct
505,506,506_10.bmp,preprocessed_results\506\506_10.bmp,505,505,505,0.9475510716438293,504,0.0047484757378697395,0.9428025959059596,505|504|598|439|320,0.94755107|0.00474848|0.00109747|0.00094915|0.00084984,1,0.9475510716438293,True,505,0.9475510716438293,True,505,0.8419013023376465,True,505,0.824862003326416,True,505,0.7990568280220032,True,c12_correct
506,507,507_1.bmp,preprocessed_results\507\507_1.bmp,506,506,506,0.7459604740142822,171,0.0076422300189733505,0.7383182439953089,506|171|407|499|491,0.74596047|0.00764223|0.00680027|0.00472090|0.00410327,1,0.7459604740142822,True,506,0.7459604740142822,True,506,0.7096995115280151,True,506,0.8113783597946167,True,506,0.6614295244216919,True,c12_correct
507,508,508_6.bmp,preprocessed_results\508\508_6.bmp,507,507,507,0.8099045753479004,529,0.017235388979315758,0.7926691863685846,507|529|336|392|303,0.80990458|0.01723539|0.01395827|0.01084848|0.00694192,1,0.8099045753479004,True,507,0.8099045753479004,True,507,0.7128391861915588,True,507,0.8052840828895569,True,507,0.6986538767814636,True,c12_correct
508,509,509_8.bmp,preprocessed_results\509\509_8.bmp,508,508,508,0.9366049766540527,509,0.005111809354275465,0.9314931672997773,508|509|477|472|473,0.93660498|0.00511181|0.00166415|0.00150107|0.00143917,1,0.9366049766540527,True,508,0.9366049766540527,True,508,0.827589750289917,True,508,0.842714250087738,True,508,0.822607696056366,True,c12_correct
509,510,510_5.bmp,preprocessed_results\510\510_5.bmp,509,509,509,0.8258503675460815,444,0.002748799277469516,0.823101568268612,509|444|508|239|137,0.82585037|0.00274880|0.00212843|0.00206827|0.00150984,1,0.8258503675460815,True,509,0.8258503675460815,True,509,0.7132691740989685,True,509,0.8207140564918518,True,509,0.7344158291816711,True,c12_correct
510,511,511_6.bmp,preprocessed_results\511\511_6.bmp,510,510,510,0.8373297452926636,511,0.03144598379731178,0.8058837614953518,510|511|481|379|203,0.83732975|0.03144598|0.00217431|0.00200822|0.00160716,1,0.8373297452926636,True,510,0.8373297452926636,True,510,0.8302801847457886,True,510,0.8476369976997375,True,510,0.7547556161880493,True,c12_correct
511,512,512_8.bmp,preprocessed_results\512\512_8.bmp,511,511,511,0.8727169036865234,510,0.006250971928238869,0.8664659317582846,511|510|203|416|500,0.87271690|0.00625097|0.00500229|0.00432332|0.00276367,1,0.8727169036865234,True,511,0.8727169036865234,True,511,0.8195828795433044,True,511,0.8413814306259155,True,511,0.8525072336196899,True,c12_correct
512,513,513_10.bmp,preprocessed_results\513\513_10.bmp,512,512,512,0.937637448310852,631,0.0020961398258805275,0.9355413084849715,512|631|220|328|356,0.93763745|0.00209614|0.00190732|0.00170007|0.00114380,1,0.937637448310852,True,512,0.937637448310852,True,512,0.8089703321456909,True,512,0.8129591941833496,True,512,0.7567296028137207,True,c12_correct
513,514,514_5.bmp,preprocessed_results\514\514_5.bmp,513,513,513,0.9377412796020508,563,0.004567671567201614,0.9331736080348492,513|563|372|354|373,0.93774128|0.00456767|0.00286015|0.00182025|0.00116941,1,0.9377412796020508,True,513,0.9377412796020508,True,513,0.9172853231430054,True,513,0.8600581288337708,True,513,0.8800508975982666,True,c12_correct
514,515,515_9.bmp,preprocessed_results\515\515_9.bmp,514,514,514,0.9350097179412842,479,0.0019786199554800987,0.9330310979858041,514|479|379|538|469,0.93500972|0.00197862|0.00142289|0.00133438|0.00130771,1,0.9350097179412842,True,514,0.9350097179412842,True,514,0.8656211495399475,True,514,0.8095507025718689,True,514,0.7963224649429321,True,c12_correct
515,516,516_8.bmp,preprocessed_results\516\516_8.bmp,515,515,515,0.6459997892379761,352,0.028786512091755867,0.6172132771462202,515|352|344|449|487,0.64599979|0.02878651|0.02305630|0.01604305|0.00732786,1,0.6459997892379761,True,515,0.6459997892379761,True,515,0.6109889149665833,True,515,0.8082057237625122,True,515,0.6910360455513,True,c12_correct
516,517,517_5.bmp,preprocessed_results\517\517_5.bmp,516,516,516,0.9288289546966553,517,0.002911836840212345,0.9259171178564429,516|517|387|455|386,0.92882895|0.00291184|0.00220355|0.00198679|0.00184415,1,0.9288289546966553,True,516,0.9288289546966553,True,516,0.8810247182846069,True,516,0.8561574220657349,True,516,0.8636320233345032,True,c12_correct
517,518,518_3.bmp,preprocessed_results\518\518_3.bmp,517,517,517,0.9389756917953491,43,0.0025254550855606794,0.9364502367097884,517|43|519|516|398,0.93897569|0.00252546|0.00157491|0.00155820|0.00096440,1,0.9389756917953491,True,517,0.9389756917953491,True,517,0.8423092365264893,True,517,0.8049063086509705,True,517,0.7985512614250183,True,c12_correct
518,519,519_9.bmp,preprocessed_results\519\519_9.bmp,518,518,518,0.8942232131958008,445,0.005354384891688824,0.888868828304112,518|445|546|55|344,0.89422321|0.00535438|0.00257972|0.00245413|0.00175614,1,0.8942232131958008,True,518,0.8942232131958008,True,518,0.8140689730644226,True,518,0.8515801429748535,True,518,0.8244645595550537,True,c12_correct
519,520,520_6.bmp,preprocessed_results\520\520_6.bmp,519,519,519,0.8585127592086792,79,0.004673705901950598,0.8538390533067286,519|79|55|416|426,0.85851276|0.00467371|0.00399729|0.00362279|0.00318467,1,0.8585127592086792,True,519,0.8585127592086792,True,519,0.8117327690124512,True,519,0.8426928520202637,True,519,0.7862889170646667,True,c12_correct
520,521,521_5.bmp,preprocessed_results\521\521_5.bmp,520,520,520,0.9561730027198792,521,0.008177566342055798,0.9479954363778234,520|521|122|506|70,0.95617300|0.00817757|0.00041397|0.00039642|0.00037799,1,0.9561730027198792,True,520,0.9561730027198792,True,520,0.8655318021774292,True,520,0.8458176255226135,True,520,0.8818084001541138,True,c12_correct
521,522,522_8.bmp,preprocessed_results\522\522_8.bmp,521,521,521,0.9326356053352356,520,0.008105154149234295,0.9245304511860013,521|520|436|464|410,0.93263561|0.00810515|0.00396058|0.00147005|0.00111818,1,0.9326356053352356,True,521,0.9326356053352356,True,521,0.8288049101829529,True,521,0.814247190952301,True,521,0.8515796661376953,True,c12_correct
522,523,523_9.bmp,preprocessed_results\523\523_9.bmp,522,522,522,0.9378752112388611,401,0.007302061188966036,0.930573150049895,522|401|523|105|28,0.93787521|0.00730206|0.00203234|0.00178279|0.00149308,1,0.9378752112388611,True,522,0.9378752112388611,True,522,0.8966403007507324,True,522,0.8360264897346497,True,522,0.8502647876739502,True,c12_correct
523,524,524_5.bmp,preprocessed_results\524\524_5.bmp,523,523,523,0.9548141956329346,522,0.002243545837700367,0.9525706497952342,523|522|233|449|453,0.95481420|0.00224355|0.00127144|0.00065362|0.00051291,1,0.9548141956329346,True,523,0.9548141956329346,True,523,0.8649977445602417,True,523,0.8427602648735046,True,523,0.8132157921791077,True,c12_correct
524,525,525_6.bmp,preprocessed_results\525\525_6.bmp,524,524,524,0.9675679206848145,408,0.0007365811616182327,0.9668313395231962,524|408|498|287|525,0.96756792|0.00073658|0.00072054|0.00071886|0.00059479,1,0.9675679206848145,True,524,0.9675679206848145,True,524,0.8779066801071167,True,524,0.8492957353591919,True,524,0.8300513625144958,True,c12_correct
525,526,526_7.bmp,preprocessed_results\526\526_7.bmp,525,525,525,0.8804380893707275,524,0.005574841983616352,0.8748632473871112,525|524|460|169|206,0.88043809|0.00557484|0.00362292|0.00212572|0.00192016,1,0.8804380893707275,True,525,0.8804380893707275,True,525,0.8663102984428406,True,525,0.8488562703132629,True,525,0.8479049205780029,True,c12_correct
526,527,527_3.bmp,preprocessed_results\527\527_3.bmp,526,526,526,0.9420042634010315,379,0.00376276858150959,0.9382414948195219,526|379|377|530|558,0.94200426|0.00376277|0.00217587|0.00145694|0.00133027,1,0.9420042634010315,True,526,0.9420042634010315,True,526,0.78758704662323,True,526,0.8476907014846802,True,526,0.8150076270103455,True,c12_correct
527,528,528_8.bmp,preprocessed_results\528\528_8.bmp,527,527,527,0.9321948289871216,526,0.0038510216400027275,0.9283438073471189,527|526|448|584|72,0.93219483|0.00385102|0.00132264|0.00088184|0.00079569,1,0.9321948289871216,True,527,0.9321948289871216,True,527,0.8568797707557678,True,527,0.8370013236999512,True,527,0.8195081353187561,True,c12_correct
528,529,529_10.bmp,preprocessed_results\529\529_10.bmp,528,528,528,0.9075379967689514,398,0.003756216261535883,0.9037817805074155,528|398|322|544|510,0.90753800|0.00375622|0.00342081|0.00321596|0.00318155,1,0.9075379967689514,True,528,0.9075379967689514,True,528,0.7740767002105713,True,528,0.8174744248390198,True,528,0.6879824995994568,True,c12_correct
529,530,530_5.bmp,preprocessed_results\530\530_5.bmp,529,529,529,0.9198879599571228,528,0.004508394747972488,0.9153795652091503,529|528|26|507|63,0.91988796|0.00450839|0.00182055|0.00178318|0.00171466,1,0.9198879599571228,True,529,0.9198879599571228,True,529,0.8812710046768188,True,529,0.839743435382843,True,529,0.8540804982185364,True,c12_correct
530,531,531_7.bmp,preprocessed_results\531\531_7.bmp,530,530,530,0.8459476232528687,526,0.00408247672021389,0.8418651465326548,530|526|202|531|79,0.84594762|0.00408248|0.00391416|0.00372049|0.00265851,1,0.8459476232528687,True,530,0.8459476232528687,True,530,0.7831916213035583,True,530,0.8326126337051392,True,530,0.8483911752700806,True,c12_correct
531,532,532_8.bmp,preprocessed_results\532\532_8.bmp,531,531,531,0.9112974405288696,530,0.009846161119639874,0.9014512794092298,531|530|73|832|438,0.91129744|0.00984616|0.00382985|0.00178311|0.00173608,1,0.9112974405288696,True,531,0.9112974405288696,True,531,0.6934899091720581,True,531,0.84482741355896,True,531,0.7451040148735046,True,c12_correct
532,533,533_3.bmp,preprocessed_results\533\533_3.bmp,532,532,532,0.901885449886322,538,0.004868777003139257,0.8970166728831828,532|538|436|479|552,0.90188545|0.00486878|0.00461397|0.00373751|0.00176874,1,0.901885449886322,True,532,0.901885449886322,True,532,0.9072022438049316,True,532,0.7976082563400269,True,532,0.8073616027832031,True,c12_correct
533,534,534_9.bmp,preprocessed_results\534\534_9.bmp,533,533,533,0.9363093376159668,273,0.003906558733433485,0.9324027788825333,533|273|547|376|185,0.93630934|0.00390656|0.00176223|0.00106645|0.00098634,1,0.9363093376159668,True,533,0.9363093376159668,True,533,0.9275917410850525,True,533,0.8342698812484741,True,533,0.8599106669425964,True,c12_correct
534,535,535_2.bmp,preprocessed_results\535\535_2.bmp,534,534,534,0.24718888103961945,177,0.026417788118124008,0.22077109292149544,534|177|479|148|56,0.24718888|0.02641779|0.02072968|0.01486365|0.01412861,1,0.24718888103961945,True,534,0.24718888103961945,True,534,0.3317716717720032,True,534,0.7262925505638123,True,534,0.29744553565979004,True,c12_correct
535,536,536_8.bmp,preprocessed_results\536\536_8.bmp,535,535,535,0.8727617263793945,555,0.003995595965534449,0.8687661304138601,535|555|422|531|448,0.87276173|0.00399560|0.00329251|0.00259348|0.00258856,1,0.8727617263793945,True,535,0.8727617263793945,True,535,0.8084248304367065,True,535,0.8425214886665344,True,535,0.7911618947982788,True,c12_correct
536,537,537_9.bmp,preprocessed_results\537\537_9.bmp,536,536,536,0.9171457886695862,347,0.0031914429273456335,0.9139543457422405,536|347|540|537|648,0.91714579|0.00319144|0.00233664|0.00209680|0.00168128,1,0.9171457886695862,True,536,0.9171457886695862,True,536,0.7912564277648926,True,536,0.8333178758621216,True,536,0.8338385820388794,True,c12_correct
537,538,538_9.bmp,preprocessed_results\538\538_9.bmp,537,537,537,0.9657224416732788,355,0.0021306071430444717,0.9635918345302343,537|355|536|106|451,0.96572244|0.00213061|0.00114748|0.00099849|0.00083630,1,0.9657224416732788,True,537,0.9657224416732788,True,537,0.8843194246292114,True,537,0.8462104201316833,True,537,0.8593040704727173,True,c12_correct
538,539,539_3.bmp,preprocessed_results\539\539_3.bmp,538,538,538,0.9062116146087646,479,0.010023130103945732,0.8961884845048189,538|479|532|475|357,0.90621161|0.01002313|0.00492320|0.00215384|0.00137448,1,0.9062116146087646,True,538,0.9062116146087646,True,538,0.5942493677139282,True,538,0.8424755930900574,True,538,0.6969955563545227,True,c12_correct
539,540,540_2.bmp,preprocessed_results\540\540_2.bmp,539,539,539,0.817541778087616,665,0.007334000431001186,0.8102077776566148,539|665|362|537|533,0.81754178|0.00733400|0.00711888|0.00459821|0.00391156,1,0.817541778087616,True,539,0.817541778087616,True,539,0.7741122245788574,True,539,0.8419188857078552,True,539,0.8500657081604004,True,c12_correct
540,541,541_10.bmp,preprocessed_results\541\541_10.bmp,540,540,540,0.9232171773910522,558,0.003998490981757641,0.9192186864092946,540|558|541|227|550,0.92321718|0.00399849|0.00328387|0.00281620|0.00244937,1,0.9232171773910522,True,540,0.9232171773910522,True,540,0.9362656474113464,True,540,0.8091968297958374,True,540,0.8896350264549255,True,c12_correct
541,542,542_5.bmp,preprocessed_results\542\542_5.bmp,541,541,541,0.9291792511940002,559,0.004461795557290316,0.9247174556367099,541|559|225|540|616,0.92917925|0.00446180|0.00397845|0.00282702|0.00178711,1,0.9291792511940002,True,541,0.9291792511940002,True,541,0.8399538397789001,True,541,0.8411489129066467,True,541,0.8643888235092163,True,c12_correct
542,543,543_6.bmp,preprocessed_results\543\543_6.bmp,542,542,542,0.9434438347816467,405,0.0023476716596633196,0.9410961631219834,542|405|543|383|367,0.94344383|0.00234767|0.00205139|0.00090831|0.00086483,1,0.9434438347816467,True,542,0.9434438347816467,True,542,0.8808819651603699,True,542,0.8367440700531006,True,542,0.8033409118652344,True,c12_correct
543,544,544_4.bmp,preprocessed_results\544\544_4.bmp,543,543,543,0.6234248876571655,542,0.08354464173316956,0.539880245923996,543|542|512|132|709,0.62342489|0.08354464|0.01196943|0.00998445|0.00868748,1,0.6234248876571655,True,543,0.6234248876571655,True,543,0.16607996821403503,True,543,0.42461761832237244,True,543,0.5148686766624451,True,c12_correct
544,545,545_6.bmp,preprocessed_results\545\545_6.bmp,544,544,544,0.9197719693183899,12,0.0056903185322880745,0.9140816507861018,544|12|528|542|413,0.91977197|0.00569032|0.00173057|0.00166464|0.00161399,1,0.9197719693183899,True,544,0.9197719693183899,True,544,0.8962070345878601,True,544,0.8263787627220154,True,544,0.8093364238739014,True,c12_correct
545,546,546_4.bmp,preprocessed_results\546\546_4.bmp,545,545,545,0.9430484175682068,344,0.001847301609814167,0.9412011159583926,545|344|380|199|289,0.94304842|0.00184730|0.00112258|0.00105746|0.00076804,1,0.9430484175682068,True,545,0.9430484175682068,True,545,0.8967752456665039,True,545,0.8560627102851868,True,545,0.84101802110672,True,c12_correct
546,547,547_3.bmp,preprocessed_results\547\547_3.bmp,546,546,546,0.8439452052116394,377,0.008882774971425533,0.8350624302402139,546|377|314|176|375,0.84394521|0.00888277|0.00609839|0.00501925|0.00296246,1,0.8439452052116394,True,546,0.8439452052116394,True,546,0.7849562764167786,True,546,0.8555740118026733,True,546,0.6904088258743286,True,c12_correct
547,548,548_9.bmp,preprocessed_results\548\548_9.bmp,547,547,547,0.7646898627281189,348,0.005975361447781324,0.7587145012803376,547|348|546|352|533,0.76468986|0.00597536|0.00589240|0.00423539|0.00354889,1,0.7646898627281189,True,547,0.7646898627281189,True,547,0.6334936022758484,True,547,0.8497468829154968,True,547,0.7485069036483765,True,c12_correct
548,549,549_10.bmp,preprocessed_results\549\549_10.bmp,548,548,548,0.9393001794815063,801,0.005787533707916737,0.9335126457735896,548|801|549|387|681,0.93930018|0.00578753|0.00178940|0.00128326|0.00125060,1,0.9393001794815063,True,548,0.9393001794815063,True,548,0.874372124671936,True,548,0.8416139483451843,True,548,0.8429470062255859,True,c12_correct
549,550,550_1.bmp,preprocessed_results\550\550_1.bmp,549,549,549,0.5808293223381042,548,0.08984396606683731,0.49098535627126694,549|548|294|102|196,0.58082932|0.08984397|0.01789320|0.00718809|0.00619466,1,0.5808293223381042,True,549,0.5808293223381042,True,549,0.5067136287689209,True,549,0.7926397323608398,True,549,0.6053488850593567,True,c12_correct
550,551,551_3.bmp,preprocessed_results\551\551_3.bmp,550,550,550,0.8832419514656067,483,0.0074135190807282925,0.8758284323848784,550|483|551|357|200,0.88324195|0.00741352|0.00251511|0.00232088|0.00216427,1,0.8832419514656067,True,550,0.8832419514656067,True,550,0.7952713370323181,True,550,0.8383545875549316,True,550,0.7009209990501404,True,c12_correct
551,552,552_9.bmp,preprocessed_results\552\552_9.bmp,551,551,551,0.9125340580940247,540,0.004966051783412695,0.907568006310612,551|540|550|549|358,0.91253406|0.00496605|0.00216602|0.00131113|0.00123464,1,0.9125340580940247,True,551,0.9125340580940247,True,551,0.8618177175521851,True,551,0.8283205628395081,True,551,0.8357982635498047,True,c12_correct
552,553,553_3.bmp,preprocessed_results\553\553_3.bmp,552,552,552,0.8992125988006592,117,0.005231592338532209,0.893981006462127,552|117|282|152|532,0.89921260|0.00523159|0.00346427|0.00314271|0.00259458,1,0.8992125988006592,True,552,0.8992125988006592,True,552,0.8545439839363098,True,552,0.8149360418319702,True,552,0.7994791269302368,True,c12_correct
553,554,554_2.bmp,preprocessed_results\554\554_2.bmp,553,553,553,0.8629946112632751,552,0.005361578427255154,0.85763303283602,553|552|397|538|220,0.86299461|0.00536158|0.00500089|0.00239840|0.00204560,1,0.8629946112632751,True,553,0.8629946112632751,True,553,0.8480286002159119,True,553,0.8277097344398499,True,553,0.7632375359535217,True,c12_correct
554,555,555_8.bmp,preprocessed_results\555\555_8.bmp,554,554,554,0.9249400496482849,359,0.005115506239235401,0.9198245434090495,554|359|555|358|30,0.92494005|0.00511551|0.00225342|0.00219807|0.00164633,1,0.9249400496482849,True,554,0.9249400496482849,True,554,0.8374891877174377,True,554,0.8094587326049805,True,554,0.798941969871521,True,c12_correct
555,556,556_3.bmp,preprocessed_results\556\556_3.bmp,555,555,555,0.9500085711479187,504,0.008722279220819473,0.9412862919270992,555|504|30|554|438,0.95000857|0.00872228|0.00240000|0.00194347|0.00103092,1,0.9500085711479187,True,555,0.9500085711479187,True,555,0.9200707674026489,True,555,0.842933177947998,True,555,0.8176687359809875,True,c12_correct
556,557,557_8.bmp,preprocessed_results\557\557_8.bmp,556,556,556,0.937346875667572,557,0.0040277778171002865,0.9333190978504717,556|557|454|478|804,0.93734688|0.00402778|0.00123686|0.00092618|0.00080893,1,0.937346875667572,True,556,0.937346875667572,True,556,0.8734621405601501,True,556,0.8128315806388855,True,556,0.8671649098396301,True,c12_correct
557,558,558_8.bmp,preprocessed_results\558\558_8.bmp,557,557,557,0.9377492666244507,556,0.0065356092527508736,0.9312136573716998,557|556|356|475|474,0.93774927|0.00653561|0.00222622|0.00198436|0.00182114,1,0.9377492666244507,True,557,0.9377492666244507,True,557,0.8359882831573486,True,557,0.8468859195709229,True,557,0.8355513215065002,True,c12_correct
558,559,559_7.bmp,preprocessed_results\559\559_7.bmp,558,558,558,0.8757984638214111,227,0.005495852790772915,0.8703026110306382,558|227|514|530|413,0.87579846|0.00549585|0.00376182|0.00308242|0.00268007,1,0.8757984638214111,True,558,0.8757984638214111,True,558,0.8294911980628967,True,558,0.8262139558792114,True,558,0.8168430924415588,True,c12_correct
559,560,560_3.bmp,preprocessed_results\560\560_3.bmp,559,559,559,0.9561983942985535,475,0.005148247815668583,0.9510501464828849,559|475|557|376|549,0.95619839|0.00514825|0.00159026|0.00146460|0.00087707,1,0.9561983942985535,True,559,0.9561983942985535,True,559,0.8080613613128662,True,559,0.8404749035835266,True,559,0.7618443369865417,True,c12_correct
560,561,561_3.bmp,preprocessed_results\561\561_3.bmp,560,560,560,0.9652522802352905,475,0.001181968953460455,0.9640703112818301,560|475|116|117|474,0.96525228|0.00118197|0.00084551|0.00082799|0.00057465,1,0.9652522802352905,True,560,0.9652522802352905,True,560,0.844511866569519,True,560,0.8274595737457275,True,560,0.8677397966384888,True,c12_correct
561,562,562_7.bmp,preprocessed_results\562\562_7.bmp,561,561,561,0.9392350912094116,590,0.004904674366116524,0.9343304168432951,561|590|31|721|560,0.93923509|0.00490467|0.00207041|0.00165027|0.00140945,1,0.9392350912094116,True,561,0.9392350912094116,True,561,0.8221206665039062,True,561,0.8221179842948914,True,561,0.8431116938591003,True,c12_correct
562,563,563_7.bmp,preprocessed_results\563\563_7.bmp,562,562,562,0.9397781491279602,563,0.002654808573424816,0.9371233405545354,562|563|230|72|805,0.93977815|0.00265481|0.00126784|0.00117497|0.00106283,1,0.9397781491279602,True,562,0.9397781491279602,True,562,0.8896483182907104,True,562,0.8021352887153625,True,562,0.8164016604423523,True,c12_correct
563,564,564_3.bmp,preprocessed_results\564\564_3.bmp,563,563,563,0.8952377438545227,358,0.003432220546528697,0.891805523307994,563|358|513|562|561,0.89523774|0.00343222|0.00220597|0.00200139|0.00194988,1,0.8952377438545227,True,563,0.8952377438545227,True,563,0.8333712816238403,True,563,0.8184922337532043,True,563,0.8542077541351318,True,c12_correct
564,565,565_9.bmp,preprocessed_results\565\565_9.bmp,564,564,564,0.8520934581756592,565,0.005573135334998369,0.8465203228406608,564|565|247|568|115,0.85209346|0.00557314|0.00341815|0.00303696|0.00175509,1,0.8520934581756592,True,564,0.8520934581756592,True,564,0.7058294415473938,True,564,0.8118752837181091,True,564,0.8225021362304688,True,c12_correct
565,566,566_7.bmp,preprocessed_results\566\566_7.bmp,565,565,565,0.9171056151390076,272,0.004956735763698816,0.9121488793753088,565|272|564|273|116,0.91710562|0.00495674|0.00196414|0.00170755|0.00108330,1,0.9171056151390076,True,565,0.9171056151390076,True,565,0.82013338804245,True,565,0.8045112490653992,True,565,0.7207930684089661,True,c12_correct
566,567,567_7.bmp,preprocessed_results\567\567_7.bmp,566,566,566,0.834104597568512,234,0.005216025747358799,0.8288885718211532,566|234|235|175|559,0.83410460|0.00521603|0.00404527|0.00395052|0.00355553,1,0.834104597568512,True,566,0.834104597568512,True,566,0.7641646265983582,True,566,0.810370147228241,True,566,0.7816810011863708,True,c12_correct
567,568,568_8.bmp,preprocessed_results\568\568_8.bmp,567,567,567,0.9001477956771851,141,0.00740274041891098,0.8927450552582741,567|141|566|828|299,0.90014780|0.00740274|0.00380605|0.00237635|0.00143471,1,0.9001477956771851,True,567,0.9001477956771851,True,567,0.891059160232544,True,567,0.8459230065345764,True,567,0.8694577813148499,True,c12_correct
568,569,569_5.bmp,preprocessed_results\569\569_5.bmp,568,568,568,0.5715591311454773,772,0.01955912820994854,0.5520000029355288,568|772|186|624|73,0.57155913|0.01955913|0.01667464|0.01561221|0.01073363,1,0.5715591311454773,True,568,0.5715591311454773,True,568,0.3284417688846588,True,568,0.8109583258628845,True,568,0.6579229235649109,True,c12_correct
569,570,570_9.bmp,preprocessed_results\570\570_9.bmp,569,569,569,0.938342273235321,565,0.008953604847192764,0.9293886683881283,569|565|573|583|116,0.93834227|0.00895360|0.00186092|0.00149605|0.00105436,1,0.938342273235321,True,569,0.938342273235321,True,569,0.8762131333351135,True,569,0.8326850533485413,True,569,0.8026889562606812,True,c12_correct
570,571,571_5.bmp,preprocessed_results\571\571_5.bmp,570,570,570,0.8952541947364807,571,0.005336923059076071,0.8899172716774046,570|571|824|658|682,0.89525419|0.00533692|0.00517917|0.00310621|0.00241871,1,0.8952541947364807,True,570,0.8952541947364807,True,570,0.8145580291748047,True,570,0.8402755856513977,True,570,0.829820990562439,True,c12_correct
571,572,572_10.bmp,preprocessed_results\572\572_10.bmp,571,571,571,0.9365831613540649,683,0.005538716446608305,0.9310444449074566,571|683|570|824|682,0.93658316|0.00553872|0.00310387|0.00197909|0.00181869,1,0.9365831613540649,True,571,0.9365831613540649,True,571,0.7043437361717224,True,571,0.8432472944259644,True,571,0.6774974465370178,True,c12_correct
572,573,573_7.bmp,preprocessed_results\573\573_7.bmp,572,572,572,0.9401898384094238,734,0.0031865157652646303,0.9370033226441592,572|734|596|424|799,0.94018984|0.00318652|0.00108411|0.00094566|0.00090861,1,0.9401898384094238,True,572,0.9401898384094238,True,572,0.9032832384109497,True,572,0.8480008840560913,True,572,0.8271405696868896,True,c12_correct
573,574,574_4.bmp,preprocessed_results\574\574_4.bmp,573,573,573,0.9529622197151184,569,0.0019694725051522255,0.9509927472099662,573|569|565|86|71,0.95296222|0.00196947|0.00065422|0.00063819|0.00061563,1,0.9529622197151184,True,573,0.9529622197151184,True,573,0.8737680912017822,True,573,0.8598915338516235,True,573,0.8191491961479187,True,c12_correct
574,575,575_7.bmp,preprocessed_results\575\575_7.bmp,574,574,574,0.7807093262672424,600,0.005856355652213097,0.7748529706150293,574|600|705|704|730,0.78070933|0.00585636|0.00575229|0.00416723|0.00299090,1,0.7807093262672424,True,574,0.7807093262672424,True,574,0.6000933647155762,True,574,0.8483745455741882,True,574,0.6838150024414062,True,c12_correct
575,576,576_5.bmp,preprocessed_results\576\576_5.bmp,575,575,575,0.7345579862594604,326,0.00998698640614748,0.724570999853313,575|326|712|165|580,0.73455799|0.00998699|0.00606792|0.00591972|0.00550819,1,0.7345579862594604,True,575,0.7345579862594604,True,575,0.4106456935405731,True,575,0.7709347009658813,True,575,0.3296733498573303,True,c12_correct
576,577,577_4.bmp,preprocessed_results\577\577_4.bmp,576,576,576,0.8166837692260742,577,0.059173833578825,0.7575099356472492,576|577|273|676|677,0.81668377|0.05917383|0.01103204|0.00643188|0.00461114,1,0.8166837692260742,True,576,0.8166837692260742,True,576,0.7005963325500488,True,576,0.8066973090171814,True,576,0.652164876461029,True,c12_correct
577,578,578_9.bmp,preprocessed_results\578\578_9.bmp,577,577,577,0.7641510367393494,576,0.04403023049235344,0.7201208062469959,577|576|635|743|649,0.76415104|0.04403023|0.01590305|0.01175321|0.01142203,1,0.7641510367393494,True,577,0.7641510367393494,True,577,0.486961305141449,True,577,0.8196503520011902,True,577,0.7975424528121948,True,c12_correct
578,579,579_10.bmp,preprocessed_results\579\579_10.bmp,578,578,578,0.9250629544258118,21,0.003093278966844082,0.9219696754589677,578|21|275|711|579,0.92506295|0.00309328|0.00285727|0.00232586|0.00223240,1,0.9250629544258118,True,578,0.9250629544258118,True,578,0.8128853440284729,True,578,0.8431575894355774,True,578,0.8384861350059509,True,c12_correct
579,580,580_4.bmp,preprocessed_results\580\580_4.bmp,579,579,579,0.8456831574440002,143,0.004375122953206301,0.8413080344907939,579|143|728|658|639,0.84568316|0.00437512|0.00390271|0.00281869|0.00256662,1,0.8456831574440002,True,579,0.8456831574440002,True,579,0.6658768057823181,True,579,0.7939478754997253,True,579,0.7486945986747742,True,c12_correct
580,581,581_2.bmp,preprocessed_results\581\581_2.bmp,580,580,580,0.9495106935501099,730,0.003798687132075429,0.9457120064180344,580|730|603|581|674,0.94951069|0.00379869|0.00316328|0.00145124|0.00127458,1,0.9495106935501099,True,580,0.9495106935501099,True,580,0.9284958243370056,True,580,0.8277145624160767,True,580,0.8693168759346008,True,c12_correct
581,582,582_6.bmp,preprocessed_results\582\582_6.bmp,581,581,581,0.8498553037643433,754,0.004781174473464489,0.8450741292908788,581|754|711|776|614,0.84985530|0.00478117|0.00419192|0.00371051|0.00309321,1,0.8498553037643433,True,581,0.8498553037643433,True,581,0.8728988766670227,True,581,0.8266555070877075,True,581,0.8007642030715942,True,c12_correct
582,583,583_8.bmp,preprocessed_results\583\583_8.bmp,582,582,582,0.8926821947097778,615,0.03601982444524765,0.8566623702645302,582|615|583|143|740,0.89268219|0.03601982|0.00557574|0.00535690|0.00247569,1,0.8926821947097778,True,582,0.8926821947097778,True,582,0.7595785856246948,True,582,0.8471682071685791,True,582,0.6714209318161011,True,c12_correct
583,584,584_4.bmp,preprocessed_results\584\584_4.bmp,583,583,583,0.8758373260498047,582,0.029344823211431503,0.8464925028383732,583|582|597|615|15,0.87583733|0.02934482|0.00254202|0.00241333|0.00220140,1,0.8758373260498047,True,583,0.8758373260498047,True,583,0.6009465456008911,True,583,0.8454543352127075,True,583,0.7781446576118469,True,c12_correct
584,585,585_1.bmp,preprocessed_results\585\585_1.bmp,584,584,584,0.9196245074272156,832,0.0033193244598805904,0.916305182967335,584|832|438|73|527,0.91962451|0.00331932|0.00163212|0.00142072|0.00134754,1,0.9196245074272156,True,584,0.9196245074272156,True,584,0.7324533462524414,True,584,0.8085829019546509,True,584,0.7725411653518677,True,c12_correct
585,586,586_8.bmp,preprocessed_results\586\586_8.bmp,585,585,585,0.8858436346054077,681,0.0031870619859546423,0.8826565726194531,585|681|629|584|669,0.88584363|0.00318706|0.00230718|0.00202454|0.00199730,1,0.8858436346054077,True,585,0.8858436346054077,True,585,0.8758999705314636,True,585,0.8405324220657349,True,585,0.853384792804718,True,c12_correct
586,587,587_8.bmp,preprocessed_results\587\587_8.bmp,586,586,586,0.9548501968383789,587,0.004026873968541622,0.9508233228698373,586|587|743|628|584,0.95485020|0.00402687|0.00112365|0.00105037|0.00092666,1,0.9548501968383789,True,586,0.9548501968383789,True,586,0.7731673717498779,True,586,0.834930419921875,True,586,0.8065755367279053,True,c12_correct
587,588,588_4.bmp,preprocessed_results\588\588_4.bmp,587,587,587,0.9146291613578796,655,0.0034095558803528547,0.9112196054775268,587|655|272|744|721,0.91462916|0.00340956|0.00270107|0.00222833|0.00186261,1,0.9146291613578796,True,587,0.9146291613578796,True,587,0.8325669169425964,True,587,0.8259183168411255,True,587,0.8950766324996948,True,c12_correct
588,589,589_5.bmp,preprocessed_results\589\589_5.bmp,588,588,588,0.8548744916915894,259,0.005001433193683624,0.8498730584979057,588|259|732|580|788,0.85487449|0.00500143|0.00359681|0.00332276|0.00297141,1,0.8548744916915894,True,588,0.8548744916915894,True,588,0.838396430015564,True,588,0.8360456824302673,True,588,0.7844556570053101,True,c12_correct
589,590,590_6.bmp,preprocessed_results\590\590_6.bmp,589,589,589,0.9048765301704407,216,0.006991350091993809,0.8978851800784469,589|216|763|653|587,0.90487653|0.00699135|0.00295320|0.00261538|0.00170771,1,0.9048765301704407,True,589,0.9048765301704407,True,589,0.8990544080734253,True,589,0.8296301960945129,True,589,0.8656368255615234,True,c12_correct
590,591,591_8.bmp,preprocessed_results\591\591_8.bmp,590,590,590,0.9232715368270874,561,0.008645296096801758,0.9146262407302856,590|561|789|591|678,0.92327154|0.00864530|0.00261008|0.00253955|0.00200362,1,0.9232715368270874,True,590,0.9232715368270874,True,590,0.8320532441139221,True,590,0.8213177919387817,True,590,0.8012827038764954,True,c12_correct
591,592,592_10.bmp,preprocessed_results\592\592_10.bmp,591,591,591,0.9575623273849487,590,0.00284377159550786,0.9547185557894409,591|590|678|721|564,0.95756233|0.00284377|0.00202754|0.00104732|0.00095318,1,0.9575623273849487,True,591,0.9575623273849487,True,591,0.8048316240310669,True,591,0.8026928901672363,True,591,0.7980667948722839,True,c12_correct
592,593,593_6.bmp,preprocessed_results\593\593_6.bmp,592,592,592,0.6965464949607849,823,0.01542633306235075,0.6811201618984342,592|823|575|782|593,0.69654649|0.01542633|0.00746337|0.00674819|0.00448582,1,0.6965464949607849,True,592,0.6965464949607849,True,592,0.6329646110534668,True,592,0.8152289390563965,True,592,0.5561684370040894,True,c12_correct
593,594,594_9.bmp,preprocessed_results\594\594_9.bmp,593,593,593,0.8610169887542725,592,0.0035786572843790054,0.8574383314698935,593|592|786|674|782,0.86101699|0.00357866|0.00278516|0.00157875|0.00139154,1,0.8610169887542725,True,593,0.8610169887542725,True,593,0.8596174716949463,True,593,0.8215174078941345,True,593,0.8312087655067444,True,c12_correct
594,595,595_2.bmp,preprocessed_results\595\595_2.bmp,594,594,594,0.038718562573194504,740,0.021954426541924477,0.016764136031270027,594|740|407|768|299,0.03871856|0.02195443|0.02178329|0.01836498|0.01496408,1,0.038718562573194504,True,594,0.038718562573194504,True,594,0.1351948380470276,True,594,0.5024271607398987,True,594,0.041368599981069565,True,c12_correct
595,596,596_1.bmp,preprocessed_results\596\596_1.bmp,595,595,595,0.9173771142959595,594,0.008963588625192642,0.9084135256707668,595|594|762|726|738,0.91737711|0.00896359|0.00280878|0.00239359|0.00206339,1,0.9173771142959595,True,595,0.9173771142959595,True,595,0.8340688943862915,True,595,0.811821460723877,True,595,0.7921245098114014,True,c12_correct
596,597,597_4.bmp,preprocessed_results\597\597_4.bmp,596,596,596,0.9165759086608887,612,0.01958770677447319,0.8969882018864155,596|612|799|606|699,0.91657591|0.01958771|0.00369097|0.00139091|0.00138807,1,0.9165759086608887,True,596,0.9165759086608887,True,596,0.8494617342948914,True,596,0.8299543261528015,True,596,0.8173383474349976,True,c12_correct
597,598,598_1.bmp,preprocessed_results\598\598_1.bmp,597,597,597,0.7652977705001831,791,0.007590764202177525,0.7577070062980056,597|791|803|111|823,0.76529777|0.00759076|0.00598279|0.00424458|0.00377223,1,0.7652977705001831,True,597,0.7652977705001831,True,597,0.8094093799591064,True,597,0.8379803895950317,True,597,0.6959353089332581,True,c12_correct
598,599,599_6.bmp,preprocessed_results\599\599_6.bmp,598,598,598,0.8841594457626343,599,0.02328784577548504,0.8608715999871492,598|599|505|504|271,0.88415945|0.02328785|0.00416962|0.00396099|0.00297080,1,0.8841594457626343,True,598,0.8841594457626343,True,598,0.7206870317459106,True,598,0.8373162150382996,True,598,0.6950010061264038,True,c12_correct
599,600,600_1.bmp,preprocessed_results\600\600_1.bmp,599,599,599,0.5689786672592163,598,0.1260199248790741,0.4429587423801422,599|598|720|505|438,0.56897867|0.12601992|0.00766116|0.00620622|0.00456400,1,0.5689786672592163,True,599,0.5689786672592163,True,599,0.5601286888122559,True,599,0.8072377443313599,True,599,0.714825451374054,True,c12_correct
600,601,601_4.bmp,preprocessed_results\601\601_4.bmp,600,600,600,0.8883894681930542,708,0.004482639022171497,0.8839068291708827,600|708|680|730|574,0.88838947|0.00448264|0.00354114|0.00174201|0.00165970,1,0.8883894681930542,True,600,0.8883894681930542,True,600,0.702908456325531,True,600,0.8082936406135559,True,600,0.7221542596817017,True,c12_correct
601,602,602_4.bmp,preprocessed_results\602\602_4.bmp,601,601,601,0.9408379197120667,789,0.0028731024358421564,0.9379648172762245,601|789|639|641|805,0.94083792|0.00287310|0.00147316|0.00145509|0.00138323,1,0.9408379197120667,True,601,0.9408379197120667,True,601,0.8022288084030151,True,601,0.8422353267669678,True,601,0.8066268563270569,True,c12_correct
602,603,603_5.bmp,preprocessed_results\603\603_5.bmp,602,602,602,0.5949080586433411,603,0.019154932349920273,0.5757531262934208,602|603|585|760|161,0.59490806|0.01915493|0.01262729|0.00703844|0.00606800,1,0.5949080586433411,True,602,0.5949080586433411,True,602,0.637692928314209,True,602,0.8323687314987183,True,602,0.6936464309692383,True,c12_correct
603,604,604_1.bmp,preprocessed_results\604\604_1.bmp,603,603,603,0.7442356944084167,674,0.013005174696445465,0.7312305197119713,603|674|730|575|715,0.74423569|0.01300517|0.01057322|0.00844568|0.00575372,1,0.7442356944084167,True,603,0.7442356944084167,True,603,0.8316977024078369,True,603,0.8260597586631775,True,603,0.7750232815742493,True,c12_correct
604,605,605_2.bmp,preprocessed_results\605\605_2.bmp,604,604,604,0.9255939722061157,605,0.01679687201976776,0.908797100186348,604|605|644|678|679,0.92559397|0.01679687|0.00283072|0.00114571|0.00114286,1,0.9255939722061157,True,604,0.9255939722061157,True,604,0.898590087890625,True,604,0.8196991086006165,True,604,0.8681185841560364,True,c12_correct
605,606,606_2.bmp,preprocessed_results\606\606_2.bmp,605,605,605,0.77118980884552,604,0.008861780166625977,0.762328028678894,605|604|679|246|126,0.77118981|0.00886178|0.00708999|0.00638030|0.00389706,1,0.77118980884552,True,605,0.77118980884552,True,605,0.5807172656059265,True,605,0.840211033821106,True,605,0.7095798850059509,True,c12_correct
606,607,607_7.bmp,preprocessed_results\607\607_7.bmp,606,606,606,0.8542090654373169,832,0.012369650416076183,0.8418394150212407,606|832|678|584|585,0.85420907|0.01236965|0.00574063|0.00435068|0.00364465,1,0.8542090654373169,True,606,0.8542090654373169,True,606,0.808849573135376,True,606,0.8225315809249878,True,606,0.7336457371711731,True,c12_correct
607,608,608_7.bmp,preprocessed_results\608\608_7.bmp,607,607,607,0.9368476867675781,606,0.002991179469972849,0.9338565072976053,607|606|327|647|612,0.93684769|0.00299118|0.00200090|0.00161798|0.00148492,1,0.9368476867675781,True,607,0.9368476867675781,True,607,0.8555631041526794,True,607,0.7839940786361694,True,607,0.8409034609794617,True,c12_correct
608,609,609_8.bmp,preprocessed_results\609\609_8.bmp,608,608,608,0.6631786823272705,609,0.21254326403141022,0.4506354182958603,608|609|813|756|616,0.66317868|0.21254326|0.00608136|0.00302485|0.00200105,1,0.6631786823272705,True,608,0.6631786823272705,True,608,0.9104138612747192,True,608,0.8216097354888916,True,608,0.8106690645217896,True,c12_correct
609,610,610_7.bmp,preprocessed_results\610\610_7.bmp,609,609,609,0.891033947467804,608,0.034282706677913666,0.8567512407898903,609|608|774|813|812,0.89103395|0.03428271|0.00602026|0.00384518|0.00145976,1,0.891033947467804,True,609,0.891033947467804,True,609,0.4277072548866272,True,609,0.827454686164856,True,609,0.8200046420097351,True,c12_correct
610,611,611_2.bmp,preprocessed_results\611\611_2.bmp,610,610,610,0.44953715801239014,667,0.01512124016880989,0.43441591784358025,610|667|242|646|51,0.44953716|0.01512124|0.00671498|0.00568068|0.00516487,1,0.44953715801239014,True,610,0.44953715801239014,True,610,0.3709578514099121,True,610,0.7673488855361938,True,610,0.4211404025554657,True,c12_correct
611,612,612_8.bmp,preprocessed_results\612\612_8.bmp,611,611,611,0.9253175854682922,610,0.003225306048989296,0.9220922794193029,611|610|788|127|671,0.92531759|0.00322531|0.00202460|0.00152571|0.00145483,1,0.9253175854682922,True,611,0.9253175854682922,True,611,0.8876060843467712,True,611,0.8179609179496765,True,611,0.8912956118583679,True,c12_correct
612,613,613_5.bmp,preprocessed_results\613\613_5.bmp,612,612,612,0.4847166836261749,606,0.039105311036109924,0.445611372590065,612|606|596|755|607,0.48471668|0.03910531|0.01377797|0.01280045|0.00984602,1,0.4847166836261749,True,612,0.4847166836261749,True,612,0.30603092908859253,True,612,0.792716920375824,True,612,0.605542004108429,True,c12_correct
613,614,614_2.bmp,preprocessed_results\614\614_2.bmp,613,613,613,0.8755905032157898,730,0.005404675379395485,0.8701858278363943,613|730|612|607|753,0.87559050|0.00540468|0.00453734|0.00413103|0.00313962,1,0.8755905032157898,True,613,0.8755905032157898,True,613,0.7792367935180664,True,613,0.8169025182723999,True,613,0.7798118591308594,True,c12_correct
614,615,615_7.bmp,preprocessed_results\615\615_7.bmp,614,614,614,0.7234125137329102,615,0.05646151676774025,0.6669509969651699,614|615|628|623|438,0.72341251|0.05646152|0.02249290|0.01230947|0.00966003,1,0.7234125137329102,True,614,0.7234125137329102,True,614,0.28471139073371887,True,614,0.8083599805831909,True,614,0.46218010783195496,True,c12_correct
615,616,616_7.bmp,preprocessed_results\616\616_7.bmp,615,615,615,0.9100804924964905,614,0.010924684815108776,0.8991558076813817,615|614|582|628|706,0.91008049|0.01092468|0.00836927|0.00284348|0.00184508,1,0.9100804924964905,True,615,0.9100804924964905,True,615,0.818782389163971,True,615,0.8276355266571045,True,615,0.693838894367218,True,c12_correct
616,617,617_5.bmp,preprocessed_results\617\617_5.bmp,616,616,616,0.6616710424423218,617,0.016252873465418816,0.645418168976903,616|617|598|608|541,0.66167104|0.01625287|0.00820974|0.00723085|0.00617697,1,0.6616710424423218,True,616,0.6616710424423218,True,616,0.4340938329696655,True,616,0.7842610478401184,True,616,0.5446008443832397,True,c12_correct
617,618,618_8.bmp,preprocessed_results\618\618_8.bmp,617,617,617,0.7366961240768433,616,0.02915384992957115,0.7075422741472721,617|616|780|758|742,0.73669612|0.02915385|0.00908186|0.00417265|0.00406074,1,0.7366961240768433,True,617,0.7366961240768433,True,617,0.6538663506507874,True,617,0.7917538285255432,True,617,0.6308088898658752,True,c12_correct
618,619,619_8.bmp,preprocessed_results\619\619_8.bmp,618,618,618,0.9024192690849304,598,0.0065569146536290646,0.8958623544313014,618|598|750|634|637,0.90241927|0.00655691|0.00645646|0.00447282|0.00423648,1,0.9024192690849304,True,618,0.9024192690849304,True,618,0.8699744939804077,True,618,0.8300392031669617,True,618,0.811296284198761,True,c12_correct
619,620,620_9.bmp,preprocessed_results\620\620_9.bmp,619,619,619,0.8809329271316528,565,0.005535065662115812,0.875397861469537,619|565|583|803|701,0.88093293|0.00553507|0.00534875|0.00417496|0.00195732,1,0.8809329271316528,True,619,0.8809329271316528,True,619,0.9164095520973206,True,619,0.8396556973457336,True,619,0.8786786794662476,True,c12_correct
620,621,621_8.bmp,preprocessed_results\621\621_8.bmp,620,620,620,0.8838484883308411,621,0.007553759030997753,0.8762947292998433,620|621|757|765|830,0.88384849|0.00755376|0.00735227|0.00451753|0.00435489,1,0.8838484883308411,True,620,0.8838484883308411,True,620,0.6989827156066895,True,620,0.8205710053443909,True,620,0.8061519861221313,True,c12_correct
621,622,622_8.bmp,preprocessed_results\622\622_8.bmp,621,621,621,0.9243497252464294,755,0.0039859311655163765,0.9203637940809131,621|755|754|757|620,0.92434973|0.00398593|0.00394468|0.00371839|0.00324384,1,0.9243497252464294,True,621,0.9243497252464294,True,621,0.8494077920913696,True,621,0.8268380165100098,True,621,0.8445371985435486,True,c12_correct
622,623,623_9.bmp,preprocessed_results\623\623_9.bmp,622,622,622,0.27946537733078003,584,0.031184280291199684,0.24828109703958035,622|584|174|804|722,0.27946538|0.03118428|0.02784254|0.01884358|0.01652801,1,0.27946537733078003,True,622,0.27946537733078003,True,622,0.023671835660934448,True,622,0.6581400036811829,True,622,0.10168912261724472,True,c12_correct
623,624,624_6.bmp,preprocessed_results\624\624_6.bmp,623,623,623,0.8787291049957275,731,0.007677652407437563,0.87105145258829,623|731|739|615|614,0.87872910|0.00767765|0.00372093|0.00363902|0.00307086,1,0.8787291049957275,True,623,0.8787291049957275,True,623,0.27208808064460754,True,623,0.8195009827613831,True,623,0.7239165306091309,True,c12_correct
624,625,625_4.bmp,preprocessed_results\625\625_4.bmp,624,624,624,0.7753910422325134,186,0.012052320875227451,0.763338721357286,624|186|664|578|828,0.77539104|0.01205232|0.01179739|0.01165739|0.01029553,1,0.7753910422325134,True,624,0.7753910422325134,True,624,0.6685619950294495,True,624,0.8169474005699158,True,624,0.6100174784660339,True,c12_correct
625,626,626_10.bmp,preprocessed_results\626\626_10.bmp,625,625,625,0.8562851548194885,702,0.0037029406521469355,0.8525822141673416,625|702|829|747|687,0.85628515|0.00370294|0.00363207|0.00301556|0.00289822,1,0.8562851548194885,True,625,0.8562851548194885,True,625,0.6291863322257996,True,625,0.8303066492080688,True,625,0.7000053524971008,True,c12_correct
626,627,627_3.bmp,preprocessed_results\627\627_3.bmp,626,626,626,0.7766447067260742,595,0.015149817802011967,0.7614948889240623,626|595|726|758|753,0.77664471|0.01514982|0.00725095|0.00578583|0.00488715,1,0.7766447067260742,True,626,0.7766447067260742,True,626,0.5901753902435303,True,626,0.8347569704055786,True,626,0.7940283417701721,True,c12_correct
627,628,628_5.bmp,preprocessed_results\628\628_5.bmp,627,627,627,0.9325973987579346,626,0.0031633160542696714,0.9294340827036649,627|626|671|670|807,0.93259740|0.00316332|0.00228518|0.00137619|0.00123430,1,0.9325973987579346,True,627,0.9325973987579346,True,627,0.8968281745910645,True,627,0.8485985398292542,True,627,0.8010682463645935,True,c12_correct
628,629,629_1.bmp,preprocessed_results\629\629_1.bmp,628,628,628,0.8186860084533691,629,0.052970040589571,0.7657159678637981,628|629|812|641|645,0.81868601|0.05297004|0.00341397|0.00328574|0.00314582,1,0.8186860084533691,True,628,0.8186860084533691,True,628,0.8888077735900879,True,628,0.8408412337303162,True,628,0.749374270439148,True,c12_correct
629,630,630_10.bmp,preprocessed_results\630\630_10.bmp,629,629,629,0.9019211530685425,628,0.008795836940407753,0.8931253161281347,629|628|739|671|585,0.90192115|0.00879584|0.00202136|0.00146102|0.00126723,1,0.9019211530685425,True,629,0.9019211530685425,True,629,0.8557741641998291,True,629,0.825927197933197,True,629,0.7697530388832092,True,c12_correct
630,631,631_5.bmp,preprocessed_results\631\631_5.bmp,630,630,630,0.9225853085517883,631,0.002565849805250764,0.9200194587465376,630|631|690|636|688,0.92258531|0.00256585|0.00218740|0.00192297|0.00169898,1,0.9225853085517883,True,630,0.9225853085517883,True,630,0.7907403707504272,True,630,0.8087314963340759,True,630,0.6561229825019836,True,c12_correct
631,632,632_7.bmp,preprocessed_results\632\632_7.bmp,631,631,631,0.693151593208313,512,0.03664467856287956,0.6565069146454334,631|512|681|630|721,0.69315159|0.03664468|0.03246492|0.01786293|0.01323774,1,0.693151593208313,True,631,0.693151593208313,True,631,0.28559058904647827,True,631,0.6269147396087646,True,631,0.30591651797294617,True,c12_correct
632,633,633_5.bmp,preprocessed_results\633\633_5.bmp,632,632,632,0.79207843542099,232,0.006533151026815176,0.7855452843941748,632|232|633|205|170,0.79207844|0.00653315|0.00647710|0.00553390|0.00532429,1,0.79207843542099,True,632,0.79207843542099,True,632,0.7804486155509949,True,632,0.8148478269577026,True,632,0.7747930884361267,True,c12_correct
633,634,634_6.bmp,preprocessed_results\634\634_6.bmp,633,633,633,0.9321090579032898,775,0.0029409686103463173,0.9291680892929435,633|775|632|819|709,0.93210906|0.00294097|0.00268400|0.00257716|0.00212002,1,0.9321090579032898,True,633,0.9321090579032898,True,633,0.8500492572784424,True,633,0.8421072959899902,True,633,0.8671535849571228,True,c12_correct
634,635,635_7.bmp,preprocessed_results\635\635_7.bmp,634,634,634,0.9082308411598206,635,0.010232234373688698,0.8979986067861319,634|635|598|677|599,0.90823084|0.01023223|0.00645724|0.00214363|0.00180453,1,0.9082308411598206,True,634,0.9082308411598206,True,634,0.8750883340835571,True,634,0.8179458975791931,True,634,0.8784717321395874,True,c12_correct
635,636,636_4.bmp,preprocessed_results\636\636_4.bmp,635,635,635,0.7286873459815979,720,0.013185073621571064,0.7155022723600268,635|720|634|270|577,0.72868735|0.01318507|0.01049837|0.00812374|0.00761432,1,0.7286873459815979,True,635,0.7286873459815979,True,635,0.34251144528388977,True,635,0.7981862425804138,True,635,0.6458693742752075,True,c12_correct
636,637,637_6.bmp,preprocessed_results\637\637_6.bmp,636,636,636,0.302429735660553,630,0.08327516913414001,0.21915456652641296,636|630|584|616|637,0.30242974|0.08327517|0.02726715|0.02155190|0.01964778,1,0.302429735660553,True,636,0.302429735660553,True,636,0.3811275064945221,True,636,0.7207691669464111,True,636,0.3900849223136902,True,c12_correct
637,638,638_5.bmp,preprocessed_results\638\638_5.bmp,637,637,637,0.6807816624641418,474,0.03638625890016556,0.6443954035639763,637|474|636|688|681,0.68078166|0.03638626|0.02202668|0.00676117|0.00446820,1,0.6807816624641418,True,637,0.6807816624641418,True,637,0.5954379439353943,True,637,0.8297706842422485,True,637,0.6080052852630615,True,c12_correct
638,639,639_2.bmp,preprocessed_results\639\639_2.bmp,638,638,638,0.9288164973258972,639,0.014050956815481186,0.914765540510416,638|639|762|767|47,0.92881650|0.01405096|0.00189888|0.00124431|0.00110018,1,0.9288164973258972,True,638,0.9288164973258972,True,638,0.8092776536941528,True,638,0.8303149342536926,True,638,0.8251897096633911,True,c12_correct
639,640,640_5.bmp,preprocessed_results\640\640_5.bmp,639,639,639,0.9670827388763428,638,0.008889870718121529,0.9581928681582212,639|638|601|789|741,0.96708274|0.00888987|0.00094025|0.00054960|0.00043996,1,0.9670827388763428,True,639,0.9670827388763428,True,639,0.8479583859443665,True,639,0.831378698348999,True,639,0.7896431088447571,True,c12_correct
640,641,641_3.bmp,preprocessed_results\641\641_3.bmp,640,640,640,0.8118351101875305,804,0.04016758129000664,0.7716675288975239,640|804|666|648|664,0.81183511|0.04016758|0.01951307|0.00982859|0.00953265,1,0.8118351101875305,True,640,0.8118351101875305,True,640,0.48953163623809814,True,640,0.7389493584632874,True,640,0.615608811378479,True,c12_correct
641,642,642_6.bmp,preprocessed_results\642\642_6.bmp,641,641,641,0.692162811756134,814,0.023427318781614304,0.6687354929745197,641|814|805|635|455,0.69216281|0.02342732|0.01931186|0.00591630|0.00407560,1,0.692162811756134,True,641,0.692162811756134,True,641,0.5348408818244934,True,641,0.7617475986480713,True,641,0.6499571800231934,True,c12_correct
642,643,643_1.bmp,preprocessed_results\643\643_1.bmp,642,642,642,0.9518997669219971,643,0.006468785926699638,0.9454309809952974,642|643|620|138|819,0.95189977|0.00646879|0.00182042|0.00062247|0.00055448,1,0.9518997669219971,True,642,0.9518997669219971,True,642,0.8334652185440063,True,642,0.8592438697814941,True,642,0.844412624835968,True,c12_correct
643,644,644_4.bmp,preprocessed_results\644\644_4.bmp,643,643,643,0.8958688974380493,642,0.014022903516888618,0.8818459939211607,643|642|667|708|767,0.89586890|0.01402290|0.00440535|0.00317457|0.00275991,1,0.8958688974380493,True,643,0.8958688974380493,True,643,0.757024884223938,True,643,0.8212904334068298,True,643,0.7109177708625793,True,c12_correct
644,645,645_2.bmp,preprocessed_results\645\645_2.bmp,644,644,644,0.8850216865539551,604,0.012115295976400375,0.8729063905775547,644|604|618|645|590,0.88502169|0.01211530|0.00477471|0.00441633|0.00389921,1,0.8850216865539551,True,644,0.8850216865539551,True,644,0.740349531173706,True,644,0.8282961249351501,True,644,0.7284954190254211,True,c12_correct
645,646,646_5.bmp,preprocessed_results\646\646_5.bmp,645,645,645,0.9519191980361938,644,0.005970904137939215,0.9459482938982546,645|644|604|680|681,0.95191920|0.00597090|0.00144221|0.00099534|0.00096966,1,0.9519191980361938,True,645,0.9519191980361938,True,645,0.7541916370391846,True,645,0.8337938189506531,True,645,0.8159314393997192,True,c12_correct
646,647,647_5.bmp,preprocessed_results\647\647_5.bmp,646,646,646,0.9314990043640137,694,0.0037262248806655407,0.9277727794833481,646|694|710|570|647,0.93149900|0.00372622|0.00197486|0.00171038|0.00165950,1,0.9314990043640137,True,646,0.9314990043640137,True,646,0.8776431679725647,True,646,0.8447206020355225,True,646,0.831527054309845,True,c12_correct
647,648,648_8.bmp,preprocessed_results\648\648_8.bmp,647,647,647,0.9046436548233032,272,0.002138664713129401,0.9025049901101738,647|272|327|607|701,0.90464365|0.00213866|0.00186055|0.00155186|0.00106211,1,0.9046436548233032,True,647,0.9046436548233032,True,647,0.8684585690498352,True,647,0.8317281603813171,True,647,0.7524805068969727,True,c12_correct
648,649,649_8.bmp,preprocessed_results\649\649_8.bmp,648,648,648,0.1936795711517334,640,0.09977612644433975,0.09390344470739365,648|640|720|635|666,0.19367957|0.09977613|0.05300066|0.02905455|0.02251794,1,0.1936795711517334,True,648,0.1936795711517334,True,648,0.11128096282482147,True,648,0.7768216729164124,True,648,0.1880190223455429,True,c12_correct
649,650,650_7.bmp,preprocessed_results\650\650_7.bmp,649,649,649,0.8432121276855469,689,0.01328556053340435,0.8299265671521425,649|689|635|743|721,0.84321213|0.01328556|0.00979627|0.00654025|0.00640574,1,0.8432121276855469,True,649,0.8432121276855469,True,649,0.7068547010421753,True,649,0.8300508856773376,True,649,0.7391310334205627,True,c12_correct
650,651,651_8.bmp,preprocessed_results\651\651_8.bmp,650,650,650,0.9122273921966553,651,0.00716484384611249,0.9050625483505428,650|651|696|830|697,0.91222739|0.00716484|0.00396422|0.00307962|0.00264508,1,0.9122273921966553,True,650,0.9122273921966553,True,650,0.7359526753425598,True,650,0.8402119278907776,True,650,0.7608921527862549,True,c12_correct
651,652,652_8.bmp,preprocessed_results\652\652_8.bmp,651,651,651,0.9678680300712585,650,0.004905131179839373,0.9629628988914192,651|650|697|623|670,0.96786803|0.00490513|0.00084740|0.00074148|0.00065348,1,0.9678680300712585,True,651,0.9678680300712585,True,651,0.9092772006988525,True,651,0.8375067114830017,True,651,0.8474342226982117,True,c12_correct
652,653,653_6.bmp,preprocessed_results\653\653_6.bmp,652,652,652,0.9155234098434448,653,0.005125810392200947,0.9103975994512439,652|653|574|738|76,0.91552341|0.00512581|0.00176657|0.00153640|0.00116444,1,0.9155234098434448,True,652,0.9155234098434448,True,652,0.8050265312194824,True,652,0.8557862043380737,True,652,0.8084131479263306,True,c12_correct
653,654,654_2.bmp,preprocessed_results\654\654_2.bmp,653,653,653,0.9290742874145508,652,0.008583329617977142,0.9204909577965736,653|652|589|715|162,0.92907429|0.00858333|0.00665130|0.00154289|0.00092440,1,0.9290742874145508,True,653,0.9290742874145508,True,653,0.8893001079559326,True,653,0.8034396171569824,True,653,0.8083924055099487,True,c12_correct
654,655,655_9.bmp,preprocessed_results\655\655_9.bmp,654,654,654,0.935675323009491,718,0.004342006519436836,0.9313333164900541,654|718|732|813|655,0.93567532|0.00434201|0.00147268|0.00133623|0.00118544,1,0.935675323009491,True,654,0.935675323009491,True,654,0.9074268937110901,True,654,0.8469024896621704,True,654,0.8431201577186584,True,c12_correct
655,656,656_2.bmp,preprocessed_results\656\656_2.bmp,655,655,655,0.927004337310791,587,0.010002762079238892,0.9170015752315521,655|587|224|654|268,0.92700434|0.01000276|0.00222022|0.00182975|0.00180225,1,0.927004337310791,True,655,0.927004337310791,True,655,0.861706018447876,True,655,0.8345526456832886,True,655,0.7915332913398743,True,c12_correct
656,657,657_7.bmp,preprocessed_results\657\657_7.bmp,656,656,656,0.8804372549057007,612,0.002739074407145381,0.8776981804985553,656|612|652|799|712,0.88043725|0.00273907|0.00264156|0.00226854|0.00224604,1,0.8804372549057007,True,656,0.8804372549057007,True,656,0.8960912823677063,True,656,0.8378342986106873,True,656,0.8541589379310608,True,c12_correct
657,658,658_6.bmp,preprocessed_results\658\658_6.bmp,657,657,657,0.493486613035202,627,0.018856048583984375,0.47463056445121765,657|627|671|719|825,0.49348661|0.01885605|0.01709487|0.01574896|0.01489366,1,0.493486613035202,True,657,0.493486613035202,True,657,0.38508695363998413,True,657,0.8212250471115112,True,657,0.5697774887084961,True,c12_correct
658,659,659_5.bmp,preprocessed_results\659\659_5.bmp,658,658,658,0.8665723204612732,729,0.004719134420156479,0.8618531860411167,658|729|694|154|659,0.86657232|0.00471913|0.00202720|0.00172886|0.00170575,1,0.8665723204612732,True,658,0.8665723204612732,True,658,0.7804256677627563,True,658,0.84274822473526,True,658,0.7636809945106506,True,c12_correct
659,660,660_6.bmp,preprocessed_results\660\660_6.bmp,659,659,659,0.8896282315254211,587,0.007496591191738844,0.8821316403336823,659|587|712|708|667,0.88962823|0.00749659|0.00506905|0.00482596|0.00345923,1,0.8896282315254211,True,659,0.8896282315254211,True,659,0.8799626231193542,True,659,0.8294431567192078,True,659,0.8062250018119812,True,c12_correct
660,661,661_8.bmp,preprocessed_results\661\661_8.bmp,660,660,660,0.7219172120094299,261,0.04122915491461754,0.6806880570948124,660|261|307|337|287,0.72191721|0.04122915|0.00696420|0.00572660|0.00480176,1,0.7219172120094299,True,660,0.7219172120094299,True,660,0.7146506905555725,True,660,0.8423738479614258,True,660,0.7999226450920105,True,c12_correct
661,662,662_3.bmp,preprocessed_results\662\662_3.bmp,661,661,661,0.8812149167060852,735,0.004744017496705055,0.8764708992093801,661|735|3|759|660,0.88121492|0.00474402|0.00323834|0.00249802|0.00237673,1,0.8812149167060852,True,661,0.8812149167060852,True,661,0.7410330772399902,True,661,0.7986645102500916,True,661,0.7257075309753418,True,c12_correct
662,663,663_4.bmp,preprocessed_results\663\663_4.bmp,662,662,662,0.9508379697799683,663,0.005404850468039513,0.9454331193119287,662|663|784|752|207,0.95083797|0.00540485|0.00183493|0.00137694|0.00094243,1,0.9508379697799683,True,662,0.9508379697799683,True,662,0.8482135534286499,True,662,0.8355651497840881,True,662,0.8401483297348022,True,c12_correct
663,664,664_2.bmp,preprocessed_results\664\664_2.bmp,663,663,663,0.9159513711929321,662,0.006078684702515602,0.9098726864904165,663|662|753|567|625,0.91595137|0.00607868|0.00220797|0.00176587|0.00144588,1,0.9159513711929321,True,663,0.9159513711929321,True,663,0.8180405497550964,True,663,0.8204469084739685,True,663,0.8323892951011658,True,c12_correct
664,665,665_7.bmp,preprocessed_results\665\665_7.bmp,664,664,664,0.9474658966064453,666,0.002147203078493476,0.9453186935279518,664|666|576|828|686,0.94746590|0.00214720|0.00174382|0.00153018|0.00144705,1,0.9474658966064453,True,664,0.9474658966064453,True,664,0.8094494342803955,True,664,0.8256710171699524,True,664,0.7714526653289795,True,c12_correct
665,666,666_10.bmp,preprocessed_results\666\666_10.bmp,665,665,665,0.8978981375694275,143,0.005277655087411404,0.8926204824820161,665|143|687|815|115,0.89789814|0.00527766|0.00517841|0.00405632|0.00234207,1,0.8978981375694275,True,665,0.8978981375694275,True,665,0.8493893146514893,True,665,0.8404381275177002,True,665,0.8486233353614807,True,c12_correct
666,667,667_6.bmp,preprocessed_results\667\667_6.bmp,666,666,666,0.845339834690094,667,0.011141800321638584,0.8341980343684554,666|667|641|640|805,0.84533983|0.01114180|0.01110441|0.00838657|0.00559763,1,0.845339834690094,True,666,0.845339834690094,True,666,0.8738091588020325,True,666,0.8207194805145264,True,666,0.8297033905982971,True,c12_correct
667,668,668_2.bmp,preprocessed_results\668\668_2.bmp,667,667,667,0.5760983824729919,720,0.012957639992237091,0.5631407424807549,667|720|643|698|564,0.57609838|0.01295764|0.01119161|0.00784838|0.00675894,1,0.5760983824729919,True,667,0.5760983824729919,True,667,0.6630561947822571,True,667,0.7951633334159851,True,667,0.4848223030567169,True,c12_correct
668,669,669_10.bmp,preprocessed_results\669\669_10.bmp,668,668,668,0.9511293768882751,669,0.008625425398349762,0.9425039514899254,668|669|765|622|697,0.95112938|0.00862543|0.00122974|0.00089820|0.00073290,1,0.9511293768882751,True,668,0.9511293768882751,True,668,0.8858882784843445,True,668,0.8419224619865417,True,668,0.8599560260772705,True,c12_correct
669,670,670_7.bmp,preprocessed_results\670\670_7.bmp,669,669,669,0.7701018452644348,668,0.027713065966963768,0.742388779297471,669|668|825|683|671,0.77010185|0.02771307|0.01636692|0.01300880|0.01146036,1,0.7701018452644348,True,669,0.7701018452644348,True,669,0.37516382336616516,True,669,0.8061708807945251,True,669,0.5370157957077026,True,c12_correct
670,671,671_7.bmp,preprocessed_results\671\671_7.bmp,670,670,670,0.6200931072235107,829,0.05385689064860344,0.5662362165749073,670|829|722|777|651,0.62009311|0.05385689|0.01665369|0.01350114|0.01259992,1,0.6200931072235107,True,670,0.6200931072235107,True,670,0.667723536491394,True,670,0.8263224959373474,True,670,0.7176429033279419,True,c12_correct
671,672,672_9.bmp,preprocessed_results\672\672_9.bmp,671,671,671,0.9192734956741333,781,0.009163141250610352,0.910110354423523,671|781|627|657|761,0.91927350|0.00916314|0.00514088|0.00426669|0.00333055,1,0.9192734956741333,True,671,0.9192734956741333,True,671,0.825165867805481,True,671,0.8283267021179199,True,671,0.8297877907752991,True,c12_correct
672,673,673_1.bmp,preprocessed_results\673\673_1.bmp,672,672,672,0.7565898299217224,673,0.010603013448417187,0.7459868164733052,672|673|582|618|808,0.75658983|0.01060301|0.00746684|0.00709736|0.00706602,1,0.7565898299217224,True,672,0.7565898299217224,True,672,0.632642924785614,True,672,0.8298543691635132,True,672,0.7457426190376282,True,c12_correct
673,674,674_1.bmp,preprocessed_results\674\674_1.bmp,673,673,673,0.818368673324585,333,0.021304268389940262,0.7970644049346447,673|333|672|582|686,0.81836867|0.02130427|0.01731229|0.00457506|0.00326840,1,0.818368673324585,True,673,0.818368673324585,True,673,0.6771842837333679,True,673,0.8346313834190369,True,673,0.8120169043540955,True,c12_correct
674,675,675_1.bmp,preprocessed_results\675\675_1.bmp,674,674,674,0.9321833252906799,675,0.005170031916350126,0.9270132933743298,674|675|626|312|256,0.93218333|0.00517003|0.00169442|0.00162135|0.00153345,1,0.9321833252906799,True,674,0.9321833252906799,True,674,0.8729297518730164,True,674,0.8369001150131226,True,674,0.8675593137741089,True,c12_correct
675,676,676_4.bmp,preprocessed_results\676\676_4.bmp,675,675,675,0.8327273726463318,4,0.008160470984876156,0.8245669016614556,675|4|674|311|293,0.83272737|0.00816047|0.00596373|0.00301481|0.00190593,1,0.8327273726463318,True,675,0.8327273726463318,True,675,0.652470588684082,True,675,0.8207762241363525,True,675,0.6689297556877136,True,c12_correct
676,677,677_8.bmp,preprocessed_results\677\677_8.bmp,676,676,676,0.9702581167221069,822,0.0009311239700764418,0.9693269927520305,676|822|686|826|570,0.97025812|0.00093112|0.00075983|0.00071064|0.00062073,1,0.9702581167221069,True,676,0.9702581167221069,True,676,0.9276899099349976,True,676,0.8227919340133667,True,676,0.8042450547218323,True,c12_correct
677,678,678_6.bmp,preprocessed_results\678\678_6.bmp,677,677,677,0.8681545853614807,634,0.012502647936344147,0.8556519374251366,677|634|576|750|685,0.86815459|0.01250265|0.00739946|0.00634413|0.00570771,1,0.8681545853614807,True,677,0.8681545853614807,True,677,0.7219314575195312,True,677,0.827867329120636,True,677,0.7647194862365723,True,c12_correct
678,679,679_8.bmp,preprocessed_results\679\679_8.bmp,678,678,678,0.28990089893341064,569,0.03153197839856148,0.25836892053484917,678|569|604|644|590,0.28990090|0.03153198|0.02808013|0.02460637|0.01969614,1,0.28990089893341064,True,678,0.28990089893341064,True,678,0.18638832867145538,True,678,0.7605376839637756,True,678,0.3744686245918274,True,c12_correct
679,680,680_3.bmp,preprocessed_results\680\680_3.bmp,679,679,679,0.816490113735199,814,0.005760368891060352,0.8107297448441386,679|814|688|678|645,0.81649011|0.00576037|0.00371185|0.00324547|0.00307329,1,0.816490113735199,True,679,0.816490113735199,True,679,0.8530398607254028,True,679,0.8408514261245728,True,679,0.8326483368873596,True,c12_correct
680,681,681_6.bmp,preprocessed_results\681\681_6.bmp,680,680,680,0.9248809218406677,681,0.005310589447617531,0.9195703323930502,680|681|802|678|682,0.92488092|0.00531059|0.00186106|0.00136368|0.00123572,1,0.9248809218406677,True,680,0.9248809218406677,True,680,0.8919033408164978,True,680,0.8464335799217224,True,680,0.8963442444801331,True,c12_correct
681,682,682_4.bmp,preprocessed_results\682\682_4.bmp,681,681,681,0.8384843468666077,631,0.01861714944243431,0.8198671974241734,681|631|680|689|721,0.83848435|0.01861715|0.01823401|0.00495915|0.00329107,1,0.8384843468666077,True,681,0.8384843468666077,True,681,0.8101258873939514,True,681,0.8263357877731323,True,681,0.6086785197257996,True,c12_correct
682,683,683_5.bmp,preprocessed_results\683\683_5.bmp,682,682,682,0.9233715534210205,761,0.002539413282647729,0.9208321401383728,682|761|726|641|734,0.92337155|0.00253941|0.00203585|0.00195902|0.00185831,1,0.9233715534210205,True,682,0.9233715534210205,True,682,0.7254308462142944,True,682,0.8056145906448364,True,682,0.7017676830291748,True,c12_correct
683,684,684_5.bmp,preprocessed_results\684\684_5.bmp,683,683,683,0.9583296179771423,765,0.0037380470894277096,0.9545915708877146,683|765|759|682|639,0.95832962|0.00373805|0.00206941|0.00173176|0.00058833,1,0.9583296179771423,True,683,0.9583296179771423,True,683,0.7975139021873474,True,683,0.8494805097579956,True,683,0.8620020151138306,True,c12_correct
684,685,685_8.bmp,preprocessed_results\685\685_8.bmp,684,684,684,0.925902783870697,685,0.003196598030626774,0.9227061858400702,684|685|634|808|576,0.92590278|0.00319660|0.00216110|0.00202650|0.00192721,1,0.925902783870697,True,684,0.925902783870697,True,684,0.8825656175613403,True,684,0.8250247240066528,True,684,0.8459816575050354,True,c12_correct
685,686,686_8.bmp,preprocessed_results\686\686_8.bmp,685,685,685,0.8811826109886169,630,0.005242872517555952,0.875939738471061,685|630|636|684|649,0.88118261|0.00524287|0.00520231|0.00509195|0.00352196,1,0.8811826109886169,True,685,0.8811826109886169,True,685,0.8603894710540771,True,685,0.8375489711761475,True,685,0.7828481197357178,True,c12_correct
686,687,687_4.bmp,preprocessed_results\687\687_4.bmp,686,686,686,0.924787700176239,676,0.007025617640465498,0.9177620825357735,686|676|576|740|687,0.92478770|0.00702562|0.00423316|0.00358015|0.00278688,1,0.924787700176239,True,686,0.924787700176239,True,686,0.8255349397659302,True,686,0.8478847742080688,True,686,0.7967273592948914,True,c12_correct
687,688,688_2.bmp,preprocessed_results\688\688_2.bmp,687,687,687,0.8606841564178467,743,0.013576796278357506,0.8471073601394892,687|743|686|745|791,0.86068416|0.01357680|0.01312094|0.00293166|0.00262489,1,0.8606841564178467,True,687,0.8606841564178467,True,687,0.7627320289611816,True,687,0.8159930109977722,True,687,0.7664199471473694,True,c12_correct
688,689,689_7.bmp,preprocessed_results\689\689_7.bmp,688,688,688,0.5807641744613647,630,0.024457430467009544,0.5563067439943552,688|630|649|636|637,0.58076417|0.02445743|0.01375355|0.01347576|0.01138887,1,0.5807641744613647,True,688,0.5807641744613647,True,688,0.6102604269981384,True,688,0.7857319712638855,True,688,0.6053035855293274,True,c12_correct
689,690,690_5.bmp,preprocessed_results\690\690_5.bmp,689,689,689,0.914504885673523,649,0.015752997249364853,0.8987518884241581,689|649|743|688|102,0.91450489|0.01575300|0.00318484|0.00251067|0.00152527,1,0.914504885673523,True,689,0.914504885673523,True,689,0.8599101305007935,True,689,0.7923964858055115,True,689,0.8369880318641663,True,c12_correct
690,691,691_3.bmp,preprocessed_results\691\691_3.bmp,690,690,690,0.9134104251861572,678,0.007913589477539062,0.9054968357086182,690|678|691|680|636,0.91341043|0.00791359|0.00494105|0.00389246|0.00293401,1,0.9134104251861572,True,690,0.9134104251861572,True,690,0.8414046764373779,True,690,0.8494356870651245,True,690,0.8285141587257385,True,c12_correct
691,692,692_8.bmp,preprocessed_results\692\692_8.bmp,691,691,691,0.9360644221305847,690,0.0030208490788936615,0.933043573051691,691|690|644|719|673,0.93606442|0.00302085|0.00283203|0.00277890|0.00148151,1,0.9360644221305847,True,691,0.9360644221305847,True,691,0.8663047552108765,True,691,0.8356442451477051,True,691,0.8310261964797974,True,c12_correct
692,693,693_1.bmp,preprocessed_results\693\693_1.bmp,692,692,692,0.9326056838035583,693,0.007409945596009493,0.9251957382075489,692|693|744|609|655,0.93260568|0.00740995|0.00190719|0.00117104|0.00083502,1,0.9326056838035583,True,692,0.9326056838035583,True,692,0.8668488264083862,True,692,0.8471980094909668,True,692,0.8842757940292358,True,c12_correct
693,694,694_10.bmp,preprocessed_results\694\694_10.bmp,693,693,693,0.8438829183578491,692,0.005456286016851664,0.8384266323409975,693|692|827|623|741,0.84388292|0.00545629|0.00526762|0.00372016|0.00302325,1,0.8438829183578491,True,693,0.8438829183578491,True,693,0.8963043093681335,True,693,0.8369061946868896,True,693,0.7294517159461975,True,c12_correct
694,695,695_3.bmp,preprocessed_results\695\695_3.bmp,694,694,694,0.9376595616340637,610,0.004475663881748915,0.9331838977523148,694|610|646|667|695,0.93765956|0.00447566|0.00254744|0.00206472|0.00190579,1,0.9376595616340637,True,694,0.9376595616340637,True,694,0.9407322406768799,True,694,0.8431742191314697,True,694,0.7741764783859253,True,c12_correct
695,696,696_2.bmp,preprocessed_results\696\696_2.bmp,695,695,695,0.8390716314315796,789,0.011480453424155712,0.8275911780074239,695|789|732|673|713,0.83907163|0.01148045|0.00407846|0.00359185|0.00339292,1,0.8390716314315796,True,695,0.8390716314315796,True,695,0.5757243633270264,True,695,0.814939022064209,True,695,0.7577893137931824,True,c12_correct
696,697,697_8.bmp,preprocessed_results\697\697_8.bmp,696,696,696,0.7399881482124329,697,0.013921046629548073,0.7260671015828848,696|697|707|810|830,0.73998815|0.01392105|0.00884337|0.00737571|0.00498584,1,0.7399881482124329,True,696,0.7399881482124329,True,696,0.6861755847930908,True,696,0.8179118037223816,True,696,0.7950625419616699,True,c12_correct
697,698,698_4.bmp,preprocessed_results\698\698_4.bmp,697,697,697,0.8609845042228699,651,0.01161274779587984,0.84937175642699,697|651|790|811|827,0.86098450|0.01161275|0.01097194|0.00711118|0.00534746,1,0.8609845042228699,True,697,0.8609845042228699,True,697,0.6713472008705139,True,697,0.8263067007064819,True,697,0.8315950036048889,True,c12_correct
698,699,699_10.bmp,preprocessed_results\699\699_10.bmp,698,698,698,0.8837013840675354,666,0.0026635825634002686,0.8810378015041351,698|666|598|652|219,0.88370138|0.00266358|0.00225732|0.00218334|0.00195234,1,0.8837013840675354,True,698,0.8837013840675354,True,698,0.7658138275146484,True,698,0.8229856491088867,True,698,0.7955018281936646,True,c12_correct
699,700,700_9.bmp,preprocessed_results\700\700_9.bmp,699,699,699,0.8611864447593689,801,0.008647416718304157,0.8525390280410647,699|801|743|714|724,0.86118644|0.00864742|0.00700570|0.00541162|0.00418527,1,0.8611864447593689,True,699,0.8611864447593689,True,699,0.849251389503479,True,699,0.7855161428451538,True,699,0.7685827612876892,True,c12_correct
700,701,701_10.bmp,preprocessed_results\701\701_10.bmp,700,700,700,0.9126256108283997,791,0.0032502328976988792,0.9093753779307008,700|791|701|708|613,0.91262561|0.00325023|0.00281912|0.00184838|0.00177366,1,0.9126256108283997,True,700,0.9126256108283997,True,700,0.9178433418273926,True,700,0.8476139307022095,True,700,0.8115937113761902,True,c12_correct
701,702,702_2.bmp,preprocessed_results\702\702_2.bmp,701,701,701,0.9079683423042297,700,0.0027808414306491613,0.9051875008735806,701|700|801|142|619,0.90796834|0.00278084|0.00198969|0.00165438|0.00152394,1,0.9079683423042297,True,701,0.9079683423042297,True,701,0.8408625721931458,True,701,0.8187310099601746,True,701,0.7923184037208557,True,c12_correct
702,703,703_1.bmp,preprocessed_results\703\703_1.bmp,702,702,702,0.8418194651603699,832,0.003549411194398999,0.8382700539659709,702|832|694|73|640,0.84181947|0.00354941|0.00246662|0.00230951|0.00221176,1,0.8418194651603699,True,702,0.8418194651603699,True,702,0.552041232585907,True,702,0.7955354452133179,True,702,0.7277166843414307,True,c12_correct
703,704,704_5.bmp,preprocessed_results\704\704_5.bmp,703,703,703,0.9411596655845642,749,0.001993694109842181,0.939165971474722,703|749|540|723|717,0.94115967|0.00199369|0.00108861|0.00098896|0.00091283,1,0.9411596655845642,True,703,0.9411596655845642,True,703,0.8759176135063171,True,703,0.8247318267822266,True,703,0.783637285232544,True,c12_correct
704,705,705_4.bmp,preprocessed_results\705\705_4.bmp,704,704,704,0.9259946942329407,705,0.013098742812871933,0.9128959514200687,704|705|667|706|311,0.92599469|0.01309874|0.00104032|0.00090551|0.00085458,1,0.9259946942329407,True,704,0.9259946942329407,True,704,0.8916358351707458,True,704,0.8448039293289185,True,704,0.8487984538078308,True,c12_correct
705,706,706_8.bmp,preprocessed_results\706\706_8.bmp,705,705,705,0.8384439945220947,30,0.009235267527401447,0.8292087269946933,705|30|579|564|667,0.83844399|0.00923527|0.00424068|0.00395693|0.00393487,1,0.8384439945220947,True,705,0.8384439945220947,True,705,0.7836349010467529,True,705,0.8529424667358398,True,705,0.781327486038208,True,c12_correct
706,707,707_6.bmp,preprocessed_results\707\707_6.bmp,706,706,706,0.8995465636253357,772,0.004306688439100981,0.8952398751862347,706|772|607|301|823,0.89954656|0.00430669|0.00263096|0.00228731|0.00215507,1,0.8995465636253357,True,706,0.8995465636253357,True,706,0.8988238573074341,True,706,0.8047617077827454,True,706,0.8251847624778748,True,c12_correct
707,708,708_5.bmp,preprocessed_results\708\708_5.bmp,707,707,707,0.8878709077835083,276,0.0027980972081422806,0.885072810575366,707|276|583|619|759,0.88787091|0.00279810|0.00267094|0.00191717|0.00177194,1,0.8878709077835083,True,707,0.8878709077835083,True,707,0.7795225381851196,True,707,0.8375548124313354,True,707,0.8175740242004395,True,c12_correct
708,709,709_9.bmp,preprocessed_results\709\709_9.bmp,708,708,708,0.8561602830886841,659,0.024424953386187553,0.8317353297024965,708|659|609|695|600,0.85616028|0.02442495|0.00625374|0.00521448|0.00511604,1,0.8561602830886841,True,708,0.8561602830886841,True,708,0.8112240433692932,True,708,0.8069322109222412,True,708,0.7324357032775879,True,c12_correct
709,710,710_9.bmp,preprocessed_results\710\710_9.bmp,709,709,709,0.9264171123504639,708,0.0044786385260522366,0.9219384738244116,709|708|633|714|715,0.92641711|0.00447864|0.00376567|0.00197629|0.00191657,1,0.9264171123504639,True,709,0.9264171123504639,True,709,0.8625116348266602,True,709,0.8198668360710144,True,709,0.806826651096344,True,c12_correct
710,711,711_3.bmp,preprocessed_results\711\711_3.bmp,710,710,710,0.9532203674316406,788,0.005597003269940615,0.9476233641617,710|788|603|602|646,0.95322037|0.00559700|0.00084963|0.00083315|0.00078025,1,0.9532203674316406,True,710,0.9532203674316406,True,710,0.9016873836517334,True,710,0.8491073250770569,True,710,0.8474054336547852,True,c12_correct
711,712,712_10.bmp,preprocessed_results\712\712_10.bmp,711,711,711,0.7731179594993591,773,0.03775107115507126,0.7353668883442879,711|773|647|710|586,0.77311796|0.03775107|0.00663580|0.00552046|0.00483477,1,0.7731179594993591,True,711,0.7731179594993591,True,711,0.5008769631385803,True,711,0.815839946269989,True,711,0.7459145784378052,True,c12_correct
712,713,713_1.bmp,preprocessed_results\713\713_1.bmp,712,712,712,0.9253342151641846,584,0.0012417560210451484,0.9240924591431394,712|584|652|833|601,0.92533422|0.00124176|0.00121920|0.00118359|0.00117999,1,0.9253342151641846,True,712,0.9253342151641846,True,712,0.7964853048324585,True,712,0.8216192722320557,True,712,0.7631890177726746,True,c12_correct
713,714,714_5.bmp,preprocessed_results\714\714_5.bmp,713,713,713,0.9378909468650818,583,0.0033419784158468246,0.934548968449235,713|583|819|793|582,0.93789095|0.00334198|0.00296866|0.00219222|0.00169898,1,0.9378909468650818,True,713,0.9378909468650818,True,713,0.7958324551582336,True,713,0.8662267327308655,True,713,0.819880485534668,True,c12_correct
714,715,715_7.bmp,preprocessed_results\715\715_7.bmp,714,714,714,0.843552827835083,712,0.012485974468290806,0.8310668533667922,714|712|715|699|619,0.84355283|0.01248597|0.01155167|0.00807395|0.00393893,1,0.843552827835083,True,714,0.843552827835083,True,714,0.8066099286079407,True,714,0.8299732804298401,True,714,0.8449108600616455,True,c12_correct
715,716,716_2.bmp,preprocessed_results\716\716_2.bmp,715,715,715,0.8518106937408447,603,0.007474326062947512,0.8443363676778972,715|603|714|671|611,0.85181069|0.00747433|0.00596987|0.00483205|0.00326303,1,0.8518106937408447,True,715,0.8518106937408447,True,715,0.8294448852539062,True,715,0.831108570098877,True,715,0.8237711191177368,True,c12_correct
716,717,717_6.bmp,preprocessed_results\717\717_6.bmp,716,716,716,0.6940726637840271,5,0.01739349402487278,0.6766791697591543,716|5|780|699|401,0.69407266|0.01739349|0.01079040|0.00623518|0.00581221,1,0.6940726637840271,True,716,0.6940726637840271,True,716,0.5626362562179565,True,716,0.7956428527832031,True,716,0.70195072889328,True,c12_correct
717,718,718_9.bmp,preprocessed_results\718\718_9.bmp,717,717,717,0.9605684876441956,357,0.0012880772119387984,0.9592804104322568,717|357|716|713|116,0.96056849|0.00128808|0.00124690|0.00097040|0.00092638,1,0.9605684876441956,True,717,0.9605684876441956,True,717,0.7832764983177185,True,717,0.8654016256332397,True,717,0.8547244668006897,True,c12_correct
718,719,719_3.bmp,preprocessed_results\719\719_3.bmp,718,718,718,0.7242844700813293,609,0.01204004418104887,0.7122444259002805,718|609|812|774|654,0.72428447|0.01204004|0.00382963|0.00377437|0.00370437,1,0.7242844700813293,True,718,0.7242844700813293,True,718,0.6867493391036987,True,718,0.8261821269989014,True,718,0.7831935882568359,True,c12_correct
719,720,720_8.bmp,preprocessed_results\720\720_8.bmp,719,719,719,0.9532325863838196,691,0.0029340425971895456,0.95029854378663,719|691|588|785|657,0.95323259|0.00293404|0.00208710|0.00196892|0.00143608,1,0.9532325863838196,True,719,0.9532325863838196,True,719,0.8718757629394531,True,719,0.8411716818809509,True,719,0.8633854985237122,True,c12_correct
720,721,721_5.bmp,preprocessed_results\721\721_5.bmp,720,720,720,0.961541473865509,676,0.0019052678253501654,0.9596362060401589,720|676|635|740|667,0.96154147|0.00190527|0.00173855|0.00090044|0.00075558,1,0.961541473865509,True,720,0.961541473865509,True,720,0.6558298468589783,True,720,0.8223745822906494,True,720,0.7489140629768372,True,c12_correct
721,722,722_8.bmp,preprocessed_results\722\722_8.bmp,721,721,721,0.8906672596931458,649,0.0031611998565495014,0.8875060598365963,721|649|635|103|720,0.89066726|0.00316120|0.00312030|0.00297695|0.00231982,1,0.8906672596931458,True,721,0.8906672596931458,True,721,0.8522708415985107,True,721,0.8350260853767395,True,721,0.7737956643104553,True,c12_correct
722,723,723_5.bmp,preprocessed_results\723\723_5.bmp,722,722,722,0.8932262063026428,614,0.005636285059154034,0.8875899212434888,722|614|346|366|702,0.89322621|0.00563629|0.00403840|0.00263557|0.00246299,1,0.8932262063026428,True,722,0.8932262063026428,True,722,0.7884635329246521,True,722,0.8220201730728149,True,722,0.8602184057235718,True,c12_correct
723,724,724_6.bmp,preprocessed_results\724\724_6.bmp,723,723,723,0.8558259010314941,639,0.006135087460279465,0.8496908135712147,723|639|6|777|703,0.85582590|0.00613509|0.00449878|0.00341751|0.00336467,1,0.8558259010314941,True,723,0.8558259010314941,True,723,0.6225326061248779,True,723,0.7992411255836487,True,723,0.6476049423217773,True,c12_correct
724,725,725_1.bmp,preprocessed_results\725\725_1.bmp,724,724,724,0.9231730699539185,725,0.0022933201398700476,0.9208797498140484,724|725|698|436|218,0.92317307|0.00229332|0.00137242|0.00118209|0.00108268,1,0.9231730699539185,True,724,0.9231730699539185,True,724,0.826915979385376,True,724,0.8171414136886597,True,724,0.8406717777252197,True,c12_correct
725,726,726_10.bmp,preprocessed_results\726\726_10.bmp,725,725,725,0.7492489814758301,831,0.0077874199487268925,0.7414615615271032,725|831|773|724|104,0.74924898|0.00778742|0.00387066|0.00328911|0.00308391,1,0.7492489814758301,True,725,0.7492489814758301,True,725,0.6343439817428589,True,725,0.8143738508224487,True,725,0.8659583926200867,True,c12_correct
726,727,727_4.bmp,preprocessed_results\727\727_4.bmp,726,726,726,0.6031213998794556,630,0.015386915765702724,0.5877344841137528,726|630|626|594|820,0.60312140|0.01538692|0.01345431|0.01155929|0.00924370,1,0.6031213998794556,True,726,0.6031213998794556,True,726,0.7094920873641968,True,726,0.799552321434021,True,726,0.5761816501617432,True,c12_correct
727,728,728_7.bmp,preprocessed_results\728\728_7.bmp,727,727,727,0.9049140810966492,726,0.004113047383725643,0.9008010337129235,727|726|755|703|107,0.90491408|0.00411305|0.00305171|0.00280142|0.00172856,1,0.9049140810966492,True,727,0.9049140810966492,True,727,0.7832393050193787,True,727,0.8069332838058472,True,727,0.7975663542747498,True,c12_correct
728,729,729_5.bmp,preprocessed_results\729\729_5.bmp,728,728,728,0.9155016541481018,729,0.004623472224920988,0.9108781819231808,728|729|253|768|658,0.91550165|0.00462347|0.00265450|0.00248377|0.00232999,1,0.9155016541481018,True,728,0.9155016541481018,True,728,0.8730370402336121,True,728,0.8134559392929077,True,728,0.8519501686096191,True,c12_correct
729,730,730_7.bmp,preprocessed_results\730\730_7.bmp,729,729,729,0.737794816493988,658,0.021617572754621506,0.7161772437393665,729|658|728|141|768,0.73779482|0.02161757|0.01206849|0.00601685|0.00357883,1,0.737794816493988,True,729,0.737794816493988,True,729,0.651513397693634,True,729,0.8108862042427063,True,729,0.745355486869812,True,c12_correct
730,731,731_10.bmp,preprocessed_results\731\731_10.bmp,730,730,730,0.15207216143608093,712,0.1387413889169693,0.013330772519111633,730|712|592|575|823,0.15207216|0.13874139|0.03480667|0.02753872|0.02439020,1,0.15207216143608093,True,730,0.15207216143608093,True,730,0.13370417058467865,True,730,0.7891611456871033,True,730,0.3374369442462921,True,c12_correct
731,732,732_6.bmp,preprocessed_results\732\732_6.bmp,731,731,731,0.9199702739715576,730,0.012153958901762962,0.9078163150697947,731|730|706|707|823,0.91997027|0.01215396|0.00349822|0.00275633|0.00225884,1,0.9199702739715576,True,731,0.9199702739715576,True,731,0.802076518535614,True,731,0.8301293253898621,True,731,0.8427202701568604,True,c12_correct
732,733,733_7.bmp,preprocessed_results\733\733_7.bmp,732,732,732,0.924597442150116,638,0.004455280024558306,0.9201421621255577,732|638|733|695|691,0.92459744|0.00445528|0.00329146|0.00261916|0.00172856,1,0.924597442150116,True,732,0.924597442150116,True,732,0.8801876306533813,True,732,0.8160028457641602,True,732,0.7840685248374939,True,c12_correct
733,734,734_6.bmp,preprocessed_results\734\734_6.bmp,733,733,733,0.8288625478744507,781,0.005772170145064592,0.8230903777293861,733|781|194|807|7,0.82886255|0.00577217|0.00489340|0.00322948|0.00312400,1,0.8288625478744507,True,733,0.8288625478744507,True,733,0.3716263175010681,True,733,0.8069204688072205,True,733,0.5465685129165649,True,c12_correct
734,735,735_7.bmp,preprocessed_results\735\735_7.bmp,734,734,734,0.8290896415710449,756,0.010648010298609734,0.8184416312724352,734|756|572|761|594,0.82908964|0.01064801|0.00461549|0.00452085|0.00443475,1,0.8290896415710449,True,734,0.8290896415710449,True,734,0.7940828800201416,True,734,0.8314414620399475,True,734,0.8008023500442505,True,c12_correct
735,736,736_1.bmp,preprocessed_results\736\736_1.bmp,735,735,735,0.9348770976066589,777,0.00250965915620327,0.9323674384504557,735|777|171|130|609,0.93487710|0.00250966|0.00185472|0.00167391|0.00132643,1,0.9348770976066589,True,735,0.9348770976066589,True,735,0.8419012427330017,True,735,0.8397605419158936,True,735,0.7869759202003479,True,c12_correct
736,737,737_5.bmp,preprocessed_results\737\737_5.bmp,736,736,736,0.9127337336540222,737,0.003496152115985751,0.9092375815380365,736|737|609|828|694,0.91273373|0.00349615|0.00296696|0.00290407|0.00276388,1,0.9127337336540222,True,736,0.9127337336540222,True,736,0.8102192282676697,True,736,0.8206385970115662,True,736,0.8199791312217712,True,c12_correct
737,738,738_1.bmp,preprocessed_results\738\738_1.bmp,737,737,737,0.8980739712715149,191,0.0025365618057549,0.89553740946576,737|191|736|608|642,0.89807397|0.00253656|0.00253144|0.00201865|0.00194897,1,0.8980739712715149,True,737,0.8980739712715149,True,737,0.6827730536460876,True,737,0.8103747367858887,True,737,0.8601246476173401,True,c12_correct
738,739,739_10.bmp,preprocessed_results\739\739_10.bmp,738,738,738,0.7555640935897827,815,0.016053782775998116,0.7395103108137846,738|815|739|639|6,0.75556409|0.01605378|0.01302589|0.00972252|0.00942132,1,0.7555640935897827,True,738,0.7555640935897827,True,738,0.6232466101646423,True,738,0.7946040630340576,True,738,0.6754065155982971,True,c12_correct
739,740,740_5.bmp,preprocessed_results\740\740_5.bmp,739,739,739,0.9062817096710205,738,0.009193068370223045,0.8970886413007975,739|738|691|829|670,0.90628171|0.00919307|0.00561380|0.00343019|0.00241912,1,0.9062817096710205,True,739,0.9062817096710205,True,739,0.6708300709724426,True,739,0.8389901518821716,True,739,0.8182113766670227,True,c12_correct
740,741,741_5.bmp,preprocessed_results\741\741_5.bmp,740,740,740,0.9293480515480042,582,0.007715168409049511,0.9216328831389546,740|582|722|638|686,0.92934805|0.00771517|0.00269999|0.00175209|0.00114461,1,0.9293480515480042,True,740,0.9293480515480042,True,740,0.7132567167282104,True,740,0.8359063863754272,True,740,0.786200225353241,True,c12_correct
741,742,742_3.bmp,preprocessed_results\742\742_3.bmp,741,741,741,0.9386428594589233,764,0.0026200246065855026,0.9360228348523378,741|764|815|697|693,0.93864286|0.00262002|0.00207144|0.00196995|0.00171555,1,0.9386428594589233,True,741,0.9386428594589233,True,741,0.7002654671669006,True,741,0.8210167288780212,True,741,0.8347502946853638,True,c12_correct
742,743,743_3.bmp,preprocessed_results\743\743_3.bmp,742,742,742,0.9141225218772888,743,0.007649132516235113,0.9064733893610537,742|743|780|586|679,0.91412252|0.00764913|0.00558994|0.00206489|0.00200899,1,0.9141225218772888,True,742,0.9141225218772888,True,742,0.5366860628128052,True,742,0.8249933123588562,True,742,0.6989537477493286,True,c12_correct
743,744,744_9.bmp,preprocessed_results\744\744_9.bmp,743,743,743,0.8650413751602173,649,0.017988331615924835,0.8470530435442924,743|649|803|742|689,0.86504138|0.01798833|0.01085141|0.01062626|0.00786453,1,0.8650413751602173,True,743,0.8650413751602173,True,743,0.8428818583488464,True,743,0.8203832507133484,True,743,0.83699631690979,True,c12_correct
744,745,745_4.bmp,preprocessed_results\745\745_4.bmp,744,744,744,0.9429556727409363,587,0.00467159878462553,0.9382840739563107,744|587|560|745|693,0.94295567|0.00467160|0.00085271|0.00081202|0.00078005,1,0.9429556727409363,True,744,0.9429556727409363,True,744,0.8404918313026428,True,744,0.835802435874939,True,744,0.8406144976615906,True,c12_correct
745,746,746_6.bmp,preprocessed_results\746\746_6.bmp,745,745,745,0.8962648510932922,744,0.0051023573614656925,0.8911624937318265,745|744|628|615|705,0.89626485|0.00510236|0.00330575|0.00280476|0.00154655,1,0.8962648510932922,True,745,0.8962648510932922,True,745,0.8211878538131714,True,745,0.8045864701271057,True,745,0.8436995148658752,True,c12_correct
746,747,747_5.bmp,preprocessed_results\747\747_5.bmp,746,746,746,0.7799009084701538,47,0.008771011605858803,0.771129896864295,746|47|638|564|698,0.77990091|0.00877101|0.00417786|0.00390725|0.00376206,1,0.7799009084701538,True,746,0.7799009084701538,True,746,0.8934510946273804,True,746,0.816819429397583,True,746,0.789045512676239,True,c12_correct
747,748,748_10.bmp,preprocessed_results\748\748_10.bmp,747,747,747,0.5238790512084961,817,0.011216537095606327,0.5126625141128898,747|817|759|797|597,0.52387905|0.01121654|0.01072954|0.01064022|0.00821100,1,0.5238790512084961,True,747,0.5238790512084961,True,747,0.5942050814628601,True,747,0.822374165058136,True,747,0.7030231356620789,True,c12_correct
748,749,749_4.bmp,preprocessed_results\749\749_4.bmp,748,748,748,0.6068494319915771,823,0.0255331639200449,0.5813162680715322,748|823|161|623|211,0.60684943|0.02553316|0.00965635|0.00931301|0.00769947,1,0.6068494319915771,True,748,0.6068494319915771,True,748,0.6167593002319336,True,748,0.8198447227478027,True,748,0.7673811912536621,True,c12_correct
749,750,750_3.bmp,preprocessed_results\750\750_3.bmp,749,749,749,0.09527858346700668,669,0.01881837658584118,0.0764602068811655,749|669|769|180|733,0.09527858|0.01881838|0.01807906|0.01618960|0.01576540,1,0.09527858346700668,True,749,0.09527858346700668,True,749,0.05390109866857529,True,749,0.7678540945053101,True,749,0.27677640318870544,True,c12_correct
750,751,751_10.bmp,preprocessed_results\751\751_10.bmp,750,750,750,0.848704993724823,636,0.010640943422913551,0.8380640503019094,750|636|685|751|826,0.84870499|0.01064094|0.00894289|0.00761632|0.00640830,1,0.848704993724823,True,750,0.848704993724823,True,750,0.425139844417572,True,750,0.806046187877655,True,750,0.5551028251647949,True,c12_correct
751,752,752_1.bmp,preprocessed_results\752\752_1.bmp,751,751,751,0.9586973190307617,750,0.005248397588729858,0.9534489214420319,751|750|554|30|619,0.95869732|0.00524840|0.00120941|0.00094662|0.00052150,1,0.9586973190307617,True,751,0.9586973190307617,True,751,0.8482720255851746,True,751,0.8352059125900269,True,751,0.8272689580917358,True,c12_correct
752,753,753_9.bmp,preprocessed_results\753\753_9.bmp,752,752,752,0.8996724486351013,613,0.0040379720740020275,0.8956344765610993,752|613|753|261|764,0.89967245|0.00403797|0.00351779|0.00201016|0.00151317,1,0.8996724486351013,True,752,0.8996724486351013,True,752,0.8024954795837402,True,752,0.8090261816978455,True,752,0.7966165542602539,True,c12_correct
753,754,754_7.bmp,preprocessed_results\754\754_7.bmp,753,753,753,0.9528075456619263,752,0.004628712777048349,0.9481788328848779,753|752|663|785|699,0.95280755|0.00462871|0.00230160|0.00131435|0.00101363,1,0.9528075456619263,True,753,0.9528075456619263,True,753,0.8344249129295349,True,753,0.8393559455871582,True,753,0.8602154850959778,True,c12_correct
754,755,755_4.bmp,preprocessed_results\755\755_4.bmp,754,754,754,0.8383497595787048,613,0.005949497222900391,0.8324002623558044,754|613|621|779|806,0.83834976|0.00594950|0.00561679|0.00378633|0.00351722,1,0.8383497595787048,True,754,0.8383497595787048,True,754,0.8089666366577148,True,754,0.8204677700996399,True,754,0.7471224069595337,True,c12_correct
755,756,756_7.bmp,preprocessed_results\756\756_7.bmp,755,755,755,0.3915214538574219,790,0.02844986319541931,0.36307159066200256,755|790|621|829|683,0.39152145|0.02844986|0.02674420|0.01949850|0.01919435,1,0.3915214538574219,True,755,0.3915214538574219,True,755,0.4699784219264984,True,755,0.8088878393173218,True,755,0.6238556504249573,True,c12_correct
756,757,757_5.bmp,preprocessed_results\757\757_5.bmp,756,756,756,0.6745390892028809,608,0.02783208340406418,0.6467070057988167,756|608|757|734|609,0.67453909|0.02783208|0.01085631|0.00971617|0.00772846,1,0.6745390892028809,True,756,0.6745390892028809,True,756,0.42578789591789246,True,756,0.7739802002906799,True,756,0.5101516842842102,True,c12_correct
757,758,758_10.bmp,preprocessed_results\758\758_10.bmp,757,757,757,0.912535548210144,765,0.007514269556850195,0.9050212786532938,757|765|756|620|621,0.91253555|0.00751427|0.00507503|0.00273948|0.00249488,1,0.912535548210144,True,757,0.912535548210144,True,757,0.8131369948387146,True,757,0.8541081547737122,True,757,0.819161593914032,True,c12_correct
758,759,759_7.bmp,preprocessed_results\759\759_7.bmp,758,758,758,0.9131686091423035,784,0.003566928906366229,0.9096016802359372,758|784|820|766|572,0.91316861|0.00356693|0.00313012|0.00254103|0.00232557,1,0.9131686091423035,True,758,0.9131686091423035,True,758,0.8703835010528564,True,758,0.8223780393600464,True,758,0.8737745881080627,True,c12_correct
759,760,760_7.bmp,preprocessed_results\760\760_7.bmp,759,759,759,0.483678936958313,669,0.02502225898206234,0.45865667797625065,759|669|683|825|670,0.48367894|0.02502226|0.01922674|0.01893929|0.01732113,1,0.483678936958313,True,759,0.483678936958313,True,759,0.46561285853385925,True,759,0.8187664747238159,True,759,0.7191508412361145,True,c12_correct
760,761,761_2.bmp,preprocessed_results\761\761_2.bmp,760,760,760,0.6167207360267639,607,0.020407872274518013,0.5963128637522459,760|607|163|788|584,0.61672074|0.02040787|0.01234586|0.00904405|0.00821592,1,0.6167207360267639,True,760,0.6167207360267639,True,760,0.3863924443721771,True,760,0.8248385190963745,True,760,0.6396490335464478,True,c12_correct
761,762,762_2.bmp,preprocessed_results\762\762_2.bmp,761,761,761,0.9122507572174072,586,0.0023034820333123207,0.9099472751840949,761|586|653|641|774,0.91225076|0.00230348|0.00180606|0.00177319|0.00172589,1,0.9122507572174072,True,761,0.9122507572174072,True,761,0.8449850082397461,True,761,0.8468576669692993,True,761,0.8162725567817688,True,c12_correct
762,763,763_5.bmp,preprocessed_results\763\763_5.bmp,762,762,762,0.9484118819236755,806,0.0036255496088415384,0.944786332314834,762|806|763|726|719,0.94841188|0.00362555|0.00177545|0.00148998|0.00114635,1,0.9484118819236755,True,762,0.9484118819236755,True,762,0.8864448666572571,True,762,0.8141148686408997,True,762,0.9264835119247437,True,c12_correct
763,764,764_9.bmp,preprocessed_results\764\764_9.bmp,763,763,763,0.7129612565040588,319,0.007459209766238928,0.7055020467378199,763|319|287|290|661,0.71296126|0.00745921|0.00544003|0.00488181|0.00437581,1,0.7129612565040588,True,763,0.7129612565040588,True,763,0.4626695513725281,True,763,0.8256973028182983,True,763,0.7456676363945007,True,c12_correct
764,765,765_10.bmp,preprocessed_results\765\765_10.bmp,764,764,764,0.8779799938201904,741,0.007937305606901646,0.8700426882132888,764|741|780|287|752,0.87797999|0.00793731|0.00621824|0.00443415|0.00296695,1,0.8779799938201904,True,764,0.8779799938201904,True,764,0.8529503345489502,True,764,0.8475973010063171,True,764,0.8283530473709106,True,c12_correct
765,766,766_4.bmp,preprocessed_results\766\766_4.bmp,765,765,765,0.8648498058319092,757,0.010975096374750137,0.853874709457159,765|757|683|737|620,0.86484981|0.01097510|0.00974462|0.00377421|0.00364873,1,0.8648498058319092,True,765,0.8648498058319092,True,765,0.8672357797622681,True,765,0.8218420743942261,True,765,0.843184232711792,True,c12_correct
766,767,767_1.bmp,preprocessed_results\767\767_1.bmp,766,766,766,0.8901777863502502,241,0.007890772074460983,0.8822870142757893,766|241|758|756|626,0.89017779|0.00789077|0.00531179|0.00457284|0.00294871,1,0.8901777863502502,True,766,0.8901777863502502,True,766,0.8010082244873047,True,766,0.8330778479576111,True,766,0.7541123032569885,True,c12_correct
767,768,768_7.bmp,preprocessed_results\768\768_7.bmp,767,767,767,0.9112587571144104,766,0.002438229275867343,0.9088205278385431,767|766|792|224|643,0.91125876|0.00243823|0.00210181|0.00197659|0.00160069,1,0.9112587571144104,True,767,0.9112587571144104,True,767,0.8669053912162781,True,767,0.8321184515953064,True,767,0.881009042263031,True,c12_correct
768,769,769_3.bmp,preprocessed_results\769\769_3.bmp,768,768,768,0.2558729946613312,807,0.0815882608294487,0.17428473383188248,768|807|759|792|302,0.25587299|0.08158826|0.01444072|0.01324317|0.01231782,1,0.2558729946613312,True,768,0.2558729946613312,True,768,0.6220777034759521,True,768,0.8202661871910095,True,768,0.6661307215690613,True,c12_correct
769,770,770_7.bmp,preprocessed_results\770\770_7.bmp,769,769,769,0.7750310897827148,807,0.022720981389284134,0.7523101083934307,769|807|768|791|11,0.77503109|0.02272098|0.01273846|0.00724178|0.00452950,1,0.7750310897827148,True,769,0.7750310897827148,True,769,0.844516932964325,True,769,0.8198307156562805,True,769,0.7372100353240967,True,c12_correct
770,771,771_5.bmp,preprocessed_results\771\771_5.bmp,770,770,770,0.9494219422340393,671,0.0018461602739989758,0.9475757819600403,770|671|310|776|132,0.94942194|0.00184616|0.00177286|0.00123536|0.00104584,1,0.9494219422340393,True,770,0.9494219422340393,True,770,0.9242972135543823,True,770,0.8612874150276184,True,770,0.8671259880065918,True,c12_correct
771,772,772_2.bmp,preprocessed_results\772\772_2.bmp,771,771,771,0.8804953098297119,133,0.0031791829969733953,0.8773161268327385,771|133|825|669|391,0.88049531|0.00317918|0.00260593|0.00256039|0.00167414,1,0.8804953098297119,True,771,0.8804953098297119,True,771,0.8333413600921631,True,771,0.8263617753982544,True,771,0.8189568519592285,True,c12_correct
772,773,773_2.bmp,preprocessed_results\773\773_2.bmp,772,772,772,0.9210833311080933,773,0.017521053552627563,0.9035622775554657,772|773|706|709|789,0.92108333|0.01752105|0.00193056|0.00177951|0.00172806,1,0.9210833311080933,True,772,0.9210833311080933,True,772,0.7737786173820496,True,772,0.8130958080291748,True,772,0.802988588809967,True,c12_correct
773,774,774_10.bmp,preprocessed_results\774\774_10.bmp,773,773,773,0.7356694936752319,772,0.055388595908880234,0.6802808977663517,773|772|607|647|754,0.73566949|0.05538860|0.00469938|0.00420063|0.00385052,1,0.7356694936752319,True,773,0.7356694936752319,True,773,0.2890675961971283,True,773,0.7663669586181641,True,773,0.5089797377586365,True,c12_correct
774,775,775_1.bmp,preprocessed_results\775\775_1.bmp,774,774,774,0.8841132521629333,609,0.006812099367380142,0.8773011527955532,774|609|590|738|346,0.88411325|0.00681210|0.00205934|0.00200784|0.00191468,1,0.8841132521629333,True,774,0.8841132521629333,True,774,0.6370245218276978,True,774,0.8085955381393433,True,774,0.6804124712944031,True,c12_correct
775,776,776_9.bmp,preprocessed_results\776\776_9.bmp,775,775,775,0.8654953837394714,162,0.006010917481034994,0.8594844662584364,775|162|243|709|630,0.86549538|0.00601092|0.00458814|0.00453903|0.00325413,1,0.8654953837394714,True,775,0.8654953837394714,True,775,0.7591488361358643,True,775,0.83292156457901,True,775,0.7964518070220947,True,c12_correct
776,777,777_7.bmp,preprocessed_results\777\777_7.bmp,776,776,776,0.5410950183868408,777,0.026465853676199913,0.5146291647106409,776|777|784|615|754,0.54109502|0.02646585|0.02204307|0.00745876|0.00745267,1,0.5410950183868408,True,776,0.5410950183868408,True,776,0.35153302550315857,True,776,0.8151620626449585,True,776,0.5621093511581421,True,c12_correct
777,778,778_3.bmp,preprocessed_results\778\778_3.bmp,777,777,777,0.8627775311470032,670,0.009300670586526394,0.8534768605604768,777|670|776|735|597,0.86277753|0.00930067|0.00895344|0.00305894|0.00277829,1,0.8627775311470032,True,777,0.8627775311470032,True,777,0.8554141521453857,True,777,0.8536622524261475,True,777,0.7581092715263367,True,c12_correct
778,779,779_2.bmp,preprocessed_results\779\779_2.bmp,778,778,778,0.9023831486701965,779,0.0037003227043896914,0.8986828259658068,778|779|132|627|410,0.90238315|0.00370032|0.00322769|0.00168981|0.00158188,1,0.9023831486701965,True,778,0.9023831486701965,True,778,0.8275300860404968,True,778,0.7983047366142273,True,778,0.8338059186935425,True,c12_correct
779,780,780_7.bmp,preprocessed_results\780\780_7.bmp,779,779,779,0.9135759472846985,23,0.003442565444856882,0.9101333818398416,779|23|778|581|768,0.91357595|0.00344257|0.00331150|0.00323307|0.00205476,1,0.9135759472846985,True,779,0.9135759472846985,True,779,0.7505873441696167,True,779,0.8327327966690063,True,779,0.8817277550697327,True,c12_correct
780,781,781_4.bmp,preprocessed_results\781\781_4.bmp,780,780,780,0.9219541549682617,764,0.00783193577080965,0.9141222191974521,780|764|758|820|766,0.92195415|0.00783194|0.00306788|0.00231851|0.00200758,1,0.9219541549682617,True,780,0.9219541549682617,True,780,0.7823757529258728,True,780,0.8120697140693665,True,780,0.7439947128295898,True,c12_correct
781,782,782_8.bmp,preprocessed_results\782\782_8.bmp,781,781,781,0.4185696840286255,813,0.02502870187163353,0.39354098215699196,781|813|7|812|780,0.41856968|0.02502870|0.01891286|0.01570181|0.01519794,1,0.4185696840286255,True,781,0.4185696840286255,True,781,0.5130535364151001,True,781,0.809104859828949,True,781,0.7177642583847046,True,c12_correct
782,783,783_5.bmp,preprocessed_results\783\783_5.bmp,782,782,782,0.9360475540161133,110,0.002225362928584218,0.9338221910875291,782|110|674|2|778,0.93604755|0.00222536|0.00166543|0.00138123|0.00112556,1,0.9360475540161133,True,782,0.9360475540161133,True,782,0.8377717137336731,True,782,0.8274394869804382,True,782,0.8592616319656372,True,c12_correct
783,784,784_3.bmp,preprocessed_results\784\784_3.bmp,783,783,783,0.8384197354316711,715,0.006004082038998604,0.8324156533926725,783|715|587|675|812,0.83841974|0.00600408|0.00328542|0.00292890|0.00265773,1,0.8384197354316711,True,783,0.8384197354316711,True,783,0.682346522808075,True,783,0.823278546333313,True,783,0.701256513595581,True,c12_correct
784,785,785_5.bmp,preprocessed_results\785\785_5.bmp,784,784,784,0.9130271673202515,758,0.0064627863466739655,0.9065643809735775,784|758|573|785|606,0.91302717|0.00646279|0.00531763|0.00199824|0.00192918,1,0.9130271673202515,True,784,0.9130271673202515,True,784,0.7829760313034058,True,784,0.8028006553649902,True,784,0.7331425547599792,True,c12_correct
785,786,786_5.bmp,preprocessed_results\786\786_5.bmp,785,785,785,0.46122124791145325,728,0.03146898373961449,0.42975226417183876,785|728|199|740|776,0.46122125|0.03146898|0.00873945|0.00803645|0.00712434,1,0.46122124791145325,True,785,0.46122124791145325,True,785,0.4986671805381775,True,785,0.8118979930877686,True,785,0.6348058581352234,True,c12_correct
786,787,787_7.bmp,preprocessed_results\787\787_7.bmp,786,786,786,0.9176905155181885,211,0.0041091530583798885,0.9135813624598086,786|211|720|110|338,0.91769052|0.00410915|0.00236619|0.00198061|0.00109250,1,0.9176905155181885,True,786,0.9176905155181885,True,786,0.7983059287071228,True,786,0.8385656476020813,True,786,0.8324108719825745,True,c12_correct
787,788,788_4.bmp,preprocessed_results\788\788_4.bmp,787,787,787,0.8887528777122498,705,0.00906673539429903,0.8796861423179507,787|705|805|793|58,0.88875288|0.00906674|0.00183892|0.00157810|0.00129445,1,0.8887528777122498,True,787,0.8887528777122498,True,787,0.7396114468574524,True,787,0.8288825750350952,True,787,0.8266700506210327,True,c12_correct
788,789,789_3.bmp,preprocessed_results\789\789_3.bmp,788,788,788,0.7982197403907776,710,0.07154588401317596,0.7266738563776016,788|710|760|814|646,0.79821974|0.07154588|0.00989885|0.00292778|0.00230185,1,0.7982197403907776,True,788,0.7982197403907776,True,788,0.8578034043312073,True,788,0.8190180659294128,True,788,0.8522015810012817,True,c12_correct
789,790,790_6.bmp,preprocessed_results\790\790_6.bmp,789,789,789,0.8906429409980774,695,0.011468442156910896,0.8791744988411665,789|695|590|772|759,0.89064294|0.01146844|0.00299422|0.00229740|0.00227046,1,0.8906429409980774,True,789,0.8906429409980774,True,789,0.8916593194007874,True,789,0.8339644074440002,True,789,0.8176243305206299,True,c12_correct
790,791,791_6.bmp,preprocessed_results\791\791_6.bmp,790,790,790,0.9046861529350281,827,0.0032838929910212755,0.9014022599440068,790|827|673|697|826,0.90468615|0.00328389|0.00293201|0.00247863|0.00199081,1,0.9046861529350281,True,790,0.9046861529350281,True,790,0.8379978537559509,True,790,0.8025386929512024,True,790,0.808245062828064,True,c12_correct
791,792,792_9.bmp,preprocessed_results\792\792_9.bmp,791,791,791,0.7177191972732544,807,0.060565244406461716,0.6571539528667927,791|807|586|801|607,0.71771920|0.06056524|0.02483801|0.01920221|0.00299978,1,0.7177191972732544,True,791,0.7177191972732544,True,791,0.5546739101409912,True,791,0.8044087886810303,True,791,0.649776816368103,True,c12_correct
792,793,793_1.bmp,preprocessed_results\793\793_1.bmp,792,792,792,0.8054440021514893,791,0.011663658544421196,0.7937803436070681,792|791|768|11|807,0.80544400|0.01166366|0.01089322|0.00744270|0.00725812,1,0.8054440021514893,True,792,0.8054440021514893,True,792,0.5016608238220215,True,792,0.8311678171157837,True,792,0.7395445704460144,True,c12_correct
793,794,794_2.bmp,preprocessed_results\794\794_2.bmp,793,793,793,0.8972793221473694,707,0.007285074330866337,0.889994247816503,793|707|591|825|585,0.89727932|0.00728507|0.00415810|0.00313673|0.00220899,1,0.8972793221473694,True,793,0.8972793221473694,True,793,0.7918055653572083,True,793,0.8197426795959473,True,793,0.8239144682884216,True,c12_correct
794,795,795_7.bmp,preprocessed_results\795\795_7.bmp,794,794,794,0.9002680778503418,771,0.0023706567008048296,0.897897421149537,794|771|776|798|747,0.90026808|0.00237066|0.00134931|0.00129947|0.00114750,1,0.9002680778503418,True,794,0.9002680778503418,True,794,0.8861412405967712,True,794,0.838858962059021,True,794,0.8409881591796875,True,c12_correct
795,796,796_5.bmp,preprocessed_results\796\796_5.bmp,795,795,795,0.9280791878700256,749,0.002656901255249977,0.9254222866147757,795|749|24|818|112,0.92807919|0.00265690|0.00214202|0.00197108|0.00190550,1,0.9280791878700256,True,795,0.9280791878700256,True,795,0.8512799739837646,True,795,0.809112548828125,True,795,0.7890259027481079,True,c12_correct
796,797,797_6.bmp,preprocessed_results\797\797_6.bmp,796,796,796,0.8981098532676697,797,0.006503078620880842,0.8916067746467888,796|797|331|817|778,0.89810985|0.00650308|0.00219148|0.00208324|0.00162603,1,0.8981098532676697,True,796,0.8981098532676697,True,796,0.7734987139701843,True,796,0.8278284072875977,True,796,0.7948226928710938,True,c12_correct
797,798,798_4.bmp,preprocessed_results\798\798_4.bmp,797,797,797,0.911639928817749,306,0.003681739093735814,0.9079581897240132,797|306|623|341|669,0.91163993|0.00368174|0.00241826|0.00174387|0.00151394,1,0.911639928817749,True,797,0.911639928817749,True,797,0.8465627431869507,True,797,0.8372403979301453,True,797,0.861422061920166,True,c12_correct
798,799,799_7.bmp,preprocessed_results\799\799_7.bmp,798,798,798,0.867676854133606,799,0.008564161136746407,0.8591126929968596,798|799|340|187|93,0.86767685|0.00856416|0.00619114|0.00440398|0.00240547,1,0.867676854133606,True,798,0.867676854133606,True,798,0.7958263158798218,True,798,0.8344866633415222,True,798,0.8338578939437866,True,c12_correct
799,800,800_9.bmp,preprocessed_results\800\800_9.bmp,799,799,799,0.7705283164978027,820,0.01791703701019287,0.7526112794876099,799|820|626|758|617,0.77052832|0.01791704|0.01603725|0.00948720|0.00914517,1,0.7705283164978027,True,799,0.7705283164978027,True,799,0.6425712704658508,True,799,0.7443276047706604,True,799,0.7117093801498413,True,c12_correct
800,801,801_9.bmp,preprocessed_results\801\801_9.bmp,800,800,800,0.8624753952026367,801,0.024744372814893723,0.837731022387743,800|801|406|724|313,0.86247540|0.02474437|0.00430856|0.00289640|0.00258120,1,0.8624753952026367,True,800,0.8624753952026367,True,800,0.6927305459976196,True,800,0.8028324842453003,True,800,0.7952053546905518,True,c12_correct
801,802,802_10.bmp,preprocessed_results\802\802_10.bmp,801,801,801,0.9071217179298401,800,0.008277994580566883,0.8988437233492732,801|800|548|833|701,0.90712172|0.00827799|0.00488457|0.00366819|0.00229455,1,0.9071217179298401,True,801,0.9071217179298401,True,801,0.7864294052124023,True,801,0.8212141394615173,True,801,0.8285868167877197,True,c12_correct
802,803,803_6.bmp,preprocessed_results\803\803_6.bmp,802,802,802,0.5352584719657898,808,0.056390244513750076,0.4788682274520397,802|808|634|677|803,0.53525847|0.05639024|0.05086866|0.02358564|0.01477098,1,0.5352584719657898,True,802,0.5352584719657898,True,802,0.6579345464706421,True,802,0.8390828371047974,True,802,0.7771684527397156,True,c12_correct
803,804,804_5.bmp,preprocessed_results\804\804_5.bmp,803,803,803,0.8936819434165955,802,0.033155329525470734,0.8605266138911247,803|802|677|743|827,0.89368194|0.03315533|0.00778834|0.00345965|0.00262660,1,0.8936819434165955,True,803,0.8936819434165955,True,803,0.8135547041893005,True,803,0.829255998134613,True,803,0.7941527962684631,True,c12_correct
804,805,805_6.bmp,preprocessed_results\805\805_6.bmp,804,804,804,0.9298733472824097,648,0.012936738319694996,0.9169366089627147,804|648|640|31|372,0.92987335|0.01293674|0.00605646|0.00205439|0.00139046,1,0.9298733472824097,True,804,0.9298733472824097,True,804,0.8623617887496948,True,804,0.8114106059074402,True,804,0.8332839012145996,True,c12_correct
805,806,806_2.bmp,preprocessed_results\806\806_2.bmp,805,805,805,0.7694941163063049,635,0.025061579421162605,0.7444325368851423,805|635|601|667|31,0.76949412|0.02506158|0.01686188|0.00916694|0.00560243,1,0.7694941163063049,True,805,0.7694941163063049,True,805,0.8003060817718506,True,805,0.8363927602767944,True,805,0.8092162013053894,True,c12_correct
806,807,807_10.bmp,preprocessed_results\807\807_10.bmp,806,806,806,0.8948715329170227,810,0.0058428202755749226,0.8890287126414478,806|810|824|726|778,0.89487153|0.00584282|0.00324006|0.00303441|0.00291523,1,0.8948715329170227,True,806,0.8948715329170227,True,806,0.8478014469146729,True,806,0.8689967393875122,True,806,0.8691104650497437,True,c12_correct
807,808,808_9.bmp,preprocessed_results\808\808_9.bmp,807,807,807,0.8982068300247192,791,0.007720088120549917,0.8904867419041693,807|791|806|627|801,0.89820683|0.00772009|0.00282966|0.00262624|0.00241095,1,0.8982068300247192,True,807,0.8982068300247192,True,807,0.665131688117981,True,807,0.8398054242134094,True,807,0.7523230314254761,True,c12_correct
808,809,809_9.bmp,preprocessed_results\809\809_9.bmp,808,808,808,0.719356119632721,684,0.017630940303206444,0.7017251793295145,808|684|809|685|116,0.71935612|0.01763094|0.01136018|0.00691772|0.00581208,1,0.719356119632721,True,808,0.719356119632721,True,808,0.8457425236701965,True,808,0.8338132500648499,True,808,0.8517754077911377,True,c12_correct
809,810,810_2.bmp,preprocessed_results\810\810_2.bmp,809,809,809,0.9673118591308594,678,0.004300130996853113,0.9630117281340063,809|678|808|628|733,0.96731186|0.00430013|0.00119090|0.00116660|0.00091404,1,0.9673118591308594,True,809,0.9673118591308594,True,809,0.9014624357223511,True,809,0.8320712447166443,True,809,0.8451311588287354,True,c12_correct
810,811,811_6.bmp,preprocessed_results\811\811_6.bmp,810,810,810,0.8926454782485962,806,0.01285274513065815,0.879792733117938,810|806|286|696|824,0.89264548|0.01285275|0.00369666|0.00363719|0.00279064,1,0.8926454782485962,True,810,0.8926454782485962,True,810,0.6556991934776306,True,810,0.7777270078659058,True,810,0.7712095379829407,True,c12_correct
811,812,812_7.bmp,preprocessed_results\812\812_7.bmp,811,811,811,0.9830892086029053,810,0.0011104968143627048,0.9819787117885426,811|810|789|759|47,0.98308921|0.00111050|0.00059997|0.00049713|0.00045072,1,0.9830892086029053,True,811,0.9830892086029053,True,811,0.8971156477928162,True,811,0.8440882563591003,True,811,0.8868623971939087,True,c12_correct
812,813,813_10.bmp,preprocessed_results\813\813_10.bmp,812,812,812,0.8839698433876038,781,0.012937508523464203,0.8710323348641396,812|781|780|327|726,0.88396984|0.01293751|0.00377287|0.00357392|0.00318809,1,0.8839698433876038,True,812,0.8839698433876038,True,812,0.7530909180641174,True,812,0.8285841941833496,True,812,0.7057342529296875,True,c12_correct
813,814,814_7.bmp,preprocessed_results\814\814_7.bmp,813,813,813,0.8890425562858582,609,0.008531332947313786,0.8805112233385444,813|609|812|744|654,0.88904256|0.00853133|0.00330809|0.00167240|0.00144291,1,0.8890425562858582,True,813,0.8890425562858582,True,813,0.8159284591674805,True,813,0.8379573822021484,True,813,0.8712455034255981,True,c12_correct
814,815,815_1.bmp,preprocessed_results\815\815_1.bmp,814,814,814,0.8924537301063538,144,0.002685528714209795,0.889768201392144,814|144|815|679|692,0.89245373|0.00268553|0.00212137|0.00183897|0.00169121,1,0.8924537301063538,True,814,0.8924537301063538,True,814,0.9168203473091125,True,814,0.8445712924003601,True,814,0.8545490503311157,True,c12_correct
815,816,816_10.bmp,preprocessed_results\816\816_10.bmp,815,815,815,0.9104596376419067,738,0.004065284971147776,0.906394352670759,815|738|814|6|723,0.91045964|0.00406528|0.00325540|0.00115440|0.00113628,1,0.9104596376419067,True,815,0.9104596376419067,True,815,0.8046196699142456,True,815,0.8444237112998962,True,815,0.7264080047607422,True,c12_correct
816,817,817_10.bmp,preprocessed_results\817\817_10.bmp,816,816,816,0.8950141668319702,817,0.0076486486941576,0.8873655181378126,816|817|796|830|340,0.89501417|0.00764865|0.00361483|0.00222690|0.00185060,1,0.8950141668319702,True,816,0.8950141668319702,True,816,0.7738312482833862,True,816,0.8452804684638977,True,816,0.8351038098335266,True,c12_correct
817,818,818_5.bmp,preprocessed_results\818\818_5.bmp,817,817,817,0.788944661617279,816,0.01241352129727602,0.776531140320003,817|816|786|243|792,0.78894466|0.01241352|0.00804991|0.00529942|0.00510937,1,0.788944661617279,True,817,0.788944661617279,True,817,0.8523483872413635,True,817,0.8392099738121033,True,817,0.8518121838569641,True,c12_correct
818,819,819_3.bmp,preprocessed_results\819\819_3.bmp,818,818,818,0.9084833264350891,61,0.0024258666671812534,0.9060574597679079,818|61|633|589|709,0.90848333|0.00242587|0.00214429|0.00119265|0.00111993,1,0.9084833264350891,True,818,0.9084833264350891,True,818,0.8573648929595947,True,818,0.8437612652778625,True,818,0.823134183883667,True,c12_correct
819,820,820_7.bmp,preprocessed_results\820\820_7.bmp,819,819,819,0.8843419551849365,695,0.00408031465485692,0.8802616405300796,819|695|704|334|765,0.88434196|0.00408031|0.00200326|0.00195611|0.00194914,1,0.8843419551849365,True,819,0.8843419551849365,True,819,0.8287280201911926,True,819,0.8267502188682556,True,819,0.8885705471038818,True,c12_correct
820,821,821_2.bmp,preprocessed_results\821\821_2.bmp,820,820,820,0.8770337104797363,758,0.011405881494283676,0.8656278289854527,820|758|736|828|682,0.87703371|0.01140588|0.00443494|0.00330911|0.00324685,1,0.8770337104797363,True,820,0.8770337104797363,True,820,0.7628335952758789,True,820,0.8203697204589844,True,820,0.8466358184814453,True,c12_correct
821,822,822_3.bmp,preprocessed_results\822\822_3.bmp,821,821,821,0.900571882724762,673,0.008198869414627552,0.8923730133101344,821|673|617|608|737,0.90057188|0.00819887|0.00236598|0.00230611|0.00179507,1,0.900571882724762,True,821,0.900571882724762,True,821,0.8118764758110046,True,821,0.8407095074653625,True,821,0.8323631882667542,True,c12_correct
822,823,823_10.bmp,preprocessed_results\823\823_10.bmp,822,822,822,0.9566835761070251,752,0.002601574407890439,0.9540820016991347,822|752|764|823|596,0.95668358|0.00260157|0.00138986|0.00134246|0.00120186,1,0.9566835761070251,True,822,0.9566835761070251,True,822,0.8878539204597473,True,822,0.8384420871734619,True,822,0.8571101427078247,True,c12_correct
823,824,824_8.bmp,preprocessed_results\824\824_8.bmp,823,823,823,0.8920044898986816,592,0.0038905697874724865,0.8881139201112092,823|592|732|333|731,0.89200449|0.00389057|0.00332611|0.00223356|0.00160896,1,0.8920044898986816,True,823,0.8920044898986816,True,823,0.8278863430023193,True,823,0.8354722857475281,True,823,0.8636191487312317,True,c12_correct
824,825,825_10.bmp,preprocessed_results\825\825_10.bmp,824,824,824,0.9001330137252808,828,0.010882202535867691,0.8892508111894131,824|828|570|286|676,0.90013301|0.01088220|0.00688467|0.00196876|0.00194862,1,0.9001330137252808,True,824,0.9001330137252808,True,824,0.7188448905944824,True,824,0.7918769717216492,True,824,0.6961085796356201,True,c12_correct
825,826,826_2.bmp,preprocessed_results\826\826_2.bmp,825,825,825,0.9338163733482361,831,0.0018964239861816168,0.9319199493620545,825|831|669|771|707,0.93381637|0.00189642|0.00160993|0.00140823|0.00100587,1,0.9338163733482361,True,825,0.9338163733482361,True,825,0.9235658049583435,True,825,0.8366360068321228,True,825,0.8013372421264648,True,c12_correct
826,827,827_10.bmp,preprocessed_results\827\827_10.bmp,826,826,826,0.8502284288406372,827,0.0399370975792408,0.8102913312613964,826|827|616|790|645,0.85022843|0.03993710|0.00327476|0.00307979|0.00235512,1,0.8502284288406372,True,826,0.8502284288406372,True,826,0.8816589713096619,True,826,0.8449801206588745,True,826,0.780332088470459,True,c12_correct
827,828,828_10.bmp,preprocessed_results\828\828_10.bmp,827,827,827,0.883270800113678,826,0.027852732688188553,0.8554180674254894,827|826|609|803|644,0.88327080|0.02785273|0.00420006|0.00375181|0.00315993,1,0.883270800113678,True,827,0.883270800113678,True,827,0.7068804502487183,True,827,0.8418859243392944,True,827,0.7859734296798706,True,c12_correct
828,829,829_2.bmp,preprocessed_results\829\829_2.bmp,828,828,828,0.8033556938171387,692,0.016037721186876297,0.7873179726302624,828|692|824|664|786,0.80335569|0.01603772|0.00443138|0.00286112|0.00255881,1,0.8033556938171387,True,828,0.8033556938171387,True,828,0.6957080364227295,True,828,0.8078099489212036,True,828,0.5804144144058228,True,c12_correct
829,830,830_5.bmp,preprocessed_results\830\830_5.bmp,829,829,829,0.8856555819511414,738,0.00804719515144825,0.8776083867996931,829|738|191|739|670,0.88565558|0.00804720|0.00459242|0.00328044|0.00239107,1,0.8856555819511414,True,829,0.8856555819511414,True,829,0.8663713932037354,True,829,0.8249068260192871,True,829,0.8298493027687073,True,c12_correct
830,831,831_8.bmp,preprocessed_results\831\831_8.bmp,830,830,830,0.9003003835678101,620,0.007009981200098991,0.8932904023677111,830|620|697|822|831,0.90030038|0.00700998|0.00548960|0.00330311|0.00320456,1,0.9003003835678101,True,830,0.9003003835678101,True,830,0.8657361268997192,True,830,0.8167375922203064,True,830,0.8117547631263733,True,c12_correct
831,832,832_9.bmp,preprocessed_results\832\832_9.bmp,831,831,831,0.11612555384635925,830,0.10578278452157974,0.01034276932477951,831|830|431|303|696,0.11612555|0.10578278|0.01708381|0.01022516|0.00943679,1,0.11612555384635925,True,831,0.11612555384635925,True,830,0.03701392188668251,False,831,0.794791579246521,True,831,0.29672980308532715,True,c12_correct
832,833,833_10.bmp,preprocessed_results\833\833_10.bmp,832,832,832,0.7124477624893188,606,0.016323570162057877,0.696124192327261,832|606|282|531|304,0.71244776|0.01632357|0.00903951|0.00734040|0.00410364,1,0.7124477624893188,True,832,0.7124477624893188,True,832,0.8061517477035522,True,832,0.8294907808303833,True,832,0.8162710666656494,True,c12_correct
833,834,834_8.bmp,preprocessed_results\834\834_8.bmp,833,833,833,0.9434912204742432,832,0.00339281908236444,0.9400984013918787,833|832|801|56|182,0.94349122|0.00339282|0.00202813|0.00197041|0.00183181,1,0.9434912204742432,True,833,0.9434912204742432,True,833,0.8513408899307251,True,833,0.8211889863014221,True,833,0.8769004940986633,True,c12_correct
