index,subject_id,filename,path,label,true_label,c12_top1,c12_top1_prob,c12_top2,c12_top2_prob,c12_margin_top1_top2,c12_top5_labels,c12_top5_probs,c12_true_rank,c12_true_prob,c12_true_in_top5,c12_pred,c12_conf,c12_correct,mobilenet_pred,mobilenet_conf,mobilenet_correct,effv2m_pred,effv2m_conf,effv2m_correct,resnet50_pred,resnet50_conf,resnet50_correct,diagnosis
0,1,1_10.bmp,preprocessed_results\1\1_10.bmp,0,0,0,0.863953173160553,1,0.03376871347427368,0.8301844596862793,0|1|308|249|207,0.86395317|0.03376871|0.00318743|0.00239566|0.00218760,1,0.863953173160553,True,0,0.863953173160553,True,0,0.8807249069213867,True,0,0.8586646914482117,True,0,0.8092822432518005,True,c12_correct
1,2,2_9.bmp,preprocessed_results\2\2_9.bmp,1,1,1,0.8465237617492676,0,0.008309591561555862,0.8382141701877117,1|0|97|753|806,0.84652376|0.00830959|0.00366332|0.00348692|0.00279842,1,0.8465237617492676,True,1,0.8465237617492676,True,1,0.8541948199272156,True,1,0.8367971181869507,True,1,0.7320094108581543,True,c12_correct
2,3,3_8.bmp,preprocessed_results\3\3_8.bmp,2,2,2,0.8072845339775085,623,0.013565240427851677,0.7937192935496569,2|623|136|214|782,0.80728453|0.01356524|0.00821532|0.00739291|0.00484479,1,0.8072845339775085,True,2,0.8072845339775085,True,2,0.6435295343399048,True,2,0.7944902181625366,True,2,0.7591208219528198,True,c12_correct
3,4,4_6.bmp,preprocessed_results\4\4_6.bmp,3,3,3,0.9405869841575623,319,0.007963743060827255,0.932623241096735,3|319|735|828|661,0.94058698|0.00796374|0.00186315|0.00147312|0.00122464,1,0.9405869841575623,True,3,0.9405869841575623,True,3,0.9039043188095093,True,3,0.8390026092529297,True,3,0.7672256827354431,True,c12_correct
4,5,5_10.bmp,preprocessed_results\5\5_10.bmp,4,4,4,0.8862709999084473,170,0.026996813714504242,0.859274186193943,4|170|198|674|83,0.88627100|0.02699681|0.00748493|0.00210448|0.00127144,1,0.8862709999084473,True,4,0.8862709999084473,True,4,0.601411759853363,True,4,0.8194741010665894,True,4,0.7296889424324036,True,c12_correct
5,6,6_6.bmp,preprocessed_results\6\6_6.bmp,5,5,5,0.6755908131599426,171,0.1287541389465332,0.5468366742134094,5|171|758|543|609,0.67559081|0.12875414|0.01586784|0.01556759|0.00259141,1,0.6755908131599426,True,5,0.6755908131599426,True,5,0.43013983964920044,True,5,0.7179867029190063,True,5,0.2726656496524811,True,c12_correct
6,7,7_10.bmp,preprocessed_results\7\7_10.bmp,6,6,6,0.9071668386459351,246,0.0063175116665661335,0.9008493269793689,6|246|538|357|723,0.90716684|0.00631751|0.00339518|0.00297464|0.00236036,1,0.9071668386459351,True,6,0.9071668386459351,True,6,0.5747631192207336,True,6,0.796624481678009,True,6,0.5902025103569031,True,c12_correct
7,8,8_4.bmp,preprocessed_results\8\8_4.bmp,7,7,7,0.6148382425308228,6,0.052051443606615067,0.5627867989242077,7|6|644|604|167,0.61483824|0.05205144|0.00856309|0.00717219|0.00539748,1,0.6148382425308228,True,7,0.6148382425308228,True,7,0.5926808714866638,True,7,0.8468852639198303,True,7,0.6875666975975037,True,c12_correct
8,9,9_10.bmp,preprocessed_results\9\9_10.bmp,8,8,8,0.6397477984428406,230,0.02010810375213623,0.6196396946907043,8|230|184|88|196,0.63974780|0.02010810|0.01120249|0.00968282|0.00697235,1,0.6397477984428406,True,8,0.6397477984428406,True,8,0.5520250797271729,True,8,0.8310112357139587,True,8,0.6806895136833191,True,c12_correct
9,10,10_5.bmp,preprocessed_results\10\10_5.bmp,9,9,9,0.8485540747642517,55,0.004624194465577602,0.8439298802986741,9|55|288|120|407,0.84855407|0.00462419|0.00375138|0.00360646|0.00342141,1,0.8485540747642517,True,9,0.8485540747642517,True,9,0.619391918182373,True,9,0.8094950914382935,True,9,0.6716591119766235,True,c12_correct
10,11,11_3.bmp,preprocessed_results\11\11_3.bmp,10,10,10,0.9539650678634644,795,0.002810874953866005,0.9511541929095984,10|795|328|471|11,0.95396507|0.00281087|0.00118223|0.00103705|0.00100238,1,0.9539650678634644,True,10,0.9539650678634644,True,10,0.8380301594734192,True,10,0.8394871354103088,True,10,0.7967588901519775,True,c12_correct
11,12,12_2.bmp,preprocessed_results\12\12_2.bmp,11,11,11,0.9132729172706604,101,0.002646406413987279,0.9106265108566731,11|101|302|792|10,0.91327292|0.00264641|0.00221465|0.00186036|0.00179679,1,0.9132729172706604,True,11,0.9132729172706604,True,11,0.928759753704071,True,11,0.8239507675170898,True,11,0.7952887415885925,True,c12_correct
12,13,13_2.bmp,preprocessed_results\13\13_2.bmp,12,12,12,0.47642168402671814,544,0.0569295771420002,0.41949210688471794,12|544|411|214|122,0.47642168|0.05692958|0.04456605|0.01450629|0.00654587,1,0.47642168402671814,True,12,0.47642168402671814,True,12,0.5140480399131775,True,12,0.8241737484931946,True,12,0.7720719575881958,True,c12_correct
13,14,14_6.bmp,preprocessed_results\14\14_6.bmp,13,13,13,0.7130400538444519,256,0.01927839033305645,0.6937616635113955,13|256|662|206|674,0.71304005|0.01927839|0.00833467|0.00656382|0.00579300,1,0.7130400538444519,True,13,0.7130400538444519,True,13,0.7909603118896484,True,13,0.8155294060707092,True,13,0.6058489084243774,True,c12_correct
14,15,15_10.bmp,preprocessed_results\15\15_10.bmp,14,14,14,0.6922643780708313,15,0.07112246751785278,0.6211419105529785,14|15|20|223|325,0.69226438|0.07112247|0.01220911|0.00558026|0.00505613,1,0.6922643780708313,True,14,0.6922643780708313,True,14,0.7235614061355591,True,14,0.8184342384338379,True,14,0.6824061274528503,True,c12_correct
15,16,16_2.bmp,preprocessed_results\16\16_2.bmp,15,15,15,0.9382363557815552,14,0.0040669068694114685,0.9341694489121437,15|14|795|190|777,0.93823636|0.00406691|0.00163098|0.00153799|0.00101158,1,0.9382363557815552,True,15,0.9382363557815552,True,15,0.8461008667945862,True,15,0.8468760848045349,True,15,0.8123117089271545,True,c12_correct
16,17,17_4.bmp,preprocessed_results\17\17_4.bmp,16,16,16,0.3374863564968109,237,0.01770988292992115,0.31977647356688976,16|237|232|167|82,0.33748636|0.01770988|0.01411097|0.01219869|0.01214761,1,0.3374863564968109,True,16,0.3374863564968109,True,16,0.3511635661125183,True,16,0.8122283220291138,True,16,0.4472997188568115,True,c12_correct
17,18,18_7.bmp,preprocessed_results\18\18_7.bmp,17,17,17,0.7984998822212219,811,0.005951192229986191,0.7925486899912357,17|811|243|149|543,0.79849988|0.00595119|0.00445224|0.00415591|0.00333886,1,0.7984998822212219,True,17,0.7984998822212219,True,17,0.1562063843011856,True,17,0.5694795250892639,True,17,0.3814961612224579,True,c12_correct
18,19,19_10.bmp,preprocessed_results\19\19_10.bmp,18,18,18,0.8836594820022583,19,0.016156520694494247,0.867502961307764,18|19|135|58|334,0.88365948|0.01615652|0.00669319|0.00334758|0.00332604,1,0.8836594820022583,True,18,0.8836594820022583,True,18,0.7634387016296387,True,18,0.840829074382782,True,18,0.7625004649162292,True,c12_correct
19,20,20_8.bmp,preprocessed_results\20\20_8.bmp,19,19,19,0.6643693447113037,18,0.087994784116745,0.5763745605945587,19|18|223|203|63,0.66436934|0.08799478|0.01315641|0.00588062|0.00426517,1,0.6643693447113037,True,19,0.6643693447113037,True,19,0.6597826480865479,True,19,0.8270338177680969,True,19,0.7015617489814758,True,c12_correct
20,21,21_4.bmp,preprocessed_results\21\21_4.bmp,20,20,20,0.9398120045661926,21,0.008445998653769493,0.9313660059124231,20|21|159|290|225,0.93981200|0.00844600|0.00218517|0.00196802|0.00160118,1,0.9398120045661926,True,20,0.9398120045661926,True,20,0.9255138635635376,True,20,0.8117364048957825,True,20,0.8344922065734863,True,c12_correct
21,22,22_10.bmp,preprocessed_results\22\22_10.bmp,21,21,21,0.8619207739830017,746,0.008333945646882057,0.8535868283361197,21|746|275|92|290,0.86192077|0.00833395|0.00818270|0.00662907|0.00347547,1,0.8619207739830017,True,21,0.8619207739830017,True,21,0.6421736478805542,True,21,0.8118278384208679,True,21,0.617303729057312,True,c12_correct
22,23,23_1.bmp,preprocessed_results\23\23_1.bmp,22,22,22,0.6546096801757812,130,0.019843921065330505,0.6347657591104507,22|130|36|23|429,0.65460968|0.01984392|0.01009140|0.00874288|0.00824677,1,0.6546096801757812,True,22,0.6546096801757812,True,22,0.7866286039352417,True,22,0.8204826712608337,True,22,0.7457966804504395,True,c12_correct
23,24,24_3.bmp,preprocessed_results\24\24_3.bmp,23,23,23,0.8829993605613708,129,0.015470203012228012,0.8675291575491428,23|129|189|171|243,0.88299936|0.01547020|0.00215213|0.00182285|0.00158228,1,0.8829993605613708,True,23,0.8829993605613708,True,23,0.8302608132362366,True,23,0.8364779353141785,True,23,0.8065637350082397,True,c12_correct
24,25,25_6.bmp,preprocessed_results\25\25_6.bmp,24,24,24,0.8649851083755493,94,0.006310716271400452,0.8586743921041489,24|94|88|180|25,0.86498511|0.00631072|0.00452470|0.00307324|0.00280236,1,0.8649851083755493,True,24,0.8649851083755493,True,24,0.7651947140693665,True,24,0.8136984705924988,True,24,0.7999095320701599,True,c12_correct
25,26,26_7.bmp,preprocessed_results\26\26_7.bmp,25,25,25,0.27300408482551575,353,0.021011658012866974,0.2519924268126488,25|353|105|415|254,0.27300408|0.02101166|0.01438738|0.01311215|0.01274254,1,0.27300408482551575,True,25,0.27300408482551575,True,25,0.06464889645576477,True,25,0.7919244766235352,True,25,0.41483059525489807,True,c12_correct
26,27,27_3.bmp,preprocessed_results\27\27_3.bmp,26,26,26,0.8700634241104126,27,0.023178866133093834,0.8468845579773188,26|27|266|153|265,0.87006342|0.02317887|0.00615926|0.00573635|0.00400969,1,0.8700634241104126,True,26,0.8700634241104126,True,26,0.8164071440696716,True,26,0.8006393909454346,True,26,0.7260542511940002,True,c12_correct
27,28,28_10.bmp,preprocessed_results\28\28_10.bmp,27,27,27,0.9183315634727478,26,0.00599132664501667,0.9123402368277311,27|26|266|332|333,0.91833156|0.00599133|0.00257073|0.00199718|0.00144425,1,0.9183315634727478,True,27,0.9183315634727478,True,27,0.7906268835067749,True,27,0.8479205965995789,True,27,0.8497887253761292,True,c12_correct
28,29,29_2.bmp,preprocessed_results\29\29_2.bmp,28,28,28,0.761851966381073,133,0.01586061529815197,0.745991351082921,28|133|157|203|189,0.76185197|0.01586062|0.01351369|0.01012249|0.00981009,1,0.761851966381073,True,28,0.761851966381073,True,28,0.626236081123352,True,28,0.8167579174041748,True,28,0.6886655688285828,True,c12_correct
29,30,30_1.bmp,preprocessed_results\30\30_1.bmp,29,29,29,0.8711639046669006,28,0.02929278463125229,0.8418711200356483,29|28|303|157|15,0.87116390|0.02929278|0.00509558|0.00240933|0.00187428,1,0.8711639046669006,True,29,0.8711639046669006,True,29,0.5189663171768188,True,29,0.8354495763778687,True,29,0.6698707342147827,True,c12_correct
30,31,31_2.bmp,preprocessed_results\31\31_2.bmp,30,30,30,0.7773699760437012,247,0.015055054798722267,0.7623149212449789,30|247|31|315|195,0.77736998|0.01505505|0.00415862|0.00413262|0.00406591,1,0.7773699760437012,True,30,0.7773699760437012,True,30,0.6529351472854614,True,30,0.8002597093582153,True,30,0.6364003419876099,True,c12_correct
31,32,32_1.bmp,preprocessed_results\32\32_1.bmp,31,31,31,0.8540770411491394,30,0.017569804564118385,0.836507236585021,31|30|649|270|648,0.85407704|0.01756980|0.00722290|0.00241641|0.00209680,1,0.8540770411491394,True,31,0.8540770411491394,True,31,0.7627430558204651,True,31,0.7920277714729309,True,31,0.45891278982162476,True,c12_correct
32,33,33_2.bmp,preprocessed_results\33\33_2.bmp,32,32,32,0.8981431126594543,305,0.00998120941221714,0.8881619032472372,32|305|89|210|317,0.89814311|0.00998121|0.00953814|0.00206454|0.00198665,1,0.8981431126594543,True,32,0.8981431126594543,True,32,0.7682380676269531,True,32,0.821094274520874,True,32,0.7448704242706299,True,c12_correct
33,34,34_9.bmp,preprocessed_results\34\34_9.bmp,33,33,33,0.8989043831825256,218,0.012687825597822666,0.886216557584703,33|218|212|52|32,0.89890438|0.01268783|0.00472161|0.00337263|0.00315920,1,0.8989043831825256,True,33,0.8989043831825256,True,33,0.8822765946388245,True,33,0.848554253578186,True,33,0.8941352367401123,True,c12_correct
34,35,35_5.bmp,preprocessed_results\35\35_5.bmp,34,34,34,0.7249227166175842,137,0.02112746052443981,0.7037952560931444,34|137|136|200|411,0.72492272|0.02112746|0.01838597|0.00969626|0.00860310,1,0.7249227166175842,True,34,0.7249227166175842,True,34,0.7380006313323975,True,34,0.7965006828308105,True,34,0.6176049709320068,True,c12_correct
35,36,36_1.bmp,preprocessed_results\36\36_1.bmp,35,35,35,0.7220122814178467,34,0.009892596863210201,0.7121196845546365,35|34|484|556|502,0.72201228|0.00989260|0.00844687|0.00629142|0.00586586,1,0.7220122814178467,True,35,0.7220122814178467,True,35,0.6518524289131165,True,35,0.8184676766395569,True,35,0.49229666590690613,True,c12_correct
36,37,37_10.bmp,preprocessed_results\37\37_10.bmp,36,36,36,0.49578845500946045,37,0.013700350187718868,0.4820881048217416,36|37|291|818|290,0.49578846|0.01370035|0.01325346|0.00991210|0.00946944,1,0.49578845500946045,True,36,0.49578845500946045,True,36,0.38822150230407715,True,36,0.7999899983406067,True,36,0.727613091468811,True,c12_correct
37,38,38_8.bmp,preprocessed_results\38\38_8.bmp,37,37,37,0.15477050840854645,36,0.05008433386683464,0.10468617454171181,37|36|431|23|243,0.15477051|0.05008433|0.01670879|0.01565735|0.01476115,1,0.15477050840854645,True,37,0.15477050840854645,True,37,0.1673590987920761,True,37,0.7726715803146362,True,37,0.20163676142692566,True,c12_correct
38,39,39_4.bmp,preprocessed_results\39\39_4.bmp,38,38,38,0.2560383677482605,335,0.025658102706074715,0.23038026504218578,38|335|106|216|173,0.25603837|0.02565810|0.02442574|0.01989026|0.01768546,1,0.2560383677482605,True,38,0.2560383677482605,True,38,0.2230079174041748,True,38,0.5822464227676392,True,38,0.25276806950569153,True,c12_correct
39,40,40_4.bmp,preprocessed_results\40\40_4.bmp,39,39,39,0.7019641399383545,72,0.008985637687146664,0.6929785022512078,39|72|61|64|32,0.70196414|0.00898564|0.00675768|0.00607026|0.00393069,1,0.7019641399383545,True,39,0.7019641399383545,True,39,0.224213108420372,True,39,0.803942084312439,True,39,0.5198343992233276,True,c12_correct
40,41,41_2.bmp,preprocessed_results\41\41_2.bmp,40,40,40,0.7238965630531311,125,0.02268342673778534,0.7012131363153458,40|125|80|41|404,0.72389656|0.02268343|0.01649287|0.01642507|0.00552582,1,0.7238965630531311,True,40,0.7238965630531311,True,40,0.24941806495189667,True,40,0.7928423881530762,True,40,0.6868985295295715,True,c12_correct
41,42,42_10.bmp,preprocessed_results\42\42_10.bmp,41,41,41,0.8747933506965637,82,0.002874444704502821,0.8719189059920609,41|82|394|702|354,0.87479335|0.00287444|0.00235640|0.00193729|0.00186704,1,0.8747933506965637,True,41,0.8747933506965637,True,41,0.8734882473945618,True,41,0.8249853849411011,True,41,0.8626769185066223,True,c12_correct
42,43,43_1.bmp,preprocessed_results\43\43_1.bmp,42,42,42,0.7621423602104187,328,0.0077310292981565,0.7544113309122622,42|328|106|276|172,0.76214236|0.00773103|0.00627857|0.00552039|0.00539422,1,0.7621423602104187,True,42,0.7621423602104187,True,42,0.3920891582965851,True,42,0.8104299306869507,True,42,0.7076659798622131,True,c12_correct
43,44,44_10.bmp,preprocessed_results\44\44_10.bmp,43,43,43,0.8148254156112671,339,0.008376244455575943,0.8064491711556911,43|339|276|267|273,0.81482542|0.00837624|0.00420812|0.00300281|0.00280563,1,0.8148254156112671,True,43,0.8148254156112671,True,43,0.4377520680427551,True,43,0.8148924708366394,True,43,0.7492145895957947,True,c12_correct
44,45,45_6.bmp,preprocessed_results\45\45_6.bmp,44,44,44,0.4114452302455902,197,0.017764151096343994,0.3936810791492462,44|197|127|181|45,0.41144523|0.01776415|0.01343829|0.01325633|0.01173245,1,0.4114452302455902,True,44,0.4114452302455902,True,44,0.5076844096183777,True,44,0.748665452003479,True,44,0.5809341073036194,True,c12_correct
45,46,46_10.bmp,preprocessed_results\46\46_10.bmp,45,45,45,0.4752195477485657,44,0.04399880766868591,0.43122074007987976,45|44|32|197|294,0.47521955|0.04399881|0.01638463|0.01624532|0.01538200,1,0.4752195477485657,True,45,0.4752195477485657,True,45,0.3774649202823639,True,45,0.7789205312728882,True,45,0.4231581687927246,True,c12_correct
46,47,47_4.bmp,preprocessed_results\47\47_4.bmp,46,46,46,0.7821479439735413,138,0.005349296610802412,0.7767986473627388,46|138|638|295|411,0.78214794|0.00534930|0.00387536|0.00363100|0.00341489,1,0.7821479439735413,True,46,0.7821479439735413,True,46,0.6877673864364624,True,46,0.8202536106109619,True,46,0.7196124792098999,True,c12_correct
47,48,48_10.bmp,preprocessed_results\48\48_10.bmp,47,47,47,0.5459381937980652,811,0.04143954813480377,0.5044986456632614,47|811|568|810|241,0.54593819|0.04143955|0.01768951|0.01741737|0.01293335,1,0.5459381937980652,True,47,0.5459381937980652,True,47,0.605961263179779,True,47,0.8081603050231934,True,47,0.7619240283966064,True,c12_correct
48,49,49_4.bmp,preprocessed_results\49\49_4.bmp,48,48,48,0.710987389087677,49,0.04665384069085121,0.6643335483968258,48|49|204|34|213,0.71098739|0.04665384|0.01113482|0.00766645|0.00589334,1,0.710987389087677,True,48,0.710987389087677,True,48,0.8156861066818237,True,48,0.8508113026618958,True,48,0.8228476643562317,True,c12_correct
49,50,50_6.bmp,preprocessed_results\50\50_6.bmp,49,49,49,0.7516106963157654,48,0.04228779673576355,0.7093228995800018,49|48|334|208|155,0.75161070|0.04228780|0.00825778|0.00496017|0.00405317,1,0.7516106963157654,True,49,0.7516106963157654,True,49,0.4845832586288452,True,49,0.7833954691886902,True,49,0.5612953901290894,True,c12_correct
50,51,51_1.bmp,preprocessed_results\51\51_1.bmp,50,50,50,0.10573147982358932,32,0.025363843888044357,0.08036763593554497,50|32|305|320|78,0.10573148|0.02536384|0.01937623|0.01833837|0.01292741,1,0.10573147982358932,True,50,0.10573147982358932,True,50,0.3544188439846039,True,50,0.7341454029083252,True,50,0.34317246079444885,True,c12_correct
51,52,52_10.bmp,preprocessed_results\52\52_10.bmp,51,51,51,0.8686181902885437,50,0.018757151439785957,0.8498610388487577,51|50|284|716|766,0.86861819|0.01875715|0.00399497|0.00305783|0.00194408,1,0.8686181902885437,True,51,0.8686181902885437,True,51,0.7491098642349243,True,51,0.8387874960899353,True,51,0.7764038443565369,True,c12_correct
52,53,53_8.bmp,preprocessed_results\53\53_8.bmp,52,52,52,0.4872382879257202,53,0.04346728324890137,0.44377100467681885,52|53|33|32|128,0.48723829|0.04346728|0.01996192|0.01783099|0.01448313,1,0.4872382879257202,True,52,0.4872382879257202,True,52,0.5507976412773132,True,52,0.7985531687736511,True,52,0.6830511093139648,True,c12_correct
53,54,54_6.bmp,preprocessed_results\54\54_6.bmp,53,53,53,0.9728464484214783,52,0.005139569286257029,0.9677068791352212,53|52|128|93|312,0.97284645|0.00513957|0.00298509|0.00065532|0.00058401,1,0.9728464484214783,True,53,0.9728464484214783,True,53,0.8920429944992065,True,53,0.8253206610679626,True,53,0.8081114888191223,True,c12_correct
54,55,55_7.bmp,preprocessed_results\55\55_7.bmp,54,54,54,0.8508521318435669,55,0.016943279653787613,0.8339088521897793,54|55|314|546|188,0.85085213|0.01694328|0.00484406|0.00372263|0.00322234,1,0.8508521318435669,True,54,0.8508521318435669,True,54,0.7777950763702393,True,54,0.8272848725318909,True,54,0.7903697490692139,True,c12_correct
55,56,56_10.bmp,preprocessed_results\56\56_10.bmp,55,55,55,0.9511820673942566,107,0.004326274618506432,0.9468557927757502,55|107|213|219|54,0.95118207|0.00432627|0.00173015|0.00126602|0.00122339,1,0.9511820673942566,True,55,0.9511820673942566,True,55,0.8364313244819641,True,55,0.818697452545166,True,55,0.7862163186073303,True,c12_correct
56,57,57_1.bmp,preprocessed_results\57\57_1.bmp,56,56,56,0.673477828502655,114,0.02150721289217472,0.6519706156104803,56|114|833|70|562,0.67347783|0.02150721|0.00956626|0.00891306|0.00650498,1,0.673477828502655,True,56,0.673477828502655,True,56,0.18220864236354828,True,56,0.7715623378753662,True,56,0.6962523460388184,True,c12_correct
57,58,58_6.bmp,preprocessed_results\58\58_6.bmp,57,57,57,0.905836820602417,56,0.003141233464702964,0.902695587137714,57|56|279|247|832,0.90583682|0.00314123|0.00214678|0.00176440|0.00150389,1,0.905836820602417,True,57,0.905836820602417,True,57,0.49123674631118774,True,57,0.8275512456893921,True,57,0.6907556653022766,True,c12_correct
58,59,59_2.bmp,preprocessed_results\59\59_2.bmp,58,58,58,0.7693058848381042,18,0.013899262994527817,0.7554066218435764,58|18|451|59|212,0.76930588|0.01389926|0.00708518|0.00429727|0.00382542,1,0.7693058848381042,True,58,0.7693058848381042,True,58,0.5202440023422241,True,58,0.8225477933883667,True,58,0.7890242338180542,True,c12_correct
59,60,60_7.bmp,preprocessed_results\60\60_7.bmp,59,59,59,0.3750118315219879,190,0.047208480536937714,0.3278033509850502,59|190|271|565|200,0.37501183|0.04720848|0.01533275|0.01056025|0.00909175,1,0.3750118315219879,True,59,0.3750118315219879,True,59,0.5646008253097534,True,59,0.8154273629188538,True,59,0.6202681064605713,True,c12_correct
60,61,61_2.bmp,preprocessed_results\61\61_2.bmp,60,60,60,0.8545050024986267,61,0.006071384530514479,0.8484336179681122,60|61|94|49|262,0.85450500|0.00607138|0.00529231|0.00398740|0.00367823,1,0.8545050024986267,True,60,0.8545050024986267,True,60,0.7853826880455017,True,60,0.7712644338607788,True,60,0.5907732248306274,True,c12_correct
61,62,62_4.bmp,preprocessed_results\62\62_4.bmp,61,61,61,0.9461207985877991,330,0.0035019260831177235,0.9426188725046813,61|330|725|818|60,0.94612080|0.00350193|0.00240527|0.00169697|0.00161331,1,0.9461207985877991,True,61,0.9461207985877991,True,61,0.8814461827278137,True,61,0.798884928226471,True,61,0.8315823078155518,True,c12_correct
62,63,63_8.bmp,preprocessed_results\63\63_8.bmp,62,62,62,0.6611035466194153,188,0.02564176172018051,0.6354617848992348,62|188|63|267|270,0.66110355|0.02564176|0.02025381|0.00762013|0.00659558,1,0.6611035466194153,True,62,0.6611035466194153,True,62,0.476125031709671,True,62,0.8014726638793945,True,62,0.7636124491691589,True,c12_correct
63,64,64_10.bmp,preprocessed_results\64\64_10.bmp,63,63,63,0.7393167614936829,62,0.0341215580701828,0.7051952034235001,63|62|26|19|223,0.73931676|0.03412156|0.00965012|0.00552499|0.00418354,1,0.7393167614936829,True,63,0.7393167614936829,True,63,0.4559694230556488,True,63,0.8451396226882935,True,63,0.8261426687240601,True,c12_correct
64,65,65_6.bmp,preprocessed_results\65\65_6.bmp,64,64,64,0.3606455326080322,65,0.06015469878911972,0.3004908338189125,64|65|317|85|206,0.36064553|0.06015470|0.03405466|0.02185754|0.01474100,1,0.3606455326080322,True,64,0.3606455326080322,True,64,0.5273507237434387,True,64,0.7972436547279358,True,64,0.52939373254776,True,c12_correct
65,66,66_4.bmp,preprocessed_results\66\66_4.bmp,65,65,65,0.842972993850708,93,0.02227707952260971,0.8206959143280983,65|93|798|1|85,0.84297299|0.02227708|0.00641702|0.00481637|0.00299502,1,0.842972993850708,True,65,0.842972993850708,True,65,0.6855688095092773,True,65,0.8091311454772949,True,65,0.740159809589386,True,c12_correct
66,67,67_4.bmp,preprocessed_results\67\67_4.bmp,66,66,66,0.6479882001876831,96,0.015803825110197067,0.632184375077486,66|96|67|218|250,0.64798820|0.01580383|0.01035366|0.01001574|0.00983129,1,0.6479882001876831,True,66,0.6479882001876831,True,66,0.8472670316696167,True,66,0.7875736951828003,True,66,0.7049486637115479,True,c12_correct
67,68,68_7.bmp,preprocessed_results\68\68_7.bmp,67,67,67,0.7047741413116455,440,0.013748500496149063,0.6910256408154964,67|440|494|66|75,0.70477414|0.01374850|0.01032104|0.00772752|0.00592498,1,0.7047741413116455,True,67,0.7047741413116455,True,67,0.8217620849609375,True,67,0.8229901194572449,True,67,0.7200608253479004,True,c12_correct
68,69,69_2.bmp,preprocessed_results\69\69_2.bmp,68,68,68,0.06733042746782303,315,0.0410190112888813,0.026311416178941727,68|315|83|434|314,0.06733043|0.04101901|0.02671587|0.01351849|0.01139051,1,0.06733042746782303,True,68,0.06733042746782303,True,68,0.026988841593265533,True,68,0.7519341111183167,True,68,0.14163829386234283,True,c12_correct
69,70,70_5.bmp,preprocessed_results\70\70_5.bmp,69,69,69,0.8867275714874268,305,0.013093840330839157,0.8736337311565876,69|305|68|295|75,0.88672757|0.01309384|0.00813295|0.00276995|0.00206605,1,0.8867275714874268,True,69,0.8867275714874268,True,69,0.8746724128723145,True,69,0.8396960496902466,True,69,0.7727867364883423,True,c12_correct
70,71,71_8.bmp,preprocessed_results\71\71_8.bmp,70,70,70,0.8456704020500183,134,0.006913500837981701,0.8387569012120366,70|134|276|505|483,0.84567040|0.00691350|0.00641718|0.00510803|0.00483630,1,0.8456704020500183,True,70,0.8456704020500183,True,70,0.7841553092002869,True,70,0.7792479991912842,True,70,0.6955704092979431,True,c12_correct
71,72,72_3.bmp,preprocessed_results\72\72_3.bmp,71,71,71,0.8193798661231995,79,0.004362484440207481,0.815017381682992,71|79|109|573|304,0.81937987|0.00436248|0.00348590|0.00333684|0.00323008,1,0.8193798661231995,True,71,0.8193798661231995,True,71,0.7174938321113586,True,71,0.8179856538772583,True,71,0.758594810962677,True,c12_correct
72,73,73_7.bmp,preprocessed_results\73\73_7.bmp,72,72,72,0.8720776438713074,39,0.012184779159724712,0.8598928647115827,72|39|103|66|219,0.87207764|0.01218478|0.00432682|0.00327528|0.00294666,1,0.8720776438713074,True,72,0.8720776438713074,True,72,0.8958276510238647,True,72,0.8229001760482788,True,72,0.747757613658905,True,c12_correct
73,74,74_10.bmp,preprocessed_results\74\74_10.bmp,73,73,73,0.9539998173713684,72,0.004259832203388214,0.9497399851679802,73|72|531|832|221,0.95399982|0.00425983|0.00208240|0.00141835|0.00085051,1,0.9539998173713684,True,73,0.9539998173713684,True,73,0.7160604596138,True,73,0.8188269138336182,True,73,0.8023044466972351,True,c12_correct
74,75,75_10.bmp,preprocessed_results\75\75_10.bmp,74,74,74,0.836541473865509,413,0.004575500730425119,0.8319659731350839,74|413|33|75|386,0.83654147|0.00457550|0.00402517|0.00334507|0.00282307,1,0.836541473865509,True,74,0.836541473865509,True,74,0.8527525067329407,True,74,0.8163149356842041,True,74,0.7581993341445923,True,c12_correct
75,76,76_5.bmp,preprocessed_results\76\76_5.bmp,75,75,75,0.12396887689828873,45,0.028475599363446236,0.09549327753484249,75|45|173|91|19,0.12396888|0.02847560|0.02516367|0.02342300|0.02304827,1,0.12396887689828873,True,75,0.12396887689828873,True,75,0.2246255725622177,True,75,0.7689766883850098,True,75,0.4210888147354126,True,c12_correct
76,77,77_7.bmp,preprocessed_results\77\77_7.bmp,76,76,76,0.6715956926345825,165,0.03180308640003204,0.6397926062345505,76|165|211|344|156,0.67159569|0.03180309|0.01205475|0.01092568|0.01007086,1,0.6715956926345825,True,76,0.6715956926345825,True,76,0.8419529795646667,True,76,0.8249607086181641,True,76,0.7500277161598206,True,c12_correct
77,78,78_8.bmp,preprocessed_results\78\78_8.bmp,77,77,77,0.7053396701812744,76,0.04692831635475159,0.6584113538265228,77|76|144|139|199,0.70533967|0.04692832|0.00897453|0.00639368|0.00613841,1,0.7053396701812744,True,77,0.7053396701812744,True,77,0.7245749831199646,True,77,0.8255394101142883,True,77,0.7718297839164734,True,c12_correct
78,79,79_10.bmp,preprocessed_results\79\79_10.bmp,78,78,78,0.9361608624458313,188,0.003026177641004324,0.933134684804827,78|188|32|91|79,0.93616086|0.00302618|0.00246759|0.00172180|0.00169133,1,0.9361608624458313,True,78,0.9361608624458313,True,78,0.8185819983482361,True,78,0.8190589547157288,True,78,0.7982648611068726,True,c12_correct
79,80,80_7.bmp,preprocessed_results\80\80_7.bmp,79,79,79,0.8711855411529541,83,0.018268747255206108,0.852916793897748,79|83|211|54|281,0.87118554|0.01826875|0.01472217|0.00297872|0.00287955,1,0.8711855411529541,True,79,0.8711855411529541,True,79,0.7811741232872009,True,79,0.8437343835830688,True,79,0.7179116606712341,True,c12_correct
80,81,81_9.bmp,preprocessed_results\81\81_9.bmp,80,80,80,0.7959339618682861,396,0.005923870950937271,0.7900100909173489,80|396|362|466|533,0.79593396|0.00592387|0.00527781|0.00491373|0.00445750,1,0.7959339618682861,True,80,0.7959339618682861,True,80,0.8158132433891296,True,80,0.8460924625396729,True,80,0.7770246863365173,True,c12_correct
81,82,82_7.bmp,preprocessed_results\82\82_7.bmp,81,81,81,0.9230138063430786,774,0.004229925572872162,0.9187838807702065,81|774|543|545|123,0.92301381|0.00422993|0.00332966|0.00251451|0.00188321,1,0.9230138063430786,True,81,0.9230138063430786,True,81,0.7951616048812866,True,81,0.8131719827651978,True,81,0.7468585968017578,True,c12_correct
82,83,83_4.bmp,preprocessed_results\83\83_4.bmp,82,82,82,0.7172719240188599,197,0.0802810937166214,0.6369908303022385,82|197|155|57|25,0.71727192|0.08028109|0.00870201|0.00669328|0.00650417,1,0.7172719240188599,True,82,0.7172719240188599,True,82,0.2235851287841797,True,82,0.7997211813926697,True,82,0.4985150098800659,True,c12_correct
83,84,84_6.bmp,preprocessed_results\84\84_6.bmp,83,83,83,0.1339685618877411,82,0.0660339817404747,0.06793458014726639,83|82|41|197|27,0.13396856|0.06603398|0.02772307|0.02062970|0.01366544,1,0.1339685618877411,True,83,0.1339685618877411,True,83,0.36072197556495667,True,83,0.7975923418998718,True,83,0.5456641912460327,True,c12_correct
84,85,85_3.bmp,preprocessed_results\85\85_3.bmp,84,84,84,0.9493892788887024,85,0.007334411609917879,0.9420548672787845,84|85|330|243|104,0.94938928|0.00733441|0.00172052|0.00086208|0.00064167,1,0.9493892788887024,True,84,0.9493892788887024,True,84,0.8762915730476379,True,84,0.8383473753929138,True,84,0.8841228485107422,True,c12_correct
85,86,86_7.bmp,preprocessed_results\86\86_7.bmp,85,85,85,0.27370110154151917,84,0.06195734441280365,0.21174375712871552,85|84|762|250|46,0.27370110|0.06195734|0.01520093|0.01312964|0.01214626,1,0.27370110154151917,True,85,0.27370110154151917,True,85,0.032001130282878876,True,85,0.7507665753364563,True,85,0.21948964893817902,True,c12_correct
86,87,87_4.bmp,preprocessed_results\87\87_4.bmp,86,86,86,0.8598793745040894,87,0.02002592943608761,0.8398534450680017,86|87|98|198|552,0.85987937|0.02002593|0.00277588|0.00182637|0.00136583,1,0.8598793745040894,True,86,0.8598793745040894,True,86,0.46734973788261414,True,86,0.7750694751739502,True,86,0.6007105708122253,True,c12_correct
87,88,88_7.bmp,preprocessed_results\88\88_7.bmp,87,87,87,0.7276701927185059,86,0.07245197892189026,0.6552182137966156,87|86|198|244|262,0.72767019|0.07245198|0.00912531|0.00841924|0.00381195,1,0.7276701927185059,True,87,0.7276701927185059,True,87,0.7911491990089417,True,87,0.8361907601356506,True,87,0.7942354083061218,True,c12_correct
88,89,89_2.bmp,preprocessed_results\89\89_2.bmp,88,88,88,0.80341637134552,18,0.014635870233178139,0.7887805011123419,88|18|8|497|156,0.80341637|0.01463587|0.01074286|0.00945500|0.00577041,1,0.80341637134552,True,88,0.80341637134552,True,88,0.6978532671928406,True,88,0.80516117811203,True,88,0.6853646636009216,True,c12_correct
89,90,90_10.bmp,preprocessed_results\90\90_10.bmp,89,89,89,0.1420091986656189,171,0.02086033672094345,0.12114886194467545,89|171|83|267|288,0.14200920|0.02086034|0.01733470|0.01424446|0.01416341,1,0.1420091986656189,True,89,0.1420091986656189,True,89,0.3164088726043701,True,89,0.8305042386054993,True,89,0.40172386169433594,True,c12_correct
90,91,91_8.bmp,preprocessed_results\91\91_8.bmp,90,90,90,0.9132778644561768,91,0.010508515872061253,0.9027693485841155,90|91|78|347|326,0.91327786|0.01050852|0.00147100|0.00146452|0.00132643,1,0.9132778644561768,True,90,0.9132778644561768,True,90,0.8476839065551758,True,90,0.8359744548797607,True,90,0.7084757685661316,True,c12_correct
91,92,92_9.bmp,preprocessed_results\92\92_9.bmp,91,91,91,0.7391253113746643,90,0.05047520622611046,0.6886501051485538,91|90|254|496|78,0.73912531|0.05047521|0.00940332|0.00730747|0.00647850,1,0.7391253113746643,True,91,0.7391253113746643,True,91,0.7135505676269531,True,91,0.8198827505111694,True,91,0.7364636063575745,True,c12_correct
92,93,93_4.bmp,preprocessed_results\93\93_4.bmp,92,92,92,0.6941290497779846,158,0.009801352396607399,0.6843276973813772,92|158|321|151|93,0.69412905|0.00980135|0.00933831|0.00648593|0.00579024,1,0.6941290497779846,True,92,0.6941290497779846,True,92,0.8777135610580444,True,92,0.8404753804206848,True,92,0.7434505224227905,True,c12_correct
93,94,94_6.bmp,preprocessed_results\94\94_6.bmp,93,93,93,0.6787198185920715,92,0.04889952763915062,0.6298202909529209,93|92|187|151|309,0.67871982|0.04889953|0.02278715|0.00744076|0.00478440,1,0.6787198185920715,True,93,0.6787198185920715,True,93,0.57289719581604,True,93,0.826086699962616,True,93,0.8152825236320496,True,c12_correct
94,95,95_7.bmp,preprocessed_results\95\95_7.bmp,94,94,94,0.9186640381813049,413,0.0035883192904293537,0.9150757188908756,94|413|18|24|203,0.91866404|0.00358832|0.00336327|0.00321742|0.00299490,1,0.9186640381813049,True,94,0.9186640381813049,True,94,0.8332896828651428,True,94,0.8332309126853943,True,94,0.7720972895622253,True,c12_correct
95,96,96_8.bmp,preprocessed_results\96\96_8.bmp,95,95,95,0.9035921692848206,134,0.00483763637021184,0.8987545329146087,95|134|382|178|50,0.90359217|0.00483764|0.00322080|0.00228673|0.00161910,1,0.9035921692848206,True,95,0.9035921692848206,True,95,0.7778681516647339,True,95,0.7915501594543457,True,95,0.7649679780006409,True,c12_correct
96,97,97_9.bmp,preprocessed_results\97\97_9.bmp,96,96,96,0.35856905579566956,250,0.017013443633913994,0.34155561216175556,96|250|7|206|131,0.35856906|0.01701344|0.01417991|0.00956209|0.00942705,1,0.35856905579566956,True,96,0.35856905579566956,True,96,0.09452249109745026,True,96,0.7569231390953064,True,96,0.6545661091804504,True,c12_correct
97,98,98_7.bmp,preprocessed_results\98\98_7.bmp,97,97,97,0.7331777215003967,157,0.0067792655900120735,0.7263984559103847,97|157|1|28|96,0.73317772|0.00677927|0.00481478|0.00425188|0.00400633,1,0.7331777215003967,True,97,0.7331777215003967,True,97,0.34083837270736694,True,97,0.7955737113952637,True,97,0.581470787525177,True,c12_correct
98,99,99_3.bmp,preprocessed_results\99\99_3.bmp,98,98,98,0.8191214203834534,66,0.008929957635700703,0.8101914627477527,98|66|250|139|332,0.81912142|0.00892996|0.00451321|0.00412900|0.00238720,1,0.8191214203834534,True,98,0.8191214203834534,True,98,0.8331804275512695,True,98,0.8251369595527649,True,98,0.8091744780540466,True,c12_correct
99,100,100_4.bmp,preprocessed_results\100\100_4.bmp,99,99,99,0.8840671181678772,279,0.00355154974386096,0.8805155684240162,99|279|163|661|269,0.88406712|0.00355155|0.00325547|0.00243311|0.00146765,1,0.8840671181678772,True,99,0.8840671181678772,True,99,0.8797392249107361,True,99,0.8287761807441711,True,99,0.6222241520881653,True,c12_correct
100,101,101_5.bmp,preprocessed_results\101\101_5.bmp,100,100,100,0.8096874952316284,101,0.008079827763140202,0.8016076674684882,100|101|486|4|262,0.80968750|0.00807983|0.00307767|0.00304001|0.00288587,1,0.8096874952316284,True,100,0.8096874952316284,True,100,0.3956323564052582,True,100,0.7405723333358765,True,100,0.7262161374092102,True,c12_correct
101,102,102_4.bmp,preprocessed_results\102\102_4.bmp,101,101,101,0.9551898241043091,325,0.001924367854371667,0.9532654562499374,101|325|100|107|49,0.95518982|0.00192437|0.00075158|0.00074527|0.00063755,1,0.9551898241043091,True,101,0.9551898241043091,True,101,0.902595579624176,True,101,0.8511186242103577,True,101,0.7943485975265503,True,c12_correct
102,103,103_6.bmp,preprocessed_results\103\103_6.bmp,102,102,102,0.5679786205291748,801,0.0173350777477026,0.5506435427814722,102|801|103|42|218,0.56797862|0.01733508|0.01668200|0.01149792|0.01045422,1,0.5679786205291748,True,102,0.5679786205291748,True,102,0.6483811140060425,True,102,0.7950174808502197,True,102,0.4758383333683014,True,c12_correct
103,104,104_8.bmp,preprocessed_results\104\104_8.bmp,103,103,103,0.623873770236969,102,0.10921923071146011,0.5146545395255089,103|102|373|605|599,0.62387377|0.10921923|0.00881815|0.00565712|0.00466412,1,0.623873770236969,True,103,0.623873770236969,True,103,0.14023493230342865,True,103,0.7945865988731384,True,103,0.48975270986557007,True,c12_correct
104,105,105_4.bmp,preprocessed_results\105\105_4.bmp,104,104,104,0.7750393152236938,50,0.042252883315086365,0.7327864319086075,104|50|771|391|130,0.77503932|0.04225288|0.01143148|0.00326384|0.00325856,1,0.7750393152236938,True,104,0.7750393152236938,True,104,0.66318678855896,True,104,0.7871723175048828,True,104,0.5598569512367249,True,c12_correct
105,106,106_4.bmp,preprocessed_results\106\106_4.bmp,105,105,105,0.6371133923530579,104,0.013685863465070724,0.6234275288879871,105|104|154|262|168,0.63711339|0.01368586|0.01153262|0.00732814|0.00714738,1,0.6371133923530579,True,105,0.6371133923530579,True,105,0.7331260442733765,True,105,0.8437362313270569,True,105,0.7526111006736755,True,c12_correct
106,107,107_10.bmp,preprocessed_results\107\107_10.bmp,106,106,106,0.6814689636230469,56,0.010563315823674202,0.6709056477993727,106|56|10|42|328,0.68146896|0.01056332|0.00757360|0.00756936|0.00662652,1,0.6814689636230469,True,106,0.6814689636230469,True,106,0.5406783819198608,True,106,0.7941035628318787,True,106,0.4922419488430023,True,c12_correct
107,108,108_7.bmp,preprocessed_results\108\108_7.bmp,107,107,107,0.9422900676727295,55,0.0017646803753450513,0.9405253872973844,107|55|279|192|267,0.94229007|0.00176468|0.00165643|0.00149232|0.00124656,1,0.9422900676727295,True,107,0.9422900676727295,True,107,0.8775529861450195,True,107,0.8353186249732971,True,107,0.7888235449790955,True,c12_correct
108,109,109_10.bmp,preprocessed_results\109\109_10.bmp,108,108,108,0.9154261350631714,109,0.02011321298778057,0.8953129220753908,108|109|817|330|112,0.91542614|0.02011321|0.00216730|0.00209932|0.00188639,1,0.9154261350631714,True,108,0.9154261350631714,True,108,0.8457583785057068,True,108,0.8356016874313354,True,108,0.8565263748168945,True,c12_correct
109,110,110_9.bmp,preprocessed_results\110\110_9.bmp,109,109,109,0.7450916171073914,773,0.007381294388324022,0.7377103227190673,109|773|108|605|63,0.74509162|0.00738129|0.00720367|0.00591718|0.00355256,1,0.7450916171073914,True,109,0.7450916171073914,True,109,0.827057421207428,True,109,0.8375621438026428,True,109,0.7923041582107544,True,c12_correct
110,111,111_7.bmp,preprocessed_results\111\111_7.bmp,110,110,110,0.9088852405548096,111,0.006298453081399202,0.9025867874734104,110|111|46|189|728,0.90888524|0.00629845|0.00264521|0.00189449|0.00166800,1,0.9088852405548096,True,110,0.9088852405548096,True,110,0.8151899576187134,True,110,0.8302757740020752,True,110,0.7916369438171387,True,c12_correct
111,112,112_1.bmp,preprocessed_results\112\112_1.bmp,111,111,111,0.879819929599762,110,0.007475434802472591,0.8723444947972894,111|110|787|161|622,0.87981993|0.00747543|0.00452731|0.00354717|0.00273279,1,0.879819929599762,True,111,0.879819929599762,True,111,0.7532030344009399,True,111,0.832529604434967,True,111,0.8635942339897156,True,c12_correct
112,113,113_2.bmp,preprocessed_results\113\113_2.bmp,112,112,112,0.8953615427017212,113,0.016562361270189285,0.8787991814315319,112|113|118|795|105,0.89536154|0.01656236|0.00259383|0.00154281|0.00146997,1,0.8953615427017212,True,112,0.8953615427017212,True,112,0.8074002861976624,True,112,0.8285282254219055,True,112,0.789537250995636,True,c12_correct
113,114,114_1.bmp,preprocessed_results\114\114_1.bmp,113,113,113,0.8663218021392822,112,0.06548301130533218,0.80083879083395,113|112|41|209|118,0.86632180|0.06548301|0.00347072|0.00313769|0.00248413,1,0.8663218021392822,True,113,0.8663218021392822,True,113,0.8869433403015137,True,113,0.8477755784988403,True,113,0.8546180129051208,True,c12_correct
114,115,115_5.bmp,preprocessed_results\115\115_5.bmp,114,114,114,0.888429582118988,294,0.006474409252405167,0.8819551728665829,114|294|115|247|144,0.88842958|0.00647441|0.00426462|0.00408306|0.00228418,1,0.888429582118988,True,114,0.888429582118988,True,114,0.858517050743103,True,114,0.8238390684127808,True,114,0.7999060750007629,True,c12_correct
115,116,116_8.bmp,preprocessed_results\116\116_8.bmp,115,115,115,0.6752148866653442,114,0.029047824442386627,0.6461670622229576,115|114|77|699|142,0.67521489|0.02904782|0.00815025|0.00663417|0.00599004,1,0.6752148866653442,True,115,0.6752148866653442,True,115,0.8030570149421692,True,115,0.823432981967926,True,115,0.8693581223487854,True,c12_correct
116,117,117_6.bmp,preprocessed_results\117\117_6.bmp,116,116,116,0.7867069840431213,117,0.07879654318094254,0.7079104408621788,116|117|282|152|832,0.78670698|0.07879654|0.00435004|0.00322374|0.00287398,1,0.7867069840431213,True,116,0.7867069840431213,True,116,0.5297648310661316,True,116,0.8277447819709778,True,116,0.5974102020263672,True,c12_correct
117,118,118_1.bmp,preprocessed_results\118\118_1.bmp,117,117,117,0.4335598945617676,116,0.027756769210100174,0.4058031253516674,117|116|221|143|665,0.43355989|0.02775677|0.02623846|0.01670510|0.01479008,1,0.4335598945617676,True,117,0.4335598945617676,True,117,0.19313696026802063,True,117,0.768704891204834,True,117,0.4743545949459076,True,c12_correct
118,119,119_9.bmp,preprocessed_results\119\119_9.bmp,118,118,118,0.5890438556671143,288,0.03496567904949188,0.5540781766176224,118|288|36|137|128,0.58904386|0.03496568|0.01478829|0.01146334|0.01048201,1,0.5890438556671143,True,118,0.5890438556671143,True,118,0.6040449738502502,True,118,0.7981835603713989,True,118,0.6394839882850647,True,c12_correct
119,120,120_7.bmp,preprocessed_results\120\120_7.bmp,119,119,119,0.7781046628952026,288,0.013388924300670624,0.764715738594532,119|288|118|62|217,0.77810466|0.01338892|0.00807912|0.00719874|0.00454551,1,0.7781046628952026,True,119,0.7781046628952026,True,119,0.4365595579147339,True,119,0.8015689849853516,True,119,0.6659476161003113,True,c12_correct
120,121,121_7.bmp,preprocessed_results\121\121_7.bmp,120,120,120,0.7362315058708191,274,0.009434684179723263,0.7267968216910958,120|274|533|121|151,0.73623151|0.00943468|0.00530973|0.00485374|0.00370425,1,0.7362315058708191,True,120,0.7362315058708191,True,120,0.24567803740501404,True,120,0.8141081929206848,True,120,0.5666559338569641,True,c12_correct
121,122,122_4.bmp,preprocessed_results\122\122_4.bmp,121,121,121,0.8725438117980957,120,0.004285369999706745,0.868258441798389,121|120|40|711|26,0.87254381|0.00428537|0.00396713|0.00246832|0.00192103,1,0.8725438117980957,True,121,0.8725438117980957,True,121,0.8331889510154724,True,121,0.8172509074211121,True,121,0.7588832974433899,True,c12_correct
122,123,123_9.bmp,preprocessed_results\123\123_9.bmp,122,122,122,0.9145950078964233,123,0.010032868944108486,0.9045621389523149,122|123|180|214|223,0.91459501|0.01003287|0.00370419|0.00122566|0.00122038,1,0.9145950078964233,True,122,0.9145950078964233,True,122,0.871587336063385,True,122,0.8455568552017212,True,122,0.872175395488739,True,c12_correct
123,124,124_9.bmp,preprocessed_results\124\124_9.bmp,123,123,123,0.8145586848258972,250,0.007995285093784332,0.8065633997321129,123|250|263|207|96,0.81455868|0.00799529|0.00448941|0.00384434|0.00311394,1,0.8145586848258972,True,123,0.8145586848258972,True,123,0.8018882274627686,True,123,0.8397006392478943,True,123,0.80231773853302,True,c12_correct
124,125,125_9.bmp,preprocessed_results\125\125_9.bmp,124,124,124,0.49424874782562256,125,0.04153834655880928,0.4527104012668133,124|125|231|185|82,0.49424875|0.04153835|0.01940021|0.01444795|0.01401989,1,0.49424874782562256,True,124,0.49424874782562256,True,124,0.5464208126068115,True,124,0.7816704511642456,True,124,0.5780638456344604,True,c12_correct
125,126,126_9.bmp,preprocessed_results\126\126_9.bmp,125,125,125,0.9183111786842346,124,0.01631994917988777,0.9019912295043468,125|124|247|229|231,0.91831118|0.01631995|0.00244794|0.00178389|0.00149609,1,0.9183111786842346,True,125,0.9183111786842346,True,125,0.6981365084648132,True,125,0.8288835883140564,True,125,0.7750445008277893,True,c12_correct
126,127,127_2.bmp,preprocessed_results\127\127_2.bmp,126,126,126,0.7159343361854553,246,0.021775303408503532,0.6941590327769518,126|246|247|328|216,0.71593434|0.02177530|0.02028363|0.01192734|0.00555049,1,0.7159343361854553,True,126,0.7159343361854553,True,126,0.8147421479225159,True,126,0.8071259260177612,True,126,0.8581547737121582,True,c12_correct
127,128,128_4.bmp,preprocessed_results\128\128_4.bmp,127,127,127,0.8993983268737793,145,0.00601163087412715,0.8933866959996521,127|145|652|294|126,0.89939833|0.00601163|0.00133490|0.00122042|0.00118334,1,0.8993983268737793,True,127,0.8993983268737793,True,127,0.8600190877914429,True,127,0.801263689994812,True,127,0.7618902325630188,True,c12_correct
128,129,129_8.bmp,preprocessed_results\129\129_8.bmp,128,128,128,0.9681610465049744,52,0.002506254008039832,0.9656547924969345,128|52|53|253|217,0.96816105|0.00250625|0.00210223|0.00076234|0.00062462,1,0.9681610465049744,True,128,0.9681610465049744,True,128,0.9176016449928284,True,128,0.8296204805374146,True,128,0.8694758415222168,True,c12_correct
129,130,130_7.bmp,preprocessed_results\130\130_7.bmp,129,129,129,0.66877681016922,209,0.01244201697409153,0.6563347931951284,129|209|128|778|243,0.66877681|0.01244202|0.00915285|0.00854588|0.00837802,1,0.66877681016922,True,129,0.66877681016922,True,129,0.5872846841812134,True,129,0.8207898139953613,True,129,0.7634854912757874,True,c12_correct
130,131,131_7.bmp,preprocessed_results\131\131_7.bmp,130,130,130,0.8096495270729065,104,0.011014582589268684,0.7986349444836378,130|104|131|735|22,0.80964953|0.01101458|0.00727008|0.00549737|0.00461830,1,0.8096495270729065,True,130,0.8096495270729065,True,130,0.7277887463569641,True,130,0.8364720940589905,True,130,0.7359280586242676,True,c12_correct
131,132,132_6.bmp,preprocessed_results\132\132_6.bmp,131,131,131,0.9584724307060242,130,0.002441854914650321,0.9560305757913738,131|130|48|281|22,0.95847243|0.00244185|0.00136191|0.00114822|0.00066200,1,0.9584724307060242,True,131,0.9584724307060242,True,131,0.8703324794769287,True,131,0.8311718106269836,True,131,0.8959197998046875,True,c12_correct
132,133,133_3.bmp,preprocessed_results\133\133_3.bmp,132,132,132,0.9025282859802246,133,0.003789708949625492,0.8987385770305991,132|133|12|207|383,0.90252829|0.00378971|0.00339209|0.00290926|0.00213903,1,0.9025282859802246,True,132,0.9025282859802246,True,132,0.868712842464447,True,132,0.8296734094619751,True,132,0.8229104280471802,True,c12_correct
133,134,134_6.bmp,preprocessed_results\134\134_6.bmp,133,133,133,0.8023251295089722,132,0.017846381291747093,0.7844787482172251,133|132|715|157|304,0.80232513|0.01784638|0.00438243|0.00332331|0.00296894,1,0.8023251295089722,True,133,0.8023251295089722,True,133,0.7530146837234497,True,133,0.8402273654937744,True,133,0.7523941993713379,True,c12_correct
134,135,135_3.bmp,preprocessed_results\135\135_3.bmp,134,134,134,0.5586115121841431,479,0.036907341331243515,0.5217041708528996,134|479|548|114|483,0.55861151|0.03690734|0.02056886|0.01040813|0.00706523,1,0.5586115121841431,True,134,0.5586115121841431,True,134,0.20827709138393402,True,134,0.7575277090072632,True,134,0.4385334551334381,True,c12_correct
135,136,136_1.bmp,preprocessed_results\136\136_1.bmp,135,135,135,0.9143325686454773,264,0.002488271100446582,0.9118442975450307,135|264|208|75|28,0.91433257|0.00248827|0.00225588|0.00166384|0.00146938,1,0.9143325686454773,True,135,0.9143325686454773,True,135,0.6060073375701904,True,135,0.7870514988899231,True,135,0.4044603407382965,True,c12_correct
136,137,137_9.bmp,preprocessed_results\137\137_9.bmp,136,136,136,0.6483988165855408,137,0.021810336038470268,0.6265884805470705,136|137|16|177|238,0.64839882|0.02181034|0.02079636|0.01017604|0.00854567,1,0.6483988165855408,True,136,0.6483988165855408,True,136,0.4424760639667511,True,136,0.8150215744972229,True,136,0.6663075685501099,True,c12_correct
137,138,138_10.bmp,preprocessed_results\138\138_10.bmp,137,137,137,0.9242697954177856,136,0.013988476246595383,0.9102813191711903,137|136|521|34|216,0.92426980|0.01398848|0.00146148|0.00136723|0.00135221,1,0.9242697954177856,True,137,0.9242697954177856,True,137,0.6915363669395447,True,137,0.8016167283058167,True,137,0.7315720319747925,True,c12_correct
138,139,139_4.bmp,preprocessed_results\139\139_4.bmp,138,138,138,0.8124172687530518,190,0.00550369918346405,0.8069135695695877,138|190|560|409|819,0.81241727|0.00550370|0.00485655|0.00353940|0.00334221,1,0.8124172687530518,True,138,0.8124172687530518,True,138,0.6187554001808167,True,138,0.8126793503761292,True,138,0.7880300879478455,True,c12_correct
139,140,140_2.bmp,preprocessed_results\140\140_2.bmp,139,139,139,0.3683653771877289,268,0.020240632817149162,0.3481247443705797,139|268|434|780|69,0.36836538|0.02024063|0.01844555|0.01769525|0.01514187,1,0.3683653771877289,True,139,0.3683653771877289,True,139,0.6756494641304016,True,139,0.8272345066070557,True,139,0.6089816689491272,True,c12_correct
140,141,141_4.bmp,preprocessed_results\141\141_4.bmp,140,140,140,0.09658899903297424,315,0.047675635665655136,0.04891336336731911,140|315|141|564|494,0.09658900|0.04767564|0.03390776|0.03045645|0.02991873,1,0.09658899903297424,True,140,0.09658899903297424,True,141,0.022094620391726494,False,140,0.7283158302307129,True,140,0.06530822813510895,True,c12_correct
141,142,142_7.bmp,preprocessed_results\142\142_7.bmp,141,141,141,0.7949207425117493,299,0.028649602085351944,0.7662711404263973,141|299|140|155|154,0.79492074|0.02864960|0.00603813|0.00583052|0.00460095,1,0.7949207425117493,True,141,0.7949207425117493,True,141,0.8705301880836487,True,141,0.7959815859794617,True,141,0.6441239714622498,True,c12_correct
142,143,143_9.bmp,preprocessed_results\143\143_9.bmp,142,142,142,0.9686273336410522,333,0.001294633955694735,0.9673326996853575,142|333|271|272|691,0.96862733|0.00129463|0.00101063|0.00077921|0.00067032,1,0.9686273336410522,True,142,0.9686273336410522,True,142,0.8433498740196228,True,142,0.8188344836235046,True,142,0.8558642268180847,True,c12_correct
143,144,144_6.bmp,preprocessed_results\144\144_6.bmp,143,143,143,0.759591281414032,564,0.014610563404858112,0.7449807180091739,143|564|273|270|339,0.75959128|0.01461056|0.00897457|0.00842431|0.00654304,1,0.759591281414032,True,143,0.759591281414032,True,143,0.6582048535346985,True,143,0.8093852400779724,True,143,0.750218391418457,True,c12_correct
144,145,145_10.bmp,preprocessed_results\145\145_10.bmp,144,144,144,0.8696532845497131,145,0.026803139597177505,0.8428501449525356,144|145|539|814|455,0.86965328|0.02680314|0.00416771|0.00415610|0.00247720,1,0.8696532845497131,True,144,0.8696532845497131,True,144,0.7101138234138489,True,144,0.819853663444519,True,144,0.7676721811294556,True,c12_correct
145,146,146_7.bmp,preprocessed_results\146\146_7.bmp,145,145,145,0.9422935247421265,144,0.005785799585282803,0.9365077251568437,145|144|476|102|378,0.94229352|0.00578580|0.00174574|0.00168679|0.00145571,1,0.9422935247421265,True,145,0.9422935247421265,True,145,0.9326630234718323,True,145,0.8330891728401184,True,145,0.8091732263565063,True,c12_correct
146,147,147_3.bmp,preprocessed_results\147\147_3.bmp,146,146,146,0.9478098154067993,314,0.0012873178347945213,0.9465224975720048,146|314|580|252|86,0.94780982|0.00128732|0.00105992|0.00102756|0.00085873,1,0.9478098154067993,True,146,0.9478098154067993,True,146,0.8832305669784546,True,146,0.8268202543258667,True,146,0.8632963299751282,True,c12_correct
147,148,148_5.bmp,preprocessed_results\148\148_5.bmp,147,147,147,0.8484623432159424,79,0.005509256850928068,0.8429530863650143,147|79|89|83|255,0.84846234|0.00550926|0.00431016|0.00414718|0.00288406,1,0.8484623432159424,True,147,0.8484623432159424,True,147,0.7279912829399109,True,147,0.8391075134277344,True,147,0.6580083966255188,True,c12_correct
148,149,149_10.bmp,preprocessed_results\149\149_10.bmp,148,148,148,0.9257811903953552,149,0.004364318680018187,0.921416871715337,148|149|534|178|281,0.92578119|0.00436432|0.00404325|0.00204234|0.00167769,1,0.9257811903953552,True,148,0.9257811903953552,True,148,0.8899001479148865,True,148,0.8064243197441101,True,148,0.8157286047935486,True,c12_correct
149,150,150_9.bmp,preprocessed_results\150\150_9.bmp,149,149,149,0.6535454988479614,148,0.015572604723274708,0.6379728941246867,149|148|534|435|716,0.65354550|0.01557260|0.01184898|0.00964255|0.00738622,1,0.6535454988479614,True,149,0.6535454988479614,True,149,0.8110630512237549,True,149,0.8185693621635437,True,149,0.7895731925964355,True,c12_correct
150,151,151_1.bmp,preprocessed_results\151\151_1.bmp,150,150,150,0.9701555371284485,151,0.002039962448179722,0.9681155746802688,150|151|449|468|317,0.97015554|0.00203996|0.00047650|0.00038762|0.00031361,1,0.9701555371284485,True,150,0.9701555371284485,True,150,0.8370028138160706,True,150,0.8262868523597717,True,150,0.8613103628158569,True,c12_correct
151,152,152_3.bmp,preprocessed_results\152\152_3.bmp,151,151,151,0.9421458840370178,150,0.007290166337043047,0.9348557176999748,151|150|76|86|120,0.94214588|0.00729017|0.00158211|0.00099762|0.00093807,1,0.9421458840370178,True,151,0.9421458840370178,True,151,0.8621994853019714,True,151,0.8132287263870239,True,151,0.8697288036346436,True,c12_correct
152,153,153_6.bmp,preprocessed_results\153\153_6.bmp,152,152,152,0.9226261973381042,153,0.010145572945475578,0.9124806243926287,152|153|26|38|552,0.92262620|0.01014557|0.00368719|0.00204393|0.00133202,1,0.9226261973381042,True,152,0.9226261973381042,True,152,0.8363532423973083,True,152,0.8279730081558228,True,152,0.7846482992172241,True,c12_correct
153,154,154_4.bmp,preprocessed_results\154\154_4.bmp,153,153,153,0.9216116666793823,152,0.007874291390180588,0.9137373752892017,153|152|265|26|120,0.92161167|0.00787429|0.00245304|0.00195492|0.00102710,1,0.9216116666793823,True,153,0.9216116666793823,True,153,0.8115285038948059,True,153,0.8511444926261902,True,153,0.7809192538261414,True,c12_correct
154,155,155_1.bmp,preprocessed_results\155\155_1.bmp,154,154,154,0.7920719981193542,155,0.040909431874752045,0.7511625662446022,154|155|335|434|414,0.79207200|0.04090943|0.01177040|0.01026757|0.00908527,1,0.7920719981193542,True,154,0.7920719981193542,True,154,0.6563773155212402,True,154,0.7553694248199463,True,154,0.3994339406490326,True,c12_correct
155,156,156_4.bmp,preprocessed_results\156\156_4.bmp,155,155,155,0.84974604845047,115,0.007345415651798248,0.8424006327986717,155|115|55|663|459,0.84974605|0.00734542|0.00477710|0.00337681|0.00209557,1,0.84974604845047,True,155,0.84974604845047,True,155,0.835520327091217,True,155,0.8193793892860413,True,155,0.7775201201438904,True,c12_correct
156,157,157_4.bmp,preprocessed_results\157\157_4.bmp,156,156,156,0.9641139507293701,176,0.002051806775853038,0.9620621439535171,156|176|227|71|6,0.96411395|0.00205181|0.00130232|0.00088976|0.00071338,1,0.9641139507293701,True,156,0.9641139507293701,True,156,0.8068952560424805,True,156,0.8478406071662903,True,156,0.8637118339538574,True,c12_correct
157,158,158_8.bmp,preprocessed_results\158\158_8.bmp,157,157,157,0.5690448880195618,79,0.00801131408661604,0.5610335739329457,157|79|135|388|60,0.56904489|0.00801131|0.00746442|0.00691470|0.00627331,1,0.5690448880195618,True,157,0.5690448880195618,True,157,0.6611343026161194,True,157,0.8001556992530823,True,157,0.7132526636123657,True,c12_correct
158,159,159_1.bmp,preprocessed_results\159\159_1.bmp,158,158,158,0.5277304649353027,92,0.09134946018457413,0.4363810047507286,158|92|187|119|186,0.52773046|0.09134946|0.04249492|0.01405000|0.01342570,1,0.5277304649353027,True,158,0.5277304649353027,True,158,0.7010530829429626,True,158,0.8117755055427551,True,158,0.7012854814529419,True,c12_correct
159,160,160_2.bmp,preprocessed_results\160\160_2.bmp,159,159,159,0.8863566517829895,225,0.00611073849722743,0.8802459132857621,159|225|158|87|190,0.88635665|0.00611074|0.00453540|0.00266863|0.00228705,1,0.8863566517829895,True,159,0.8863566517829895,True,159,0.6661088466644287,True,159,0.8215495944023132,True,159,0.7436680197715759,True,c12_correct
160,161,161_2.bmp,preprocessed_results\161\161_2.bmp,160,160,160,0.9035091400146484,242,0.006901809014379978,0.8966073310002685,160|242|182|532|165,0.90350914|0.00690181|0.00351973|0.00308480|0.00274717,1,0.9035091400146484,True,160,0.9035091400146484,True,160,0.8526556491851807,True,160,0.8050232529640198,True,160,0.820405125617981,True,c12_correct
161,162,162_1.bmp,preprocessed_results\162\162_1.bmp,161,161,161,0.8871949911117554,127,0.0025735434610396624,0.8846214476507157,161|127|788|458|534,0.88719499|0.00257354|0.00252621|0.00248282|0.00219498,1,0.8871949911117554,True,161,0.8871949911117554,True,161,0.797141969203949,True,161,0.8428506851196289,True,161,0.7490168809890747,True,c12_correct
162,163,163_6.bmp,preprocessed_results\163\163_6.bmp,162,162,162,0.9508571028709412,795,0.0013828999362885952,0.9494742029346526,162|795|15|266|775,0.95085710|0.00138290|0.00119382|0.00092667|0.00078615,1,0.9508571028709412,True,162,0.9508571028709412,True,162,0.9035300612449646,True,162,0.8371347188949585,True,162,0.8153663277626038,True,c12_correct
163,164,164_5.bmp,preprocessed_results\164\164_5.bmp,163,163,163,0.9006381034851074,115,0.004791182931512594,0.8958469205535948,163|115|99|279|701,0.90063810|0.00479118|0.00325798|0.00188003|0.00183902,1,0.9006381034851074,True,163,0.9006381034851074,True,163,0.8881769180297852,True,163,0.8575111627578735,True,163,0.7255865335464478,True,c12_correct
164,165,165_8.bmp,preprocessed_results\165\165_8.bmp,164,164,164,0.8975231647491455,469,0.003941700793802738,0.8935814639553428,164|469|544|350|156,0.89752316|0.00394170|0.00232963|0.00200480|0.00196805,1,0.8975231647491455,True,164,0.8975231647491455,True,164,0.7812374830245972,True,164,0.8020152449607849,True,164,0.8257097005844116,True,c12_correct
165,166,166_10.bmp,preprocessed_results\166\166_10.bmp,165,165,165,0.8543182611465454,164,0.005308294203132391,0.849009966943413,165|164|170|798|182,0.85431826|0.00530829|0.00341947|0.00334843|0.00260833,1,0.8543182611465454,True,165,0.8543182611465454,True,165,0.5112488865852356,True,165,0.8095921874046326,True,165,0.603300154209137,True,c12_correct
166,167,167_3.bmp,preprocessed_results\167\167_3.bmp,166,166,166,0.8842164874076843,114,0.0027360052336007357,0.8814804821740836,166|114|195|18|134,0.88421649|0.00273601|0.00257015|0.00221039|0.00202212,1,0.8842164874076843,True,166,0.8842164874076843,True,166,0.8218576908111572,True,166,0.8294761776924133,True,166,0.8195942044258118,True,c12_correct
167,168,168_2.bmp,preprocessed_results\168\168_2.bmp,167,167,167,0.949381411075592,62,0.0035210794303566217,0.9458603316452354,167|62|7|231|339,0.94938141|0.00352108|0.00166320|0.00139500|0.00105362,1,0.949381411075592,True,167,0.949381411075592,True,167,0.8021335005760193,True,167,0.7979095578193665,True,167,0.8171961307525635,True,c12_correct
168,169,169_5.bmp,preprocessed_results\169\169_5.bmp,168,168,168,0.8261348605155945,20,0.02396940067410469,0.8021654598414898,168|20|290|159|104,0.82613486|0.02396940|0.01652100|0.01185011|0.00393383,1,0.8261348605155945,True,168,0.8261348605155945,True,168,0.7974244952201843,True,168,0.8168457746505737,True,168,0.7132217884063721,True,c12_correct
169,170,170_5.bmp,preprocessed_results\170\170_5.bmp,169,169,169,0.8667925596237183,147,0.0041760895401239395,0.8626164700835943,169|147|263|252|289,0.86679256|0.00417609|0.00339743|0.00298595|0.00273795,1,0.8667925596237183,True,169,0.8667925596237183,True,169,0.8553663492202759,True,169,0.8771561980247498,True,169,0.8854435682296753,True,c12_correct
170,171,171_4.bmp,preprocessed_results\171\171_4.bmp,170,170,170,0.9151129722595215,171,0.005729599390178919,0.9093833728693426,170|171|4|165|13,0.91511297|0.00572960|0.00328248|0.00190544|0.00151036,1,0.9151129722595215,True,170,0.9151129722595215,True,170,0.7291039824485779,True,170,0.8119744062423706,True,170,0.858112633228302,True,c12_correct
171,172,172_7.bmp,preprocessed_results\172\172_7.bmp,171,171,171,0.7939004898071289,5,0.14088548719882965,0.6530150026082993,171|5|170|431|735,0.79390049|0.14088549|0.00148298|0.00146982|0.00121692,1,0.7939004898071289,True,171,0.7939004898071289,True,171,0.8306266069412231,True,171,0.8253284096717834,True,171,0.8125949501991272,True,c12_correct
172,173,173_10.bmp,preprocessed_results\173\173_10.bmp,172,172,172,0.9513778686523438,173,0.0022290595807135105,0.9491488090716302,172|173|56|106|222,0.95137787|0.00222906|0.00186579|0.00164053|0.00140654,1,0.9513778686523438,True,172,0.9513778686523438,True,172,0.7578164339065552,True,172,0.8331236839294434,True,172,0.7167661190032959,True,c12_correct
173,174,174_7.bmp,preprocessed_results\174\174_7.bmp,173,173,173,0.7528471946716309,172,0.018488150089979172,0.7343590445816517,173|172|328|31|513,0.75284719|0.01848815|0.00667764|0.00438958|0.00426768,1,0.7528471946716309,True,173,0.7528471946716309,True,173,0.5832736492156982,True,173,0.7467624545097351,True,173,0.19913488626480103,True,c12_correct
174,175,175_9.bmp,preprocessed_results\175\175_9.bmp,174,174,174,0.9111108183860779,235,0.0036762631498277187,0.9074345552362502,174|235|175|269|17,0.91111082|0.00367626|0.00333927|0.00215702|0.00117384,1,0.9111108183860779,True,174,0.9111108183860779,True,174,0.7172622084617615,True,174,0.8420572280883789,True,174,0.854189932346344,True,c12_correct
175,176,176_9.bmp,preprocessed_results\176\176_9.bmp,175,175,175,0.8571357727050781,566,0.0034230819437652826,0.8537126907613128,175|566|80|234|236,0.85713577|0.00342308|0.00337061|0.00329570|0.00276572,1,0.8571357727050781,True,175,0.8571357727050781,True,175,0.7735891342163086,True,175,0.8099017143249512,True,175,0.7913162112236023,True,c12_correct
176,177,177_2.bmp,preprocessed_results\177\177_2.bmp,176,176,176,0.7983300089836121,226,0.009855812415480614,0.7884741965681314,176|226|227|79|534,0.79833001|0.00985581|0.00836902|0.00424221|0.00392194,1,0.7983300089836121,True,176,0.7983300089836121,True,176,0.7942101359367371,True,176,0.8357143402099609,True,176,0.7837280631065369,True,c12_correct
177,178,178_6.bmp,preprocessed_results\178\178_6.bmp,177,177,177,0.3872276544570923,18,0.056818872690200806,0.3304087817668915,177|18|6|604|180,0.38722765|0.05681887|0.02641332|0.01512705|0.01446959,1,0.3872276544570923,True,177,0.3872276544570923,True,177,0.16811606287956238,True,177,0.7692499756813049,True,177,0.3029850423336029,True,c12_correct
178,179,179_7.bmp,preprocessed_results\179\179_7.bmp,178,178,178,0.6524629592895508,188,0.033422134816646576,0.6190408244729042,178|188|407|534|9,0.65246296|0.03342213|0.01281152|0.01087255|0.01085253,1,0.6524629592895508,True,178,0.6524629592895508,True,178,0.33975064754486084,True,178,0.7597794532775879,True,178,0.6061444878578186,True,c12_correct
179,180,180_5.bmp,preprocessed_results\180\180_5.bmp,179,179,179,0.5417423844337463,43,0.03551272302865982,0.5062296614050865,179|43|546|314|786,0.54174238|0.03551272|0.02093550|0.02049932|0.01439018,1,0.5417423844337463,True,179,0.5417423844337463,True,179,0.6312983632087708,True,179,0.8325896263122559,True,179,0.7081709504127502,True,c12_correct
180,181,181_1.bmp,preprocessed_results\181\181_1.bmp,180,180,180,0.8207809925079346,557,0.009394679218530655,0.8113863132894039,180|557|543|356|133,0.82078099|0.00939468|0.00686146|0.00679893|0.00373132,1,0.8207809925079346,True,180,0.8207809925079346,True,180,0.4434238076210022,True,180,0.828423798084259,True,180,0.8463737368583679,True,c12_correct
181,182,182_7.bmp,preprocessed_results\182\182_7.bmp,181,181,181,0.8421548008918762,832,0.004896081518381834,0.8372587193734944,181|832|57|77|364,0.84215480|0.00489608|0.00381973|0.00374581|0.00361692,1,0.8421548008918762,True,181,0.8421548008918762,True,181,0.7225337028503418,True,181,0.7987844944000244,True,181,0.8321947455406189,True,c12_correct
182,183,183_7.bmp,preprocessed_results\183\183_7.bmp,182,182,182,0.9524417519569397,102,0.0011180235305801034,0.9513237284263596,182|102|313|145|160,0.95244175|0.00111802|0.00111308|0.00107692|0.00085492,1,0.9524417519569397,True,182,0.9524417519569397,True,182,0.8696910738945007,True,182,0.7900404930114746,True,182,0.725307285785675,True,c12_correct
183,184,184_4.bmp,preprocessed_results\184\184_4.bmp,183,183,183,0.8665578961372375,71,0.0049722762778401375,0.8615856198593974,183|71|823|276|597,0.86655790|0.00497228|0.00495891|0.00351328|0.00344515,1,0.8665578961372375,True,183,0.8665578961372375,True,183,0.6980287432670593,True,183,0.8130531311035156,True,183,0.760003387928009,True,c12_correct
184,185,185_4.bmp,preprocessed_results\185\185_4.bmp,184,184,184,0.973115861415863,357,0.0014772341819480062,0.971638627233915,184|357|185|117|115,0.97311586|0.00147723|0.00088765|0.00078005|0.00063574,1,0.973115861415863,True,184,0.973115861415863,True,184,0.7390642762184143,True,184,0.8190711140632629,True,184,0.7744104862213135,True,c12_correct
185,186,186_3.bmp,preprocessed_results\186\186_3.bmp,185,185,185,0.5053985714912415,221,0.09371285885572433,0.4116857126355171,185|221|184|553|537,0.50539857|0.09371286|0.03270792|0.00871988|0.00792678,1,0.5053985714912415,True,185,0.5053985714912415,True,185,0.29822805523872375,True,185,0.7094709873199463,True,185,0.4877299666404724,True,c12_correct
186,187,187_3.bmp,preprocessed_results\187\187_3.bmp,186,186,186,0.8858117461204529,624,0.010888513177633286,0.8749232329428196,186|624|147|828|73,0.88581175|0.01088851|0.00238915|0.00231641|0.00228534,1,0.8858117461204529,True,186,0.8858117461204529,True,186,0.6921707987785339,True,186,0.8258807063102722,True,186,0.8163854479789734,True,c12_correct
187,188,188_2.bmp,preprocessed_results\188\188_2.bmp,187,187,187,0.9219369888305664,186,0.007923875004053116,0.9140131138265133,187|186|293|120|14,0.92193699|0.00792388|0.00209983|0.00186822|0.00184056,1,0.9219369888305664,True,187,0.9219369888305664,True,187,0.8801901340484619,True,187,0.8142859935760498,True,187,0.8107775449752808,True,c12_correct
188,189,189_10.bmp,preprocessed_results\189\189_10.bmp,188,188,188,0.7066867351531982,78,0.06231001019477844,0.6443767249584198,188|78|212|258|485,0.70668674|0.06231001|0.00956293|0.00933239|0.00713932,1,0.7066867351531982,True,188,0.7066867351531982,True,188,0.7862221002578735,True,188,0.8071659207344055,True,188,0.7120335698127747,True,c12_correct
189,190,190_3.bmp,preprocessed_results\190\190_3.bmp,189,189,189,0.8695873022079468,55,0.0024285593535751104,0.8671587428543717,189|55|728|281|5,0.86958730|0.00242856|0.00218926|0.00199453|0.00175949,1,0.8695873022079468,True,189,0.8695873022079468,True,189,0.7538758516311646,True,189,0.8346072435379028,True,189,0.7637075185775757,True,c12_correct
190,191,191_7.bmp,preprocessed_results\191\191_7.bmp,190,190,190,0.774819552898407,175,0.003572740126401186,0.7712468127720058,190|175|333|790|191,0.77481955|0.00357274|0.00334471|0.00324332|0.00302389,1,0.774819552898407,True,190,0.774819552898407,True,190,0.8809478878974915,True,190,0.8123565912246704,True,190,0.8308550119400024,True,c12_correct
191,192,192_4.bmp,preprocessed_results\192\192_4.bmp,191,191,191,0.8967791795730591,190,0.005966890603303909,0.8908122889697552,191|190|737|141|446,0.89677918|0.00596689|0.00344803|0.00323243|0.00306087,1,0.8967791795730591,True,191,0.8967791795730591,True,191,0.6761000156402588,True,191,0.805824875831604,True,191,0.7596541047096252,True,c12_correct
192,193,193_8.bmp,preprocessed_results\193\193_8.bmp,192,192,192,0.9285086989402771,638,0.0022340912837535143,0.9262746076565236,192|638|38|211|152,0.92850870|0.00223409|0.00157640|0.00146214|0.00118841,1,0.9285086989402771,True,192,0.9285086989402771,True,192,0.8635520935058594,True,192,0.8436235785484314,True,192,0.8953000903129578,True,c12_correct
193,194,194_1.bmp,preprocessed_results\194\194_1.bmp,193,193,193,0.32791459560394287,275,0.06502093374729156,0.2628936618566513,193|275|28|89|748,0.32791460|0.06502093|0.01604432|0.01575549|0.01496073,1,0.32791459560394287,True,193,0.32791459560394287,True,193,0.25841450691223145,True,193,0.8001052737236023,True,193,0.523648738861084,True,c12_correct
194,195,195_3.bmp,preprocessed_results\195\195_3.bmp,194,194,194,0.9497235417366028,195,0.00403285026550293,0.9456906914710999,194|195|229|173|733,0.94972354|0.00403285|0.00137380|0.00125727|0.00105634,1,0.9497235417366028,True,194,0.9497235417366028,True,194,0.8073306679725647,True,194,0.8306631445884705,True,194,0.7384713292121887,True,c12_correct
195,196,196_7.bmp,preprocessed_results\196\196_7.bmp,195,195,195,0.9803934097290039,194,0.001884902361780405,0.9785085073672235,195|194|259|46|30,0.98039341|0.00188490|0.00110686|0.00091457|0.00091250,1,0.9803934097290039,True,195,0.9803934097290039,True,195,0.9186434149742126,True,195,0.8346476554870605,True,195,0.8738242387771606,True,c12_correct
196,197,197_3.bmp,preprocessed_results\197\197_3.bmp,196,196,196,0.7181978225708008,451,0.013528715819120407,0.7046691067516804,196|451|82|272|208,0.71819782|0.01352872|0.00446638|0.00425226|0.00357970,1,0.7181978225708008,True,196,0.7181978225708008,True,196,0.44837522506713867,True,196,0.8273608684539795,True,196,0.5978438854217529,True,c12_correct
197,198,198_4.bmp,preprocessed_results\198\198_4.bmp,197,197,197,0.8439542055130005,181,0.00676828483119607,0.8371859206818044,197|181|434|82|44,0.84395421|0.00676828|0.00512824|0.00485182|0.00373075,1,0.8439542055130005,True,197,0.8439542055130005,True,197,0.8606288433074951,True,197,0.8093128800392151,True,197,0.8993310332298279,True,c12_correct
198,199,199_5.bmp,preprocessed_results\199\199_5.bmp,198,198,198,0.8381001353263855,248,0.00966492760926485,0.8284352077171206,198|248|199|87|78,0.83810014|0.00966493|0.00686650|0.00419817|0.00218307,1,0.8381001353263855,True,198,0.8381001353263855,True,198,0.7220126390457153,True,198,0.8029091954231262,True,198,0.8736505508422852,True,c12_correct
199,200,200_7.bmp,preprocessed_results\200\200_7.bmp,199,199,199,0.22032274305820465,284,0.14005146920681,0.08027127385139465,199|284|269|285|253,0.22032274|0.14005147|0.11005878|0.06550626|0.01797267,1,0.22032274305820465,True,199,0.22032274305820465,True,199,0.18955020606517792,True,199,0.7320022583007812,True,199,0.26996520161628723,True,c12_correct
200,201,201_8.bmp,preprocessed_results\201\201_8.bmp,200,200,200,0.8566200733184814,172,0.01643924042582512,0.8401808328926563,200|172|334|359|202,0.85662007|0.01643924|0.01635290|0.00315237|0.00205410,1,0.8566200733184814,True,200,0.8566200733184814,True,200,0.5731226205825806,True,200,0.8169140219688416,True,200,0.6540271043777466,True,c12_correct
201,202,202_9.bmp,preprocessed_results\202\202_9.bmp,201,201,201,0.7057399749755859,130,0.043718498200178146,0.6620214767754078,201|130|104|131|50,0.70573997|0.04371850|0.01445018|0.01187243|0.00903197,1,0.7057399749755859,True,201,0.7057399749755859,True,201,0.6883870363235474,True,201,0.7909005284309387,True,201,0.6317028403282166,True,c12_correct
202,203,203_9.bmp,preprocessed_results\203\203_9.bmp,202,202,202,0.7680033445358276,379,0.008782264776527882,0.7592210797592998,202|379|70|526|130,0.76800334|0.00878226|0.00656478|0.00619488|0.00407900,1,0.7680033445358276,True,202,0.7680033445358276,True,202,0.42812013626098633,True,202,0.8198879361152649,True,202,0.612805962562561,True,c12_correct
203,204,204_1.bmp,preprocessed_results\204\204_1.bmp,203,203,203,0.9352083206176758,188,0.005163094960153103,0.9300452256575227,203|188|94|202|511,0.93520832|0.00516309|0.00339163|0.00256921|0.00113822,1,0.9352083206176758,True,203,0.9352083206176758,True,203,0.862687349319458,True,203,0.8107929825782776,True,203,0.871471643447876,True,c12_correct
204,205,205_5.bmp,preprocessed_results\205\205_5.bmp,204,204,204,0.6913626790046692,158,0.012690644711256027,0.6786720342934132,204|158|34|318|288,0.69136268|0.01269064|0.01009515|0.00825084|0.00700266,1,0.6913626790046692,True,204,0.6913626790046692,True,204,0.6951114535331726,True,204,0.8362873196601868,True,204,0.5314761400222778,True,c12_correct
205,206,206_10.bmp,preprocessed_results\206\206_10.bmp,205,205,205,0.5322094559669495,8,0.01786508597433567,0.5143443699926138,205|8|319|347|175,0.53220946|0.01786509|0.00891239|0.00793212|0.00753333,1,0.5322094559669495,True,205,0.5322094559669495,True,205,0.7638404369354248,True,205,0.8207537531852722,True,205,0.7261906862258911,True,c12_correct
206,207,207_2.bmp,preprocessed_results\207\207_2.bmp,206,206,206,0.9636865258216858,207,0.007726250682026148,0.9559602751396596,206|207|13|52|662,0.96368653|0.00772625|0.00178883|0.00113635|0.00076856,1,0.9636865258216858,True,206,0.9636865258216858,True,206,0.9028711318969727,True,206,0.7930517792701721,True,206,0.7774891257286072,True,c12_correct
207,208,208_3.bmp,preprocessed_results\208\208_3.bmp,207,207,207,0.7567776441574097,206,0.028802739456295967,0.7279749047011137,207|206|257|131|289,0.75677764|0.02880274|0.00745357|0.00404280|0.00394837,1,0.7567776441574097,True,207,0.7567776441574097,True,207,0.5326303839683533,True,207,0.8301960229873657,True,207,0.6706754565238953,True,c12_correct
208,209,209_7.bmp,preprocessed_results\209\209_7.bmp,208,208,208,0.46881169080734253,49,0.042931895703077316,0.4258797951042652,208|49|339|135|217,0.46881169|0.04293190|0.01669463|0.01147080|0.01139283,1,0.46881169080734253,True,208,0.46881169080734253,True,208,0.24935010075569153,True,208,0.7777497172355652,True,208,0.37020203471183777,True,c12_correct
209,210,210_2.bmp,preprocessed_results\210\210_2.bmp,209,209,209,0.9091984629631042,208,0.005192183423787355,0.9040062795393169,209|208|338|67|233,0.90919846|0.00519218|0.00204839|0.00178998|0.00149910,1,0.9091984629631042,True,209,0.9091984629631042,True,209,0.8772916197776794,True,209,0.7664820551872253,True,209,0.7923738360404968,True,c12_correct
210,211,211_5.bmp,preprocessed_results\211\211_5.bmp,210,210,210,0.8554617166519165,211,0.10034249722957611,0.7551192194223404,210|211|70|477|534,0.85546172|0.10034250|0.00357843|0.00129988|0.00120518,1,0.8554617166519165,True,210,0.8554617166519165,True,210,0.8622680902481079,True,210,0.851537823677063,True,210,0.8339458703994751,True,c12_correct
211,212,212_6.bmp,preprocessed_results\212\212_6.bmp,211,211,211,0.6699241399765015,109,0.015044467523694038,0.6548796724528074,211|109|212|210|43,0.66992414|0.01504447|0.00632746|0.00547366|0.00385478,1,0.6699241399765015,True,211,0.6699241399765015,True,211,0.3676847219467163,True,211,0.8031045198440552,True,211,0.6269712448120117,True,c12_correct
212,213,213_10.bmp,preprocessed_results\213\213_10.bmp,212,212,212,0.8968297243118286,213,0.01183148194104433,0.8849982423707843,212|213|33|218|188,0.89682972|0.01183148|0.00433398|0.00313071|0.00283812,1,0.8968297243118286,True,212,0.8968297243118286,True,212,0.6021069884300232,True,212,0.8243248462677002,True,212,0.8317739963531494,True,c12_correct
213,214,214_2.bmp,preprocessed_results\214\214_2.bmp,213,213,213,0.899007260799408,270,0.0038631907664239407,0.895144070032984,213|270|212|43|185,0.89900726|0.00386319|0.00367912|0.00348196|0.00306673,1,0.899007260799408,True,213,0.899007260799408,True,213,0.7619452476501465,True,213,0.8009544014930725,True,213,0.8243927359580994,True,c12_correct
214,215,215_2.bmp,preprocessed_results\215\215_2.bmp,214,214,214,0.7167389392852783,215,0.007081849966198206,0.7096570893190801,214|215|257|817|2,0.71673894|0.00708185|0.00546673|0.00456383|0.00424762,1,0.7167389392852783,True,214,0.7167389392852783,True,214,0.4718441069126129,True,214,0.7981656789779663,True,214,0.5653918385505676,True,c12_correct
215,216,216_8.bmp,preprocessed_results\216\216_8.bmp,215,215,215,0.9245496392250061,238,0.002635018900036812,0.9219146203249693,215|238|214|352|449,0.92454964|0.00263502|0.00197257|0.00171011|0.00157183,1,0.9245496392250061,True,215,0.9245496392250061,True,215,0.7754679918289185,True,215,0.8316750526428223,True,215,0.7807191610336304,True,c12_correct
216,217,217_9.bmp,preprocessed_results\217\217_9.bmp,216,216,216,0.922343373298645,589,0.006739714182913303,0.9156036591157317,216|589|335|46|217,0.92234337|0.00673971|0.00630121|0.00299470|0.00256560,1,0.922343373298645,True,216,0.922343373298645,True,216,0.8194435238838196,True,216,0.8304846882820129,True,216,0.7456266283988953,True,c12_correct
217,218,218_1.bmp,preprocessed_results\218\218_1.bmp,217,217,217,0.930239737033844,216,0.003663614857941866,0.9265761221759021,217|216|148|119|251,0.93023974|0.00366361|0.00135319|0.00111249|0.00082755,1,0.930239737033844,True,217,0.930239737033844,True,217,0.8642519116401672,True,217,0.8381491303443909,True,217,0.863914430141449,True,c12_correct
218,219,219_9.bmp,preprocessed_results\219\219_9.bmp,218,218,218,0.4485221803188324,251,0.03239348158240318,0.4161286987364292,218|251|195|250|219,0.44852218|0.03239348|0.02731287|0.01676483|0.01219170,1,0.4485221803188324,True,218,0.4485221803188324,True,218,0.5211737751960754,True,218,0.7741115093231201,True,218,0.6186277866363525,True,c12_correct
219,220,220_6.bmp,preprocessed_results\220\220_6.bmp,219,219,219,0.9085919857025146,183,0.004282635636627674,0.904309350065887,219|183|450|339|250,0.90859199|0.00428264|0.00337138|0.00300317|0.00178476,1,0.9085919857025146,True,219,0.9085919857025146,True,219,0.5918978452682495,True,219,0.7925917506217957,True,219,0.665554940700531,True,c12_correct
220,221,221_7.bmp,preprocessed_results\221\221_7.bmp,220,220,220,0.9003363847732544,221,0.012364675290882587,0.8879717094823718,220|221|332|605|512,0.90033638|0.01236468|0.00767614|0.00564032|0.00328307,1,0.9003363847732544,True,220,0.9003363847732544,True,220,0.6868171691894531,True,220,0.8361133933067322,True,220,0.7207807898521423,True,c12_correct
221,222,222_5.bmp,preprocessed_results\222\222_5.bmp,221,221,221,0.7797701954841614,185,0.09069673717021942,0.689073458313942,221|185|184|143|649,0.77977020|0.09069674|0.00924523|0.00554235|0.00341304,1,0.7797701954841614,True,221,0.7797701954841614,True,221,0.4035095274448395,True,221,0.8170692324638367,True,221,0.4797017574310303,True,c12_correct
222,223,223_7.bmp,preprocessed_results\223\223_7.bmp,222,222,222,0.674470841884613,123,0.011119125410914421,0.6633517164736986,222|123|134|114|223,0.67447084|0.01111913|0.00618309|0.00530448|0.00480250,1,0.674470841884613,True,222,0.674470841884613,True,222,0.47959819436073303,True,222,0.7863883376121521,True,222,0.5274297595024109,True,c12_correct
223,224,224_6.bmp,preprocessed_results\224\224_6.bmp,223,223,223,0.8456155061721802,94,0.008371513336896896,0.8372439928352833,223|94|203|214|10,0.84561551|0.00837151|0.00780889|0.00319270|0.00309431,1,0.8456155061721802,True,223,0.8456155061721802,True,223,0.7447614073753357,True,223,0.8157117962837219,True,223,0.8110013008117676,True,c12_correct
224,225,225_7.bmp,preprocessed_results\225\225_7.bmp,224,224,224,0.07899786531925201,599,0.03559621423482895,0.043401651084423065,224|599|684|598|269,0.07899787|0.03559621|0.03405184|0.02433765|0.01960854,1,0.07899786531925201,True,224,0.07899786531925201,True,224,0.09333335608243942,True,224,0.7459568977355957,True,224,0.19052866101264954,True,c12_correct
225,226,226_8.bmp,preprocessed_results\226\226_8.bmp,225,225,225,0.9256781935691833,285,0.011593218892812729,0.9140849746763706,225|285|541|273|159,0.92567819|0.01159322|0.00743042|0.00244764|0.00185706,1,0.9256781935691833,True,225,0.9256781935691833,True,225,0.7652304768562317,True,225,0.8429888486862183,True,225,0.7250452041625977,True,c12_correct
226,227,227_7.bmp,preprocessed_results\227\227_7.bmp,226,226,226,0.7329148650169373,366,0.020856095477938652,0.7120587695389986,226|366|227|382|536,0.73291487|0.02085610|0.01917784|0.01724411|0.00751425,1,0.7329148650169373,True,226,0.7329148650169373,True,226,0.45197227597236633,True,226,0.8348656296730042,True,226,0.6886224150657654,True,c12_correct
227,228,228_5.bmp,preprocessed_results\228\228_5.bmp,227,227,227,0.7508096694946289,226,0.021265769377350807,0.7295439001172781,227|226|558|8|435,0.75080967|0.02126577|0.01443052|0.00662674|0.00568949,1,0.7508096694946289,True,227,0.7508096694946289,True,227,0.4341992139816284,True,227,0.8207723498344421,True,227,0.7048823237419128,True,c12_correct
228,229,229_10.bmp,preprocessed_results\229\229_10.bmp,228,228,228,0.8468641042709351,2,0.011103562079370022,0.835760542191565,228|2|301|214|416,0.84686410|0.01110356|0.00686821|0.00426193|0.00366175,1,0.8468641042709351,True,228,0.8468641042709351,True,228,0.7146780490875244,True,228,0.7583143711090088,True,228,0.7007896304130554,True,c12_correct
229,230,230_6.bmp,preprocessed_results\230\230_6.bmp,229,229,229,0.9287511110305786,230,0.0012324561830610037,0.9275186548475176,229|230|411|562|487,0.92875111|0.00123246|0.00121159|0.00119803|0.00102585,1,0.9287511110305786,True,229,0.9287511110305786,True,229,0.8153754472732544,True,229,0.8242619633674622,True,229,0.8153120875358582,True,c12_correct
230,231,231_8.bmp,preprocessed_results\231\231_8.bmp,230,230,230,0.9323239326477051,10,0.004270060919225216,0.9280538717284799,230|10|231|8|229,0.93232393|0.00427006|0.00366414|0.00198622|0.00173681,1,0.9323239326477051,True,230,0.9323239326477051,True,230,0.8343822360038757,True,230,0.8032076358795166,True,230,0.8424414992332458,True,c12_correct
231,232,232_2.bmp,preprocessed_results\232\232_2.bmp,231,231,231,0.08672795444726944,177,0.025181204080581665,0.061546750366687775,231|177|101|230|8,0.08672795|0.02518120|0.02223055|0.01841906|0.01838536,1,0.08672795444726944,True,231,0.08672795444726944,True,231,0.28941118717193604,True,231,0.6178604364395142,True,231,0.2477644979953766,True,c12_correct
232,233,233_9.bmp,preprocessed_results\233\233_9.bmp,232,232,232,0.8528613448143005,501,0.007034858223050833,0.8458264865912497,232|501|100|179|233,0.85286134|0.00703486|0.00629629|0.00434488|0.00410493,1,0.8528613448143005,True,232,0.8528613448143005,True,232,0.7298665046691895,True,232,0.8017300367355347,True,232,0.7295190691947937,True,c12_correct
233,234,234_5.bmp,preprocessed_results\234\234_5.bmp,233,233,233,0.9374255537986755,232,0.004680990241467953,0.9327445635572076,233|232|83|581|338,0.93742555|0.00468099|0.00316492|0.00259708|0.00192382,1,0.9374255537986755,True,233,0.9374255537986755,True,233,0.8580744862556458,True,233,0.8248369097709656,True,233,0.8038818836212158,True,c12_correct
234,235,235_1.bmp,preprocessed_results\235\235_1.bmp,234,234,234,0.6789712309837341,453,0.011493837460875511,0.6674773935228586,234|453|539|434|488,0.67897123|0.01149384|0.00820150|0.00804128|0.00644050,1,0.6789712309837341,True,234,0.6789712309837341,True,234,0.4189314544200897,True,234,0.7478001713752747,True,234,0.3923686444759369,True,c12_correct
235,236,236_1.bmp,preprocessed_results\236\236_1.bmp,235,235,235,0.5550439953804016,234,0.03318954259157181,0.5218544527888298,235|234|332|490|568,0.55504400|0.03318954|0.02856325|0.02520436|0.01562338,1,0.5550439953804016,True,235,0.5550439953804016,True,235,0.8523260951042175,True,235,0.7926990985870361,True,235,0.5071165561676025,True,c12_correct
236,237,237_3.bmp,preprocessed_results\237\237_3.bmp,236,236,236,0.17241986095905304,627,0.06214693933725357,0.11027292162179947,236|627|175|237|318,0.17241986|0.06214694|0.04873284|0.03566824|0.03061817,1,0.17241986095905304,True,236,0.17241986095905304,True,236,0.20972086489200592,True,236,0.7620693445205688,True,236,0.4973122775554657,True,c12_correct
237,238,238_8.bmp,preprocessed_results\238\238_8.bmp,237,237,237,0.7691136002540588,236,0.022698068991303444,0.7464155312627554,237|236|101|16|325,0.76911360|0.02269807|0.00722273|0.00521795|0.00411518,1,0.7691136002540588,True,237,0.7691136002540588,True,237,0.4853178858757019,True,237,0.819837212562561,True,237,0.8048105239868164,True,c12_correct
238,239,239_8.bmp,preprocessed_results\239\239_8.bmp,238,238,238,0.7907878756523132,215,0.00447001401335001,0.7863178616389632,238|215|239|60|345,0.79078788|0.00447001|0.00388650|0.00321380|0.00301298,1,0.7907878756523132,True,238,0.7907878756523132,True,238,0.810429573059082,True,238,0.835816502571106,True,238,0.834819495677948,True,c12_correct
239,240,240_3.bmp,preprocessed_results\240\240_3.bmp,239,239,239,0.7320871949195862,440,0.005646334961056709,0.7264408599585295,239|440|238|67|250,0.73208719|0.00564633|0.00471420|0.00404544|0.00404015,1,0.7320871949195862,True,239,0.7320871949195862,True,239,0.8432623744010925,True,239,0.8423862457275391,True,239,0.776098906993866,True,c12_correct
240,241,241_8.bmp,preprocessed_results\241\241_8.bmp,240,240,240,0.8275278806686401,241,0.009142874740064144,0.818385005928576,240|241|220|327|346,0.82752788|0.00914287|0.00354834|0.00202654|0.00202546,1,0.8275278806686401,True,240,0.8275278806686401,True,240,0.691243052482605,True,240,0.8382948637008667,True,240,0.7810190916061401,True,c12_correct
241,242,242_2.bmp,preprocessed_results\242\242_2.bmp,241,241,241,0.373227596282959,147,0.03692575916647911,0.3363018371164799,241|147|85|341|21,0.37322760|0.03692576|0.02278421|0.01235584|0.00878994,1,0.373227596282959,True,241,0.373227596282959,True,241,0.3010842800140381,True,241,0.7817326188087463,True,241,0.430002361536026,True,c12_correct
242,243,243_7.bmp,preprocessed_results\243\243_7.bmp,242,242,242,0.9365922212600708,160,0.002565415808930993,0.9340268054511398,242|160|766|478|229,0.93659222|0.00256542|0.00188633|0.00144555|0.00140215,1,0.9365922212600708,True,242,0.9365922212600708,True,242,0.8462074995040894,True,242,0.8403093218803406,True,242,0.9073469042778015,True,c12_correct
243,244,244_9.bmp,preprocessed_results\244\244_9.bmp,243,243,243,0.9409545660018921,795,0.001886217505671084,0.939068348496221,243|795|818|506|37,0.94095457|0.00188622|0.00178967|0.00136770|0.00116989,1,0.9409545660018921,True,243,0.9409545660018921,True,243,0.8873431086540222,True,243,0.8073908090591431,True,243,0.8504442572593689,True,c12_correct
244,245,245_1.bmp,preprocessed_results\245\245_1.bmp,244,244,244,0.8794108033180237,400,0.004615283105522394,0.8747955202125013,244|400|300|298|245,0.87941080|0.00461528|0.00363098|0.00278776|0.00275634,1,0.8794108033180237,True,244,0.8794108033180237,True,244,0.9235342144966125,True,244,0.8125522136688232,True,244,0.8109917044639587,True,c12_correct
245,246,246_1.bmp,preprocessed_results\246\246_1.bmp,245,245,245,0.715410590171814,539,0.005973675288259983,0.709436914883554,245|539|41|376|199,0.71541059|0.00597368|0.00540196|0.00530622|0.00529302,1,0.715410590171814,True,245,0.715410590171814,True,245,0.42013996839523315,True,245,0.793397068977356,True,245,0.5347439646720886,True,c12_correct
246,247,247_4.bmp,preprocessed_results\247\247_4.bmp,246,246,246,0.7644126415252686,247,0.08952708542346954,0.674885556101799,246|247|126|357|689,0.76441264|0.08952709|0.01119742|0.00965016|0.00476965,1,0.7644126415252686,True,246,0.7644126415252686,True,246,0.7111591696739197,True,246,0.7422641515731812,True,246,0.628157377243042,True,c12_correct
247,248,248_2.bmp,preprocessed_results\248\248_2.bmp,247,247,247,0.6174271702766418,246,0.04605353623628616,0.5713736340403557,247|246|30|142|6,0.61742717|0.04605354|0.02620785|0.01126823|0.00914588,1,0.6174271702766418,True,247,0.6174271702766418,True,247,0.04243095591664314,True,247,0.7841535210609436,True,247,0.46840715408325195,True,c12_correct
248,249,249_1.bmp,preprocessed_results\249\249_1.bmp,248,248,248,0.8528898358345032,302,0.008396292105317116,0.8444935437291861,248|302|162|198|78,0.85288984|0.00839629|0.00585938|0.00372283|0.00311379,1,0.8528898358345032,True,248,0.8528898358345032,True,248,0.8978615403175354,True,248,0.8354926109313965,True,248,0.8666630983352661,True,c12_correct
249,250,250_8.bmp,preprocessed_results\250\250_8.bmp,249,249,249,0.8377189636230469,252,0.010125105269253254,0.8275938583537936,249|252|269|268|324,0.83771896|0.01012511|0.00717689|0.00364356|0.00354614,1,0.8377189636230469,True,249,0.8377189636230469,True,249,0.7653617262840271,True,249,0.8135241866111755,True,249,0.8509129881858826,True,c12_correct
250,251,251_5.bmp,preprocessed_results\251\251_5.bmp,250,250,250,0.9624700546264648,96,0.0031457797158509493,0.9593242749106139,250|96|251|95|330,0.96247005|0.00314578|0.00250868|0.00140555|0.00053178,1,0.9624700546264648,True,250,0.9624700546264648,True,250,0.711665153503418,True,250,0.8265690803527832,True,250,0.7893664240837097,True,c12_correct
251,252,252_4.bmp,preprocessed_results\252\252_4.bmp,251,251,251,0.6294829249382019,277,0.03736359626054764,0.5921193286776543,251|277|250|295|67,0.62948292|0.03736360|0.02137112|0.01282827|0.01143764,1,0.6294829249382019,True,251,0.6294829249382019,True,251,0.1984560340642929,True,251,0.7467906475067139,True,251,0.22764840722084045,True,c12_correct
252,253,253_10.bmp,preprocessed_results\253\253_10.bmp,252,252,252,0.7519077062606812,154,0.01597396843135357,0.7359337378293276,252|154|249|284|198,0.75190771|0.01597397|0.01466430|0.01193086|0.00690463,1,0.7519077062606812,True,252,0.7519077062606812,True,252,0.7362930178642273,True,252,0.7890079617500305,True,252,0.6123083829879761,True,c12_correct
253,254,254_4.bmp,preprocessed_results\254\254_4.bmp,253,253,253,0.09411834180355072,158,0.05178139731287956,0.04233694449067116,253|158|728|187|159,0.09411834|0.05178140|0.04229720|0.03695680|0.02783942,1,0.09411834180355072,True,253,0.09411834180355072,True,253,0.5054067373275757,True,253,0.7730311751365662,True,253,0.4806680977344513,True,c12_correct
254,255,255_4.bmp,preprocessed_results\255\255_4.bmp,254,254,254,0.8080337643623352,255,0.0538005568087101,0.7542332075536251,254|255|228|24|14,0.80803376|0.05380056|0.00328884|0.00324205|0.00286515,1,0.8080337643623352,True,254,0.8080337643623352,True,254,0.839789092540741,True,254,0.807001531124115,True,254,0.8626630306243896,True,c12_correct
255,256,256_6.bmp,preprocessed_results\256\256_6.bmp,255,255,255,0.8626459240913391,254,0.008306053467094898,0.8543398706242442,255|254|349|15|43,0.86264592|0.00830605|0.00402056|0.00304682|0.00241775,1,0.8626459240913391,True,255,0.8626459240913391,True,255,0.4139748811721802,True,255,0.7597140669822693,True,255,0.3981412351131439,True,c12_correct
256,257,257_3.bmp,preprocessed_results\257\257_3.bmp,256,256,256,0.9114495515823364,386,0.002315250691026449,0.90913430089131,256|386|754|603|319,0.91144955|0.00231525|0.00188840|0.00149138|0.00138053,1,0.9114495515823364,True,256,0.9114495515823364,True,256,0.7808870673179626,True,256,0.8371625542640686,True,256,0.7890276908874512,True,c12_correct
257,258,258_8.bmp,preprocessed_results\258\258_8.bmp,257,257,257,0.9248083233833313,339,0.0021976723801344633,0.9226106510031968,257|339|261|256|91,0.92480832|0.00219767|0.00202006|0.00189090|0.00184844,1,0.9248083233833313,True,257,0.9248083233833313,True,257,0.7103919982910156,True,257,0.8322258591651917,True,257,0.8520551323890686,True,c12_correct
258,259,259_10.bmp,preprocessed_results\259\259_10.bmp,258,258,258,0.8448379635810852,77,0.0028326199389994144,0.8420053436420858,258|77|152|283|87,0.84483796|0.00283262|0.00276355|0.00181695|0.00180234,1,0.8448379635810852,True,258,0.8448379635810852,True,258,0.6906899809837341,True,258,0.8548904061317444,True,258,0.6546504497528076,True,c12_correct
259,260,260_2.bmp,preprocessed_results\260\260_2.bmp,259,259,259,0.603302001953125,195,0.008221845142543316,0.5950801568105817,259|195|111|575|787,0.60330200|0.00822185|0.00689986|0.00641519|0.00634656,1,0.603302001953125,True,259,0.603302001953125,True,259,0.6693030595779419,True,259,0.7926037311553955,True,259,0.7015136480331421,True,c12_correct
260,261,261_1.bmp,preprocessed_results\261\261_1.bmp,260,260,260,0.9196830987930298,261,0.006245732307434082,0.9134373664855957,260|261|287|319|195,0.91968310|0.00624573|0.00587004|0.00393415|0.00136543,1,0.9196830987930298,True,260,0.9196830987930298,True,260,0.8733338117599487,True,260,0.8392126560211182,True,260,0.7274884581565857,True,c12_correct
261,262,262_4.bmp,preprocessed_results\262\262_4.bmp,261,261,261,0.914854884147644,290,0.012215164490044117,0.9026397196575999,261|290|260|21|287,0.91485488|0.01221516|0.00392443|0.00245939|0.00208388,1,0.914854884147644,True,261,0.914854884147644,True,261,0.7054235935211182,True,261,0.8258645534515381,True,261,0.8168089389801025,True,c12_correct
262,263,263_5.bmp,preprocessed_results\263\263_5.bmp,262,262,262,0.9323095679283142,334,0.004507752601057291,0.9278018153272569,262|334|325|255|231,0.93230957|0.00450775|0.00390108|0.00361239|0.00202111,1,0.9323095679283142,True,262,0.9323095679283142,True,262,0.9032405614852905,True,262,0.8574600219726562,True,262,0.8420262932777405,True,c12_correct
263,264,264_2.bmp,preprocessed_results\264\264_2.bmp,263,263,263,0.8823824524879456,267,0.00845157727599144,0.8739308752119541,263|267|276|89|262,0.88238245|0.00845158|0.00271640|0.00247788|0.00240916,1,0.8823824524879456,True,263,0.8823824524879456,True,263,0.8010860085487366,True,263,0.8188163638114929,True,263,0.759357213973999,True,c12_correct
264,265,265_5.bmp,preprocessed_results\265\265_5.bmp,264,264,264,0.7758389115333557,49,0.045106321573257446,0.7307325899600983,264|49|208|295|68,0.77583891|0.04510632|0.02696794|0.00599474|0.00373971,1,0.7758389115333557,True,264,0.7758389115333557,True,264,0.6136935353279114,True,264,0.8081297874450684,True,264,0.7784490585327148,True,c12_correct
265,266,266_1.bmp,preprocessed_results\266\266_1.bmp,265,265,265,0.8118236660957336,153,0.01653352752327919,0.7952901385724545,265|153|303|138|37,0.81182367|0.01653353|0.00931626|0.00651401|0.00595237,1,0.8118236660957336,True,265,0.8118236660957336,True,265,0.4188287556171417,True,265,0.8068385124206543,True,265,0.7418564558029175,True,c12_correct
266,267,267_3.bmp,preprocessed_results\267\267_3.bmp,266,266,266,0.7343522906303406,338,0.022350192070007324,0.7120020985603333,266|338|497|254|233,0.73435229|0.02235019|0.00519315|0.00426577|0.00413174,1,0.7343522906303406,True,266,0.7343522906303406,True,266,0.4354759454727173,True,266,0.8210803866386414,True,266,0.6285802125930786,True,c12_correct
267,268,268_1.bmp,preprocessed_results\268\268_1.bmp,267,267,267,0.976111114025116,270,0.0007494212477467954,0.9753616927773692,267|270|193|339|97,0.97611111|0.00074942|0.00074288|0.00038122|0.00036016,1,0.976111114025116,True,267,0.976111114025116,True,267,0.8494590520858765,True,267,0.8352119326591492,True,267,0.8283273577690125,True,c12_correct
268,269,269_7.bmp,preprocessed_results\269\269_7.bmp,268,268,268,0.9461594223976135,163,0.0022192378528416157,0.9439401845447719,268|163|251|421|95,0.94615942|0.00221924|0.00125517|0.00121224|0.00089350,1,0.9461594223976135,True,268,0.9461594223976135,True,268,0.9157472848892212,True,268,0.8257851600646973,True,268,0.8202613592147827,True,c12_correct
269,270,270_1.bmp,preprocessed_results\270\270_1.bmp,269,269,269,0.6667335629463196,139,0.06028351932764053,0.606450043618679,269|139|286|568|302,0.66673356|0.06028352|0.02020321|0.01007041|0.00938850,1,0.6667335629463196,True,269,0.6667335629463196,True,269,0.7094284296035767,True,269,0.8128648400306702,True,269,0.671527087688446,True,c12_correct
270,271,271_3.bmp,preprocessed_results\271\271_3.bmp,270,270,270,0.8741349577903748,271,0.08112272620201111,0.7930122315883636,270|271|564|30|267,0.87413496|0.08112273|0.00288766|0.00179748|0.00148902,1,0.8741349577903748,True,270,0.8741349577903748,True,270,0.8442605137825012,True,270,0.8455799221992493,True,270,0.8132631182670593,True,c12_correct
271,272,272_1.bmp,preprocessed_results\272\272_1.bmp,271,271,271,0.7769659757614136,504,0.00965262670069933,0.7673133490607142,271|504|270|598|144,0.77696598|0.00965263|0.00947733|0.00662102|0.00424195,1,0.7769659757614136,True,271,0.7769659757614136,True,271,0.5981502532958984,True,271,0.7453829646110535,True,271,0.6488009095191956,True,c12_correct
272,273,273_6.bmp,preprocessed_results\273\273_6.bmp,272,272,272,0.8613021969795227,273,0.03661482036113739,0.8246873766183853,272|273|565|587|564,0.86130220|0.03661482|0.01111333|0.00238367|0.00232023,1,0.8613021969795227,True,272,0.8613021969795227,True,272,0.7804572582244873,True,272,0.8263424038887024,True,272,0.7741585373878479,True,c12_correct
273,274,274_2.bmp,preprocessed_results\274\274_2.bmp,273,273,273,0.8639299869537354,272,0.05976451188325882,0.8041654750704765,273|272|143|270|339,0.86392999|0.05976451|0.00382402|0.00355842|0.00277469,1,0.8639299869537354,True,273,0.8639299869537354,True,273,0.8765882849693298,True,273,0.8251475095748901,True,273,0.9320734739303589,True,c12_correct
274,275,275_8.bmp,preprocessed_results\275\275_8.bmp,274,274,274,0.7636246681213379,120,0.011646660976111889,0.751978007145226,274|120|47|153|289,0.76362467|0.01164666|0.01112668|0.00896170|0.00726847,1,0.7636246681213379,True,274,0.7636246681213379,True,274,0.7217784523963928,True,274,0.8319404721260071,True,274,0.7625699043273926,True,c12_correct
275,276,276_3.bmp,preprocessed_results\276\276_3.bmp,275,275,275,0.8850604891777039,274,0.011090854182839394,0.8739696349948645,275|274|21|578|277,0.88506049|0.01109085|0.00874282|0.00380020|0.00308298,1,0.8850604891777039,True,275,0.8850604891777039,True,275,0.8376737236976624,True,275,0.8120813369750977,True,275,0.7673323750495911,True,c12_correct
276,277,277_6.bmp,preprocessed_results\277\277_6.bmp,276,276,42,0.10360398888587952,276,0.06082736328244209,0.042776625603437424,42|276|329|251|432,0.10360399|0.06082736|0.05432807|0.04674277|0.03291818,2,0.06082736328244209,True,42,0.10360398888587952,False,276,0.0907338485121727,True,276,0.5429534316062927,True,276,0.12268649786710739,True,teacher_all_correct;low_margin;true_in_top5
277,278,278_5.bmp,preprocessed_results\278\278_5.bmp,277,277,277,0.6874358654022217,320,0.014614522457122803,0.6728213429450989,277|320|278|59|172,0.68743587|0.01461452|0.01411372|0.01265920|0.01148396,1,0.6874358654022217,True,277,0.6874358654022217,True,277,0.4913191497325897,True,277,0.7926443815231323,True,277,0.3603668510913849,True,c12_correct
278,279,279_6.bmp,preprocessed_results\279\279_6.bmp,278,278,278,0.34425944089889526,172,0.03634736314415932,0.30791207775473595,278|172|279|173|213,0.34425944|0.03634736|0.03075385|0.02261116|0.01895455,1,0.34425944089889526,True,278,0.34425944089889526,True,278,0.40090474486351013,True,278,0.8005096912384033,True,278,0.7219039797782898,True,c12_correct
279,280,280_4.bmp,preprocessed_results\280\280_4.bmp,279,279,279,0.9263885021209717,278,0.007056569214910269,0.9193319329060614,279|278|792|274|257,0.92638850|0.00705657|0.00270613|0.00216254|0.00202271,1,0.9263885021209717,True,279,0.9263885021209717,True,279,0.7882598042488098,True,279,0.8061201572418213,True,279,0.7376769781112671,True,c12_correct
280,281,281_5.bmp,preprocessed_results\281\281_5.bmp,280,280,280,0.9292429685592651,281,0.012477248907089233,0.9167657196521759,280|281|148|178|1,0.92924297|0.01247725|0.00309647|0.00104301|0.00099985,1,0.9292429685592651,True,280,0.9292429685592651,True,280,0.9118324518203735,True,280,0.8175246119499207,True,280,0.8789328336715698,True,c12_correct
281,282,282_1.bmp,preprocessed_results\282\282_1.bmp,281,281,281,0.9347026944160461,420,0.006737879477441311,0.9279648149386048,281|420|40|232|280,0.93470269|0.00673788|0.00245439|0.00229245|0.00212880,1,0.9347026944160461,True,281,0.9347026944160461,True,281,0.828276515007019,True,281,0.8484746217727661,True,281,0.8046217560768127,True,c12_correct
282,283,283_9.bmp,preprocessed_results\283\283_9.bmp,282,282,282,0.6926093101501465,283,0.07429386675357819,0.6183154433965683,282|283|531|273|142,0.69260931|0.07429387|0.01250312|0.01205213|0.01053977,1,0.6926093101501465,True,282,0.6926093101501465,True,282,0.4796973764896393,True,282,0.8201028108596802,True,282,0.584182858467102,True,c12_correct
283,284,284_7.bmp,preprocessed_results\284\284_7.bmp,283,283,283,0.8757924437522888,282,0.0326533168554306,0.8431391268968582,283|282|117|273|665,0.87579244|0.03265332|0.00522219|0.00420445|0.00301045,1,0.8757924437522888,True,283,0.8757924437522888,True,283,0.6692676544189453,True,283,0.8352515697479248,True,283,0.7591683864593506,True,c12_correct
284,285,285_8.bmp,preprocessed_results\285\285_8.bmp,284,284,284,0.5654566884040833,285,0.04022939130663872,0.5252272970974445,284|285|224|269|676,0.56545669|0.04022939|0.03261717|0.01740919|0.01362014,1,0.5654566884040833,True,284,0.5654566884040833,True,284,0.6396360397338867,True,284,0.8167852759361267,True,284,0.637486457824707,True,c12_correct
285,286,286_3.bmp,preprocessed_results\286\286_3.bmp,285,285,285,0.7755141854286194,225,0.02984742261469364,0.7456667628139257,285|225|284|624|784,0.77551419|0.02984742|0.01256410|0.00514943|0.00380642,1,0.7755141854286194,True,285,0.7755141854286194,True,285,0.5719086527824402,True,285,0.8006489276885986,True,285,0.5580289959907532,True,c12_correct
286,287,287_9.bmp,preprocessed_results\287\287_9.bmp,286,286,286,0.8581055402755737,287,0.009024747647345066,0.8490807926282287,286|287|302|660|236,0.85810554|0.00902475|0.00649474|0.00304161|0.00299575,1,0.8581055402755737,True,286,0.8581055402755737,True,286,0.313799649477005,True,286,0.8087708950042725,True,286,0.5781782865524292,True,c12_correct
287,288,288_8.bmp,preprocessed_results\288\288_8.bmp,287,287,287,0.4166180193424225,261,0.017584901303052902,0.3990331180393696,287|261|286|169|128,0.41661802|0.01758490|0.01444768|0.01287908|0.01168223,1,0.4166180193424225,True,287,0.4166180193424225,True,287,0.45278987288475037,True,287,0.7865373492240906,True,287,0.44465741515159607,True,c12_correct
288,289,289_8.bmp,preprocessed_results\289\289_8.bmp,288,288,288,0.9520798325538635,131,0.004021958913654089,0.9480578736402094,288|131|118|95|162,0.95207983|0.00402196|0.00263261|0.00098196|0.00084400,1,0.9520798325538635,True,288,0.9520798325538635,True,288,0.8680344820022583,True,288,0.815605103969574,True,288,0.8436425924301147,True,c12_correct
289,290,290_6.bmp,preprocessed_results\290\290_6.bmp,289,289,289,0.6556522846221924,118,0.02358601987361908,0.6320662647485733,289|118|277|288|158,0.65565228|0.02358602|0.01767596|0.00890382|0.00820573,1,0.6556522846221924,True,289,0.6556522846221924,True,289,0.5426594614982605,True,289,0.8239730596542358,True,289,0.6133415699005127,True,c12_correct
290,291,291_4.bmp,preprocessed_results\291\291_4.bmp,290,290,290,0.9403385519981384,291,0.013814582489430904,0.9265239695087075,290|291|159|261|284,0.94033855|0.01381458|0.00402900|0.00394316|0.00159591,1,0.9403385519981384,True,290,0.9403385519981384,True,290,0.9032749533653259,True,290,0.8247109055519104,True,290,0.7619705200195312,True,c12_correct
291,292,292_1.bmp,preprocessed_results\292\292_1.bmp,291,291,291,0.8688163757324219,159,0.015749434009194374,0.8530669417232275,291|159|290|253|65,0.86881638|0.01574943|0.01105727|0.00632681|0.00241167,1,0.8688163757324219,True,291,0.8688163757324219,True,291,0.744962215423584,True,291,0.8015739321708679,True,291,0.6713095307350159,True,c12_correct
292,293,293_8.bmp,preprocessed_results\293\293_8.bmp,292,292,292,0.8832027912139893,298,0.004946368280798197,0.8782564229331911,292|298|186|158|820,0.88320279|0.00494637|0.00354543|0.00315738|0.00281171,1,0.8832027912139893,True,292,0.8832027912139893,True,292,0.7079032063484192,True,292,0.8061219453811646,True,292,0.7966090440750122,True,c12_correct
293,294,294_10.bmp,preprocessed_results\294\294_10.bmp,293,293,293,0.9224410653114319,292,0.005892659071832895,0.916548406239599,293|292|675|205|12,0.92244107|0.00589266|0.00350007|0.00229774|0.00224610,1,0.9224410653114319,True,293,0.9224410653114319,True,293,0.8582970499992371,True,293,0.8386491537094116,True,293,0.6501796841621399,True,c12_correct
294,295,295_6.bmp,preprocessed_results\295\295_6.bmp,294,294,294,0.7813283801078796,548,0.005517784506082535,0.7758105956017971,294|548|549|555|70,0.78132838|0.00551778|0.00513257|0.00491887|0.00415983,1,0.7813283801078796,True,294,0.7813283801078796,True,294,0.544096052646637,True,294,0.7959542274475098,True,294,0.6131967902183533,True,c12_correct
295,296,296_6.bmp,preprocessed_results\296\296_6.bmp,295,295,295,0.521679162979126,69,0.01019913051277399,0.511480032466352,295|69|305|294|642,0.52167916|0.01019913|0.00925185|0.00917058|0.00621981,1,0.521679162979126,True,295,0.521679162979126,True,295,0.6463165879249573,True,295,0.797756552696228,True,295,0.6330760717391968,True,c12_correct
296,297,297_3.bmp,preprocessed_results\297\297_3.bmp,296,296,296,0.9628555178642273,297,0.005980449728667736,0.9568750681355596,296|297|141|274|533,0.96285552|0.00598045|0.00175643|0.00102349|0.00094516,1,0.9628555178642273,True,296,0.9628555178642273,True,296,0.7036672234535217,True,296,0.8199683427810669,True,296,0.6635331511497498,True,c12_correct
297,298,298_4.bmp,preprocessed_results\298\298_4.bmp,297,297,297,0.4865961968898773,296,0.08168615400791168,0.40491004288196564,297|296|341|160|205,0.48659620|0.08168615|0.02431136|0.02313850|0.01079931,1,0.4865961968898773,True,297,0.4865961968898773,True,297,0.44422048330307007,True,297,0.7591803669929504,True,297,0.12947478890419006,True,c12_correct
298,299,299_9.bmp,preprocessed_results\299\299_9.bmp,298,298,298,0.9423421025276184,175,0.0020373337902128696,0.9403047687374055,298|175|244|167|400,0.94234210|0.00203733|0.00138846|0.00123421|0.00097410,1,0.9423421025276184,True,298,0.9423421025276184,True,298,0.8842045664787292,True,298,0.8106371760368347,True,298,0.837958574295044,True,c12_correct
299,300,300_10.bmp,preprocessed_results\300\300_10.bmp,299,299,299,0.5518693327903748,141,0.10652584582567215,0.4453434869647026,299|141|298|284|154,0.55186933|0.10652585|0.03145883|0.01081608|0.00777094,1,0.5518693327903748,True,299,0.5518693327903748,True,299,0.49184510111808777,True,299,0.7829300165176392,True,299,0.5852370858192444,True,c12_correct
300,301,301_10.bmp,preprocessed_results\301\301_10.bmp,300,300,300,0.9212581515312195,244,0.005787470377981663,0.9154706811532378,300|244|86|495|386,0.92125815|0.00578747|0.00349082|0.00222783|0.00171601,1,0.9212581515312195,True,300,0.9212581515312195,True,300,0.7432777285575867,True,300,0.8505785465240479,True,300,0.8668290376663208,True,c12_correct
301,302,302_10.bmp,preprocessed_results\302\302_10.bmp,301,301,301,0.30043384432792664,43,0.033082976937294006,0.26735086739063263,301|43|211|210|185,0.30043384|0.03308298|0.02211986|0.01717758|0.01698476,1,0.30043384432792664,True,301,0.30043384432792664,True,301,0.17879712581634521,True,301,0.727555513381958,True,301,0.4160085916519165,True,c12_correct
302,303,303_10.bmp,preprocessed_results\303\303_10.bmp,302,302,302,0.7912466526031494,119,0.008857976645231247,0.7823886759579182,302|119|303|287|318,0.79124665|0.00885798|0.00641897|0.00596673|0.00582894,1,0.7912466526031494,True,302,0.7912466526031494,True,302,0.30232182145118713,True,302,0.7718635201454163,True,302,0.6770495772361755,True,c12_correct
303,304,304_6.bmp,preprocessed_results\304\304_6.bmp,303,303,303,0.800177812576294,507,0.013068480417132378,0.7871093321591616,303|507|235|337|29,0.80017781|0.01306848|0.01306791|0.00928195|0.00856331,1,0.800177812576294,True,303,0.800177812576294,True,303,0.5962857007980347,True,303,0.8218790292739868,True,303,0.8225775361061096,True,c12_correct
304,305,305_2.bmp,preprocessed_results\305\305_2.bmp,304,304,304,0.8650352358818054,326,0.013332793489098549,0.8517024423927069,304|326|133|188|378,0.86503524|0.01333279|0.00573606|0.00418030|0.00408476,1,0.8650352358818054,True,304,0.8650352358818054,True,304,0.764291524887085,True,304,0.8651877045631409,True,304,0.8464246988296509,True,c12_correct
305,306,306_6.bmp,preprocessed_results\306\306_6.bmp,305,305,305,0.6439248919487,304,0.03468877822160721,0.6092361137270927,305|304|326|75|787,0.64392489|0.03468878|0.02850501|0.02672033|0.01655240,1,0.6439248919487,True,305,0.6439248919487,True,305,0.38261932134628296,True,305,0.7979332208633423,True,305,0.2887662649154663,True,c12_correct
306,307,307_7.bmp,preprocessed_results\307\307_7.bmp,306,306,306,0.9618285894393921,307,0.004490450024604797,0.9573381394147873,306|307|118|817|797,0.96182859|0.00449045|0.00133817|0.00127149|0.00098523,1,0.9618285894393921,True,306,0.9618285894393921,True,306,0.8926535248756409,True,306,0.8391762375831604,True,306,0.8505324721336365,True,c12_correct
307,308,308_9.bmp,preprocessed_results\308\308_9.bmp,307,307,307,0.9190866947174072,306,0.008879120461642742,0.9102075742557645,307|306|20|41|425,0.91908669|0.00887912|0.00144443|0.00140130|0.00115568,1,0.9190866947174072,True,307,0.9190866947174072,True,307,0.8449850082397461,True,307,0.8386923670768738,True,307,0.8274281620979309,True,c12_correct
308,309,309_9.bmp,preprocessed_results\309\309_9.bmp,308,308,308,0.9553473591804504,309,0.0027898033149540424,0.9525575558654964,308|309|84|60|0,0.95534736|0.00278980|0.00152564|0.00142404|0.00102243,1,0.9553473591804504,True,308,0.9553473591804504,True,308,0.7227191925048828,True,308,0.8334454894065857,True,308,0.8108764886856079,True,c12_correct
309,310,310_9.bmp,preprocessed_results\310\310_9.bmp,309,309,309,0.929888904094696,219,0.0032993811182677746,0.9265895229764283,309|219|308|98|4,0.92988890|0.00329938|0.00161682|0.00140710|0.00119320,1,0.929888904094696,True,309,0.929888904094696,True,309,0.8192331194877625,True,309,0.8189021348953247,True,309,0.777419924736023,True,c12_correct
310,311,311_9.bmp,preprocessed_results\311\311_9.bmp,310,310,310,0.4708233177661896,783,0.017337379977107048,0.4534859377890825,310|783|652|659|653,0.47082332|0.01733738|0.01525772|0.01305691|0.00936262,1,0.4708233177661896,True,310,0.4708233177661896,True,310,0.3805178105831146,True,310,0.7872028946876526,True,310,0.5297548770904541,True,c12_correct
311,312,312_7.bmp,preprocessed_results\312\312_7.bmp,311,311,311,0.7578485608100891,315,0.0048783933743834496,0.7529701674357057,311|315|675|783|57,0.75784856|0.00487839|0.00468200|0.00348789|0.00347991,1,0.7578485608100891,True,311,0.7578485608100891,True,311,0.8486864566802979,True,311,0.8067275285720825,True,311,0.8541154861450195,True,c12_correct
312,313,313_3.bmp,preprocessed_results\313\313_3.bmp,312,312,312,0.9460555911064148,674,0.0015678658382967114,0.9444877252681181,312|674|256|313|250,0.94605559|0.00156787|0.00139868|0.00105441|0.00093029,1,0.9460555911064148,True,312,0.9460555911064148,True,312,0.8039668202400208,True,312,0.8282945156097412,True,312,0.8195515275001526,True,c12_correct
313,314,314_9.bmp,preprocessed_results\314\314_9.bmp,313,313,313,0.9306280016899109,312,0.003151842625811696,0.9274761590640992,313|312|206|292|662,0.93062800|0.00315184|0.00194548|0.00159745|0.00136312,1,0.9306280016899109,True,313,0.9306280016899109,True,313,0.6932271718978882,True,313,0.815483808517456,True,313,0.8201410174369812,True,c12_correct
314,315,315_5.bmp,preprocessed_results\315\315_5.bmp,314,314,314,0.8522774577140808,82,0.010645120404660702,0.8416323373094201,314|82|546|315|176,0.85227746|0.01064512|0.00809400|0.00509846|0.00445294,1,0.8522774577140808,True,314,0.8522774577140808,True,314,0.8028514385223389,True,314,0.8271735906600952,True,314,0.7651713490486145,True,c12_correct
315,316,316_1.bmp,preprocessed_results\316\316_1.bmp,315,315,315,0.9230898022651672,140,0.0025874795392155647,0.9205023227259517,315|140|531|494|29,0.92308980|0.00258748|0.00248762|0.00154464|0.00132982,1,0.9230898022651672,True,315,0.9230898022651672,True,315,0.8353484272956848,True,315,0.8631104826927185,True,315,0.8702097535133362,True,c12_correct
316,317,317_6.bmp,preprocessed_results\317\317_6.bmp,316,316,316,0.8161901235580444,323,0.007020916789770126,0.8091692067682743,316|323|128|399|317,0.81619012|0.00702092|0.00573279|0.00463256|0.00369177,1,0.8161901235580444,True,316,0.8161901235580444,True,316,0.8036032915115356,True,316,0.8215985298156738,True,316,0.8687023520469666,True,c12_correct
317,318,318_10.bmp,preprocessed_results\318\318_10.bmp,317,317,317,0.7839022874832153,64,0.01732846535742283,0.7665738221257925,317|64|323|322|340,0.78390229|0.01732847|0.01140831|0.00618675|0.00464038,1,0.7839022874832153,True,317,0.7839022874832153,True,317,0.6233959197998047,True,317,0.7890346646308899,True,317,0.6588646173477173,True,c12_correct
318,319,319_5.bmp,preprocessed_results\319\319_5.bmp,318,318,318,0.8863133788108826,162,0.004825774114578962,0.8814876046963036,318|162|319|761|333,0.88631338|0.00482577|0.00233316|0.00162289|0.00135274,1,0.8863133788108826,True,318,0.8863133788108826,True,318,0.8758119940757751,True,318,0.8465142250061035,True,318,0.825977623462677,True,c12_correct
319,320,320_1.bmp,preprocessed_results\320\320_1.bmp,319,319,319,0.8154809474945068,260,0.010852882638573647,0.8046280648559332,319|260|318|261|82,0.81548095|0.01085288|0.00785844|0.00476693|0.00405552,1,0.8154809474945068,True,319,0.8154809474945068,True,319,0.6944219470024109,True,319,0.8185691833496094,True,319,0.8090822696685791,True,c12_correct
320,321,321_8.bmp,preprocessed_results\321\321_8.bmp,320,320,320,0.4780988097190857,321,0.0740131363272667,0.404085673391819,320|321|43|276|516,0.47809881|0.07401314|0.01160475|0.01044627|0.00984493,1,0.4780988097190857,True,320,0.4780988097190857,True,320,0.41550564765930176,True,320,0.7745705842971802,True,320,0.1909407377243042,True,c12_correct
321,322,322_2.bmp,preprocessed_results\322\322_2.bmp,321,321,321,0.21502022445201874,320,0.14457957446575165,0.07044064998626709,321|320|43|720|339,0.21502022|0.14457957|0.06917977|0.01169519|0.01114269,1,0.21502022445201874,True,321,0.21502022445201874,True,321,0.10646232962608337,True,321,0.2016560584306717,True,321,0.08975730836391449,True,c12_correct
322,323,323_6.bmp,preprocessed_results\323\323_6.bmp,322,322,322,0.7726176381111145,170,0.007565669249743223,0.7650519688613713,322|170|528|4|502,0.77261764|0.00756567|0.00710463|0.00679219|0.00620287,1,0.7726176381111145,True,322,0.7726176381111145,True,322,0.3592623174190521,True,322,0.7716378569602966,True,322,0.6282961368560791,True,c12_correct
323,324,324_5.bmp,preprocessed_results\324\324_5.bmp,323,323,323,0.41568607091903687,416,0.05228887125849724,0.3633971996605396,323|416|317|215|444,0.41568607|0.05228887|0.02170514|0.01690464|0.01628660,1,0.41568607091903687,True,323,0.41568607091903687,True,323,0.5006257891654968,True,323,0.8051959872245789,True,323,0.5609757900238037,True,c12_correct
324,325,325_9.bmp,preprocessed_results\325\325_9.bmp,324,324,324,0.2616199851036072,201,0.021914031356573105,0.23970595374703407,324|201|423|130|334,0.26161999|0.02191403|0.01797701|0.01661518|0.01421865,1,0.2616199851036072,True,324,0.2616199851036072,True,324,0.310334712266922,True,324,0.7866380214691162,True,324,0.4754652678966522,True,c12_correct
325,326,326_4.bmp,preprocessed_results\326\326_4.bmp,325,325,325,0.9559269547462463,275,0.004538805689662695,0.9513881490565836,325|275|420|336|748,0.95592695|0.00453881|0.00137212|0.00095077|0.00091809,1,0.9559269547462463,True,325,0.9559269547462463,True,325,0.8391897082328796,True,325,0.8308422565460205,True,325,0.8266931772232056,True,c12_correct
326,327,327_5.bmp,preprocessed_results\327\327_5.bmp,326,326,326,0.7661020755767822,304,0.01760270446538925,0.748499371111393,326|304|79|188|328,0.76610208|0.01760270|0.00987066|0.00500341|0.00457120,1,0.7661020755767822,True,326,0.7661020755767822,True,326,0.6641405820846558,True,326,0.8102614879608154,True,326,0.6277344822883606,True,c12_correct
327,328,328_7.bmp,preprocessed_results\328\328_7.bmp,327,327,327,0.583226203918457,163,0.01307760365307331,0.5701486002653837,327|163|77|607|93,0.58322620|0.01307760|0.00838403|0.00710319|0.00687795,1,0.583226203918457,True,327,0.583226203918457,True,327,0.08096951246261597,True,327,0.7444038391113281,True,327,0.5394582748413086,True,c12_correct
328,329,329_5.bmp,preprocessed_results\329\329_5.bmp,328,328,328,0.8627908825874329,10,0.01237329002469778,0.8504175925627351,328|10|329|216|106,0.86279088|0.01237329|0.00928559|0.00679796|0.00648758,1,0.8627908825874329,True,328,0.8627908825874329,True,328,0.6017061471939087,True,328,0.8068865537643433,True,328,0.732943058013916,True,c12_correct
329,330,330_6.bmp,preprocessed_results\330\330_6.bmp,329,329,329,0.8673194646835327,266,0.004210549872368574,0.8631089148111641,329|266|214|262|328,0.86731946|0.00421055|0.00376120|0.00305085|0.00297232,1,0.8673194646835327,True,329,0.8673194646835327,True,329,0.6605647802352905,True,329,0.8139509558677673,True,329,0.5688748955726624,True,c12_correct
330,331,331_7.bmp,preprocessed_results\331\331_7.bmp,330,330,330,0.9176619052886963,338,0.0058485371991992,0.9118133680894971,330|338|12|331|794,0.91766191|0.00584854|0.00306532|0.00281443|0.00221460,1,0.9176619052886963,True,330,0.9176619052886963,True,330,0.7909072041511536,True,330,0.823542594909668,True,330,0.7473279237747192,True,c12_correct
331,332,332_3.bmp,preprocessed_results\332\332_3.bmp,331,331,331,0.9090156555175781,52,0.002161010866984725,0.9068546446505934,331|52|792|279|339,0.90901566|0.00216101|0.00153004|0.00140817|0.00134135,1,0.9090156555175781,True,331,0.9090156555175781,True,331,0.7794360518455505,True,331,0.7931804060935974,True,331,0.7637822031974792,True,c12_correct
332,333,333_9.bmp,preprocessed_results\333\333_9.bmp,332,332,332,0.7946511507034302,479,0.009025399573147297,0.7856257511302829,332|479|220|478|333,0.79465115|0.00902540|0.00834143|0.00571101|0.00513043,1,0.7946511507034302,True,332,0.7946511507034302,True,332,0.504421055316925,True,332,0.8121078610420227,True,332,0.767697811126709,True,c12_correct
333,334,334_8.bmp,preprocessed_results\334\334_8.bmp,333,333,333,0.4782784581184387,332,0.04792962223291397,0.43034883588552475,333|332|773|142|644,0.47827846|0.04792962|0.01563580|0.01487990|0.00817094,1,0.4782784581184387,True,333,0.4782784581184387,True,333,0.2913348078727722,True,333,0.8001828193664551,True,333,0.3853820860385895,True,c12_correct
334,335,335_4.bmp,preprocessed_results\335\335_4.bmp,334,334,334,0.8147459626197815,335,0.006114949006587267,0.8086310136131942,334|335|819|262|18,0.81474596|0.00611495|0.00378499|0.00340133|0.00328265,1,0.8147459626197815,True,334,0.8147459626197815,True,334,0.8308634757995605,True,334,0.8177525401115417,True,334,0.6939746141433716,True,c12_correct
335,336,336_9.bmp,preprocessed_results\336\336_9.bmp,335,335,335,0.911589503288269,334,0.008867488242685795,0.9027220150455832,335|334|45|216|363,0.91158950|0.00886749|0.00776087|0.00676757|0.00361634,1,0.911589503288269,True,335,0.911589503288269,True,335,0.7048458456993103,True,335,0.7636817097663879,True,335,0.5654311776161194,True,c12_correct
336,337,337_8.bmp,preprocessed_results\337\337_8.bmp,336,336,336,0.7615911364555359,41,0.01933198980987072,0.7422591466456652,336|41|390|405|395,0.76159114|0.01933199|0.00703418|0.00454865|0.00439291,1,0.7615911364555359,True,336,0.7615911364555359,True,336,0.613970160484314,True,336,0.8274381756782532,True,336,0.6100314855575562,True,c12_correct
337,338,338_8.bmp,preprocessed_results\338\338_8.bmp,337,337,337,0.7620412707328796,336,0.009140833280980587,0.752900437451899,337|336|303|660|425,0.76204127|0.00914083|0.00627333|0.00318828|0.00295291,1,0.7620412707328796,True,337,0.7620412707328796,True,337,0.7319801449775696,True,337,0.816789448261261,True,337,0.7970611453056335,True,c12_correct
338,339,339_2.bmp,preprocessed_results\339\339_2.bmp,338,338,338,0.9379458427429199,330,0.002122021047398448,0.9358238216955215,338|330|738|233|176,0.93794584|0.00212202|0.00147468|0.00108187|0.00106156,1,0.9379458427429199,True,338,0.9379458427429199,True,338,0.8284817337989807,True,338,0.7798557281494141,True,338,0.8720651865005493,True,c12_correct
339,340,340_9.bmp,preprocessed_results\340\340_9.bmp,339,339,339,0.7956466674804688,257,0.01793905533850193,0.7777076121419668,339|257|639|746|267,0.79564667|0.01793906|0.01494148|0.00755349|0.00438030,1,0.7956466674804688,True,339,0.7956466674804688,True,339,0.7800619006156921,True,339,0.8263714909553528,True,339,0.8406185507774353,True,c12_correct
340,341,341_5.bmp,preprocessed_results\341\341_5.bmp,340,340,340,0.9660494327545166,322,0.0023377961479127407,0.9637116366066039,340|322|778|816|798,0.96604943|0.00233780|0.00226078|0.00081207|0.00075265,1,0.9660494327545166,True,340,0.9660494327545166,True,340,0.9355489611625671,True,340,0.8285942077636719,True,340,0.809528648853302,True,c12_correct
341,342,342_5.bmp,preprocessed_results\342\342_5.bmp,341,341,341,0.7928740978240967,800,0.00897338055074215,0.7839007172733545,341|800|133|103|703,0.79287410|0.00897338|0.00529014|0.00488011|0.00326212,1,0.7928740978240967,True,341,0.7928740978240967,True,341,0.23000776767730713,True,341,0.7969291806221008,True,341,0.676072895526886,True,c12_correct
342,343,343_4.bmp,preprocessed_results\343\343_4.bmp,342,342,342,0.9455400109291077,350,0.0020209643989801407,0.9435190465301275,342|350|486|396|364,0.94554001|0.00202096|0.00110915|0.00093742|0.00086249,1,0.9455400109291077,True,342,0.9455400109291077,True,342,0.8359135389328003,True,342,0.8311133980751038,True,342,0.8589710593223572,True,c12_correct
343,344,344_7.bmp,preprocessed_results\344\344_7.bmp,343,343,343,0.08445526659488678,503,0.016526466235518456,0.06792880035936832,343|503|352|205|24,0.08445527|0.01652647|0.01338609|0.01271465|0.01257983,1,0.08445526659488678,True,343,0.08445526659488678,True,343,0.3310820162296295,True,343,0.647014319896698,True,343,0.28462186455726624,True,c12_correct
344,345,345_3.bmp,preprocessed_results\345\345_3.bmp,344,344,344,0.9041696190834045,515,0.009944670833647251,0.8942249482497573,344|515|458|319|459,0.90416962|0.00994467|0.00211302|0.00179910|0.00118440,1,0.9041696190834045,True,344,0.9041696190834045,True,344,0.8178269267082214,True,344,0.8154652714729309,True,344,0.8828286528587341,True,c12_correct
345,346,346_5.bmp,preprocessed_results\346\346_5.bmp,345,345,345,0.9085980653762817,353,0.006608952302485704,0.901989113073796,345|353|449|352|433,0.90859807|0.00660895|0.00431595|0.00352516|0.00265293,1,0.9085980653762817,True,345,0.9085980653762817,True,345,0.8786259889602661,True,345,0.8222123980522156,True,345,0.8011511564254761,True,c12_correct
346,347,347_10.bmp,preprocessed_results\347\347_10.bmp,346,346,346,0.7091747522354126,722,0.00950410682708025,0.6996706454083323,346|722|347|76|177,0.70917475|0.00950411|0.00788496|0.00590660|0.00476165,1,0.7091747522354126,True,346,0.7091747522354126,True,346,0.675952136516571,True,346,0.8474368453025818,True,346,0.7494010925292969,True,c12_correct
347,348,348_1.bmp,preprocessed_results\348\348_1.bmp,347,347,347,0.9367212653160095,346,0.004016835242509842,0.9327044300734997,347|346|473|369|454,0.93672127|0.00401684|0.00208387|0.00125431|0.00114724,1,0.9367212653160095,True,347,0.9367212653160095,True,347,0.8916627764701843,True,347,0.8317981958389282,True,347,0.7899946570396423,True,c12_correct
348,349,349_3.bmp,preprocessed_results\349\349_3.bmp,348,348,348,0.18102483451366425,392,0.05917559936642647,0.12184923514723778,348|392|429|370|349,0.18102483|0.05917560|0.02706730|0.02114663|0.01826759,1,0.18102483451366425,True,348,0.18102483451366425,True,348,0.05139249935746193,True,348,0.06953317672014236,True,348,0.07705648988485336,True,c12_correct
349,350,350_2.bmp,preprocessed_results\350\350_2.bmp,349,349,349,0.9010868668556213,266,0.009418156929314137,0.8916687099263072,349|266|348|389|419,0.90108687|0.00941816|0.00819140|0.00238366|0.00207848,1,0.9010868668556213,True,349,0.9010868668556213,True,349,0.8411916494369507,True,349,0.8387691974639893,True,349,0.882623016834259,True,c12_correct
350,351,351_9.bmp,preprocessed_results\351\351_9.bmp,350,350,350,0.7073312997817993,351,0.021662408486008644,0.6856688912957907,350|351|514|469|164,0.70733130|0.02166241|0.00726653|0.00603281|0.00580202,1,0.7073312997817993,True,350,0.7073312997817993,True,350,0.8780113458633423,True,350,0.8518442511558533,True,350,0.7975200414657593,True,c12_correct
351,352,352_3.bmp,preprocessed_results\352\352_3.bmp,351,351,351,0.8322649598121643,510,0.012903309427201748,0.8193616503849626,351|510|342|487|456,0.83226496|0.01290331|0.00512832|0.00490637|0.00462480,1,0.8322649598121643,True,351,0.8322649598121643,True,351,0.8574929237365723,True,351,0.8305898904800415,True,351,0.8287941217422485,True,c12_correct
352,353,353_5.bmp,preprocessed_results\353\353_5.bmp,352,352,352,0.8816838264465332,353,0.010116429068148136,0.8715673973783851,352|353|365|345|408,0.88168383|0.01011643|0.00562109|0.00238388|0.00237206,1,0.8816838264465332,True,352,0.8816838264465332,True,352,0.8175946474075317,True,352,0.8413774371147156,True,352,0.8154023289680481,True,c12_correct
353,354,354_1.bmp,preprocessed_results\354\354_1.bmp,353,353,353,0.48394250869750977,352,0.11868096888065338,0.3652615398168564,353|352|345|433|126,0.48394251|0.11868097|0.08502196|0.05063985|0.01121421,1,0.48394250869750977,True,353,0.48394250869750977,True,353,0.2764774262905121,True,353,0.555644154548645,True,353,0.2533957064151764,True,c12_correct
354,355,355_4.bmp,preprocessed_results\355\355_4.bmp,354,354,354,0.8773782253265381,584,0.005186755675822496,0.8721914696507156,354|584|181|450|493,0.87737823|0.00518676|0.00481647|0.00423242|0.00331847,1,0.8773782253265381,True,354,0.8773782253265381,True,354,0.822378933429718,True,354,0.8537753224372864,True,354,0.8701257109642029,True,c12_correct
355,356,356_8.bmp,preprocessed_results\356\356_8.bmp,355,355,355,0.9238677024841309,537,0.002540443791076541,0.9213272586930543,355|537|227|382|487,0.92386770|0.00254044|0.00212863|0.00211609|0.00202344,1,0.9238677024841309,True,355,0.9238677024841309,True,355,0.6106467247009277,True,355,0.8204054236412048,True,355,0.8268659710884094,True,c12_correct
356,357,357_7.bmp,preprocessed_results\357\357_7.bmp,356,356,356,0.9151191711425781,557,0.004232187755405903,0.9108869833871722,356|557|160|543|561,0.91511917|0.00423219|0.00281724|0.00249462|0.00210977,1,0.9151191711425781,True,356,0.9151191711425781,True,356,0.7409515976905823,True,356,0.8283064961433411,True,356,0.688817024230957,True,c12_correct
357,358,358_1.bmp,preprocessed_results\358\358_1.bmp,357,357,357,0.870756983757019,550,0.0060920254327356815,0.8646649583242834,357|550|8|226|530,0.87075698|0.00609203|0.00318425|0.00257194|0.00233338,1,0.870756983757019,True,357,0.870756983757019,True,357,0.7662981748580933,True,357,0.8453443646430969,True,357,0.6619211435317993,True,c12_correct
358,359,359_10.bmp,preprocessed_results\359\359_10.bmp,358,358,358,0.8381828665733337,359,0.0430314727127552,0.7951513938605785,358|359|554|372|563,0.83818287|0.04303147|0.00604759|0.00506583|0.00405568,1,0.8381828665733337,True,358,0.8381828665733337,True,358,0.8303564786911011,True,358,0.8350566029548645,True,358,0.7469042539596558,True,c12_correct
359,360,360_2.bmp,preprocessed_results\360\360_2.bmp,359,359,359,0.7941776514053345,505,0.007638857234269381,0.7865387941710651,359|505|358|504|258,0.79417765|0.00763886|0.00705021|0.00570276|0.00535621,1,0.7941776514053345,True,359,0.7941776514053345,True,359,0.6284681558609009,True,359,0.8129370212554932,True,359,0.5059595108032227,True,c12_correct
360,361,361_3.bmp,preprocessed_results\361\361_3.bmp,360,360,360,0.8346517086029053,361,0.006756869610399008,0.8278948389925063,360|361|303|157|147,0.83465171|0.00675687|0.00468583|0.00268578|0.00246505,1,0.8346517086029053,True,360,0.8346517086029053,True,360,0.7583115100860596,True,360,0.818217396736145,True,360,0.7646821737289429,True,c12_correct
361,362,362_4.bmp,preprocessed_results\362\362_4.bmp,361,361,361,0.9206203818321228,360,0.0027035463135689497,0.9179168355185539,361|360|459|539|154,0.92062038|0.00270355|0.00145770|0.00127543|0.00110361,1,0.9206203818321228,True,361,0.9206203818321228,True,361,0.8344733119010925,True,361,0.8251808881759644,True,361,0.868922233581543,True,c12_correct
362,363,363_5.bmp,preprocessed_results\363\363_5.bmp,362,362,362,0.914705753326416,559,0.0033793265465646982,0.9113264267798513,362|559|363|808|539,0.91470575|0.00337933|0.00196267|0.00195124|0.00154102,1,0.914705753326416,True,362,0.914705753326416,True,362,0.9076599478721619,True,362,0.8025630116462708,True,362,0.8394796848297119,True,c12_correct
363,364,364_1.bmp,preprocessed_results\364\364_1.bmp,363,363,363,0.7918554544448853,357,0.023374048992991447,0.7684814054518938,363|357|358|538|564,0.79185545|0.02337405|0.01275012|0.01065922|0.00408706,1,0.7918554544448853,True,363,0.7918554544448853,True,363,0.3553469181060791,True,363,0.7881960272789001,True,363,0.6281689405441284,True,c12_correct
364,365,365_7.bmp,preprocessed_results\365\365_7.bmp,364,364,364,0.8609444499015808,434,0.004399354103952646,0.8565450957976282,364|434|376|446|515,0.86094445|0.00439935|0.00421046|0.00336266|0.00237150,1,0.8609444499015808,True,364,0.8609444499015808,True,364,0.8811852931976318,True,364,0.8194340467453003,True,364,0.7897982001304626,True,c12_correct
365,366,366_4.bmp,preprocessed_results\366\366_4.bmp,365,365,365,0.9047150015830994,449,0.01227717474102974,0.8924378268420696,365|449|352|384|515,0.90471500|0.01227717|0.00381378|0.00247585|0.00212146,1,0.9047150015830994,True,365,0.9047150015830994,True,365,0.8103225231170654,True,365,0.8556822538375854,True,365,0.856239378452301,True,c12_correct
366,367,367_3.bmp,preprocessed_results\367\367_3.bmp,366,366,366,0.7745850086212158,382,0.009079848416149616,0.7655051602050662,366|382|722|448|396,0.77458501|0.00907985|0.00431841|0.00350214|0.00343362,1,0.7745850086212158,True,366,0.7745850086212158,True,366,0.5558934211730957,True,366,0.8435027599334717,True,366,0.7370438575744629,True,c12_correct
367,368,368_3.bmp,preprocessed_results\368\368_3.bmp,367,367,367,0.9498029947280884,366,0.0029820112977176905,0.9468209834303707,367|366|343|443|487,0.94980299|0.00298201|0.00187612|0.00105010|0.00102323,1,0.9498029947280884,True,367,0.9498029947280884,True,367,0.8832902908325195,True,367,0.8485002517700195,True,367,0.8563825488090515,True,c12_correct
368,369,369_10.bmp,preprocessed_results\369\369_10.bmp,368,368,368,0.879902184009552,369,0.0026881000958383083,0.8772140839137137,368|369|45|203|511,0.87990218|0.00268810|0.00244203|0.00222177|0.00216288,1,0.879902184009552,True,368,0.879902184009552,True,368,0.8311357498168945,True,368,0.8389531970024109,True,368,0.7574450969696045,True,c12_correct
369,370,370_7.bmp,preprocessed_results\370\370_7.bmp,369,369,369,0.966265857219696,528,0.0012496723793447018,0.9650161848403513,369|528|458|235|347,0.96626586|0.00124967|0.00110364|0.00094173|0.00073912,1,0.966265857219696,True,369,0.966265857219696,True,369,0.892685055732727,True,369,0.8368263244628906,True,369,0.8526294231414795,True,c12_correct
370,371,371_3.bmp,preprocessed_results\371\371_3.bmp,370,370,370,0.8731944561004639,462,0.010265007615089417,0.8629294484853745,370|462|507|556|398,0.87319446|0.01026501|0.00214074|0.00185827|0.00142733,1,0.8731944561004639,True,370,0.8731944561004639,True,370,0.7823209166526794,True,370,0.8408583402633667,True,370,0.863349437713623,True,c12_correct
371,372,372_3.bmp,preprocessed_results\372\372_3.bmp,371,371,371,0.8943083882331848,393,0.00961149763315916,0.8846968906000257,371|393|353|352|365,0.89430839|0.00961150|0.00711654|0.00352134|0.00350505,1,0.8943083882331848,True,371,0.8943083882331848,True,371,0.8163006901741028,True,371,0.8454236388206482,True,371,0.8162509202957153,True,c12_correct
372,373,373_1.bmp,preprocessed_results\373\373_1.bmp,372,372,372,0.8550365567207336,373,0.006667654495686293,0.8483689022250473,372|373|555|102|448,0.85503656|0.00666765|0.00611848|0.00554586|0.00451538,1,0.8550365567207336,True,372,0.8550365567207336,True,372,0.8237771391868591,True,372,0.8252207040786743,True,372,0.7975998520851135,True,c12_correct
373,374,374_8.bmp,preprocessed_results\374\374_8.bmp,373,373,373,0.9160541296005249,372,0.0038618457037955523,0.9121922838967294,373|372|475|102|689,0.91605413|0.00386185|0.00274430|0.00212258|0.00194657,1,0.9160541296005249,True,373,0.9160541296005249,True,373,0.8778768181800842,True,373,0.842119574546814,True,373,0.799150288105011,True,c12_correct
374,375,375_3.bmp,preprocessed_results\375\375_3.bmp,374,374,374,0.9593900442123413,156,0.004556454252451658,0.9548335899598897,374|156|88|375|18,0.95939004|0.00455645|0.00156638|0.00119901|0.00115923,1,0.9593900442123413,True,374,0.9593900442123413,True,374,0.7133087515830994,True,374,0.8285359144210815,True,374,0.858775794506073,True,c12_correct
375,376,376_8.bmp,preprocessed_results\376\376_8.bmp,375,375,375,0.7342101335525513,377,0.02128245308995247,0.7129276804625988,375|377|415|374|366,0.73421013|0.02128245|0.01539253|0.01427029|0.00732958,1,0.7342101335525513,True,375,0.7342101335525513,True,375,0.15678776800632477,True,375,0.7917875051498413,True,375,0.3288825452327728,True,c12_correct
376,377,377_3.bmp,preprocessed_results\377\377_3.bmp,376,376,376,0.6051970720291138,245,0.03619479015469551,0.5690022818744183,376|245|539|414|489,0.60519707|0.03619479|0.01682054|0.01640304|0.01238123,1,0.6051970720291138,True,376,0.6051970720291138,True,376,0.8329886198043823,True,376,0.8003675937652588,True,376,0.6278231143951416,True,c12_correct
377,378,378_4.bmp,preprocessed_results\378\378_4.bmp,377,377,377,0.9410372972488403,546,0.002703411038964987,0.9383338862098753,377|546|375|226|124,0.94103730|0.00270341|0.00236066|0.00218623|0.00123933,1,0.9410372972488403,True,377,0.9410372972488403,True,377,0.7480230331420898,True,377,0.8133232593536377,True,377,0.6568224430084229,True,c12_correct
378,379,379_2.bmp,preprocessed_results\379\379_2.bmp,378,378,378,0.8562860488891602,379,0.006200646981596947,0.8500854019075632,378|379|368|412|145,0.85628605|0.00620065|0.00419923|0.00237235|0.00230946,1,0.8562860488891602,True,378,0.8562860488891602,True,378,0.4278271794319153,True,378,0.7720738053321838,True,378,0.6804508566856384,True,c12_correct
379,380,380_4.bmp,preprocessed_results\380\380_4.bmp,379,379,379,0.9049757719039917,526,0.004450968932360411,0.9005248029716313,379|526|423|417|413,0.90497577|0.00445097|0.00343159|0.00278652|0.00261548,1,0.9049757719039917,True,379,0.9049757719039917,True,379,0.8471320867538452,True,379,0.8378275632858276,True,379,0.8011637926101685,True,c12_correct
380,381,381_9.bmp,preprocessed_results\381\381_9.bmp,380,380,380,0.6524168252944946,344,0.007829121313989162,0.6445877039805055,380|344|468|381|519,0.65241683|0.00782912|0.00690282|0.00503175|0.00500814,1,0.6524168252944946,True,380,0.6524168252944946,True,380,0.6941123008728027,True,380,0.8252941370010376,True,380,0.6801044940948486,True,c12_correct
381,382,382_5.bmp,preprocessed_results\382\382_5.bmp,381,381,381,0.9512681365013123,464,0.0020942294504493475,0.9491739070508629,381|464|300|197|408,0.95126814|0.00209423|0.00131077|0.00103233|0.00089433,1,0.9512681365013123,True,381,0.9512681365013123,True,381,0.9052135944366455,True,381,0.8312296867370605,True,381,0.8911692500114441,True,c12_correct
382,383,383_7.bmp,preprocessed_results\383\383_7.bmp,382,382,382,0.619952380657196,226,0.026787230744957924,0.5931651499122381,382|226|178|448|95,0.61995238|0.02678723|0.01082167|0.00897956|0.00619056,1,0.619952380657196,True,382,0.619952380657196,True,382,0.5502936244010925,True,382,0.7703027725219727,True,382,0.5199201703071594,True,c12_correct
383,384,384_1.bmp,preprocessed_results\384\384_1.bmp,383,383,383,0.7701541185379028,202,0.044288165867328644,0.7258659526705742,383|202|465|94|795,0.77015412|0.04428817|0.00661579|0.00443395|0.00443009,1,0.7701541185379028,True,383,0.7701541185379028,True,383,0.31814223527908325,True,383,0.7797489762306213,True,383,0.5572812557220459,True,c12_correct
384,385,385_10.bmp,preprocessed_results\385\385_10.bmp,384,384,384,0.4115263819694519,456,0.038375213742256165,0.37315116822719574,384|456|385|445|487,0.41152638|0.03837521|0.02682179|0.01144357|0.01114948,1,0.4115263819694519,True,384,0.4115263819694519,True,384,0.3037925362586975,True,384,0.774836003780365,True,384,0.6627215147018433,True,c12_correct
385,386,386_10.bmp,preprocessed_results\386\386_10.bmp,385,385,385,0.946317195892334,502,0.0037920863833278418,0.9425251095090061,385|502|384|66|456,0.94631720|0.00379209|0.00141444|0.00134104|0.00072495,1,0.946317195892334,True,385,0.946317195892334,True,385,0.8061366677284241,True,385,0.8334371447563171,True,385,0.8550474643707275,True,c12_correct
386,387,387_7.bmp,preprocessed_results\387\387_7.bmp,386,386,386,0.9431761503219604,387,0.002196019282564521,0.9409801310393959,386|387|382|486|156,0.94317615|0.00219602|0.00172963|0.00162091|0.00124473,1,0.9431761503219604,True,386,0.9431761503219604,True,386,0.9161335229873657,True,386,0.8424725532531738,True,386,0.847882866859436,True,c12_correct
387,388,388_4.bmp,preprocessed_results\388\388_4.bmp,387,387,387,0.930666983127594,500,0.0031991463620215654,0.9274678367655724,387|500|516|548|386,0.93066698|0.00319915|0.00309024|0.00200223|0.00146094,1,0.930666983127594,True,387,0.930666983127594,True,387,0.908347487449646,True,387,0.8003862500190735,True,387,0.8443091511726379,True,c12_correct
388,389,389_7.bmp,preprocessed_results\389\389_7.bmp,388,388,388,0.8803951144218445,390,0.005201166495680809,0.8751939479261637,388|390|507|430|360,0.88039511|0.00520117|0.00508482|0.00252566|0.00178365,1,0.8803951144218445,True,388,0.8803951144218445,True,388,0.7104275226593018,True,388,0.8495438098907471,True,388,0.7035365104675293,True,c12_correct
389,390,390_3.bmp,preprocessed_results\390\390_3.bmp,389,389,389,0.9557942748069763,349,0.001908359001390636,0.9538859158055857,389|349|391|150|124,0.95579427|0.00190836|0.00126983|0.00096420|0.00086350,1,0.9557942748069763,True,389,0.9557942748069763,True,389,0.8872882127761841,True,389,0.8385114073753357,True,389,0.8760157823562622,True,c12_correct
390,391,391_7.bmp,preprocessed_results\391\391_7.bmp,390,390,390,0.8942904472351074,388,0.00480468338355422,0.8894857638515532,390|388|336|28|428,0.89429045|0.00480468|0.00421923|0.00212769|0.00203893,1,0.8942904472351074,True,390,0.8942904472351074,True,390,0.8213221430778503,True,390,0.848007321357727,True,390,0.8881559371948242,True,c12_correct
391,392,392_2.bmp,preprocessed_results\392\392_2.bmp,391,391,391,0.892029881477356,133,0.00895378552377224,0.8830760959535837,391|133|771|491|429,0.89202988|0.00895379|0.00305887|0.00285971|0.00255716,1,0.892029881477356,True,391,0.892029881477356,True,391,0.6365172863006592,True,391,0.836934506893158,True,391,0.8515275120735168,True,c12_correct
392,393,393_8.bmp,preprocessed_results\393\393_8.bmp,392,392,392,0.685390830039978,529,0.010258268564939499,0.6751325614750385,392|529|499|408|168,0.68539083|0.01025827|0.00651294|0.00453759|0.00449062,1,0.685390830039978,True,392,0.685390830039978,True,392,0.5194188952445984,True,392,0.8234752416610718,True,392,0.5370354056358337,True,c12_correct
393,394,394_3.bmp,preprocessed_results\394\394_3.bmp,393,393,393,0.8754333257675171,514,0.002135105663910508,0.8732982201036066,393|514|403|365|469,0.87543333|0.00213511|0.00210272|0.00204191|0.00201084,1,0.8754333257675171,True,393,0.8754333257675171,True,393,0.7049318552017212,True,393,0.8134331107139587,True,393,0.7944087982177734,True,c12_correct
394,395,395_5.bmp,preprocessed_results\395\395_5.bmp,394,394,394,0.9145793914794922,354,0.006272075232118368,0.9083073162473738,394|354|496|174|185,0.91457939|0.00627208|0.00491956|0.00212494|0.00152327,1,0.9145793914794922,True,394,0.9145793914794922,True,394,0.830297589302063,True,394,0.8526662588119507,True,394,0.8303137421607971,True,c12_correct
395,396,396_2.bmp,preprocessed_results\396\396_2.bmp,395,395,395,0.8945368528366089,375,0.003163572633638978,0.8913732802029699,395|375|536|200|392,0.89453685|0.00316357|0.00228095|0.00219730|0.00217823,1,0.8945368528366089,True,395,0.8945368528366089,True,395,0.848617672920227,True,395,0.8385721445083618,True,395,0.8658705949783325,True,c12_correct
396,397,397_1.bmp,preprocessed_results\397\397_1.bmp,396,396,396,0.9441260099411011,468,0.001954269828274846,0.9421717401128262,396|468|515|448|453,0.94412601|0.00195427|0.00167655|0.00116806|0.00116616,1,0.9441260099411011,True,396,0.9441260099411011,True,396,0.9139247536659241,True,396,0.8464984893798828,True,396,0.8796849846839905,True,c12_correct
397,398,398_1.bmp,preprocessed_results\398\398_1.bmp,397,397,397,0.8176000714302063,396,0.034834351390600204,0.7827657200396061,397|396|553|356|513,0.81760007|0.03483435|0.00299434|0.00287674|0.00285396,1,0.8176000714302063,True,397,0.8176000714302063,True,397,0.6681879758834839,True,397,0.8119211196899414,True,397,0.7160138487815857,True,c12_correct
398,399,399_6.bmp,preprocessed_results\399\399_6.bmp,398,398,398,0.931937575340271,498,0.0032169357873499393,0.9287206395529211,398|498|399|308|236,0.93193758|0.00321694|0.00214467|0.00148480|0.00122224,1,0.931937575340271,True,398,0.931937575340271,True,398,0.8623167872428894,True,398,0.8174144625663757,True,398,0.8503283262252808,True,c12_correct
399,400,400_7.bmp,preprocessed_results\400\400_7.bmp,399,399,399,0.8246234059333801,292,0.006452737841755152,0.818170668091625,399|292|398|293|461,0.82462341|0.00645274|0.00615880|0.00591398|0.00490670,1,0.8246234059333801,True,399,0.8246234059333801,True,399,0.8126164674758911,True,399,0.802280068397522,True,399,0.7908414602279663,True,c12_correct
400,401,401_6.bmp,preprocessed_results\401\401_6.bmp,400,400,400,0.6721385717391968,468,0.01751151867210865,0.6546270530670881,400|468|426|148|470,0.67213857|0.01751152|0.01005404|0.00855537|0.00799556,1,0.6721385717391968,True,400,0.6721385717391968,True,400,0.4864318072795868,True,400,0.8256038427352905,True,400,0.5878109335899353,True,c12_correct
401,402,402_2.bmp,preprocessed_results\402\402_2.bmp,401,401,401,0.5307887196540833,472,0.022500082850456238,0.508288636803627,401|472|490|414|415,0.53078872|0.02250008|0.01876923|0.01553214|0.01532083,1,0.5307887196540833,True,401,0.5307887196540833,True,401,0.13911888003349304,True,401,0.759295642375946,True,401,0.2681601047515869,True,c12_correct
402,403,403_10.bmp,preprocessed_results\403\403_10.bmp,402,402,402,0.4078536331653595,390,0.032898422330617905,0.3749552108347416,402|390|403|376|460,0.40785363|0.03289842|0.02791987|0.02323834|0.01011099,1,0.4078536331653595,True,402,0.4078536331653595,True,402,0.4223253130912781,True,402,0.8581081628799438,True,402,0.775801420211792,True,c12_correct
403,404,404_4.bmp,preprocessed_results\404\404_4.bmp,403,403,403,0.8762134313583374,402,0.006325067952275276,0.8698883634060621,403|402|461|365|427,0.87621343|0.00632507|0.00442215|0.00189626|0.00183369,1,0.8762134313583374,True,403,0.8762134313583374,True,403,0.9121338725090027,True,403,0.8454281687736511,True,403,0.7743913531303406,True,c12_correct
404,405,405_1.bmp,preprocessed_results\405\405_1.bmp,404,404,404,0.6444898843765259,376,0.029758308082818985,0.6147315762937069,404|376|235|405|414,0.64448988|0.02975831|0.02389039|0.01778788|0.01002896,1,0.6444898843765259,True,404,0.6444898843765259,True,404,0.5287154316902161,True,404,0.7869118452072144,True,404,0.3238120675086975,True,c12_correct
405,406,406_5.bmp,preprocessed_results\406\406_5.bmp,405,405,405,0.9116119742393494,404,0.016011476516723633,0.8956004977226257,405|404|415|506|336,0.91161197|0.01601148|0.00269143|0.00196430|0.00178587,1,0.9116119742393494,True,405,0.9116119742393494,True,405,0.833754301071167,True,405,0.8363074064254761,True,405,0.8961847424507141,True,c12_correct
406,407,407_10.bmp,preprocessed_results\407\407_10.bmp,406,406,406,0.8803746104240417,378,0.004307675175368786,0.876066935248673,406|378|165|782|407,0.88037461|0.00430768|0.00359251|0.00196231|0.00162861,1,0.8803746104240417,True,406,0.8803746104240417,True,406,0.9067416787147522,True,406,0.7969353199005127,True,406,0.8354146480560303,True,c12_correct
407,408,408_2.bmp,preprocessed_results\408\408_2.bmp,407,407,407,0.9696313738822937,141,0.0009208215633407235,0.968710552318953,407|141|518|546|409,0.96963137|0.00092082|0.00074597|0.00069447|0.00064180,1,0.9696313738822937,True,407,0.9696313738822937,True,407,0.9253193140029907,True,407,0.8108774423599243,True,407,0.874504029750824,True,c12_correct
408,409,409_1.bmp,preprocessed_results\409\409_1.bmp,408,408,408,0.8788018822669983,364,0.003364003263413906,0.8754378790035844,408|364|200|464|381,0.87880188|0.00336400|0.00254073|0.00249554|0.00185018,1,0.8788018822669983,True,408,0.8788018822669983,True,408,0.8587311506271362,True,408,0.8448264598846436,True,408,0.7911651730537415,True,c12_correct
409,410,410_3.bmp,preprocessed_results\410\410_3.bmp,409,409,409,0.30415070056915283,403,0.09282368421554565,0.21132701635360718,409|403|349|395|9,0.30415070|0.09282368|0.04114324|0.01325068|0.01240915,1,0.30415070056915283,True,409,0.30415070056915283,True,409,0.6187589764595032,True,409,0.7896389961242676,True,409,0.5626306533813477,True,c12_correct
410,411,411_4.bmp,preprocessed_results\411\411_4.bmp,410,410,410,0.9027831554412842,411,0.004150658380240202,0.898632497061044,410|411|308|727|593,0.90278316|0.00415066|0.00171438|0.00147557|0.00118109,1,0.9027831554412842,True,410,0.9027831554412842,True,410,0.8469293117523193,True,410,0.8406693935394287,True,410,0.86758953332901,True,c12_correct
411,412,412_5.bmp,preprocessed_results\412\412_5.bmp,411,411,411,0.8875484466552734,410,0.01680128648877144,0.870747160166502,411|410|2|291|323,0.88754845|0.01680129|0.00222057|0.00164144|0.00138386,1,0.8875484466552734,True,411,0.8875484466552734,True,411,0.7994868159294128,True,411,0.8317533731460571,True,411,0.8302191495895386,True,c12_correct
412,413,413_1.bmp,preprocessed_results\413\413_1.bmp,412,412,412,0.6057104468345642,156,0.016082271933555603,0.5896281749010086,412|156|226|413|164,0.60571045|0.01608227|0.01137598|0.01089392|0.00879281,1,0.6057104468345642,True,412,0.6057104468345642,True,412,0.27554649114608765,True,412,0.7844807505607605,True,412,0.49109575152397156,True,c12_correct
413,414,414_6.bmp,preprocessed_results\414\414_6.bmp,413,413,413,0.9074839353561401,412,0.0159346554428339,0.8915492799133062,413|412|379|437|544,0.90748394|0.01593466|0.00645966|0.00202615|0.00195736,1,0.9074839353561401,True,413,0.9074839353561401,True,413,0.8799477815628052,True,413,0.8400689959526062,True,413,0.8653119802474976,True,c12_correct
414,415,415_6.bmp,preprocessed_results\415\415_6.bmp,414,414,414,0.7216036319732666,434,0.013721970841288567,0.707881661131978,414|434|774|234|717,0.72160363|0.01372197|0.00841805|0.00783735|0.00777846,1,0.7216036319732666,True,414,0.7216036319732666,True,414,0.690808892250061,True,414,0.8280960321426392,True,414,0.8324770927429199,True,c12_correct
415,416,416_3.bmp,preprocessed_results\416\416_3.bmp,415,415,415,0.9154284000396729,375,0.00771907065063715,0.9077093293890357,415|375|447|417|745,0.91542840|0.00771907|0.00489435|0.00274411|0.00128925,1,0.9154284000396729,True,415,0.9154284000396729,True,415,0.2438715249300003,True,415,0.7937860488891602,True,415,0.4754919409751892,True,c12_correct
416,417,417_8.bmp,preprocessed_results\417\417_8.bmp,416,416,416,0.9616215229034424,519,0.0016446415102109313,0.9599768813932315,416|519|323|511|301,0.96162152|0.00164464|0.00154528|0.00132674|0.00108567,1,0.9616215229034424,True,416,0.9616215229034424,True,416,0.8700920343399048,True,416,0.8211844563484192,True,416,0.8290951251983643,True,c12_correct
417,418,418_9.bmp,preprocessed_results\418\418_9.bmp,417,417,417,0.9095922112464905,416,0.0031201953534036875,0.9064720158930868,417|416|393|471|485,0.90959221|0.00312020|0.00190270|0.00148771|0.00138723,1,0.9095922112464905,True,417,0.9095922112464905,True,417,0.891620934009552,True,417,0.8391908407211304,True,417,0.8393221497535706,True,c12_correct
418,419,419_10.bmp,preprocessed_results\419\419_10.bmp,418,418,418,0.9249343872070312,394,0.0022191267926245928,0.9227152604144067,418|394|419|398|488,0.92493439|0.00221913|0.00205441|0.00164548|0.00131097,1,0.9249343872070312,True,418,0.9249343872070312,True,418,0.8131977319717407,True,418,0.8364100456237793,True,418,0.7852705717086792,True,c12_correct
419,420,420_10.bmp,preprocessed_results\420\420_10.bmp,419,419,419,0.8070233464241028,418,0.024345891550183296,0.7826774548739195,419|418|456|491|41,0.80702335|0.02434589|0.00528351|0.00393001|0.00377330,1,0.8070233464241028,True,419,0.8070233464241028,True,419,0.7821871042251587,True,419,0.8454174995422363,True,419,0.7650594115257263,True,c12_correct
420,421,421_10.bmp,preprocessed_results\421\421_10.bmp,420,420,420,0.6020780801773071,165,0.011905267834663391,0.5901728123426437,420|165|32|368|798,0.60207808|0.01190527|0.00908067|0.00800220|0.00619393,1,0.6020780801773071,True,420,0.6020780801773071,True,420,0.8017114400863647,True,420,0.7928467988967896,True,420,0.73836749792099,True,c12_correct
421,422,422_10.bmp,preprocessed_results\422\422_10.bmp,421,421,421,0.6389235854148865,544,0.016409888863563538,0.6225136965513229,421|544|322|500|420,0.63892359|0.01640989|0.00876679|0.00643879|0.00635355,1,0.6389235854148865,True,421,0.6389235854148865,True,421,0.48841598629951477,True,421,0.8112139105796814,True,421,0.6844539642333984,True,c12_correct
422,423,423_4.bmp,preprocessed_results\423\423_4.bmp,422,422,422,0.9257817268371582,423,0.004650707356631756,0.9211310194805264,422|423|491|535|121,0.92578173|0.00465071|0.00236209|0.00227988|0.00086025,1,0.9257817268371582,True,422,0.9257817268371582,True,422,0.9248849749565125,True,422,0.8451526165008545,True,422,0.8530077338218689,True,c12_correct
423,424,424_1.bmp,preprocessed_results\424\424_1.bmp,423,423,423,0.49907806515693665,409,0.021363921463489532,0.4777141436934471,423|409|148|392|415,0.49907807|0.02136392|0.01257918|0.00903198|0.00875514,1,0.49907806515693665,True,423,0.49907806515693665,True,423,0.3396140933036804,True,423,0.7819032669067383,True,423,0.4309881329536438,True,c12_correct
424,425,425_5.bmp,preprocessed_results\425\425_5.bmp,424,424,424,0.943902850151062,425,0.0018847332103177905,0.9420181169407442,424|425|252|430|499,0.94390285|0.00188473|0.00099723|0.00099573|0.00092130,1,0.943902850151062,True,424,0.943902850151062,True,424,0.9133528470993042,True,424,0.8522358536720276,True,424,0.8695542216300964,True,c12_correct
425,426,426_4.bmp,preprocessed_results\426\426_4.bmp,425,425,425,0.8843267560005188,424,0.007207315880805254,0.8771194401197135,425|424|506|337|431,0.88432676|0.00720732|0.00533911|0.00506800|0.00376949,1,0.8843267560005188,True,425,0.8843267560005188,True,425,0.9030925631523132,True,425,0.8392125964164734,True,425,0.8846896886825562,True,c12_correct
426,427,427_7.bmp,preprocessed_results\427\427_7.bmp,426,426,426,0.8782241940498352,428,0.0034995165187865496,0.8747246775310487,426|428|519|488|453,0.87822419|0.00349952|0.00348116|0.00296077|0.00204996,1,0.8782241940498352,True,426,0.8782241940498352,True,426,0.8991060256958008,True,426,0.8334020972251892,True,426,0.8852187991142273,True,c12_correct
427,428,428_3.bmp,preprocessed_results\428\428_3.bmp,427,427,427,0.9518373012542725,461,0.001823735423386097,0.9500135658308864,427|461|508|521|400,0.95183730|0.00182374|0.00097467|0.00082551|0.00077989,1,0.9518373012542725,True,427,0.9518373012542725,True,427,0.8526126146316528,True,427,0.8335573673248291,True,427,0.8391363620758057,True,c12_correct
428,429,429_10.bmp,preprocessed_results\429\429_10.bmp,428,428,428,0.9298020601272583,426,0.005177030339837074,0.9246250297874212,428|426|519|420|91,0.92980206|0.00517703|0.00292144|0.00139218|0.00102770,1,0.9298020601272583,True,428,0.9298020601272583,True,428,0.8744204044342041,True,428,0.8407467603683472,True,428,0.805730402469635,True,c12_correct
429,430,430_3.bmp,preprocessed_results\430\430_3.bmp,429,429,429,0.9241665601730347,400,0.0027296810876578093,0.9214368790853769,429|400|407|456|546,0.92416656|0.00272968|0.00194460|0.00136639|0.00127630,1,0.9241665601730347,True,429,0.9241665601730347,True,429,0.855950653553009,True,429,0.848420262336731,True,429,0.8118656873703003,True,c12_correct
430,431,431_4.bmp,preprocessed_results\431\431_4.bmp,430,430,430,0.9366047978401184,398,0.0028944904915988445,0.9337103073485196,430|398|431|322|1,0.93660480|0.00289449|0.00209831|0.00172738|0.00160971,1,0.9366047978401184,True,430,0.9366047978401184,True,430,0.8141841292381287,True,430,0.8278679847717285,True,430,0.8163642287254333,True,c12_correct
431,432,432_7.bmp,preprocessed_results\432\432_7.bmp,431,431,431,0.9610977172851562,425,0.0011221859604120255,0.9599755313247442,431|425|430|506|500,0.96109772|0.00112219|0.00108198|0.00088996|0.00078883,1,0.9610977172851562,True,431,0.9610977172851562,True,431,0.8850045204162598,True,431,0.8097748160362244,True,431,0.8338109254837036,True,c12_correct
432,433,433_4.bmp,preprocessed_results\433\433_4.bmp,432,432,432,0.8887282013893127,71,0.0037700841203331947,0.8849581172689795,432|71|439|433|196,0.88872820|0.00377008|0.00347778|0.00249385|0.00190937,1,0.8887282013893127,True,432,0.8887282013893127,True,432,0.7560624480247498,True,432,0.7653794288635254,True,432,0.8538130521774292,True,c12_correct
433,434,434_3.bmp,preprocessed_results\434\434_3.bmp,433,433,433,0.9382597804069519,432,0.00647805817425251,0.9317817222326994,433|432|353|82|301,0.93825978|0.00647806|0.00491199|0.00206934|0.00139455,1,0.9382597804069519,True,433,0.9382597804069519,True,433,0.8646385073661804,True,433,0.8368082046508789,True,433,0.8246939778327942,True,c12_correct
434,435,435_7.bmp,preprocessed_results\435\435_7.bmp,434,434,434,0.9255786538124084,277,0.003761440049856901,0.9218172137625515,434|277|470|414|27,0.92557865|0.00376144|0.00210733|0.00206306|0.00141973,1,0.9255786538124084,True,434,0.9255786538124084,True,434,0.8219753503799438,True,434,0.8228733539581299,True,434,0.7497440576553345,True,c12_correct
435,436,436_4.bmp,preprocessed_results\436\436_4.bmp,435,435,435,0.9342966675758362,434,0.004758611787110567,0.9295380557887256,435|434|463|346|441,0.93429667|0.00475861|0.00192764|0.00170604|0.00128108,1,0.9342966675758362,True,435,0.9342966675758362,True,435,0.6084012985229492,True,435,0.8273805379867554,True,435,0.8244805335998535,True,c12_correct
436,437,437_4.bmp,preprocessed_results\437\437_4.bmp,436,436,436,0.8674829006195068,532,0.004408763721585274,0.8630741368979216,436|532|450|386|440,0.86748290|0.00440876|0.00416831|0.00286424|0.00230124,1,0.8674829006195068,True,436,0.8674829006195068,True,436,0.8275806903839111,True,436,0.7984253764152527,True,436,0.8134279847145081,True,c12_correct
437,438,438_4.bmp,preprocessed_results\438\438_4.bmp,437,437,437,0.8541157245635986,343,0.00397089309990406,0.8501448314636946,437|343|611|469|102,0.85411572|0.00397089|0.00372793|0.00313920|0.00307128,1,0.8541157245635986,True,437,0.8541157245635986,True,437,0.8375970125198364,True,437,0.8146589398384094,True,437,0.771968424320221,True,c12_correct
438,439,439_4.bmp,preprocessed_results\439\439_4.bmp,438,438,438,0.8706347942352295,185,0.004401566926389933,0.8662332273088396,438|185|505|439|688,0.87063479|0.00440157|0.00274892|0.00254055|0.00226919,1,0.8706347942352295,True,438,0.8706347942352295,True,438,0.5931490659713745,True,438,0.8085972666740417,True,438,0.7763228416442871,True,c12_correct
439,440,440_2.bmp,preprocessed_results\440\440_2.bmp,439,439,439,0.9504661560058594,555,0.0017986459424719214,0.9486675100633875,439|555|247|505|143,0.95046616|0.00179865|0.00168155|0.00135238|0.00105425,1,0.9504661560058594,True,439,0.9504661560058594,True,439,0.8011302947998047,True,439,0.8216367363929749,True,439,0.7732090950012207,True,c12_correct
440,441,441_9.bmp,preprocessed_results\441\441_9.bmp,440,440,440,0.6067691445350647,555,0.012976240366697311,0.5937929041683674,440|555|453|43|436,0.60676914|0.01297624|0.01121572|0.00696853|0.00659124,1,0.6067691445350647,True,440,0.6067691445350647,True,440,0.6834114789962769,True,440,0.7999699115753174,True,440,0.521472692489624,True,c12_correct
441,442,442_8.bmp,preprocessed_results\442\442_8.bmp,441,441,441,0.896000862121582,335,0.016265982761979103,0.8797348793596029,441|335|295|363|434,0.89600086|0.01626598|0.01493717|0.00182944|0.00134704,1,0.896000862121582,True,441,0.896000862121582,True,441,0.8880318403244019,True,441,0.8478755950927734,True,441,0.8672533631324768,True,c12_correct
442,443,443_7.bmp,preprocessed_results\443\443_7.bmp,442,442,442,0.9339339733123779,396,0.001085662399418652,0.9328483109129593,442|396|443|307|440,0.93393397|0.00108566|0.00105209|0.00092990|0.00090835,1,0.9339339733123779,True,442,0.9339339733123779,True,442,0.8943262696266174,True,442,0.8451249599456787,True,442,0.8594251871109009,True,c12_correct
443,444,444_3.bmp,preprocessed_results\444\444_3.bmp,443,443,443,0.8982423543930054,399,0.006529432255774736,0.8917129221372306,443|399|463|442|405,0.89824235|0.00652943|0.00403602|0.00400728|0.00292680,1,0.8982423543930054,True,443,0.8982423543930054,True,443,0.8580949306488037,True,443,0.8210931420326233,True,443,0.8607308268547058,True,c12_correct
444,445,445_9.bmp,preprocessed_results\445\445_9.bmp,444,444,444,0.8987042307853699,509,0.0027228614781051874,0.8959813693072647,444|509|178|393|371,0.89870423|0.00272286|0.00136012|0.00097328|0.00093180,1,0.8987042307853699,True,444,0.8987042307853699,True,444,0.8689219355583191,True,444,0.8448366522789001,True,444,0.8411538004875183,True,c12_correct
445,446,446_7.bmp,preprocessed_results\446\446_7.bmp,445,445,445,0.9584001302719116,486,0.003264823229983449,0.9551353070419282,445|486|487|351|495,0.95840013|0.00326482|0.00105025|0.00081876|0.00070411,1,0.9584001302719116,True,445,0.9584001302719116,True,445,0.9187013506889343,True,445,0.8314332962036133,True,445,0.8662471771240234,True,c12_correct
446,447,447_2.bmp,preprocessed_results\447\447_2.bmp,446,446,446,0.8057613968849182,364,0.008493250235915184,0.797268146649003,446|364|434|351|458,0.80576140|0.00849325|0.00602869|0.00580390|0.00497628,1,0.8057613968849182,True,446,0.8057613968849182,True,446,0.7627747654914856,True,446,0.8126873970031738,True,446,0.594318687915802,True,c12_correct
447,448,448_2.bmp,preprocessed_results\448\448_2.bmp,447,447,447,0.8867203593254089,497,0.005152097903192043,0.8815682614222169,447|497|26|382|329,0.88672036|0.00515210|0.00488782|0.00341981|0.00187254,1,0.8867203593254089,True,447,0.8867203593254089,True,447,0.8598167896270752,True,447,0.8205518126487732,True,447,0.8293733596801758,True,c12_correct
448,449,449_1.bmp,preprocessed_results\449\449_1.bmp,448,448,448,0.2948002815246582,396,0.13613848388195038,0.15866179764270782,448|396|464|352|440,0.29480028|0.13613848|0.02327887|0.01198736|0.00894222,1,0.2948002815246582,True,448,0.2948002815246582,True,448,0.38993149995803833,True,448,0.77523273229599,True,448,0.4614828824996948,True,c12_correct
449,450,450_2.bmp,preprocessed_results\450\450_2.bmp,449,449,449,0.9396135807037354,345,0.005071830470114946,0.9345417502336204,449|345|367|477|416,0.93961358|0.00507183|0.00193283|0.00162081|0.00157579,1,0.9396135807037354,True,449,0.9396135807037354,True,449,0.8688580989837646,True,449,0.8256469964981079,True,449,0.836574137210846,True,c12_correct
450,451,451_8.bmp,preprocessed_results\451\451_8.bmp,450,450,450,0.5017114281654358,440,0.009144780226051807,0.492566647939384,450|440|196|517|33,0.50171143|0.00914478|0.00889846|0.00826133|0.00752864,1,0.5017114281654358,True,450,0.5017114281654358,True,450,0.7412509322166443,True,450,0.8221929669380188,True,450,0.7111970782279968,True,c12_correct
451,452,452_3.bmp,preprocessed_results\452\452_3.bmp,451,451,451,0.8571738004684448,196,0.005451916716992855,0.851721883751452,451|196|102|58|477,0.85717380|0.00545192|0.00403787|0.00386931|0.00313894,1,0.8571738004684448,True,451,0.8571738004684448,True,451,0.7373565435409546,True,451,0.8133565187454224,True,451,0.6878321170806885,True,c12_correct
452,453,453_2.bmp,preprocessed_results\453\453_2.bmp,452,452,452,0.8955880403518677,453,0.003775166580453515,0.8918128737714142,452|453|179|216|547,0.89558804|0.00377517|0.00140878|0.00137719|0.00130118,1,0.8955880403518677,True,452,0.8955880403518677,True,452,0.7939463257789612,True,452,0.8517740368843079,True,452,0.8110964894294739,True,c12_correct
453,454,454_5.bmp,preprocessed_results\454\454_5.bmp,453,453,453,0.9113283753395081,452,0.005090808495879173,0.9062375668436289,453|452|234|251|362,0.91132838|0.00509081|0.00204959|0.00155451|0.00144354,1,0.9113283753395081,True,453,0.9113283753395081,True,453,0.7048370242118835,True,453,0.8343883156776428,True,453,0.7946453094482422,True,c12_correct
454,455,455_3.bmp,preprocessed_results\455\455_3.bmp,454,454,454,0.8645201921463013,455,0.00895751640200615,0.8555626757442951,454|455|347|554|359,0.86452019|0.00895752|0.00595287|0.00494756|0.00405273,1,0.8645201921463013,True,454,0.8645201921463013,True,454,0.8186838626861572,True,454,0.8077970743179321,True,454,0.7233676910400391,True,c12_correct
455,456,456_1.bmp,preprocessed_results\456\456_1.bmp,455,455,455,0.5707883238792419,516,0.022585002705454826,0.5482033211737871,455|516|549|436|454,0.57078832|0.02258500|0.01585996|0.01282932|0.01020645,1,0.5707883238792419,True,455,0.5707883238792419,True,455,0.5567833781242371,True,455,0.7748892307281494,True,455,0.4954957365989685,True,c12_correct
456,457,457_10.bmp,preprocessed_results\457\457_10.bmp,456,456,456,0.5264983177185059,510,0.03306828811764717,0.4934300296008587,456|510|485|457|487,0.52649832|0.03306829|0.01217648|0.01052176|0.00911277,1,0.5264983177185059,True,456,0.5264983177185059,True,456,0.533681333065033,True,456,0.7577482461929321,True,456,0.65876305103302,True,c12_correct
457,458,458_8.bmp,preprocessed_results\458\458_8.bmp,457,457,457,0.9357582926750183,456,0.004699112847447395,0.9310591798275709,457|456|351|342|461,0.93575829|0.00469911|0.00243227|0.00110765|0.00109627,1,0.9357582926750183,True,457,0.9357582926750183,True,457,0.7573872208595276,True,457,0.8167873024940491,True,457,0.7931007742881775,True,c12_correct
458,459,459_10.bmp,preprocessed_results\459\459_10.bmp,458,458,458,0.7488207817077637,459,0.03763025999069214,0.7111905217170715,458|459|378|480|453,0.74882078|0.03763026|0.02316353|0.00787925|0.00533508,1,0.7488207817077637,True,458,0.7488207817077637,True,458,0.7415952682495117,True,458,0.8078147768974304,True,458,0.7203735113143921,True,c12_correct
459,460,460_4.bmp,preprocessed_results\460\460_4.bmp,459,459,459,0.6092632412910461,434,0.016808001324534416,0.5924552399665117,459|434|71|152|441,0.60926324|0.01680800|0.01438114|0.01110100|0.00860437,1,0.6092632412910461,True,459,0.6092632412910461,True,459,0.6056215763092041,True,459,0.8454481959342957,True,459,0.5765892863273621,True,c12_correct
460,461,461_5.bmp,preprocessed_results\461\461_5.bmp,460,460,460,0.9643555879592896,67,0.0013718921691179276,0.9629836957901716,460|67|461|178|468,0.96435559|0.00137189|0.00129625|0.00114145|0.00066338,1,0.9643555879592896,True,460,0.9643555879592896,True,460,0.8983414173126221,True,460,0.8506454825401306,True,460,0.8142290711402893,True,c12_correct
461,462,462_5.bmp,preprocessed_results\462\462_5.bmp,461,461,461,0.7350695729255676,427,0.013077459298074245,0.7219921136274934,461|427|457|460|465,0.73506957|0.01307746|0.01008597|0.00784554|0.00491132,1,0.7350695729255676,True,461,0.7350695729255676,True,461,0.8528012633323669,True,461,0.8252031207084656,True,461,0.7828893661499023,True,c12_correct
462,463,463_2.bmp,preprocessed_results\463\463_2.bmp,462,462,462,0.9222095608711243,370,0.004798012785613537,0.9174115480855107,462|370|463|473|442,0.92220956|0.00479801|0.00169304|0.00144033|0.00142185,1,0.9222095608711243,True,462,0.9222095608711243,True,462,0.8105193972587585,True,462,0.8441853523254395,True,462,0.808924674987793,True,c12_correct
463,464,464_7.bmp,preprocessed_results\464\464_7.bmp,463,463,463,0.937640368938446,462,0.002643818035721779,0.9349965509027243,463|462|473|435|398,0.93764037|0.00264382|0.00137796|0.00123365|0.00099567,1,0.937640368938446,True,463,0.937640368938446,True,463,0.9118176102638245,True,463,0.8307620286941528,True,463,0.8405880331993103,True,c12_correct
464,465,465_5.bmp,preprocessed_results\465\465_5.bmp,464,464,464,0.916720449924469,432,0.002463536337018013,0.914256913587451,464|432|196|82|450,0.91672045|0.00246354|0.00159517|0.00125157|0.00123673,1,0.916720449924469,True,464,0.916720449924469,True,464,0.8837125897407532,True,464,0.8494890332221985,True,464,0.8341916799545288,True,c12_correct
465,466,466_2.bmp,preprocessed_results\466\466_2.bmp,465,465,465,0.9028911590576172,417,0.003899793606251478,0.8989913654513657,465|417|393|423|467,0.90289116|0.00389979|0.00365939|0.00303422|0.00257437,1,0.9028911590576172,True,465,0.9028911590576172,True,465,0.9069345593452454,True,465,0.8406772613525391,True,465,0.8302757740020752,True,c12_correct
466,467,467_2.bmp,preprocessed_results\467\467_2.bmp,466,466,466,0.93590247631073,80,0.00235731084831059,0.9335451654624194,466|80|81|470|490,0.93590248|0.00235731|0.00231287|0.00222855|0.00144599,1,0.93590247631073,True,466,0.93590247631073,True,466,0.9351160526275635,True,466,0.8387351632118225,True,466,0.7081406712532043,True,c12_correct
467,468,468_6.bmp,preprocessed_results\468\468_6.bmp,467,467,467,0.9511781930923462,489,0.0038685924373567104,0.9473096006549895,467|489|477|495|546,0.95117819|0.00386859|0.00116277|0.00104763|0.00068993,1,0.9511781930923462,True,467,0.9511781930923462,True,467,0.9228125810623169,True,467,0.8389483094215393,True,467,0.8378611207008362,True,c12_correct
468,469,469_9.bmp,preprocessed_results\469\469_9.bmp,468,468,468,0.8946349620819092,469,0.011894839815795422,0.8827401222661138,468|469|344|453|396,0.89463496|0.01189484|0.00253788|0.00201175|0.00194793,1,0.8946349620819092,True,468,0.8946349620819092,True,468,0.8984293341636658,True,468,0.8440496921539307,True,468,0.8083028793334961,True,c12_correct
469,470,470_2.bmp,preprocessed_results\470\470_2.bmp,469,469,469,0.9433026909828186,483,0.002793819410726428,0.9405088715720922,469|483|468|353|422,0.94330269|0.00279382|0.00181503|0.00152296|0.00133142,1,0.9433026909828186,True,469,0.9433026909828186,True,469,0.8778026700019836,True,469,0.8437231779098511,True,469,0.7384085655212402,True,c12_correct
470,471,471_5.bmp,preprocessed_results\471\471_5.bmp,470,470,470,0.881030261516571,200,0.004822215065360069,0.876208046451211,470|200|166|392|471,0.88103026|0.00482222|0.00473690|0.00380946|0.00324820,1,0.881030261516571,True,470,0.881030261516571,True,470,0.7261019349098206,True,470,0.811663806438446,True,470,0.7900039553642273,True,c12_correct
471,472,472_7.bmp,preprocessed_results\472\472_7.bmp,471,471,471,0.9452806115150452,393,0.0014948168536648154,0.9437857946613804,471|393|190|24|550,0.94528061|0.00149482|0.00086795|0.00072886|0.00071557,1,0.9452806115150452,True,471,0.9452806115150452,True,471,0.9013407230377197,True,471,0.8126850128173828,True,471,0.8625997304916382,True,c12_correct
472,473,473_8.bmp,preprocessed_results\473\473_8.bmp,472,472,472,0.9662156701087952,473,0.0009940892923623323,0.9652215808164328,472|473|40|470|508,0.96621567|0.00099409|0.00071849|0.00065855|0.00061541,1,0.9662156701087952,True,472,0.9662156701087952,True,472,0.9088041186332703,True,472,0.8292422294616699,True,472,0.9102038741111755,True,c12_correct
473,474,474_5.bmp,preprocessed_results\474\474_5.bmp,473,473,473,0.9205840826034546,347,0.0033821191173046827,0.9172019634861499,473|347|472|454|508,0.92058408|0.00338212|0.00266037|0.00190406|0.00118988,1,0.9205840826034546,True,473,0.9205840826034546,True,473,0.897605299949646,True,473,0.8311772346496582,True,473,0.8162436485290527,True,c12_correct
474,475,475_10.bmp,preprocessed_results\475\475_10.bmp,474,474,474,0.9402501583099365,475,0.0028802300803363323,0.9373699282296002,474|475|533|637|636,0.94025016|0.00288023|0.00187844|0.00149267|0.00122640,1,0.9402501583099365,True,474,0.9402501583099365,True,474,0.9257514476776123,True,474,0.8597701787948608,True,474,0.8653368353843689,True,c12_correct
475,476,476_5.bmp,preprocessed_results\476\476_5.bmp,475,475,475,0.9360592365264893,559,0.005226488225162029,0.9308327483013272,475|559|474|557|540,0.93605924|0.00522649|0.00360599|0.00225867|0.00172780,1,0.9360592365264893,True,475,0.9360592365264893,True,475,0.7519541382789612,True,475,0.8244870901107788,True,475,0.8108190894126892,True,c12_correct
476,477,477_1.bmp,preprocessed_results\477\477_1.bmp,476,476,476,0.6489059329032898,477,0.13180482387542725,0.5171011090278625,476|477|484|102|533,0.64890593|0.13180482|0.02369004|0.00374336|0.00322007,1,0.6489059329032898,True,476,0.6489059329032898,True,476,0.756567120552063,True,476,0.8199299573898315,True,476,0.7269499897956848,True,c12_correct
477,478,478_7.bmp,preprocessed_results\478\478_7.bmp,477,477,477,0.9133602380752563,476,0.015562308020889759,0.8977979300543666,477|476|485|484|449,0.91336024|0.01556231|0.00321180|0.00224172|0.00135202,1,0.9133602380752563,True,477,0.9133602380752563,True,477,0.9024249911308289,True,477,0.8209660649299622,True,477,0.8592490553855896,True,c12_correct
478,479,479_5.bmp,preprocessed_results\479\479_5.bmp,478,478,478,0.9375264644622803,295,0.0018813245696946979,0.9356451398925856,478|295|68|332|726,0.93752646|0.00188132|0.00142420|0.00138000|0.00093365,1,0.9375264644622803,True,478,0.9375264644622803,True,478,0.5948625206947327,True,478,0.7974658012390137,True,478,0.7989952564239502,True,c12_correct
479,480,480_4.bmp,preprocessed_results\480\480_4.bmp,479,479,479,0.9593179225921631,538,0.0025072519201785326,0.9568106706719846,479|538|475|559|548,0.95931792|0.00250725|0.00136217|0.00099135|0.00090110,1,0.9593179225921631,True,479,0.9593179225921631,True,479,0.8709864616394043,True,479,0.8217035531997681,True,479,0.8502179384231567,True,c12_correct
480,481,481_6.bmp,preprocessed_results\481\481_6.bmp,480,480,480,0.8852170705795288,481,0.004006725270301104,0.8812103453092277,480|481|404|418|529,0.88521707|0.00400673|0.00255755|0.00234013|0.00227832,1,0.8852170705795288,True,480,0.8852170705795288,True,480,0.8149152994155884,True,480,0.8314621448516846,True,480,0.86237633228302,True,c12_correct
481,482,482_7.bmp,preprocessed_results\482\482_7.bmp,481,481,481,0.883324146270752,480,0.002064972883090377,0.8812591733876616,481|480|39|395|442,0.88332415|0.00206497|0.00164334|0.00163484|0.00150782,1,0.883324146270752,True,481,0.883324146270752,True,481,0.8376964926719666,True,481,0.8280289173126221,True,481,0.7661782503128052,True,c12_correct
482,483,483_9.bmp,preprocessed_results\483\483_9.bmp,482,482,482,0.9374657869338989,483,0.004303404595702887,0.933162382338196,482|483|467|451|70,0.93746579|0.00430340|0.00137640|0.00125601|0.00112821,1,0.9374657869338989,True,482,0.9374657869338989,True,482,0.7329362034797668,True,482,0.8339354991912842,True,482,0.879608690738678,True,c12_correct
483,484,484_9.bmp,preprocessed_results\484\484_9.bmp,483,483,483,0.9633299708366394,482,0.001295752008445561,0.9620342188281938,483|482|230|469|536,0.96332997|0.00129575|0.00119467|0.00099746|0.00088186,1,0.9633299708366394,True,483,0.9633299708366394,True,483,0.7253075242042542,True,483,0.8191611766815186,True,483,0.8170647621154785,True,c12_correct
484,485,485_9.bmp,preprocessed_results\485\485_9.bmp,484,484,484,0.8978332877159119,485,0.00628708815202117,0.8915461995638907,484|485|476|477|508,0.89783329|0.00628709|0.00302129|0.00239549|0.00206507,1,0.8978332877159119,True,484,0.8978332877159119,True,484,0.8536112308502197,True,484,0.8338409066200256,True,484,0.7494290471076965,True,c12_correct
485,486,486_4.bmp,preprocessed_results\486\486_4.bmp,485,485,485,0.9199935793876648,477,0.004875533282756805,0.915118046104908,485|477|484|188|546,0.91999358|0.00487553|0.00261015|0.00249568|0.00243278,1,0.9199935793876648,True,485,0.9199935793876648,True,485,0.8448038101196289,True,485,0.8359718322753906,True,485,0.8256142139434814,True,c12_correct
486,487,487_8.bmp,preprocessed_results\487\487_8.bmp,486,486,486,0.6925078630447388,445,0.0385357066988945,0.6539721563458443,486|445|487|493|386,0.69250786|0.03853571|0.03106400|0.01884634|0.00549977,1,0.6925078630447388,True,486,0.6925078630447388,True,486,0.6228037476539612,True,486,0.8442103266716003,True,486,0.7294294238090515,True,c12_correct
487,488,488_2.bmp,preprocessed_results\488\488_2.bmp,487,487,487,0.8521745204925537,345,0.00996140856295824,0.8422131119295955,487|345|486|445|355,0.85217452|0.00996141|0.00761219|0.00415927|0.00402866,1,0.8521745204925537,True,487,0.8521745204925537,True,487,0.7792618870735168,True,487,0.8012044429779053,True,487,0.7528406977653503,True,c12_correct
488,489,489_8.bmp,preprocessed_results\489\489_8.bmp,488,488,488,0.9403181076049805,459,0.0031774938106536865,0.9371406137943268,488|459|489|418|426,0.94031811|0.00317749|0.00223212|0.00158925|0.00119181,1,0.9403181076049805,True,488,0.9403181076049805,True,488,0.8568167686462402,True,488,0.7900928258895874,True,488,0.8381079435348511,True,c12_correct
489,490,490_2.bmp,preprocessed_results\490\490_2.bmp,489,489,489,0.9266896843910217,467,0.006952253635972738,0.919737430755049,489|467|488|533|477,0.92668968|0.00695225|0.00362456|0.00241239|0.00190677,1,0.9266896843910217,True,489,0.9266896843910217,True,489,0.8219152688980103,True,489,0.8572245240211487,True,489,0.7876899242401123,True,c12_correct
490,491,491_2.bmp,preprocessed_results\491\491_2.bmp,490,490,490,0.8805273771286011,466,0.007900307886302471,0.8726270692422986,490|466|234|472|81,0.88052738|0.00790031|0.00267721|0.00228710|0.00228623,1,0.8805273771286011,True,490,0.8805273771286011,True,490,0.7424941658973694,True,490,0.8397802710533142,True,490,0.686689019203186,True,c12_correct
491,492,492_9.bmp,preprocessed_results\492\492_9.bmp,491,491,491,0.8793874382972717,415,0.011992865242064,0.8673945730552077,491|415|391|409|389,0.87938744|0.01199287|0.00824635|0.00347878|0.00210109,1,0.8793874382972717,True,491,0.8793874382972717,True,491,0.8104493618011475,True,491,0.8335945010185242,True,491,0.8204584121704102,True,c12_correct
492,493,493_1.bmp,preprocessed_results\493\493_1.bmp,492,492,492,0.505108654499054,493,0.021477697417140007,0.48363095708191395,492|493|448|502|369,0.50510865|0.02147770|0.01759433|0.01019193|0.00884361,1,0.505108654499054,True,492,0.505108654499054,True,492,0.19336239993572235,True,492,0.7570893168449402,True,492,0.37707045674324036,True,c12_correct
493,494,494_3.bmp,preprocessed_results\494\494_3.bmp,493,493,493,0.9121825098991394,492,0.005043204873800278,0.9071393050253391,493|492|377|489|486,0.91218251|0.00504320|0.00391917|0.00245259|0.00151030,1,0.9121825098991394,True,493,0.9121825098991394,True,493,0.8352253437042236,True,493,0.8244214057922363,True,493,0.8714358806610107,True,c12_correct
494,495,495_4.bmp,preprocessed_results\495\495_4.bmp,494,494,494,0.8827993869781494,140,0.011264470405876637,0.8715349165722728,494|140|445|45|80,0.88279939|0.01126447|0.00237991|0.00232013|0.00231649,1,0.8827993869781494,True,494,0.8827993869781494,True,494,0.927399754524231,True,494,0.8385035395622253,True,494,0.8312074542045593,True,c12_correct
495,496,496_6.bmp,preprocessed_results\496\496_6.bmp,495,495,495,0.9255945682525635,378,0.0053053670562803745,0.9202892011962831,495|378|74|514|351,0.92559457|0.00530537|0.00265391|0.00222038|0.00212586,1,0.9255945682525635,True,495,0.9255945682525635,True,495,0.8537381291389465,True,495,0.8546514511108398,True,495,0.8285897374153137,True,c12_correct
496,497,497_1.bmp,preprocessed_results\497\497_1.bmp,496,496,496,0.23685547709465027,497,0.1974673867225647,0.03938809037208557,496|497|539|221|459,0.23685548|0.19746739|0.01569303|0.01269272|0.01003240,1,0.23685547709465027,True,496,0.23685547709465027,True,496,0.17623190581798553,True,496,0.7798049449920654,True,496,0.2604149281978607,True,c12_correct
497,498,498_9.bmp,preprocessed_results\498\498_9.bmp,497,497,497,0.8652890920639038,396,0.002985813654959202,0.8623032784089446,497|396|106|447|167,0.86528909|0.00298581|0.00282232|0.00280890|0.00244865,1,0.8652890920639038,True,497,0.8652890920639038,True,497,0.5835350155830383,True,497,0.8248348832130432,True,497,0.7212235331535339,True,c12_correct
498,499,499_8.bmp,preprocessed_results\499\499_8.bmp,498,498,498,0.9181857109069824,462,0.008991692215204239,0.9091940186917782,498|462|499|463|398,0.91818571|0.00899169|0.00342230|0.00298011|0.00225737,1,0.9181857109069824,True,498,0.9181857109069824,True,498,0.9140306115150452,True,498,0.8492593169212341,True,498,0.805068850517273,True,c12_correct
499,500,500_10.bmp,preprocessed_results\500\500_10.bmp,499,499,499,0.9217323660850525,506,0.00670159887522459,0.9150307672098279,499|506|498|529|392,0.92173237|0.00670160|0.00395079|0.00178358|0.00148784,1,0.9217323660850525,True,499,0.9217323660850525,True,499,0.7168269753456116,True,499,0.8472002744674683,True,499,0.7729728817939758,True,c12_correct
500,501,501_3.bmp,preprocessed_results\501\501_3.bmp,500,500,500,0.8853402733802795,387,0.004879652056843042,0.8804606213234365,500|387|407|406|317,0.88534027|0.00487965|0.00440108|0.00279787|0.00182427,1,0.8853402733802795,True,500,0.8853402733802795,True,500,0.9203007817268372,True,500,0.8355689644813538,True,500,0.7945132851600647,True,c12_correct
501,502,502_7.bmp,preprocessed_results\502\502_7.bmp,501,501,501,0.7987746000289917,54,0.008323385380208492,0.7904512146487832,501|54|461|429|112,0.79877460|0.00832339|0.00448704|0.00433836|0.00413442,1,0.7987746000289917,True,501,0.7987746000289917,True,501,0.7506052255630493,True,501,0.8522939682006836,True,501,0.81671142578125,True,c12_correct
502,503,503_4.bmp,preprocessed_results\503\503_4.bmp,502,502,502,0.9373252391815186,500,0.004050928633660078,0.9332743105478585,502|500|430|368|480,0.93732524|0.00405093|0.00142465|0.00141938|0.00127475,1,0.9373252391815186,True,502,0.9373252391815186,True,502,0.6088289618492126,True,502,0.8347219228744507,True,502,0.8314885497093201,True,c12_correct
503,504,504_4.bmp,preprocessed_results\504\504_4.bmp,503,503,482,0.12187536060810089,468,0.03706993907690048,0.08480542153120041,482|468|484|380|218,0.12187536|0.03706994|0.02069838|0.02069572|0.01568223,30,0.004946995060890913,False,482,0.12187536060810089,False,534,0.012089760974049568,False,503,0.028190873563289642,True,503,0.0738213062286377,True,teacher_all_correct;low_margin
504,505,505_10.bmp,preprocessed_results\505\505_10.bmp,504,504,504,0.8986958861351013,505,0.01205372903496027,0.886642157100141,504|505|555|598|450,0.89869589|0.01205373|0.00625854|0.00222018|0.00212971,1,0.8986958861351013,True,504,0.8986958861351013,True,504,0.9343798160552979,True,504,0.8265007138252258,True,504,0.8717280626296997,True,c12_correct
505,506,506_10.bmp,preprocessed_results\506\506_10.bmp,505,505,505,0.9481219053268433,504,0.004650742746889591,0.9434711625799537,505|504|598|439|320,0.94812191|0.00465074|0.00108585|0.00095015|0.00084640,1,0.9481219053268433,True,505,0.9481219053268433,True,505,0.8419013023376465,True,505,0.824862003326416,True,505,0.7990568280220032,True,c12_correct
506,507,507_1.bmp,preprocessed_results\507\507_1.bmp,506,506,506,0.7471721768379211,171,0.007595671806484461,0.7395765050314367,506|171|407|499|491,0.74717218|0.00759567|0.00680000|0.00472119|0.00408064,1,0.7471721768379211,True,506,0.7471721768379211,True,506,0.7096995115280151,True,506,0.8113783597946167,True,506,0.6614295244216919,True,c12_correct
507,508,508_6.bmp,preprocessed_results\508\508_6.bmp,507,507,507,0.8113964200019836,529,0.01730259507894516,0.7940938249230385,507|529|336|392|303,0.81139642|0.01730260|0.01380382|0.01102507|0.00675638,1,0.8113964200019836,True,507,0.8113964200019836,True,507,0.7128391861915588,True,507,0.8052840828895569,True,507,0.6986538767814636,True,c12_correct
508,509,509_8.bmp,preprocessed_results\509\509_8.bmp,508,508,508,0.9375483393669128,509,0.005108225625008345,0.9324401137419045,508|509|477|472|473,0.93754834|0.00510823|0.00163411|0.00148955|0.00141995,1,0.9375483393669128,True,508,0.9375483393669128,True,508,0.827589750289917,True,508,0.842714250087738,True,508,0.822607696056366,True,c12_correct
509,510,510_5.bmp,preprocessed_results\510\510_5.bmp,509,509,509,0.828807532787323,444,0.002706803847104311,0.8261007289402187,509|444|508|239|137,0.82880753|0.00270680|0.00213935|0.00202477|0.00148429,1,0.828807532787323,True,509,0.828807532787323,True,509,0.7132691740989685,True,509,0.8207140564918518,True,509,0.7344158291816711,True,c12_correct
510,511,511_6.bmp,preprocessed_results\511\511_6.bmp,510,510,510,0.8388744592666626,511,0.03117304854094982,0.8077014107257128,510|511|481|379|203,0.83887446|0.03117305|0.00217934|0.00196628|0.00157095,1,0.8388744592666626,True,510,0.8388744592666626,True,510,0.8302801847457886,True,510,0.8476369976997375,True,510,0.7547556161880493,True,c12_correct
511,512,512_8.bmp,preprocessed_results\512\512_8.bmp,511,511,511,0.8735112547874451,510,0.006253726780414581,0.8672575280070305,511|510|203|416|500,0.87351125|0.00625373|0.00492654|0.00435485|0.00274576,1,0.8735112547874451,True,511,0.8735112547874451,True,511,0.8195828795433044,True,511,0.8413814306259155,True,511,0.8525072336196899,True,c12_correct
512,513,513_10.bmp,preprocessed_results\513\513_10.bmp,512,512,512,0.9384447932243347,631,0.0020588734187185764,0.9363859198056161,512|631|220|328|356,0.93844479|0.00205887|0.00189513|0.00170706|0.00113439,1,0.9384447932243347,True,512,0.9384447932243347,True,512,0.8089703321456909,True,512,0.8129591941833496,True,512,0.7567296028137207,True,c12_correct
513,514,514_5.bmp,preprocessed_results\514\514_5.bmp,513,513,513,0.9384737014770508,563,0.0045499191619455814,0.9339237823151052,513|563|372|354|373,0.93847370|0.00454992|0.00283108|0.00180390|0.00115061,1,0.9384737014770508,True,513,0.9384737014770508,True,513,0.9172853231430054,True,513,0.8600581288337708,True,513,0.8800508975982666,True,c12_correct
514,515,515_9.bmp,preprocessed_results\515\515_9.bmp,514,514,514,0.935349702835083,479,0.0019769698847085238,0.9333727329503745,514|479|379|538|469,0.93534970|0.00197697|0.00139183|0.00133024|0.00130861,1,0.935349702835083,True,514,0.935349702835083,True,514,0.8656211495399475,True,514,0.8095507025718689,True,514,0.7963224649429321,True,c12_correct
515,516,516_8.bmp,preprocessed_results\516\516_8.bmp,515,515,515,0.6484602689743042,352,0.028817199170589447,0.6196430698037148,515|352|344|449|487,0.64846027|0.02881720|0.02300103|0.01596132|0.00728361,1,0.6484602689743042,True,515,0.6484602689743042,True,515,0.6109889149665833,True,515,0.8082057237625122,True,515,0.6910360455513,True,c12_correct
516,517,517_5.bmp,preprocessed_results\517\517_5.bmp,516,516,516,0.9292156100273132,517,0.0029000292997807264,0.9263155807275325,516|517|387|455|386,0.92921561|0.00290003|0.00220797|0.00196868|0.00182691,1,0.9292156100273132,True,516,0.9292156100273132,True,516,0.8810247182846069,True,516,0.8561574220657349,True,516,0.8636320233345032,True,c12_correct
517,518,518_3.bmp,preprocessed_results\518\518_3.bmp,517,517,517,0.9395405650138855,43,0.002516718115657568,0.9370238468982279,517|43|519|516|398,0.93954057|0.00251672|0.00156375|0.00154960|0.00095529,1,0.9395405650138855,True,517,0.9395405650138855,True,517,0.8423092365264893,True,517,0.8049063086509705,True,517,0.7985512614250183,True,c12_correct
518,519,519_9.bmp,preprocessed_results\519\519_9.bmp,518,518,518,0.8948023915290833,445,0.005359048489481211,0.889443343039602,518|445|546|55|344,0.89480239|0.00535905|0.00257903|0.00245083|0.00177819,1,0.8948023915290833,True,518,0.8948023915290833,True,518,0.8140689730644226,True,518,0.8515801429748535,True,518,0.8244645595550537,True,c12_correct
519,520,520_6.bmp,preprocessed_results\520\520_6.bmp,519,519,519,0.8599252104759216,79,0.004619097802788019,0.8553061126731336,519|79|55|416|426,0.85992521|0.00461910|0.00393531|0.00360973|0.00313533,1,0.8599252104759216,True,519,0.8599252104759216,True,519,0.8117327690124512,True,519,0.8426928520202637,True,519,0.7862889170646667,True,c12_correct
520,521,521_5.bmp,preprocessed_results\521\521_5.bmp,520,520,520,0.9567468166351318,521,0.008121493272483349,0.9486253233626485,520|521|122|506|70,0.95674682|0.00812149|0.00040851|0.00038762|0.00037648,1,0.9567468166351318,True,520,0.9567468166351318,True,520,0.8655318021774292,True,520,0.8458176255226135,True,520,0.8818084001541138,True,c12_correct
521,522,522_8.bmp,preprocessed_results\522\522_8.bmp,521,521,521,0.9331619739532471,520,0.008064975030720234,0.9250969989225268,521|520|436|464|410,0.93316197|0.00806498|0.00391708|0.00148266|0.00109974,1,0.9331619739532471,True,521,0.9331619739532471,True,521,0.8288049101829529,True,521,0.814247190952301,True,521,0.8515796661376953,True,c12_correct
522,523,523_9.bmp,preprocessed_results\523\523_9.bmp,522,522,522,0.937533974647522,401,0.007376516237854958,0.930157458409667,522|401|523|105|28,0.93753397|0.00737652|0.00202998|0.00176308|0.00147900,1,0.937533974647522,True,522,0.937533974647522,True,522,0.8966403007507324,True,522,0.8360264897346497,True,522,0.8502647876739502,True,c12_correct
523,524,524_5.bmp,preprocessed_results\524\524_5.bmp,523,523,523,0.9546558856964111,522,0.002250461373478174,0.952405424322933,523|522|233|449|453,0.95465589|0.00225046|0.00126549|0.00065996|0.00051953,1,0.9546558856964111,True,523,0.9546558856964111,True,523,0.8649977445602417,True,523,0.8427602648735046,True,523,0.8132157921791077,True,c12_correct
524,525,525_6.bmp,preprocessed_results\525\525_6.bmp,524,524,524,0.9676649570465088,408,0.0007449167314916849,0.9669200403150171,524|408|498|287|525,0.96766496|0.00074492|0.00071722|0.00071568|0.00059149,1,0.9676649570465088,True,524,0.9676649570465088,True,524,0.8779066801071167,True,524,0.8492957353591919,True,524,0.8300513625144958,True,c12_correct
525,526,526_7.bmp,preprocessed_results\526\526_7.bmp,525,525,525,0.880789577960968,524,0.00558042386546731,0.8752091540955007,525|524|460|169|206,0.88078958|0.00558042|0.00364057|0.00213349|0.00189873,1,0.880789577960968,True,525,0.880789577960968,True,525,0.8663102984428406,True,525,0.8488562703132629,True,525,0.8479049205780029,True,c12_correct
526,527,527_3.bmp,preprocessed_results\527\527_3.bmp,526,526,526,0.9416362643241882,379,0.003780477214604616,0.9378557871095836,526|379|377|530|558,0.94163626|0.00378048|0.00217252|0.00145077|0.00133743,1,0.9416362643241882,True,526,0.9416362643241882,True,526,0.78758704662323,True,526,0.8476907014846802,True,526,0.8150076270103455,True,c12_correct
527,528,528_8.bmp,preprocessed_results\528\528_8.bmp,527,527,527,0.9320153594017029,526,0.0038563800044357777,0.9281589793972671,527|526|448|584|77,0.93201536|0.00385638|0.00135100|0.00088092|0.00079499,1,0.9320153594017029,True,527,0.9320153594017029,True,527,0.8568797707557678,True,527,0.8370013236999512,True,527,0.8195081353187561,True,c12_correct
528,529,529_10.bmp,preprocessed_results\529\529_10.bmp,528,528,528,0.908603847026825,398,0.003707002615556121,0.9048968444112688,528|398|322|544|510,0.90860385|0.00370700|0.00341044|0.00316498|0.00313454,1,0.908603847026825,True,528,0.908603847026825,True,528,0.7740767002105713,True,528,0.8174744248390198,True,528,0.6879824995994568,True,c12_correct
529,530,530_5.bmp,preprocessed_results\530\530_5.bmp,529,529,529,0.9207291603088379,528,0.004464711993932724,0.9162644483149052,529|528|26|507|63,0.92072916|0.00446471|0.00181188|0.00177750|0.00168430,1,0.9207291603088379,True,529,0.9207291603088379,True,529,0.8812710046768188,True,529,0.839743435382843,True,529,0.8540804982185364,True,c12_correct
530,531,531_7.bmp,preprocessed_results\531\531_7.bmp,530,530,530,0.8450251817703247,526,0.004108150023967028,0.8409170317463577,530|526|202|531|79,0.84502518|0.00410815|0.00396463|0.00371083|0.00267635,1,0.8450251817703247,True,530,0.8450251817703247,True,530,0.7831916213035583,True,530,0.8326126337051392,True,530,0.8483911752700806,True,c12_correct
531,532,532_8.bmp,preprocessed_results\532\532_8.bmp,531,531,531,0.9122037887573242,530,0.009834974072873592,0.9023688146844506,531|530|73|832|438,0.91220379|0.00983497|0.00376340|0.00175812|0.00172573,1,0.9122037887573242,True,531,0.9122037887573242,True,531,0.6934899091720581,True,531,0.84482741355896,True,531,0.7451040148735046,True,c12_correct
532,533,533_3.bmp,preprocessed_results\533\533_3.bmp,532,532,532,0.9019721746444702,538,0.004922534339129925,0.8970496403053403,532|538|436|479|552,0.90197217|0.00492253|0.00462630|0.00377380|0.00176815,1,0.9019721746444702,True,532,0.9019721746444702,True,532,0.9072022438049316,True,532,0.7976082563400269,True,532,0.8073616027832031,True,c12_correct
533,534,534_9.bmp,preprocessed_results\534\534_9.bmp,533,533,533,0.9362894892692566,273,0.0038651784416288137,0.9324243108276278,533|273|547|376|185,0.93628949|0.00386518|0.00176776|0.00106858|0.00100346,1,0.9362894892692566,True,533,0.9362894892692566,True,533,0.9275917410850525,True,533,0.8342698812484741,True,533,0.8599106669425964,True,c12_correct
534,535,535_2.bmp,preprocessed_results\535\535_2.bmp,534,534,534,0.24968692660331726,177,0.026493357494473457,0.2231935691088438,534|177|479|148|56,0.24968693|0.02649336|0.02095938|0.01499366|0.01423573,1,0.24968692660331726,True,534,0.24968692660331726,True,534,0.3317716717720032,True,534,0.7262925505638123,True,534,0.29744553565979004,True,c12_correct
535,536,536_8.bmp,preprocessed_results\536\536_8.bmp,535,535,535,0.8736046552658081,555,0.003976244479417801,0.8696284107863903,535|555|422|448|531,0.87360466|0.00397624|0.00332131|0.00259539|0.00256263,1,0.8736046552658081,True,535,0.8736046552658081,True,535,0.8084248304367065,True,535,0.8425214886665344,True,535,0.7911618947982788,True,c12_correct
536,537,537_9.bmp,preprocessed_results\537\537_9.bmp,536,536,536,0.9179083108901978,347,0.0032047985587269068,0.9147035123314708,536|347|540|537|648,0.91790831|0.00320480|0.00228077|0.00207818|0.00165908,1,0.9179083108901978,True,536,0.9179083108901978,True,536,0.7912564277648926,True,536,0.8333178758621216,True,536,0.8338385820388794,True,c12_correct
537,538,538_9.bmp,preprocessed_results\538\538_9.bmp,537,537,537,0.9661924242973328,355,0.0020998131949454546,0.9640926111023873,537|355|536|106|451,0.96619242|0.00209981|0.00113436|0.00099723|0.00083853,1,0.9661924242973328,True,537,0.9661924242973328,True,537,0.8843194246292114,True,537,0.8462104201316833,True,537,0.8593040704727173,True,c12_correct
538,539,539_3.bmp,preprocessed_results\539\539_3.bmp,538,538,538,0.9070602059364319,479,0.010049408301711082,0.8970107976347208,538|479|532|475|357,0.90706021|0.01004941|0.00482763|0.00210084|0.00135912,1,0.9070602059364319,True,538,0.9070602059364319,True,538,0.5942493677139282,True,538,0.8424755930900574,True,538,0.6969955563545227,True,c12_correct
539,540,540_2.bmp,preprocessed_results\540\540_2.bmp,539,539,539,0.81900954246521,665,0.00722781615331769,0.8117817263118923,539|665|362|537|533,0.81900954|0.00722782|0.00718897|0.00459753|0.00387381,1,0.81900954246521,True,539,0.81900954246521,True,539,0.7741122245788574,True,539,0.8419188857078552,True,539,0.8500657081604004,True,c12_correct
540,541,541_10.bmp,preprocessed_results\541\541_10.bmp,540,540,540,0.9223769903182983,558,0.0040863570757210255,0.9182906332425773,540|558|541|227|550,0.92237699|0.00408636|0.00330692|0.00287726|0.00249356,1,0.9223769903182983,True,540,0.9223769903182983,True,540,0.9362656474113464,True,540,0.8091968297958374,True,540,0.8896350264549255,True,c12_correct
541,542,542_5.bmp,preprocessed_results\542\542_5.bmp,541,541,541,0.929157555103302,559,0.004489000421017408,0.9246685546822846,541|559|225|540|616,0.92915756|0.00448900|0.00395525|0.00278768|0.00175344,1,0.929157555103302,True,541,0.929157555103302,True,541,0.8399538397789001,True,541,0.8411489129066467,True,541,0.8643888235092163,True,c12_correct
542,543,543_6.bmp,preprocessed_results\543\543_6.bmp,542,542,542,0.94354248046875,405,0.0023667688947170973,0.9411757115740329,542|405|543|383|367,0.94354248|0.00236677|0.00205481|0.00090409|0.00086541,1,0.94354248046875,True,542,0.94354248046875,True,542,0.8808819651603699,True,542,0.8367440700531006,True,542,0.8033409118652344,True,c12_correct
543,544,544_4.bmp,preprocessed_results\544\544_4.bmp,543,543,543,0.6260185837745667,542,0.08253344148397446,0.5434851422905922,543|542|512|132|709,0.62601858|0.08253344|0.01186400|0.00983115|0.00863488,1,0.6260185837745667,True,543,0.6260185837745667,True,543,0.16607996821403503,True,543,0.42461761832237244,True,543,0.5148686766624451,True,c12_correct
544,545,545_6.bmp,preprocessed_results\545\545_6.bmp,544,544,544,0.9200184941291809,12,0.00567643204703927,0.9143420620821416,544|12|528|542|437,0.92001849|0.00567643|0.00173237|0.00165308|0.00162032,1,0.9200184941291809,True,544,0.9200184941291809,True,544,0.8962070345878601,True,544,0.8263787627220154,True,544,0.8093364238739014,True,c12_correct
545,546,546_4.bmp,preprocessed_results\546\546_4.bmp,545,545,545,0.9435150027275085,344,0.001864611404016614,0.9416503913234919,545|344|380|199|289,0.94351500|0.00186461|0.00113078|0.00104149|0.00076658,1,0.9435150027275085,True,545,0.9435150027275085,True,545,0.8967752456665039,True,545,0.8560627102851868,True,545,0.84101802110672,True,c12_correct
546,547,547_3.bmp,preprocessed_results\547\547_3.bmp,546,546,546,0.8450448513031006,377,0.008794734254479408,0.8362501170486212,546|377|314|176|375,0.84504485|0.00879473|0.00596080|0.00501527|0.00294213,1,0.8450448513031006,True,546,0.8450448513031006,True,546,0.7849562764167786,True,546,0.8555740118026733,True,546,0.6904088258743286,True,c12_correct
547,548,548_9.bmp,preprocessed_results\548\548_9.bmp,547,547,547,0.7657573819160461,348,0.005990621168166399,0.7597667607478797,547|348|546|352|515,0.76575738|0.00599062|0.00590818|0.00424077|0.00351228,1,0.7657573819160461,True,547,0.7657573819160461,True,547,0.6334936022758484,True,547,0.8497468829154968,True,547,0.7485069036483765,True,c12_correct
548,549,549_10.bmp,preprocessed_results\549\549_10.bmp,548,548,548,0.9396487474441528,801,0.005660001654177904,0.9339887457899749,548|801|549|387|437,0.93964875|0.00566000|0.00177604|0.00128673|0.00125268,1,0.9396487474441528,True,548,0.9396487474441528,True,548,0.874372124671936,True,548,0.8416139483451843,True,548,0.8429470062255859,True,c12_correct
549,550,550_1.bmp,preprocessed_results\550\550_1.bmp,549,549,549,0.5806199908256531,548,0.08993282169103622,0.49068716913461685,549|548|294|102|196,0.58061999|0.08993282|0.01804226|0.00710566|0.00635424,1,0.5806199908256531,True,549,0.5806199908256531,True,549,0.5067136287689209,True,549,0.7926397323608398,True,549,0.6053488850593567,True,c12_correct
550,551,551_3.bmp,preprocessed_results\551\551_3.bmp,550,550,550,0.8825486302375793,483,0.007669469807296991,0.8748791604302824,550|483|551|357|200,0.88254863|0.00766947|0.00252326|0.00233842|0.00220528,1,0.8825486302375793,True,550,0.8825486302375793,True,550,0.7952713370323181,True,550,0.8383545875549316,True,550,0.7009209990501404,True,c12_correct
551,552,552_9.bmp,preprocessed_results\552\552_9.bmp,551,551,551,0.9129982590675354,540,0.004843836184591055,0.9081544228829443,551|540|550|549|358,0.91299826|0.00484384|0.00215522|0.00129569|0.00123688,1,0.9129982590675354,True,551,0.9129982590675354,True,551,0.8618177175521851,True,551,0.8283205628395081,True,551,0.8357982635498047,True,c12_correct
552,553,553_3.bmp,preprocessed_results\553\553_3.bmp,552,552,552,0.9001177549362183,117,0.005228499881923199,0.8948892550542951,552|117|282|152|532,0.90011775|0.00522850|0.00343615|0.00312041|0.00255068,1,0.9001177549362183,True,552,0.9001177549362183,True,552,0.8545439839363098,True,552,0.8149360418319702,True,552,0.7994791269302368,True,c12_correct
553,554,554_2.bmp,preprocessed_results\554\554_2.bmp,553,553,553,0.8635075688362122,552,0.005416673142462969,0.8580908956937492,553|552|397|538|220,0.86350757|0.00541667|0.00502981|0.00240938|0.00204096,1,0.8635075688362122,True,553,0.8635075688362122,True,553,0.8480286002159119,True,553,0.8277097344398499,True,553,0.7632375359535217,True,c12_correct
554,555,555_8.bmp,preprocessed_results\555\555_8.bmp,554,554,554,0.9253011345863342,359,0.005144610069692135,0.9201565245166421,554|359|555|358|30,0.92530113|0.00514461|0.00224590|0.00219525|0.00162701,1,0.9253011345863342,True,554,0.9253011345863342,True,554,0.8374891877174377,True,554,0.8094587326049805,True,554,0.798941969871521,True,c12_correct
555,556,556_3.bmp,preprocessed_results\556\556_3.bmp,555,555,555,0.9503881931304932,504,0.008687805384397507,0.9417003877460957,555|504|30|554|438,0.95038819|0.00868781|0.00239064|0.00192618|0.00102553,1,0.9503881931304932,True,555,0.9503881931304932,True,555,0.9200707674026489,True,555,0.842933177947998,True,555,0.8176687359809875,True,c12_correct
556,557,557_8.bmp,preprocessed_results\557\557_8.bmp,556,556,556,0.9378125071525574,557,0.004012838937342167,0.9337996682152152,556|557|454|478|804,0.93781251|0.00401284|0.00122705|0.00092806|0.00079966,1,0.9378125071525574,True,556,0.9378125071525574,True,556,0.8734621405601501,True,556,0.8128315806388855,True,556,0.8671649098396301,True,c12_correct
557,558,558_8.bmp,preprocessed_results\558\558_8.bmp,557,557,557,0.9384623169898987,556,0.006470679305493832,0.9319916376844049,557|556|356|475|474,0.93846232|0.00647068|0.00220922|0.00194665|0.00179976,1,0.9384623169898987,True,557,0.9384623169898987,True,557,0.8359882831573486,True,557,0.8468859195709229,True,557,0.8355513215065002,True,c12_correct
558,559,559_7.bmp,preprocessed_results\559\559_7.bmp,558,558,558,0.8759623765945435,227,0.005506383255124092,0.8704559933394194,558|227|514|530|413,0.87596238|0.00550638|0.00382450|0.00304043|0.00262761,1,0.8759623765945435,True,558,0.8759623765945435,True,558,0.8294911980628967,True,558,0.8262139558792114,True,558,0.8168430924415588,True,c12_correct
559,560,560_3.bmp,preprocessed_results\560\560_3.bmp,559,559,559,0.956601083278656,475,0.005053508095443249,0.9515475751832128,559|475|557|376|549,0.95660108|0.00505351|0.00158555|0.00147251|0.00086771,1,0.956601083278656,True,559,0.956601083278656,True,559,0.8080613613128662,True,559,0.8404749035835266,True,559,0.7618443369865417,True,c12_correct
560,561,561_3.bmp,preprocessed_results\561\561_3.bmp,560,560,560,0.965618371963501,475,0.0011699955211952329,0.9644483764423057,560|475|116|117|474,0.96561837|0.00117000|0.00085067|0.00082874|0.00056691,1,0.965618371963501,True,560,0.965618371963501,True,560,0.844511866569519,True,560,0.8274595737457275,True,560,0.8677397966384888,True,c12_correct
561,562,562_7.bmp,preprocessed_results\562\562_7.bmp,561,561,561,0.9392259120941162,590,0.004905983339995146,0.9343199287541211,561|590|31|721|560,0.93922591|0.00490598|0.00208473|0.00164786|0.00141623,1,0.9392259120941162,True,561,0.9392259120941162,True,561,0.8221206665039062,True,561,0.8221179842948914,True,561,0.8431116938591003,True,c12_correct
562,563,563_7.bmp,preprocessed_results\563\563_7.bmp,562,562,562,0.9391559958457947,563,0.0026904421392828226,0.9364655537065119,562|563|230|72|805,0.93915600|0.00269044|0.00129013|0.00117992|0.00106764,1,0.9391559958457947,True,562,0.9391559958457947,True,562,0.8896483182907104,True,562,0.8021352887153625,True,562,0.8164016604423523,True,c12_correct
563,564,564_3.bmp,preprocessed_results\564\564_3.bmp,563,563,563,0.8955170512199402,358,0.00342541909776628,0.8920916321221739,563|358|513|562|561,0.89551705|0.00342542|0.00222296|0.00197011|0.00191740,1,0.8955170512199402,True,563,0.8955170512199402,True,563,0.8333712816238403,True,563,0.8184922337532043,True,563,0.8542077541351318,True,c12_correct
564,565,565_9.bmp,preprocessed_results\565\565_9.bmp,564,564,564,0.8526064157485962,565,0.005612123291939497,0.8469942924566567,564|565|247|568|115,0.85260642|0.00561212|0.00344792|0.00303791|0.00176880,1,0.8526064157485962,True,564,0.8526064157485962,True,564,0.7058294415473938,True,564,0.8118752837181091,True,564,0.8225021362304688,True,c12_correct
565,566,566_7.bmp,preprocessed_results\566\566_7.bmp,565,565,565,0.9185961484909058,272,0.00487918546423316,0.9137169630266726,565|272|564|273|116,0.91859615|0.00487919|0.00195191|0.00168811|0.00108115,1,0.9185961484909058,True,565,0.9185961484909058,True,565,0.82013338804245,True,565,0.8045112490653992,True,565,0.7207930684089661,True,c12_correct
566,567,567_7.bmp,preprocessed_results\567\567_7.bmp,566,566,566,0.8340219855308533,234,0.0053329747170209885,0.8286890108138323,566|234|235|175|559,0.83402199|0.00533297|0.00407837|0.00395189|0.00355691,1,0.8340219855308533,True,566,0.8340219855308533,True,566,0.7641646265983582,True,566,0.810370147228241,True,566,0.7816810011863708,True,c12_correct
567,568,568_8.bmp,preprocessed_results\568\568_8.bmp,567,567,567,0.8998212814331055,141,0.0073995040729641914,0.8924217773601413,567|141|566|828|299,0.89982128|0.00739950|0.00380181|0.00238523|0.00143878,1,0.8998212814331055,True,567,0.8998212814331055,True,567,0.891059160232544,True,567,0.8459230065345764,True,567,0.8694577813148499,True,c12_correct
568,569,569_5.bmp,preprocessed_results\569\569_5.bmp,568,568,568,0.5732009410858154,772,0.019495373591780663,0.5537055674940348,568|772|186|624|73,0.57320094|0.01949537|0.01661701|0.01548526|0.01080467,1,0.5732009410858154,True,568,0.5732009410858154,True,568,0.3284417688846588,True,568,0.8109583258628845,True,568,0.6579229235649109,True,c12_correct
569,570,570_9.bmp,preprocessed_results\570\570_9.bmp,569,569,569,0.9389840960502625,565,0.008958918042480946,0.9300251780077815,569|565|573|583|116,0.93898410|0.00895892|0.00183534|0.00147718|0.00105149,1,0.9389840960502625,True,569,0.9389840960502625,True,569,0.8762131333351135,True,569,0.8326850533485413,True,569,0.8026889562606812,True,c12_correct
570,571,571_5.bmp,preprocessed_results\571\571_5.bmp,570,570,570,0.8953376412391663,571,0.005288041662424803,0.8900495995767415,570|571|824|658|682,0.89533764|0.00528804|0.00514240|0.00311432|0.00239384,1,0.8953376412391663,True,570,0.8953376412391663,True,570,0.8145580291748047,True,570,0.8402755856513977,True,570,0.829820990562439,True,c12_correct
571,572,572_10.bmp,preprocessed_results\572\572_10.bmp,571,571,571,0.9367614388465881,683,0.005480611231178045,0.9312808276154101,571|683|570|824|682,0.93676144|0.00548061|0.00307968|0.00196048|0.00180188,1,0.9367614388465881,True,571,0.9367614388465881,True,571,0.7043437361717224,True,571,0.8432472944259644,True,571,0.6774974465370178,True,c12_correct
572,573,573_7.bmp,preprocessed_results\573\573_7.bmp,572,572,572,0.9403112530708313,734,0.003177118953317404,0.9371341341175139,572|734|596|424|799,0.94031125|0.00317712|0.00108629|0.00094356|0.00090662,1,0.9403112530708313,True,572,0.9403112530708313,True,572,0.9032832384109497,True,572,0.8480008840560913,True,572,0.8271405696868896,True,c12_correct
573,574,574_4.bmp,preprocessed_results\574\574_4.bmp,573,573,573,0.9533534049987793,569,0.0019628992304205894,0.9513905057683587,573|569|565|86|71,0.95335340|0.00196290|0.00065236|0.00064251|0.00061884,1,0.9533534049987793,True,573,0.9533534049987793,True,573,0.8737680912017822,True,573,0.8598915338516235,True,573,0.8191491961479187,True,c12_correct
574,575,575_7.bmp,preprocessed_results\575\575_7.bmp,574,574,574,0.7804093360900879,600,0.0057389684952795506,0.7746703675948083,574|600|705|704|730,0.78040934|0.00573897|0.00571338|0.00418726|0.00297404,1,0.7804093360900879,True,574,0.7804093360900879,True,574,0.6000933647155762,True,574,0.8483745455741882,True,574,0.6838150024414062,True,c12_correct
575,576,576_5.bmp,preprocessed_results\576\576_5.bmp,575,575,575,0.7346083521842957,326,0.010104251094162464,0.7245041010901332,575|326|712|165|580,0.73460835|0.01010425|0.00606779|0.00599358|0.00544932,1,0.7346083521842957,True,575,0.7346083521842957,True,575,0.4106456935405731,True,575,0.7709347009658813,True,575,0.3296733498573303,True,c12_correct
576,577,577_4.bmp,preprocessed_results\577\577_4.bmp,576,576,576,0.8156963586807251,577,0.059790465980768204,0.7559058926999569,576|577|273|676|677,0.81569636|0.05979047|0.01125219|0.00633978|0.00462445,1,0.8156963586807251,True,576,0.8156963586807251,True,576,0.7005963325500488,True,576,0.8066973090171814,True,576,0.652164876461029,True,c12_correct
577,578,578_9.bmp,preprocessed_results\578\578_9.bmp,577,577,577,0.7661522626876831,576,0.04342824965715408,0.722724013030529,577|576|635|743|649,0.76615226|0.04342825|0.01585129|0.01156931|0.01147382,1,0.7661522626876831,True,577,0.7661522626876831,True,577,0.486961305141449,True,577,0.8196503520011902,True,577,0.7975424528121948,True,c12_correct
578,579,579_10.bmp,preprocessed_results\579\579_10.bmp,578,578,578,0.9251390099525452,21,0.0031148861162364483,0.9220241238363087,578|21|275|711|579,0.92513901|0.00311489|0.00287848|0.00229231|0.00221419,1,0.9251390099525452,True,578,0.9251390099525452,True,578,0.8128853440284729,True,578,0.8431575894355774,True,578,0.8384861350059509,True,c12_correct
579,580,580_4.bmp,preprocessed_results\580\580_4.bmp,579,579,579,0.8463782668113708,143,0.0043798149563372135,0.8419984518550336,579|143|728|658|639,0.84637827|0.00437981|0.00389932|0.00280197|0.00257464,1,0.8463782668113708,True,579,0.8463782668113708,True,579,0.6658768057823181,True,579,0.7939478754997253,True,579,0.7486945986747742,True,c12_correct
580,581,581_2.bmp,preprocessed_results\581\581_2.bmp,580,580,580,0.9497255086898804,730,0.0037516579031944275,0.9459738507866859,580|730|603|581|674,0.94972551|0.00375166|0.00318252|0.00142924|0.00128127,1,0.9497255086898804,True,580,0.9497255086898804,True,580,0.9284958243370056,True,580,0.8277145624160767,True,580,0.8693168759346008,True,c12_correct
581,582,582_6.bmp,preprocessed_results\582\582_6.bmp,581,581,581,0.8503285646438599,754,0.0047619701363146305,0.8455665945075452,581|754|711|776|614,0.85032856|0.00476197|0.00414574|0.00369889|0.00312658,1,0.8503285646438599,True,581,0.8503285646438599,True,581,0.8728988766670227,True,581,0.8266555070877075,True,581,0.8007642030715942,True,c12_correct
582,583,583_8.bmp,preprocessed_results\583\583_8.bmp,582,582,582,0.8924580812454224,615,0.03636033833026886,0.8560977429151535,582|615|583|143|740,0.89245808|0.03636034|0.00559821|0.00536417|0.00247322,1,0.8924580812454224,True,582,0.8924580812454224,True,582,0.7595785856246948,True,582,0.8471682071685791,True,582,0.6714209318161011,True,c12_correct
583,584,584_4.bmp,preprocessed_results\584\584_4.bmp,583,583,583,0.8768817782402039,582,0.028942327946424484,0.8479394502937794,583|582|597|615|15,0.87688178|0.02894233|0.00252626|0.00240624|0.00219779,1,0.8768817782402039,True,583,0.8768817782402039,True,583,0.6009465456008911,True,583,0.8454543352127075,True,583,0.7781446576118469,True,c12_correct
584,585,585_1.bmp,preprocessed_results\585\585_1.bmp,584,584,584,0.9197824597358704,832,0.0033621161710470915,0.9164203435648233,584|832|438|73|527,0.91978246|0.00336212|0.00163898|0.00142108|0.00134276,1,0.9197824597358704,True,584,0.9197824597358704,True,584,0.7324533462524414,True,584,0.8085829019546509,True,584,0.7725411653518677,True,c12_correct
585,586,586_8.bmp,preprocessed_results\586\586_8.bmp,585,585,585,0.8867925405502319,681,0.003157204482704401,0.8836353360675275,585|681|629|584|669,0.88679254|0.00315720|0.00228105|0.00201184|0.00197227,1,0.8867925405502319,True,585,0.8867925405502319,True,585,0.8758999705314636,True,585,0.8405324220657349,True,585,0.853384792804718,True,c12_correct
586,587,587_8.bmp,preprocessed_results\587\587_8.bmp,586,586,586,0.9553577899932861,587,0.004021686501801014,0.9513361034914851,586|587|743|628|584,0.95535779|0.00402169|0.00110556|0.00102522|0.00092300,1,0.9553577899932861,True,586,0.9553577899932861,True,586,0.7731673717498779,True,586,0.834930419921875,True,586,0.8065755367279053,True,c12_correct
587,588,588_4.bmp,preprocessed_results\588\588_4.bmp,587,587,587,0.9154136180877686,655,0.003389009740203619,0.9120246083475649,587|655|272|744|721,0.91541362|0.00338901|0.00268563|0.00221233|0.00184046,1,0.9154136180877686,True,587,0.9154136180877686,True,587,0.8325669169425964,True,587,0.8259183168411255,True,587,0.8950766324996948,True,c12_correct
588,589,589_5.bmp,preprocessed_results\589\589_5.bmp,588,588,588,0.8568029403686523,259,0.004956088028848171,0.8518468523398042,588|259|732|580|788,0.85680294|0.00495609|0.00354907|0.00326356|0.00297526,1,0.8568029403686523,True,588,0.8568029403686523,True,588,0.838396430015564,True,588,0.8360456824302673,True,588,0.7844556570053101,True,c12_correct
589,590,590_6.bmp,preprocessed_results\590\590_6.bmp,589,589,589,0.9054338932037354,216,0.007132106926292181,0.8983017862774432,589|216|763|653|587,0.90543389|0.00713211|0.00293955|0.00260447|0.00169642,1,0.9054338932037354,True,589,0.9054338932037354,True,589,0.8990544080734253,True,589,0.8296301960945129,True,589,0.8656368255615234,True,c12_correct
590,591,591_8.bmp,preprocessed_results\591\591_8.bmp,590,590,590,0.9239389300346375,561,0.008643656969070435,0.915295273065567,590|561|789|591|678,0.92393893|0.00864366|0.00258413|0.00249934|0.00201494,1,0.9239389300346375,True,590,0.9239389300346375,True,590,0.8320532441139221,True,590,0.8213177919387817,True,590,0.8012827038764954,True,c12_correct
591,592,592_10.bmp,preprocessed_results\592\592_10.bmp,591,591,591,0.9576178789138794,590,0.0028430228121578693,0.9547748561017215,591|590|678|721|564,0.95761788|0.00284302|0.00205268|0.00104389|0.00095448,1,0.9576178789138794,True,591,0.9576178789138794,True,591,0.8048316240310669,True,591,0.8026928901672363,True,591,0.7980667948722839,True,c12_correct
592,593,593_6.bmp,preprocessed_results\593\593_6.bmp,592,592,592,0.6980249881744385,823,0.015356019139289856,0.6826689690351486,592|823|575|782|593,0.69802499|0.01535602|0.00743282|0.00676533|0.00448118,1,0.6980249881744385,True,592,0.6980249881744385,True,592,0.6329646110534668,True,592,0.8152289390563965,True,592,0.5561684370040894,True,c12_correct
593,594,594_9.bmp,preprocessed_results\594\594_9.bmp,593,593,593,0.862680971622467,592,0.003508500987663865,0.8591724706348032,593|592|786|674|782,0.86268097|0.00350850|0.00274857|0.00156149|0.00137246,1,0.862680971622467,True,593,0.862680971622467,True,593,0.8596174716949463,True,593,0.8215174078941345,True,593,0.8312087655067444,True,c12_correct
594,595,595_2.bmp,preprocessed_results\595\595_2.bmp,594,594,594,0.03899320587515831,740,0.02212761528789997,0.01686559058725834,594|740|407|768|299,0.03899321|0.02212762|0.02204441|0.01830213|0.01508993,1,0.03899320587515831,True,594,0.03899320587515831,True,594,0.1351948380470276,True,594,0.5024271607398987,True,594,0.041368599981069565,True,c12_correct
595,596,596_1.bmp,preprocessed_results\596\596_1.bmp,595,595,595,0.918029248714447,594,0.008876418694853783,0.9091528300195932,595|594|762|726|738,0.91802925|0.00887642|0.00278328|0.00237186|0.00208696,1,0.918029248714447,True,595,0.918029248714447,True,595,0.8340688943862915,True,595,0.811821460723877,True,595,0.7921245098114014,True,c12_correct
596,597,597_4.bmp,preprocessed_results\597\597_4.bmp,596,596,596,0.917018473148346,612,0.019608765840530396,0.8974097073078156,596|612|799|606|699,0.91701847|0.01960877|0.00364438|0.00138204|0.00137082,1,0.917018473148346,True,596,0.917018473148346,True,596,0.8494617342948914,True,596,0.8299543261528015,True,596,0.8173383474349976,True,c12_correct
597,598,598_1.bmp,preprocessed_results\598\598_1.bmp,597,597,597,0.7682393193244934,791,0.007382052484899759,0.7608572668395936,597|791|803|111|823,0.76823932|0.00738205|0.00587208|0.00419538|0.00371357,1,0.7682393193244934,True,597,0.7682393193244934,True,597,0.8094093799591064,True,597,0.8379803895950317,True,597,0.6959353089332581,True,c12_correct
598,599,599_6.bmp,preprocessed_results\599\599_6.bmp,598,598,598,0.8853875398635864,599,0.02287641353905201,0.8625111263245344,598|599|505|504|271,0.88538754|0.02287641|0.00417841|0.00394265|0.00297034,1,0.8853875398635864,True,598,0.8853875398635864,True,598,0.7206870317459106,True,598,0.8373162150382996,True,598,0.6950010061264038,True,c12_correct
599,600,600_1.bmp,preprocessed_results\600\600_1.bmp,599,599,599,0.566240668296814,598,0.12759128212928772,0.43864938616752625,599|598|720|505|438,0.56624067|0.12759128|0.00767470|0.00630807|0.00460276,1,0.566240668296814,True,599,0.566240668296814,True,599,0.5601286888122559,True,599,0.8072377443313599,True,599,0.714825451374054,True,c12_correct
600,601,601_4.bmp,preprocessed_results\601\601_4.bmp,600,600,600,0.8890581130981445,708,0.004459784831851721,0.8845983282662928,600|708|680|730|653,0.88905811|0.00445978|0.00350186|0.00174508|0.00166378,1,0.8890581130981445,True,600,0.8890581130981445,True,600,0.702908456325531,True,600,0.8082936406135559,True,600,0.7221542596817017,True,c12_correct
601,602,602_4.bmp,preprocessed_results\602\602_4.bmp,601,601,601,0.9408361315727234,789,0.002878535306081176,0.9379575962666422,601|789|639|641|805,0.94083613|0.00287854|0.00149344|0.00144051|0.00137863,1,0.9408361315727234,True,601,0.9408361315727234,True,601,0.8022288084030151,True,601,0.8422353267669678,True,601,0.8066268563270569,True,c12_correct
602,603,603_5.bmp,preprocessed_results\603\603_5.bmp,602,602,602,0.5965012907981873,603,0.018806476145982742,0.5776948146522045,602|603|585|760|161,0.59650129|0.01880648|0.01243321|0.00696799|0.00613939,1,0.5965012907981873,True,602,0.5965012907981873,True,602,0.637692928314209,True,602,0.8323687314987183,True,602,0.6936464309692383,True,c12_correct
603,604,604_1.bmp,preprocessed_results\604\604_1.bmp,603,603,603,0.7441614270210266,674,0.012983418069779873,0.7311780089512467,603|674|730|575|715,0.74416143|0.01298342|0.01044343|0.00843897|0.00568202,1,0.7441614270210266,True,603,0.7441614270210266,True,603,0.8316977024078369,True,603,0.8260597586631775,True,603,0.7750232815742493,True,c12_correct
604,605,605_2.bmp,preprocessed_results\605\605_2.bmp,604,604,604,0.9257524013519287,605,0.016801942139863968,0.9089504592120647,604|605|644|678|679,0.92575240|0.01680194|0.00278041|0.00113616|0.00112986,1,0.9257524013519287,True,604,0.9257524013519287,True,604,0.898590087890625,True,604,0.8196991086006165,True,604,0.8681185841560364,True,c12_correct
605,606,606_2.bmp,preprocessed_results\606\606_2.bmp,605,605,605,0.7712933421134949,604,0.008875741623342037,0.7624176004901528,605|604|679|246|126,0.77129334|0.00887574|0.00704295|0.00637896|0.00392876,1,0.7712933421134949,True,605,0.7712933421134949,True,605,0.5807172656059265,True,605,0.840211033821106,True,605,0.7095798850059509,True,c12_correct
606,607,607_7.bmp,preprocessed_results\607\607_7.bmp,606,606,606,0.8533512353897095,832,0.012609006837010384,0.8407422285526991,606|832|678|584|585,0.85335124|0.01260901|0.00577210|0.00437716|0.00364348,1,0.8533512353897095,True,606,0.8533512353897095,True,606,0.808849573135376,True,606,0.8225315809249878,True,606,0.7336457371711731,True,c12_correct
607,608,608_7.bmp,preprocessed_results\608\608_7.bmp,607,607,607,0.9373394846916199,606,0.0029778657481074333,0.9343616189435124,607|606|327|647|612,0.93733948|0.00297787|0.00198767|0.00162638|0.00148203,1,0.9373394846916199,True,607,0.9373394846916199,True,607,0.8555631041526794,True,607,0.7839940786361694,True,607,0.8409034609794617,True,c12_correct
608,609,609_8.bmp,preprocessed_results\609\609_8.bmp,608,608,608,0.6603664755821228,609,0.21560053527355194,0.44476594030857086,608|609|813|756|736,0.66036648|0.21560054|0.00607865|0.00300741|0.00198786,1,0.6603664755821228,True,608,0.6603664755821228,True,608,0.9104138612747192,True,608,0.8216097354888916,True,608,0.8106690645217896,True,c12_correct
609,610,610_7.bmp,preprocessed_results\610\610_7.bmp,609,609,609,0.8920496106147766,608,0.033744558691978455,0.8583050519227982,609|608|774|813|812,0.89204961|0.03374456|0.00609279|0.00382033|0.00144156,1,0.8920496106147766,True,609,0.8920496106147766,True,609,0.4277072548866272,True,609,0.827454686164856,True,609,0.8200046420097351,True,c12_correct
610,611,611_2.bmp,preprocessed_results\611\611_2.bmp,610,610,610,0.45106497406959534,667,0.01506496500223875,0.4360000090673566,610|667|242|646|51,0.45106497|0.01506497|0.00670858|0.00571108|0.00518896,1,0.45106497406959534,True,610,0.45106497406959534,True,610,0.3709578514099121,True,610,0.7673488855361938,True,610,0.4211404025554657,True,c12_correct
611,612,612_8.bmp,preprocessed_results\612\612_8.bmp,611,611,611,0.9259363412857056,610,0.0031824400648474693,0.9227539012208581,611|610|788|127|671,0.92593634|0.00318244|0.00202109|0.00153690|0.00143556,1,0.9259363412857056,True,611,0.9259363412857056,True,611,0.8876060843467712,True,611,0.8179609179496765,True,611,0.8912956118583679,True,c12_correct
612,613,613_5.bmp,preprocessed_results\613\613_5.bmp,612,612,612,0.4872700273990631,606,0.03886912390589714,0.44840090349316597,612|606|596|755|607,0.48727003|0.03886912|0.01370742|0.01267747|0.00980098,1,0.4872700273990631,True,612,0.4872700273990631,True,612,0.30603092908859253,True,612,0.792716920375824,True,612,0.605542004108429,True,c12_correct
613,614,614_2.bmp,preprocessed_results\614\614_2.bmp,613,613,613,0.8764193058013916,730,0.005380633287131786,0.8710386725142598,613|730|612|607|753,0.87641931|0.00538063|0.00457370|0.00408970|0.00315835,1,0.8764193058013916,True,613,0.8764193058013916,True,613,0.7792367935180664,True,613,0.8169025182723999,True,613,0.7798118591308594,True,c12_correct
614,615,615_7.bmp,preprocessed_results\615\615_7.bmp,614,614,614,0.7261290550231934,615,0.056897494941949844,0.6692315600812435,614|615|628|623|438,0.72612906|0.05689749|0.02198582|0.01206688|0.00958181,1,0.7261290550231934,True,614,0.7261290550231934,True,614,0.28471139073371887,True,614,0.8083599805831909,True,614,0.46218010783195496,True,c12_correct
615,616,616_7.bmp,preprocessed_results\616\616_7.bmp,615,615,615,0.9112484455108643,614,0.010893772356212139,0.9003546731546521,615|614|582|628|706,0.91124845|0.01089377|0.00820381|0.00277902|0.00183250,1,0.9112484455108643,True,615,0.9112484455108643,True,615,0.818782389163971,True,615,0.8276355266571045,True,615,0.693838894367218,True,c12_correct
616,617,617_5.bmp,preprocessed_results\617\617_5.bmp,616,616,616,0.6575003266334534,617,0.016272535547614098,0.6412277910858393,616|617|598|608|541,0.65750033|0.01627254|0.00833183|0.00730531|0.00619854,1,0.6575003266334534,True,616,0.6575003266334534,True,616,0.4340938329696655,True,616,0.7842610478401184,True,616,0.5446008443832397,True,c12_correct
617,618,618_8.bmp,preprocessed_results\618\618_8.bmp,617,617,617,0.7354934215545654,616,0.028737353160977364,0.7067560683935881,617|616|780|758|742,0.73549342|0.02873735|0.00910718|0.00414900|0.00408615,1,0.7354934215545654,True,617,0.7354934215545654,True,617,0.6538663506507874,True,617,0.7917538285255432,True,617,0.6308088898658752,True,c12_correct
618,619,619_8.bmp,preprocessed_results\619\619_8.bmp,618,618,618,0.9028207659721375,598,0.00657889898866415,0.8962418669834733,618|598|750|634|637,0.90282077|0.00657890|0.00631264|0.00449084|0.00421447,1,0.9028207659721375,True,618,0.9028207659721375,True,618,0.8699744939804077,True,618,0.8300392031669617,True,618,0.811296284198761,True,c12_correct
619,620,620_9.bmp,preprocessed_results\620\620_9.bmp,619,619,619,0.8817480802536011,565,0.005601875483989716,0.8761462047696114,619|565|583|803|701,0.88174808|0.00560188|0.00535325|0.00410676|0.00195712,1,0.8817480802536011,True,619,0.8817480802536011,True,619,0.9164095520973206,True,619,0.8396556973457336,True,619,0.8786786794662476,True,c12_correct
620,621,621_8.bmp,preprocessed_results\621\621_8.bmp,620,620,620,0.8834840059280396,621,0.007578718010336161,0.8759052879177034,620|621|757|765|830,0.88348401|0.00757872|0.00734253|0.00451178|0.00432950,1,0.8834840059280396,True,620,0.8834840059280396,True,620,0.6989827156066895,True,620,0.8205710053443909,True,620,0.8061519861221313,True,c12_correct
621,622,622_8.bmp,preprocessed_results\622\622_8.bmp,621,621,621,0.9247233271598816,755,0.003993116784840822,0.9207302103750408,621|755|754|757|620,0.92472333|0.00399312|0.00391901|0.00368016|0.00318195,1,0.9247233271598816,True,621,0.9247233271598816,True,621,0.8494077920913696,True,621,0.8268380165100098,True,621,0.8445371985435486,True,c12_correct
622,623,623_9.bmp,preprocessed_results\623\623_9.bmp,622,622,622,0.2824417054653168,584,0.031160550191998482,0.2512811552733183,622|584|174|804|722,0.28244171|0.03116055|0.02821304|0.01890859|0.01645052,1,0.2824417054653168,True,622,0.2824417054653168,True,622,0.023671835660934448,True,622,0.6581400036811829,True,622,0.10168912261724472,True,c12_correct
623,624,624_6.bmp,preprocessed_results\624\624_6.bmp,623,623,623,0.8786941766738892,731,0.007682052906602621,0.8710121237672865,623|731|739|615|614,0.87869418|0.00768205|0.00378717|0.00365222|0.00310136,1,0.8786941766738892,True,623,0.8786941766738892,True,623,0.27208808064460754,True,623,0.8195009827613831,True,623,0.7239165306091309,True,c12_correct
624,625,625_4.bmp,preprocessed_results\625\625_4.bmp,624,624,624,0.7770092487335205,186,0.012071083299815655,0.7649381654337049,624|186|664|578|828,0.77700925|0.01207108|0.01169848|0.01158169|0.01018134,1,0.7770092487335205,True,624,0.7770092487335205,True,624,0.6685619950294495,True,624,0.8169474005699158,True,624,0.6100174784660339,True,c12_correct
625,626,626_10.bmp,preprocessed_results\626\626_10.bmp,625,625,625,0.8586161732673645,702,0.00367914536036551,0.854937027906999,625|702|829|747|687,0.85861617|0.00367915|0.00354850|0.00296056|0.00278894,1,0.8586161732673645,True,625,0.8586161732673645,True,625,0.6291863322257996,True,625,0.8303066492080688,True,625,0.7000053524971008,True,c12_correct
626,627,627_3.bmp,preprocessed_results\627\627_3.bmp,626,626,626,0.7762733101844788,595,0.015098953619599342,0.7611743565648794,626|595|726|758|753,0.77627331|0.01509895|0.00729391|0.00572694|0.00493660,1,0.7762733101844788,True,626,0.7762733101844788,True,626,0.5901753902435303,True,626,0.8347569704055786,True,626,0.7940283417701721,True,c12_correct
627,628,628_5.bmp,preprocessed_results\628\628_5.bmp,627,627,627,0.932743489742279,626,0.003131973324343562,0.9296115164179355,627|626|671|670|807,0.93274349|0.00313197|0.00227260|0.00137754|0.00121466,1,0.932743489742279,True,627,0.932743489742279,True,627,0.8968281745910645,True,627,0.8485985398292542,True,627,0.8010682463645935,True,c12_correct
628,629,629_1.bmp,preprocessed_results\629\629_1.bmp,628,628,628,0.8176864981651306,629,0.05352703481912613,0.7641594633460045,628|629|812|641|645,0.81768650|0.05352703|0.00339528|0.00324317|0.00319093,1,0.8176864981651306,True,628,0.8176864981651306,True,628,0.8888077735900879,True,628,0.8408412337303162,True,628,0.749374270439148,True,c12_correct
629,630,630_10.bmp,preprocessed_results\630\630_10.bmp,629,629,629,0.9020268321037292,628,0.008719566278159618,0.8933072658255696,629|628|739|671|585,0.90202683|0.00871957|0.00204309|0.00145863|0.00126030,1,0.9020268321037292,True,629,0.9020268321037292,True,629,0.8557741641998291,True,629,0.825927197933197,True,629,0.7697530388832092,True,c12_correct
630,631,631_5.bmp,preprocessed_results\631\631_5.bmp,630,630,630,0.9228218197822571,631,0.0025678041856735945,0.9202540155965835,630|631|690|636|688,0.92282182|0.00256780|0.00218681|0.00192230|0.00169637,1,0.9228218197822571,True,630,0.9228218197822571,True,630,0.7907403707504272,True,630,0.8087314963340759,True,630,0.6561229825019836,True,c12_correct
631,632,632_7.bmp,preprocessed_results\632\632_7.bmp,631,631,631,0.6921747326850891,512,0.03739740327000618,0.6547773294150829,631|512|681|630|721,0.69217473|0.03739740|0.03225177|0.01775654|0.01325428,1,0.6921747326850891,True,631,0.6921747326850891,True,631,0.28559058904647827,True,631,0.6269147396087646,True,631,0.30591651797294617,True,c12_correct
632,633,633_5.bmp,preprocessed_results\633\633_5.bmp,632,632,632,0.7933598756790161,232,0.006462980527430773,0.7868968951515853,632|232|633|205|170,0.79335988|0.00646298|0.00643340|0.00552960|0.00532745,1,0.7933598756790161,True,632,0.7933598756790161,True,632,0.7804486155509949,True,632,0.8148478269577026,True,632,0.7747930884361267,True,c12_correct
633,634,634_6.bmp,preprocessed_results\634\634_6.bmp,633,633,633,0.9319515824317932,775,0.0029820555355399847,0.9289695268962532,633|775|632|819|709,0.93195158|0.00298206|0.00271535|0.00259824|0.00213853,1,0.9319515824317932,True,633,0.9319515824317932,True,633,0.8500492572784424,True,633,0.8421072959899902,True,633,0.8671535849571228,True,c12_correct
634,635,635_7.bmp,preprocessed_results\635\635_7.bmp,634,634,634,0.9086033701896667,635,0.010216092690825462,0.8983872774988413,634|635|598|677|599,0.90860337|0.01021609|0.00648923|0.00212087|0.00179632,1,0.9086033701896667,True,634,0.9086033701896667,True,634,0.8750883340835571,True,634,0.8179458975791931,True,634,0.8784717321395874,True,c12_correct
635,636,636_4.bmp,preprocessed_results\636\636_4.bmp,635,635,635,0.7286719679832458,720,0.013299494050443172,0.7153724739328027,635|720|634|270|577,0.72867197|0.01329949|0.01055447|0.00817841|0.00756360,1,0.7286719679832458,True,635,0.7286719679832458,True,635,0.34251144528388977,True,635,0.7981862425804138,True,635,0.6458693742752075,True,c12_correct
636,637,637_6.bmp,preprocessed_results\637\637_6.bmp,636,636,636,0.3022017478942871,630,0.0835471972823143,0.2186545506119728,636|630|584|616|637,0.30220175|0.08354720|0.02726124|0.02139659|0.01972824,1,0.3022017478942871,True,636,0.3022017478942871,True,636,0.3811275064945221,True,636,0.7207691669464111,True,636,0.3900849223136902,True,c12_correct
637,638,638_5.bmp,preprocessed_results\638\638_5.bmp,637,637,637,0.679948627948761,474,0.036672625690698624,0.6432760022580624,637|474|636|688|681,0.67994863|0.03667263|0.02185158|0.00678998|0.00445319,1,0.679948627948761,True,637,0.679948627948761,True,637,0.5954379439353943,True,637,0.8297706842422485,True,637,0.6080052852630615,True,c12_correct
638,639,639_2.bmp,preprocessed_results\639\639_2.bmp,638,638,638,0.9301280379295349,639,0.013981243595480919,0.916146794334054,638|639|762|767|47,0.93012804|0.01398124|0.00185828|0.00120164|0.00108041,1,0.9301280379295349,True,638,0.9301280379295349,True,638,0.8092776536941528,True,638,0.8303149342536926,True,638,0.8251897096633911,True,c12_correct
639,640,640_5.bmp,preprocessed_results\640\640_5.bmp,639,639,639,0.9673828482627869,638,0.008900316432118416,0.9584825318306684,639|638|601|789|741,0.96738285|0.00890032|0.00092079|0.00053955|0.00043645,1,0.9673828482627869,True,639,0.9673828482627869,True,639,0.8479583859443665,True,639,0.831378698348999,True,639,0.7896431088447571,True,c12_correct
640,641,641_3.bmp,preprocessed_results\641\641_3.bmp,640,640,640,0.8115846514701843,804,0.04017794132232666,0.7714067101478577,640|804|666|648|664,0.81158465|0.04017794|0.01945737|0.00978219|0.00952498,1,0.8115846514701843,True,640,0.8115846514701843,True,640,0.48953163623809814,True,640,0.7389493584632874,True,640,0.615608811378479,True,c12_correct
641,642,642_6.bmp,preprocessed_results\642\642_6.bmp,641,641,641,0.6914300918579102,814,0.023732749745249748,0.6676973421126604,641|814|805|635|455,0.69143009|0.02373275|0.01942109|0.00596287|0.00408221,1,0.6914300918579102,True,641,0.6914300918579102,True,641,0.5348408818244934,True,641,0.7617475986480713,True,641,0.6499571800231934,True,c12_correct
642,643,643_1.bmp,preprocessed_results\643\643_1.bmp,642,642,642,0.9524875283241272,643,0.006393457297235727,0.9460940710268915,642|643|620|138|819,0.95248753|0.00639346|0.00176815|0.00062013|0.00055024,1,0.9524875283241272,True,642,0.9524875283241272,True,642,0.8334652185440063,True,642,0.8592438697814941,True,642,0.844412624835968,True,c12_correct
643,644,644_4.bmp,preprocessed_results\644\644_4.bmp,643,643,643,0.8963781595230103,642,0.01408358197659254,0.8822945775464177,643|642|667|708|767,0.89637816|0.01408358|0.00442040|0.00317187|0.00274733,1,0.8963781595230103,True,643,0.8963781595230103,True,643,0.757024884223938,True,643,0.8212904334068298,True,643,0.7109177708625793,True,c12_correct
644,645,645_2.bmp,preprocessed_results\645\645_2.bmp,644,644,644,0.8846384286880493,604,0.01226128451526165,0.8723771441727877,644|604|618|645|590,0.88463843|0.01226128|0.00475861|0.00442322|0.00389138,1,0.8846384286880493,True,644,0.8846384286880493,True,644,0.740349531173706,True,644,0.8282961249351501,True,644,0.7284954190254211,True,c12_correct
645,646,646_5.bmp,preprocessed_results\646\646_5.bmp,645,645,645,0.9518406987190247,644,0.005949741695076227,0.9458909570239484,645|644|604|680|681,0.95184070|0.00594974|0.00145668|0.00099077|0.00096423,1,0.9518406987190247,True,645,0.9518406987190247,True,645,0.7541916370391846,True,645,0.8337938189506531,True,645,0.8159314393997192,True,c12_correct
646,647,647_5.bmp,preprocessed_results\647\647_5.bmp,646,646,646,0.9323904514312744,694,0.003651557955890894,0.9287388934753835,646|694|710|570|647,0.93239045|0.00365156|0.00195035|0.00166541|0.00162259,1,0.9323904514312744,True,646,0.9323904514312744,True,646,0.8776431679725647,True,646,0.8447206020355225,True,646,0.831527054309845,True,c12_correct
647,648,648_8.bmp,preprocessed_results\648\648_8.bmp,647,647,647,0.9051148295402527,272,0.002136497525498271,0.9029783320147544,647|272|327|607|701,0.90511483|0.00213650|0.00184736|0.00152510|0.00106271,1,0.9051148295402527,True,647,0.9051148295402527,True,647,0.8684585690498352,True,647,0.8317281603813171,True,647,0.7524805068969727,True,c12_correct
648,649,649_8.bmp,preprocessed_results\649\649_8.bmp,648,648,648,0.19327086210250854,640,0.09939399361610413,0.09387686848640442,648|640|720|635|666,0.19327086|0.09939399|0.05332602|0.02929788|0.02247738,1,0.19327086210250854,True,648,0.19327086210250854,True,648,0.11128096282482147,True,648,0.7768216729164124,True,648,0.1880190223455429,True,c12_correct
649,650,650_7.bmp,preprocessed_results\650\650_7.bmp,649,649,649,0.8444897532463074,689,0.013123656623065472,0.8313660966232419,649|689|635|743|721,0.84448975|0.01312366|0.00977436|0.00642496|0.00637918,1,0.8444897532463074,True,649,0.8444897532463074,True,649,0.7068547010421753,True,649,0.8300508856773376,True,649,0.7391310334205627,True,c12_correct
650,651,651_8.bmp,preprocessed_results\651\651_8.bmp,650,650,650,0.9123745560646057,651,0.007073707412928343,0.9053008486516774,650|651|696|830|697,0.91237456|0.00707371|0.00396013|0.00305599|0.00262186,1,0.9123745560646057,True,650,0.9123745560646057,True,650,0.7359526753425598,True,650,0.8402119278907776,True,650,0.7608921527862549,True,c12_correct
651,652,652_8.bmp,preprocessed_results\652\652_8.bmp,651,651,651,0.9677687883377075,650,0.0049000391736626625,0.9628687491640449,651|650|697|623|670,0.96776879|0.00490004|0.00084208|0.00074371|0.00066145,1,0.9677687883377075,True,651,0.9677687883377075,True,651,0.9092772006988525,True,651,0.8375067114830017,True,651,0.8474342226982117,True,c12_correct
652,653,653_6.bmp,preprocessed_results\653\653_6.bmp,652,652,652,0.915884792804718,653,0.005094281397759914,0.9107905114069581,652|653|574|738|76,0.91588479|0.00509428|0.00174688|0.00154505|0.00117035,1,0.915884792804718,True,652,0.915884792804718,True,652,0.8050265312194824,True,652,0.8557862043380737,True,652,0.8084131479263306,True,c12_correct
653,654,654_2.bmp,preprocessed_results\654\654_2.bmp,653,653,653,0.9294179677963257,652,0.008594280108809471,0.9208236876875162,653|652|589|715|162,0.92941797|0.00859428|0.00662985|0.00152483|0.00093558,1,0.9294179677963257,True,653,0.9294179677963257,True,653,0.8893001079559326,True,653,0.8034396171569824,True,653,0.8083924055099487,True,c12_correct
654,655,655_9.bmp,preprocessed_results\655\655_9.bmp,654,654,654,0.9358164072036743,718,0.004373725038021803,0.9314426821656525,654|718|732|813|655,0.93581641|0.00437373|0.00145921|0.00133022|0.00116916,1,0.9358164072036743,True,654,0.9358164072036743,True,654,0.9074268937110901,True,654,0.8469024896621704,True,654,0.8431201577186584,True,c12_correct
655,656,656_2.bmp,preprocessed_results\656\656_2.bmp,655,655,655,0.9268995523452759,587,0.01004060823470354,0.9168589441105723,655|587|224|654|268,0.92689955|0.01004061|0.00224299|0.00183622|0.00182554,1,0.9268995523452759,True,655,0.9268995523452759,True,655,0.861706018447876,True,655,0.8345526456832886,True,655,0.7915332913398743,True,c12_correct
656,657,657_7.bmp,preprocessed_results\657\657_7.bmp,656,656,656,0.8818673491477966,612,0.0026972207706421614,0.8791701283771545,656|612|652|712|799,0.88186735|0.00269722|0.00262905|0.00224260|0.00223529,1,0.8818673491477966,True,656,0.8818673491477966,True,656,0.8960912823677063,True,656,0.8378342986106873,True,656,0.8541589379310608,True,c12_correct
657,658,658_6.bmp,preprocessed_results\658\658_6.bmp,657,657,657,0.49613383412361145,627,0.018820416182279587,0.47731341794133186,657|627|671|719|825,0.49613383|0.01882042|0.01700750|0.01587080|0.01465551,1,0.49613383412361145,True,657,0.49613383412361145,True,657,0.38508695363998413,True,657,0.8212250471115112,True,657,0.5697774887084961,True,c12_correct
658,659,659_5.bmp,preprocessed_results\659\659_5.bmp,658,658,658,0.8657146692276001,729,0.004782143048942089,0.860932526178658,658|729|694|154|659,0.86571467|0.00478214|0.00202676|0.00177314|0.00169708,1,0.8657146692276001,True,658,0.8657146692276001,True,658,0.7804256677627563,True,658,0.84274822473526,True,658,0.7636809945106506,True,c12_correct
659,660,660_6.bmp,preprocessed_results\660\660_6.bmp,659,659,659,0.8900859355926514,587,0.007467912510037422,0.882618023082614,659|587|712|708|667,0.89008594|0.00746791|0.00506922|0.00475960|0.00345485,1,0.8900859355926514,True,659,0.8900859355926514,True,659,0.8799626231193542,True,659,0.8294431567192078,True,659,0.8062250018119812,True,c12_correct
660,661,661_8.bmp,preprocessed_results\661\661_8.bmp,660,660,660,0.7226121425628662,261,0.04183195158839226,0.680780190974474,660|261|307|337|287,0.72261214|0.04183195|0.00705326|0.00573524|0.00478498,1,0.7226121425628662,True,660,0.7226121425628662,True,660,0.7146506905555725,True,660,0.8423738479614258,True,660,0.7999226450920105,True,c12_correct
661,662,662_3.bmp,preprocessed_results\662\662_3.bmp,661,661,661,0.8817813396453857,735,0.0046760449185967445,0.877105294726789,661|735|3|759|660,0.88178134|0.00467604|0.00322836|0.00244856|0.00236156,1,0.8817813396453857,True,661,0.8817813396453857,True,661,0.7410330772399902,True,661,0.7986645102500916,True,661,0.7257075309753418,True,c12_correct
662,663,663_4.bmp,preprocessed_results\663\663_4.bmp,662,662,662,0.9506946206092834,663,0.005480872467160225,0.9452137481421232,662|663|784|752|207,0.95069462|0.00548087|0.00181639|0.00137129|0.00094600,1,0.9506946206092834,True,662,0.9506946206092834,True,662,0.8482135534286499,True,662,0.8355651497840881,True,662,0.8401483297348022,True,c12_correct
663,664,664_2.bmp,preprocessed_results\664\664_2.bmp,663,663,663,0.9174585342407227,662,0.005932911299169064,0.9115256229415536,663|662|753|567|625,0.91745853|0.00593291|0.00217905|0.00173526|0.00141480,1,0.9174585342407227,True,663,0.9174585342407227,True,663,0.8180405497550964,True,663,0.8204469084739685,True,663,0.8323892951011658,True,c12_correct
664,665,665_7.bmp,preprocessed_results\665\665_7.bmp,664,664,664,0.9478206634521484,666,0.0021340753883123398,0.9456865880638361,664|666|576|828|686,0.94782066|0.00213408|0.00171984|0.00151652|0.00142174,1,0.9478206634521484,True,664,0.9478206634521484,True,664,0.8094494342803955,True,664,0.8256710171699524,True,664,0.7714526653289795,True,c12_correct
665,666,666_10.bmp,preprocessed_results\666\666_10.bmp,665,665,665,0.8996307849884033,143,0.005238034762442112,0.8943927502259612,665|143|687|815|115,0.89963078|0.00523803|0.00501146|0.00403644|0.00235053,1,0.8996307849884033,True,665,0.8996307849884033,True,665,0.8493893146514893,True,665,0.8404381275177002,True,665,0.8486233353614807,True,c12_correct
666,667,667_6.bmp,preprocessed_results\667\667_6.bmp,666,666,666,0.8461283445358276,667,0.0112288948148489,0.8348994497209787,666|667|641|640|805,0.84612834|0.01122889|0.01097606|0.00838126|0.00558348,1,0.8461283445358276,True,666,0.8461283445358276,True,666,0.8738091588020325,True,666,0.8207194805145264,True,666,0.8297033905982971,True,c12_correct
667,668,668_2.bmp,preprocessed_results\668\668_2.bmp,667,667,667,0.5795359015464783,720,0.012864851392805576,0.5666710501536727,667|720|643|698|564,0.57953590|0.01286485|0.01103056|0.00775073|0.00682265,1,0.5795359015464783,True,667,0.5795359015464783,True,667,0.6630561947822571,True,667,0.7951633334159851,True,667,0.4848223030567169,True,c12_correct
668,669,669_10.bmp,preprocessed_results\669\669_10.bmp,668,668,668,0.9511957764625549,669,0.00857908558100462,0.9426166908815503,668|669|765|622|697,0.95119578|0.00857909|0.00121388|0.00090542|0.00072602,1,0.9511957764625549,True,668,0.9511957764625549,True,668,0.8858882784843445,True,668,0.8419224619865417,True,668,0.8599560260772705,True,c12_correct
669,670,670_7.bmp,preprocessed_results\670\670_7.bmp,669,669,669,0.7698840498924255,668,0.027511930093169212,0.7423721197992563,669|668|825|683|671,0.76988405|0.02751193|0.01643423|0.01291452|0.01150085,1,0.7698840498924255,True,669,0.7698840498924255,True,669,0.37516382336616516,True,669,0.8061708807945251,True,669,0.5370157957077026,True,c12_correct
670,671,671_7.bmp,preprocessed_results\671\671_7.bmp,670,670,670,0.6225453615188599,829,0.05376553535461426,0.5687798261642456,670|829|722|777|651,0.62254536|0.05376554|0.01674811|0.01342431|0.01230363,1,0.6225453615188599,True,670,0.6225453615188599,True,670,0.667723536491394,True,670,0.8263224959373474,True,670,0.7176429033279419,True,c12_correct
671,672,672_9.bmp,preprocessed_results\672\672_9.bmp,671,671,671,0.9196505546569824,781,0.009161856956779957,0.9104886977002025,671|781|627|657|761,0.91965055|0.00916186|0.00510575|0.00426822|0.00334076,1,0.9196505546569824,True,671,0.9196505546569824,True,671,0.825165867805481,True,671,0.8283267021179199,True,671,0.8297877907752991,True,c12_correct
672,673,673_1.bmp,preprocessed_results\673\673_1.bmp,672,672,672,0.7578543424606323,673,0.010469556786119938,0.7473847856745124,672|673|582|618|808,0.75785434|0.01046956|0.00736819|0.00715643|0.00702351,1,0.7578543424606323,True,672,0.7578543424606323,True,672,0.632642924785614,True,672,0.8298543691635132,True,672,0.7457426190376282,True,c12_correct
673,674,674_1.bmp,preprocessed_results\674\674_1.bmp,673,673,673,0.819802463054657,333,0.021618390455842018,0.798184072598815,673|333|672|582|686,0.81980246|0.02161839|0.01721192|0.00450023|0.00318850,1,0.819802463054657,True,673,0.819802463054657,True,673,0.6771842837333679,True,673,0.8346313834190369,True,673,0.8120169043540955,True,c12_correct
674,675,675_1.bmp,preprocessed_results\675\675_1.bmp,674,674,674,0.9327448606491089,675,0.005176729056984186,0.9275681315921247,674|675|626|312|256,0.93274486|0.00517673|0.00166770|0.00161266|0.00152590,1,0.9327448606491089,True,674,0.9327448606491089,True,674,0.8729297518730164,True,674,0.8369001150131226,True,674,0.8675593137741089,True,c12_correct
675,676,676_4.bmp,preprocessed_results\676\676_4.bmp,675,675,675,0.833730936050415,4,0.008196497336030006,0.825534438714385,675|4|674|311|293,0.83373094|0.00819650|0.00588623|0.00301129|0.00190942,1,0.833730936050415,True,675,0.833730936050415,True,675,0.652470588684082,True,675,0.8207762241363525,True,675,0.6689297556877136,True,c12_correct
676,677,677_8.bmp,preprocessed_results\677\677_8.bmp,676,676,676,0.9704574346542358,822,0.0009226491092704237,0.9695347855449654,676|822|686|826|570,0.97045743|0.00092265|0.00076227|0.00070627|0.00061119,1,0.9704574346542358,True,676,0.9704574346542358,True,676,0.9276899099349976,True,676,0.8227919340133667,True,676,0.8042450547218323,True,c12_correct
677,678,678_6.bmp,preprocessed_results\678\678_6.bmp,677,677,677,0.8692594766616821,634,0.0125271650031209,0.8567323116585612,677|634|576|750|685,0.86925948|0.01252717|0.00731450|0.00618727|0.00559813,1,0.8692594766616821,True,677,0.8692594766616821,True,677,0.7219314575195312,True,677,0.827867329120636,True,677,0.7647194862365723,True,c12_correct
678,679,679_8.bmp,preprocessed_results\679\679_8.bmp,678,678,678,0.28977787494659424,569,0.03190726041793823,0.257870614528656,678|569|604|644|590,0.28977787|0.03190726|0.02858896|0.02453408|0.01958558,1,0.28977787494659424,True,678,0.28977787494659424,True,678,0.18638832867145538,True,678,0.7605376839637756,True,678,0.3744686245918274,True,c12_correct
679,680,680_3.bmp,preprocessed_results\680\680_3.bmp,679,679,679,0.8194233179092407,814,0.005691802129149437,0.8137315157800913,679|814|688|678|645,0.81942332|0.00569180|0.00364412|0.00322357|0.00304284,1,0.8194233179092407,True,679,0.8194233179092407,True,679,0.8530398607254028,True,679,0.8408514261245728,True,679,0.8326483368873596,True,c12_correct
680,681,681_6.bmp,preprocessed_results\681\681_6.bmp,680,680,680,0.924851655960083,681,0.005311654414981604,0.9195400015451014,680|681|802|678|682,0.92485166|0.00531165|0.00185056|0.00138688|0.00121889,1,0.924851655960083,True,680,0.924851655960083,True,680,0.8919033408164978,True,680,0.8464335799217224,True,680,0.8963442444801331,True,c12_correct
681,682,682_4.bmp,preprocessed_results\682\682_4.bmp,681,681,681,0.8379393815994263,631,0.018575195223093033,0.8193641863763332,681|631|680|689|721,0.83793938|0.01857520|0.01826023|0.00495888|0.00329508,1,0.8379393815994263,True,681,0.8379393815994263,True,681,0.8101258873939514,True,681,0.8263357877731323,True,681,0.6086785197257996,True,c12_correct
682,683,683_5.bmp,preprocessed_results\683\683_5.bmp,682,682,682,0.9231535792350769,761,0.0025837684515863657,0.9205698107834905,682|761|726|641|588,0.92315358|0.00258377|0.00206438|0.00195490|0.00187609,1,0.9231535792350769,True,682,0.9231535792350769,True,682,0.7254308462142944,True,682,0.8056145906448364,True,682,0.7017676830291748,True,c12_correct
683,684,684_5.bmp,preprocessed_results\684\684_5.bmp,683,683,683,0.958123505115509,765,0.0037050102837383747,0.9544184948317707,683|765|759|682|639,0.95812351|0.00370501|0.00207253|0.00173892|0.00060167,1,0.958123505115509,True,683,0.958123505115509,True,683,0.7975139021873474,True,683,0.8494805097579956,True,683,0.8620020151138306,True,c12_correct
684,685,685_8.bmp,preprocessed_results\685\685_8.bmp,684,684,684,0.9259480834007263,685,0.0031748474575579166,0.9227732359431684,684|685|634|808|576,0.92594808|0.00317485|0.00216935|0.00201525|0.00190160,1,0.9259480834007263,True,684,0.9259480834007263,True,684,0.8825656175613403,True,684,0.8250247240066528,True,684,0.8459816575050354,True,c12_correct
685,686,686_8.bmp,preprocessed_results\686\686_8.bmp,685,685,685,0.8813009262084961,630,0.005251102615147829,0.8760498235933483,685|630|636|684|649,0.88130093|0.00525110|0.00518072|0.00506567|0.00352454,1,0.8813009262084961,True,685,0.8813009262084961,True,685,0.8603894710540771,True,685,0.8375489711761475,True,685,0.7828481197357178,True,c12_correct
686,687,687_4.bmp,preprocessed_results\687\687_4.bmp,686,686,686,0.9254822134971619,676,0.006846873555332422,0.9186353399418294,686|676|576|740|687,0.92548221|0.00684687|0.00418176|0.00356330|0.00275078,1,0.9254822134971619,True,686,0.9254822134971619,True,686,0.8255349397659302,True,686,0.8478847742080688,True,686,0.7967273592948914,True,c12_correct
687,688,688_2.bmp,preprocessed_results\688\688_2.bmp,687,687,687,0.8609894514083862,743,0.0133972791954875,0.8475921722128987,687|743|686|745|791,0.86098945|0.01339728|0.01307794|0.00293080|0.00258792,1,0.8609894514083862,True,687,0.8609894514083862,True,687,0.7627320289611816,True,687,0.8159930109977722,True,687,0.7664199471473694,True,c12_correct
688,689,689_7.bmp,preprocessed_results\689\689_7.bmp,688,688,688,0.5845537185668945,630,0.024195559322834015,0.5603581592440605,688|630|649|636|637,0.58455372|0.02419556|0.01366314|0.01328170|0.01130749,1,0.5845537185668945,True,688,0.5845537185668945,True,688,0.6102604269981384,True,688,0.7857319712638855,True,688,0.6053035855293274,True,c12_correct
689,690,690_5.bmp,preprocessed_results\690\690_5.bmp,689,689,689,0.9145107865333557,649,0.01578701101243496,0.8987237755209208,689|649|743|688|102,0.91451079|0.01578701|0.00313432|0.00253249|0.00153738,1,0.9145107865333557,True,689,0.9145107865333557,True,689,0.8599101305007935,True,689,0.7923964858055115,True,689,0.8369880318641663,True,c12_correct
690,691,691_3.bmp,preprocessed_results\691\691_3.bmp,690,690,690,0.9139659404754639,678,0.007968020625412464,0.9059979198500514,690|678|691|680|636,0.91396594|0.00796802|0.00495894|0.00384099|0.00288911,1,0.9139659404754639,True,690,0.9139659404754639,True,690,0.8414046764373779,True,690,0.8494356870651245,True,690,0.8285141587257385,True,c12_correct
691,692,692_8.bmp,preprocessed_results\692\692_8.bmp,691,691,691,0.9366620779037476,690,0.0029885913245379925,0.9336734865792096,691|690|644|719|673,0.93666208|0.00298859|0.00284111|0.00278198|0.00146678,1,0.9366620779037476,True,691,0.9366620779037476,True,691,0.8663047552108765,True,691,0.8356442451477051,True,691,0.8310261964797974,True,c12_correct
692,693,693_1.bmp,preprocessed_results\693\693_1.bmp,692,692,692,0.9331263303756714,693,0.007425496820360422,0.925700833555311,692|693|744|609|655,0.93312633|0.00742550|0.00189779|0.00116511|0.00082626,1,0.9331263303756714,True,692,0.9331263303756714,True,692,0.8668488264083862,True,692,0.8471980094909668,True,692,0.8842757940292358,True,c12_correct
693,694,694_10.bmp,preprocessed_results\694\694_10.bmp,693,693,693,0.8461237549781799,692,0.005384414456784725,0.8407393405213952,693|692|827|623|741,0.84612375|0.00538441|0.00517813|0.00365798|0.00302428,1,0.8461237549781799,True,693,0.8461237549781799,True,693,0.8963043093681335,True,693,0.8369061946868896,True,693,0.7294517159461975,True,c12_correct
694,695,695_3.bmp,preprocessed_results\695\695_3.bmp,694,694,694,0.937650740146637,610,0.004503866191953421,0.9331468739546835,694|610|646|667|695,0.93765074|0.00450387|0.00255292|0.00206213|0.00190493,1,0.937650740146637,True,694,0.937650740146637,True,694,0.9407322406768799,True,694,0.8431742191314697,True,694,0.7741764783859253,True,c12_correct
695,696,696_2.bmp,preprocessed_results\696\696_2.bmp,695,695,695,0.839023232460022,789,0.011470625177025795,0.8275526072829962,695|789|732|673|713,0.83902323|0.01147063|0.00403006|0.00357130|0.00340097,1,0.839023232460022,True,695,0.839023232460022,True,695,0.5757243633270264,True,695,0.814939022064209,True,695,0.7577893137931824,True,c12_correct
696,697,697_8.bmp,preprocessed_results\697\697_8.bmp,696,696,696,0.7394284009933472,697,0.013878357596695423,0.7255500433966517,696|697|707|810|830,0.73942840|0.01387836|0.00889457|0.00740274|0.00495271,1,0.7394284009933472,True,696,0.7394284009933472,True,696,0.6861755847930908,True,696,0.8179118037223816,True,696,0.7950625419616699,True,c12_correct
697,698,698_4.bmp,preprocessed_results\698\698_4.bmp,697,697,697,0.8609218597412109,651,0.01153396163135767,0.8493878981098533,697|651|790|811|827,0.86092186|0.01153396|0.01089116|0.00718260|0.00534462,1,0.8609218597412109,True,697,0.8609218597412109,True,697,0.6713472008705139,True,697,0.8263067007064819,True,697,0.8315950036048889,True,c12_correct
698,699,699_10.bmp,preprocessed_results\699\699_10.bmp,698,698,698,0.884335994720459,666,0.00265141180716455,0.8816845829132944,698|666|598|652|219,0.88433599|0.00265141|0.00225516|0.00219133|0.00195108,1,0.884335994720459,True,698,0.884335994720459,True,698,0.7658138275146484,True,698,0.8229856491088867,True,698,0.7955018281936646,True,c12_correct
699,700,700_9.bmp,preprocessed_results\700\700_9.bmp,699,699,699,0.8607377409934998,801,0.008561445400118828,0.8521762955933809,699|801|743|714|724,0.86073774|0.00856145|0.00695835|0.00543342|0.00421022,1,0.8607377409934998,True,699,0.8607377409934998,True,699,0.849251389503479,True,699,0.7855161428451538,True,699,0.7685827612876892,True,c12_correct
700,701,701_10.bmp,preprocessed_results\701\701_10.bmp,700,700,700,0.9135351777076721,791,0.0031838698778301477,0.910351307829842,700|791|701|708|613,0.91353518|0.00318387|0.00280560|0.00183412|0.00175745,1,0.9135351777076721,True,700,0.9135351777076721,True,700,0.9178433418273926,True,700,0.8476139307022095,True,700,0.8115937113761902,True,c12_correct
701,702,702_2.bmp,preprocessed_results\702\702_2.bmp,701,701,701,0.9092624187469482,700,0.0027305108960717916,0.9065319078508765,701|700|801|142|619,0.90926242|0.00273051|0.00193464|0.00164136|0.00150477,1,0.9092624187469482,True,701,0.9092624187469482,True,701,0.8408625721931458,True,701,0.8187310099601746,True,701,0.7923184037208557,True,c12_correct
702,703,703_1.bmp,preprocessed_results\703\703_1.bmp,702,702,702,0.8429110050201416,832,0.0035980630200356245,0.839312942000106,702|832|694|73|640,0.84291101|0.00359806|0.00243860|0.00231344|0.00218647,1,0.8429110050201416,True,702,0.8429110050201416,True,702,0.552041232585907,True,702,0.7955354452133179,True,702,0.7277166843414307,True,c12_correct
703,704,704_5.bmp,preprocessed_results\704\704_5.bmp,703,703,703,0.9409263730049133,749,0.0019824490882456303,0.9389439239166677,703|749|540|723|717,0.94092637|0.00198245|0.00109094|0.00100238|0.00092539,1,0.9409263730049133,True,703,0.9409263730049133,True,703,0.8759176135063171,True,703,0.8247318267822266,True,703,0.783637285232544,True,c12_correct
704,705,705_4.bmp,preprocessed_results\705\705_4.bmp,704,704,704,0.9265117645263672,705,0.013022059574723244,0.9134897049516439,704|705|667|706|311,0.92651176|0.01302206|0.00103247|0.00089686|0.00084837,1,0.9265117645263672,True,704,0.9265117645263672,True,704,0.8916358351707458,True,704,0.8448039293289185,True,704,0.8487984538078308,True,c12_correct
705,706,706_8.bmp,preprocessed_results\706\706_8.bmp,705,705,705,0.8407249450683594,30,0.009306361898779869,0.8314185831695795,705|30|579|564|667,0.84072495|0.00930636|0.00416363|0.00393385|0.00382773,1,0.8407249450683594,True,705,0.8407249450683594,True,705,0.7836349010467529,True,705,0.8529424667358398,True,705,0.781327486038208,True,c12_correct
706,707,707_6.bmp,preprocessed_results\707\707_6.bmp,706,706,706,0.8998801708221436,772,0.004328766837716103,0.8955514039844275,706|772|607|301|823,0.89988017|0.00432877|0.00262175|0.00230112|0.00213170,1,0.8998801708221436,True,706,0.8998801708221436,True,706,0.8988238573074341,True,706,0.8047617077827454,True,706,0.8251847624778748,True,c12_correct
707,708,708_5.bmp,preprocessed_results\708\708_5.bmp,707,707,707,0.8881738185882568,276,0.0028358122799545527,0.8853380063083023,707|276|583|619|759,0.88817382|0.00283581|0.00268563|0.00192288|0.00175575,1,0.8881738185882568,True,707,0.8881738185882568,True,707,0.7795225381851196,True,707,0.8375548124313354,True,707,0.8175740242004395,True,c12_correct
708,709,709_9.bmp,preprocessed_results\709\709_9.bmp,708,708,708,0.8560786247253418,659,0.024593090638518333,0.8314855340868235,708|659|609|695|600,0.85607862|0.02459309|0.00626023|0.00529471|0.00504242,1,0.8560786247253418,True,708,0.8560786247253418,True,708,0.8112240433692932,True,708,0.8069322109222412,True,708,0.7324357032775879,True,c12_correct
709,710,710_9.bmp,preprocessed_results\710\710_9.bmp,709,709,709,0.9274823665618896,708,0.004429541528224945,0.9230528250336647,709|708|633|714|715,0.92748237|0.00442954|0.00373298|0.00193527|0.00189714,1,0.9274823665618896,True,709,0.9274823665618896,True,709,0.8625116348266602,True,709,0.8198668360710144,True,709,0.806826651096344,True,c12_correct
710,711,711_3.bmp,preprocessed_results\711\711_3.bmp,710,710,710,0.9533575177192688,788,0.005698865745216608,0.9476586519740522,710|788|603|602|646,0.95335752|0.00569887|0.00084785|0.00083706|0.00077927,1,0.9533575177192688,True,710,0.9533575177192688,True,710,0.9016873836517334,True,710,0.8491073250770569,True,710,0.8474054336547852,True,c12_correct
711,712,712_10.bmp,preprocessed_results\712\712_10.bmp,711,711,711,0.7733969688415527,773,0.038004305213689804,0.7353926636278629,711|773|647|710|586,0.77339697|0.03800431|0.00666588|0.00547236|0.00484059,1,0.7733969688415527,True,711,0.7733969688415527,True,711,0.5008769631385803,True,711,0.815839946269989,True,711,0.7459145784378052,True,c12_correct
712,713,713_1.bmp,preprocessed_results\713\713_1.bmp,712,712,712,0.9261142015457153,584,0.0012307720026001334,0.9248834295431152,712|584|652|833|601,0.92611420|0.00123077|0.00121240|0.00118795|0.00116166,1,0.9261142015457153,True,712,0.9261142015457153,True,712,0.7964853048324585,True,712,0.8216192722320557,True,712,0.7631890177726746,True,c12_correct
713,714,714_5.bmp,preprocessed_results\714\714_5.bmp,713,713,713,0.9386810660362244,583,0.0033099905122071505,0.9353710755240172,713|583|819|793|582,0.93868107|0.00330999|0.00295895|0.00214979|0.00166009,1,0.9386810660362244,True,713,0.9386810660362244,True,713,0.7958324551582336,True,713,0.8662267327308655,True,713,0.819880485534668,True,c12_correct
714,715,715_7.bmp,preprocessed_results\715\715_7.bmp,714,714,714,0.8433063626289368,712,0.012682681903243065,0.8306236807256937,714|712|715|699|619,0.84330636|0.01268268|0.01149835|0.00801979|0.00398415,1,0.8433063626289368,True,714,0.8433063626289368,True,714,0.8066099286079407,True,714,0.8299732804298401,True,714,0.8449108600616455,True,c12_correct
715,716,716_2.bmp,preprocessed_results\716\716_2.bmp,715,715,715,0.8525987863540649,603,0.007505659945309162,0.8450931264087558,715|603|714|671|611,0.85259879|0.00750566|0.00593294|0.00480063|0.00326955,1,0.8525987863540649,True,715,0.8525987863540649,True,715,0.8294448852539062,True,715,0.831108570098877,True,715,0.8237711191177368,True,c12_correct
716,717,717_6.bmp,preprocessed_results\717\717_6.bmp,716,716,716,0.6953535079956055,5,0.01750143989920616,0.6778520680963993,716|5|780|699|401,0.69535351|0.01750144|0.01066225|0.00619863|0.00583880,1,0.6953535079956055,True,716,0.6953535079956055,True,716,0.5626362562179565,True,716,0.7956428527832031,True,716,0.70195072889328,True,c12_correct
717,718,718_9.bmp,preprocessed_results\718\718_9.bmp,717,717,717,0.9607821106910706,357,0.0012967484071850777,0.9594853622838855,717|357|716|713|116,0.96078211|0.00129675|0.00124150|0.00095924|0.00093780,1,0.9607821106910706,True,717,0.9607821106910706,True,717,0.7832764983177185,True,717,0.8654016256332397,True,717,0.8547244668006897,True,c12_correct
718,719,719_3.bmp,preprocessed_results\719\719_3.bmp,718,718,718,0.7261876463890076,609,0.011958385817706585,0.714229260571301,718|609|774|812|654,0.72618765|0.01195839|0.00380928|0.00374968|0.00368595,1,0.7261876463890076,True,718,0.7261876463890076,True,718,0.6867493391036987,True,718,0.8261821269989014,True,718,0.7831935882568359,True,c12_correct
719,720,720_8.bmp,preprocessed_results\720\720_8.bmp,719,719,719,0.9539544582366943,691,0.002869189716875553,0.9510852685198188,719|691|588|785|657,0.95395446|0.00286919|0.00205956|0.00193857|0.00141299,1,0.9539544582366943,True,719,0.9539544582366943,True,719,0.8718757629394531,True,719,0.8411716818809509,True,719,0.8633854985237122,True,c12_correct
720,721,721_5.bmp,preprocessed_results\721\721_5.bmp,720,720,720,0.9619448184967041,676,0.0018650711281225085,0.9600797473685816,720|676|635|740|667,0.96194482|0.00186507|0.00172867|0.00088962|0.00074727,1,0.9619448184967041,True,720,0.9619448184967041,True,720,0.6558298468589783,True,720,0.8223745822906494,True,720,0.7489140629768372,True,c12_correct
721,722,722_8.bmp,preprocessed_results\722\722_8.bmp,721,721,721,0.890466570854187,649,0.0031428064685314894,0.8873237643856555,721|649|635|103|720,0.89046657|0.00314281|0.00311091|0.00300470|0.00231864,1,0.890466570854187,True,721,0.890466570854187,True,721,0.8522708415985107,True,721,0.8350260853767395,True,721,0.7737956643104553,True,c12_correct
722,723,723_5.bmp,preprocessed_results\723\723_5.bmp,722,722,722,0.8935169577598572,614,0.005604929756373167,0.887912028003484,722|614|346|366|702,0.89351696|0.00560493|0.00405672|0.00262947|0.00243659,1,0.8935169577598572,True,722,0.8935169577598572,True,722,0.7884635329246521,True,722,0.8220201730728149,True,722,0.8602184057235718,True,c12_correct
723,724,724_6.bmp,preprocessed_results\724\724_6.bmp,723,723,723,0.8562795519828796,639,0.0061319852247834206,0.8501475667580962,723|639|6|777|703,0.85627955|0.00613199|0.00453964|0.00339191|0.00327956,1,0.8562795519828796,True,723,0.8562795519828796,True,723,0.6225326061248779,True,723,0.7992411255836487,True,723,0.6476049423217773,True,c12_correct
724,725,725_1.bmp,preprocessed_results\725\725_1.bmp,724,724,724,0.9238746166229248,725,0.002269603544846177,0.9216050130780786,724|725|698|436|218,0.92387462|0.00226960|0.00134321|0.00118390|0.00108811,1,0.9238746166229248,True,724,0.9238746166229248,True,724,0.826915979385376,True,724,0.8171414136886597,True,724,0.8406717777252197,True,c12_correct
725,726,726_10.bmp,preprocessed_results\726\726_10.bmp,725,725,725,0.7477717399597168,831,0.007704578340053558,0.7400671616196632,725|831|773|724|104,0.74777174|0.00770458|0.00387211|0.00329418|0.00312746,1,0.7477717399597168,True,725,0.7477717399597168,True,725,0.6343439817428589,True,725,0.8143738508224487,True,725,0.8659583926200867,True,c12_correct
726,727,727_4.bmp,preprocessed_results\727\727_4.bmp,726,726,726,0.6062838435173035,630,0.015208614058792591,0.5910752294585109,726|630|626|594|820,0.60628384|0.01520861|0.01327249|0.01147629|0.00912884,1,0.6062838435173035,True,726,0.6062838435173035,True,726,0.7094920873641968,True,726,0.799552321434021,True,726,0.5761816501617432,True,c12_correct
727,728,728_7.bmp,preprocessed_results\728\728_7.bmp,727,727,727,0.9047514796257019,726,0.004144498147070408,0.9006069814786315,727|726|755|703|107,0.90475148|0.00414450|0.00303710|0.00276401|0.00173507,1,0.9047514796257019,True,727,0.9047514796257019,True,727,0.7832393050193787,True,727,0.8069332838058472,True,727,0.7975663542747498,True,c12_correct
728,729,729_5.bmp,preprocessed_results\729\729_5.bmp,728,728,728,0.9162863492965698,729,0.0046279821544885635,0.9116583671420813,728|729|253|768|658,0.91628635|0.00462798|0.00267140|0.00244615|0.00229254,1,0.9162863492965698,True,728,0.9162863492965698,True,728,0.8730370402336121,True,728,0.8134559392929077,True,728,0.8519501686096191,True,c12_correct
729,730,730_7.bmp,preprocessed_results\730\730_7.bmp,729,729,729,0.7392752766609192,658,0.021336691454052925,0.7179385852068663,729|658|728|141|768,0.73927528|0.02133669|0.01194513|0.00603500|0.00350666,1,0.7392752766609192,True,729,0.7392752766609192,True,729,0.651513397693634,True,729,0.8108862042427063,True,729,0.745355486869812,True,c12_correct
730,731,731_10.bmp,preprocessed_results\731\731_10.bmp,730,730,730,0.15167070925235748,712,0.13953624665737152,0.012134462594985962,730|712|592|575|823,0.15167071|0.13953625|0.03451615|0.02773036|0.02422788,1,0.15167070925235748,True,730,0.15167070925235748,True,730,0.13370417058467865,True,730,0.7891611456871033,True,730,0.3374369442462921,True,c12_correct
731,732,732_6.bmp,preprocessed_results\732\732_6.bmp,731,731,731,0.9204643964767456,730,0.012179027311503887,0.9082853691652417,731|730|706|707|823,0.92046440|0.01217903|0.00347697|0.00272309|0.00223365,1,0.9204643964767456,True,731,0.9204643964767456,True,731,0.802076518535614,True,731,0.8301293253898621,True,731,0.8427202701568604,True,c12_correct
732,733,733_7.bmp,preprocessed_results\733\733_7.bmp,732,732,732,0.9257120490074158,638,0.004472147207707167,0.9212399017997086,732|638|733|695|691,0.92571205|0.00447215|0.00323470|0.00259563|0.00171001,1,0.9257120490074158,True,732,0.9257120490074158,True,732,0.8801876306533813,True,732,0.8160028457641602,True,732,0.7840685248374939,True,c12_correct
733,734,734_6.bmp,preprocessed_results\734\734_6.bmp,733,733,733,0.82856285572052,781,0.005803396459668875,0.8227594592608511,733|781|194|807|7,0.82856286|0.00580340|0.00490457|0.00322445|0.00316609,1,0.82856285572052,True,733,0.82856285572052,True,733,0.3716263175010681,True,733,0.8069204688072205,True,733,0.5465685129165649,True,c12_correct
734,735,735_7.bmp,preprocessed_results\735\735_7.bmp,734,734,734,0.8295846581459045,756,0.01058561448007822,0.8189990436658263,734|756|572|761|594,0.82958466|0.01058561|0.00457655|0.00456719|0.00443469,1,0.8295846581459045,True,734,0.8295846581459045,True,734,0.7940828800201416,True,734,0.8314414620399475,True,734,0.8008023500442505,True,c12_correct
735,736,736_1.bmp,preprocessed_results\736\736_1.bmp,735,735,735,0.9350900650024414,777,0.0025033350102603436,0.9325867299921811,735|777|171|130|609,0.93509007|0.00250334|0.00186572|0.00168441|0.00132289,1,0.9350900650024414,True,735,0.9350900650024414,True,735,0.8419012427330017,True,735,0.8397605419158936,True,735,0.7869759202003479,True,c12_correct
736,737,737_5.bmp,preprocessed_results\737\737_5.bmp,736,736,736,0.9133221507072449,737,0.003484545974060893,0.909837604733184,736|737|609|828|694,0.91332215|0.00348455|0.00295353|0.00290504|0.00274967,1,0.9133221507072449,True,736,0.9133221507072449,True,736,0.8102192282676697,True,736,0.8206385970115662,True,736,0.8199791312217712,True,c12_correct
737,738,738_1.bmp,preprocessed_results\738\738_1.bmp,737,737,737,0.8989363312721252,191,0.002552432706579566,0.8963838985655457,737|191|736|608|642,0.89893633|0.00255243|0.00251241|0.00199358|0.00193354,1,0.8989363312721252,True,737,0.8989363312721252,True,737,0.6827730536460876,True,737,0.8103747367858887,True,737,0.8601246476173401,True,c12_correct
738,739,739_10.bmp,preprocessed_results\739\739_10.bmp,738,738,738,0.7574188709259033,815,0.01610715501010418,0.7413117159157991,738|815|739|639|6,0.75741887|0.01610716|0.01278503|0.00968227|0.00945077,1,0.7574188709259033,True,738,0.7574188709259033,True,738,0.6232466101646423,True,738,0.7946040630340576,True,738,0.6754065155982971,True,c12_correct
739,740,740_5.bmp,preprocessed_results\740\740_5.bmp,739,739,739,0.9070576429367065,738,0.009290297515690327,0.8977673454210162,739|738|691|829|670,0.90705764|0.00929030|0.00558232|0.00339678|0.00238522,1,0.9070576429367065,True,739,0.9070576429367065,True,739,0.6708300709724426,True,739,0.8389901518821716,True,739,0.8182113766670227,True,c12_correct
740,741,741_5.bmp,preprocessed_results\741\741_5.bmp,740,740,740,0.9305967092514038,582,0.0075717493891716,0.9230249598622322,740|582|722|638|686,0.93059671|0.00757175|0.00267970|0.00175244|0.00110932,1,0.9305967092514038,True,740,0.9305967092514038,True,740,0.7132567167282104,True,740,0.8359063863754272,True,740,0.786200225353241,True,c12_correct
741,742,742_3.bmp,preprocessed_results\742\742_3.bmp,741,741,741,0.9396674633026123,764,0.002588088158518076,0.9370793751440942,741|764|815|697|693,0.93966746|0.00258809|0.00205584|0.00191250|0.00170679,1,0.9396674633026123,True,741,0.9396674633026123,True,741,0.7002654671669006,True,741,0.8210167288780212,True,741,0.8347502946853638,True,c12_correct
742,743,743_3.bmp,preprocessed_results\743\743_3.bmp,742,742,742,0.9140461087226868,743,0.007619284093379974,0.9064268246293068,742|743|780|586|679,0.91404611|0.00761928|0.00558116|0.00205084|0.00204135,1,0.9140461087226868,True,742,0.9140461087226868,True,742,0.5366860628128052,True,742,0.8249933123588562,True,742,0.6989537477493286,True,c12_correct
743,744,744_9.bmp,preprocessed_results\744\744_9.bmp,743,743,743,0.8642075657844543,649,0.018274296075105667,0.8459332697093487,743|649|803|742|689,0.86420757|0.01827430|0.01096777|0.01062478|0.00790948,1,0.8642075657844543,True,743,0.8642075657844543,True,743,0.8428818583488464,True,743,0.8203832507133484,True,743,0.83699631690979,True,c12_correct
744,745,745_4.bmp,preprocessed_results\745\745_4.bmp,744,744,744,0.9432075619697571,587,0.004635618068277836,0.9385719439014792,744|587|560|745|693,0.94320756|0.00463562|0.00086141|0.00079495|0.00078369,1,0.9432075619697571,True,744,0.9432075619697571,True,744,0.8404918313026428,True,744,0.835802435874939,True,744,0.8406144976615906,True,c12_correct
745,746,746_6.bmp,preprocessed_results\746\746_6.bmp,745,745,745,0.8960909247398376,744,0.005112183280289173,0.8909787414595485,745|744|628|615|705,0.89609092|0.00511218|0.00328131|0.00281481|0.00156320,1,0.8960909247398376,True,745,0.8960909247398376,True,745,0.8211878538131714,True,745,0.8045864701271057,True,745,0.8436995148658752,True,c12_correct
746,747,747_5.bmp,preprocessed_results\747\747_5.bmp,746,746,746,0.7812196612358093,47,0.008798319846391678,0.7724213413894176,746|47|638|564|698,0.78121966|0.00879832|0.00418869|0.00388390|0.00371585,1,0.7812196612358093,True,746,0.7812196612358093,True,746,0.8934510946273804,True,746,0.816819429397583,True,746,0.789045512676239,True,c12_correct
747,748,748_10.bmp,preprocessed_results\748\748_10.bmp,747,747,747,0.5231865644454956,817,0.011213753372430801,0.5119728110730648,747|817|759|797|597,0.52318656|0.01121375|0.01064145|0.01048935|0.00823588,1,0.5231865644454956,True,747,0.5231865644454956,True,747,0.5942050814628601,True,747,0.822374165058136,True,747,0.7030231356620789,True,c12_correct
748,749,749_4.bmp,preprocessed_results\749\749_4.bmp,748,748,748,0.605568528175354,823,0.025459162890911102,0.5801093652844429,748|823|161|623|211,0.60556853|0.02545916|0.00989132|0.00922929|0.00780207,1,0.605568528175354,True,748,0.605568528175354,True,748,0.6167593002319336,True,748,0.8198447227478027,True,748,0.7673811912536621,True,c12_correct
749,750,750_3.bmp,preprocessed_results\750\750_3.bmp,749,749,749,0.09461281448602676,669,0.01863693818449974,0.07597587630152702,749|669|769|180|733,0.09461281|0.01863694|0.01802143|0.01634796|0.01564196,1,0.09461281448602676,True,749,0.09461281448602676,True,749,0.05390109866857529,True,749,0.7678540945053101,True,749,0.27677640318870544,True,c12_correct
750,751,751_10.bmp,preprocessed_results\751\751_10.bmp,750,750,750,0.8482380509376526,636,0.01072623673826456,0.837511814199388,750|636|685|751|826,0.84823805|0.01072624|0.00896279|0.00777405|0.00641465,1,0.8482380509376526,True,750,0.8482380509376526,True,750,0.425139844417572,True,750,0.806046187877655,True,750,0.5551028251647949,True,c12_correct
751,752,752_1.bmp,preprocessed_results\752\752_1.bmp,751,751,751,0.9594250321388245,750,0.005100541282445192,0.9543244908563793,751|750|554|30|619,0.95942503|0.00510054|0.00120077|0.00095184|0.00051467,1,0.9594250321388245,True,751,0.9594250321388245,True,751,0.8482720255851746,True,751,0.8352059125900269,True,751,0.8272689580917358,True,c12_correct
752,753,753_9.bmp,preprocessed_results\753\753_9.bmp,752,752,752,0.8999564051628113,613,0.004032325930893421,0.8959240792319179,752|613|753|261|764,0.89995641|0.00403233|0.00352740|0.00202858|0.00148804,1,0.8999564051628113,True,752,0.8999564051628113,True,752,0.8024954795837402,True,752,0.8090261816978455,True,752,0.7966165542602539,True,c12_correct
753,754,754_7.bmp,preprocessed_results\754\754_7.bmp,753,753,753,0.9536362886428833,752,0.004503475036472082,0.9491328136064112,753|752|663|785|699,0.95363629|0.00450348|0.00230440|0.00129403|0.00099574,1,0.9536362886428833,True,753,0.9536362886428833,True,753,0.8344249129295349,True,753,0.8393559455871582,True,753,0.8602154850959778,True,c12_correct
754,755,755_4.bmp,preprocessed_results\755\755_4.bmp,754,754,754,0.8382495641708374,613,0.00601947633549571,0.8322300878353417,754|613|621|779|101,0.83824956|0.00601948|0.00553628|0.00371077|0.00353149,1,0.8382495641708374,True,754,0.8382495641708374,True,754,0.8089666366577148,True,754,0.8204677700996399,True,754,0.7471224069595337,True,c12_correct
755,756,756_7.bmp,preprocessed_results\756\756_7.bmp,755,755,755,0.39416441321372986,790,0.028195638209581375,0.3659687750041485,755|790|621|829|683,0.39416441|0.02819564|0.02657875|0.01955954|0.01884406,1,0.39416441321372986,True,755,0.39416441321372986,True,755,0.4699784219264984,True,755,0.8088878393173218,True,755,0.6238556504249573,True,c12_correct
756,757,757_5.bmp,preprocessed_results\757\757_5.bmp,756,756,756,0.6756206154823303,608,0.027741676196455956,0.6478789392858744,756|608|757|734|609,0.67562062|0.02774168|0.01076275|0.00965950|0.00776675,1,0.6756206154823303,True,756,0.6756206154823303,True,756,0.42578789591789246,True,756,0.7739802002906799,True,756,0.5101516842842102,True,c12_correct
757,758,758_10.bmp,preprocessed_results\758\758_10.bmp,757,757,757,0.912541925907135,765,0.0074457162991166115,0.9050962096080184,757|765|756|620|621,0.91254193|0.00744572|0.00510624|0.00270714|0.00247950,1,0.912541925907135,True,757,0.912541925907135,True,757,0.8131369948387146,True,757,0.8541081547737122,True,757,0.819161593914032,True,c12_correct
758,759,759_7.bmp,preprocessed_results\759\759_7.bmp,758,758,758,0.9127097725868225,784,0.003535004798322916,0.9091747677884996,758|784|820|766|572,0.91270977|0.00353500|0.00313036|0.00255493|0.00232682,1,0.9127097725868225,True,758,0.9127097725868225,True,758,0.8703835010528564,True,758,0.8223780393600464,True,758,0.8737745881080627,True,c12_correct
759,760,760_7.bmp,preprocessed_results\760\760_7.bmp,759,759,759,0.4866969883441925,669,0.024669520556926727,0.4620274677872658,759|669|825|683|670,0.48669699|0.02466952|0.01877166|0.01877055|0.01728328,1,0.4866969883441925,True,759,0.4866969883441925,True,759,0.46561285853385925,True,759,0.8187664747238159,True,759,0.7191508412361145,True,c12_correct
760,761,761_2.bmp,preprocessed_results\761\761_2.bmp,760,760,760,0.6184970140457153,607,0.020130718126893044,0.5983662959188223,760|607|163|788|584,0.61849701|0.02013072|0.01231255|0.00908285|0.00818520,1,0.6184970140457153,True,760,0.6184970140457153,True,760,0.3863924443721771,True,760,0.8248385190963745,True,760,0.6396490335464478,True,c12_correct
761,762,762_2.bmp,preprocessed_results\762\762_2.bmp,761,761,761,0.9126763343811035,586,0.0022924828808754683,0.910383851500228,761|586|653|641|774,0.91267633|0.00229248|0.00180898|0.00175613|0.00175409,1,0.9126763343811035,True,761,0.9126763343811035,True,761,0.8449850082397461,True,761,0.8468576669692993,True,761,0.8162725567817688,True,c12_correct
762,763,763_5.bmp,preprocessed_results\763\763_5.bmp,762,762,762,0.9490010142326355,806,0.0035424157977104187,0.9454585984349251,762|806|763|726|719,0.94900101|0.00354242|0.00178608|0.00147697|0.00113482,1,0.9490010142326355,True,762,0.9490010142326355,True,762,0.8864448666572571,True,762,0.8141148686408997,True,762,0.9264835119247437,True,c12_correct
763,764,764_9.bmp,preprocessed_results\764\764_9.bmp,763,763,763,0.7136422395706177,319,0.007592661771923304,0.7060495777986944,763|319|287|290|135,0.71364224|0.00759266|0.00541571|0.00487157|0.00432333,1,0.7136422395706177,True,763,0.7136422395706177,True,763,0.4626695513725281,True,763,0.8256973028182983,True,763,0.7456676363945007,True,c12_correct
764,765,765_10.bmp,preprocessed_results\765\765_10.bmp,764,764,764,0.8784317970275879,741,0.008000698871910572,0.8704310981556773,764|741|780|287|752,0.87843180|0.00800070|0.00619668|0.00444123|0.00295469,1,0.8784317970275879,True,764,0.8784317970275879,True,764,0.8529503345489502,True,764,0.8475973010063171,True,764,0.8283530473709106,True,c12_correct
765,766,766_4.bmp,preprocessed_results\766\766_4.bmp,765,765,765,0.8648415803909302,757,0.010925059206783772,0.8539165211841464,765|757|683|737|620,0.86484158|0.01092506|0.00965998|0.00378008|0.00360688,1,0.8648415803909302,True,765,0.8648415803909302,True,765,0.8672357797622681,True,765,0.8218420743942261,True,765,0.843184232711792,True,c12_correct
766,767,767_1.bmp,preprocessed_results\767\767_1.bmp,766,766,766,0.8896848559379578,241,0.007941354997456074,0.8817435009405017,766|241|758|756|626,0.88968486|0.00794135|0.00532904|0.00458302|0.00293772,1,0.8896848559379578,True,766,0.8896848559379578,True,766,0.8010082244873047,True,766,0.8330778479576111,True,766,0.7541123032569885,True,c12_correct
767,768,768_7.bmp,preprocessed_results\768\768_7.bmp,767,767,767,0.911066472530365,766,0.002396286465227604,0.9086701860651374,767|766|792|224|643,0.91106647|0.00239629|0.00210132|0.00197109|0.00159795,1,0.911066472530365,True,767,0.911066472530365,True,767,0.8669053912162781,True,767,0.8321184515953064,True,767,0.881009042263031,True,c12_correct
768,769,769_3.bmp,preprocessed_results\769\769_3.bmp,768,768,768,0.2551993131637573,807,0.0821617990732193,0.17303751409053802,768|807|759|792|162,0.25519931|0.08216180|0.01439672|0.01321025|0.01244207,1,0.2551993131637573,True,768,0.2551993131637573,True,768,0.6220777034759521,True,768,0.8202661871910095,True,768,0.6661307215690613,True,c12_correct
769,770,770_7.bmp,preprocessed_results\770\770_7.bmp,769,769,769,0.7755959630012512,807,0.022757824510335922,0.7528381384909153,769|807|768|791|11,0.77559596|0.02275782|0.01270273|0.00718489|0.00458323,1,0.7755959630012512,True,769,0.7755959630012512,True,769,0.844516932964325,True,769,0.8198307156562805,True,769,0.7372100353240967,True,c12_correct
770,771,771_5.bmp,preprocessed_results\771\771_5.bmp,770,770,770,0.9497122764587402,671,0.0018207989633083344,0.9478914774954319,770|671|310|776|16,0.94971228|0.00182080|0.00177314|0.00122667|0.00104269,1,0.9497122764587402,True,770,0.9497122764587402,True,770,0.9242972135543823,True,770,0.8612874150276184,True,770,0.8671259880065918,True,c12_correct
771,772,772_2.bmp,preprocessed_results\772\772_2.bmp,771,771,771,0.8818302750587463,133,0.003151665674522519,0.8786786093842238,771|133|825|669|391,0.88183028|0.00315167|0.00254560|0.00250696|0.00166023,1,0.8818302750587463,True,771,0.8818302750587463,True,771,0.8333413600921631,True,771,0.8263617753982544,True,771,0.8189568519592285,True,c12_correct
772,773,773_2.bmp,preprocessed_results\773\773_2.bmp,772,772,772,0.9217036962509155,773,0.01737140491604805,0.9043322913348675,772|773|706|709|789,0.92170370|0.01737140|0.00190906|0.00176081|0.00171415,1,0.9217036962509155,True,772,0.9217036962509155,True,772,0.7737786173820496,True,772,0.8130958080291748,True,772,0.802988588809967,True,c12_correct
773,774,774_10.bmp,preprocessed_results\774\774_10.bmp,773,773,773,0.7378785610198975,772,0.05555719882249832,0.6823213621973991,773|772|607|647|142,0.73787856|0.05555720|0.00462205|0.00416605|0.00381688,1,0.7378785610198975,True,773,0.7378785610198975,True,773,0.2890675961971283,True,773,0.7663669586181641,True,773,0.5089797377586365,True,c12_correct
774,775,775_1.bmp,preprocessed_results\775\775_1.bmp,774,774,774,0.8861001133918762,609,0.006685254629701376,0.8794148587621748,774|609|590|738|346,0.88610011|0.00668525|0.00201325|0.00198669|0.00190399,1,0.8861001133918762,True,774,0.8861001133918762,True,774,0.6370245218276978,True,774,0.8085955381393433,True,774,0.6804124712944031,True,c12_correct
775,776,776_9.bmp,preprocessed_results\776\776_9.bmp,775,775,775,0.8673510551452637,162,0.006000239867717028,0.8613508152775466,775|162|243|709|630,0.86735106|0.00600024|0.00456304|0.00448340|0.00318584,1,0.8673510551452637,True,775,0.8673510551452637,True,775,0.7591488361358643,True,775,0.83292156457901,True,775,0.7964518070220947,True,c12_correct
776,777,777_7.bmp,preprocessed_results\777\777_7.bmp,776,776,776,0.5391513705253601,777,0.026699984446167946,0.5124513860791922,776|777|784|615|754,0.53915137|0.02669998|0.02195721|0.00748636|0.00739599,1,0.5391513705253601,True,776,0.5391513705253601,True,776,0.35153302550315857,True,776,0.8151620626449585,True,776,0.5621093511581421,True,c12_correct
777,778,778_3.bmp,preprocessed_results\778\778_3.bmp,777,777,777,0.8646079897880554,670,0.009227115660905838,0.8553808741271496,777|670|776|735|597,0.86460799|0.00922712|0.00883663|0.00300203|0.00278059,1,0.8646079897880554,True,777,0.8646079897880554,True,777,0.8554141521453857,True,777,0.8536622524261475,True,777,0.7581092715263367,True,c12_correct
778,779,779_2.bmp,preprocessed_results\779\779_2.bmp,778,778,778,0.9021565318107605,779,0.0036896266974508762,0.8984669051133096,778|779|132|627|410,0.90215653|0.00368963|0.00323103|0.00169072|0.00159600,1,0.9021565318107605,True,778,0.9021565318107605,True,778,0.8275300860404968,True,778,0.7983047366142273,True,778,0.8338059186935425,True,c12_correct
779,780,780_7.bmp,preprocessed_results\780\780_7.bmp,779,779,779,0.913407564163208,23,0.003483943175524473,0.9099236209876835,779|23|778|581|768,0.91340756|0.00348394|0.00326779|0.00319923|0.00203870,1,0.913407564163208,True,779,0.913407564163208,True,779,0.7505873441696167,True,779,0.8327327966690063,True,779,0.8817277550697327,True,c12_correct
780,781,781_4.bmp,preprocessed_results\781\781_4.bmp,780,780,780,0.9223595261573792,764,0.007787088863551617,0.9145724372938275,780|764|758|820|766,0.92235953|0.00778709|0.00303325|0.00230058|0.00199938,1,0.9223595261573792,True,780,0.9223595261573792,True,780,0.7823757529258728,True,780,0.8120697140693665,True,780,0.7439947128295898,True,c12_correct
781,782,782_8.bmp,preprocessed_results\782\782_8.bmp,781,781,781,0.41722917556762695,813,0.024969378486275673,0.3922597970813513,781|813|7|812|780,0.41722918|0.02496938|0.01919370|0.01557833|0.01508773,1,0.41722917556762695,True,781,0.41722917556762695,True,781,0.5130535364151001,True,781,0.809104859828949,True,781,0.7177642583847046,True,c12_correct
782,783,783_5.bmp,preprocessed_results\783\783_5.bmp,782,782,782,0.9370957016944885,110,0.0021863067522644997,0.934909394942224,782|110|674|2|778,0.93709570|0.00218631|0.00164608|0.00137997|0.00109553,1,0.9370957016944885,True,782,0.9370957016944885,True,782,0.8377717137336731,True,782,0.8274394869804382,True,782,0.8592616319656372,True,c12_correct
783,784,784_3.bmp,preprocessed_results\784\784_3.bmp,783,783,783,0.8387377858161926,715,0.0059753418900072575,0.8327624439261854,783|715|587|675|812,0.83873779|0.00597534|0.00329650|0.00295197|0.00263090,1,0.8387377858161926,True,783,0.8387377858161926,True,783,0.682346522808075,True,783,0.823278546333313,True,783,0.701256513595581,True,c12_correct
784,785,785_5.bmp,preprocessed_results\785\785_5.bmp,784,784,784,0.9127910137176514,758,0.0064414613880217075,0.9063495523296297,784|758|573|785|606,0.91279101|0.00644146|0.00537321|0.00201632|0.00192833,1,0.9127910137176514,True,784,0.9127910137176514,True,784,0.7829760313034058,True,784,0.8028006553649902,True,784,0.7331425547599792,True,c12_correct
785,786,786_5.bmp,preprocessed_results\786\786_5.bmp,785,785,785,0.46379098296165466,728,0.03143376484513283,0.43235721811652184,785|728|199|740|776,0.46379098|0.03143376|0.00872097|0.00799763|0.00709340,1,0.46379098296165466,True,785,0.46379098296165466,True,785,0.4986671805381775,True,785,0.8118979930877686,True,785,0.6348058581352234,True,c12_correct
786,787,787_7.bmp,preprocessed_results\787\787_7.bmp,786,786,786,0.9182753562927246,211,0.004128808155655861,0.9141465481370687,786|211|720|110|338,0.91827536|0.00412881|0.00235446|0.00195516|0.00108990,1,0.9182753562927246,True,786,0.9182753562927246,True,786,0.7983059287071228,True,786,0.8385656476020813,True,786,0.8324108719825745,True,c12_correct
787,788,788_4.bmp,preprocessed_results\788\788_4.bmp,787,787,787,0.8895132541656494,705,0.009022432379424572,0.8804908217862248,787|705|805|793|58,0.88951325|0.00902243|0.00180380|0.00155343|0.00129004,1,0.8895132541656494,True,787,0.8895132541656494,True,787,0.7396114468574524,True,787,0.8288825750350952,True,787,0.8266700506210327,True,c12_correct
788,789,789_3.bmp,preprocessed_results\789\789_3.bmp,788,788,788,0.8013736009597778,710,0.06990917772054672,0.7314644232392311,788|710|760|814|646,0.80137360|0.06990918|0.00985943|0.00287965|0.00227141,1,0.8013736009597778,True,788,0.8013736009597778,True,788,0.8578034043312073,True,788,0.8190180659294128,True,788,0.8522015810012817,True,c12_correct
789,790,790_6.bmp,preprocessed_results\790\790_6.bmp,789,789,789,0.8908098936080933,695,0.011453080922365189,0.8793568126857281,789|695|590|772|759,0.89080989|0.01145308|0.00297651|0.00231369|0.00222954,1,0.8908098936080933,True,789,0.8908098936080933,True,789,0.8916593194007874,True,789,0.8339644074440002,True,789,0.8176243305206299,True,c12_correct
790,791,791_6.bmp,preprocessed_results\791\791_6.bmp,790,790,790,0.9050880074501038,827,0.0032855805475264788,0.9018024269025773,790|827|673|697|826,0.90508801|0.00328558|0.00295111|0.00244569|0.00196898,1,0.9050880074501038,True,790,0.9050880074501038,True,790,0.8379978537559509,True,790,0.8025386929512024,True,790,0.808245062828064,True,c12_correct
791,792,792_9.bmp,preprocessed_results\792\792_9.bmp,791,791,791,0.716522753238678,807,0.06076820194721222,0.6557545512914658,791|807|586|801|607,0.71652275|0.06076820|0.02497900|0.01916096|0.00302879,1,0.716522753238678,True,791,0.716522753238678,True,791,0.5546739101409912,True,791,0.8044087886810303,True,791,0.649776816368103,True,c12_correct
792,793,793_1.bmp,preprocessed_results\793\793_1.bmp,792,792,792,0.8079623579978943,791,0.011381144635379314,0.796581213362515,792|791|768|11|807,0.80796236|0.01138114|0.01069981|0.00748266|0.00720171,1,0.8079623579978943,True,792,0.8079623579978943,True,792,0.5016608238220215,True,792,0.8311678171157837,True,792,0.7395445704460144,True,c12_correct
793,794,794_2.bmp,preprocessed_results\794\794_2.bmp,793,793,793,0.8983403444290161,707,0.0072572967037558556,0.8910830477252603,793|707|591|825|585,0.89834034|0.00725730|0.00410008|0.00308392|0.00219429,1,0.8983403444290161,True,793,0.8983403444290161,True,793,0.7918055653572083,True,793,0.8197426795959473,True,793,0.8239144682884216,True,c12_correct
794,795,795_7.bmp,preprocessed_results\795\795_7.bmp,794,794,794,0.900043785572052,771,0.0023538635578006506,0.8976899220142514,794|771|776|798|747,0.90004379|0.00235386|0.00134736|0.00129305|0.00113854,1,0.900043785572052,True,794,0.900043785572052,True,794,0.8861412405967712,True,794,0.838858962059021,True,794,0.8409881591796875,True,c12_correct
795,796,796_5.bmp,preprocessed_results\796\796_5.bmp,795,795,795,0.9289945363998413,749,0.002580301370471716,0.9264142350293696,795|749|24|818|112,0.92899454|0.00258030|0.00213878|0.00193190|0.00190451,1,0.9289945363998413,True,795,0.9289945363998413,True,795,0.8512799739837646,True,795,0.809112548828125,True,795,0.7890259027481079,True,c12_correct
796,797,797_6.bmp,preprocessed_results\797\797_6.bmp,796,796,796,0.8986629843711853,797,0.006433604750782251,0.892229379620403,796|797|331|817|778,0.89866298|0.00643360|0.00220110|0.00206496|0.00159832,1,0.8986629843711853,True,796,0.8986629843711853,True,796,0.7734987139701843,True,796,0.8278284072875977,True,796,0.7948226928710938,True,c12_correct
797,798,798_4.bmp,preprocessed_results\798\798_4.bmp,797,797,797,0.9117484092712402,306,0.003715153783559799,0.9080332554876804,797|306|623|341|669,0.91174841|0.00371515|0.00239159|0.00173505|0.00150291,1,0.9117484092712402,True,797,0.9117484092712402,True,797,0.8465627431869507,True,797,0.8372403979301453,True,797,0.861422061920166,True,c12_correct
798,799,799_7.bmp,preprocessed_results\799\799_7.bmp,798,798,798,0.8690310120582581,799,0.008457274176180363,0.8605737378820777,798|799|340|187|93,0.86903101|0.00845727|0.00614528|0.00442250|0.00238517,1,0.8690310120582581,True,798,0.8690310120582581,True,798,0.7958263158798218,True,798,0.8344866633415222,True,798,0.8338578939437866,True,c12_correct
799,800,800_9.bmp,preprocessed_results\800\800_9.bmp,799,799,799,0.772748589515686,820,0.017663829028606415,0.7550847604870796,799|820|626|758|617,0.77274859|0.01766383|0.01592099|0.00931647|0.00905549,1,0.772748589515686,True,799,0.772748589515686,True,799,0.6425712704658508,True,799,0.7443276047706604,True,799,0.7117093801498413,True,c12_correct
800,801,801_9.bmp,preprocessed_results\801\801_9.bmp,800,800,800,0.8619990348815918,801,0.024414487183094025,0.8375845476984978,800|801|406|724|313,0.86199903|0.02441449|0.00440615|0.00291054|0.00260215,1,0.8619990348815918,True,800,0.8619990348815918,True,800,0.6927305459976196,True,800,0.8028324842453003,True,800,0.7952053546905518,True,c12_correct
801,802,802_10.bmp,preprocessed_results\802\802_10.bmp,801,801,801,0.9054973721504211,800,0.008329542353749275,0.8971678297966719,801|800|548|833|701,0.90549737|0.00832954|0.00503433|0.00376256|0.00235306,1,0.9054973721504211,True,801,0.9054973721504211,True,801,0.7864294052124023,True,801,0.8212141394615173,True,801,0.8285868167877197,True,c12_correct
802,803,803_6.bmp,preprocessed_results\803\803_6.bmp,802,802,802,0.531903862953186,808,0.05670316889882088,0.47520069405436516,802|808|634|677|803,0.53190386|0.05670317|0.05178221|0.02381576|0.01484360,1,0.531903862953186,True,802,0.531903862953186,True,802,0.6579345464706421,True,802,0.8390828371047974,True,802,0.7771684527397156,True,c12_correct
803,804,804_5.bmp,preprocessed_results\804\804_5.bmp,803,803,803,0.8945414423942566,802,0.03261197358369827,0.8619294688105583,803|802|677|743|827,0.89454144|0.03261197|0.00775496|0.00339219|0.00261177,1,0.8945414423942566,True,803,0.8945414423942566,True,803,0.8135547041893005,True,803,0.829255998134613,True,803,0.7941527962684631,True,c12_correct
804,805,805_6.bmp,preprocessed_results\805\805_6.bmp,804,804,804,0.9301735162734985,648,0.012755036354064941,0.9174184799194336,804|648|640|31|372,0.93017352|0.01275504|0.00599537|0.00207086|0.00140420,1,0.9301735162734985,True,804,0.9301735162734985,True,804,0.8623617887496948,True,804,0.8114106059074402,True,804,0.8332839012145996,True,c12_correct
805,806,806_2.bmp,preprocessed_results\806\806_2.bmp,805,805,805,0.7696699500083923,635,0.025267280638217926,0.7444026693701744,805|635|601|667|31,0.76966995|0.02526728|0.01673614|0.00914786|0.00569416,1,0.7696699500083923,True,805,0.7696699500083923,True,805,0.8003060817718506,True,805,0.8363927602767944,True,805,0.8092162013053894,True,c12_correct
806,807,807_10.bmp,preprocessed_results\807\807_10.bmp,806,806,806,0.8947296142578125,810,0.005841342266649008,0.8888882719911635,806|810|824|726|778,0.89472961|0.00584134|0.00319411|0.00306415|0.00288249,1,0.8947296142578125,True,806,0.8947296142578125,True,806,0.8478014469146729,True,806,0.8689967393875122,True,806,0.8691104650497437,True,c12_correct
807,808,808_9.bmp,preprocessed_results\808\808_9.bmp,807,807,807,0.8984808325767517,791,0.007631771732121706,0.89084906084463,807|791|806|627|801,0.89848083|0.00763177|0.00279015|0.00262686|0.00238060,1,0.8984808325767517,True,807,0.8984808325767517,True,807,0.665131688117981,True,807,0.8398054242134094,True,807,0.7523230314254761,True,c12_correct
808,809,809_9.bmp,preprocessed_results\809\809_9.bmp,808,808,808,0.7164464592933655,684,0.01768217422068119,0.6987642850726843,808|684|809|685|116,0.71644646|0.01768217|0.01139376|0.00687775|0.00598434,1,0.7164464592933655,True,808,0.7164464592933655,True,808,0.8457425236701965,True,808,0.8338132500648499,True,808,0.8517754077911377,True,c12_correct
809,810,810_2.bmp,preprocessed_results\810\810_2.bmp,809,809,809,0.9672930240631104,678,0.0044143483974039555,0.9628786756657064,809|678|808|628|733,0.96729302|0.00441435|0.00117451|0.00115020|0.00091398,1,0.9672930240631104,True,809,0.9672930240631104,True,809,0.9014624357223511,True,809,0.8320712447166443,True,809,0.8451311588287354,True,c12_correct
810,811,811_6.bmp,preprocessed_results\811\811_6.bmp,810,810,810,0.892812192440033,806,0.012702496722340584,0.8801096957176924,810|806|286|696|824,0.89281219|0.01270250|0.00373869|0.00357902|0.00274220,1,0.892812192440033,True,810,0.892812192440033,True,810,0.6556991934776306,True,810,0.7777270078659058,True,810,0.7712095379829407,True,c12_correct
811,812,812_7.bmp,preprocessed_results\812\812_7.bmp,811,811,811,0.9831135272979736,810,0.00109973200596869,0.9820137952920049,811|810|789|759|47,0.98311353|0.00109973|0.00060310|0.00049241|0.00045813,1,0.9831135272979736,True,811,0.9831135272979736,True,811,0.8971156477928162,True,811,0.8440882563591003,True,811,0.8868623971939087,True,c12_correct
812,813,813_10.bmp,preprocessed_results\813\813_10.bmp,812,812,812,0.88407963514328,781,0.012965783476829529,0.8711138516664505,812|781|780|327|813,0.88407964|0.01296578|0.00376119|0.00357977|0.00317295,1,0.88407963514328,True,812,0.88407963514328,True,812,0.7530909180641174,True,812,0.8285841941833496,True,812,0.7057342529296875,True,c12_correct
813,814,814_7.bmp,preprocessed_results\814\814_7.bmp,813,813,813,0.8897168636322021,609,0.008556812070310116,0.881160051561892,813|609|812|744|654,0.88971686|0.00855681|0.00325957|0.00167181|0.00145125,1,0.8897168636322021,True,813,0.8897168636322021,True,813,0.8159284591674805,True,813,0.8379573822021484,True,813,0.8712455034255981,True,c12_correct
814,815,815_1.bmp,preprocessed_results\815\815_1.bmp,814,814,814,0.8942469954490662,144,0.0027148171793669462,0.8915321782696992,814|144|815|679|692,0.89424700|0.00271482|0.00212767|0.00184987|0.00166095,1,0.8942469954490662,True,814,0.8942469954490662,True,814,0.9168203473091125,True,814,0.8445712924003601,True,814,0.8545490503311157,True,c12_correct
815,816,816_10.bmp,preprocessed_results\816\816_10.bmp,815,815,815,0.9112529158592224,738,0.004086102358996868,0.9071668135002255,815|738|814|6|723,0.91125292|0.00408610|0.00320856|0.00116310|0.00113189,1,0.9112529158592224,True,815,0.9112529158592224,True,815,0.8046196699142456,True,815,0.8444237112998962,True,815,0.7264080047607422,True,c12_correct
816,817,817_10.bmp,preprocessed_results\817\817_10.bmp,816,816,816,0.8946077227592468,817,0.007614379283040762,0.8869933434762061,816|817|796|830|340,0.89460772|0.00761438|0.00362646|0.00222843|0.00186157,1,0.8946077227592468,True,816,0.8946077227592468,True,816,0.7738312482833862,True,816,0.8452804684638977,True,816,0.8351038098335266,True,c12_correct
817,818,818_5.bmp,preprocessed_results\818\818_5.bmp,817,817,817,0.7898216247558594,816,0.012229415588080883,0.7775922091677785,817|816|786|243|792,0.78982162|0.01222942|0.00807944|0.00532703|0.00505655,1,0.7898216247558594,True,817,0.7898216247558594,True,817,0.8523483872413635,True,817,0.8392099738121033,True,817,0.8518121838569641,True,c12_correct
818,819,819_3.bmp,preprocessed_results\819\819_3.bmp,818,818,818,0.9090025424957275,61,0.0024220666382461786,0.9065804758574814,818|61|633|589|709,0.90900254|0.00242207|0.00211916|0.00118743|0.00111504,1,0.9090025424957275,True,818,0.9090025424957275,True,818,0.8573648929595947,True,818,0.8437612652778625,True,818,0.823134183883667,True,c12_correct
819,820,820_7.bmp,preprocessed_results\820\820_7.bmp,819,819,819,0.886001467704773,695,0.004061492159962654,0.8819399755448103,819|695|704|334|765,0.88600147|0.00406149|0.00197024|0.00194642|0.00189674,1,0.886001467704773,True,819,0.886001467704773,True,819,0.8287280201911926,True,819,0.8267502188682556,True,819,0.8885705471038818,True,c12_correct
820,821,821_2.bmp,preprocessed_results\821\821_2.bmp,820,820,820,0.8774307370185852,758,0.011322669684886932,0.8661080673336983,820|758|736|828|682,0.87743074|0.01132267|0.00440116|0.00330722|0.00318533,1,0.8774307370185852,True,820,0.8774307370185852,True,820,0.7628335952758789,True,820,0.8203697204589844,True,820,0.8466358184814453,True,c12_correct
821,822,822_3.bmp,preprocessed_results\822\822_3.bmp,821,821,821,0.9005385041236877,673,0.008197439834475517,0.8923410642892122,821|673|617|608|737,0.90053850|0.00819744|0.00234568|0.00228177|0.00178851,1,0.9005385041236877,True,821,0.9005385041236877,True,821,0.8118764758110046,True,821,0.8407095074653625,True,821,0.8323631882667542,True,c12_correct
822,823,823_10.bmp,preprocessed_results\823\823_10.bmp,822,822,822,0.9565439224243164,752,0.002616594545543194,0.9539273278787732,822|752|764|823|596,0.95654392|0.00261659|0.00138290|0.00134973|0.00121724,1,0.9565439224243164,True,822,0.9565439224243164,True,822,0.8878539204597473,True,822,0.8384420871734619,True,822,0.8571101427078247,True,c12_correct
823,824,824_8.bmp,preprocessed_results\824\824_8.bmp,823,823,823,0.8925698399543762,592,0.0038743983022868633,0.8886954416520894,823|592|732|333|731,0.89256984|0.00387440|0.00333287|0.00224910|0.00159589,1,0.8925698399543762,True,823,0.8925698399543762,True,823,0.8278863430023193,True,823,0.8354722857475281,True,823,0.8636191487312317,True,c12_correct
824,825,825_10.bmp,preprocessed_results\825\825_10.bmp,824,824,824,0.8997326493263245,828,0.011008023284375668,0.8887246260419488,824|828|570|286|676,0.89973265|0.01100802|0.00684815|0.00198779|0.00193648,1,0.8997326493263245,True,824,0.8997326493263245,True,824,0.7188448905944824,True,824,0.7918769717216492,True,824,0.6961085796356201,True,c12_correct
825,826,826_2.bmp,preprocessed_results\826\826_2.bmp,825,825,825,0.9338029623031616,831,0.0018923579482361674,0.9319106043549255,825|831|669|771|707,0.93380296|0.00189236|0.00159960|0.00140725|0.00100304,1,0.9338029623031616,True,825,0.9338029623031616,True,825,0.9235658049583435,True,825,0.8366360068321228,True,825,0.8013372421264648,True,c12_correct
826,827,827_10.bmp,preprocessed_results\827\827_10.bmp,826,826,826,0.8504643440246582,827,0.04007282108068466,0.8103915229439735,826|827|616|790|645,0.85046434|0.04007282|0.00321942|0.00303059|0.00237328,1,0.8504643440246582,True,826,0.8504643440246582,True,826,0.8816589713096619,True,826,0.8449801206588745,True,826,0.780332088470459,True,c12_correct
827,828,828_10.bmp,preprocessed_results\828\828_10.bmp,827,827,827,0.8835654258728027,826,0.02772063948214054,0.8558447863906622,827|826|609|803|644,0.88356543|0.02772064|0.00420549|0.00375327|0.00320073,1,0.8835654258728027,True,827,0.8835654258728027,True,827,0.7068804502487183,True,827,0.8418859243392944,True,827,0.7859734296798706,True,c12_correct
828,829,829_2.bmp,preprocessed_results\829\829_2.bmp,828,828,828,0.8046445846557617,692,0.015890104696154594,0.7887544799596071,828|692|824|664|786,0.80464458|0.01589010|0.00432517|0.00286915|0.00252773,1,0.8046445846557617,True,828,0.8046445846557617,True,828,0.6957080364227295,True,828,0.8078099489212036,True,828,0.5804144144058228,True,c12_correct
829,830,830_5.bmp,preprocessed_results\830\830_5.bmp,829,829,829,0.8860759139060974,738,0.008138450793921947,0.8779374631121755,829|738|191|739|670,0.88607591|0.00813845|0.00462546|0.00331612|0.00237959,1,0.8860759139060974,True,829,0.8860759139060974,True,829,0.8663713932037354,True,829,0.8249068260192871,True,829,0.8298493027687073,True,c12_correct
830,831,831_8.bmp,preprocessed_results\831\831_8.bmp,830,830,830,0.9001708030700684,620,0.006964307278394699,0.8932064957916737,830|620|697|822|831,0.90017080|0.00696431|0.00543799|0.00327637|0.00322051,1,0.9001708030700684,True,830,0.9001708030700684,True,830,0.8657361268997192,True,830,0.8167375922203064,True,830,0.8117547631263733,True,c12_correct
831,832,832_9.bmp,preprocessed_results\832\832_9.bmp,831,831,831,0.1161549985408783,830,0.1053568497300148,0.010798148810863495,831|830|431|303|696,0.11615500|0.10535685|0.01740215|0.01036054|0.00939238,1,0.1161549985408783,True,831,0.1161549985408783,True,830,0.03701392188668251,False,831,0.794791579246521,True,831,0.29672980308532715,True,c12_correct
832,833,833_10.bmp,preprocessed_results\833\833_10.bmp,832,832,832,0.7136291861534119,606,0.016039419919252396,0.6975897662341595,832|606|282|531|304,0.71362919|0.01603942|0.00905486|0.00729499|0.00414459,1,0.7136291861534119,True,832,0.7136291861534119,True,832,0.8061517477035522,True,832,0.8294907808303833,True,832,0.8162710666656494,True,c12_correct
833,834,834_8.bmp,preprocessed_results\834\834_8.bmp,833,833,833,0.9444380402565002,832,0.003346750745549798,0.9410912895109504,833|832|56|801|182,0.94443804|0.00334675|0.00197646|0.00196590|0.00181019,1,0.9444380402565002,True,833,0.9444380402565002,True,833,0.8513408899307251,True,833,0.8211889863014221,True,833,0.8769004940986633,True,c12_correct
