index,subject_id,filename,path,label,true_label,c12_top1,c12_top1_prob,c12_top2,c12_top2_prob,c12_margin_top1_top2,c12_top5_labels,c12_top5_probs,c12_true_rank,c12_true_prob,c12_true_in_top5,c12_pred,c12_conf,c12_correct,mobilenet_pred,mobilenet_conf,mobilenet_correct,effv2m_pred,effv2m_conf,effv2m_correct,resnet50_pred,resnet50_conf,resnet50_correct,diagnosis
0,1,1_10.bmp,preprocessed_results\1\1_10.bmp,0,0,0,0.8343285322189331,1,0.05816195160150528,0.7761665806174278,0|1|97|207|249,0.83432853|0.05816195|0.00484642|0.00427054|0.00228043,1,0.8343285322189331,True,0,0.8343285322189331,True,0,0.8807249069213867,True,0,0.8586646914482117,True,0,0.8092822432518005,True,c12_correct
1,2,2_9.bmp,preprocessed_results\2\2_9.bmp,1,1,1,0.8050040006637573,0,0.041032057255506516,0.7639719434082508,1|0|831|752|65,0.80500400|0.04103206|0.00354349|0.00308107|0.00280088,1,0.8050040006637573,True,1,0.8050040006637573,True,1,0.8541948199272156,True,1,0.8367971181869507,True,1,0.7320094108581543,True,c12_correct
2,3,3_8.bmp,preprocessed_results\3\3_8.bmp,2,2,2,0.6193118691444397,623,0.013478048145771027,0.6058338209986687,2|623|795|136|232,0.61931187|0.01347805|0.01056118|0.00980980|0.00789400,1,0.6193118691444397,True,2,0.6193118691444397,True,2,0.6435295343399048,True,2,0.7944902181625366,True,2,0.7591208219528198,True,c12_correct
3,4,4_6.bmp,preprocessed_results\4\4_6.bmp,3,3,3,0.8291028141975403,735,0.007886826060712337,0.821215988136828,3|735|163|319|2,0.82910281|0.00788683|0.00513626|0.00366578|0.00276906,1,0.8291028141975403,True,3,0.8291028141975403,True,3,0.9039043188095093,True,3,0.8390026092529297,True,3,0.7672256827354431,True,c12_correct
4,5,5_10.bmp,preprocessed_results\5\5_10.bmp,4,4,4,0.873212456703186,170,0.0316045843064785,0.8416078723967075,4|170|198|100|674,0.87321246|0.03160458|0.00457410|0.00320701|0.00193676,1,0.873212456703186,True,4,0.873212456703186,True,4,0.601411759853363,True,4,0.8194741010665894,True,4,0.7296889424324036,True,c12_correct
5,6,6_6.bmp,preprocessed_results\6\6_6.bmp,5,5,5,0.7907392382621765,171,0.07756945490837097,0.7131697833538055,5|171|758|13|543,0.79073924|0.07756945|0.00359094|0.00339722|0.00293866,1,0.7907392382621765,True,5,0.7907392382621765,True,5,0.43013983964920044,True,5,0.7179867029190063,True,5,0.2726656496524811,True,c12_correct
6,7,7_10.bmp,preprocessed_results\7\7_10.bmp,6,6,6,0.7623343467712402,246,0.019801920279860497,0.7425324264913797,6|246|176|156|538,0.76233435|0.01980192|0.01016549|0.00779002|0.00630193,1,0.7623343467712402,True,6,0.7623343467712402,True,6,0.5747631192207336,True,6,0.796624481678009,True,6,0.5902025103569031,True,c12_correct
7,8,8_4.bmp,preprocessed_results\8\8_4.bmp,7,7,7,0.5238223671913147,6,0.06347604840993881,0.4603463187813759,7|6|161|781|267,0.52382237|0.06347605|0.00937387|0.00761526|0.00673980,1,0.5238223671913147,True,7,0.5238223671913147,True,7,0.5926808714866638,True,7,0.8468852639198303,True,7,0.6875666975975037,True,c12_correct
8,9,9_10.bmp,preprocessed_results\9\9_10.bmp,8,8,8,0.630684494972229,423,0.01812123879790306,0.6125632561743259,8|423|164|72|329,0.63068449|0.01812124|0.01034982|0.00764213|0.00728082,1,0.630684494972229,True,8,0.630684494972229,True,8,0.5520250797271729,True,8,0.8310112357139587,True,8,0.6806895136833191,True,c12_correct
9,10,10_5.bmp,preprocessed_results\10\10_5.bmp,9,9,9,0.7476566433906555,120,0.016004307195544243,0.7316523361951113,9|120|55|378|300,0.74765664|0.01600431|0.01423842|0.00863008|0.00561462,1,0.7476566433906555,True,9,0.7476566433906555,True,9,0.619391918182373,True,9,0.8094950914382935,True,9,0.6716591119766235,True,c12_correct
10,11,11_3.bmp,preprocessed_results\11\11_3.bmp,10,10,10,0.8604175448417664,230,0.008387114852666855,0.8520304299890995,10|230|216|795|2,0.86041754|0.00838711|0.00601733|0.00516439|0.00359943,1,0.8604175448417664,True,10,0.8604175448417664,True,10,0.8380301594734192,True,10,0.8394871354103088,True,10,0.7967588901519775,True,c12_correct
11,12,12_2.bmp,preprocessed_results\12\12_2.bmp,11,11,11,0.8631851673126221,101,0.005901770666241646,0.8572833966463804,11|101|325|729|98,0.86318517|0.00590177|0.00546532|0.00454477|0.00421911,1,0.8631851673126221,True,11,0.8631851673126221,True,11,0.928759753704071,True,11,0.8239507675170898,True,11,0.7952887415885925,True,c12_correct
12,13,13_2.bmp,preprocessed_results\13\13_2.bmp,12,12,12,0.48978960514068604,544,0.03800180181860924,0.4517878033220768,12|544|338|215|330,0.48978961|0.03800180|0.03100291|0.00985048|0.00919567,1,0.48978960514068604,True,12,0.48978960514068604,True,12,0.5140480399131775,True,12,0.8241737484931946,True,12,0.7720719575881958,True,c12_correct
13,14,14_6.bmp,preprocessed_results\14\14_6.bmp,13,13,13,0.5914730429649353,783,0.017807763069868088,0.5736652798950672,13|783|674|84|331,0.59147304|0.01780776|0.01387708|0.00920471|0.00813597,1,0.5914730429649353,True,13,0.5914730429649353,True,13,0.7909603118896484,True,13,0.8155294060707092,True,13,0.6058489084243774,True,c12_correct
14,15,15_10.bmp,preprocessed_results\15\15_10.bmp,14,14,14,0.4277699589729309,15,0.034378860145807266,0.39339109882712364,14|15|187|307|41,0.42776996|0.03437886|0.01776874|0.01136107|0.01082143,1,0.4277699589729309,True,14,0.4277699589729309,True,14,0.7235614061355591,True,14,0.8184342384338379,True,14,0.6824061274528503,True,c12_correct
15,16,16_2.bmp,preprocessed_results\16\16_2.bmp,15,15,15,0.8534706830978394,272,0.005239062011241913,0.8482316210865974,15|272|303|711|14,0.85347068|0.00523906|0.00480473|0.00431869|0.00370017,1,0.8534706830978394,True,15,0.8534706830978394,True,15,0.8461008667945862,True,15,0.8468760848045349,True,15,0.8123117089271545,True,c12_correct
16,17,17_4.bmp,preprocessed_results\17\17_4.bmp,16,16,16,0.2386782318353653,237,0.047732993960380554,0.19094523787498474,16|237|580|17|603,0.23867823|0.04773299|0.02703542|0.01773799|0.01647081,1,0.2386782318353653,True,16,0.2386782318353653,True,16,0.3511635661125183,True,16,0.8122283220291138,True,16,0.4472997188568115,True,c12_correct
17,18,18_7.bmp,preprocessed_results\18\18_7.bmp,17,17,17,0.3759358823299408,811,0.024530014023184776,0.351405868306756,17|811|764|7|356,0.37593588|0.02453001|0.02300174|0.01041155|0.00961846,1,0.3759358823299408,True,17,0.3759358823299408,True,17,0.1562063843011856,True,17,0.5694795250892639,True,17,0.3814961612224579,True,c12_correct
18,19,19_10.bmp,preprocessed_results\19\19_10.bmp,18,18,18,0.8187000751495361,19,0.022481510415673256,0.7962185647338629,18|19|49|135|134,0.81870008|0.02248151|0.00414302|0.00361402|0.00343641,1,0.8187000751495361,True,18,0.8187000751495361,True,18,0.7634387016296387,True,18,0.840829074382782,True,18,0.7625004649162292,True,c12_correct
19,20,20_8.bmp,preprocessed_results\20\20_8.bmp,19,19,19,0.4510437846183777,18,0.06588149070739746,0.3851622939109802,19|18|14|307|24,0.45104378|0.06588149|0.01068276|0.00823676|0.00710427,1,0.4510437846183777,True,19,0.4510437846183777,True,19,0.6597826480865479,True,19,0.8270338177680969,True,19,0.7015617489814758,True,c12_correct
20,21,21_4.bmp,preprocessed_results\21\21_4.bmp,20,20,20,0.8034554123878479,21,0.014121665619313717,0.7893337467685342,20|21|225|307|275,0.80345541|0.01412167|0.00967083|0.00602203|0.00410059,1,0.8034554123878479,True,20,0.8034554123878479,True,20,0.9255138635635376,True,20,0.8117364048957825,True,20,0.8344922065734863,True,c12_correct
21,22,22_10.bmp,preprocessed_results\22\22_10.bmp,21,21,21,0.6456754803657532,275,0.022729486227035522,0.6229459941387177,21|275|746|290|261,0.64567548|0.02272949|0.01980205|0.01038084|0.00977790,1,0.6456754803657532,True,21,0.6456754803657532,True,21,0.6421736478805542,True,21,0.8118278384208679,True,21,0.617303729057312,True,c12_correct
22,23,23_1.bmp,preprocessed_results\23\23_1.bmp,22,22,22,0.41880136728286743,429,0.024216504767537117,0.3945848625153303,22|429|442|499|716,0.41880137|0.02421650|0.01277673|0.01130315|0.00760494,1,0.41880136728286743,True,22,0.41880136728286743,True,22,0.7866286039352417,True,22,0.8204826712608337,True,22,0.7457966804504395,True,c12_correct
23,24,24_3.bmp,preprocessed_results\24\24_3.bmp,23,23,23,0.6918367743492126,129,0.01538919284939766,0.676447581499815,23|129|69|243|147,0.69183677|0.01538919|0.00678744|0.00671454|0.00619972,1,0.6918367743492126,True,23,0.6918367743492126,True,23,0.8302608132362366,True,23,0.8364779353141785,True,23,0.8065637350082397,True,c12_correct
24,25,25_6.bmp,preprocessed_results\25\25_6.bmp,24,24,24,0.511627733707428,94,0.034032564610242844,0.47759516909718513,24|94|88|178|2,0.51162773|0.03403256|0.03355569|0.01960029|0.01343412,1,0.511627733707428,True,24,0.511627733707428,True,24,0.7651947140693665,True,24,0.8136984705924988,True,24,0.7999095320701599,True,c12_correct
25,26,26_7.bmp,preprocessed_results\26\26_7.bmp,25,25,25,0.28744199872016907,42,0.029388608410954475,0.2580533903092146,25|42|546|423|115,0.28744200|0.02938861|0.02063700|0.01876138|0.01507172,1,0.28744199872016907,True,25,0.28744199872016907,True,25,0.06464889645576477,True,25,0.7919244766235352,True,25,0.41483059525489807,True,c12_correct
26,27,27_3.bmp,preprocessed_results\27\27_3.bmp,26,26,26,0.8379656672477722,419,0.0140802301466465,0.8238854371011257,26|419|22|265|27,0.83796567|0.01408023|0.01028111|0.00887015|0.00764857,1,0.8379656672477722,True,26,0.8379656672477722,True,26,0.8164071440696716,True,26,0.8006393909454346,True,26,0.7260542511940002,True,c12_correct
27,28,28_10.bmp,preprocessed_results\28\28_10.bmp,27,27,27,0.8024035096168518,26,0.011510742828249931,0.7908927667886019,27|26|332|271|397,0.80240351|0.01151074|0.00958083|0.00414667|0.00334253,1,0.8024035096168518,True,27,0.8024035096168518,True,27,0.7906268835067749,True,27,0.8479205965995789,True,27,0.8497887253761292,True,c12_correct
28,29,29_2.bmp,preprocessed_results\29\29_2.bmp,28,28,28,0.45601457357406616,189,0.01946938969194889,0.43654518388211727,28|189|262|266|423,0.45601457|0.01946939|0.01839411|0.01420420|0.01380648,1,0.45601457357406616,True,28,0.45601457357406616,True,28,0.626236081123352,True,28,0.8167579174041748,True,28,0.6886655688285828,True,c12_correct
29,30,30_1.bmp,preprocessed_results\30\30_1.bmp,29,29,29,0.7106753587722778,28,0.03248292952775955,0.6781924292445183,29|28|263|248|59,0.71067536|0.03248293|0.00515764|0.00432967|0.00419097,1,0.7106753587722778,True,29,0.7106753587722778,True,29,0.5189663171768188,True,29,0.8354495763778687,True,29,0.6698707342147827,True,c12_correct
30,31,31_2.bmp,preprocessed_results\31\31_2.bmp,30,30,30,0.5315526723861694,247,0.014820937067270279,0.5167317353188992,30|247|601|213|176,0.53155267|0.01482094|0.01142378|0.01127048|0.00810224,1,0.5315526723861694,True,30,0.5315526723861694,True,30,0.6529351472854614,True,30,0.8002597093582153,True,30,0.6364003419876099,True,c12_correct
31,32,32_1.bmp,preprocessed_results\32\32_1.bmp,31,31,31,0.8598256707191467,30,0.020857783034443855,0.8389678876847029,31|30|649|144|438,0.85982567|0.02085778|0.00471147|0.00460143|0.00291330,1,0.8598256707191467,True,31,0.8598256707191467,True,31,0.7627430558204651,True,31,0.7920277714729309,True,31,0.45891278982162476,True,c12_correct
32,33,33_2.bmp,preprocessed_results\33\33_2.bmp,32,32,32,0.853585422039032,305,0.024447310715913773,0.8291381113231182,32|305|54|89|55,0.85358542|0.02444731|0.00929251|0.00851429|0.00271701,1,0.853585422039032,True,32,0.853585422039032,True,32,0.7682380676269531,True,32,0.821094274520874,True,32,0.7448704242706299,True,c12_correct
33,34,34_9.bmp,preprocessed_results\34\34_9.bmp,33,33,33,0.7836830019950867,218,0.020821578800678253,0.7628614231944084,33|218|35|32|52,0.78368300|0.02082158|0.01149141|0.00891920|0.00873813,1,0.7836830019950867,True,33,0.7836830019950867,True,33,0.8822765946388245,True,33,0.848554253578186,True,33,0.8941352367401123,True,c12_correct
34,35,35_5.bmp,preprocessed_results\35\35_5.bmp,34,34,34,0.6110573410987854,158,0.017766064032912254,0.5932912770658731,34|158|318|136|137,0.61105734|0.01776606|0.01620411|0.01351411|0.00945910,1,0.6110573410987854,True,34,0.6110573410987854,True,34,0.7380006313323975,True,34,0.7965006828308105,True,34,0.6176049709320068,True,c12_correct
35,36,36_1.bmp,preprocessed_results\36\36_1.bmp,35,35,35,0.7838435769081116,450,0.006444435566663742,0.7773991413414478,35|450|34|490|466,0.78384358|0.00644444|0.00606483|0.00570574|0.00567363,1,0.7838435769081116,True,35,0.7838435769081116,True,35,0.6518524289131165,True,35,0.8184676766395569,True,35,0.49229666590690613,True,c12_correct
36,37,37_10.bmp,preprocessed_results\37\37_10.bmp,36,36,36,0.3862626552581787,23,0.02607761137187481,0.3601850438863039,36|23|162|37|825,0.38626266|0.02607761|0.02557374|0.01993657|0.01496242,1,0.3862626552581787,True,36,0.3862626552581787,True,36,0.38822150230407715,True,36,0.7999899983406067,True,36,0.727613091468811,True,c12_correct
37,38,38_8.bmp,preprocessed_results\38\38_8.bmp,37,37,37,0.1433672308921814,431,0.044099316000938416,0.09926791489124298,37|431|36|23|162,0.14336723|0.04409932|0.03402681|0.02678274|0.01710168,1,0.1433672308921814,True,37,0.1433672308921814,True,37,0.1673590987920761,True,37,0.7726715803146362,True,37,0.20163676142692566,True,c12_correct
38,39,39_4.bmp,preprocessed_results\39\39_4.bmp,38,38,38,0.07763250917196274,173,0.03509793058037758,0.04253457859158516,38|173|172|614|805,0.07763251|0.03509793|0.02569012|0.01841691|0.01252502,1,0.07763250917196274,True,38,0.07763250917196274,True,38,0.2230079174041748,True,38,0.5822464227676392,True,38,0.25276806950569153,True,c12_correct
39,40,40_4.bmp,preprocessed_results\40\40_4.bmp,39,39,39,0.7248900532722473,519,0.02702147327363491,0.6978685799986124,39|519|55|450|105,0.72489005|0.02702147|0.00914942|0.00522616|0.00453671,1,0.7248900532722473,True,39,0.7248900532722473,True,39,0.224213108420372,True,39,0.803942084312439,True,39,0.5198343992233276,True,c12_correct
40,41,41_2.bmp,preprocessed_results\41\41_2.bmp,40,40,40,0.4407070279121399,125,0.02980443276464939,0.4109025951474905,40|125|124|80|41,0.44070703|0.02980443|0.02220842|0.02196039|0.01689010,1,0.4407070279121399,True,40,0.4407070279121399,True,40,0.24941806495189667,True,40,0.7928423881530762,True,40,0.6868985295295715,True,c12_correct
41,42,42_10.bmp,preprocessed_results\42\42_10.bmp,41,41,41,0.8118420243263245,354,0.010799483396112919,0.8010425409302115,41|354|185|40|27,0.81184202|0.01079948|0.00489930|0.00386703|0.00371705,1,0.8118420243263245,True,41,0.8118420243263245,True,41,0.8734882473945618,True,41,0.8249853849411011,True,41,0.8626769185066223,True,c12_correct
42,43,43_1.bmp,preprocessed_results\43\43_1.bmp,42,42,42,0.8673034310340881,25,0.007830487564206123,0.859472943469882,42|25|43|300|114,0.86730343|0.00783049|0.00561185|0.00340351|0.00251888,1,0.8673034310340881,True,42,0.8673034310340881,True,42,0.3920891582965851,True,42,0.8104299306869507,True,42,0.7076659798622131,True,c12_correct
43,44,44_10.bmp,preprocessed_results\44\44_10.bmp,43,43,43,0.4318089783191681,720,0.014027598313987255,0.41778138000518084,43|720|276|693|42,0.43180898|0.01402760|0.01310001|0.01059096|0.01051498,1,0.4318089783191681,True,43,0.4318089783191681,True,43,0.4377520680427551,True,43,0.8148924708366394,True,43,0.7492145895957947,True,c12_correct
44,45,45_6.bmp,preprocessed_results\45\45_6.bmp,44,44,44,0.47988957166671753,127,0.021620646119117737,0.4582689255475998,44|127|45|359|364,0.47988957|0.02162065|0.02016673|0.01814926|0.01081326,1,0.47988957166671753,True,44,0.47988957166671753,True,44,0.5076844096183777,True,44,0.748665452003479,True,44,0.5809341073036194,True,c12_correct
45,46,46_10.bmp,preprocessed_results\46\46_10.bmp,45,45,45,0.48673540353775024,546,0.021740758791565895,0.46499464474618435,45|546|44|213|77,0.48673540|0.02174076|0.01678142|0.01585566|0.01212369,1,0.48673540353775024,True,45,0.48673540353775024,True,45,0.3774649202823639,True,45,0.7789205312728882,True,45,0.4231581687927246,True,c12_correct
46,47,47_4.bmp,preprocessed_results\47\47_4.bmp,46,46,46,0.7584899663925171,411,0.016074026003479958,0.7424159403890371,46|411|47|295|471,0.75848997|0.01607403|0.00962397|0.00806251|0.00634597,1,0.7584899663925171,True,46,0.7584899663925171,True,46,0.6877673864364624,True,46,0.8202536106109619,True,46,0.7196124792098999,True,c12_correct
47,48,48_10.bmp,preprocessed_results\48\48_10.bmp,47,47,47,0.5922233462333679,811,0.013376348651945591,0.5788469975814223,47|811|46|761|241,0.59222335|0.01337635|0.01136274|0.01047461|0.00960433,1,0.5922233462333679,True,47,0.5922233462333679,True,47,0.605961263179779,True,47,0.8081603050231934,True,47,0.7619240283966064,True,c12_correct
48,49,49_4.bmp,preprocessed_results\49\49_4.bmp,48,48,48,0.7272292375564575,49,0.03140401095151901,0.6958252266049385,48|49|213|205|64,0.72722924|0.03140401|0.00900416|0.00838795|0.00450495,1,0.7272292375564575,True,48,0.7272292375564575,True,48,0.8156861066818237,True,48,0.8508113026618958,True,48,0.8228476643562317,True,c12_correct
49,50,50_6.bmp,preprocessed_results\50\50_6.bmp,49,49,49,0.818317174911499,48,0.04666205123066902,0.77165512368083,49|48|208|334|639,0.81831717|0.04666205|0.00644678|0.00398132|0.00389032,1,0.818317174911499,True,49,0.818317174911499,True,49,0.4845832586288452,True,49,0.7833954691886902,True,49,0.5612953901290894,True,c12_correct
50,51,51_1.bmp,preprocessed_results\51\51_1.bmp,50,50,50,0.3227193355560303,32,0.029106976464390755,0.2936123590916395,50|32|517|519|305,0.32271934|0.02910698|0.02032973|0.01953685|0.01869653,1,0.3227193355560303,True,50,0.3227193355560303,True,50,0.3544188439846039,True,50,0.7341454029083252,True,50,0.34317246079444885,True,c12_correct
51,52,52_10.bmp,preprocessed_results\52\52_10.bmp,51,51,51,0.8455610275268555,50,0.00560254231095314,0.8399584852159023,51|50|100|305|663,0.84556103|0.00560254|0.00379207|0.00340727|0.00323080,1,0.8455610275268555,True,51,0.8455610275268555,True,51,0.7491098642349243,True,51,0.8387874960899353,True,51,0.7764038443565369,True,c12_correct
52,53,53_8.bmp,preprocessed_results\53\53_8.bmp,52,52,52,0.749493420124054,313,0.025865474715828896,0.7236279454082251,52|313|53|218|35,0.74949342|0.02586547|0.01599299|0.01159671|0.01035739,1,0.749493420124054,True,52,0.749493420124054,True,52,0.5507976412773132,True,52,0.7985531687736511,True,52,0.6830511093139648,True,c12_correct
53,54,54_6.bmp,preprocessed_results\54\54_6.bmp,53,53,53,0.8905046582221985,52,0.0059118070639669895,0.8845928511582315,53|52|93|128|111,0.89050466|0.00591181|0.00374347|0.00347573|0.00224929,1,0.8905046582221985,True,53,0.8905046582221985,True,53,0.8920429944992065,True,53,0.8253206610679626,True,53,0.8081114888191223,True,c12_correct
54,55,55_7.bmp,preprocessed_results\55\55_7.bmp,54,54,54,0.5936720967292786,55,0.04831811413168907,0.5453539825975895,54|55|100|32|25,0.59367210|0.04831811|0.01122949|0.00958700|0.00793193,1,0.5936720967292786,True,54,0.5936720967292786,True,54,0.7777950763702393,True,54,0.8272848725318909,True,54,0.7903697490692139,True,c12_correct
55,56,56_10.bmp,preprocessed_results\56\56_10.bmp,55,55,55,0.9171478748321533,213,0.00598040921613574,0.9111674656160176,55|213|54|107|301,0.91714787|0.00598041|0.00389042|0.00193211|0.00130593,1,0.9171478748321533,True,55,0.9171478748321533,True,55,0.8364313244819641,True,55,0.818697452545166,True,55,0.7862163186073303,True,c12_correct
56,57,57_1.bmp,preprocessed_results\57\57_1.bmp,56,56,56,0.498346745967865,194,0.016053495928645134,0.48229325003921986,56|194|114|70|180,0.49834675|0.01605350|0.01326622|0.01140429|0.01036229,1,0.498346745967865,True,56,0.498346745967865,True,56,0.18220864236354828,True,56,0.7715623378753662,True,56,0.6962523460388184,True,c12_correct
57,58,58_6.bmp,preprocessed_results\58\58_6.bmp,57,57,57,0.8284764885902405,832,0.009912403300404549,0.8185640852898359,57|832|271|56|27,0.82847649|0.00991240|0.00587575|0.00395308|0.00362112,1,0.8284764885902405,True,57,0.8284764885902405,True,57,0.49123674631118774,True,57,0.8275512456893921,True,57,0.6907556653022766,True,c12_correct
58,59,59_2.bmp,preprocessed_results\59\59_2.bmp,58,58,58,0.6542390584945679,18,0.025942401960492134,0.6282966565340757,58|18|352|212|102,0.65423906|0.02594240|0.01598134|0.01055743|0.00750068,1,0.6542390584945679,True,58,0.6542390584945679,True,58,0.5202440023422241,True,58,0.8225477933883667,True,58,0.7890242338180542,True,c12_correct
59,60,60_7.bmp,preprocessed_results\60\60_7.bmp,59,59,59,0.3952657878398895,190,0.02213333733379841,0.3731324505060911,59|190|181|482|173,0.39526579|0.02213334|0.01471263|0.01364674|0.01138061,1,0.3952657878398895,True,59,0.3952657878398895,True,59,0.5646008253097534,True,59,0.8154273629188538,True,59,0.6202681064605713,True,c12_correct
60,61,61_2.bmp,preprocessed_results\61\61_2.bmp,60,60,60,0.522748589515686,262,0.013015957549214363,0.5097326319664717,60|262|61|94|796,0.52274859|0.01301596|0.01151100|0.00973342|0.00586816,1,0.522748589515686,True,60,0.522748589515686,True,60,0.7853826880455017,True,60,0.7712644338607788,True,60,0.5907732248306274,True,c12_correct
61,62,62_4.bmp,preprocessed_results\62\62_4.bmp,61,61,61,0.8269873857498169,104,0.008602448739111423,0.8183849370107055,61|104|105|89|60,0.82698739|0.00860245|0.00710644|0.00570157|0.00480038,1,0.8269873857498169,True,61,0.8269873857498169,True,61,0.8814461827278137,True,61,0.798884928226471,True,61,0.8315823078155518,True,c12_correct
62,63,63_8.bmp,preprocessed_results\63\63_8.bmp,62,62,62,0.42158299684524536,63,0.019201407209038734,0.4023815896362066,62|63|188|462|298,0.42158300|0.01920141|0.01136100|0.01066013|0.01060386,1,0.42158299684524536,True,62,0.42158299684524536,True,62,0.476125031709671,True,62,0.8014726638793945,True,62,0.7636124491691589,True,c12_correct
63,64,64_10.bmp,preprocessed_results\64\64_10.bmp,63,63,63,0.7653753757476807,62,0.024370789527893066,0.7410045862197876,63|62|150|120|26,0.76537538|0.02437079|0.00580528|0.00491615|0.00403531,1,0.7653753757476807,True,63,0.7653753757476807,True,63,0.4559694230556488,True,63,0.8451396226882935,True,63,0.8261426687240601,True,c12_correct
64,65,65_6.bmp,preprocessed_results\65\65_6.bmp,64,64,64,0.1786990463733673,65,0.11173370480537415,0.06696534156799316,64|65|317|316|20,0.17869905|0.11173370|0.02608700|0.02555958|0.01135308,1,0.1786990463733673,True,64,0.1786990463733673,True,64,0.5273507237434387,True,64,0.7972436547279358,True,64,0.52939373254776,True,c12_correct
65,66,66_4.bmp,preprocessed_results\66\66_4.bmp,65,65,65,0.5519300103187561,93,0.03125493600964546,0.5206750743091106,65|93|1|235|428,0.55193001|0.03125494|0.00865298|0.00764947|0.00684400,1,0.5519300103187561,True,65,0.5519300103187561,True,65,0.6855688095092773,True,65,0.8091311454772949,True,65,0.740159809589386,True,c12_correct
66,67,67_4.bmp,preprocessed_results\67\67_4.bmp,66,66,66,0.5341728329658508,67,0.05313561111688614,0.4810372218489647,66|67|96|250|322,0.53417283|0.05313561|0.01950515|0.01260592|0.00930263,1,0.5341728329658508,True,66,0.5341728329658508,True,66,0.8472670316696167,True,66,0.7875736951828003,True,66,0.7049486637115479,True,c12_correct
67,68,68_7.bmp,preprocessed_results\68\68_7.bmp,67,67,67,0.6322377920150757,460,0.027765795588493347,0.6044719964265823,67|460|66|456|494,0.63223779|0.02776580|0.02303490|0.00864922|0.00747542,1,0.6322377920150757,True,67,0.6322377920150757,True,67,0.8217620849609375,True,67,0.8229901194572449,True,67,0.7200608253479004,True,c12_correct
68,69,69_2.bmp,preprocessed_results\69\69_2.bmp,68,68,68,0.13263846933841705,295,0.048181332647800446,0.08445713669061661,68|295|315|69|314,0.13263847|0.04818133|0.03210955|0.02717614|0.02024966,1,0.13263846933841705,True,68,0.13263846933841705,True,68,0.026988841593265533,True,68,0.7519341111183167,True,68,0.14163829386234283,True,c12_correct
69,70,70_5.bmp,preprocessed_results\70\70_5.bmp,69,69,69,0.7891407012939453,68,0.020104628056287766,0.7690360732376575,69|68|295|647|163,0.78914070|0.02010463|0.01124038|0.00438643|0.00398895,1,0.7891407012939453,True,69,0.7891407012939453,True,69,0.8746724128723145,True,69,0.8396960496902466,True,69,0.7727867364883423,True,c12_correct
70,71,71_8.bmp,preprocessed_results\71\71_8.bmp,70,70,70,0.754967451095581,483,0.0077126361429691315,0.7472548149526119,70|483|276|116|358,0.75496745|0.00771264|0.00755906|0.00747562|0.00543176,1,0.754967451095581,True,70,0.754967451095581,True,70,0.7841553092002869,True,70,0.7792479991912842,True,70,0.6955704092979431,True,c12_correct
71,72,72_3.bmp,preprocessed_results\72\72_3.bmp,71,71,71,0.49853479862213135,96,0.015366892330348492,0.48316790629178286,71|96|228|79|304,0.49853480|0.01536689|0.01467303|0.01251037|0.01195565,1,0.49853479862213135,True,71,0.49853479862213135,True,71,0.7174938321113586,True,71,0.8179856538772583,True,71,0.758594810962677,True,c12_correct
72,73,73_7.bmp,preprocessed_results\73\73_7.bmp,72,72,72,0.7544630169868469,450,0.01288049016147852,0.7415825268253684,72|450|220|103|102,0.75446302|0.01288049|0.01171679|0.00597051|0.00480732,1,0.7544630169868469,True,72,0.7544630169868469,True,72,0.8958276510238647,True,72,0.8229001760482788,True,72,0.747757613658905,True,c12_correct
73,74,74_10.bmp,preprocessed_results\74\74_10.bmp,73,73,73,0.7442348599433899,296,0.026881981641054153,0.7173528783023357,73|296|72|274|166,0.74423486|0.02688198|0.01460972|0.00592765|0.00449934,1,0.7442348599433899,True,73,0.7442348599433899,True,73,0.7160604596138,True,73,0.8188269138336182,True,73,0.8023044466972351,True,c12_correct
74,75,75_10.bmp,preprocessed_results\75\75_10.bmp,74,74,74,0.8262037038803101,75,0.011305494233965874,0.8148982096463442,74|75|5|181|378,0.82620370|0.01130549|0.00589915|0.00559030|0.00326242,1,0.8262037038803101,True,74,0.8262037038803101,True,74,0.8527525067329407,True,74,0.8163149356842041,True,74,0.7581993341445923,True,c12_correct
75,76,76_5.bmp,preprocessed_results\76\76_5.bmp,75,75,75,0.34095990657806396,173,0.05371519923210144,0.2872447073459625,75|173|74|308|8,0.34095991|0.05371520|0.02583415|0.01759817|0.01548830,1,0.34095990657806396,True,75,0.34095990657806396,True,75,0.2246255725622177,True,75,0.7689766883850098,True,75,0.4210888147354126,True,c12_correct
76,77,77_7.bmp,preprocessed_results\77\77_7.bmp,76,76,76,0.6327531933784485,77,0.016951708123087883,0.6158014852553606,76|77|42|72|294,0.63275319|0.01695171|0.01338581|0.00827366|0.00821207,1,0.6327531933784485,True,76,0.6327531933784485,True,76,0.8419529795646667,True,76,0.8249607086181641,True,76,0.7500277161598206,True,c12_correct
77,78,78_8.bmp,preprocessed_results\78\78_8.bmp,77,77,77,0.6805692911148071,76,0.029404370114207268,0.6511649210005999,77|76|45|199|436,0.68056929|0.02940437|0.02077414|0.00965170|0.00480176,1,0.6805692911148071,True,77,0.6805692911148071,True,77,0.7245749831199646,True,77,0.8255394101142883,True,77,0.7718297839164734,True,c12_correct
78,79,79_10.bmp,preprocessed_results\79\79_10.bmp,78,78,78,0.745299220085144,32,0.010400666855275631,0.7348985532298684,78|32|54|79|90,0.74529922|0.01040067|0.00814395|0.00430413|0.00405229,1,0.745299220085144,True,78,0.745299220085144,True,78,0.8185819983482361,True,78,0.8190589547157288,True,78,0.7982648611068726,True,c12_correct
79,80,80_7.bmp,preprocessed_results\80\80_7.bmp,79,79,79,0.7512373328208923,54,0.015212537720799446,0.7360247951000929,79|54|211|83|228,0.75123733|0.01521254|0.00936036|0.00873297|0.00797542,1,0.7512373328208923,True,79,0.7512373328208923,True,79,0.7811741232872009,True,79,0.8437343835830688,True,79,0.7179116606712341,True,c12_correct
80,81,81_9.bmp,preprocessed_results\81\81_9.bmp,80,80,80,0.6898245811462402,81,0.008169672451913357,0.6816549086943269,80|81|533|19|566,0.68982458|0.00816967|0.00811856|0.00806981|0.00778652,1,0.6898245811462402,True,80,0.6898245811462402,True,80,0.8158132433891296,True,80,0.8460924625396729,True,80,0.7770246863365173,True,c12_correct
81,82,82_7.bmp,preprocessed_results\82\82_7.bmp,81,81,81,0.7948415279388428,774,0.013866908848285675,0.7809746190905571,81|774|27|543|462,0.79484153|0.01386691|0.01185669|0.00691768|0.00458535,1,0.7948415279388428,True,81,0.7948415279388428,True,81,0.7951616048812866,True,81,0.8131719827651978,True,81,0.7468585968017578,True,c12_correct
82,83,83_4.bmp,preprocessed_results\83\83_4.bmp,82,82,82,0.6718758344650269,197,0.03703896701335907,0.6348368674516678,82|197|57|693|433,0.67187583|0.03703897|0.03031562|0.00500956|0.00485189,1,0.6718758344650269,True,82,0.6718758344650269,True,82,0.2235851287841797,True,82,0.7997211813926697,True,82,0.4985150098800659,True,c12_correct
83,84,84_6.bmp,preprocessed_results\84\84_6.bmp,83,83,83,0.17605943977832794,82,0.08041049540042877,0.09564894437789917,83|82|166|197|251,0.17605944|0.08041050|0.01614720|0.01614087|0.01447003,1,0.17605943977832794,True,83,0.17605943977832794,True,83,0.36072197556495667,True,83,0.7975923418998718,True,83,0.5456641912460327,True,c12_correct
84,85,85_3.bmp,preprocessed_results\85\85_3.bmp,84,84,84,0.923855185508728,85,0.011675945483148098,0.9121792400255799,84|85|13|330|0,0.92385519|0.01167595|0.00183774|0.00165325|0.00113857,1,0.923855185508728,True,84,0.923855185508728,True,84,0.8762915730476379,True,84,0.8383473753929138,True,84,0.8841228485107422,True,c12_correct
85,86,86_7.bmp,preprocessed_results\86\86_7.bmp,85,85,84,0.27467265725135803,85,0.20559008419513702,0.06908257305622101,84|85|0|241|46,0.27467266|0.20559008|0.01019499|0.00973828|0.00592534,2,0.20559008419513702,True,84,0.27467265725135803,False,85,0.032001130282878876,True,85,0.7507665753364563,True,85,0.21948964893817902,True,teacher_all_correct;low_margin;true_in_top5
86,87,87_4.bmp,preprocessed_results\87\87_4.bmp,86,86,86,0.7450946569442749,87,0.03340919688344002,0.7116854600608349,86|87|196|450|539,0.74509466|0.03340920|0.01057255|0.00520950|0.00445335,1,0.7450946569442749,True,86,0.7450946569442749,True,86,0.46734973788261414,True,86,0.7750694751739502,True,86,0.6007105708122253,True,c12_correct
87,88,88_7.bmp,preprocessed_results\88\88_7.bmp,87,87,87,0.41688433289527893,86,0.07022473961114883,0.3466595932841301,87|86|151|198|244,0.41688433|0.07022474|0.04582264|0.01079248|0.00888880,1,0.41688433289527893,True,87,0.41688433289527893,True,87,0.7911491990089417,True,87,0.8361907601356506,True,87,0.7942354083061218,True,c12_correct
88,89,89_2.bmp,preprocessed_results\89\89_2.bmp,88,88,88,0.6470129489898682,304,0.014959422871470451,0.6320535261183977,88|304|18|156|94,0.64701295|0.01495942|0.01179960|0.01148606|0.00844769,1,0.6470129489898682,True,88,0.6470129489898682,True,88,0.6978532671928406,True,88,0.80516117811203,True,88,0.6853646636009216,True,c12_correct
89,90,90_10.bmp,preprocessed_results\90\90_10.bmp,89,89,171,0.10644923150539398,89,0.10129881650209427,0.005150415003299713,171|89|288|4|120,0.10644923|0.10129882|0.03638993|0.02839181|0.02458180,2,0.10129881650209427,True,171,0.10644923150539398,False,89,0.3164088726043701,True,89,0.8305042386054993,True,89,0.40172386169433594,True,teacher_all_correct;low_margin;true_in_top5
90,91,91_8.bmp,preprocessed_results\91\91_8.bmp,90,90,90,0.782253086566925,91,0.012185512110590935,0.7700675744563341,90|91|136|78|214,0.78225309|0.01218551|0.00455237|0.00444868|0.00382405,1,0.782253086566925,True,90,0.782253086566925,True,90,0.8476839065551758,True,90,0.8359744548797607,True,90,0.7084757685661316,True,c12_correct
91,92,92_9.bmp,preprocessed_results\92\92_9.bmp,91,91,91,0.5371431708335876,90,0.08895868808031082,0.4481844827532768,91|90|78|205|496,0.53714317|0.08895869|0.01923825|0.01615605|0.00848491,1,0.5371431708335876,True,91,0.5371431708335876,True,91,0.7135505676269531,True,91,0.8198827505111694,True,91,0.7364636063575745,True,c12_correct
92,93,93_4.bmp,preprocessed_results\93\93_4.bmp,92,92,92,0.7711026072502136,151,0.021126875653862953,0.7499757315963507,92|151|257|198|87,0.77110261|0.02112688|0.01251818|0.00843844|0.00839309,1,0.7711026072502136,True,92,0.7711026072502136,True,92,0.8777135610580444,True,92,0.8404753804206848,True,92,0.7434505224227905,True,c12_correct
93,94,94_6.bmp,preprocessed_results\94\94_6.bmp,93,93,93,0.6359586715698242,92,0.021405041217803955,0.6145536303520203,93|92|151|187|170,0.63595867|0.02140504|0.01165772|0.00814540|0.00779343,1,0.6359586715698242,True,93,0.6359586715698242,True,93,0.57289719581604,True,93,0.826086699962616,True,93,0.8152825236320496,True,c12_correct
94,95,95_7.bmp,preprocessed_results\95\95_7.bmp,94,94,94,0.7546192407608032,18,0.00877626333385706,0.7458429774269462,94|18|88|203|223,0.75461924|0.00877626|0.00622676|0.00587384|0.00560431,1,0.7546192407608032,True,94,0.7546192407608032,True,94,0.8332896828651428,True,94,0.8332309126853943,True,94,0.7720972895622253,True,c12_correct
95,96,96_8.bmp,preprocessed_results\96\96_8.bmp,95,95,95,0.6752998232841492,134,0.01559284795075655,0.6597069753333926,95|134|294|716|178,0.67529982|0.01559285|0.01326134|0.01164091|0.00903401,1,0.6752998232841492,True,95,0.6752998232841492,True,95,0.7778681516647339,True,95,0.7915501594543457,True,95,0.7649679780006409,True,c12_correct
96,97,97_9.bmp,preprocessed_results\97\97_9.bmp,96,96,96,0.21053414046764374,292,0.06288857758045197,0.14764556288719177,96|292|131|313|123,0.21053414|0.06288858|0.02343966|0.02219404|0.01566782,1,0.21053414046764374,True,96,0.21053414046764374,True,96,0.09452249109745026,True,96,0.7569231390953064,True,96,0.6545661091804504,True,c12_correct
97,98,98_7.bmp,preprocessed_results\98\98_7.bmp,97,97,97,0.6036455631256104,1,0.016840938478708267,0.5868046246469021,97|1|65|568|147,0.60364556|0.01684094|0.01002232|0.00856234|0.00790079,1,0.6036455631256104,True,97,0.6036455631256104,True,97,0.34083837270736694,True,97,0.7955737113952637,True,97,0.581470787525177,True,c12_correct
98,99,99_3.bmp,preprocessed_results\99\99_3.bmp,98,98,98,0.5513259172439575,538,0.02084326557815075,0.5304826516658068,98|538|77|555|469,0.55132592|0.02084327|0.01259971|0.00848023|0.00832129,1,0.5513259172439575,True,98,0.5513259172439575,True,98,0.8331804275512695,True,98,0.8251369595527649,True,98,0.8091744780540466,True,c12_correct
99,100,100_4.bmp,preprocessed_results\100\100_4.bmp,99,99,99,0.8099024295806885,161,0.005699589382857084,0.8042028401978314,99|161|3|175|115,0.80990243|0.00569959|0.00389807|0.00387515|0.00297827,1,0.8099024295806885,True,99,0.8099024295806885,True,99,0.8797392249107361,True,99,0.8287761807441711,True,99,0.6222241520881653,True,c12_correct
100,101,101_5.bmp,preprocessed_results\101\101_5.bmp,100,100,100,0.7152599096298218,674,0.007264500483870506,0.7079954091459513,100|674|4|72|503,0.71525991|0.00726450|0.00476914|0.00463517|0.00410978,1,0.7152599096298218,True,100,0.7152599096298218,True,100,0.3956323564052582,True,100,0.7405723333358765,True,100,0.7262161374092102,True,c12_correct
101,102,102_4.bmp,preprocessed_results\102\102_4.bmp,101,101,101,0.8633689284324646,141,0.005543955136090517,0.8578249732963741,101|141|325|151|309,0.86336893|0.00554396|0.00445167|0.00428603|0.00322154,1,0.8633689284324646,True,101,0.8633689284324646,True,101,0.902595579624176,True,101,0.8511186242103577,True,101,0.7943485975265503,True,c12_correct
102,103,103_6.bmp,preprocessed_results\103\103_6.bmp,102,102,102,0.6829322576522827,182,0.027867980301380157,0.6550642773509026,102|182|72|76|43,0.68293226|0.02786798|0.01225541|0.00789827|0.00787849,1,0.6829322576522827,True,102,0.6829322576522827,True,102,0.6483811140060425,True,102,0.7950174808502197,True,102,0.4758383333683014,True,c12_correct
103,104,104_8.bmp,preprocessed_results\104\104_8.bmp,103,103,103,0.31471651792526245,102,0.14900356531143188,0.16571295261383057,103|102|373|599|549,0.31471652|0.14900357|0.02868799|0.02150593|0.00971437,1,0.31471651792526245,True,103,0.31471651792526245,True,103,0.14023493230342865,True,103,0.7945865988731384,True,103,0.48975270986557007,True,c12_correct
104,105,105_4.bmp,preprocessed_results\105\105_4.bmp,104,104,104,0.8124598860740662,50,0.012809298932552338,0.7996505871415138,104|50|771|223|89,0.81245989|0.01280930|0.00827793|0.00408512|0.00369107,1,0.8124598860740662,True,104,0.8124598860740662,True,104,0.66318678855896,True,104,0.7871723175048828,True,104,0.5598569512367249,True,c12_correct
105,106,106_4.bmp,preprocessed_results\106\106_4.bmp,105,105,105,0.5308956503868103,104,0.02188614197075367,0.5090095084160566,105|104|152|193|97,0.53089565|0.02188614|0.02065906|0.01304003|0.01157515,1,0.5308956503868103,True,105,0.5308956503868103,True,105,0.7331260442733765,True,105,0.8437362313270569,True,105,0.7526111006736755,True,c12_correct
106,107,107_10.bmp,preprocessed_results\107\107_10.bmp,106,106,106,0.6098530292510986,512,0.021920589730143547,0.5879324395209551,106|512|220|72|56,0.60985303|0.02192059|0.01319681|0.01108136|0.00740199,1,0.6098530292510986,True,106,0.6098530292510986,True,106,0.5406783819198608,True,106,0.7941035628318787,True,106,0.4922419488430023,True,c12_correct
107,108,108_7.bmp,preprocessed_results\108\108_7.bmp,107,107,107,0.878744900226593,55,0.006533572915941477,0.8722113273106515,107|55|458|215|167,0.87874490|0.00653357|0.00410532|0.00383487|0.00357961,1,0.878744900226593,True,107,0.878744900226593,True,107,0.8775529861450195,True,107,0.8353186249732971,True,107,0.7888235449790955,True,c12_correct
108,109,109_10.bmp,preprocessed_results\109\109_10.bmp,108,108,108,0.8578137755393982,109,0.03156611695885658,0.8262476585805416,108|109|544|112|817,0.85781378|0.03156612|0.00380925|0.00310831|0.00229186,1,0.8578137755393982,True,108,0.8578137755393982,True,108,0.8457583785057068,True,108,0.8356016874313354,True,108,0.8565263748168945,True,c12_correct
109,110,110_9.bmp,preprocessed_results\110\110_9.bmp,109,109,109,0.723697304725647,108,0.02180790901184082,0.7018893957138062,109|108|773|210|59,0.72369730|0.02180791|0.01854874|0.00710431|0.00708530,1,0.723697304725647,True,109,0.723697304725647,True,109,0.827057421207428,True,109,0.8375621438026428,True,109,0.7923041582107544,True,c12_correct
110,111,111_7.bmp,preprocessed_results\111\111_7.bmp,110,110,110,0.788565993309021,807,0.016310470178723335,0.7722555231302977,110|807|748|46|602,0.78856599|0.01631047|0.00666007|0.00539231|0.00453367,1,0.788565993309021,True,110,0.788565993309021,True,110,0.8151899576187134,True,110,0.8302757740020752,True,110,0.7916369438171387,True,c12_correct
111,112,112_1.bmp,preprocessed_results\112\112_1.bmp,111,111,111,0.6082090735435486,787,0.019193729385733604,0.589015344157815,111|787|110|622|823,0.60820907|0.01919373|0.01729847|0.00778003|0.00718359,1,0.6082090735435486,True,111,0.6082090735435486,True,111,0.7532030344009399,True,111,0.832529604434967,True,111,0.8635942339897156,True,c12_correct
112,113,113_2.bmp,preprocessed_results\113\113_2.bmp,112,112,112,0.8356299996376038,113,0.01855815015733242,0.8170718494802713,112|113|118|498|280,0.83563000|0.01855815|0.00499439|0.00412851|0.00409526,1,0.8356299996376038,True,112,0.8356299996376038,True,112,0.8074002861976624,True,112,0.8285282254219055,True,112,0.789537250995636,True,c12_correct
113,114,114_1.bmp,preprocessed_results\114\114_1.bmp,113,113,113,0.7259126901626587,112,0.07038696110248566,0.655525729060173,113|112|210|109|172,0.72591269|0.07038696|0.00636710|0.00492080|0.00375171,1,0.7259126901626587,True,113,0.7259126901626587,True,113,0.8869433403015137,True,113,0.8477755784988403,True,113,0.8546180129051208,True,c12_correct
114,115,115_5.bmp,preprocessed_results\115\115_5.bmp,114,114,114,0.5864666700363159,57,0.02096538618206978,0.5655012838542461,114|57|247|56|294,0.58646667|0.02096539|0.01370012|0.01177391|0.01139106,1,0.5864666700363159,True,114,0.5864666700363159,True,114,0.858517050743103,True,114,0.8238390684127808,True,114,0.7999060750007629,True,c12_correct
115,116,116_8.bmp,preprocessed_results\116\116_8.bmp,115,115,115,0.6229842901229858,114,0.01716153509914875,0.6058227550238371,115|114|142|284|76,0.62298429|0.01716154|0.01433862|0.01289705|0.00953780,1,0.6229842901229858,True,115,0.6229842901229858,True,115,0.8030570149421692,True,115,0.823432981967926,True,115,0.8693581223487854,True,c12_correct
116,117,117_6.bmp,preprocessed_results\117\117_6.bmp,116,116,116,0.6588554382324219,117,0.07279866933822632,0.5860567688941956,116|117|152|70|832,0.65885544|0.07279867|0.01302852|0.00648006|0.00511008,1,0.6588554382324219,True,116,0.6588554382324219,True,116,0.5297648310661316,True,116,0.8277447819709778,True,116,0.5974102020263672,True,c12_correct
117,118,118_1.bmp,preprocessed_results\118\118_1.bmp,117,117,117,0.28510093688964844,116,0.05721842870116234,0.2278825081884861,117|116|143|221|531,0.28510094|0.05721843|0.01867407|0.01767819|0.01721524,1,0.28510093688964844,True,117,0.28510093688964844,True,117,0.19313696026802063,True,117,0.768704891204834,True,117,0.4743545949459076,True,c12_correct
118,119,119_9.bmp,preprocessed_results\119\119_9.bmp,118,118,118,0.42122766375541687,288,0.04322546347975731,0.37800220027565956,118|288|96|209|131,0.42122766|0.04322546|0.02104125|0.01911107|0.01582284,1,0.42122766375541687,True,118,0.42122766375541687,True,118,0.6040449738502502,True,118,0.7981835603713989,True,118,0.6394839882850647,True,c12_correct
119,120,120_7.bmp,preprocessed_results\120\120_7.bmp,119,119,119,0.35133451223373413,118,0.027780940756201744,0.3235535714775324,119|118|187|290|288,0.35133451|0.02778094|0.02284226|0.01746619|0.01618511,1,0.35133451223373413,True,119,0.35133451223373413,True,119,0.4365595579147339,True,119,0.8015689849853516,True,119,0.6659476161003113,True,c12_correct
120,121,121_7.bmp,preprocessed_results\121\121_7.bmp,120,120,120,0.40798327326774597,101,0.01817544735968113,0.38980782590806484,120|101|76|533|51,0.40798327|0.01817545|0.01329616|0.01251238|0.01159652,1,0.40798327326774597,True,120,0.40798327326774597,True,120,0.24567803740501404,True,120,0.8141081929206848,True,120,0.5666559338569641,True,c12_correct
121,122,122_4.bmp,preprocessed_results\122\122_4.bmp,121,121,121,0.7630634903907776,120,0.011361504904925823,0.7517019854858518,121|120|418|67|354,0.76306349|0.01136150|0.00971147|0.00713447|0.00712361,1,0.7630634903907776,True,121,0.7630634903907776,True,121,0.8331889510154724,True,121,0.8172509074211121,True,121,0.7588832974433899,True,c12_correct
122,123,123_9.bmp,preprocessed_results\123\123_9.bmp,122,122,122,0.8490725755691528,180,0.013488363474607468,0.8355842120945454,122|180|222|123|403,0.84907258|0.01348836|0.00610168|0.00589178|0.00271197,1,0.8490725755691528,True,122,0.8490725755691528,True,122,0.871587336063385,True,122,0.8455568552017212,True,122,0.872175395488739,True,c12_correct
123,124,124_9.bmp,preprocessed_results\124\124_9.bmp,123,123,123,0.32174357771873474,96,0.019757548347115517,0.3019860293716192,123|96|251|236|122,0.32174358|0.01975755|0.01478878|0.01419077|0.01260873,1,0.32174357771873474,True,123,0.32174357771873474,True,123,0.8018882274627686,True,123,0.8397006392478943,True,123,0.80231773853302,True,c12_correct
124,125,125_9.bmp,preprocessed_results\125\125_9.bmp,124,124,124,0.11297803372144699,396,0.06293033808469772,0.05004769563674927,124|396|467|185|125,0.11297803|0.06293034|0.03794563|0.03663596|0.03232111,1,0.11297803372144699,True,124,0.11297803372144699,True,124,0.5464208126068115,True,124,0.7816704511642456,True,124,0.5780638456344604,True,c12_correct
125,126,126_9.bmp,preprocessed_results\126\126_9.bmp,125,125,125,0.8026415705680847,124,0.04176752641797066,0.7608740441501141,125|124|396|56|138,0.80264157|0.04176753|0.01234771|0.00541371|0.00253927,1,0.8026415705680847,True,125,0.8026415705680847,True,125,0.6981365084648132,True,125,0.8288835883140564,True,125,0.7750445008277893,True,c12_correct
126,127,127_2.bmp,preprocessed_results\127\127_2.bmp,126,126,126,0.8276256918907166,246,0.009406110271811485,0.8182195816189051,126|246|437|358|127,0.82762569|0.00940611|0.00448834|0.00356818|0.00342274,1,0.8276256918907166,True,126,0.8276256918907166,True,126,0.8147421479225159,True,126,0.8071259260177612,True,126,0.8581547737121582,True,c12_correct
127,128,128_4.bmp,preprocessed_results\128\128_4.bmp,127,127,127,0.7917067408561707,161,0.006232534069567919,0.7854742067866027,127|161|611|145|437,0.79170674|0.00623253|0.00460684|0.00396859|0.00355330,1,0.7917067408561707,True,127,0.7917067408561707,True,127,0.8600190877914429,True,127,0.801263689994812,True,127,0.7618902325630188,True,c12_correct
128,129,129_8.bmp,preprocessed_results\129\129_8.bmp,128,128,128,0.8162345290184021,52,0.011592261493206024,0.8046422675251961,128|52|253|261|263,0.81623453|0.01159226|0.00571516|0.00553867|0.00520359,1,0.8162345290184021,True,128,0.8162345290184021,True,128,0.9176016449928284,True,128,0.8296204805374146,True,128,0.8694758415222168,True,c12_correct
129,130,130_7.bmp,preprocessed_results\130\130_7.bmp,129,129,129,0.5300074815750122,778,0.013274050317704678,0.5167334312573075,129|778|260|96|209,0.53000748|0.01327405|0.01252518|0.01011029|0.00949417,1,0.5300074815750122,True,129,0.5300074815750122,True,129,0.5872846841812134,True,129,0.8207898139953613,True,129,0.7634854912757874,True,c12_correct
130,131,131_7.bmp,preprocessed_results\131\131_7.bmp,130,130,130,0.8551744222640991,131,0.008800968527793884,0.8463734537363052,130|131|104|201|324,0.85517442|0.00880097|0.00576961|0.00391212|0.00310185,1,0.8551744222640991,True,130,0.8551744222640991,True,130,0.7277887463569641,True,130,0.8364720940589905,True,130,0.7359280586242676,True,c12_correct
131,132,132_6.bmp,preprocessed_results\132\132_6.bmp,131,131,131,0.8993635773658752,130,0.008366217836737633,0.8909973595291376,131|130|281|250|289,0.89936358|0.00836622|0.00382238|0.00313620|0.00283768,1,0.8993635773658752,True,131,0.8993635773658752,True,131,0.8703324794769287,True,131,0.8311718106269836,True,131,0.8959197998046875,True,c12_correct
132,133,133_3.bmp,preprocessed_results\133\133_3.bmp,132,132,132,0.8283284306526184,133,0.010656364262104034,0.8176720663905144,132|133|206|100|101,0.82832843|0.01065636|0.01006358|0.00608091|0.00476487,1,0.8283284306526184,True,132,0.8283284306526184,True,132,0.868712842464447,True,132,0.8296734094619751,True,132,0.8229104280471802,True,c12_correct
133,134,134_6.bmp,preprocessed_results\134\134_6.bmp,133,133,133,0.8572928309440613,132,0.01153186708688736,0.8457609638571739,133|132|787|569|341,0.85729283|0.01153187|0.00735944|0.00271556|0.00252800,1,0.8572928309440613,True,133,0.8572928309440613,True,133,0.7530146837234497,True,133,0.8402273654937744,True,133,0.7523941993713379,True,c12_correct
134,135,135_3.bmp,preprocessed_results\135\135_3.bmp,134,134,134,0.6622391939163208,178,0.01110442541539669,0.6511347685009241,134|178|552|548|196,0.66223919|0.01110443|0.01009824|0.00919852|0.00800987,1,0.6622391939163208,True,134,0.6622391939163208,True,134,0.20827709138393402,True,134,0.7575277090072632,True,134,0.4385334551334381,True,c12_correct
135,136,136_1.bmp,preprocessed_results\136\136_1.bmp,135,135,135,0.4632929265499115,134,0.04484599828720093,0.41844692826271057,135|134|70|28|192,0.46329293|0.04484600|0.01215411|0.01158023|0.01070541,1,0.4632929265499115,True,135,0.4632929265499115,True,135,0.6060073375701904,True,135,0.7870514988899231,True,135,0.4044603407382965,True,c12_correct
136,137,137_9.bmp,preprocessed_results\137\137_9.bmp,136,136,136,0.6028315424919128,216,0.01684163324534893,0.5859899092465639,136|216|137|177|6,0.60283154|0.01684163|0.01674510|0.01443736|0.00954520,1,0.6028315424919128,True,136,0.6028315424919128,True,136,0.4424760639667511,True,136,0.8150215744972229,True,136,0.6663075685501099,True,c12_correct
137,138,138_10.bmp,preprocessed_results\138\138_10.bmp,137,137,137,0.8509641289710999,136,0.008425424806773663,0.8425387041643262,137|136|266|179|446,0.85096413|0.00842542|0.00513261|0.00465453|0.00449500,1,0.8509641289710999,True,137,0.8509641289710999,True,137,0.6915363669395447,True,137,0.8016167283058167,True,137,0.7315720319747925,True,c12_correct
138,139,139_4.bmp,preprocessed_results\139\139_4.bmp,138,138,138,0.7338109612464905,333,0.009762461297214031,0.7240484999492764,138|333|522|718|550,0.73381096|0.00976246|0.00631703|0.00586009|0.00537511,1,0.7338109612464905,True,138,0.7338109612464905,True,138,0.6187554001808167,True,138,0.8126793503761292,True,138,0.7880300879478455,True,c12_correct
139,140,140_2.bmp,preprocessed_results\140\140_2.bmp,139,139,139,0.5316507816314697,434,0.014654084108769894,0.5169966975226998,139|434|56|704|234,0.53165078|0.01465408|0.01323398|0.01129987|0.00982690,1,0.5316507816314697,True,139,0.5316507816314697,True,139,0.6756494641304016,True,139,0.8272345066070557,True,139,0.6089816689491272,True,c12_correct
140,141,141_4.bmp,preprocessed_results\141\141_4.bmp,140,140,140,0.08877665549516678,231,0.03424954414367676,0.05452711135149002,140|231|213|141|315,0.08877666|0.03424954|0.03166978|0.02214512|0.02045026,1,0.08877665549516678,True,140,0.08877665549516678,True,141,0.022094620391726494,False,140,0.7283158302307129,True,140,0.06530822813510895,True,c12_correct
141,142,142_7.bmp,preprocessed_results\142\142_7.bmp,141,141,141,0.7991402745246887,299,0.00774756446480751,0.7913927100598812,141|299|191|140|154,0.79914027|0.00774756|0.00680941|0.00632847|0.00523932,1,0.7991402745246887,True,141,0.7991402745246887,True,141,0.8705301880836487,True,141,0.7959815859794617,True,141,0.6441239714622498,True,c12_correct
142,143,143_9.bmp,preprocessed_results\143\143_9.bmp,142,142,142,0.9144170880317688,247,0.0048144799657166,0.9096026080660522,142|247|679|114|246,0.91441709|0.00481448|0.00433293|0.00323637|0.00261477,1,0.9144170880317688,True,142,0.9144170880317688,True,142,0.8433498740196228,True,142,0.8188344836235046,True,142,0.8558642268180847,True,c12_correct
143,144,144_6.bmp,preprocessed_results\144\144_6.bmp,143,143,143,0.7142148017883301,115,0.016948729753494263,0.6972660720348358,143|115|144|564|285,0.71421480|0.01694873|0.01405950|0.00697700|0.00651546,1,0.7142148017883301,True,143,0.7142148017883301,True,143,0.6582048535346985,True,143,0.8093852400779724,True,143,0.750218391418457,True,c12_correct
144,145,145_10.bmp,preprocessed_results\145\145_10.bmp,144,144,144,0.7585015892982483,814,0.009068002924323082,0.7494335863739252,144|814|665|539|455,0.75850159|0.00906800|0.00772602|0.00655835|0.00540535,1,0.7585015892982483,True,144,0.7585015892982483,True,144,0.7101138234138489,True,144,0.819853663444519,True,144,0.7676721811294556,True,c12_correct
145,146,146_7.bmp,preprocessed_results\146\146_7.bmp,145,145,145,0.8066554069519043,476,0.006910613738000393,0.7997447932139039,145|476|144|362|504,0.80665541|0.00691061|0.00672134|0.00506196|0.00368138,1,0.8066554069519043,True,145,0.8066554069519043,True,145,0.9326630234718323,True,145,0.8330891728401184,True,145,0.8091732263565063,True,c12_correct
146,147,147_3.bmp,preprocessed_results\147\147_3.bmp,146,146,146,0.8551474213600159,72,0.010431327857077122,0.8447160935029387,146|72|147|716|199,0.85514742|0.01043133|0.00857475|0.00716657|0.00316199,1,0.8551474213600159,True,146,0.8551474213600159,True,146,0.8832305669784546,True,146,0.8268202543258667,True,146,0.8632963299751282,True,c12_correct
147,148,148_5.bmp,preprocessed_results\148\148_5.bmp,147,147,147,0.8103212714195251,146,0.011693863198161125,0.798627408221364,147|146|38|79|83,0.81032127|0.01169386|0.01137573|0.00736146|0.00536090,1,0.8103212714195251,True,147,0.8103212714195251,True,147,0.7279912829399109,True,147,0.8391075134277344,True,147,0.6580083966255188,True,c12_correct
148,149,149_10.bmp,preprocessed_results\149\149_10.bmp,148,148,148,0.8175969123840332,534,0.02553715743124485,0.7920597549527884,148|534|178|441|329,0.81759691|0.02553716|0.00674051|0.00524027|0.00520213,1,0.8175969123840332,True,148,0.8175969123840332,True,148,0.8899001479148865,True,148,0.8064243197441101,True,148,0.8157286047935486,True,c12_correct
149,150,150_9.bmp,preprocessed_results\150\150_9.bmp,149,149,149,0.42098164558410645,148,0.020927773788571358,0.4000538717955351,149|148|422|435|174,0.42098165|0.02092777|0.01443047|0.01060267|0.00985843,1,0.42098164558410645,True,149,0.42098164558410645,True,149,0.8110630512237549,True,149,0.8185693621635437,True,149,0.7895731925964355,True,c12_correct
150,151,151_1.bmp,preprocessed_results\151\151_1.bmp,150,150,150,0.930625319480896,151,0.005915453657507896,0.9247098658233881,150|151|101|304|308,0.93062532|0.00591545|0.00321361|0.00220326|0.00160012,1,0.930625319480896,True,150,0.930625319480896,True,150,0.8370028138160706,True,150,0.8262868523597717,True,150,0.8613103628158569,True,c12_correct
151,152,152_3.bmp,preprocessed_results\152\152_3.bmp,151,151,151,0.8693603277206421,150,0.018180066719651222,0.8511802610009909,151|150|101|86|87,0.86936033|0.01818007|0.00744035|0.00507603|0.00445834,1,0.8693603277206421,True,151,0.8693603277206421,True,151,0.8621994853019714,True,151,0.8132287263870239,True,151,0.8697288036346436,True,c12_correct
152,153,153_6.bmp,preprocessed_results\153\153_6.bmp,152,152,152,0.8841188549995422,153,0.014541061595082283,0.86957779340446,152|153|552|26|532,0.88411885|0.01454106|0.01280406|0.00741430|0.00370866,1,0.8841188549995422,True,152,0.8841188549995422,True,152,0.8363532423973083,True,152,0.8279730081558228,True,152,0.7846482992172241,True,c12_correct
153,154,154_4.bmp,preprocessed_results\154\154_4.bmp,153,153,153,0.7385359406471252,152,0.03502447530627251,0.7035114653408527,153|152|26|531|81,0.73853594|0.03502448|0.00934500|0.00754549|0.00562979,1,0.7385359406471252,True,153,0.7385359406471252,True,153,0.8115285038948059,True,153,0.8511444926261902,True,153,0.7809192538261414,True,c12_correct
154,155,155_1.bmp,preprocessed_results\155\155_1.bmp,154,154,154,0.4283187985420227,116,0.05112341046333313,0.3771953880786896,154|116|155|335|434,0.42831880|0.05112341|0.01803401|0.01740405|0.01409298,1,0.4283187985420227,True,154,0.4283187985420227,True,154,0.6563773155212402,True,154,0.7553694248199463,True,154,0.3994339406490326,True,c12_correct
155,156,156_4.bmp,preprocessed_results\156\156_4.bmp,155,155,155,0.7047627568244934,539,0.006638728082180023,0.6981240287423134,155|539|488|489|495,0.70476276|0.00663873|0.00624232|0.00605930|0.00482198,1,0.7047627568244934,True,155,0.7047627568244934,True,155,0.835520327091217,True,155,0.8193793892860413,True,155,0.7775201201438904,True,c12_correct
156,157,157_4.bmp,preprocessed_results\157\157_4.bmp,156,156,156,0.958652913570404,227,0.0009713227045722306,0.9576815908658318,156|227|76|71|58,0.95865291|0.00097132|0.00092509|0.00072004|0.00071657,1,0.958652913570404,True,156,0.958652913570404,True,156,0.8068952560424805,True,156,0.8478406071662903,True,156,0.8637118339538574,True,c12_correct
157,158,158_8.bmp,preprocessed_results\158\158_8.bmp,157,157,157,0.46083930134773254,133,0.025563182309269905,0.43527611903846264,157|133|152|530|60,0.46083930|0.02556318|0.01700965|0.00992094|0.00901336,1,0.46083930134773254,True,157,0.46083930134773254,True,157,0.6611343026161194,True,157,0.8001556992530823,True,157,0.7132526636123657,True,c12_correct
158,159,159_1.bmp,preprocessed_results\159\159_1.bmp,158,158,158,0.6326231360435486,119,0.03626600280404091,0.5963571332395077,158|119|187|92|186,0.63262314|0.03626600|0.02734221|0.01915573|0.00819598,1,0.6326231360435486,True,158,0.6326231360435486,True,158,0.7010530829429626,True,158,0.8117755055427551,True,158,0.7012854814529419,True,c12_correct
159,160,160_2.bmp,preprocessed_results\160\160_2.bmp,159,159,159,0.6655614972114563,225,0.01689664088189602,0.6486648563295603,159|225|87|737|224,0.66556150|0.01689664|0.00959927|0.00829673|0.00807969,1,0.6655614972114563,True,159,0.6655614972114563,True,159,0.6661088466644287,True,159,0.8215495944023132,True,159,0.7436680197715759,True,c12_correct
160,161,161_2.bmp,preprocessed_results\161\161_2.bmp,160,160,160,0.7298020124435425,165,0.020724644884467125,0.7090773675590754,160|165|242|164|268,0.72980201|0.02072464|0.01380145|0.00735142|0.00673046,1,0.7298020124435425,True,160,0.7298020124435425,True,160,0.8526556491851807,True,160,0.8050232529640198,True,160,0.820405125617981,True,c12_correct
161,162,162_1.bmp,preprocessed_results\162\162_1.bmp,161,161,161,0.8767217397689819,127,0.0060701812617480755,0.8706515585072339,161|127|788|170|160,0.87672174|0.00607018|0.00462657|0.00331796|0.00322159,1,0.8767217397689819,True,161,0.8767217397689819,True,161,0.797141969203949,True,161,0.8428506851196289,True,161,0.7490168809890747,True,c12_correct
162,163,163_6.bmp,preprocessed_results\163\163_6.bmp,162,162,162,0.8486008644104004,659,0.005074004642665386,0.843526859767735,162|659|763|589|819,0.84860086|0.00507400|0.00348453|0.00339575|0.00332933,1,0.8486008644104004,True,162,0.8486008644104004,True,162,0.9035300612449646,True,162,0.8371347188949585,True,162,0.8153663277626038,True,c12_correct
163,164,164_5.bmp,preprocessed_results\164\164_5.bmp,163,163,163,0.7994241118431091,115,0.012675273232161999,0.7867488386109471,163|115|279|820|93,0.79942411|0.01267527|0.00853269|0.00684008|0.00498339,1,0.7994241118431091,True,163,0.7994241118431091,True,163,0.8881769180297852,True,163,0.8575111627578735,True,163,0.7255865335464478,True,c12_correct
164,165,165_8.bmp,preprocessed_results\165\165_8.bmp,164,164,164,0.8125026226043701,156,0.011121280491352081,0.801381342113018,164|156|610|344|123,0.81250262|0.01112128|0.00436872|0.00380871|0.00373911,1,0.8125026226043701,True,164,0.8125026226043701,True,164,0.7812374830245972,True,164,0.8020152449607849,True,164,0.8257097005844116,True,c12_correct
165,166,166_10.bmp,preprocessed_results\166\166_10.bmp,165,165,165,0.719951868057251,164,0.018575631082057953,0.701376236975193,165|164|603|584|622,0.71995187|0.01857563|0.00877635|0.00734029|0.00712461,1,0.719951868057251,True,165,0.719951868057251,True,165,0.5112488865852356,True,165,0.8095921874046326,True,165,0.603300154209137,True,c12_correct
166,167,167_3.bmp,preprocessed_results\167\167_3.bmp,166,166,166,0.8936325311660767,18,0.0032841213978827,0.890348409768194,166|18|167|114|251,0.89363253|0.00328412|0.00320004|0.00277828|0.00241210,1,0.8936325311660767,True,166,0.8936325311660767,True,166,0.8218576908111572,True,166,0.8294761776924133,True,166,0.8195942044258118,True,c12_correct
167,168,168_2.bmp,preprocessed_results\168\168_2.bmp,167,167,167,0.8575977683067322,7,0.007771156262606382,0.8498266120441258,167|7|62|166|298,0.85759777|0.00777116|0.00728166|0.00473787|0.00305866,1,0.8575977683067322,True,167,0.8575977683067322,True,167,0.8021335005760193,True,167,0.7979095578193665,True,167,0.8171961307525635,True,c12_correct
168,169,169_5.bmp,preprocessed_results\169\169_5.bmp,168,168,168,0.6914370656013489,169,0.04150046780705452,0.6499365977942944,168|169|20|428|21,0.69143707|0.04150047|0.01126125|0.00624711|0.00581833,1,0.6914370656013489,True,168,0.6914370656013489,True,168,0.7974244952201843,True,168,0.8168457746505737,True,168,0.7132217884063721,True,c12_correct
169,170,170_5.bmp,preprocessed_results\170\170_5.bmp,169,169,169,0.8288975954055786,289,0.006636522710323334,0.8222610726952553,169|289|269|525|168,0.82889760|0.00663652|0.00413403|0.00289167|0.00233923,1,0.8288975954055786,True,169,0.8288975954055786,True,169,0.8553663492202759,True,169,0.8771561980247498,True,169,0.8854435682296753,True,c12_correct
170,171,171_4.bmp,preprocessed_results\171\171_4.bmp,170,170,170,0.8316495418548584,161,0.011137980036437511,0.8205115618184209,170|161|13|4|646,0.83164954|0.01113798|0.00923135|0.00651331|0.00486838,1,0.8316495418548584,True,170,0.8316495418548584,True,170,0.7291039824485779,True,170,0.8119744062423706,True,170,0.858112633228302,True,c12_correct
171,172,172_7.bmp,preprocessed_results\172\172_7.bmp,171,171,171,0.7022764682769775,5,0.12057152390480042,0.5817049443721771,171|5|784|181|170,0.70227647|0.12057152|0.00409059|0.00400175|0.00322033,1,0.7022764682769775,True,171,0.7022764682769775,True,171,0.8306266069412231,True,171,0.8253284096717834,True,171,0.8125949501991272,True,c12_correct
172,173,173_10.bmp,preprocessed_results\173\173_10.bmp,172,172,172,0.7673912048339844,173,0.014193166978657246,0.7531980378553271,172|173|106|42|56,0.76739120|0.01419317|0.00756337|0.00662645|0.00585790,1,0.7673912048339844,True,172,0.7673912048339844,True,172,0.7578164339065552,True,172,0.8331236839294434,True,172,0.7167661190032959,True,c12_correct
173,174,174_7.bmp,preprocessed_results\174\174_7.bmp,173,173,173,0.7070053219795227,172,0.02755403332412243,0.6794512886554003,173|172|194|125|45,0.70700532|0.02755403|0.01162811|0.00981791|0.00709056,1,0.7070053219795227,True,173,0.7070053219795227,True,173,0.5832736492156982,True,173,0.7467624545097351,True,173,0.19913488626480103,True,c12_correct
174,175,175_9.bmp,preprocessed_results\175\175_9.bmp,174,174,174,0.8985195159912109,175,0.004236011765897274,0.8942835042253137,174|175|41|722|248,0.89851952|0.00423601|0.00180323|0.00176175|0.00160871,1,0.8985195159912109,True,174,0.8985195159912109,True,174,0.7172622084617615,True,174,0.8420572280883789,True,174,0.854189932346344,True,c12_correct
175,176,176_9.bmp,preprocessed_results\176\176_9.bmp,175,175,175,0.7165169715881348,174,0.031226446852087975,0.6852905247360468,175|174|234|236|115,0.71651697|0.03122645|0.00745874|0.00709486|0.00495481,1,0.7165169715881348,True,175,0.7165169715881348,True,175,0.7735891342163086,True,175,0.8099017143249512,True,175,0.7913162112236023,True,c12_correct
176,177,177_2.bmp,preprocessed_results\177\177_2.bmp,176,176,176,0.5481653809547424,534,0.021956799551844597,0.5262085814028978,176|534|227|315|229,0.54816538|0.02195680|0.01429753|0.00589998|0.00561392,1,0.5481653809547424,True,176,0.5481653809547424,True,176,0.7942101359367371,True,176,0.8357143402099609,True,176,0.7837280631065369,True,c12_correct
177,178,178_6.bmp,preprocessed_results\178\178_6.bmp,177,177,177,0.19166195392608643,18,0.02603735774755478,0.16562459617853165,177|18|125|216|247,0.19166195|0.02603736|0.02413039|0.02313562|0.01570534,1,0.19166195392608643,True,177,0.19166195392608643,True,177,0.16811606287956238,True,177,0.7692499756813049,True,177,0.3029850423336029,True,c12_correct
178,179,179_7.bmp,preprocessed_results\179\179_7.bmp,178,178,178,0.621532142162323,407,0.014507755637168884,0.6070243865251541,178|407|9|188|534,0.62153214|0.01450776|0.01077266|0.00931178|0.00732276,1,0.621532142162323,True,178,0.621532142162323,True,178,0.33975064754486084,True,178,0.7597794532775879,True,178,0.6061444878578186,True,c12_correct
179,180,180_5.bmp,preprocessed_results\180\180_5.bmp,179,179,179,0.7375703454017639,314,0.03604885935783386,0.70152148604393,179|314|82|43|311,0.73757035|0.03604886|0.01241264|0.01231032|0.00538220,1,0.7375703454017639,True,179,0.7375703454017639,True,179,0.6312983632087708,True,179,0.8325896263122559,True,179,0.7081709504127502,True,c12_correct
180,181,181_1.bmp,preprocessed_results\181\181_1.bmp,180,180,180,0.7661992311477661,370,0.007408409845083952,0.7587908213026822,180|370|543|412|95,0.76619923|0.00740841|0.00653809|0.00466834|0.00455907,1,0.7661992311477661,True,180,0.7661992311477661,True,180,0.4434238076210022,True,180,0.828423798084259,True,180,0.8463737368583679,True,c12_correct
181,182,182_7.bmp,preprocessed_results\182\182_7.bmp,181,181,181,0.51967853307724,566,0.01490406971424818,0.5047744633629918,181|566|80|76|45,0.51967853|0.01490407|0.01172834|0.01069051|0.00701871,1,0.51967853307724,True,181,0.51967853307724,True,181,0.7225337028503418,True,181,0.7987844944000244,True,181,0.8321947455406189,True,c12_correct
182,183,183_7.bmp,preprocessed_results\183\183_7.bmp,182,182,182,0.8101014494895935,145,0.012383622117340565,0.7977178273722529,182|145|455|165|76,0.81010145|0.01238362|0.00344583|0.00328021|0.00275782,1,0.8101014494895935,True,182,0.8101014494895935,True,182,0.8696910738945007,True,182,0.7900404930114746,True,182,0.725307285785675,True,c12_correct
183,184,184_4.bmp,preprocessed_results\184\184_4.bmp,183,183,183,0.6588261127471924,321,0.01364277582615614,0.6451833369210362,183|321|823|71|219,0.65882611|0.01364278|0.00800175|0.00731961|0.00464236,1,0.6588261127471924,True,183,0.6588261127471924,True,183,0.6980287432670593,True,183,0.8130531311035156,True,183,0.760003387928009,True,c12_correct
184,185,185_4.bmp,preprocessed_results\185\185_4.bmp,184,184,184,0.6551089882850647,117,0.012983673252165318,0.6421253150328994,184|117|358|357|483,0.65510899|0.01298367|0.01160644|0.00945975|0.00930861,1,0.6551089882850647,True,184,0.6551089882850647,True,184,0.7390642762184143,True,184,0.8190711140632629,True,184,0.7744104862213135,True,c12_correct
185,186,186_3.bmp,preprocessed_results\186\186_3.bmp,185,185,185,0.4605780839920044,184,0.02889110893011093,0.43168697506189346,185|184|537|221|535,0.46057808|0.02889111|0.02809697|0.01900231|0.01609857,1,0.4605780839920044,True,185,0.4605780839920044,True,185,0.29822805523872375,True,185,0.7094709873199463,True,185,0.4877299666404724,True,c12_correct
186,187,187_3.bmp,preprocessed_results\187\187_3.bmp,186,186,186,0.7300533652305603,624,0.013334609568119049,0.7167187556624413,186|624|566|73|828,0.73005337|0.01333461|0.01017907|0.00975708|0.00673463,1,0.7300533652305603,True,186,0.7300533652305603,True,186,0.6921707987785339,True,186,0.8258807063102722,True,186,0.8163854479789734,True,c12_correct
187,188,188_2.bmp,preprocessed_results\188\188_2.bmp,187,187,187,0.9005979895591736,186,0.014455586671829224,0.8861424028873444,187|186|120|773|119,0.90059799|0.01445559|0.00428853|0.00277675|0.00255919,1,0.9005979895591736,True,187,0.9005979895591736,True,187,0.8801901340484619,True,187,0.8142859935760498,True,187,0.8107775449752808,True,c12_correct
188,189,189_10.bmp,preprocessed_results\189\189_10.bmp,188,188,188,0.5709309577941895,212,0.009573844261467457,0.561357113532722,188|212|78|189|34,0.57093096|0.00957384|0.00879030|0.00828301|0.00812116,1,0.5709309577941895,True,188,0.5709309577941895,True,188,0.7862221002578735,True,188,0.8071659207344055,True,188,0.7120335698127747,True,c12_correct
189,190,190_3.bmp,preprocessed_results\190\190_3.bmp,189,189,189,0.7015212178230286,440,0.013145176693797112,0.6883760411292315,189|440|431|547|55,0.70152122|0.01314518|0.00809571|0.00636418|0.00435339,1,0.7015212178230286,True,189,0.7015212178230286,True,189,0.7538758516311646,True,189,0.8346072435379028,True,189,0.7637075185775757,True,c12_correct
190,191,191_7.bmp,preprocessed_results\191\191_7.bmp,190,190,190,0.833292543888092,81,0.007421344984322786,0.8258711989037693,190|81|336|276|175,0.83329254|0.00742134|0.00365375|0.00343634|0.00300415,1,0.833292543888092,True,190,0.833292543888092,True,190,0.8809478878974915,True,190,0.8123565912246704,True,190,0.8308550119400024,True,c12_correct
191,192,192_4.bmp,preprocessed_results\192\192_4.bmp,191,191,191,0.8621386289596558,141,0.022899994626641273,0.8392386343330145,191|141|193|257|190,0.86213863|0.02289999|0.00673377|0.00293158|0.00292590,1,0.8621386289596558,True,191,0.8621386289596558,True,191,0.6761000156402588,True,191,0.805824875831604,True,191,0.7596541047096252,True,c12_correct
192,193,193_8.bmp,preprocessed_results\193\193_8.bmp,192,192,192,0.8494154810905457,152,0.0078109740279614925,0.8416045070625842,192|152|38|134|193,0.84941548|0.00781097|0.00423253|0.00307574|0.00304319,1,0.8494154810905457,True,192,0.8494154810905457,True,192,0.8635520935058594,True,192,0.8436235785484314,True,192,0.8953000903129578,True,c12_correct
193,194,194_1.bmp,preprocessed_results\194\194_1.bmp,193,193,193,0.39696598052978516,105,0.039941295981407166,0.357024684548378,193|105|192|341|133,0.39696598|0.03994130|0.02166035|0.01951674|0.01893773,1,0.39696598052978516,True,193,0.39696598052978516,True,193,0.25841450691223145,True,193,0.8001052737236023,True,193,0.523648738861084,True,c12_correct
194,195,195_3.bmp,preprocessed_results\195\195_3.bmp,194,194,194,0.8730640411376953,229,0.008290350437164307,0.864773690700531,194|229|195|180|239,0.87306404|0.00829035|0.00586223|0.00251979|0.00240720,1,0.8730640411376953,True,194,0.8730640411376953,True,194,0.8073306679725647,True,194,0.8306631445884705,True,194,0.7384713292121887,True,c12_correct
195,196,196_7.bmp,preprocessed_results\196\196_7.bmp,195,195,195,0.9278196096420288,194,0.004980788100510836,0.922838821541518,195|194|46|305|218,0.92781961|0.00498079|0.00197190|0.00177574|0.00174299,1,0.9278196096420288,True,195,0.9278196096420288,True,195,0.9186434149742126,True,195,0.8346476554870605,True,195,0.8738242387771606,True,c12_correct
196,197,197_3.bmp,preprocessed_results\197\197_3.bmp,196,196,196,0.5967394113540649,451,0.019607486203312874,0.5771319251507521,196|451|450|549|86,0.59673941|0.01960749|0.01547191|0.01295176|0.00825520,1,0.5967394113540649,True,196,0.5967394113540649,True,196,0.44837522506713867,True,196,0.8273608684539795,True,196,0.5978438854217529,True,c12_correct
197,198,198_4.bmp,preprocessed_results\198\198_4.bmp,197,197,197,0.6408765912055969,44,0.032879676669836044,0.6079969145357609,197|44|82|181|45,0.64087659|0.03287968|0.00999316|0.00924179|0.00461472,1,0.6408765912055969,True,197,0.6408765912055969,True,197,0.8606288433074951,True,197,0.8093128800392151,True,197,0.8993310332298279,True,c12_correct
198,199,199_5.bmp,preprocessed_results\199\199_5.bmp,198,198,198,0.804339587688446,87,0.017603568732738495,0.7867360189557076,198|87|248|38|199,0.80433959|0.01760357|0.00688977|0.00472194|0.00411332,1,0.804339587688446,True,198,0.804339587688446,True,198,0.7220126390457153,True,198,0.8029091954231262,True,198,0.8736505508422852,True,c12_correct
199,200,200_7.bmp,preprocessed_results\200\200_7.bmp,199,199,199,0.43456944823265076,269,0.025132594630122185,0.40943685360252857,199|269|284|111|198,0.43456945|0.02513259|0.02192572|0.01711386|0.01575095,1,0.43456944823265076,True,199,0.43456944823265076,True,199,0.18955020606517792,True,199,0.7320022583007812,True,199,0.26996520161628723,True,c12_correct
200,201,201_8.bmp,preprocessed_results\201\201_8.bmp,200,200,200,0.5965481996536255,70,0.01342033501714468,0.5831278646364808,200|70|42|358|276,0.59654820|0.01342034|0.01274846|0.00992197|0.00970688,1,0.5965481996536255,True,200,0.5965481996536255,True,200,0.5731226205825806,True,200,0.8169140219688416,True,200,0.6540271043777466,True,c12_correct
201,202,202_9.bmp,preprocessed_results\202\202_9.bmp,201,201,201,0.6123241186141968,130,0.030312342569231987,0.5820117760449648,201|130|244|104|200,0.61232412|0.03031234|0.00994027|0.00774224|0.00732568,1,0.6123241186141968,True,201,0.6123241186141968,True,201,0.6883870363235474,True,201,0.7909005284309387,True,201,0.6317028403282166,True,c12_correct
202,203,203_9.bmp,preprocessed_results\203\203_9.bmp,202,202,202,0.4150833487510681,203,0.05045924335718155,0.36462410539388657,202|203|122|382|54,0.41508335|0.05045924|0.01220439|0.01158634|0.00908119,1,0.4150833487510681,True,202,0.4150833487510681,True,202,0.42812013626098633,True,202,0.8198879361152649,True,202,0.612805962562561,True,c12_correct
203,204,204_1.bmp,preprocessed_results\204\204_1.bmp,203,203,203,0.8051421046257019,202,0.0073753781616687775,0.7977667264640331,203|202|511|223|54,0.80514210|0.00737538|0.00480314|0.00360496|0.00325819,1,0.8051421046257019,True,203,0.8051421046257019,True,203,0.862687349319458,True,203,0.8107929825782776,True,203,0.871471643447876,True,c12_correct
204,205,205_5.bmp,preprocessed_results\205\205_5.bmp,204,204,204,0.7148482203483582,266,0.011138963513076305,0.7037092568352818,204|266|34|158|674,0.71484822|0.01113896|0.01071170|0.00938529|0.00836164,1,0.7148482203483582,True,204,0.7148482203483582,True,204,0.6951114535331726,True,204,0.8362873196601868,True,204,0.5314761400222778,True,c12_correct
205,206,206_10.bmp,preprocessed_results\206\206_10.bmp,205,205,205,0.2968495786190033,297,0.04035741090774536,0.25649216771125793,205|297|470|173|296,0.29684958|0.04035741|0.02628641|0.01968151|0.01436394,1,0.2968495786190033,True,205,0.2968495786190033,True,205,0.7638404369354248,True,205,0.8207537531852722,True,205,0.7261906862258911,True,c12_correct
206,207,207_2.bmp,preprocessed_results\207\207_2.bmp,206,206,206,0.8867027759552002,207,0.019421374425292015,0.8672814015299082,206|207|331|525|163,0.88670278|0.01942137|0.00343765|0.00233939|0.00185965,1,0.8867027759552002,True,206,0.8867027759552002,True,206,0.9028711318969727,True,206,0.7930517792701721,True,206,0.7774891257286072,True,c12_correct
207,208,208_3.bmp,preprocessed_results\208\208_3.bmp,207,207,207,0.7236108183860779,206,0.031048420816659927,0.692562397569418,207|206|128|219|502,0.72361082|0.03104842|0.01022952|0.00684482|0.00505219,1,0.7236108183860779,True,207,0.7236108183860779,True,207,0.5326303839683533,True,207,0.8301960229873657,True,207,0.6706754565238953,True,c12_correct
208,209,209_7.bmp,preprocessed_results\209\209_7.bmp,208,208,208,0.36875250935554504,135,0.04847182705998421,0.32028068229556084,208|135|217|49|166,0.36875251|0.04847183|0.02197837|0.01386409|0.01300610,1,0.36875250935554504,True,208,0.36875250935554504,True,208,0.24935010075569153,True,208,0.7777497172355652,True,208,0.37020203471183777,True,c12_correct
209,210,210_2.bmp,preprocessed_results\210\210_2.bmp,209,209,209,0.677139937877655,338,0.012015928514301777,0.6651240093633533,209|338|83|329|112,0.67713994|0.01201593|0.01075357|0.01017357|0.00775519,1,0.677139937877655,True,209,0.677139937877655,True,209,0.8772916197776794,True,209,0.7664820551872253,True,209,0.7923738360404968,True,c12_correct
210,211,211_5.bmp,preprocessed_results\211\211_5.bmp,210,210,210,0.7291694283485413,211,0.14333441853523254,0.5858350098133087,210|211|477|70|83,0.72916943|0.14333442|0.00783364|0.00344811|0.00323158,1,0.7291694283485413,True,210,0.7291694283485413,True,210,0.8622680902481079,True,210,0.851537823677063,True,210,0.8339458703994751,True,c12_correct
211,212,212_6.bmp,preprocessed_results\212\212_6.bmp,211,211,211,0.5291143655776978,188,0.01558741182088852,0.5135269537568092,211|188|210|109|267,0.52911437|0.01558741|0.01130269|0.01058874|0.00788669,1,0.5291143655776978,True,211,0.5291143655776978,True,211,0.3676847219467163,True,211,0.8031045198440552,True,211,0.6269712448120117,True,c12_correct
212,213,213_10.bmp,preprocessed_results\213\213_10.bmp,212,212,212,0.8463872075080872,213,0.01389455609023571,0.8324926514178514,212|213|218|188|33,0.84638721|0.01389456|0.00772714|0.00764376|0.00396263,1,0.8463872075080872,True,212,0.8463872075080872,True,212,0.6021069884300232,True,212,0.8243248462677002,True,212,0.8317739963531494,True,c12_correct
213,214,214_2.bmp,preprocessed_results\214\214_2.bmp,213,213,213,0.6765754222869873,212,0.020418958738446236,0.6561564635485411,213|212|55|211|185,0.67657542|0.02041896|0.01230586|0.01039957|0.00730375,1,0.6765754222869873,True,213,0.6765754222869873,True,213,0.7619452476501465,True,213,0.8009544014930725,True,213,0.8243927359580994,True,c12_correct
214,215,215_2.bmp,preprocessed_results\215\215_2.bmp,214,214,214,0.517356812953949,59,0.015633169561624527,0.5017236433923244,214|59|602|136|722,0.51735681|0.01563317|0.01528253|0.01113749|0.01101684,1,0.517356812953949,True,214,0.517356812953949,True,214,0.4718441069126129,True,214,0.7981656789779663,True,214,0.5653918385505676,True,c12_correct
215,216,216_8.bmp,preprocessed_results\216\216_8.bmp,215,215,215,0.7997307777404785,352,0.015923751518130302,0.7838070262223482,215|352|214|161|107,0.79973078|0.01592375|0.00564864|0.00364998|0.00250899,1,0.7997307777404785,True,215,0.7997307777404785,True,215,0.7754679918289185,True,215,0.8316750526428223,True,215,0.7807191610336304,True,c12_correct
216,217,217_9.bmp,preprocessed_results\217\217_9.bmp,216,216,216,0.6968599557876587,335,0.012188738211989403,0.6846712175756693,216|335|136|589|46,0.69685996|0.01218874|0.01138876|0.01073582|0.00942504,1,0.6968599557876587,True,216,0.6968599557876587,True,216,0.8194435238838196,True,216,0.8304846882820129,True,216,0.7456266283988953,True,c12_correct
217,218,218_1.bmp,preprocessed_results\218\218_1.bmp,217,217,217,0.6745256185531616,216,0.017146527767181396,0.6573790907859802,217|216|318|319|238,0.67452562|0.01714653|0.00781445|0.00701269|0.00699726,1,0.6745256185531616,True,217,0.6745256185531616,True,217,0.8642519116401672,True,217,0.8381491303443909,True,217,0.863914430141449,True,c12_correct
218,219,219_9.bmp,preprocessed_results\219\219_9.bmp,218,218,218,0.36425477266311646,548,0.021779850125312805,0.34247492253780365,218|548|219|195|549,0.36425477|0.02177985|0.01819282|0.01653665|0.01312450,1,0.36425477266311646,True,218,0.36425477266311646,True,218,0.5211737751960754,True,218,0.7741115093231201,True,218,0.6186277866363525,True,c12_correct
219,220,220_6.bmp,preprocessed_results\220\220_6.bmp,219,219,219,0.5324864387512207,151,0.02920669876039028,0.5032797399908304,219|151|206|183|253,0.53248644|0.02920670|0.02599486|0.01824467|0.01550928,1,0.5324864387512207,True,219,0.5324864387512207,True,219,0.5918978452682495,True,219,0.7925917506217957,True,219,0.665554940700531,True,c12_correct
220,221,221_7.bmp,preprocessed_results\221\221_7.bmp,220,220,220,0.8414672613143921,221,0.01526585966348648,0.8262014016509056,220|221|332|512|584,0.84146726|0.01526586|0.00610514|0.00448212|0.00309075,1,0.8414672613143921,True,220,0.8414672613143921,True,220,0.6868171691894531,True,220,0.8361133933067322,True,220,0.7207807898521423,True,c12_correct
221,222,222_5.bmp,preprocessed_results\222\222_5.bmp,221,221,221,0.5572149157524109,185,0.04179506003856659,0.5154198557138443,221|185|184|439|438,0.55721492|0.04179506|0.01186275|0.01096653|0.01077289,1,0.5572149157524109,True,221,0.5572149157524109,True,221,0.4035095274448395,True,221,0.8170692324638367,True,221,0.4797017574310303,True,c12_correct
222,223,223_7.bmp,preprocessed_results\223\223_7.bmp,222,222,222,0.4997057318687439,223,0.016975263133645058,0.48273046873509884,222|223|208|123|521,0.49970573|0.01697526|0.01444139|0.01300344|0.01048482,1,0.4997057318687439,True,222,0.4997057318687439,True,222,0.47959819436073303,True,222,0.7863883376121521,True,222,0.5274297595024109,True,c12_correct
223,224,224_6.bmp,preprocessed_results\224\224_6.bmp,223,223,223,0.8285971879959106,203,0.020188255235552788,0.8084089327603579,223|203|58|94|50,0.82859719|0.02018826|0.00774047|0.00624175|0.00583040,1,0.8285971879959106,True,223,0.8285971879959106,True,223,0.7447614073753357,True,223,0.8157117962837219,True,223,0.8110013008117676,True,c12_correct
224,225,225_7.bmp,preprocessed_results\225\225_7.bmp,224,224,224,0.1429140716791153,269,0.08222117274999619,0.06069289892911911,224|269|598|684|68,0.14291407|0.08222117|0.04108662|0.02242634|0.02153515,1,0.1429140716791153,True,224,0.1429140716791153,True,224,0.09333335608243942,True,224,0.7459568977355957,True,224,0.19052866101264954,True,c12_correct
225,226,226_8.bmp,preprocessed_results\226\226_8.bmp,225,225,225,0.7216454744338989,541,0.016247544437646866,0.7053979299962521,225|541|285|224|143,0.72164547|0.01624754|0.01484411|0.01382767|0.00862960,1,0.7216454744338989,True,225,0.7216454744338989,True,225,0.7652304768562317,True,225,0.8429888486862183,True,225,0.7250452041625977,True,c12_correct
226,227,227_7.bmp,preprocessed_results\227\227_7.bmp,226,226,226,0.7173622250556946,514,0.028313716873526573,0.689048508182168,226|514|382|526|366,0.71736223|0.02831372|0.01303846|0.01276415|0.00689321,1,0.7173622250556946,True,226,0.7173622250556946,True,226,0.45197227597236633,True,226,0.8348656296730042,True,226,0.6886224150657654,True,c12_correct
227,228,228_5.bmp,preprocessed_results\228\228_5.bmp,227,227,227,0.3950022757053375,558,0.13021451234817505,0.2647877633571625,227|558|226|70|435,0.39500228|0.13021451|0.02658979|0.02614931|0.01903366,1,0.3950022757053375,True,227,0.3950022757053375,True,227,0.4341992139816284,True,227,0.8207723498344421,True,227,0.7048823237419128,True,c12_correct
228,229,229_10.bmp,preprocessed_results\229\229_10.bmp,228,228,228,0.8064952492713928,221,0.005333343055099249,0.8011619062162936,228|221|214|229|210,0.80649525|0.00533334|0.00527978|0.00469501|0.00452350,1,0.8064952492713928,True,228,0.8064952492713928,True,228,0.7146780490875244,True,228,0.7583143711090088,True,228,0.7007896304130554,True,c12_correct
229,230,230_6.bmp,preprocessed_results\230\230_6.bmp,229,229,229,0.8676681518554688,544,0.004919266793876886,0.8627488850615919,229|544|194|56|176,0.86766815|0.00491927|0.00464632|0.00392490|0.00313740,1,0.8676681518554688,True,229,0.8676681518554688,True,229,0.8153754472732544,True,229,0.8242619633674622,True,229,0.8153120875358582,True,c12_correct
230,231,231_8.bmp,preprocessed_results\231\231_8.bmp,230,230,230,0.8506109118461609,10,0.010804778896272182,0.8398061329498887,230|10|231|8|74,0.85061091|0.01080478|0.00934392|0.00503440|0.00407977,1,0.8506109118461609,True,230,0.8506109118461609,True,230,0.8343822360038757,True,230,0.8032076358795166,True,230,0.8424414992332458,True,c12_correct
231,232,232_2.bmp,preprocessed_results\232\232_2.bmp,231,231,231,0.24624894559383392,230,0.052768632769584656,0.19348031282424927,231|230|469|177|378,0.24624895|0.05276863|0.03003294|0.01945873|0.01622411,1,0.24624894559383392,True,231,0.24624894559383392,True,231,0.28941118717193604,True,231,0.6178604364395142,True,231,0.2477644979953766,True,c12_correct
232,233,233_9.bmp,preprocessed_results\233\233_9.bmp,232,232,232,0.5599536895751953,623,0.0320574976503849,0.5278961919248104,232|623|2|107|179,0.55995369|0.03205750|0.02590378|0.00992182|0.00981701,1,0.5599536895751953,True,232,0.5599536895751953,True,232,0.7298665046691895,True,232,0.8017300367355347,True,232,0.7295190691947937,True,c12_correct
233,234,234_5.bmp,preprocessed_results\234\234_5.bmp,233,233,233,0.8136580586433411,338,0.01293429546058178,0.8007237631827593,233|338|108|232|331,0.81365806|0.01293430|0.00657269|0.00413429|0.00390434,1,0.8136580586433411,True,233,0.8136580586433411,True,233,0.8580744862556458,True,233,0.8248369097709656,True,233,0.8038818836212158,True,c12_correct
234,235,235_1.bmp,preprocessed_results\235\235_1.bmp,234,234,234,0.4634765684604645,434,0.02146623283624649,0.442010335624218,234|434|44|453|197,0.46347657|0.02146623|0.01778289|0.01211676|0.01179146,1,0.4634765684604645,True,234,0.4634765684604645,True,234,0.4189314544200897,True,234,0.7478001713752747,True,234,0.3923686444759369,True,c12_correct
235,236,236_1.bmp,preprocessed_results\236\236_1.bmp,235,235,235,0.5449090600013733,490,0.021352646872401237,0.523556413128972,235|490|234|488|664,0.54490906|0.02135265|0.01422666|0.00881474|0.00711291,1,0.5449090600013733,True,235,0.5449090600013733,True,235,0.8523260951042175,True,235,0.7926990985870361,True,235,0.5071165561676025,True,c12_correct
236,237,237_3.bmp,preprocessed_results\237\237_3.bmp,236,236,236,0.298875093460083,318,0.022844981402158737,0.27603011205792427,236|318|237|175|17,0.29887509|0.02284498|0.02090754|0.01443100|0.01200819,1,0.298875093460083,True,236,0.298875093460083,True,236,0.20972086489200592,True,236,0.7620693445205688,True,236,0.4973122775554657,True,c12_correct
237,238,238_8.bmp,preprocessed_results\238\238_8.bmp,237,237,237,0.7712051272392273,236,0.007333972956985235,0.7638711542822421,237|236|175|16|325,0.77120513|0.00733397|0.00622715|0.00541205|0.00361145,1,0.7712051272392273,True,237,0.7712051272392273,True,237,0.4853178858757019,True,237,0.819837212562561,True,237,0.8048105239868164,True,c12_correct
238,239,239_8.bmp,preprocessed_results\239\239_8.bmp,238,238,238,0.7543050050735474,312,0.017399616539478302,0.7369053885340691,238|312|509|292|437,0.75430501|0.01739962|0.01025528|0.00811009|0.00762846,1,0.7543050050735474,True,238,0.7543050050735474,True,238,0.810429573059082,True,238,0.835816502571106,True,238,0.834819495677948,True,c12_correct
239,240,240_3.bmp,preprocessed_results\240\240_3.bmp,239,239,239,0.4046945869922638,322,0.013089538551867008,0.3916050484403968,239|322|528|96|67,0.40469459|0.01308954|0.01283952|0.01238880|0.00932694,1,0.4046945869922638,True,239,0.4046945869922638,True,239,0.8432623744010925,True,239,0.8423862457275391,True,239,0.776098906993866,True,c12_correct
240,241,241_8.bmp,preprocessed_results\241\241_8.bmp,240,240,240,0.7001475691795349,241,0.01342776045203209,0.6867198087275028,240|241|304|327|347,0.70014757|0.01342776|0.01046334|0.00648799|0.00414601,1,0.7001475691795349,True,240,0.7001475691795349,True,240,0.691243052482605,True,240,0.8382948637008667,True,240,0.7810190916061401,True,c12_correct
241,242,242_2.bmp,preprocessed_results\242\242_2.bmp,241,241,241,0.5234506726264954,147,0.017485205084085464,0.5059654675424099,241|147|327|275|99,0.52345067|0.01748521|0.01558273|0.01106726|0.00970401,1,0.5234506726264954,True,241,0.5234506726264954,True,241,0.3010842800140381,True,241,0.7817326188087463,True,241,0.430002361536026,True,c12_correct
242,243,243_7.bmp,preprocessed_results\243\243_7.bmp,242,242,242,0.907281219959259,478,0.005850070621818304,0.9014311493374407,242|478|160|68|766,0.90728122|0.00585007|0.00512299|0.00323539|0.00254461,1,0.907281219959259,True,242,0.907281219959259,True,242,0.8462074995040894,True,242,0.8403093218803406,True,242,0.9073469042778015,True,c12_correct
243,244,244_9.bmp,preprocessed_results\244\244_9.bmp,243,243,243,0.8805030584335327,818,0.005002254620194435,0.8755008038133383,243|818|589|10|420,0.88050306|0.00500225|0.00464219|0.00252703|0.00204150,1,0.8805030584335327,True,243,0.8805030584335327,True,243,0.8873431086540222,True,243,0.8073908090591431,True,243,0.8504442572593689,True,c12_correct
244,245,245_1.bmp,preprocessed_results\245\245_1.bmp,244,244,244,0.8547528982162476,198,0.004850167315453291,0.8499027309007943,244|198|152|86|201,0.85475290|0.00485017|0.00432085|0.00409629|0.00373690,1,0.8547528982162476,True,244,0.8547528982162476,True,244,0.9235342144966125,True,244,0.8125522136688232,True,244,0.8109917044639587,True,c12_correct
245,246,246_1.bmp,preprocessed_results\246\246_1.bmp,245,245,245,0.5498858094215393,77,0.014432283118367195,0.5354535263031721,245|77|539|722|612,0.54988581|0.01443228|0.01105111|0.00994697|0.00845715,1,0.5498858094215393,True,245,0.5498858094215393,True,245,0.42013996839523315,True,245,0.793397068977356,True,245,0.5347439646720886,True,c12_correct
246,247,247_4.bmp,preprocessed_results\247\247_4.bmp,246,246,246,0.6278546452522278,247,0.15708748996257782,0.47076715528964996,246|247|126|717|102,0.62785465|0.15708749|0.01322186|0.00865646|0.00533899,1,0.6278546452522278,True,246,0.6278546452522278,True,246,0.7111591696739197,True,246,0.7422641515731812,True,246,0.628157377243042,True,c12_correct
247,248,248_2.bmp,preprocessed_results\248\248_2.bmp,247,247,247,0.5638561844825745,246,0.04140077903866768,0.5224554054439068,247|246|142|30|114,0.56385618|0.04140078|0.02424531|0.01839790|0.00942425,1,0.5638561844825745,True,247,0.5638561844825745,True,247,0.04243095591664314,True,247,0.7841535210609436,True,247,0.46840715408325195,True,c12_correct
248,249,249_1.bmp,preprocessed_results\249\249_1.bmp,248,248,248,0.8813169002532959,302,0.006038644351065159,0.8752782559022307,248|302|162|174|609,0.88131690|0.00603864|0.00344449|0.00270829|0.00213021,1,0.8813169002532959,True,248,0.8813169002532959,True,248,0.8978615403175354,True,248,0.8354926109313965,True,248,0.8666630983352661,True,c12_correct
249,250,250_8.bmp,preprocessed_results\250\250_8.bmp,249,249,249,0.7380819320678711,302,0.010591330006718636,0.7274906020611525,249|302|269|169|252,0.73808193|0.01059133|0.00828652|0.00705547|0.00651834,1,0.7380819320678711,True,249,0.7380819320678711,True,249,0.7653617262840271,True,249,0.8135241866111755,True,249,0.8509129881858826,True,c12_correct
250,251,251_5.bmp,preprocessed_results\251\251_5.bmp,250,250,250,0.8224954605102539,96,0.008301223628222942,0.814194236882031,250|96|131|436|589,0.82249546|0.00830122|0.00758225|0.00545010|0.00308854,1,0.8224954605102539,True,250,0.8224954605102539,True,250,0.711665153503418,True,250,0.8265690803527832,True,250,0.7893664240837097,True,c12_correct
251,252,252_4.bmp,preprocessed_results\252\252_4.bmp,251,251,251,0.39884576201438904,277,0.051490940153598785,0.34735482186079025,251|277|295|250|217,0.39884576|0.05149094|0.02035185|0.01318093|0.01201094,1,0.39884576201438904,True,251,0.39884576201438904,True,251,0.1984560340642929,True,251,0.7467906475067139,True,251,0.22764840722084045,True,c12_correct
252,253,253_10.bmp,preprocessed_results\253\253_10.bmp,252,252,252,0.533411979675293,199,0.02260793000459671,0.5108040496706963,252|199|249|292|154,0.53341198|0.02260793|0.02106101|0.01565560|0.00744263,1,0.533411979675293,True,252,0.533411979675293,True,252,0.7362930178642273,True,252,0.7890079617500305,True,252,0.6123083829879761,True,c12_correct
253,254,254_4.bmp,preprocessed_results\254\254_4.bmp,253,253,253,0.24926020205020905,264,0.025147056207060814,0.22411314584314823,253|264|400|159|298,0.24926020|0.02514706|0.01729155|0.01517118|0.01492383,1,0.24926020205020905,True,253,0.24926020205020905,True,253,0.5054067373275757,True,253,0.7730311751365662,True,253,0.4806680977344513,True,c12_correct
254,255,255_4.bmp,preprocessed_results\255\255_4.bmp,254,254,254,0.6537104845046997,255,0.038173701614141464,0.6155367828905582,254|255|228|24|210,0.65371048|0.03817370|0.00675504|0.00638962|0.00447993,1,0.6537104845046997,True,254,0.6537104845046997,True,254,0.839789092540741,True,254,0.807001531124115,True,254,0.8626630306243896,True,c12_correct
255,256,256_6.bmp,preprocessed_results\256\256_6.bmp,255,255,255,0.8178926706314087,43,0.012265224941074848,0.8056274456903338,255|43|786|254|54,0.81789267|0.01226522|0.00879694|0.00699758|0.00499639,1,0.8178926706314087,True,255,0.8178926706314087,True,255,0.4139748811721802,True,255,0.7597140669822693,True,255,0.3981412351131439,True,c12_correct
256,257,257_3.bmp,preprocessed_results\257\257_3.bmp,256,256,256,0.8247320055961609,287,0.004399115685373545,0.8203328899107873,256|287|386|340|4,0.82473201|0.00439912|0.00339336|0.00309611|0.00292367,1,0.8247320055961609,True,256,0.8247320055961609,True,256,0.7808870673179626,True,256,0.8371625542640686,True,256,0.7890276908874512,True,c12_correct
257,258,258_8.bmp,preprocessed_results\258\258_8.bmp,257,257,257,0.7347551584243774,151,0.006674532778561115,0.7280806256458163,257|151|174|311|261,0.73475516|0.00667453|0.00566761|0.00532561|0.00495353,1,0.7347551584243774,True,257,0.7347551584243774,True,257,0.7103919982910156,True,257,0.8322258591651917,True,257,0.8520551323890686,True,c12_correct
258,259,259_10.bmp,preprocessed_results\259\259_10.bmp,258,258,258,0.7495620250701904,78,0.011591996997594833,0.7379700280725956,258|78|154|77|284,0.74956203|0.01159200|0.00809652|0.00598512|0.00564538,1,0.7495620250701904,True,258,0.7495620250701904,True,258,0.6906899809837341,True,258,0.8548904061317444,True,258,0.6546504497528076,True,c12_correct
259,260,260_2.bmp,preprocessed_results\260\260_2.bmp,259,259,259,0.3817853033542633,148,0.014910174533724785,0.3668751288205385,259|148|139|195|326,0.38178530|0.01491017|0.01275284|0.01201468|0.01018115,1,0.3817853033542633,True,259,0.3817853033542633,True,259,0.6693030595779419,True,259,0.7926037311553955,True,259,0.7015136480331421,True,c12_correct
260,261,261_1.bmp,preprocessed_results\261\261_1.bmp,260,260,260,0.6762422323226929,287,0.026142574846744537,0.6500996574759483,260|287|261|746|217,0.67624223|0.02614257|0.00887159|0.00492521|0.00483316,1,0.6762422323226929,True,260,0.6762422323226929,True,260,0.8733338117599487,True,260,0.8392126560211182,True,260,0.7274884581565857,True,c12_correct
261,262,262_4.bmp,preprocessed_results\262\262_4.bmp,261,261,261,0.7955765724182129,260,0.011481360532343388,0.7840952118858695,261|260|290|217|209,0.79557657|0.01148136|0.00647294|0.00495311|0.00449984,1,0.7955765724182129,True,261,0.7955765724182129,True,261,0.7054235935211182,True,261,0.8258645534515381,True,261,0.8168089389801025,True,c12_correct
262,263,263_5.bmp,preprocessed_results\263\263_5.bmp,262,262,262,0.9013751149177551,334,0.0047377776354551315,0.8966373372823,262|334|49|255|325,0.90137511|0.00473778|0.00385788|0.00301442|0.00224818,1,0.9013751149177551,True,262,0.9013751149177551,True,262,0.9032405614852905,True,262,0.8574600219726562,True,262,0.8420262932777405,True,c12_correct
263,264,264_2.bmp,preprocessed_results\264\264_2.bmp,263,263,263,0.8160467147827148,89,0.005391343031078577,0.8106553717516363,263|89|339|52|49,0.81604671|0.00539134|0.00491732|0.00344597|0.00325995,1,0.8160467147827148,True,263,0.8160467147827148,True,263,0.8010860085487366,True,263,0.8188163638114929,True,263,0.759357213973999,True,c12_correct
264,265,265_5.bmp,preprocessed_results\265\265_5.bmp,264,264,264,0.4865471422672272,208,0.15463946759700775,0.3319076746702194,264|208|49|339|135,0.48654714|0.15463947|0.04817162|0.01169350|0.00698847,1,0.4865471422672272,True,264,0.4865471422672272,True,264,0.6136935353279114,True,264,0.8081297874450684,True,264,0.7784490585327148,True,c12_correct
265,266,266_1.bmp,preprocessed_results\266\266_1.bmp,265,265,265,0.7611873149871826,153,0.030450396239757538,0.7307369187474251,265|153|275|191|36,0.76118731|0.03045040|0.00783668|0.00719245|0.00332202,1,0.7611873149871826,True,265,0.7611873149871826,True,265,0.4188287556171417,True,265,0.8068385124206543,True,265,0.7418564558029175,True,c12_correct
266,267,267_3.bmp,preprocessed_results\267\267_3.bmp,266,266,266,0.5453727841377258,338,0.026632174849510193,0.5187406092882156,266|338|255|172|277,0.54537278|0.02663217|0.01746608|0.01418927|0.01340063,1,0.5453727841377258,True,266,0.5453727841377258,True,266,0.4354759454727173,True,266,0.8210803866386414,True,266,0.6285802125930786,True,c12_correct
267,268,268_1.bmp,preprocessed_results\268\268_1.bmp,267,267,267,0.8538069725036621,63,0.004432684741914272,0.8493742877617478,267|63|76|193|211,0.85380697|0.00443268|0.00351918|0.00300226|0.00294232,1,0.8538069725036621,True,267,0.8538069725036621,True,267,0.8494590520858765,True,267,0.8352119326591492,True,267,0.8283273577690125,True,c12_correct
268,269,269_7.bmp,preprocessed_results\269\269_7.bmp,268,268,268,0.8321366906166077,163,0.00743068614974618,0.8247060044668615,268|163|269|421|123,0.83213669|0.00743069|0.00513753|0.00496732|0.00416267,1,0.8321366906166077,True,268,0.8321366906166077,True,268,0.9157472848892212,True,268,0.8257851600646973,True,268,0.8202613592147827,True,c12_correct
269,270,270_1.bmp,preprocessed_results\270\270_1.bmp,269,269,269,0.302751749753952,139,0.11050727963447571,0.19224447011947632,269|139|568|286|285,0.30275175|0.11050728|0.03762776|0.03515867|0.03073276,1,0.302751749753952,True,269,0.302751749753952,True,269,0.7094284296035767,True,269,0.8128648400306702,True,269,0.671527087688446,True,c12_correct
270,271,271_3.bmp,preprocessed_results\271\271_3.bmp,270,270,270,0.6394697427749634,271,0.20916207134723663,0.43030767142772675,270|271|62|564|273,0.63946974|0.20916207|0.00439644|0.00342972|0.00320807,1,0.6394697427749634,True,270,0.6394697427749634,True,270,0.8442605137825012,True,270,0.8455799221992493,True,270,0.8132631182670593,True,c12_correct
271,272,272_1.bmp,preprocessed_results\272\272_1.bmp,271,271,271,0.3486415445804596,270,0.019912119954824448,0.32872942462563515,271|270|142|541|57,0.34864154|0.01991212|0.01146490|0.01130824|0.00958869,1,0.3486415445804596,True,271,0.3486415445804596,True,271,0.5981502532958984,True,271,0.7453829646110535,True,271,0.6488009095191956,True,c12_correct
272,273,273_6.bmp,preprocessed_results\273\273_6.bmp,272,272,272,0.9242972135543823,273,0.0055351280607283115,0.918762085493654,272|273|569|271|225,0.92429721|0.00553513|0.00387474|0.00351010|0.00309343,1,0.9242972135543823,True,272,0.9242972135543823,True,272,0.7804572582244873,True,272,0.8263424038887024,True,272,0.7741585373878479,True,c12_correct
273,274,274_2.bmp,preprocessed_results\274\274_2.bmp,273,273,273,0.845411479473114,272,0.044420275837183,0.800991203635931,273|272|578|576|568,0.84541148|0.04442028|0.00607635|0.00520536|0.00256931,1,0.845411479473114,True,273,0.845411479473114,True,273,0.8765882849693298,True,273,0.8251475095748901,True,273,0.9320734739303589,True,c12_correct
274,275,275_8.bmp,preprocessed_results\275\275_8.bmp,274,274,274,0.4459550082683563,107,0.012539811432361603,0.4334151968359947,274|107|167|279|56,0.44595501|0.01253981|0.00922399|0.00896540|0.00752017,1,0.4459550082683563,True,274,0.4459550082683563,True,274,0.7217784523963928,True,274,0.8319404721260071,True,274,0.7625699043273926,True,c12_correct
275,276,276_3.bmp,preprocessed_results\276\276_3.bmp,275,275,275,0.7270606160163879,277,0.027582360431551933,0.699478255584836,275|277|274|47|21,0.72706062|0.02758236|0.01289192|0.01103531|0.01050136,1,0.7270606160163879,True,275,0.7270606160163879,True,275,0.8376737236976624,True,275,0.8120813369750977,True,275,0.7673323750495911,True,c12_correct
276,277,277_6.bmp,preprocessed_results\277\277_6.bmp,276,276,276,0.1620010882616043,42,0.06969956308603287,0.09230152517557144,276|42|210|328|214,0.16200109|0.06969956|0.05901255|0.02445059|0.02172173,1,0.1620010882616043,True,276,0.1620010882616043,True,276,0.0907338485121727,True,276,0.5429534316062927,True,276,0.12268649786710739,True,c12_correct
277,278,278_5.bmp,preprocessed_results\278\278_5.bmp,277,277,277,0.5445353388786316,432,0.012834162451326847,0.5317011764273047,277|432|267|320|276,0.54453534|0.01283416|0.01079068|0.01041019|0.01037361,1,0.5445353388786316,True,277,0.5445353388786316,True,277,0.4913191497325897,True,277,0.7926443815231323,True,277,0.3603668510913849,True,c12_correct
278,279,279_6.bmp,preprocessed_results\279\279_6.bmp,278,278,278,0.1939816176891327,279,0.025434212759137154,0.16854740492999554,278|279|213|134|172,0.19398162|0.02543421|0.02258522|0.02024963|0.02008132,1,0.1939816176891327,True,278,0.1939816176891327,True,278,0.40090474486351013,True,278,0.8005096912384033,True,278,0.7219039797782898,True,c12_correct
279,280,280_4.bmp,preprocessed_results\280\280_4.bmp,279,279,279,0.8362326622009277,278,0.01581757329404354,0.8204150889068842,279|278|59|257|568,0.83623266|0.01581757|0.01122632|0.00840299|0.00457234,1,0.8362326622009277,True,279,0.8362326622009277,True,279,0.7882598042488098,True,279,0.8061201572418213,True,279,0.7376769781112671,True,c12_correct
280,281,281_5.bmp,preprocessed_results\281\281_5.bmp,280,280,280,0.8006431460380554,281,0.01591375842690468,0.7847293876111507,280|281|7|217|134,0.80064315|0.01591376|0.00654772|0.00309219|0.00255322,1,0.8006431460380554,True,280,0.8006431460380554,True,280,0.9118324518203735,True,280,0.8175246119499207,True,280,0.8789328336715698,True,c12_correct
281,282,282_1.bmp,preprocessed_results\282\282_1.bmp,281,281,281,0.6791765093803406,323,0.015143293887376785,0.6640332154929638,281|323|420|280|148,0.67917651|0.01514329|0.01034975|0.00856868|0.00702197,1,0.6791765093803406,True,281,0.6791765093803406,True,281,0.828276515007019,True,281,0.8484746217727661,True,281,0.8046217560768127,True,c12_correct
282,283,283_9.bmp,preprocessed_results\283\283_9.bmp,282,282,282,0.6472405195236206,283,0.09365566819906235,0.5535848513245583,282|283|273|103|142,0.64724052|0.09365567|0.00892014|0.00751040|0.00714241,1,0.6472405195236206,True,282,0.6472405195236206,True,282,0.4796973764896393,True,282,0.8201028108596802,True,282,0.584182858467102,True,c12_correct
283,284,284_7.bmp,preprocessed_results\284\284_7.bmp,283,283,283,0.8071771860122681,282,0.046679578721523285,0.7604976072907448,283|282|540|117|505,0.80717719|0.04667958|0.00834443|0.00633736|0.00340384,1,0.8071771860122681,True,283,0.8071771860122681,True,283,0.6692676544189453,True,283,0.8352515697479248,True,283,0.7591683864593506,True,c12_correct
284,285,285_8.bmp,preprocessed_results\285\285_8.bmp,284,284,284,0.5745014548301697,285,0.04998635873198509,0.5245150960981846,284|285|224|252|269,0.57450145|0.04998636|0.03622741|0.01798156|0.01582200,1,0.5745014548301697,True,284,0.5745014548301697,True,284,0.6396360397338867,True,284,0.8167852759361267,True,284,0.637486457824707,True,c12_correct
285,286,286_3.bmp,preprocessed_results\286\286_3.bmp,285,285,285,0.634920597076416,284,0.021654870361089706,0.6132657267153263,285|284|87|86|784,0.63492060|0.02165487|0.01324977|0.00999415|0.00958648,1,0.634920597076416,True,285,0.634920597076416,True,285,0.5719086527824402,True,285,0.8006489276885986,True,285,0.5580289959907532,True,c12_correct
286,287,287_9.bmp,preprocessed_results\287\287_9.bmp,286,286,286,0.635900616645813,287,0.04854463413357735,0.5873559825122356,286|287|302|236|137,0.63590062|0.04854463|0.01140701|0.01102680|0.00686035,1,0.635900616645813,True,286,0.635900616645813,True,286,0.313799649477005,True,286,0.8087708950042725,True,286,0.5781782865524292,True,c12_correct
287,288,288_8.bmp,preprocessed_results\288\288_8.bmp,287,287,287,0.33008337020874023,524,0.04895062744617462,0.2811327427625656,287|524|319|286|169,0.33008337|0.04895063|0.02913577|0.01912146|0.01800034,1,0.33008337020874023,True,287,0.33008337020874023,True,287,0.45278987288475037,True,287,0.7865373492240906,True,287,0.44465741515159607,True,c12_correct
288,289,289_8.bmp,preprocessed_results\289\289_8.bmp,288,288,288,0.8941636681556702,118,0.0030428359750658274,0.8911208321806043,288|118|223|528|24,0.89416367|0.00304284|0.00285449|0.00256498|0.00220386,1,0.8941636681556702,True,288,0.8941636681556702,True,288,0.8680344820022583,True,288,0.815605103969574,True,288,0.8436425924301147,True,c12_correct
289,290,290_6.bmp,preprocessed_results\290\290_6.bmp,289,289,289,0.5430669784545898,441,0.023310644552111626,0.5197563339024782,289|441|204|274|257,0.54306698|0.02331064|0.01999391|0.01339705|0.01048180,1,0.5430669784545898,True,289,0.5430669784545898,True,289,0.5426594614982605,True,289,0.8239730596542358,True,289,0.6133415699005127,True,c12_correct
290,291,291_4.bmp,preprocessed_results\291\291_4.bmp,290,290,290,0.7683694362640381,291,0.06630410254001617,0.7020653337240219,290|291|159|753|97,0.76836944|0.06630410|0.01325682|0.00402603|0.00359808,1,0.7683694362640381,True,290,0.7683694362640381,True,290,0.9032749533653259,True,290,0.8247109055519104,True,290,0.7619705200195312,True,c12_correct
291,292,292_1.bmp,preprocessed_results\292\292_1.bmp,291,291,291,0.532267689704895,159,0.03019532561302185,0.5020723640918732,291|159|290|158|265,0.53226769|0.03019533|0.02073867|0.01638497|0.01425341,1,0.532267689704895,True,291,0.532267689704895,True,291,0.744962215423584,True,291,0.8015739321708679,True,291,0.6713095307350159,True,c12_correct
292,293,293_8.bmp,preprocessed_results\293\293_8.bmp,292,292,292,0.7584131956100464,158,0.008233088999986649,0.7501801066100597,292|158|13|298|252,0.75841320|0.00823309|0.00813510|0.00808209|0.00548720,1,0.7584131956100464,True,292,0.7584131956100464,True,292,0.7079032063484192,True,292,0.8061219453811646,True,292,0.7966090440750122,True,c12_correct
293,294,294_10.bmp,preprocessed_results\294\294_10.bmp,293,293,293,0.8485551476478577,292,0.01512016262859106,0.8334349850192666,293|292|675|344|205,0.84855515|0.01512016|0.00822985|0.00477579|0.00425450,1,0.8485551476478577,True,293,0.8485551476478577,True,293,0.8582970499992371,True,293,0.8386491537094116,True,293,0.6501796841621399,True,c12_correct
294,295,295_6.bmp,preprocessed_results\295\295_6.bmp,294,294,294,0.36427006125450134,549,0.04434361681342125,0.3199264444410801,294|549|548|716|45,0.36427006|0.04434362|0.03955391|0.02460738|0.01399908,1,0.36427006125450134,True,294,0.36427006125450134,True,294,0.544096052646637,True,294,0.7959542274475098,True,294,0.6131967902183533,True,c12_correct
295,296,296_6.bmp,preprocessed_results\296\296_6.bmp,295,295,295,0.5007991790771484,441,0.0175685603171587,0.48323061875998974,295|441|45|38|73,0.50079918|0.01756856|0.01208859|0.01208669|0.01193823,1,0.5007991790771484,True,295,0.5007991790771484,True,295,0.6463165879249573,True,295,0.797756552696228,True,295,0.6330760717391968,True,c12_correct
296,297,297_3.bmp,preprocessed_results\297\297_3.bmp,296,296,296,0.925162136554718,73,0.004411317408084869,0.9207508191466331,296|73|297|199|213,0.92516214|0.00441132|0.00401031|0.00310998|0.00212757,1,0.925162136554718,True,296,0.925162136554718,True,296,0.7036672234535217,True,296,0.8199683427810669,True,296,0.6635331511497498,True,c12_correct
297,298,298_4.bmp,preprocessed_results\298\298_4.bmp,297,297,297,0.4900904595851898,205,0.04051800072193146,0.44957245886325836,297|205|296|293|363,0.49009046|0.04051800|0.01889491|0.01540799|0.01340618,1,0.4900904595851898,True,297,0.4900904595851898,True,297,0.44422048330307007,True,297,0.7591803669929504,True,297,0.12947478890419006,True,c12_correct
298,299,299_9.bmp,preprocessed_results\299\299_9.bmp,298,298,298,0.8116158843040466,774,0.006463919300585985,0.8051519650034606,298|774|302|739|62,0.81161588|0.00646392|0.00448820|0.00337366|0.00299522,1,0.8116158843040466,True,298,0.8116158843040466,True,298,0.8842045664787292,True,298,0.8106371760368347,True,298,0.837958574295044,True,c12_correct
299,300,300_10.bmp,preprocessed_results\300\300_10.bmp,299,299,299,0.6044448018074036,81,0.045542459934949875,0.5589023418724537,299|81|141|298|560,0.60444480|0.04554246|0.03020990|0.01682496|0.01445677,1,0.6044448018074036,True,299,0.6044448018074036,True,299,0.49184510111808777,True,299,0.7829300165176392,True,299,0.5852370858192444,True,c12_correct
300,301,301_10.bmp,preprocessed_results\301\301_10.bmp,300,300,300,0.795641303062439,244,0.011563911102712154,0.7840773919597268,300|244|495|86|402,0.79564130|0.01156391|0.01033733|0.00910567|0.00665648,1,0.795641303062439,True,300,0.795641303062439,True,300,0.7432777285575867,True,300,0.8505785465240479,True,300,0.8668290376663208,True,c12_correct
301,302,302_10.bmp,preprocessed_results\302\302_10.bmp,301,301,301,0.16104117035865784,440,0.02745731733739376,0.13358385302126408,301|440|214|519|416,0.16104117|0.02745732|0.02718589|0.02129712|0.01931262,1,0.16104117035865784,True,301,0.16104117035865784,True,301,0.17879712581634521,True,301,0.727555513381958,True,301,0.4160085916519165,True,c12_correct
302,303,303_10.bmp,preprocessed_results\303\303_10.bmp,302,302,302,0.6974051594734192,286,0.01731998287141323,0.680085176602006,302|286|287|762|792,0.69740516|0.01731998|0.01622010|0.00828004|0.00730383,1,0.6974051594734192,True,302,0.6974051594734192,True,302,0.30232182145118713,True,302,0.7718635201454163,True,302,0.6770495772361755,True,c12_correct
303,304,304_6.bmp,preprocessed_results\304\304_6.bmp,303,303,303,0.7305349111557007,617,0.024401815608143806,0.7061330955475569,303|617|249|616|624,0.73053491|0.02440182|0.01119658|0.00951588|0.00632930,1,0.7305349111557007,True,303,0.7305349111557007,True,303,0.5962857007980347,True,303,0.8218790292739868,True,303,0.8225775361061096,True,c12_correct
304,305,305_2.bmp,preprocessed_results\305\305_2.bmp,304,304,304,0.9100313782691956,188,0.013913463801145554,0.89611791446805,304|188|50|86|565,0.91003138|0.01391346|0.00482159|0.00283093|0.00215411,1,0.9100313782691956,True,304,0.9100313782691956,True,304,0.764291524887085,True,304,0.8651877045631409,True,304,0.8464246988296509,True,c12_correct
305,306,306_6.bmp,preprocessed_results\306\306_6.bmp,305,305,305,0.519533097743988,304,0.04078694060444832,0.4787461571395397,305|304|326|331|75,0.51953310|0.04078694|0.02164404|0.02125453|0.02033259,1,0.519533097743988,True,305,0.519533097743988,True,305,0.38261932134628296,True,305,0.7979332208633423,True,305,0.2887662649154663,True,c12_correct
306,307,307_7.bmp,preprocessed_results\307\307_7.bmp,306,306,306,0.938570499420166,307,0.0036234857980161905,0.9349470136221498,306|307|817|112|108,0.93857050|0.00362349|0.00136321|0.00120829|0.00078951,1,0.938570499420166,True,306,0.938570499420166,True,306,0.8926535248756409,True,306,0.8391762375831604,True,306,0.8505324721336365,True,c12_correct
307,308,308_9.bmp,preprocessed_results\308\308_9.bmp,307,307,307,0.8801537156105042,306,0.00640491209924221,0.8737488035112619,307|306|158|498|354,0.88015372|0.00640491|0.00314128|0.00296804|0.00241434,1,0.8801537156105042,True,307,0.8801537156105042,True,307,0.8449850082397461,True,307,0.8386923670768738,True,307,0.8274281620979309,True,c12_correct
308,309,309_9.bmp,preprocessed_results\309\309_9.bmp,308,308,308,0.8077405691146851,669,0.008374729193747044,0.799365839920938,308|669|410|60|309,0.80774057|0.00837473|0.00668709|0.00594518|0.00541159,1,0.8077405691146851,True,308,0.8077405691146851,True,308,0.7227191925048828,True,308,0.8334454894065857,True,308,0.8108764886856079,True,c12_correct
309,310,310_9.bmp,preprocessed_results\310\310_9.bmp,309,309,309,0.8535594344139099,201,0.005248466040939093,0.8483109683729708,309|201|219|151|198,0.85355943|0.00524847|0.00372547|0.00342295|0.00325497,1,0.8535594344139099,True,309,0.8535594344139099,True,309,0.8192331194877625,True,309,0.8189021348953247,True,309,0.777419924736023,True,c12_correct
310,311,311_9.bmp,preprocessed_results\311\311_9.bmp,310,310,310,0.26787275075912476,659,0.02112191915512085,0.2467508316040039,310|659|589|652|370,0.26787275|0.02112192|0.01964265|0.01654150|0.01547989,1,0.26787275075912476,True,310,0.26787275075912476,True,310,0.3805178105831146,True,310,0.7872028946876526,True,310,0.5297548770904541,True,c12_correct
311,312,312_7.bmp,preprocessed_results\312\312_7.bmp,311,311,311,0.5129023790359497,675,0.035980891436338425,0.4769214875996113,311|675|783|782|729,0.51290238|0.03598089|0.00969763|0.00868103|0.00614463,1,0.5129023790359497,True,311,0.5129023790359497,True,311,0.8486864566802979,True,311,0.8067275285720825,True,311,0.8541154861450195,True,c12_correct
312,313,313_3.bmp,preprocessed_results\313\313_3.bmp,312,312,312,0.9135229587554932,13,0.0029939140658825636,0.9105290446896106,312|13|238|331|622,0.91352296|0.00299391|0.00215856|0.00204144|0.00202644,1,0.9135229587554932,True,312,0.9135229587554932,True,312,0.8039668202400208,True,312,0.8282945156097412,True,312,0.8195515275001526,True,c12_correct
313,314,314_9.bmp,preprocessed_results\314\314_9.bmp,313,313,313,0.8866743445396423,312,0.0044167255982756615,0.8822576189413667,313|312|218|627|292,0.88667434|0.00441673|0.00421636|0.00213643|0.00208358,1,0.8866743445396423,True,313,0.8866743445396423,True,313,0.6932271718978882,True,313,0.815483808517456,True,313,0.8201410174369812,True,c12_correct
314,315,315_5.bmp,preprocessed_results\315\315_5.bmp,314,314,314,0.7757236957550049,315,0.03077271208167076,0.7449509836733341,314|315|546|176|357,0.77572370|0.03077271|0.00977098|0.00838012|0.00360985,1,0.7757236957550049,True,314,0.7757236957550049,True,314,0.8028514385223389,True,314,0.8271735906600952,True,314,0.7651713490486145,True,c12_correct
315,316,316_1.bmp,preprocessed_results\316\316_1.bmp,315,315,315,0.564343273639679,258,0.01797407679259777,0.5463691968470812,315|258|531|535|227,0.56434327|0.01797408|0.01188223|0.00927654|0.00765901,1,0.564343273639679,True,315,0.564343273639679,True,315,0.8353484272956848,True,315,0.8631104826927185,True,315,0.8702097535133362,True,c12_correct
316,317,317_6.bmp,preprocessed_results\317\317_6.bmp,316,316,316,0.8373658657073975,317,0.00610352074727416,0.8312623449601233,316|317|292|118|293,0.83736587|0.00610352|0.00497521|0.00467825|0.00439462,1,0.8373658657073975,True,316,0.8373658657073975,True,316,0.8036032915115356,True,316,0.8215985298156738,True,316,0.8687023520469666,True,c12_correct
317,318,318_10.bmp,preprocessed_results\318\318_10.bmp,317,317,317,0.7694785594940186,64,0.014355591498315334,0.7551229679957032,317|64|85|211|150,0.76947856|0.01435559|0.01329975|0.00651520|0.00404860,1,0.7694785594940186,True,317,0.7694785594940186,True,317,0.6233959197998047,True,317,0.7890346646308899,True,317,0.6588646173477173,True,c12_correct
318,319,319_5.bmp,preprocessed_results\319\319_5.bmp,318,318,318,0.835055947303772,319,0.0056718820706009865,0.829384065233171,318|319|136|329|217,0.83505595|0.00567188|0.00444190|0.00409854|0.00295114,1,0.835055947303772,True,318,0.835055947303772,True,318,0.8758119940757751,True,318,0.8465142250061035,True,318,0.825977623462677,True,c12_correct
319,320,320_1.bmp,preprocessed_results\320\320_1.bmp,319,319,319,0.8250918388366699,217,0.010530575178563595,0.8145612636581063,319|217|318|260|14,0.82509184|0.01053058|0.00859180|0.00729346|0.00340950,1,0.8250918388366699,True,319,0.8250918388366699,True,319,0.6944219470024109,True,319,0.8185691833496094,True,319,0.8090822696685791,True,c12_correct
320,321,321_8.bmp,preprocessed_results\321\321_8.bmp,320,320,320,0.5171279311180115,321,0.04343196377158165,0.4736959673464298,320|321|42|12|43,0.51712793|0.04343196|0.03619392|0.01126715|0.00934611,1,0.5171279311180115,True,320,0.5171279311180115,True,320,0.41550564765930176,True,320,0.7745705842971802,True,320,0.1909407377243042,True,c12_correct
321,322,322_2.bmp,preprocessed_results\322\322_2.bmp,321,321,321,0.1695934534072876,320,0.13449113070964813,0.035102322697639465,321|320|183|276|655,0.16959345|0.13449113|0.02539147|0.02309633|0.02200575,1,0.1695934534072876,True,321,0.1695934534072876,True,321,0.10646232962608337,True,321,0.2016560584306717,True,321,0.08975730836391449,True,c12_correct
322,323,323_6.bmp,preprocessed_results\323\323_6.bmp,322,322,322,0.7184544801712036,502,0.008679377846419811,0.7097751023247838,322|502|170|450|545,0.71845448|0.00867938|0.00845327|0.00825994|0.00634800,1,0.7184544801712036,True,322,0.7184544801712036,True,322,0.3592623174190521,True,322,0.7716378569602966,True,322,0.6282961368560791,True,c12_correct
323,324,324_5.bmp,preprocessed_results\324\324_5.bmp,323,323,323,0.49242183566093445,281,0.016850387677550316,0.47557144798338413,323|281|416|317|511,0.49242184|0.01685039|0.01491834|0.01396537|0.01307552,1,0.49242183566093445,True,323,0.49242183566093445,True,323,0.5006257891654968,True,323,0.8051959872245789,True,323,0.5609757900238037,True,c12_correct
324,325,325_9.bmp,preprocessed_results\325\325_9.bmp,324,324,324,0.35727909207344055,201,0.10594765841960907,0.2513314336538315,324|201|423|147|130,0.35727909|0.10594766|0.02311869|0.01961481|0.01423851,1,0.35727909207344055,True,324,0.35727909207344055,True,324,0.310334712266922,True,324,0.7866380214691162,True,324,0.4754652678966522,True,c12_correct
325,326,326_4.bmp,preprocessed_results\326\326_4.bmp,325,325,325,0.885010838508606,324,0.004004166927188635,0.8810066715814173,325|324|262|46|336,0.88501084|0.00400417|0.00369444|0.00338885|0.00335999,1,0.885010838508606,True,325,0.885010838508606,True,325,0.8391897082328796,True,325,0.8308422565460205,True,325,0.8266931772232056,True,c12_correct
326,327,327_5.bmp,preprocessed_results\327\327_5.bmp,326,326,326,0.5373045802116394,304,0.03385276347398758,0.5034518167376518,326|304|165|90|246,0.53730458|0.03385276|0.01078941|0.00824770|0.00552329,1,0.5373045802116394,True,326,0.5373045802116394,True,326,0.6641405820846558,True,326,0.8102614879608154,True,326,0.6277344822883606,True,c12_correct
327,328,328_7.bmp,preprocessed_results\328\328_7.bmp,327,327,327,0.4095139503479004,111,0.013433387503027916,0.3960805628448725,327|111|163|800|241,0.40951395|0.01343339|0.01253559|0.00935272|0.00898548,1,0.4095139503479004,True,327,0.4095139503479004,True,327,0.08096951246261597,True,327,0.7444038391113281,True,327,0.5394582748413086,True,c12_correct
328,329,329_5.bmp,preprocessed_results\329\329_5.bmp,328,328,328,0.7970570921897888,10,0.009726176038384438,0.7873309161514044,328|10|329|173|106,0.79705709|0.00972618|0.00672125|0.00499248|0.00489237,1,0.7970570921897888,True,328,0.7970570921897888,True,328,0.6017061471939087,True,328,0.8068865537643433,True,328,0.732943058013916,True,c12_correct
329,330,330_6.bmp,preprocessed_results\330\330_6.bmp,329,329,329,0.9140122532844543,262,0.005693567451089621,0.9083186858333647,329|262|38|152|214,0.91401225|0.00569357|0.00224718|0.00204234|0.00201800,1,0.9140122532844543,True,329,0.9140122532844543,True,329,0.6605647802352905,True,329,0.8139509558677673,True,329,0.5688748955726624,True,c12_correct
330,331,331_7.bmp,preprocessed_results\331\331_7.bmp,330,330,330,0.7218381762504578,180,0.026093779131770134,0.6957443971186876,330|180|122|338|794,0.72183818|0.02609378|0.00784209|0.00742791|0.00695985,1,0.7218381762504578,True,330,0.7218381762504578,True,330,0.7909072041511536,True,330,0.823542594909668,True,330,0.7473279237747192,True,c12_correct
331,332,332_3.bmp,preprocessed_results\332\332_3.bmp,331,331,331,0.6603467464447021,257,0.02623797580599785,0.6341087706387043,331|257|163|279|278,0.66034675|0.02623798|0.01535367|0.01506221|0.00897999,1,0.6603467464447021,True,331,0.6603467464447021,True,331,0.7794360518455505,True,331,0.7931804060935974,True,331,0.7637822031974792,True,c12_correct
332,333,333_9.bmp,preprocessed_results\333\333_9.bmp,332,332,332,0.6745627522468567,479,0.015634827315807343,0.6589279249310493,332|479|166|448|148,0.67456275|0.01563483|0.01363437|0.00835305|0.00717027,1,0.6745627522468567,True,332,0.6745627522468567,True,332,0.504421055316925,True,332,0.8121078610420227,True,332,0.767697811126709,True,c12_correct
333,334,334_8.bmp,preprocessed_results\334\334_8.bmp,333,333,333,0.3569859564304352,332,0.03240714594721794,0.32457881048321724,333|332|277|276|98,0.35698596|0.03240715|0.02753000|0.02051363|0.01980818,1,0.3569859564304352,True,333,0.3569859564304352,True,333,0.2913348078727722,True,333,0.8001828193664551,True,333,0.3853820860385895,True,c12_correct
334,335,335_4.bmp,preprocessed_results\335\335_4.bmp,334,334,334,0.7063449621200562,223,0.020520538091659546,0.6858244240283966,334|223|335|214|50,0.70634496|0.02052054|0.01845258|0.01152731|0.01126783,1,0.7063449621200562,True,334,0.7063449621200562,True,334,0.8308634757995605,True,334,0.8177525401115417,True,334,0.6939746141433716,True,c12_correct
335,336,336_9.bmp,preprocessed_results\336\336_9.bmp,335,335,335,0.7957501411437988,45,0.02083989605307579,0.774910245090723,335|45|334|144|435,0.79575014|0.02083990|0.01856733|0.00620900|0.00360776,1,0.7957501411437988,True,335,0.7957501411437988,True,335,0.7048458456993103,True,335,0.7636817097663879,True,335,0.5654311776161194,True,c12_correct
336,337,337_8.bmp,preprocessed_results\337\337_8.bmp,336,336,336,0.6748442053794861,390,0.03217205032706261,0.6426721550524235,336|390|41|325|507,0.67484421|0.03217205|0.01489844|0.00781138|0.00617997,1,0.6748442053794861,True,336,0.6748442053794861,True,336,0.613970160484314,True,336,0.8274381756782532,True,336,0.6100314855575562,True,c12_correct
337,338,338_8.bmp,preprocessed_results\338\338_8.bmp,337,337,337,0.7746891379356384,336,0.01842656172811985,0.7562625762075186,337|336|190|159|287,0.77468914|0.01842656|0.01176345|0.00601714|0.00435974,1,0.7746891379356384,True,337,0.7746891379356384,True,337,0.7319801449775696,True,337,0.816789448261261,True,337,0.7970611453056335,True,c12_correct
338,339,339_2.bmp,preprocessed_results\339\339_2.bmp,338,338,338,0.877017080783844,233,0.00560569204390049,0.8714113887399435,338|233|339|12|330,0.87701708|0.00560569|0.00349726|0.00280071|0.00235250,1,0.877017080783844,True,338,0.877017080783844,True,338,0.8284817337989807,True,338,0.7798557281494141,True,338,0.8720651865005493,True,c12_correct
339,340,340_9.bmp,preprocessed_results\340\340_9.bmp,339,339,339,0.4287937581539154,639,0.04272863268852234,0.38606512546539307,339|639|114|257|638,0.42879376|0.04272863|0.02332300|0.01776124|0.01562422,1,0.4287937581539154,True,339,0.4287937581539154,True,339,0.7800619006156921,True,339,0.8263714909553528,True,339,0.8406185507774353,True,c12_correct
340,341,341_5.bmp,preprocessed_results\341\341_5.bmp,340,340,340,0.9432385563850403,0,0.0028747892938554287,0.9403637670911849,340|0|632|816|132,0.94323856|0.00287479|0.00237240|0.00163747|0.00154267,1,0.9432385563850403,True,340,0.9432385563850403,True,340,0.9355489611625671,True,340,0.8285942077636719,True,340,0.809528648853302,True,c12_correct
341,342,342_5.bmp,preprocessed_results\342\342_5.bmp,341,341,341,0.46339401602745056,800,0.04753102734684944,0.4158629886806011,341|800|133|784|631,0.46339402|0.04753103|0.03952673|0.01536323|0.01466213,1,0.46339401602745056,True,341,0.46339401602745056,True,341,0.23000776767730713,True,341,0.7969291806221008,True,341,0.676072895526886,True,c12_correct
342,343,343_4.bmp,preprocessed_results\343\343_4.bmp,342,342,342,0.8897591233253479,486,0.009402569383382797,0.8803565539419651,342|486|352|343|145,0.88975912|0.00940257|0.00323487|0.00278821|0.00215887,1,0.8897591233253479,True,342,0.8897591233253479,True,342,0.8359135389328003,True,342,0.8311133980751038,True,342,0.8589710593223572,True,c12_correct
343,344,344_7.bmp,preprocessed_results\344\344_7.bmp,343,343,343,0.0954480692744255,126,0.016062935814261436,0.07938513346016407,343|126|377|514|353,0.09544807|0.01606294|0.01427997|0.01382818|0.01113536,1,0.0954480692744255,True,343,0.0954480692744255,True,343,0.3310820162296295,True,343,0.647014319896698,True,343,0.28462186455726624,True,c12_correct
344,345,345_3.bmp,preprocessed_results\345\345_3.bmp,344,344,344,0.9346766471862793,515,0.009659461677074432,0.9250171855092049,344|515|396|486|458,0.93467665|0.00965946|0.00464615|0.00167229|0.00129689,1,0.9346766471862793,True,344,0.9346766471862793,True,344,0.8178269267082214,True,344,0.8154652714729309,True,344,0.8828286528587341,True,c12_correct
345,346,346_5.bmp,preprocessed_results\346\346_5.bmp,345,345,345,0.8456855416297913,456,0.006643352564424276,0.839042189065367,345|456|353|487|352,0.84568554|0.00664335|0.00404042|0.00332346|0.00311946,1,0.8456855416297913,True,345,0.8456855416297913,True,345,0.8786259889602661,True,345,0.8222123980522156,True,345,0.8011511564254761,True,c12_correct
346,347,347_10.bmp,preprocessed_results\347\347_10.bmp,346,346,346,0.7671638131141663,364,0.009218638762831688,0.7579451743513346,346|364|177|394|372,0.76716381|0.00921864|0.00728861|0.00513748|0.00457911,1,0.7671638131141663,True,346,0.7671638131141663,True,346,0.675952136516571,True,346,0.8474368453025818,True,346,0.7494010925292969,True,c12_correct
347,348,348_1.bmp,preprocessed_results\348\348_1.bmp,347,347,347,0.8103113174438477,473,0.011347065679728985,0.7989642517641187,347|473|346|496|469,0.81031132|0.01134707|0.00988495|0.00543269|0.00445843,1,0.8103113174438477,True,347,0.8103113174438477,True,347,0.8916627764701843,True,347,0.8317981958389282,True,347,0.7899946570396423,True,c12_correct
348,349,349_3.bmp,preprocessed_results\349\349_3.bmp,348,348,348,0.1477900892496109,392,0.06569256633520126,0.08209752291440964,348|392|393|349|429,0.14779009|0.06569257|0.04173931|0.03668394|0.03297871,1,0.1477900892496109,True,348,0.1477900892496109,True,348,0.05139249935746193,True,348,0.06953317672014236,True,348,0.07705648988485336,True,c12_correct
349,350,350_2.bmp,preprocessed_results\350\350_2.bmp,349,349,349,0.6281731128692627,348,0.028999637812376022,0.5991734750568867,349|348|389|266|26,0.62817311|0.02899964|0.02171880|0.01535669|0.01111245,1,0.6281731128692627,True,349,0.6281731128692627,True,349,0.8411916494369507,True,349,0.8387691974639893,True,349,0.882623016834259,True,c12_correct
350,351,351_9.bmp,preprocessed_results\351\351_9.bmp,350,350,350,0.8699325323104858,514,0.005755827762186527,0.8641767045482993,350|514|351|558|466,0.86993253|0.00575583|0.00543649|0.00409201|0.00314275,1,0.8699325323104858,True,350,0.8699325323104858,True,350,0.8780113458633423,True,350,0.8518442511558533,True,350,0.7975200414657593,True,c12_correct
351,352,352_3.bmp,preprocessed_results\352\352_3.bmp,351,351,351,0.8699155449867249,181,0.006517183501273394,0.8633983614854515,351|181|342|514|510,0.86991554|0.00651718|0.00598081|0.00539210|0.00286260,1,0.8699155449867249,True,351,0.8699155449867249,True,351,0.8574929237365723,True,351,0.8305898904800415,True,351,0.8287941217422485,True,c12_correct
352,353,353_5.bmp,preprocessed_results\353\353_5.bmp,352,352,352,0.7457664012908936,353,0.03630160167813301,0.7094647996127605,352|353|396|384|547,0.74576640|0.03630160|0.00927204|0.00440245|0.00428615,1,0.7457664012908936,True,352,0.7457664012908936,True,352,0.8175946474075317,True,352,0.8413774371147156,True,352,0.8154023289680481,True,c12_correct
353,354,354_1.bmp,preprocessed_results\354\354_1.bmp,353,353,353,0.1568540334701538,433,0.06801293790340424,0.08884109556674957,353|433|546|464|352,0.15685403|0.06801294|0.04885288|0.04789382|0.03968710,1,0.1568540334701538,True,353,0.1568540334701538,True,353,0.2764774262905121,True,353,0.555644154548645,True,353,0.2533957064151764,True,c12_correct
354,355,355_4.bmp,preprocessed_results\355\355_4.bmp,354,354,354,0.546143651008606,394,0.03185465186834335,0.5142889991402626,354|394|355|527|515,0.54614365|0.03185465|0.02977367|0.01288321|0.01072608,1,0.546143651008606,True,354,0.546143651008606,True,354,0.822378933429718,True,354,0.8537753224372864,True,354,0.8701257109642029,True,c12_correct
355,356,356_8.bmp,preprocessed_results\356\356_8.bmp,355,355,355,0.7480638027191162,354,0.040018100291490555,0.7080457024276257,355|354|537|487|489,0.74806380|0.04001810|0.01371060|0.00718231|0.00623484,1,0.7480638027191162,True,355,0.7480638027191162,True,355,0.6106467247009277,True,355,0.8204054236412048,True,355,0.8268659710884094,True,c12_correct
356,357,357_7.bmp,preprocessed_results\357\357_7.bmp,356,356,356,0.4948703646659851,160,0.01112629845738411,0.483744066208601,356|160|543|56|550,0.49487036|0.01112630|0.01063701|0.00815649|0.00743008,1,0.4948703646659851,True,356,0.4948703646659851,True,356,0.7409515976905823,True,356,0.8283064961433411,True,356,0.688817024230957,True,c12_correct
357,358,358_1.bmp,preprocessed_results\358\358_1.bmp,357,357,357,0.85798180103302,363,0.005310592707246542,0.8526712083257735,357|363|550|497|70,0.85798180|0.00531059|0.00437334|0.00246151|0.00165313,1,0.85798180103302,True,357,0.85798180103302,True,357,0.7662981748580933,True,357,0.8453443646430969,True,357,0.6619211435317993,True,c12_correct
358,359,359_10.bmp,preprocessed_results\359\359_10.bmp,358,358,358,0.8096063137054443,359,0.03945397585630417,0.7701523378491402,358|359|563|126|561,0.80960631|0.03945398|0.01077809|0.00358640|0.00318322,1,0.8096063137054443,True,358,0.8096063137054443,True,358,0.8303564786911011,True,358,0.8350566029548645,True,358,0.7469042539596558,True,c12_correct
359,360,360_2.bmp,preprocessed_results\360\360_2.bmp,359,359,359,0.8630551099777222,504,0.007522533182054758,0.8555325767956674,359|504|358|258|196,0.86305511|0.00752253|0.00511801|0.00477207|0.00303525,1,0.8630551099777222,True,359,0.8630551099777222,True,359,0.6284681558609009,True,359,0.8129370212554932,True,359,0.5059595108032227,True,c12_correct
360,361,361_3.bmp,preprocessed_results\361\361_3.bmp,360,360,360,0.5885866284370422,167,0.012431785464286804,0.5761548429727554,360|167|98|361|165,0.58858663|0.01243179|0.01225994|0.01161665|0.00701664,1,0.5885866284370422,True,360,0.5885866284370422,True,360,0.7583115100860596,True,360,0.818217396736145,True,360,0.7646821737289429,True,c12_correct
361,362,362_4.bmp,preprocessed_results\362\362_4.bmp,361,361,361,0.9184011220932007,98,0.00675759743899107,0.9116435246542096,361|98|360|26|400,0.91840112|0.00675760|0.00539935|0.00461229|0.00440772,1,0.9184011220932007,True,361,0.9184011220932007,True,361,0.8344733119010925,True,361,0.8251808881759644,True,361,0.868922233581543,True,c12_correct
362,363,363_5.bmp,preprocessed_results\363\363_5.bmp,362,362,362,0.843141496181488,363,0.016315773129463196,0.8268257230520248,362|363|372|453|145,0.84314150|0.01631577|0.00762535|0.00317008|0.00219954,1,0.843141496181488,True,362,0.843141496181488,True,362,0.9076599478721619,True,362,0.8025630116462708,True,362,0.8394796848297119,True,c12_correct
363,364,364_1.bmp,preprocessed_results\364\364_1.bmp,363,363,363,0.34870272874832153,540,0.03077606111764908,0.31792666763067245,363|540|362|45|437,0.34870273|0.03077606|0.01669707|0.01336839|0.01056444,1,0.34870272874832153,True,363,0.34870272874832153,True,363,0.3553469181060791,True,363,0.7881960272789001,True,363,0.6281689405441284,True,c12_correct
364,365,365_7.bmp,preprocessed_results\365\365_7.bmp,364,364,364,0.862000048160553,434,0.007429781835526228,0.8545702663250268,364|434|394|374|480,0.86200005|0.00742978|0.00452104|0.00341819|0.00228995,1,0.862000048160553,True,364,0.862000048160553,True,364,0.8811852931976318,True,364,0.8194340467453003,True,364,0.7897982001304626,True,c12_correct
365,366,366_4.bmp,preprocessed_results\366\366_4.bmp,365,365,365,0.7809758186340332,413,0.00675612036138773,0.7742196982726455,365|413|374|384|391,0.78097582|0.00675612|0.00520249|0.00436889|0.00403292,1,0.7809758186340332,True,365,0.7809758186340332,True,365,0.8103225231170654,True,365,0.8556822538375854,True,365,0.856239378452301,True,c12_correct
366,367,367_3.bmp,preprocessed_results\367\367_3.bmp,366,366,366,0.7810973525047302,177,0.008619621396064758,0.7724777311086655,366|177|346|435|382,0.78109735|0.00861962|0.00755969|0.00711938|0.00548712,1,0.7810973525047302,True,366,0.7810973525047302,True,366,0.5558934211730957,True,366,0.8435027599334717,True,366,0.7370438575744629,True,c12_correct
367,368,368_3.bmp,preprocessed_results\368\368_3.bmp,367,367,367,0.9230471253395081,366,0.004735361784696579,0.9183117635548115,367|366|343|487|443,0.92304713|0.00473536|0.00271823|0.00207498|0.00192744,1,0.9230471253395081,True,367,0.9230471253395081,True,367,0.8832902908325195,True,367,0.8485002517700195,True,367,0.8563825488090515,True,c12_correct
368,369,369_10.bmp,preprocessed_results\369\369_10.bmp,368,368,368,0.7743786573410034,369,0.010031287558376789,0.7643473697826266,368|369|544|456|123,0.77437866|0.01003129|0.00554150|0.00497757|0.00328508,1,0.7743786573410034,True,368,0.7743786573410034,True,368,0.8311357498168945,True,368,0.8389531970024109,True,368,0.7574450969696045,True,c12_correct
369,370,370_7.bmp,preprocessed_results\370\370_7.bmp,369,369,369,0.9213424921035767,528,0.005259372293949127,0.9160831198096275,369|528|368|463|508,0.92134249|0.00525937|0.00268391|0.00117426|0.00114793,1,0.9213424921035767,True,369,0.9213424921035767,True,369,0.892685055732727,True,369,0.8368263244628906,True,369,0.8526294231414795,True,c12_correct
370,371,371_3.bmp,preprocessed_results\371\371_3.bmp,370,370,370,0.8217840194702148,462,0.01781541109085083,0.803968608379364,370|462|507|248|78,0.82178402|0.01781541|0.00574735|0.00476072|0.00413495,1,0.8217840194702148,True,370,0.8217840194702148,True,370,0.7823209166526794,True,370,0.8408583402633667,True,370,0.863349437713623,True,c12_correct
371,372,372_3.bmp,preprocessed_results\372\372_3.bmp,371,371,371,0.7201880812644958,393,0.07415841519832611,0.6460296660661697,371|393|353|352|366,0.72018808|0.07415842|0.00633016|0.00591433|0.00517047,1,0.7201880812644958,True,371,0.7201880812644958,True,371,0.8163006901741028,True,371,0.8454236388206482,True,371,0.8162509202957153,True,c12_correct
372,373,373_1.bmp,preprocessed_results\373\373_1.bmp,372,372,372,0.6363140940666199,373,0.021502794697880745,0.6148112993687391,372|373|362|555|448,0.63631409|0.02150279|0.00747608|0.00657253|0.00599153,1,0.6363140940666199,True,372,0.6363140940666199,True,372,0.8237771391868591,True,372,0.8252207040786743,True,372,0.7975998520851135,True,c12_correct
373,374,374_8.bmp,preprocessed_results\374\374_8.bmp,373,373,373,0.8193840980529785,372,0.005915077403187752,0.8134690206497908,373|372|689|803|437,0.81938410|0.00591508|0.00511352|0.00396065|0.00389452,1,0.8193840980529785,True,373,0.8193840980529785,True,373,0.8778768181800842,True,373,0.842119574546814,True,373,0.799150288105011,True,c12_correct
374,375,375_3.bmp,preprocessed_results\375\375_3.bmp,374,374,374,0.8786641359329224,365,0.006602772977203131,0.8720613629557192,374|365|382|375|536,0.87866414|0.00660277|0.00513908|0.00352079|0.00278862,1,0.8786641359329224,True,374,0.8786641359329224,True,374,0.7133087515830994,True,374,0.8285359144210815,True,374,0.858775794506073,True,c12_correct
375,376,376_8.bmp,preprocessed_results\376\376_8.bmp,375,375,375,0.6015909314155579,374,0.035726696252822876,0.565864235162735,375|374|536|367|558,0.60159093|0.03572670|0.02082808|0.01297941|0.01088486,1,0.6015909314155579,True,375,0.6015909314155579,True,375,0.15678776800632477,True,375,0.7917875051498413,True,375,0.3288825452327728,True,c12_correct
376,377,377_3.bmp,preprocessed_results\377\377_3.bmp,376,376,376,0.5078971982002258,382,0.026689210906624794,0.48120798729360104,376|382|489|533|447,0.50789720|0.02668921|0.02296137|0.01625288|0.01156556,1,0.5078971982002258,True,376,0.5078971982002258,True,376,0.8329886198043823,True,376,0.8003675937652588,True,376,0.6278231143951416,True,c12_correct
377,378,378_4.bmp,preprocessed_results\378\378_4.bmp,377,377,377,0.8791452646255493,366,0.007826806977391243,0.8713184576481581,377|366|451|448|365,0.87914526|0.00782681|0.00299654|0.00225865|0.00202408,1,0.8791452646255493,True,377,0.8791452646255493,True,377,0.7480230331420898,True,377,0.8133232593536377,True,377,0.6568224430084229,True,c12_correct
378,379,379_2.bmp,preprocessed_results\379\379_2.bmp,378,378,378,0.7040683627128601,476,0.008476708084344864,0.6955916546285152,378|476|527|379|412,0.70406836|0.00847671|0.00792756|0.00762876|0.00671475,1,0.7040683627128601,True,378,0.7040683627128601,True,378,0.4278271794319153,True,378,0.7720738053321838,True,378,0.6804508566856384,True,c12_correct
379,380,380_4.bmp,preprocessed_results\380\380_4.bmp,379,379,379,0.8536105155944824,417,0.006777756381779909,0.8468327592127025,379|417|485|497|423,0.85361052|0.00677776|0.00550548|0.00468715|0.00462698,1,0.8536105155944824,True,379,0.8536105155944824,True,379,0.8471320867538452,True,379,0.8378275632858276,True,379,0.8011637926101685,True,c12_correct
380,381,381_9.bmp,preprocessed_results\381\381_9.bmp,380,380,380,0.5360482335090637,468,0.014126848429441452,0.5219213850796223,380|468|488|441|450,0.53604823|0.01412685|0.01274897|0.00871334|0.00871290,1,0.5360482335090637,True,380,0.5360482335090637,True,380,0.6941123008728027,True,380,0.8252941370010376,True,380,0.6801044940948486,True,c12_correct
381,382,382_5.bmp,preprocessed_results\382\382_5.bmp,381,381,381,0.8491687178611755,519,0.0038068152498453856,0.8453619026113302,381|519|408|445|464,0.84916872|0.00380682|0.00377260|0.00357693|0.00292652,1,0.8491687178611755,True,381,0.8491687178611755,True,381,0.9052135944366455,True,381,0.8312296867370605,True,381,0.8911692500114441,True,c12_correct
382,383,383_7.bmp,preprocessed_results\383\383_7.bmp,382,382,382,0.27266138792037964,226,0.07656244933605194,0.1960989385843277,382|226|427|448|227,0.27266139|0.07656245|0.02009843|0.01490151|0.01286044,1,0.27266138792037964,True,382,0.27266138792037964,True,382,0.5502936244010925,True,382,0.7703027725219727,True,382,0.5199201703071594,True,c12_correct
383,384,384_1.bmp,preprocessed_results\384\384_1.bmp,383,383,383,0.5759141445159912,202,0.052984725683927536,0.5229294188320637,383|202|203|94|157,0.57591414|0.05298473|0.01625702|0.00973698|0.00575319,1,0.5759141445159912,True,383,0.5759141445159912,True,383,0.31814223527908325,True,383,0.7797489762306213,True,383,0.5572812557220459,True,c12_correct
384,385,385_10.bmp,preprocessed_results\385\385_10.bmp,384,384,384,0.34148886799812317,456,0.043819282203912735,0.29766958579421043,384|456|387|385|345,0.34148887|0.04381928|0.02570895|0.01891733|0.01606699,1,0.34148886799812317,True,384,0.34148886799812317,True,384,0.3037925362586975,True,384,0.774836003780365,True,384,0.6627215147018433,True,c12_correct
385,386,386_10.bmp,preprocessed_results\386\386_10.bmp,385,385,385,0.8037000298500061,502,0.010103847831487656,0.7935961820185184,385|502|384|368|387,0.80370003|0.01010385|0.00593327|0.00341934|0.00319556,1,0.8037000298500061,True,385,0.8037000298500061,True,385,0.8061366677284241,True,385,0.8334371447563171,True,385,0.8550474643707275,True,c12_correct
386,387,387_7.bmp,preprocessed_results\387\387_7.bmp,386,386,386,0.8905361890792847,387,0.004776612389832735,0.8857595766894519,386|387|450|402|516,0.89053619|0.00477661|0.00271725|0.00245196|0.00212497,1,0.8905361890792847,True,386,0.8905361890792847,True,386,0.9161335229873657,True,386,0.8424725532531738,True,386,0.847882866859436,True,c12_correct
387,388,388_4.bmp,preprocessed_results\388\388_4.bmp,387,387,387,0.9131650328636169,502,0.0071770972572267056,0.9059879356063902,387|502|450|548|500,0.91316503|0.00717710|0.00582923|0.00451829|0.00277626,1,0.9131650328636169,True,387,0.9131650328636169,True,387,0.908347487449646,True,387,0.8003862500190735,True,387,0.8443091511726379,True,c12_correct
388,389,389_7.bmp,preprocessed_results\389\389_7.bmp,388,388,388,0.7958965301513672,490,0.010639156214892864,0.7852573739364743,388|490|507|235|95,0.79589653|0.01063916|0.00630335|0.00507612|0.00357480,1,0.7958965301513672,True,388,0.7958965301513672,True,388,0.7104275226593018,True,388,0.8495438098907471,True,388,0.7035365104675293,True,c12_correct
389,390,390_3.bmp,preprocessed_results\390\390_3.bmp,389,389,389,0.9317024350166321,349,0.002607411704957485,0.9290950233116746,389|349|26|398|447,0.93170244|0.00260741|0.00233395|0.00173692|0.00149940,1,0.9317024350166321,True,389,0.9317024350166321,True,389,0.8872882127761841,True,389,0.8385114073753357,True,389,0.8760157823562622,True,c12_correct
390,391,391_7.bmp,preprocessed_results\391\391_7.bmp,390,390,390,0.8770000338554382,336,0.005120439920574427,0.8718795939348638,390|336|405|465|426,0.87700003|0.00512044|0.00370771|0.00318702|0.00290752,1,0.8770000338554382,True,390,0.8770000338554382,True,390,0.8213221430778503,True,390,0.848007321357727,True,390,0.8881559371948242,True,c12_correct
391,392,392_2.bmp,preprocessed_results\392\392_2.bmp,391,391,391,0.7597675323486328,429,0.012276235967874527,0.7474912963807583,391|429|390|428|364,0.75976753|0.01227624|0.00680875|0.00598297|0.00556572,1,0.7597675323486328,True,391,0.7597675323486328,True,391,0.6365172863006592,True,391,0.836934506893158,True,391,0.8515275120735168,True,c12_correct
392,393,393_8.bmp,preprocessed_results\393\393_8.bmp,392,392,392,0.5449668765068054,400,0.024150602519512177,0.5208162739872932,392|400|409|463|519,0.54496688|0.02415060|0.02096550|0.01801463|0.01296709,1,0.5449668765068054,True,392,0.5449668765068054,True,392,0.5194188952445984,True,392,0.8234752416610718,True,392,0.5370354056358337,True,c12_correct
393,394,394_3.bmp,preprocessed_results\394\394_3.bmp,393,393,393,0.8652220368385315,473,0.006441792007535696,0.8587802448309958,393|473|371|365|343,0.86522204|0.00644179|0.00542466|0.00469639|0.00309958,1,0.8652220368385315,True,393,0.8652220368385315,True,393,0.7049318552017212,True,393,0.8134331107139587,True,393,0.7944087982177734,True,c12_correct
394,395,395_5.bmp,preprocessed_results\395\395_5.bmp,394,394,394,0.8506932854652405,354,0.011390374973416328,0.8393029104918242,394|354|181|515|496,0.85069329|0.01139037|0.00458255|0.00415067|0.00257084,1,0.8506932854652405,True,394,0.8506932854652405,True,394,0.830297589302063,True,394,0.8526662588119507,True,394,0.8303137421607971,True,c12_correct
395,396,396_2.bmp,preprocessed_results\396\396_2.bmp,395,395,395,0.9213941097259521,375,0.00976586528122425,0.9116282444447279,395|375|409|536|191,0.92139411|0.00976587|0.00262252|0.00235124|0.00125691,1,0.9213941097259521,True,395,0.9213941097259521,True,395,0.848617672920227,True,395,0.8385721445083618,True,395,0.8658705949783325,True,c12_correct
396,397,397_1.bmp,preprocessed_results\397\397_1.bmp,396,396,396,0.8994568586349487,448,0.002399912802502513,0.8970569458324462,396|448|364|515|385,0.89945686|0.00239991|0.00222116|0.00205503|0.00164003,1,0.8994568586349487,True,396,0.8994568586349487,True,396,0.9139247536659241,True,396,0.8464984893798828,True,396,0.8796849846839905,True,c12_correct
397,398,398_1.bmp,preprocessed_results\398\398_1.bmp,397,397,397,0.6414252519607544,396,0.04915928468108177,0.5922659672796726,397|396|332|472|56,0.64142525|0.04915928|0.00972778|0.00633745|0.00633008,1,0.6414252519607544,True,397,0.6414252519607544,True,397,0.6681879758834839,True,397,0.8119211196899414,True,397,0.7160138487815857,True,c12_correct
398,399,399_6.bmp,preprocessed_results\399\399_6.bmp,398,398,398,0.79571133852005,462,0.004098821431398392,0.7916125170886517,398|462|442|399|794,0.79571134|0.00409882|0.00395153|0.00392269|0.00298494,1,0.79571133852005,True,398,0.79571133852005,True,398,0.8623167872428894,True,398,0.8174144625663757,True,398,0.8503283262252808,True,c12_correct
399,400,400_7.bmp,preprocessed_results\400\400_7.bmp,399,399,399,0.6161180734634399,398,0.04941193014383316,0.5667061433196068,399|398|293|316|528,0.61611807|0.04941193|0.01024595|0.00898420|0.00714612,1,0.6161180734634399,True,399,0.6161180734634399,True,399,0.8126164674758911,True,399,0.802280068397522,True,399,0.7908414602279663,True,c12_correct
400,401,401_6.bmp,preprocessed_results\401\401_6.bmp,400,400,400,0.43706420063972473,361,0.013655638322234154,0.4234085623174906,400|361|440|576|148,0.43706420|0.01365564|0.01190564|0.01177070|0.01176395,1,0.43706420063972473,True,400,0.43706420063972473,True,400,0.4864318072795868,True,400,0.8256038427352905,True,400,0.5878109335899353,True,c12_correct
401,402,402_2.bmp,preprocessed_results\402\402_2.bmp,401,401,401,0.1879170835018158,489,0.033353645354509354,0.15456343814730644,401|489|490|27|472,0.18791708|0.03335365|0.01780607|0.01755340|0.01545681,1,0.1879170835018158,True,401,0.1879170835018158,True,401,0.13911888003349304,True,401,0.759295642375946,True,401,0.2681601047515869,True,c12_correct
402,403,403_10.bmp,preprocessed_results\403\403_10.bmp,402,402,402,0.36426424980163574,390,0.05265446752309799,0.31160978227853775,402|390|403|364|226,0.36426425|0.05265447|0.04433509|0.02353394|0.01067788,1,0.36426424980163574,True,402,0.36426424980163574,True,402,0.4223253130912781,True,402,0.8581081628799438,True,402,0.775801420211792,True,c12_correct
403,404,404_4.bmp,preprocessed_results\404\404_4.bmp,403,403,403,0.8290253281593323,402,0.008351052179932594,0.8206742759793997,403|402|391|480|365,0.82902533|0.00835105|0.00806660|0.00781808|0.00523203,1,0.8290253281593323,True,403,0.8290253281593323,True,403,0.9121338725090027,True,403,0.8454281687736511,True,403,0.7743913531303406,True,c12_correct
404,405,405_1.bmp,preprocessed_results\405\405_1.bmp,404,404,404,0.6562721729278564,376,0.02134987898170948,0.634922293946147,404|376|405|462|175,0.65627217|0.02134988|0.01618337|0.01445105|0.01115148,1,0.6562721729278564,True,404,0.6562721729278564,True,404,0.5287154316902161,True,404,0.7869118452072144,True,404,0.3238120675086975,True,c12_correct
405,406,406_5.bmp,preprocessed_results\406\406_5.bmp,405,405,405,0.8936048150062561,404,0.021856550127267838,0.8717482648789883,405|404|506|463|499,0.89360482|0.02185655|0.00433242|0.00377191|0.00368685,1,0.8936048150062561,True,405,0.8936048150062561,True,405,0.833754301071167,True,405,0.8363074064254761,True,405,0.8961847424507141,True,c12_correct
406,407,407_10.bmp,preprocessed_results\407\407_10.bmp,406,406,406,0.7906034588813782,165,0.017104094848036766,0.7734993640333414,406|165|407|420|63,0.79060346|0.01710409|0.00500525|0.00417865|0.00348414,1,0.7906034588813782,True,406,0.7906034588813782,True,406,0.9067416787147522,True,406,0.7969353199005127,True,406,0.8354146480560303,True,c12_correct
407,408,408_2.bmp,preprocessed_results\408\408_2.bmp,407,407,407,0.8729801177978516,406,0.012262984178960323,0.8607171336188912,407|406|409|54|518,0.87298012|0.01226298|0.00340646|0.00325786|0.00313720,1,0.8729801177978516,True,407,0.8729801177978516,True,407,0.9253193140029907,True,407,0.8108774423599243,True,407,0.874504029750824,True,c12_correct
408,409,409_1.bmp,preprocessed_results\409\409_1.bmp,408,408,408,0.8531773090362549,200,0.0038932287134230137,0.8492840803228319,408|200|203|402|78,0.85317731|0.00389323|0.00292886|0.00289818|0.00214426,1,0.8531773090362549,True,408,0.8531773090362549,True,408,0.8587311506271362,True,408,0.8448264598846436,True,408,0.7911651730537415,True,c12_correct
409,410,410_3.bmp,preprocessed_results\410\410_3.bmp,409,409,409,0.5325374007225037,403,0.055892448872327805,0.47664495185017586,409|403|349|429|463,0.53253740|0.05589245|0.01732372|0.01442295|0.00942659,1,0.5325374007225037,True,409,0.5325374007225037,True,409,0.6187589764595032,True,409,0.7896389961242676,True,409,0.5626306533813477,True,c12_correct
410,411,411_4.bmp,preprocessed_results\411\411_4.bmp,410,410,410,0.8716803789138794,411,0.011034256778657436,0.860646122135222,410|411|727|308|782,0.87168038|0.01103426|0.00365590|0.00323320|0.00286027,1,0.8716803789138794,True,410,0.8716803789138794,True,410,0.8469293117523193,True,410,0.8406693935394287,True,410,0.86758953332901,True,c12_correct
411,412,412_5.bmp,preprocessed_results\412\412_5.bmp,411,411,411,0.7714139223098755,410,0.02547036111354828,0.7459435611963272,411|410|215|232|2,0.77141392|0.02547036|0.00582302|0.00493327|0.00366540,1,0.7714139223098755,True,411,0.7714139223098755,True,411,0.7994868159294128,True,411,0.8317533731460571,True,411,0.8302191495895386,True,c12_correct
412,413,413_1.bmp,preprocessed_results\413\413_1.bmp,412,412,412,0.31841811537742615,156,0.0690174549818039,0.24940066039562225,412|156|413|448|226,0.31841812|0.06901745|0.01092187|0.01039140|0.00920528,1,0.31841811537742615,True,412,0.31841811537742615,True,412,0.27554649114608765,True,412,0.7844807505607605,True,412,0.49109575152397156,True,c12_correct
413,414,414_6.bmp,preprocessed_results\414\414_6.bmp,413,413,413,0.9212103486061096,412,0.0040457891300320625,0.9171645594760776,413|412|366|476|358,0.92121035|0.00404579|0.00178690|0.00156540|0.00153397,1,0.9212103486061096,True,413,0.9212103486061096,True,413,0.8799477815628052,True,413,0.8400689959526062,True,413,0.8653119802474976,True,c12_correct
414,415,415_6.bmp,preprocessed_results\415\415_6.bmp,414,414,414,0.7369364500045776,234,0.013913578353822231,0.7230228716507554,414|234|434|356|56,0.73693645|0.01391358|0.01319445|0.00547173|0.00454740,1,0.7369364500045776,True,414,0.7369364500045776,True,414,0.690808892250061,True,414,0.8280960321426392,True,414,0.8324770927429199,True,c12_correct
415,416,416_3.bmp,preprocessed_results\416\416_3.bmp,415,415,415,0.7332562208175659,483,0.008074288256466389,0.7251819325610995,415|483|375|366|367,0.73325622|0.00807429|0.00758162|0.00667541|0.00627536,1,0.7332562208175659,True,415,0.7332562208175659,True,415,0.2438715249300003,True,415,0.7937860488891602,True,415,0.4754919409751892,True,c12_correct
416,417,417_8.bmp,preprocessed_results\417\417_8.bmp,416,416,416,0.8803693056106567,519,0.009537267498672009,0.8708320381119847,416|519|55|511|323,0.88036931|0.00953727|0.00419540|0.00296820|0.00238363,1,0.8803693056106567,True,416,0.8803693056106567,True,416,0.8700920343399048,True,416,0.8211844563484192,True,416,0.8290951251983643,True,c12_correct
417,418,418_9.bmp,preprocessed_results\418\418_9.bmp,417,417,417,0.9013587832450867,416,0.0034964755177497864,0.8978623077273369,417|416|433|481|329,0.90135878|0.00349648|0.00247154|0.00200564|0.00172033,1,0.9013587832450867,True,417,0.9013587832450867,True,417,0.891620934009552,True,417,0.8391908407211304,True,417,0.8393221497535706,True,c12_correct
418,419,419_10.bmp,preprocessed_results\419\419_10.bmp,418,418,418,0.8157026171684265,419,0.00869880709797144,0.8070038100704551,418|419|398|510|462,0.81570262|0.00869881|0.00549293|0.00548087|0.00353086,1,0.8157026171684265,True,418,0.8157026171684265,True,418,0.8131977319717407,True,418,0.8364100456237793,True,418,0.7852705717086792,True,c12_correct
419,420,420_10.bmp,preprocessed_results\420\420_10.bmp,419,419,419,0.7790918350219727,418,0.02491242252290249,0.7541794124990702,419|418|490|491|422,0.77909184|0.02491242|0.01186579|0.00796908|0.00306961,1,0.7790918350219727,True,419,0.7790918350219727,True,419,0.7821871042251587,True,419,0.8454174995422363,True,419,0.7650594115257263,True,c12_correct
420,421,421_10.bmp,preprocessed_results\421\421_10.bmp,420,420,420,0.6120477914810181,52,0.012744120322167873,0.5993036711588502,420|52|237|149|148,0.61204779|0.01274412|0.01025775|0.00616139|0.00580752,1,0.6120477914810181,True,420,0.6120477914810181,True,420,0.8017114400863647,True,420,0.7928467988967896,True,420,0.73836749792099,True,c12_correct
421,422,422_10.bmp,preprocessed_results\422\422_10.bmp,421,421,421,0.41334766149520874,544,0.03623628988862038,0.37711137160658836,421|544|420|463|391,0.41334766|0.03623629|0.01260862|0.01134244|0.01081608,1,0.41334766149520874,True,421,0.41334766149520874,True,421,0.48841598629951477,True,421,0.8112139105796814,True,421,0.6844539642333984,True,c12_correct
422,423,423_4.bmp,preprocessed_results\423\423_4.bmp,422,422,422,0.8410090804100037,423,0.003910533152520657,0.837098547257483,422|423|472|226|491,0.84100908|0.00391053|0.00329032|0.00321259|0.00307048,1,0.8410090804100037,True,422,0.8410090804100037,True,422,0.9248849749565125,True,422,0.8451526165008545,True,422,0.8530077338218689,True,c12_correct
423,424,424_1.bmp,preprocessed_results\424\424_1.bmp,423,423,423,0.40682658553123474,392,0.014580653049051762,0.392245932482183,423|392|178|147|422,0.40682659|0.01458065|0.01174432|0.00984274|0.00913467,1,0.40682658553123474,True,423,0.40682658553123474,True,423,0.3396140933036804,True,423,0.7819032669067383,True,423,0.4309881329536438,True,c12_correct
424,425,425_5.bmp,preprocessed_results\425\425_5.bmp,424,424,424,0.8947005867958069,119,0.0037868726067245007,0.8909137141890824,424|119|498|97|159,0.89470059|0.00378687|0.00286575|0.00227006|0.00219097,1,0.8947005867958069,True,424,0.8947005867958069,True,424,0.9133528470993042,True,424,0.8522358536720276,True,424,0.8695542216300964,True,c12_correct
425,426,426_4.bmp,preprocessed_results\426\426_4.bmp,425,425,425,0.7071115970611572,431,0.01997477002441883,0.6871368270367384,425|431|424|499|65,0.70711160|0.01997477|0.00950940|0.00943967|0.00765069,1,0.7071115970611572,True,425,0.7071115970611572,True,425,0.9030925631523132,True,425,0.8392125964164734,True,425,0.8846896886825562,True,c12_correct
426,427,427_7.bmp,preprocessed_results\427\427_7.bmp,426,426,426,0.880402684211731,500,0.0049926722422242165,0.8754100119695067,426|500|488|525|418,0.88040268|0.00499267|0.00434846|0.00353932|0.00345193,1,0.880402684211731,True,426,0.880402684211731,True,426,0.8991060256958008,True,426,0.8334020972251892,True,426,0.8852187991142273,True,c12_correct
427,428,428_3.bmp,preprocessed_results\428\428_3.bmp,427,427,427,0.8940242528915405,456,0.0035444945096969604,0.8904797583818436,427|456|449|66|461,0.89402425|0.00354449|0.00339142|0.00228760|0.00184855,1,0.8940242528915405,True,427,0.8940242528915405,True,427,0.8526126146316528,True,427,0.8335573673248291,True,427,0.8391363620758057,True,c12_correct
428,429,429_10.bmp,preprocessed_results\429\429_10.bmp,428,428,428,0.8717037439346313,426,0.005925919860601425,0.8657778240740299,428|426|519|499|420,0.87170374|0.00592592|0.00440821|0.00366748|0.00314299,1,0.8717037439346313,True,428,0.8717037439346313,True,428,0.8744204044342041,True,428,0.8407467603683472,True,428,0.805730402469635,True,c12_correct
429,430,430_3.bmp,preprocessed_results\430\430_3.bmp,429,429,429,0.8178133964538574,409,0.005434591788798571,0.8123788046650589,429|409|391|403|428,0.81781340|0.00543459|0.00428122|0.00386038|0.00362073,1,0.8178133964538574,True,429,0.8178133964538574,True,429,0.855950653553009,True,429,0.848420262336731,True,429,0.8118656873703003,True,c12_correct
430,431,431_4.bmp,preprocessed_results\431\431_4.bmp,430,430,430,0.837162435054779,431,0.011130955070257187,0.8260314799845219,430|431|398|502|322,0.83716244|0.01113096|0.01045150|0.00624922|0.00426232,1,0.837162435054779,True,430,0.837162435054779,True,430,0.8141841292381287,True,430,0.8278679847717285,True,430,0.8163642287254333,True,c12_correct
431,432,432_7.bmp,preprocessed_results\432\432_7.bmp,431,431,431,0.8085721135139465,430,0.011992344632744789,0.7965797688812017,431|430|502|425|316,0.80857211|0.01199234|0.00668101|0.00544952|0.00395062,1,0.8085721135139465,True,431,0.8085721135139465,True,431,0.8850045204162598,True,431,0.8097748160362244,True,431,0.8338109254837036,True,c12_correct
432,433,433_4.bmp,preprocessed_results\433\433_4.bmp,432,432,432,0.8202856183052063,433,0.013361116871237755,0.8069245014339685,432|433|485|464|476,0.82028562|0.01336112|0.00750072|0.00424547|0.00397638,1,0.8202856183052063,True,432,0.8202856183052063,True,432,0.7560624480247498,True,432,0.7653794288635254,True,432,0.8538130521774292,True,c12_correct
433,434,434_3.bmp,preprocessed_results\434\434_3.bmp,433,433,433,0.8877958655357361,432,0.005977632477879524,0.8818182330578566,433|432|417|355|537,0.88779587|0.00597763|0.00534497|0.00243546|0.00219957,1,0.8877958655357361,True,433,0.8877958655357361,True,433,0.8646385073661804,True,433,0.8368082046508789,True,433,0.8246939778327942,True,c12_correct
434,435,435_7.bmp,preprocessed_results\435\435_7.bmp,434,434,434,0.8116016983985901,438,0.007332140114158392,0.8042695582844317,434|438|277|315|435,0.81160170|0.00733214|0.00647092|0.00436450|0.00426390,1,0.8116016983985901,True,434,0.8116016983985901,True,434,0.8219753503799438,True,434,0.8228733539581299,True,434,0.7497440576553345,True,c12_correct
435,436,436_4.bmp,preprocessed_results\436\436_4.bmp,435,435,435,0.7491714954376221,434,0.030708996579051018,0.718462498858571,435|434|558|462|366,0.74917150|0.03070900|0.00983549|0.00678224|0.00542017,1,0.7491714954376221,True,435,0.7491714954376221,True,435,0.6084012985229492,True,435,0.8273805379867554,True,435,0.8244805335998535,True,c12_correct
436,437,437_4.bmp,preprocessed_results\437\437_4.bmp,436,436,436,0.6844097375869751,532,0.00975777767598629,0.6746519599109888,436|532|441|284|440,0.68440974|0.00975778|0.00889545|0.00731876|0.00546298,1,0.6844097375869751,True,436,0.6844097375869751,True,436,0.8275806903839111,True,436,0.7984253764152527,True,436,0.8134279847145081,True,c12_correct
437,438,438_4.bmp,preprocessed_results\438\438_4.bmp,437,437,437,0.8305836915969849,345,0.004711005371063948,0.8258726862259209,437|345|469|452|126,0.83058369|0.00471101|0.00467300|0.00320829|0.00313186,1,0.8305836915969849,True,437,0.8305836915969849,True,437,0.8375970125198364,True,437,0.8146589398384094,True,437,0.771968424320221,True,c12_correct
438,439,439_4.bmp,preprocessed_results\439\439_4.bmp,438,438,438,0.6323996186256409,439,0.02024923264980316,0.6121503859758377,438|439|432|145|504,0.63239962|0.02024923|0.00975673|0.00947760|0.00931312,1,0.6323996186256409,True,438,0.6323996186256409,True,438,0.5931490659713745,True,438,0.8085972666740417,True,438,0.7763228416442871,True,c12_correct
439,440,440_2.bmp,preprocessed_results\440\440_2.bmp,439,439,439,0.9190011024475098,438,0.0065246401354670525,0.9124764623120427,439|438|555|551|505,0.91900110|0.00652464|0.00279161|0.00181878|0.00156883,1,0.9190011024475098,True,439,0.9190011024475098,True,439,0.8011302947998047,True,439,0.8216367363929749,True,439,0.7732090950012207,True,c12_correct
440,441,441_9.bmp,preprocessed_results\441\441_9.bmp,440,440,440,0.5523537993431091,146,0.018400365486741066,0.5339534338563681,440|146|386|43|436,0.55235380|0.01840037|0.00922684|0.00914352|0.00870138,1,0.5523537993431091,True,440,0.5523537993431091,True,440,0.6834114789962769,True,440,0.7999699115753174,True,440,0.521472692489624,True,c12_correct
441,442,442_8.bmp,preprocessed_results\442\442_8.bmp,441,441,441,0.6508582830429077,295,0.022256122902035713,0.628602160140872,441|295|38|148|335,0.65085828|0.02225612|0.01149546|0.00717307|0.00673298,1,0.6508582830429077,True,441,0.6508582830429077,True,441,0.8880318403244019,True,441,0.8478755950927734,True,441,0.8672533631324768,True,c12_correct
442,443,443_7.bmp,preprocessed_results\443\443_7.bmp,442,442,442,0.8312630653381348,314,0.005705104675143957,0.8255579606629908,442|314|22|392|443,0.83126307|0.00570510|0.00497954|0.00367360|0.00315598,1,0.8312630653381348,True,442,0.8312630653381348,True,442,0.8943262696266174,True,442,0.8451249599456787,True,442,0.8594251871109009,True,c12_correct
443,444,444_3.bmp,preprocessed_results\444\444_3.bmp,443,443,443,0.8427180647850037,463,0.005205000285059214,0.8375130644999444,443|463|368|522|107,0.84271806|0.00520500|0.00446478|0.00373353|0.00353096,1,0.8427180647850037,True,443,0.8427180647850037,True,443,0.8580949306488037,True,443,0.8210931420326233,True,443,0.8607308268547058,True,c12_correct
444,445,445_9.bmp,preprocessed_results\445\445_9.bmp,444,444,444,0.8549216985702515,78,0.0031644911505281925,0.8517572074197233,444|78|434|509|457,0.85492170|0.00316449|0.00305635|0.00298532|0.00251672,1,0.8549216985702515,True,444,0.8549216985702515,True,444,0.8689219355583191,True,444,0.8448366522789001,True,444,0.8411538004875183,True,c12_correct
445,446,446_7.bmp,preprocessed_results\446\446_7.bmp,445,445,445,0.7942385673522949,486,0.014762572012841702,0.7794759953394532,445|486|351|487|464,0.79423857|0.01476257|0.00664190|0.00468067|0.00408717,1,0.7942385673522949,True,445,0.7942385673522949,True,445,0.9187013506889343,True,445,0.8314332962036133,True,445,0.8662471771240234,True,c12_correct
446,447,447_2.bmp,preprocessed_results\447\447_2.bmp,446,446,446,0.5977903008460999,469,0.02214590273797512,0.5756443981081247,446|469|468|394|45,0.59779030|0.02214590|0.01793599|0.01231813|0.00949209,1,0.5977903008460999,True,446,0.5977903008460999,True,446,0.7627747654914856,True,446,0.8126873970031738,True,446,0.594318687915802,True,c12_correct
447,448,448_2.bmp,preprocessed_results\448\448_2.bmp,447,447,447,0.8704209327697754,423,0.0034110138658434153,0.867009918903932,447|423|382|506|427,0.87042093|0.00341101|0.00301327|0.00241083|0.00227037,1,0.8704209327697754,True,447,0.8704209327697754,True,447,0.8598167896270752,True,447,0.8205518126487732,True,447,0.8293733596801758,True,c12_correct
448,449,449_1.bmp,preprocessed_results\449\449_1.bmp,448,448,448,0.3178960382938385,396,0.03156321495771408,0.2863328233361244,448|396|377|477|352,0.31789604|0.03156321|0.02877147|0.01151659|0.00906312,1,0.3178960382938385,True,448,0.3178960382938385,True,448,0.38993149995803833,True,448,0.77523273229599,True,448,0.4614828824996948,True,c12_correct
449,450,450_2.bmp,preprocessed_results\450\450_2.bmp,449,449,449,0.8384481072425842,534,0.003500966355204582,0.8349471408873796,449|534|377|487|427,0.83844811|0.00350097|0.00309284|0.00261259|0.00251474,1,0.8384481072425842,True,449,0.8384481072425842,True,449,0.8688580989837646,True,449,0.8256469964981079,True,449,0.836574137210846,True,c12_correct
450,451,451_8.bmp,preprocessed_results\451\451_8.bmp,450,450,450,0.4758744239807129,387,0.02060961164534092,0.45526481233537197,450|387|517|300|408,0.47587442|0.02060961|0.01731879|0.01683196|0.01411807,1,0.4758744239807129,True,450,0.4758744239807129,True,450,0.7412509322166443,True,450,0.8221929669380188,True,450,0.7111970782279968,True,c12_correct
451,452,452_3.bmp,preprocessed_results\452\452_3.bmp,451,451,451,0.8940570950508118,477,0.014008885249495506,0.8800482098013163,451|477|102|377|439,0.89405710|0.01400889|0.00882265|0.00508296|0.00405595,1,0.8940570950508118,True,451,0.8940570950508118,True,451,0.7373565435409546,True,451,0.8133565187454224,True,451,0.6878321170806885,True,c12_correct
452,453,453_2.bmp,preprocessed_results\453\453_2.bmp,452,452,452,0.8420211672782898,453,0.005395133513957262,0.8366260337643325,452|453|437|469|534,0.84202117|0.00539513|0.00469721|0.00356257|0.00262998,1,0.8420211672782898,True,452,0.8420211672782898,True,452,0.7939463257789612,True,452,0.8517740368843079,True,452,0.8110964894294739,True,c12_correct
453,454,454_5.bmp,preprocessed_results\454\454_5.bmp,453,453,453,0.827277421951294,452,0.010257808491587639,0.8170196134597063,453|452|83|251|166,0.82727742|0.01025781|0.00453350|0.00450056|0.00361066,1,0.827277421951294,True,453,0.827277421951294,True,453,0.7048370242118835,True,453,0.8343883156776428,True,453,0.7946453094482422,True,c12_correct
454,455,455_3.bmp,preprocessed_results\455\455_3.bmp,454,454,454,0.8253542184829712,556,0.017143530771136284,0.8082106877118349,454|556|347|359|34,0.82535422|0.01714353|0.01020783|0.00920792|0.00440427,1,0.8253542184829712,True,454,0.8253542184829712,True,454,0.8186838626861572,True,454,0.8077970743179321,True,454,0.7233676910400391,True,c12_correct
455,456,456_1.bmp,preprocessed_results\456\456_1.bmp,455,455,455,0.6219987869262695,454,0.026884669438004494,0.595114117488265,455|454|359|145|516,0.62199879|0.02688467|0.01849042|0.01128218|0.00924599,1,0.6219987869262695,True,455,0.6219987869262695,True,455,0.5567833781242371,True,455,0.7748892307281494,True,455,0.4954957365989685,True,c12_correct
456,457,457_10.bmp,preprocessed_results\457\457_10.bmp,456,456,456,0.42983365058898926,457,0.0309241134673357,0.39890953712165356,456|457|510|485|487,0.42983365|0.03092411|0.02786392|0.02203138|0.01718150,1,0.42983365058898926,True,456,0.42983365058898926,True,456,0.533681333065033,True,456,0.7577482461929321,True,456,0.65876305103302,True,c12_correct
457,458,458_8.bmp,preprocessed_results\458\458_8.bmp,457,457,457,0.7790988087654114,509,0.007956820540130138,0.7711419882252812,457|509|456|351|508,0.77909881|0.00795682|0.00625693|0.00572047|0.00543186,1,0.7790988087654114,True,457,0.7790988087654114,True,457,0.7573872208595276,True,457,0.8167873024940491,True,457,0.7931007742881775,True,c12_correct
458,459,459_10.bmp,preprocessed_results\459\459_10.bmp,458,458,458,0.5406632423400879,459,0.026786530390381813,0.5138767119497061,458|459|441|404|378,0.54066324|0.02678653|0.01710990|0.01021639|0.00802054,1,0.5406632423400879,True,458,0.5406632423400879,True,458,0.7415952682495117,True,458,0.8078147768974304,True,458,0.7203735113143921,True,c12_correct
459,460,460_4.bmp,preprocessed_results\460\460_4.bmp,459,459,459,0.47362104058265686,458,0.029561148956418037,0.4440598916262388,459|458|71|152|545,0.47362104|0.02956115|0.02124633|0.01796343|0.01723789,1,0.47362104058265686,True,459,0.47362104058265686,True,459,0.6056215763092041,True,459,0.8454481959342957,True,459,0.5765892863273621,True,c12_correct
460,461,461_5.bmp,preprocessed_results\461\461_5.bmp,460,460,460,0.8808901906013489,67,0.00563140120357275,0.8752587893977761,460|67|95|66|456,0.88089019|0.00563140|0.00202669|0.00178297|0.00136430,1,0.8808901906013489,True,460,0.8808901906013489,True,460,0.8983414173126221,True,460,0.8506454825401306,True,460,0.8142290711402893,True,c12_correct
461,462,462_5.bmp,preprocessed_results\462\462_5.bmp,461,461,461,0.7880715131759644,457,0.007620432414114475,0.7804510807618499,461|457|460|202|426,0.78807151|0.00762043|0.00568958|0.00450437|0.00363634,1,0.7880715131759644,True,461,0.7880715131759644,True,461,0.8528012633323669,True,461,0.8252031207084656,True,461,0.7828893661499023,True,c12_correct
462,463,463_2.bmp,preprocessed_results\463\463_2.bmp,462,462,462,0.6649061441421509,370,0.02732110768556595,0.6375850364565849,462|370|346|770|137,0.66490614|0.02732111|0.01464051|0.00588020|0.00561424,1,0.6649061441421509,True,462,0.6649061441421509,True,462,0.8105193972587585,True,462,0.8441853523254395,True,462,0.808924674987793,True,c12_correct
463,464,464_7.bmp,preprocessed_results\464\464_7.bmp,463,463,463,0.8618161082267761,461,0.005772037897258997,0.8560440703295171,463|461|462|409|480,0.86181611|0.00577204|0.00532246|0.00407367|0.00378695,1,0.8618161082267761,True,463,0.8618161082267761,True,463,0.9118176102638245,True,463,0.8307620286941528,True,463,0.8405880331993103,True,c12_correct
464,465,465_5.bmp,preprocessed_results\465\465_5.bmp,464,464,464,0.7666128277778625,484,0.01102311722934246,0.7555897105485201,464|484|432|482|467,0.76661283|0.01102312|0.00527070|0.00436492|0.00414231,1,0.7666128277778625,True,464,0.7666128277778625,True,464,0.8837125897407532,True,464,0.8494890332221985,True,464,0.8341916799545288,True,c12_correct
465,466,466_2.bmp,preprocessed_results\466\466_2.bmp,465,465,465,0.9051839113235474,467,0.0038331623654812574,0.9013507489580661,465|467|451|393|200,0.90518391|0.00383316|0.00254366|0.00205503|0.00196301,1,0.9051839113235474,True,465,0.9051839113235474,True,465,0.9069345593452454,True,465,0.8406772613525391,True,465,0.8302757740020752,True,c12_correct
466,467,467_2.bmp,preprocessed_results\467\467_2.bmp,466,466,466,0.9216703176498413,467,0.00393933430314064,0.9177309833467007,466|467|470|35|490,0.92167032|0.00393933|0.00254831|0.00163580|0.00154737,1,0.9216703176498413,True,466,0.9216703176498413,True,466,0.9351160526275635,True,466,0.8387351632118225,True,466,0.7081406712532043,True,c12_correct
467,468,468_6.bmp,preprocessed_results\468\468_6.bmp,467,467,467,0.8870950937271118,489,0.003951218910515308,0.8831438748165965,467|489|477|547|377,0.88709509|0.00395122|0.00349284|0.00349182|0.00301540,1,0.8870950937271118,True,467,0.8870950937271118,True,467,0.9228125810623169,True,467,0.8389483094215393,True,467,0.8378611207008362,True,c12_correct
468,469,469_9.bmp,preprocessed_results\469\469_9.bmp,468,468,468,0.783174991607666,469,0.06684575229883194,0.7163292393088341,468|469|422|418|389,0.78317499|0.06684575|0.00455508|0.00428755|0.00355812,1,0.783174991607666,True,468,0.783174991607666,True,468,0.8984293341636658,True,468,0.8440496921539307,True,468,0.8083028793334961,True,c12_correct
469,470,470_2.bmp,preprocessed_results\470\470_2.bmp,469,469,469,0.8485965132713318,468,0.010226367972791195,0.8383701452985406,469|468|422|514|351,0.84859651|0.01022637|0.00768397|0.00716919|0.00587385,1,0.8485965132713318,True,469,0.8485965132713318,True,469,0.8778026700019836,True,469,0.8437231779098511,True,469,0.7384085655212402,True,c12_correct
470,471,471_5.bmp,preprocessed_results\471\471_5.bmp,470,470,470,0.8826155662536621,464,0.006664784625172615,0.8759507816284895,470|464|190|408|513,0.88261557|0.00666478|0.00492184|0.00456062|0.00355744,1,0.8826155662536621,True,470,0.8826155662536621,True,470,0.7261019349098206,True,470,0.811663806438446,True,470,0.7900039553642273,True,c12_correct
471,472,472_7.bmp,preprocessed_results\472\472_7.bmp,471,471,471,0.8865004181861877,125,0.0029957275837659836,0.8835046906024218,471|125|542|405|46,0.88650042|0.00299573|0.00276416|0.00251774|0.00233989,1,0.8865004181861877,True,471,0.8865004181861877,True,471,0.9013407230377197,True,471,0.8126850128173828,True,471,0.8625997304916382,True,c12_correct
472,473,473_8.bmp,preprocessed_results\473\473_8.bmp,472,472,472,0.9016909599304199,473,0.004433529917150736,0.8972574300132692,472|473|397|470|40,0.90169096|0.00443353|0.00293720|0.00211252|0.00169210,1,0.9016909599304199,True,472,0.9016909599304199,True,472,0.9088041186332703,True,472,0.8292422294616699,True,472,0.9102038741111755,True,c12_correct
473,474,474_5.bmp,preprocessed_results\474\474_5.bmp,473,473,473,0.8643813133239746,472,0.005194440018385649,0.859186873305589,473|472|508|347|483,0.86438131|0.00519444|0.00395662|0.00276477|0.00271701,1,0.8643813133239746,True,473,0.8643813133239746,True,473,0.897605299949646,True,473,0.8311772346496582,True,473,0.8162436485290527,True,c12_correct
474,475,475_10.bmp,preprocessed_results\475\475_10.bmp,474,474,474,0.9160115122795105,475,0.005477297119796276,0.9105342151597142,474|475|533|116|637,0.91601151|0.00547730|0.00153823|0.00139862|0.00114041,1,0.9160115122795105,True,474,0.9160115122795105,True,474,0.9257514476776123,True,474,0.8597701787948608,True,474,0.8653368353843689,True,c12_correct
475,476,476_5.bmp,preprocessed_results\476\476_5.bmp,475,475,475,0.8953512907028198,557,0.004761581774801016,0.8905897089280188,475|557|474|561|559,0.89535129|0.00476158|0.00474387|0.00387436|0.00292425,1,0.8953512907028198,True,475,0.8953512907028198,True,475,0.7519541382789612,True,475,0.8244870901107788,True,475,0.8108190894126892,True,c12_correct
476,477,477_1.bmp,preprocessed_results\477\477_1.bmp,476,476,476,0.6200487613677979,477,0.07993566989898682,0.540113091468811,476|477|484|485|439,0.62004876|0.07993567|0.03970738|0.01675912|0.00774062,1,0.6200487613677979,True,476,0.6200487613677979,True,476,0.756567120552063,True,476,0.8199299573898315,True,476,0.7269499897956848,True,c12_correct
477,478,478_7.bmp,preprocessed_results\478\478_7.bmp,477,477,477,0.8418998718261719,476,0.011058208532631397,0.8308416632935405,477|476|484|467|485,0.84189987|0.01105821|0.00732726|0.00347590|0.00274620,1,0.8418998718261719,True,477,0.8418998718261719,True,477,0.9024249911308289,True,477,0.8209660649299622,True,477,0.8592490553855896,True,c12_correct
478,479,479_5.bmp,preprocessed_results\479\479_5.bmp,478,478,478,0.8852787017822266,68,0.005735029932111502,0.8795436718501151,478|68|242|664|479,0.88527870|0.00573503|0.00531077|0.00381477|0.00335562,1,0.8852787017822266,True,478,0.8852787017822266,True,478,0.5948625206947327,True,478,0.7974658012390137,True,478,0.7989952564239502,True,c12_correct
479,480,480_4.bmp,preprocessed_results\480\480_4.bmp,479,479,479,0.868953287601471,535,0.012807377614080906,0.85614590998739,479|535|538|478|475,0.86895329|0.01280738|0.00623473|0.00329552|0.00289084,1,0.868953287601471,True,479,0.868953287601471,True,479,0.8709864616394043,True,479,0.8217035531997681,True,479,0.8502179384231567,True,c12_correct
480,481,481_6.bmp,preprocessed_results\481\481_6.bmp,480,480,480,0.8881216049194336,481,0.007287181448191404,0.8808344234712422,480|481|529|394|402,0.88812160|0.00728718|0.00336350|0.00319808|0.00219463,1,0.8881216049194336,True,480,0.8881216049194336,True,480,0.8149152994155884,True,480,0.8314621448516846,True,480,0.86237633228302,True,c12_correct
481,482,482_7.bmp,preprocessed_results\482\482_7.bmp,481,481,481,0.8517664074897766,510,0.010440927930176258,0.8413254795596004,481|510|465|480|418,0.85176641|0.01044093|0.00717091|0.00287569|0.00264179,1,0.8517664074897766,True,481,0.8517664074897766,True,481,0.8376964926719666,True,481,0.8280289173126221,True,481,0.7661782503128052,True,c12_correct
482,483,483_9.bmp,preprocessed_results\483\483_9.bmp,482,482,482,0.9231000542640686,484,0.005941390059888363,0.9171586642041802,482|484|483|451|467,0.92310005|0.00594139|0.00270555|0.00224027|0.00171573,1,0.9231000542640686,True,482,0.9231000542640686,True,482,0.7329362034797668,True,482,0.8339354991912842,True,482,0.879608690738678,True,c12_correct
483,484,484_9.bmp,preprocessed_results\484\484_9.bmp,483,483,483,0.9162816405296326,482,0.0023825322277843952,0.9138991083018482,483|482|514|227|415,0.91628164|0.00238253|0.00199385|0.00183610|0.00162902,1,0.9162816405296326,True,483,0.9162816405296326,True,483,0.7253075242042542,True,483,0.8191611766815186,True,483,0.8170647621154785,True,c12_correct
484,485,485_9.bmp,preprocessed_results\485\485_9.bmp,484,484,484,0.8590700030326843,485,0.010728149674832821,0.8483418533578515,484|485|477|464|372,0.85907000|0.01072815|0.00947912|0.00398606|0.00393501,1,0.8590700030326843,True,484,0.8590700030326843,True,484,0.8536112308502197,True,484,0.8338409066200256,True,484,0.7494290471076965,True,c12_correct
485,486,486_4.bmp,preprocessed_results\486\486_4.bmp,485,485,485,0.8694066405296326,477,0.00866406224668026,0.8607425782829523,485|477|432|484|473,0.86940664|0.00866406|0.00491201|0.00470609|0.00257793,1,0.8694066405296326,True,485,0.8694066405296326,True,485,0.8448038101196289,True,485,0.8359718322753906,True,485,0.8256142139434814,True,c12_correct
486,487,487_8.bmp,preprocessed_results\487\487_8.bmp,486,486,486,0.7402458190917969,487,0.0712309181690216,0.6690149009227753,486|487|464|484|493,0.74024582|0.07123092|0.01735941|0.00844318|0.00765891,1,0.7402458190917969,True,486,0.7402458190917969,True,486,0.6228037476539612,True,486,0.8442103266716003,True,486,0.7294294238090515,True,c12_correct
487,488,488_2.bmp,preprocessed_results\488\488_2.bmp,487,487,487,0.7884113192558289,486,0.05375621095299721,0.7346551083028316,487|486|526|464|457,0.78841132|0.05375621|0.00620814|0.00412620|0.00397018,1,0.7884113192558289,True,487,0.7884113192558289,True,487,0.7792618870735168,True,487,0.8012044429779053,True,487,0.7528406977653503,True,c12_correct
488,489,489_8.bmp,preprocessed_results\489\489_8.bmp,488,488,488,0.8211692571640015,489,0.006576712243258953,0.8145925449207425,488|489|518|459|426,0.82116926|0.00657671|0.00342808|0.00235558|0.00192519,1,0.8211692571640015,True,488,0.8211692571640015,True,488,0.8568167686462402,True,488,0.7900928258895874,True,488,0.8381079435348511,True,c12_correct
489,490,490_2.bmp,preprocessed_results\490\490_2.bmp,489,489,489,0.8200455904006958,467,0.015070685185492039,0.8049749052152038,489|467|533|488|535,0.82004559|0.01507069|0.00542114|0.00433227|0.00354348,1,0.8200455904006958,True,489,0.8200455904006958,True,489,0.8219152688980103,True,489,0.8572245240211487,True,489,0.7876899242401123,True,c12_correct
490,491,491_2.bmp,preprocessed_results\491\491_2.bmp,490,490,490,0.9025853276252747,466,0.011357149109244347,0.8912281785160303,490|466|478|419|35,0.90258533|0.01135715|0.00376900|0.00294019|0.00275119,1,0.9025853276252747,True,490,0.9025853276252747,True,490,0.7424941658973694,True,490,0.8397802710533142,True,490,0.686689019203186,True,c12_correct
491,492,492_9.bmp,preprocessed_results\492\492_9.bmp,491,491,491,0.6989362835884094,415,0.017670923843979836,0.6812653597444296,491|415|514|375|463,0.69893628|0.01767092|0.01186345|0.00867453|0.00579675,1,0.6989362835884094,True,491,0.6989362835884094,True,491,0.8104493618011475,True,491,0.8335945010185242,True,491,0.8204584121704102,True,c12_correct
492,493,493_1.bmp,preprocessed_results\493\493_1.bmp,492,492,492,0.5552635192871094,493,0.02794797532260418,0.5273155439645052,492|493|503|508|526,0.55526352|0.02794798|0.02483492|0.01954389|0.01092329,1,0.5552635192871094,True,492,0.5552635192871094,True,492,0.19336239993572235,True,492,0.7570893168449402,True,492,0.37707045674324036,True,c12_correct
493,494,494_3.bmp,preprocessed_results\494\494_3.bmp,493,493,493,0.828554630279541,492,0.010288101620972157,0.8182665286585689,493|492|461|489|526,0.82855463|0.01028810|0.00526100|0.00467486|0.00388239,1,0.828554630279541,True,493,0.828554630279541,True,493,0.8352253437042236,True,493,0.8244214057922363,True,493,0.8714358806610107,True,c12_correct
494,495,495_4.bmp,preprocessed_results\495\495_4.bmp,494,494,494,0.8120178580284119,495,0.004327693488448858,0.807690164539963,494|495|80|35|470,0.81201786|0.00432769|0.00410420|0.00370737|0.00325108,1,0.8120178580284119,True,494,0.8120178580284119,True,494,0.927399754524231,True,494,0.8385035395622253,True,494,0.8312074542045593,True,c12_correct
495,496,496_6.bmp,preprocessed_results\496\496_6.bmp,495,495,495,0.8660315871238708,378,0.003856009803712368,0.8621755773201585,495|378|494|489|518,0.86603159|0.00385601|0.00292422|0.00206810|0.00200209,1,0.8660315871238708,True,495,0.8660315871238708,True,495,0.8537381291389465,True,495,0.8546514511108398,True,495,0.8285897374153137,True,c12_correct
496,497,497_1.bmp,preprocessed_results\497\497_1.bmp,496,496,496,0.23271089792251587,497,0.029957924038171768,0.2027529738843441,496|497|552|459|164,0.23271090|0.02995792|0.01820593|0.01599053|0.01515032,1,0.23271089792251587,True,496,0.23271089792251587,True,496,0.17623190581798553,True,496,0.7798049449920654,True,496,0.2604149281978607,True,c12_correct
497,498,498_9.bmp,preprocessed_results\498\498_9.bmp,497,497,497,0.3130709230899811,447,0.0363042838871479,0.2767666392028332,497|447|8|459|423,0.31307092|0.03630428|0.02092163|0.02063159|0.01571795,1,0.3130709230899811,True,497,0.3130709230899811,True,497,0.5835350155830383,True,497,0.8248348832130432,True,497,0.7212235331535339,True,c12_correct
498,499,499_8.bmp,preprocessed_results\499\499_8.bmp,498,498,498,0.72414231300354,462,0.027583112940192223,0.6965592000633478,498|462|506|405|463,0.72414231|0.02758311|0.02141349|0.00695186|0.00577764,1,0.72414231300354,True,498,0.72414231300354,True,498,0.9140306115150452,True,498,0.8492593169212341,True,498,0.805068850517273,True,c12_correct
499,500,500_10.bmp,preprocessed_results\500\500_10.bmp,499,499,499,0.7357403039932251,61,0.014470050111413002,0.7212702538818121,499|61|498|112|428,0.73574030|0.01447005|0.00988523|0.00852301|0.00800177,1,0.7357403039932251,True,499,0.7357403039932251,True,499,0.7168269753456116,True,499,0.8472002744674683,True,499,0.7729728817939758,True,c12_correct
500,501,501_3.bmp,preprocessed_results\501\501_3.bmp,500,500,500,0.7981744408607483,502,0.008587068878114223,0.7895873719826341,500|502|281|426|387,0.79817444|0.00858707|0.00688553|0.00638876|0.00615455,1,0.7981744408607483,True,500,0.7981744408607483,True,500,0.9203007817268372,True,500,0.8355689644813538,True,500,0.7945132851600647,True,c12_correct
501,502,502_7.bmp,preprocessed_results\502\502_7.bmp,501,501,501,0.7104290127754211,511,0.01151483878493309,0.698914173990488,501|511|416|334|461,0.71042901|0.01151484|0.00755961|0.00733760|0.00689527,1,0.7104290127754211,True,501,0.7104290127754211,True,501,0.7506052255630493,True,501,0.8522939682006836,True,501,0.81671142578125,True,c12_correct
502,503,503_4.bmp,preprocessed_results\503\503_4.bmp,502,502,502,0.9148063063621521,500,0.004031403921544552,0.9107749024406075,502|500|430|207|493,0.91480631|0.00403140|0.00306570|0.00279610|0.00189955,1,0.9148063063621521,True,502,0.9148063063621521,True,502,0.6088289618492126,True,502,0.8347219228744507,True,502,0.8314885497093201,True,c12_correct
503,504,504_4.bmp,preprocessed_results\504\504_4.bmp,503,503,482,0.09519793093204498,468,0.06772565841674805,0.027472272515296936,482|468|66|148|484,0.09519793|0.06772566|0.04453032|0.04361299|0.04100023,48,0.003443451365455985,False,482,0.09519793093204498,False,534,0.012089760974049568,False,503,0.028190873563289642,True,503,0.0738213062286377,True,teacher_all_correct;low_margin
504,505,505_10.bmp,preprocessed_results\505\505_10.bmp,504,504,504,0.8749885559082031,555,0.010812892578542233,0.8641756633296609,504|555|505|359|517,0.87498856|0.01081289|0.00902182|0.00346606|0.00293659,1,0.8749885559082031,True,504,0.8749885559082031,True,504,0.9343798160552979,True,504,0.8265007138252258,True,504,0.8717280626296997,True,c12_correct
505,506,506_10.bmp,preprocessed_results\506\506_10.bmp,505,505,505,0.8508854508399963,504,0.015697861090302467,0.8351875897496939,505|504|479|555|71,0.85088545|0.01569786|0.00406849|0.00321798|0.00287361,1,0.8508854508399963,True,505,0.8508854508399963,True,505,0.8419013023376465,True,505,0.824862003326416,True,505,0.7990568280220032,True,c12_correct
506,507,507_1.bmp,preprocessed_results\507\507_1.bmp,506,506,506,0.5017364025115967,403,0.020866001024842262,0.4808704014867544,506|403|499|407|365,0.50173640|0.02086600|0.01857622|0.01270668|0.01257373,1,0.5017364025115967,True,506,0.5017364025115967,True,506,0.7096995115280151,True,506,0.8113783597946167,True,506,0.6614295244216919,True,c12_correct
507,508,508_6.bmp,preprocessed_results\508\508_6.bmp,507,507,507,0.6180379390716553,336,0.020464828237891197,0.5975731108337641,507|336|529|388|26,0.61803794|0.02046483|0.01555803|0.01168484|0.00779869,1,0.6180379390716553,True,507,0.6180379390716553,True,507,0.7128391861915588,True,507,0.8052840828895569,True,507,0.6986538767814636,True,c12_correct
508,509,509_8.bmp,preprocessed_results\509\509_8.bmp,508,508,508,0.8827801942825317,509,0.004664474166929722,0.878115720115602,508|509|510|457|473,0.88278019|0.00466447|0.00401522|0.00315846|0.00301260,1,0.8827801942825317,True,508,0.8827801942825317,True,508,0.827589750289917,True,508,0.842714250087738,True,508,0.822607696056366,True,c12_correct
509,510,510_5.bmp,preprocessed_results\510\510_5.bmp,509,509,509,0.741267204284668,350,0.005052727647125721,0.7362144766375422,509|350|180|444|544,0.74126720|0.00505273|0.00489459|0.00345107|0.00327029,1,0.741267204284668,True,509,0.741267204284668,True,509,0.7132691740989685,True,509,0.8207140564918518,True,509,0.7344158291816711,True,c12_correct
510,511,511_6.bmp,preprocessed_results\511\511_6.bmp,510,510,510,0.8446537852287292,511,0.00953336525708437,0.8351204199716449,510|511|481|473|418,0.84465379|0.00953337|0.00699783|0.00576723|0.00283270,1,0.8446537852287292,True,510,0.8446537852287292,True,510,0.8302801847457886,True,510,0.8476369976997375,True,510,0.7547556161880493,True,c12_correct
511,512,512_8.bmp,preprocessed_results\512\512_8.bmp,511,511,511,0.8383421897888184,510,0.014033973217010498,0.8243082165718079,511|510|416|203|365,0.83834219|0.01403397|0.00554398|0.00545463|0.00392385,1,0.8383421897888184,True,511,0.8383421897888184,True,511,0.8195828795433044,True,511,0.8413814306259155,True,511,0.8525072336196899,True,c12_correct
512,513,513_10.bmp,preprocessed_results\513\513_10.bmp,512,512,512,0.8474240303039551,356,0.0039029226172715425,0.8435211076866835,512|356|542|543|180,0.84742403|0.00390292|0.00303395|0.00286891|0.00272286,1,0.8474240303039551,True,512,0.8474240303039551,True,512,0.8089703321456909,True,512,0.8129591941833496,True,512,0.7567296028137207,True,c12_correct
513,514,514_5.bmp,preprocessed_results\514\514_5.bmp,513,513,513,0.9105419516563416,563,0.008854062296450138,0.9016878893598914,513|563|372|378|512,0.91054195|0.00885406|0.00308007|0.00252873|0.00189774,1,0.9105419516563416,True,513,0.9105419516563416,True,513,0.9172853231430054,True,513,0.8600581288337708,True,513,0.8800508975982666,True,c12_correct
514,515,515_9.bmp,preprocessed_results\515\515_9.bmp,514,514,514,0.8473437428474426,515,0.00565484119579196,0.8416889016516507,514|515|413|448|476,0.84734374|0.00565484|0.00453977|0.00351970|0.00273556,1,0.8473437428474426,True,514,0.8473437428474426,True,514,0.8656211495399475,True,514,0.8095507025718689,True,514,0.7963224649429321,True,c12_correct
515,516,516_8.bmp,preprocessed_results\516\516_8.bmp,515,515,515,0.4708992540836334,394,0.03857797384262085,0.4323212802410126,515|394|396|344|514,0.47089925|0.03857797|0.01777053|0.01688649|0.01389993,1,0.4708992540836334,True,515,0.4708992540836334,True,515,0.6109889149665833,True,515,0.8082057237625122,True,515,0.6910360455513,True,c12_correct
516,517,517_5.bmp,preprocessed_results\517\517_5.bmp,516,516,516,0.8974664211273193,517,0.006479727104306221,0.8909866940230131,516|517|387|351|495,0.89746642|0.00647973|0.00339364|0.00238713|0.00213849,1,0.8974664211273193,True,516,0.8974664211273193,True,516,0.8810247182846069,True,516,0.8561574220657349,True,516,0.8636320233345032,True,c12_correct
517,518,518_3.bmp,preprocessed_results\518\518_3.bmp,517,517,517,0.8797210454940796,539,0.005888762883841991,0.8738322826102376,517|539|516|450|519,0.87972105|0.00588876|0.00481923|0.00317666|0.00292375,1,0.8797210454940796,True,517,0.8797210454940796,True,517,0.8423092365264893,True,517,0.8049063086509705,True,517,0.7985512614250183,True,c12_correct
518,519,519_9.bmp,preprocessed_results\519\519_9.bmp,518,518,518,0.8666613101959229,546,0.00824776105582714,0.8584135491400957,518|546|547|55|519,0.86666131|0.00824776|0.00405798|0.00394051|0.00365590,1,0.8666613101959229,True,518,0.8666613101959229,True,518,0.8140689730644226,True,518,0.8515801429748535,True,518,0.8244645595550537,True,c12_correct
519,520,520_6.bmp,preprocessed_results\520\520_6.bmp,519,519,519,0.8628594875335693,461,0.00387739110738039,0.858982096426189,519|461|416|55|381,0.86285949|0.00387739|0.00386977|0.00369251|0.00294048,1,0.8628594875335693,True,519,0.8628594875335693,True,519,0.8117327690124512,True,519,0.8426928520202637,True,519,0.7862889170646667,True,c12_correct
520,521,521_5.bmp,preprocessed_results\521\521_5.bmp,520,520,520,0.8437586426734924,521,0.01754053868353367,0.8262181039899588,520|521|238|544|413,0.84375864|0.01754054|0.00331669|0.00326651|0.00274210,1,0.8437586426734924,True,520,0.8437586426734924,True,520,0.8655318021774292,True,520,0.8458176255226135,True,520,0.8818084001541138,True,c12_correct
521,522,522_8.bmp,preprocessed_results\522\522_8.bmp,521,521,521,0.8525756597518921,520,0.019571887329220772,0.8330037724226713,521|520|444|436|135,0.85257566|0.01957189|0.00364448|0.00334842|0.00241034,1,0.8525756597518921,True,521,0.8525756597518921,True,521,0.8288049101829529,True,521,0.814247190952301,True,521,0.8515796661376953,True,c12_correct
522,523,523_9.bmp,preprocessed_results\523\523_9.bmp,522,522,522,0.8434014320373535,523,0.007172258570790291,0.8362291734665632,522|523|16|407|401,0.84340143|0.00717226|0.00576657|0.00540613|0.00521923,1,0.8434014320373535,True,522,0.8434014320373535,True,522,0.8966403007507324,True,522,0.8360264897346497,True,522,0.8502647876739502,True,c12_correct
523,524,524_5.bmp,preprocessed_results\524\524_5.bmp,523,523,523,0.8215714693069458,522,0.02300054021179676,0.798570929095149,523|522|443|365|233,0.82157147|0.02300054|0.00486591|0.00335246|0.00307865,1,0.8215714693069458,True,523,0.8215714693069458,True,523,0.8649977445602417,True,523,0.8427602648735046,True,523,0.8132157921791077,True,c12_correct
524,525,525_6.bmp,preprocessed_results\525\525_6.bmp,524,524,524,0.8779491186141968,420,0.0020634413231164217,0.8758856772910804,524|420|240|287|470,0.87794912|0.00206344|0.00188418|0.00173200|0.00167478,1,0.8779491186141968,True,524,0.8779491186141968,True,524,0.8779066801071167,True,524,0.8492957353591919,True,524,0.8300513625144958,True,c12_correct
525,526,526_7.bmp,preprocessed_results\526\526_7.bmp,525,525,525,0.8758620023727417,524,0.002998483134433627,0.8728635192383081,525|524|527|426|199,0.87586200|0.00299848|0.00278611|0.00271595|0.00207819,1,0.8758620023727417,True,525,0.8758620023727417,True,525,0.8663102984428406,True,525,0.8488562703132629,True,525,0.8479049205780029,True,c12_correct
526,527,527_3.bmp,preprocessed_results\527\527_3.bmp,526,526,526,0.8162233233451843,527,0.005607418715953827,0.8106159046292305,526|527|514|477|412,0.81622332|0.00560742|0.00490078|0.00325014|0.00275481,1,0.8162233233451843,True,526,0.8162233233451843,True,526,0.78758704662323,True,526,0.8476907014846802,True,526,0.8150076270103455,True,c12_correct
527,528,528_8.bmp,preprocessed_results\528\528_8.bmp,527,527,527,0.8506302237510681,526,0.0072457799687981606,0.84338444378227,527|526|493|489|181,0.85063022|0.00724578|0.00320409|0.00272963|0.00257921,1,0.8506302237510681,True,527,0.8506302237510681,True,527,0.8568797707557678,True,527,0.8370013236999512,True,527,0.8195081353187561,True,c12_correct
528,529,529_10.bmp,preprocessed_results\529\529_10.bmp,528,528,528,0.7133959531784058,506,0.01144016720354557,0.7019557859748602,528|506|544|481|398,0.71339595|0.01144017|0.00694420|0.00593478|0.00587420,1,0.7133959531784058,True,528,0.7133959531784058,True,528,0.7740767002105713,True,528,0.8174744248390198,True,528,0.6879824995994568,True,c12_correct
529,530,530_5.bmp,preprocessed_results\530\530_5.bmp,529,529,529,0.8489789366722107,507,0.013197207823395729,0.835781728848815,529|507|528|388|267,0.84897894|0.01319721|0.00550915|0.00485456|0.00365102,1,0.8489789366722107,True,529,0.8489789366722107,True,529,0.8812710046768188,True,529,0.839743435382843,True,529,0.8540804982185364,True,c12_correct
530,531,531_7.bmp,preprocessed_results\531\531_7.bmp,530,530,530,0.7124118208885193,531,0.01620277389883995,0.6962090469896793,530|531|407|558|152,0.71241182|0.01620277|0.01021106|0.00938827|0.00778919,1,0.7124118208885193,True,530,0.7124118208885193,True,530,0.7831916213035583,True,530,0.8326126337051392,True,530,0.8483911752700806,True,c12_correct
531,532,532_8.bmp,preprocessed_results\532\532_8.bmp,531,531,531,0.8845149278640747,530,0.016498561948537827,0.8680163659155369,531|530|439|219|103,0.88451493|0.01649856|0.00252838|0.00251838|0.00194277,1,0.8845149278640747,True,531,0.8845149278640747,True,531,0.6934899091720581,True,531,0.84482741355896,True,531,0.7451040148735046,True,c12_correct
532,533,533_3.bmp,preprocessed_results\533\533_3.bmp,532,532,532,0.7870566248893738,479,0.012104607187211514,0.7749520177021623,532|479|436|538|552,0.78705662|0.01210461|0.00934021|0.00476108|0.00458218,1,0.7870566248893738,True,532,0.7870566248893738,True,532,0.9072022438049316,True,532,0.7976082563400269,True,532,0.8073616027832031,True,c12_correct
533,534,534_9.bmp,preprocessed_results\534\534_9.bmp,533,533,533,0.8920252323150635,273,0.005046464037150145,0.8869787682779133,533|273|489|547|376,0.89202523|0.00504646|0.00376468|0.00340160|0.00298120,1,0.8920252323150635,True,533,0.8920252323150635,True,533,0.9275917410850525,True,533,0.8342698812484741,True,533,0.8599106669425964,True,c12_correct
534,535,535_2.bmp,preprocessed_results\535\535_2.bmp,534,534,534,0.5024547576904297,148,0.014135058969259262,0.4883196987211704,534|148|332|181|180,0.50245476|0.01413506|0.01115007|0.00937623|0.00809884,1,0.5024547576904297,True,534,0.5024547576904297,True,534,0.3317716717720032,True,534,0.7262925505638123,True,534,0.29744553565979004,True,c12_correct
535,536,536_8.bmp,preprocessed_results\536\536_8.bmp,535,535,535,0.8614268898963928,448,0.003185699228197336,0.8582411906681955,535|448|555|479|27,0.86142689|0.00318570|0.00314080|0.00285503|0.00276813,1,0.8614268898963928,True,535,0.8614268898963928,True,535,0.8084248304367065,True,535,0.8425214886665344,True,535,0.7911618947982788,True,c12_correct
536,537,537_9.bmp,preprocessed_results\537\537_9.bmp,536,536,536,0.8717421293258667,374,0.0038169126491993666,0.8679252166766673,536|374|535|347|395,0.87174213|0.00381691|0.00257243|0.00254777|0.00241549,1,0.8717421293258667,True,536,0.8717421293258667,True,536,0.7912564277648926,True,536,0.8333178758621216,True,536,0.8338385820388794,True,c12_correct
537,538,538_9.bmp,preprocessed_results\538\538_9.bmp,537,537,537,0.9197778105735779,355,0.004522654693573713,0.9152551558800042,537|355|536|354|145,0.91977781|0.00452265|0.00368136|0.00314524|0.00214797,1,0.9197778105735779,True,537,0.9197778105735779,True,537,0.8843194246292114,True,537,0.8462104201316833,True,537,0.8593040704727173,True,c12_correct
538,539,539_3.bmp,preprocessed_results\539\539_3.bmp,538,538,538,0.7817255854606628,479,0.017568428069353104,0.7641571573913097,538|479|362|469|455,0.78172559|0.01756843|0.00757991|0.00620900|0.00570828,1,0.7817255854606628,True,538,0.7817255854606628,True,538,0.5942493677139282,True,538,0.8424755930900574,True,538,0.6969955563545227,True,c12_correct
539,540,540_2.bmp,preprocessed_results\540\540_2.bmp,539,539,539,0.6922770142555237,504,0.008328202180564404,0.6839488120749593,539|504|533|537|478,0.69227701|0.00832820|0.00793866|0.00741640|0.00520454,1,0.6922770142555237,True,539,0.6922770142555237,True,539,0.7741122245788574,True,539,0.8419188857078552,True,539,0.8500657081604004,True,c12_correct
540,541,541_10.bmp,preprocessed_results\541\541_10.bmp,540,540,540,0.8844993114471436,558,0.005352902691811323,0.8791464087553322,540|558|541|283|532,0.88449931|0.00535290|0.00528251|0.00452519|0.00382282,1,0.8844993114471436,True,540,0.8844993114471436,True,540,0.9362656474113464,True,540,0.8091968297958374,True,540,0.8896350264549255,True,c12_correct
541,542,542_5.bmp,preprocessed_results\542\542_5.bmp,541,541,541,0.7672096490859985,540,0.013476863503456116,0.7537327855825424,541|540|20|598|559,0.76720965|0.01347686|0.00629166|0.00606009|0.00538931,1,0.7672096490859985,True,541,0.7672096490859985,True,541,0.8399538397789001,True,541,0.8411489129066467,True,541,0.8643888235092163,True,c12_correct
542,543,543_6.bmp,preprocessed_results\543\543_6.bmp,542,542,542,0.8535427451133728,543,0.012341179884970188,0.8412015652284026,542|543|471|243|138,0.85354275|0.01234118|0.00433357|0.00338933|0.00321926,1,0.8535427451133728,True,542,0.8535427451133728,True,542,0.8808819651603699,True,542,0.8367440700531006,True,542,0.8033409118652344,True,c12_correct
543,544,544_4.bmp,preprocessed_results\544\544_4.bmp,543,543,543,0.5485532283782959,542,0.07401465624570847,0.47453857213258743,543|542|512|536|180,0.54855323|0.07401466|0.03677712|0.00960831|0.00829758,1,0.5485532283782959,True,543,0.5485532283782959,True,543,0.16607996821403503,True,543,0.42461761832237244,True,543,0.5148686766624451,True,c12_correct
544,545,545_6.bmp,preprocessed_results\545\545_6.bmp,544,544,544,0.8500804305076599,12,0.008978646248579025,0.8411017842590809,544|12|180|421|543,0.85008043|0.00897865|0.00510385|0.00494997|0.00345695,1,0.8500804305076599,True,544,0.8500804305076599,True,544,0.8962070345878601,True,544,0.8263787627220154,True,544,0.8093364238739014,True,c12_correct
545,546,546_4.bmp,preprocessed_results\546\546_4.bmp,545,545,545,0.815183699131012,344,0.011747637763619423,0.8034360613673925,545|344|322|96|313,0.81518370|0.01174764|0.00656031|0.00581230|0.00417194,1,0.815183699131012,True,545,0.815183699131012,True,545,0.8967752456665039,True,545,0.8560627102851868,True,545,0.84101802110672,True,c12_correct
546,547,547_3.bmp,preprocessed_results\547\547_3.bmp,546,546,546,0.6214290261268616,518,0.01734289526939392,0.6040861308574677,546|518|547|705|464,0.62142903|0.01734290|0.01078894|0.00732471|0.00658959,1,0.6214290261268616,True,546,0.6214290261268616,True,546,0.7849562764167786,True,546,0.8555740118026733,True,546,0.6904088258743286,True,c12_correct
547,548,548_9.bmp,preprocessed_results\548\548_9.bmp,547,547,547,0.8047787547111511,546,0.008504843339323997,0.7962739113718271,547|546|409|518|495,0.80477875|0.00850484|0.00626467|0.00609918|0.00591905,1,0.8047787547111511,True,547,0.8047787547111511,True,547,0.6334936022758484,True,547,0.8497468829154968,True,547,0.7485069036483765,True,c12_correct
548,549,549_10.bmp,preprocessed_results\549\549_10.bmp,548,548,548,0.8809735178947449,549,0.007541986647993326,0.8734315312467515,548|549|294|437|801,0.88097352|0.00754199|0.00321953|0.00305793|0.00269610,1,0.8809735178947449,True,548,0.8809735178947449,True,548,0.874372124671936,True,548,0.8416139483451843,True,548,0.8429470062255859,True,c12_correct
549,550,550_1.bmp,preprocessed_results\550\550_1.bmp,549,549,549,0.3879648447036743,548,0.0819278433918953,0.306037001311779,549|548|134|451|294,0.38796484|0.08192784|0.02102551|0.01401240|0.01341108,1,0.3879648447036743,True,549,0.3879648447036743,True,549,0.5067136287689209,True,549,0.7926397323608398,True,549,0.6053488850593567,True,c12_correct
550,551,551_3.bmp,preprocessed_results\551\551_3.bmp,550,550,550,0.8969834446907043,483,0.005704151466488838,0.8912792932242155,550|483|358|357|540,0.89698344|0.00570415|0.00561645|0.00473607|0.00436507,1,0.8969834446907043,True,550,0.8969834446907043,True,550,0.7952713370323181,True,550,0.8383545875549316,True,550,0.7009209990501404,True,c12_correct
551,552,552_9.bmp,preprocessed_results\552\552_9.bmp,551,551,551,0.8437301516532898,550,0.0074796476401388645,0.8362505040131509,551|550|432|362|358,0.84373015|0.00747965|0.00303342|0.00280869|0.00224044,1,0.8437301516532898,True,551,0.8437301516532898,True,551,0.8618177175521851,True,551,0.8283205628395081,True,551,0.8357982635498047,True,c12_correct
552,553,553_3.bmp,preprocessed_results\553\553_3.bmp,552,552,552,0.8549337983131409,86,0.013073203153908253,0.8418605951592326,552|86|152|282|117,0.85493380|0.01307320|0.00468834|0.00395684|0.00379282,1,0.8549337983131409,True,552,0.8549337983131409,True,552,0.8545439839363098,True,552,0.8149360418319702,True,552,0.7994791269302368,True,c12_correct
553,554,554_2.bmp,preprocessed_results\554\554_2.bmp,553,553,553,0.7573709487915039,513,0.006351889576762915,0.751019059214741,553|513|563|552|164,0.75737095|0.00635189|0.00524795|0.00458547|0.00388138,1,0.7573709487915039,True,553,0.7573709487915039,True,553,0.8480286002159119,True,553,0.8277097344398499,True,553,0.7632375359535217,True,c12_correct
554,555,555_8.bmp,preprocessed_results\555\555_8.bmp,554,554,554,0.8794364333152771,555,0.008689084090292454,0.8707473492249846,554|555|751|347|505,0.87943643|0.00868908|0.00381229|0.00329016|0.00311973,1,0.8794364333152771,True,554,0.8794364333152771,True,554,0.8374891877174377,True,554,0.8094587326049805,True,554,0.798941969871521,True,c12_correct
555,556,556_3.bmp,preprocessed_results\556\556_3.bmp,555,555,555,0.8656652569770813,504,0.016027646139264107,0.8496376108378172,555|504|554|505|455,0.86566526|0.01602765|0.01127119|0.00317477|0.00310550,1,0.8656652569770813,True,555,0.8656652569770813,True,555,0.9200707674026489,True,555,0.842933177947998,True,555,0.8176687359809875,True,c12_correct
556,557,557_8.bmp,preprocessed_results\557\557_8.bmp,556,556,556,0.867277204990387,557,0.00503340782597661,0.8622437971644104,556|557|359|35|454,0.86727720|0.00503341|0.00398369|0.00251258|0.00239628,1,0.867277204990387,True,556,0.867277204990387,True,556,0.8734621405601501,True,556,0.8128315806388855,True,556,0.8671649098396301,True,c12_correct
557,558,558_8.bmp,preprocessed_results\558\558_8.bmp,557,557,557,0.8908581137657166,556,0.006702512037009001,0.8841556017287076,557|556|559|475|474,0.89085811|0.00670251|0.00623590|0.00456826|0.00355620,1,0.8908581137657166,True,557,0.8908581137657166,True,557,0.8359882831573486,True,557,0.8468859195709229,True,557,0.8355513215065002,True,c12_correct
558,559,559_7.bmp,preprocessed_results\559\559_7.bmp,558,558,558,0.854547381401062,530,0.009125168435275555,0.8454222129657865,558|530|514|227|226,0.85454738|0.00912517|0.00610548|0.00408066|0.00354439,1,0.854547381401062,True,558,0.854547381401062,True,558,0.8294911980628967,True,558,0.8262139558792114,True,558,0.8168430924415588,True,c12_correct
559,560,560_3.bmp,preprocessed_results\560\560_3.bmp,559,559,559,0.8220807909965515,475,0.01655672676861286,0.8055240642279387,559|475|557|479|376,0.82208079|0.01655673|0.00989256|0.00729672|0.00357501,1,0.8220807909965515,True,559,0.8220807909965515,True,559,0.8080613613128662,True,559,0.8404749035835266,True,559,0.7618443369865417,True,c12_correct
560,561,561_3.bmp,preprocessed_results\561\561_3.bmp,560,560,560,0.8352338075637817,673,0.0037724007852375507,0.8314614067785442,560|673|561|333|479,0.83523381|0.00377240|0.00348586|0.00310446|0.00309619,1,0.8352338075637817,True,560,0.8352338075637817,True,560,0.844511866569519,True,560,0.8274595737457275,True,560,0.8677397966384888,True,c12_correct
561,562,562_7.bmp,preprocessed_results\562\562_7.bmp,561,561,561,0.8142974376678467,247,0.0066505842842161655,0.8076468533836305,561|247|554|560|475,0.81429744|0.00665058|0.00622841|0.00540890|0.00499377,1,0.8142974376678467,True,561,0.8142974376678467,True,561,0.8221206665039062,True,561,0.8221179842948914,True,561,0.8431116938591003,True,c12_correct
562,563,563_7.bmp,preprocessed_results\563\563_7.bmp,562,562,562,0.8842464089393616,563,0.011178188025951385,0.8730682209134102,562|563|536|561|229,0.88424641|0.01117819|0.00324611|0.00192596|0.00182116,1,0.8842464089393616,True,562,0.8842464089393616,True,562,0.8896483182907104,True,562,0.8021352887153625,True,562,0.8164016604423523,True,c12_correct
563,564,564_3.bmp,preprocessed_results\564\564_3.bmp,563,563,563,0.7752686142921448,562,0.009709539823234081,0.7655590744689107,563|562|358|513|557,0.77526861|0.00970954|0.00913407|0.00861474|0.00584434,1,0.7752686142921448,True,563,0.7752686142921448,True,563,0.8333712816238403,True,563,0.8184922337532043,True,563,0.8542077541351318,True,c12_correct
564,565,565_9.bmp,preprocessed_results\565\565_9.bmp,564,564,564,0.8980639576911926,565,0.011450586840510368,0.8866133708506823,564|565|666|247|684,0.89806396|0.01145059|0.00236093|0.00232193|0.00202871,1,0.8980639576911926,True,564,0.8980639576911926,True,564,0.7058294415473938,True,564,0.8118752837181091,True,564,0.8225021362304688,True,c12_correct
565,566,566_7.bmp,preprocessed_results\566\566_7.bmp,565,565,565,0.8598402142524719,42,0.0035392853897064924,0.8563009288627654,565|42|564|273|156,0.85984021|0.00353929|0.00352039|0.00304036|0.00265768,1,0.8598402142524719,True,565,0.8598402142524719,True,565,0.82013338804245,True,565,0.8045112490653992,True,565,0.7207930684089661,True,c12_correct
566,567,567_7.bmp,preprocessed_results\567\567_7.bmp,566,566,566,0.7780604958534241,624,0.00902373157441616,0.7690367642790079,566|624|118|567|662,0.77806050|0.00902373|0.00386151|0.00386105|0.00366664,1,0.7780604958534241,True,566,0.7780604958534241,True,566,0.7641646265983582,True,566,0.810370147228241,True,566,0.7816810011863708,True,c12_correct
567,568,568_8.bmp,preprocessed_results\568\568_8.bmp,567,567,567,0.7756009101867676,141,0.00950160063803196,0.7660993095487356,567|141|566|434|299,0.77560091|0.00950160|0.00726465|0.00565188|0.00522515,1,0.7756009101867676,True,567,0.7756009101867676,True,567,0.891059160232544,True,567,0.8459230065345764,True,567,0.8694577813148499,True,c12_correct
568,569,569_5.bmp,preprocessed_results\569\569_5.bmp,568,568,568,0.7245073914527893,187,0.01878054253757,0.7057268489152193,568|187|186|828|624,0.72450739|0.01878054|0.01499122|0.00708904|0.00685110,1,0.7245073914527893,True,568,0.7245073914527893,True,568,0.3284417688846588,True,568,0.8109583258628845,True,568,0.6579229235649109,True,c12_correct
569,570,570_9.bmp,preprocessed_results\570\570_9.bmp,569,569,569,0.8328094482421875,284,0.004810248501598835,0.8279991997405887,569|284|564|38|605,0.83280945|0.00481025|0.00397518|0.00393482|0.00320419,1,0.8328094482421875,True,569,0.8328094482421875,True,569,0.8762131333351135,True,569,0.8326850533485413,True,569,0.8026889562606812,True,c12_correct
570,571,571_5.bmp,preprocessed_results\571\571_5.bmp,570,570,570,0.7828197479248047,824,0.01282899547368288,0.7699907524511218,570|824|658|571|788,0.78281975|0.01282900|0.01082983|0.00751589|0.00684419,1,0.7828197479248047,True,570,0.7828197479248047,True,570,0.8145580291748047,True,570,0.8402755856513977,True,570,0.829820990562439,True,c12_correct
571,572,572_10.bmp,preprocessed_results\572\572_10.bmp,571,571,571,0.7118532061576843,824,0.013994622975587845,0.6978585831820965,571|824|759|570|683,0.71185321|0.01399462|0.00965234|0.00766917|0.00397701,1,0.7118532061576843,True,571,0.7118532061576843,True,571,0.7043437361717224,True,571,0.8432472944259644,True,571,0.6774974465370178,True,c12_correct
572,573,573_7.bmp,preprocessed_results\573\573_7.bmp,572,572,572,0.9061031937599182,573,0.003698367392644286,0.9024048263672739,572|573|279|780|596,0.90610319|0.00369837|0.00235339|0.00190453|0.00175700,1,0.9061031937599182,True,572,0.9061031937599182,True,572,0.9032832384109497,True,572,0.8480008840560913,True,572,0.8271405696868896,True,c12_correct
573,574,574_4.bmp,preprocessed_results\574\574_4.bmp,573,573,573,0.865842878818512,181,0.0036112016532570124,0.862231677165255,573|181|761|679|613,0.86584288|0.00361120|0.00276888|0.00238501|0.00227548,1,0.865842878818512,True,573,0.865842878818512,True,573,0.8737680912017822,True,573,0.8598915338516235,True,573,0.8191491961479187,True,c12_correct
574,575,575_7.bmp,preprocessed_results\575\575_7.bmp,574,574,574,0.5912696719169617,705,0.009792228229343891,0.5814774436876178,574|705|804|348|600,0.59126967|0.00979223|0.00884018|0.00674578|0.00617754,1,0.5912696719169617,True,574,0.5912696719169617,True,574,0.6000933647155762,True,574,0.8483745455741882,True,574,0.6838150024414062,True,c12_correct
575,576,576_5.bmp,preprocessed_results\576\576_5.bmp,575,575,575,0.6613774299621582,798,0.015662075951695442,0.6457153540104628,575|798|622|147|165,0.66137743|0.01566208|0.00895793|0.00779361|0.00777713,1,0.6613774299621582,True,575,0.6613774299621582,True,575,0.4106456935405731,True,575,0.7709347009658813,True,575,0.3296733498573303,True,c12_correct
576,577,577_4.bmp,preprocessed_results\577\577_4.bmp,576,576,576,0.6571866869926453,577,0.096212238073349,0.5609744489192963,576|577|273|676|272,0.65718669|0.09621224|0.05141893|0.01015589|0.00563890,1,0.6571866869926453,True,576,0.6571866869926453,True,576,0.7005963325500488,True,576,0.8066973090171814,True,576,0.652164876461029,True,c12_correct
577,578,578_9.bmp,preprocessed_results\578\578_9.bmp,577,577,577,0.6260029077529907,649,0.06926441937685013,0.5567384883761406,577|649|635|743|576,0.62600291|0.06926442|0.04275647|0.01490930|0.01405665,1,0.6260029077529907,True,577,0.6260029077529907,True,577,0.486961305141449,True,577,0.8196503520011902,True,577,0.7975424528121948,True,c12_correct
578,579,579_10.bmp,preprocessed_results\579\579_10.bmp,578,578,578,0.9078290462493896,579,0.00550525588914752,0.9023237903602421,578|579|624|564|272,0.90782905|0.00550526|0.00327773|0.00315795|0.00266407,1,0.9078290462493896,True,578,0.9078290462493896,True,578,0.8128853440284729,True,578,0.8431575894355774,True,578,0.8384861350059509,True,c12_correct
579,580,580_4.bmp,preprocessed_results\580\580_4.bmp,579,579,579,0.7443567514419556,225,0.009300732985138893,0.7350560184568167,579|225|793|578|341,0.74435675|0.00930073|0.00673304|0.00426440|0.00341701,1,0.7443567514419556,True,579,0.7443567514419556,True,579,0.6658768057823181,True,579,0.7939478754997253,True,579,0.7486945986747742,True,c12_correct
580,581,581_2.bmp,preprocessed_results\581\581_2.bmp,580,580,580,0.8310495018959045,730,0.007219466846436262,0.8238300350494683,580|730|581|237|670,0.83104950|0.00721947|0.00712118|0.00328782|0.00289950,1,0.8310495018959045,True,580,0.8310495018959045,True,580,0.9284958243370056,True,580,0.8277145624160767,True,580,0.8693168759346008,True,c12_correct
581,582,582_6.bmp,preprocessed_results\582\582_6.bmp,581,581,581,0.7402651906013489,580,0.01291363500058651,0.7273515556007624,581|580|670|730|829,0.74026519|0.01291364|0.01051695|0.00578539|0.00499215,1,0.7402651906013489,True,581,0.7402651906013489,True,581,0.8728988766670227,True,581,0.8266555070877075,True,581,0.8007642030715942,True,c12_correct
582,583,583_8.bmp,preprocessed_results\583\583_8.bmp,582,582,582,0.8320772647857666,729,0.009368286468088627,0.822708978317678,582|729|583|661|740,0.83207726|0.00936829|0.00838740|0.00689952|0.00569911,1,0.8320772647857666,True,582,0.8320772647857666,True,582,0.7595785856246948,True,582,0.8471682071685791,True,582,0.6714209318161011,True,c12_correct
583,584,584_4.bmp,preprocessed_results\584\584_4.bmp,583,583,583,0.6816405057907104,582,0.03645845130085945,0.645182054489851,583|582|225|640|803,0.68164051|0.03645845|0.01494818|0.00589122|0.00581272,1,0.6816405057907104,True,583,0.6816405057907104,True,583,0.6009465456008911,True,583,0.8454543352127075,True,583,0.7781446576118469,True,c12_correct
584,585,585_1.bmp,preprocessed_results\585\585_1.bmp,584,584,584,0.8225343227386475,832,0.00695818942040205,0.8155761333182454,584|832|606|31|181,0.82253432|0.00695819|0.00557803|0.00418216|0.00409858,1,0.8225343227386475,True,584,0.8225343227386475,True,584,0.7324533462524414,True,584,0.8085829019546509,True,584,0.7725411653518677,True,c12_correct
585,586,586_8.bmp,preprocessed_results\586\586_8.bmp,585,585,585,0.8518556952476501,730,0.005003566853702068,0.8468521283939481,585|730|584|592|454,0.85185570|0.00500357|0.00439399|0.00253220|0.00182614,1,0.8518556952476501,True,585,0.8518556952476501,True,585,0.8758999705314636,True,585,0.8405324220657349,True,585,0.853384792804718,True,c12_correct
586,587,587_8.bmp,preprocessed_results\587\587_8.bmp,586,586,586,0.8398942351341248,595,0.004464495461434126,0.8354297396726906,586|595|710|645|625,0.83989424|0.00446450|0.00407714|0.00388117|0.00383218,1,0.8398942351341248,True,586,0.8398942351341248,True,586,0.7731673717498779,True,586,0.834930419921875,True,586,0.8065755367279053,True,c12_correct
587,588,588_4.bmp,preprocessed_results\588\588_4.bmp,587,587,587,0.8636135458946228,744,0.004964757245033979,0.8586487886495888,587|744|775|720|655,0.86361355|0.00496476|0.00310562|0.00285632|0.00235190,1,0.8636135458946228,True,587,0.8636135458946228,True,587,0.8325669169425964,True,587,0.8259183168411255,True,587,0.8950766324996948,True,c12_correct
588,589,589_5.bmp,preprocessed_results\589\589_5.bmp,588,588,588,0.8842442631721497,729,0.002955039031803608,0.881289224140346,588|729|788|722|829,0.88424426|0.00295504|0.00239309|0.00204734|0.00199076,1,0.8842442631721497,True,588,0.8842442631721497,True,588,0.838396430015564,True,588,0.8360456824302673,True,588,0.7844556570053101,True,c12_correct
589,590,590_6.bmp,preprocessed_results\590\590_6.bmp,589,589,589,0.8808075785636902,653,0.007252701558172703,0.8735548770055175,589|653|588|216|739,0.88080758|0.00725270|0.00563911|0.00426228|0.00421341,1,0.8808075785636902,True,589,0.8808075785636902,True,589,0.8990544080734253,True,589,0.8296301960945129,True,589,0.8656368255615234,True,c12_correct
590,591,591_8.bmp,preprocessed_results\591\591_8.bmp,590,590,590,0.6320393681526184,644,0.010559209622442722,0.6214801585301757,590|644|672|591|645,0.63203937|0.01055921|0.00906029|0.00816701|0.00659339,1,0.6320393681526184,True,590,0.6320393681526184,True,590,0.8320532441139221,True,590,0.8213177919387817,True,590,0.8012827038764954,True,c12_correct
591,592,592_10.bmp,preprocessed_results\592\592_10.bmp,591,591,591,0.7524154186248779,590,0.012608472257852554,0.7398069463670254,591|590|678|564|606,0.75241542|0.01260847|0.00769069|0.00543381|0.00352296,1,0.7524154186248779,True,591,0.7524154186248779,True,591,0.8048316240310669,True,591,0.8026928901672363,True,591,0.7980667948722839,True,c12_correct
592,593,593_6.bmp,preprocessed_results\593\593_6.bmp,592,592,592,0.531413733959198,823,0.022927597165107727,0.5084861367940903,592|823|714|712|805,0.53141373|0.02292760|0.01100830|0.01089150|0.00725260,1,0.531413733959198,True,592,0.531413733959198,True,592,0.6329646110534668,True,592,0.8152289390563965,True,592,0.5561684370040894,True,c12_correct
593,594,594_9.bmp,preprocessed_results\594\594_9.bmp,593,593,593,0.7896164655685425,592,0.00422039395198226,0.7853960716165602,593|592|674|747|600,0.78961647|0.00422039|0.00379521|0.00301505|0.00296030,1,0.7896164655685425,True,593,0.7896164655685425,True,593,0.8596174716949463,True,593,0.8215174078941345,True,593,0.8312087655067444,True,c12_correct
594,595,595_2.bmp,preprocessed_results\595\595_2.bmp,594,594,594,0.051052868366241455,768,0.031206171959638596,0.01984669640660286,594|768|623|65|735,0.05105287|0.03120617|0.02707715|0.01833473|0.01740418,1,0.051052868366241455,True,594,0.051052868366241455,True,594,0.1351948380470276,True,594,0.5024271607398987,True,594,0.041368599981069565,True,c12_correct
595,596,596_1.bmp,preprocessed_results\596\596_1.bmp,595,595,595,0.9541956782341003,738,0.002159454859793186,0.9520362233743072,595|738|762|594|610,0.95419568|0.00215945|0.00165836|0.00159237|0.00124685,1,0.9541956782341003,True,595,0.9541956782341003,True,595,0.8340688943862915,True,595,0.811821460723877,True,595,0.7921245098114014,True,c12_correct
596,597,597_4.bmp,preprocessed_results\597\597_4.bmp,596,596,596,0.78470379114151,612,0.03033975325524807,0.7543640378862619,596|612|799|606|613,0.78470379|0.03033975|0.02329928|0.00346009|0.00335664,1,0.78470379114151,True,596,0.78470379114151,True,596,0.8494617342948914,True,596,0.8299543261528015,True,596,0.8173383474349976,True,c12_correct
597,598,598_1.bmp,preprocessed_results\598\598_1.bmp,597,597,597,0.6839447021484375,588,0.012491238303482533,0.671453463844955,597|588|585|829|612,0.68394470|0.01249124|0.01023550|0.00997702|0.00746865,1,0.6839447021484375,True,597,0.6839447021484375,True,597,0.8094093799591064,True,597,0.8379803895950317,True,597,0.6959353089332581,True,c12_correct
598,599,599_6.bmp,preprocessed_results\599\599_6.bmp,598,598,598,0.731684148311615,599,0.04602811485528946,0.6856560334563255,598|599|504|505|531,0.73168415|0.04602811|0.00770962|0.00680837|0.00461339,1,0.731684148311615,True,598,0.731684148311615,True,598,0.7206870317459106,True,598,0.8373162150382996,True,598,0.6950010061264038,True,c12_correct
599,600,600_1.bmp,preprocessed_results\600\600_1.bmp,599,599,599,0.37752267718315125,598,0.08176019042730331,0.29576248675584793,599|598|648|102|272,0.37752268|0.08176019|0.00911042|0.00827813|0.00706562,1,0.37752267718315125,True,599,0.37752267718315125,True,599,0.5601286888122559,True,599,0.8072377443313599,True,599,0.714825451374054,True,c12_correct
600,601,601_4.bmp,preprocessed_results\601\601_4.bmp,600,600,600,0.691614031791687,653,0.036861684173345566,0.6547523476183414,600|653|803|680|641,0.69161403|0.03686168|0.01887953|0.00722681|0.00674404,1,0.691614031791687,True,600,0.691614031791687,True,600,0.702908456325531,True,600,0.8082936406135559,True,600,0.7221542596817017,True,c12_correct
601,602,602_4.bmp,preprocessed_results\602\602_4.bmp,601,601,601,0.8644203543663025,577,0.004679025150835514,0.859741329215467,601|577|789|641|629,0.86442035|0.00467903|0.00457827|0.00440681|0.00284136,1,0.8644203543663025,True,601,0.8644203543663025,True,601,0.8022288084030151,True,601,0.8422353267669678,True,601,0.8066268563270569,True,c12_correct
602,603,603_5.bmp,preprocessed_results\603\603_5.bmp,602,602,602,0.7117331027984619,603,0.015508522279560566,0.6962245805189013,602|603|585|605|331,0.71173310|0.01550852|0.00557952|0.00431670|0.00314639,1,0.7117331027984619,True,602,0.7117331027984619,True,602,0.637692928314209,True,602,0.8323687314987183,True,602,0.6936464309692383,True,c12_correct
603,604,604_1.bmp,preprocessed_results\604\604_1.bmp,603,603,603,0.5865328311920166,170,0.012859624810516834,0.5736732063814998,603|170|674|632|378,0.58653283|0.01285962|0.01049290|0.00891818|0.00800776,1,0.5865328311920166,True,603,0.5865328311920166,True,603,0.8316977024078369,True,603,0.8260597586631775,True,603,0.7750232815742493,True,c12_correct
604,605,605_2.bmp,preprocessed_results\605\605_2.bmp,604,604,604,0.8248525857925415,605,0.023297524079680443,0.8015550617128611,604|605|644|333|356,0.82485259|0.02329752|0.01122785|0.00359322|0.00353807,1,0.8248525857925415,True,604,0.8248525857925415,True,604,0.898590087890625,True,604,0.8196991086006165,True,604,0.8681185841560364,True,c12_correct
605,606,606_2.bmp,preprocessed_results\606\606_2.bmp,605,605,605,0.3419967591762543,604,0.030248597264289856,0.3117481619119644,605|604|679|114|585,0.34199676|0.03024860|0.01898964|0.01289494|0.01216798,1,0.3419967591762543,True,605,0.3419967591762543,True,605,0.5807172656059265,True,605,0.840211033821106,True,605,0.7095798850059509,True,c12_correct
606,607,607_7.bmp,preprocessed_results\607\607_7.bmp,606,606,606,0.8224310278892517,832,0.012084468267858028,0.8103465596213937,606|832|584|678|679,0.82243103|0.01208447|0.00727286|0.00386622|0.00341009,1,0.8224310278892517,True,606,0.8224310278892517,True,606,0.808849573135376,True,606,0.8225315809249878,True,606,0.7336457371711731,True,c12_correct
607,608,608_7.bmp,preprocessed_results\608\608_7.bmp,607,607,607,0.864100992679596,606,0.012676740065217018,0.8514242526143789,607|606|832|584|612,0.86410099|0.01267674|0.00393033|0.00365825|0.00302728,1,0.864100992679596,True,607,0.864100992679596,True,607,0.8555631041526794,True,607,0.7839940786361694,True,607,0.8409034609794617,True,c12_correct
608,609,609_8.bmp,preprocessed_results\609\609_8.bmp,608,608,608,0.7108083963394165,609,0.08823749423027039,0.6225709021091461,608|609|802|356|756,0.71080840|0.08823749|0.00613199|0.00567856|0.00555198,1,0.7108083963394165,True,608,0.7108083963394165,True,608,0.9104138612747192,True,608,0.8216097354888916,True,608,0.8106690645217896,True,c12_correct
609,610,610_7.bmp,preprocessed_results\610\610_7.bmp,609,609,609,0.8878495097160339,608,0.009857047349214554,0.8779924623668194,609|608|774|718|692,0.88784951|0.00985705|0.00480965|0.00449550|0.00298982,1,0.8878495097160339,True,609,0.8878495097160339,True,609,0.4277072548866272,True,609,0.827454686164856,True,609,0.8200046420097351,True,c12_correct
610,611,611_2.bmp,preprocessed_results\611\611_2.bmp,610,610,610,0.3240530788898468,788,0.017569417133927345,0.30648366175591946,610|788|690|659|805,0.32405308|0.01756942|0.01226897|0.01184808|0.01129915,1,0.3240530788898468,True,610,0.3240530788898468,True,610,0.3709578514099121,True,610,0.7673488855361938,True,610,0.4211404025554657,True,c12_correct
611,612,612_8.bmp,preprocessed_results\612\612_8.bmp,611,611,611,0.8622221946716309,127,0.004245591349899769,0.8579766033217311,611|127|610|788|437,0.86222219|0.00424559|0.00397077|0.00360935|0.00349234,1,0.8622221946716309,True,611,0.8622221946716309,True,611,0.8876060843467712,True,611,0.8179609179496765,True,611,0.8912956118583679,True,c12_correct
612,613,613_5.bmp,preprocessed_results\613\613_5.bmp,612,612,612,0.3374544382095337,656,0.03665553033351898,0.3007989078760147,612|656|606|596|595,0.33745444|0.03665553|0.02347800|0.02250549|0.01903316,1,0.3374544382095337,True,612,0.3374544382095337,True,612,0.30603092908859253,True,612,0.792716920375824,True,612,0.605542004108429,True,c12_correct
613,614,614_2.bmp,preprocessed_results\614\614_2.bmp,613,613,613,0.7979920506477356,607,0.014348535798490047,0.7836435148492455,613|607|730|612|709,0.79799205|0.01434854|0.00966875|0.00810369|0.00694076,1,0.7979920506477356,True,613,0.7979920506477356,True,613,0.7792367935180664,True,613,0.8169025182723999,True,613,0.7798118591308594,True,c12_correct
614,615,615_7.bmp,preprocessed_results\615\615_7.bmp,614,614,614,0.8693817257881165,623,0.020839612931013107,0.8485421128571033,614|623|615|731|179,0.86938173|0.02083961|0.01751669|0.00295437|0.00236484,1,0.8693817257881165,True,614,0.8693817257881165,True,614,0.28471139073371887,True,614,0.8083599805831909,True,614,0.46218010783195496,True,c12_correct
615,616,616_7.bmp,preprocessed_results\616\616_7.bmp,615,615,615,0.5538496375083923,614,0.09749719500541687,0.45635244250297546,615|614|745|731|575,0.55384964|0.09749720|0.00902131|0.00707463|0.00621807,1,0.5538496375083923,True,615,0.5538496375083923,True,615,0.818782389163971,True,615,0.8276355266571045,True,615,0.693838894367218,True,c12_correct
616,617,617_5.bmp,preprocessed_results\617\617_5.bmp,616,616,616,0.2606205940246582,617,0.021197348833084106,0.2394232451915741,616|617|813|821|685,0.26062059|0.02119735|0.01851474|0.01139653|0.01038102,1,0.2606205940246582,True,616,0.2606205940246582,True,616,0.4340938329696655,True,616,0.7842610478401184,True,616,0.5446008443832397,True,c12_correct
617,618,618_8.bmp,preprocessed_results\618\618_8.bmp,617,617,617,0.5149285197257996,616,0.02786881849169731,0.48705970123410225,617|616|758|612|636,0.51492852|0.02786882|0.01672093|0.01220516|0.01193207,1,0.5149285197257996,True,617,0.5149285197257996,True,617,0.6538663506507874,True,617,0.7917538285255432,True,617,0.6308088898658752,True,c12_correct
618,619,619_8.bmp,preprocessed_results\619\619_8.bmp,618,618,618,0.7483060956001282,637,0.027190646156668663,0.7211154494434595,618|637|750|655|636,0.74830610|0.02719065|0.00702071|0.00660952|0.00597454,1,0.7483060956001282,True,618,0.7483060956001282,True,618,0.8699744939804077,True,618,0.8300392031669617,True,618,0.811296284198761,True,c12_correct
619,620,620_9.bmp,preprocessed_results\620\620_9.bmp,619,619,619,0.8172856569290161,565,0.007139088120311499,0.8101465688087046,619|565|583|803|633,0.81728566|0.00713909|0.00592967|0.00316750|0.00240651,1,0.8172856569290161,True,619,0.8172856569290161,True,619,0.9164095520973206,True,619,0.8396556973457336,True,619,0.8786786794662476,True,c12_correct
620,621,621_8.bmp,preprocessed_results\621\621_8.bmp,620,620,620,0.8837242126464844,737,0.010015387088060379,0.873708825558424,620|737|660|757|621,0.88372421|0.01001539|0.00384184|0.00258549|0.00245641,1,0.8837242126464844,True,620,0.8837242126464844,True,620,0.6989827156066895,True,620,0.8205710053443909,True,620,0.8061519861221313,True,c12_correct
621,622,622_8.bmp,preprocessed_results\622\622_8.bmp,621,621,621,0.858849048614502,825,0.006081955973058939,0.852767092641443,621|825|755|790|819,0.85884905|0.00608196|0.00505128|0.00432492|0.00363717,1,0.858849048614502,True,621,0.858849048614502,True,621,0.8494077920913696,True,621,0.8268380165100098,True,621,0.8445371985435486,True,c12_correct
622,623,623_9.bmp,preprocessed_results\623\623_9.bmp,622,622,622,0.31396549940109253,181,0.04480467736721039,0.26916082203388214,622|181|354|174|804,0.31396550|0.04480468|0.01875424|0.01586684|0.00958200,1,0.31396549940109253,True,622,0.31396549940109253,True,622,0.023671835660934448,True,622,0.6581400036811829,True,622,0.10168912261724472,True,c12_correct
623,624,624_6.bmp,preprocessed_results\624\624_6.bmp,623,623,623,0.8689354658126831,614,0.009608959779143333,0.8593265060335398,623|614|731|615|575,0.86893547|0.00960896|0.00945349|0.00697193|0.00503921,1,0.8689354658126831,True,623,0.8689354658126831,True,623,0.27208808064460754,True,623,0.8195009827613831,True,623,0.7239165306091309,True,c12_correct
624,625,625_4.bmp,preprocessed_results\625\625_4.bmp,624,624,624,0.6671587824821472,828,0.04061926156282425,0.626539520919323,624|828|625|672|578,0.66715878|0.04061926|0.02016284|0.00618405|0.00554124,1,0.6671587824821472,True,624,0.6671587824821472,True,624,0.6685619950294495,True,624,0.8169474005699158,True,624,0.6100174784660339,True,c12_correct
625,626,626_10.bmp,preprocessed_results\626\626_10.bmp,625,625,625,0.7804170846939087,829,0.01511798333376646,0.7652991013601422,625|829|711|710|656,0.78041708|0.01511798|0.00791845|0.00466804|0.00461776,1,0.7804170846939087,True,625,0.7804170846939087,True,625,0.6291863322257996,True,625,0.8303066492080688,True,625,0.7000053524971008,True,c12_correct
626,627,627_3.bmp,preprocessed_results\627\627_3.bmp,626,626,626,0.7281351685523987,726,0.027662932872772217,0.7004722356796265,626|726|595|13|690,0.72813517|0.02766293|0.01206759|0.00699747|0.00593158,1,0.7281351685523987,True,626,0.7281351685523987,True,626,0.5901753902435303,True,626,0.8347569704055786,True,626,0.7940283417701721,True,c12_correct
627,628,628_5.bmp,preprocessed_results\628\628_5.bmp,627,627,627,0.7429840564727783,626,0.014274601824581623,0.7287094546481967,627|626|753|313|770,0.74298406|0.01427460|0.00860076|0.00564789|0.00503897,1,0.7429840564727783,True,627,0.7429840564727783,True,627,0.8968281745910645,True,627,0.8485985398292542,True,627,0.8010682463645935,True,c12_correct
628,629,629_1.bmp,preprocessed_results\629\629_1.bmp,628,628,628,0.783187210559845,629,0.04658732935786247,0.7365998812019825,628|629|31|41|745,0.78318721|0.04658733|0.00768663|0.00453772|0.00441765,1,0.783187210559845,True,628,0.783187210559845,True,628,0.8888077735900879,True,628,0.8408412337303162,True,628,0.749374270439148,True,c12_correct
629,630,630_10.bmp,preprocessed_results\630\630_10.bmp,629,629,629,0.7015631794929504,628,0.015111262910068035,0.6864519165828824,629|628|601|645|812,0.70156318|0.01511126|0.00473533|0.00369999|0.00348963,1,0.7015631794929504,True,629,0.7015631794929504,True,629,0.8557741641998291,True,629,0.825927197933197,True,629,0.7697530388832092,True,c12_correct
630,631,631_5.bmp,preprocessed_results\631\631_5.bmp,630,630,630,0.8258174061775208,633,0.005462894216179848,0.8203545119613409,630|633|631|689|636,0.82581741|0.00546289|0.00513234|0.00439056|0.00290843,1,0.8258174061775208,True,630,0.8258174061775208,True,630,0.7907403707504272,True,630,0.8087314963340759,True,630,0.6561229825019836,True,c12_correct
631,632,632_7.bmp,preprocessed_results\632\632_7.bmp,631,631,631,0.3049333691596985,630,0.10444863885641098,0.2004847303032875,631|630|681|721|512,0.30493337|0.10444864|0.07231080|0.03588570|0.01948192,1,0.3049333691596985,True,631,0.3049333691596985,True,631,0.28559058904647827,True,631,0.6269147396087646,True,631,0.30591651797294617,True,c12_correct
632,633,633_5.bmp,preprocessed_results\633\633_5.bmp,632,632,632,0.550005316734314,205,0.01604595221579075,0.5339593645185232,632|205|340|501|694,0.55000532|0.01604595|0.01594084|0.00893804|0.00795559,1,0.550005316734314,True,632,0.550005316734314,True,632,0.7804486155509949,True,632,0.8148478269577026,True,632,0.7747930884361267,True,c12_correct
633,634,634_6.bmp,preprocessed_results\634\634_6.bmp,633,633,633,0.8466781973838806,769,0.005092736333608627,0.841585461050272,633|769|585|793|775,0.84667820|0.00509274|0.00371987|0.00268677|0.00262355,1,0.8466781973838806,True,633,0.8466781973838806,True,633,0.8500492572784424,True,633,0.8421072959899902,True,633,0.8671535849571228,True,c12_correct
634,635,635_7.bmp,preprocessed_results\635\635_7.bmp,634,634,634,0.8760648369789124,635,0.009870369918644428,0.8661944670602679,634|635|802|677|598,0.87606484|0.00987037|0.00643851|0.00386296|0.00344681,1,0.8760648369789124,True,634,0.8760648369789124,True,634,0.8750883340835571,True,634,0.8179458975791931,True,634,0.8784717321395874,True,c12_correct
635,636,636_4.bmp,preprocessed_results\636\636_4.bmp,635,635,635,0.7369394302368164,634,0.009338072501122952,0.7276013577356935,635|634|649|577|677,0.73693943|0.00933807|0.00861247|0.00615076|0.00500837,1,0.7369394302368164,True,635,0.7369394302368164,True,635,0.34251144528388977,True,635,0.7981862425804138,True,635,0.6458693742752075,True,c12_correct
636,637,637_6.bmp,preprocessed_results\637\637_6.bmp,636,636,636,0.17022329568862915,708,0.02980496734380722,0.14041832834482193,636|708|637|612|594,0.17022330|0.02980497|0.01979733|0.01475959|0.01311757,1,0.17022329568862915,True,636,0.17022329568862915,True,636,0.3811275064945221,True,636,0.7207691669464111,True,636,0.3900849223136902,True,c12_correct
637,638,638_5.bmp,preprocessed_results\638\638_5.bmp,637,637,637,0.7281448245048523,636,0.015568318776786327,0.712576505728066,637|636|474|618|750,0.72814482|0.01556832|0.01440601|0.00610084|0.00587228,1,0.7281448245048523,True,637,0.7281448245048523,True,637,0.5954379439353943,True,637,0.8297706842422485,True,637,0.6080052852630615,True,c12_correct
638,639,639_2.bmp,preprocessed_results\639\639_2.bmp,638,638,638,0.8382989764213562,740,0.008539789356291294,0.8297591870650649,638|740|639|732|786,0.83829898|0.00853979|0.00643899|0.00330025|0.00285630,1,0.8382989764213562,True,638,0.8382989764213562,True,638,0.8092776536941528,True,638,0.8303149342536926,True,638,0.8251897096633911,True,c12_correct
639,640,640_5.bmp,preprocessed_results\640\640_5.bmp,639,639,639,0.758502185344696,638,0.027737321332097054,0.730764864012599,639|638|741|114|667,0.75850219|0.02773732|0.00478373|0.00432207|0.00407772,1,0.758502185344696,True,639,0.758502185344696,True,639,0.8479583859443665,True,639,0.831378698348999,True,639,0.7896431088447571,True,c12_correct
640,641,641_3.bmp,preprocessed_results\641\641_3.bmp,640,640,640,0.7940919399261475,804,0.018316758796572685,0.7757751811295748,640|804|666|648|181,0.79409194|0.01831676|0.00987648|0.00900343|0.00495281,1,0.7940919399261475,True,640,0.7940919399261475,True,640,0.48953163623809814,True,640,0.7389493584632874,True,640,0.615608811378479,True,c12_correct
641,642,642_6.bmp,preprocessed_results\642\642_6.bmp,641,641,641,0.6143147945404053,814,0.02537192776799202,0.5889428667724133,641|814|805|630|815,0.61431479|0.02537193|0.01474121|0.01085432|0.00886930,1,0.6143147945404053,True,641,0.6143147945404053,True,641,0.5348408818244934,True,641,0.7617475986480713,True,641,0.6499571800231934,True,c12_correct
642,643,643_1.bmp,preprocessed_results\643\643_1.bmp,642,642,642,0.8739937543869019,643,0.004720862954854965,0.8692728914320469,642|643|588|719|704,0.87399375|0.00472086|0.00291458|0.00162705|0.00157389,1,0.8739937543869019,True,642,0.8739937543869019,True,642,0.8334652185440063,True,642,0.8592438697814941,True,642,0.844412624835968,True,c12_correct
643,644,644_4.bmp,preprocessed_results\644\644_4.bmp,643,643,643,0.8667563796043396,654,0.004465978592634201,0.8622904010117054,643|654|698|667|284,0.86675638|0.00446598|0.00396016|0.00371267|0.00361072,1,0.8667563796043396,True,643,0.8667563796043396,True,643,0.757024884223938,True,643,0.8212904334068298,True,643,0.7109177708625793,True,c12_correct
644,645,645_2.bmp,preprocessed_results\645\645_2.bmp,644,644,644,0.753085196018219,604,0.029436487704515457,0.7236487083137035,644|604|678|645|590,0.75308520|0.02943649|0.00698105|0.00677372|0.00551352,1,0.753085196018219,True,644,0.753085196018219,True,644,0.740349531173706,True,644,0.8282961249351501,True,644,0.7284954190254211,True,c12_correct
645,646,646_5.bmp,preprocessed_results\646\646_5.bmp,645,645,645,0.8392921686172485,644,0.020978378131985664,0.8183137904852629,645|644|680|637|827,0.83929217|0.02097838|0.01548817|0.00433923|0.00423099,1,0.8392921686172485,True,645,0.8392921686172485,True,645,0.7541916370391846,True,645,0.8337938189506531,True,645,0.8159314393997192,True,c12_correct
646,647,647_5.bmp,preprocessed_results\647\647_5.bmp,646,646,646,0.8785259127616882,139,0.0058433376252651215,0.8726825751364231,646|139|111|268|708,0.87852591|0.00584334|0.00396805|0.00386259|0.00380080,1,0.8785259127616882,True,646,0.8785259127616882,True,646,0.8776431679725647,True,646,0.8447206020355225,True,646,0.831527054309845,True,c12_correct
647,648,648_8.bmp,preprocessed_results\648\648_8.bmp,647,647,647,0.8572533130645752,701,0.007571769412606955,0.8496815436519682,647|701|700|63|339,0.85725331|0.00757177|0.00533010|0.00375092|0.00349418,1,0.8572533130645752,True,647,0.8572533130645752,True,647,0.8684585690498352,True,647,0.8317281603813171,True,647,0.7524805068969727,True,c12_correct
648,649,649_8.bmp,preprocessed_results\649\649_8.bmp,648,648,635,0.1589985191822052,648,0.05537581816315651,0.10362270101904869,635|648|634|720|666,0.15899852|0.05537582|0.04764034|0.04394691|0.03245398,2,0.05537581816315651,True,635,0.1589985191822052,False,648,0.11128096282482147,True,648,0.7768216729164124,True,648,0.1880190223455429,True,teacher_all_correct;true_in_top5
649,650,650_7.bmp,preprocessed_results\650\650_7.bmp,649,649,649,0.5945945978164673,689,0.05575951188802719,0.5388350859284401,649|689|635|721|688,0.59459460|0.05575951|0.03532200|0.03129687|0.01853483,1,0.5945945978164673,True,649,0.5945945978164673,True,649,0.7068547010421753,True,649,0.8300508856773376,True,649,0.7391310334205627,True,c12_correct
650,651,651_8.bmp,preprocessed_results\651\651_8.bmp,650,650,650,0.8563698530197144,651,0.012390739284455776,0.8439791137352586,650|651|810|696|17,0.85636985|0.01239074|0.00874147|0.00526698|0.00348588,1,0.8563698530197144,True,650,0.8563698530197144,True,650,0.7359526753425598,True,650,0.8402119278907776,True,650,0.7608921527862549,True,c12_correct
651,652,652_8.bmp,preprocessed_results\652\652_8.bmp,651,651,651,0.8436278700828552,650,0.012094199657440186,0.831533670425415,651|650|710|791|813,0.84362787|0.01209420|0.00368089|0.00341364|0.00333282,1,0.8436278700828552,True,651,0.8436278700828552,True,651,0.9092772006988525,True,651,0.8375067114830017,True,651,0.8474342226982117,True,c12_correct
652,653,653_6.bmp,preprocessed_results\653\653_6.bmp,652,652,652,0.8448194861412048,653,0.007778367027640343,0.8370411191135645,652|653|76|699|216,0.84481949|0.00777837|0.00218892|0.00212649|0.00212443,1,0.8448194861412048,True,652,0.8448194861412048,True,652,0.8050265312194824,True,652,0.8557862043380737,True,652,0.8084131479263306,True,c12_correct
653,654,654_2.bmp,preprocessed_results\654\654_2.bmp,653,653,653,0.8617642521858215,652,0.013540076091885567,0.848224176093936,653|652|589|681|803,0.86176425|0.01354008|0.00312641|0.00282203|0.00238297,1,0.8617642521858215,True,653,0.8617642521858215,True,653,0.8893001079559326,True,653,0.8034396171569824,True,653,0.8083924055099487,True,c12_correct
654,655,655_9.bmp,preprocessed_results\655\655_9.bmp,654,654,654,0.8469862937927246,224,0.0026401125360280275,0.8443461812566966,654|224|667|751|732,0.84698629|0.00264011|0.00262345|0.00244997|0.00233917,1,0.8469862937927246,True,654,0.8469862937927246,True,654,0.9074268937110901,True,654,0.8469024896621704,True,654,0.8431201577186584,True,c12_correct
655,656,656_2.bmp,preprocessed_results\656\656_2.bmp,655,655,655,0.8098800778388977,587,0.007883084006607533,0.8019969938322902,655|587|224|767|783,0.80988008|0.00788308|0.00523495|0.00456495|0.00373688,1,0.8098800778388977,True,655,0.8098800778388977,True,655,0.861706018447876,True,655,0.8345526456832886,True,655,0.7915332913398743,True,c12_correct
656,657,657_7.bmp,preprocessed_results\657\657_7.bmp,656,656,656,0.7230048179626465,612,0.012343088164925575,0.7106617297977209,656|612|607|658|625,0.72300482|0.01234309|0.00692119|0.00531238|0.00461159,1,0.7230048179626465,True,656,0.7230048179626465,True,656,0.8960912823677063,True,656,0.8378342986106873,True,656,0.8541589379310608,True,c12_correct
657,658,658_6.bmp,preprocessed_results\658\658_6.bmp,657,657,657,0.2927706241607666,719,0.05400150641798973,0.23876911774277687,657|719|769|713|671,0.29277062|0.05400151|0.02655920|0.01824271|0.01446687,1,0.2927706241607666,True,657,0.2927706241607666,True,657,0.38508695363998413,True,657,0.8212250471115112,True,657,0.5697774887084961,True,c12_correct
658,659,659_5.bmp,preprocessed_results\659\659_5.bmp,658,658,658,0.7863756418228149,729,0.01066471729427576,0.7757109245285392,658|729|570|656|580,0.78637564|0.01066472|0.00526069|0.00483321|0.00459293,1,0.7863756418228149,True,658,0.7863756418228149,True,658,0.7804256677627563,True,658,0.84274822473526,True,658,0.7636809945106506,True,c12_correct
659,660,660_6.bmp,preprocessed_results\660\660_6.bmp,659,659,659,0.795850932598114,708,0.015737483277916908,0.7801134493201971,659|708|587|712|632,0.79585093|0.01573748|0.00469455|0.00451467|0.00398195,1,0.795850932598114,True,659,0.795850932598114,True,659,0.8799626231193542,True,659,0.8294431567192078,True,659,0.8062250018119812,True,c12_correct
660,661,661_8.bmp,preprocessed_results\661\661_8.bmp,660,660,660,0.8473681807518005,261,0.018682047724723816,0.8286861330270767,660|261|620|650|756,0.84736818|0.01868205|0.00489316|0.00278373|0.00269584,1,0.8473681807518005,True,660,0.8473681807518005,True,660,0.7146506905555725,True,660,0.8423738479614258,True,660,0.7999226450920105,True,c12_correct
661,662,662_3.bmp,preprocessed_results\662\662_3.bmp,661,661,661,0.7484671473503113,735,0.020911218598484993,0.7275559287518263,661|735|759|582|291,0.74846715|0.02091122|0.00765893|0.00616791|0.00492141,1,0.7484671473503113,True,661,0.7484671473503113,True,661,0.7410330772399902,True,661,0.7986645102500916,True,661,0.7257075309753418,True,c12_correct
662,663,663_4.bmp,preprocessed_results\663\663_4.bmp,662,662,662,0.8617812395095825,663,0.029946012422442436,0.8318352270871401,662|663|752|206|207,0.86178124|0.02994601|0.00315147|0.00275561|0.00210312,1,0.8617812395095825,True,662,0.8617812395095825,True,662,0.8482135534286499,True,662,0.8355651497840881,True,662,0.8401483297348022,True,c12_correct
663,664,664_2.bmp,preprocessed_results\664\664_2.bmp,663,663,663,0.8844102025032043,662,0.0048721907660365105,0.8795380117371678,663|662|51|50|597,0.88441020|0.00487219|0.00253960|0.00206301|0.00199906,1,0.8844102025032043,True,663,0.8844102025032043,True,663,0.8180405497550964,True,663,0.8204469084739685,True,663,0.8323892951011658,True,c12_correct
664,665,665_7.bmp,preprocessed_results\665\665_7.bmp,664,664,664,0.9032635688781738,478,0.003490670584142208,0.8997728982940316,664|478|259|684|622,0.90326357|0.00349067|0.00167986|0.00167746|0.00163940,1,0.9032635688781738,True,664,0.9032635688781738,True,664,0.8094494342803955,True,664,0.8256710171699524,True,664,0.7714526653289795,True,c12_correct
665,666,666_10.bmp,preprocessed_results\666\666_10.bmp,665,665,665,0.8653607368469238,143,0.003652239916846156,0.8617084969300777,665|143|641|664|743,0.86536074|0.00365224|0.00296506|0.00276211|0.00272442,1,0.8653607368469238,True,665,0.8653607368469238,True,665,0.8493893146514893,True,665,0.8404381275177002,True,665,0.8486233353614807,True,c12_correct
666,667,667_6.bmp,preprocessed_results\667\667_6.bmp,666,666,666,0.7192025184631348,667,0.0485001876950264,0.6707023307681084,666|667|640|805|641,0.71920252|0.04850019|0.01487555|0.01339181|0.01170923,1,0.7192025184631348,True,666,0.7192025184631348,True,666,0.8738091588020325,True,666,0.8207194805145264,True,666,0.8297033905982971,True,c12_correct
667,668,668_2.bmp,preprocessed_results\668\668_2.bmp,667,667,667,0.46169421076774597,666,0.029425306245684624,0.43226890452206135,667|666|805|641|720,0.46169421|0.02942531|0.01477124|0.01161247|0.01068933,1,0.46169421076774597,True,667,0.46169421076774597,True,667,0.6630561947822571,True,667,0.7951633334159851,True,667,0.4848223030567169,True,c12_correct
668,669,669_10.bmp,preprocessed_results\669\669_10.bmp,668,668,668,0.912795901298523,571,0.0030640377663075924,0.9097318635322154,668|571|669|770|671,0.91279590|0.00306404|0.00298359|0.00282813|0.00256981,1,0.912795901298523,True,668,0.912795901298523,True,668,0.8858882784843445,True,668,0.8419224619865417,True,668,0.8599560260772705,True,c12_correct
669,670,670_7.bmp,preprocessed_results\670\670_7.bmp,669,669,669,0.627558171749115,668,0.05143652483820915,0.5761216469109058,669|668|671|683|592,0.62755817|0.05143652|0.03830001|0.02250654|0.00952205,1,0.627558171749115,True,669,0.627558171749115,True,669,0.37516382336616516,True,669,0.8061708807945251,True,669,0.5370157957077026,True,c12_correct
670,671,671_7.bmp,preprocessed_results\671\671_7.bmp,670,670,670,0.28231319785118103,829,0.06721571087837219,0.21509748697280884,670|829|729|722|580,0.28231320|0.06721571|0.02236463|0.02075603|0.01554856,1,0.28231319785118103,True,670,0.28231319785118103,True,670,0.667723536491394,True,670,0.8263224959373474,True,670,0.7176429033279419,True,c12_correct
671,672,672_9.bmp,preprocessed_results\672\672_9.bmp,671,671,671,0.7541703581809998,670,0.009944026358425617,0.7442263318225741,671|670|627|715|668,0.75417036|0.00994403|0.00911623|0.00861851|0.00574298,1,0.7541703581809998,True,671,0.7541703581809998,True,671,0.825165867805481,True,671,0.8283267021179199,True,671,0.8297877907752991,True,c12_correct
672,673,673_1.bmp,preprocessed_results\673\673_1.bmp,672,672,672,0.5840293765068054,808,0.030069760978221893,0.5539596155285835,672|808|666|673|640,0.58402938|0.03006976|0.01729885|0.01532606|0.01404037,1,0.5840293765068054,True,672,0.5840293765068054,True,672,0.632642924785614,True,672,0.8298543691635132,True,672,0.7457426190376282,True,c12_correct
673,674,674_1.bmp,preprocessed_results\674\674_1.bmp,673,673,673,0.8411021828651428,672,0.014207649976015091,0.8268945328891277,673|672|333|719|808,0.84110218|0.01420765|0.00629014|0.00316796|0.00247191,1,0.8411021828651428,True,673,0.8411021828651428,True,673,0.6771842837333679,True,673,0.8346313834190369,True,673,0.8120169043540955,True,c12_correct
674,675,675_1.bmp,preprocessed_results\675\675_1.bmp,674,674,674,0.8612881302833557,675,0.00719693535938859,0.8540911949239671,674|675|340|770|146,0.86128813|0.00719694|0.00562823|0.00399085|0.00315707,1,0.8612881302833557,True,674,0.8612881302833557,True,674,0.8729297518730164,True,674,0.8369001150131226,True,674,0.8675593137741089,True,c12_correct
675,676,676_4.bmp,preprocessed_results\676\676_4.bmp,675,675,675,0.711297333240509,674,0.009435185231268406,0.7018621480092406,675|674|729|311|671,0.71129733|0.00943519|0.00611199|0.00592808|0.00587909,1,0.711297333240509,True,675,0.711297333240509,True,675,0.652470588684082,True,675,0.8207762241363525,True,675,0.6689297556877136,True,c12_correct
676,677,677_8.bmp,preprocessed_results\677\677_8.bmp,676,676,676,0.9089927673339844,720,0.0033650619443506002,0.9056277053896338,676|720|686|576|750,0.90899277|0.00336506|0.00332211|0.00249635|0.00224779,1,0.9089927673339844,True,676,0.9089927673339844,True,676,0.9276899099349976,True,676,0.8227919340133667,True,676,0.8042450547218323,True,c12_correct
677,678,678_6.bmp,preprocessed_results\678\678_6.bmp,677,677,677,0.8201361298561096,802,0.012142831459641457,0.8079932983964682,677|802|634|577|750,0.82013613|0.01214283|0.00767461|0.00763236|0.00638723,1,0.8201361298561096,True,677,0.8201361298561096,True,677,0.7219314575195312,True,677,0.827867329120636,True,677,0.7647194862365723,True,c12_correct
678,679,679_8.bmp,preprocessed_results\679\679_8.bmp,678,678,678,0.11475767940282822,591,0.05531119555234909,0.059446483850479126,678|591|564|569|565,0.11475768|0.05531120|0.05002511|0.02867552|0.02037854,1,0.11475767940282822,True,678,0.11475767940282822,True,678,0.18638832867145538,True,678,0.7605376839637756,True,678,0.3744686245918274,True,c12_correct
679,680,680_3.bmp,preprocessed_results\680\680_3.bmp,679,679,679,0.8628391623497009,689,0.005077429581433535,0.8577617327682674,679|689|645|142|246,0.86283916|0.00507743|0.00488206|0.00385408|0.00378046,1,0.8628391623497009,True,679,0.8628391623497009,True,679,0.8530398607254028,True,679,0.8408514261245728,True,679,0.8326483368873596,True,c12_correct
680,681,681_6.bmp,preprocessed_results\681\681_6.bmp,680,680,680,0.8698700070381165,681,0.03000575117766857,0.8398642558604479,680|681|641|645|803,0.86987001|0.03000575|0.00450511|0.00406394|0.00241628,1,0.8698700070381165,True,680,0.8698700070381165,True,680,0.8919033408164978,True,680,0.8464335799217224,True,680,0.8963442444801331,True,c12_correct
681,682,682_4.bmp,preprocessed_results\682\682_4.bmp,681,681,681,0.8110549449920654,680,0.026408378034830093,0.7846465669572353,681|680|631|373|689,0.81105494|0.02640838|0.01669433|0.00705548|0.00684422,1,0.8110549449920654,True,681,0.8110549449920654,True,681,0.8101258873939514,True,681,0.8263357877731323,True,681,0.6086785197257996,True,c12_correct
682,683,683_5.bmp,preprocessed_results\683\683_5.bmp,682,682,682,0.8902837634086609,680,0.009958066046237946,0.8803256973624229,682|680|600|641|826,0.89028376|0.00995807|0.00604797|0.00425227|0.00312713,1,0.8902837634086609,True,682,0.8902837634086609,True,682,0.7254308462142944,True,682,0.8056145906448364,True,682,0.7017676830291748,True,c12_correct
683,684,684_5.bmp,preprocessed_results\684\684_5.bmp,683,683,683,0.8077468872070312,765,0.010035589337348938,0.7977112978696823,683|765|682|734|696,0.80774689|0.01003559|0.00905335|0.00596661|0.00495031,1,0.8077468872070312,True,683,0.8077468872070312,True,683,0.7975139021873474,True,683,0.8494805097579956,True,683,0.8620020151138306,True,c12_correct
684,685,685_8.bmp,preprocessed_results\685\685_8.bmp,684,684,684,0.8380366563796997,685,0.012692366726696491,0.8253442896530032,684|685|634|808|742,0.83803666|0.01269237|0.00595237|0.00455374|0.00351527,1,0.8380366563796997,True,684,0.8380366563796997,True,684,0.8825656175613403,True,684,0.8250247240066528,True,684,0.8459816575050354,True,c12_correct
685,686,686_8.bmp,preprocessed_results\686\686_8.bmp,685,685,685,0.8358707427978516,689,0.010202677920460701,0.8256680648773909,685|689|636|751|684,0.83587074|0.01020268|0.00986004|0.00538101|0.00406183,1,0.8358707427978516,True,685,0.8358707427978516,True,685,0.8603894710540771,True,685,0.8375489711761475,True,685,0.7828481197357178,True,c12_correct
686,687,687_4.bmp,preprocessed_results\687\687_4.bmp,686,686,686,0.7949269413948059,576,0.00731204729527235,0.7876148940995336,686|576|687|672|694,0.79492694|0.00731205|0.00581577|0.00507028|0.00474204,1,0.7949269413948059,True,686,0.7949269413948059,True,686,0.8255349397659302,True,686,0.8478847742080688,True,686,0.7967273592948914,True,c12_correct
687,688,688_2.bmp,preprocessed_results\688\688_2.bmp,687,687,687,0.7789943814277649,686,0.014883006922900677,0.7641113745048642,687|686|146|745|809,0.77899438|0.01488301|0.00636151|0.00491976|0.00442546,1,0.7789943814277649,True,687,0.7789943814277649,True,687,0.7627320289611816,True,687,0.8159930109977722,True,687,0.7664199471473694,True,c12_correct
688,689,689_7.bmp,preprocessed_results\689\689_7.bmp,688,688,688,0.6732894778251648,649,0.05401817336678505,0.6192713044583797,688|649|689|636|630,0.67328948|0.05401817|0.01078473|0.00937030|0.00790943,1,0.6732894778251648,True,688,0.6732894778251648,True,688,0.6102604269981384,True,688,0.7857319712638855,True,688,0.6053035855293274,True,c12_correct
689,690,690_5.bmp,preprocessed_results\690\690_5.bmp,689,689,689,0.8966493010520935,649,0.004119085147976875,0.8925302159041166,689|649|685|53|373,0.89664930|0.00411909|0.00364846|0.00364629|0.00246855,1,0.8966493010520935,True,689,0.8966493010520935,True,689,0.8599101305007935,True,689,0.7923964858055115,True,689,0.8369880318641663,True,c12_correct
690,691,691_3.bmp,preprocessed_results\691\691_3.bmp,690,690,690,0.8082593083381653,680,0.005220330320298672,0.8030389780178666,690|680|691|636|800,0.80825931|0.00522033|0.00405548|0.00314736|0.00255765,1,0.8082593083381653,True,690,0.8082593083381653,True,690,0.8414046764373779,True,690,0.8494356870651245,True,690,0.8285141587257385,True,c12_correct
691,692,692_8.bmp,preprocessed_results\692\692_8.bmp,691,691,691,0.8889408111572266,644,0.0025768892373889685,0.8863639219198376,691|644|739|142|690,0.88894081|0.00257689|0.00252102|0.00229516|0.00223668,1,0.8889408111572266,True,691,0.8889408111572266,True,691,0.8663047552108765,True,691,0.8356442451477051,True,691,0.8310261964797974,True,c12_correct
692,693,693_1.bmp,preprocessed_results\693\693_1.bmp,692,692,692,0.882041335105896,693,0.008316338993608952,0.873724996112287,692|693|744|694|609,0.88204134|0.00831634|0.00429543|0.00334058|0.00288346,1,0.882041335105896,True,692,0.882041335105896,True,692,0.8668488264083862,True,692,0.8471980094909668,True,692,0.8842757940292358,True,c12_correct
693,694,694_10.bmp,preprocessed_results\694\694_10.bmp,693,693,693,0.7841810584068298,623,0.008224233984947205,0.7759568244218826,693|623|786|692|655,0.78418106|0.00822423|0.00541622|0.00291434|0.00269602,1,0.7841810584068298,True,693,0.7841810584068298,True,693,0.8963043093681335,True,693,0.8369061946868896,True,693,0.7294517159461975,True,c12_correct
694,695,695_3.bmp,preprocessed_results\695\695_3.bmp,694,694,694,0.7944737672805786,610,0.008405712433159351,0.7860680548474193,694|610|692|588|658,0.79447377|0.00840571|0.00567757|0.00503553|0.00328980,1,0.7944737672805786,True,694,0.7944737672805786,True,694,0.9407322406768799,True,694,0.8431742191314697,True,694,0.7741764783859253,True,c12_correct
695,696,696_2.bmp,preprocessed_results\696\696_2.bmp,695,695,695,0.7403714060783386,713,0.01315566897392273,0.7272157371044159,695|713|819|694|789,0.74037141|0.01315567|0.00662490|0.00634644|0.00531711,1,0.7403714060783386,True,695,0.7403714060783386,True,695,0.5757243633270264,True,695,0.814939022064209,True,695,0.7577893137931824,True,c12_correct
696,697,697_8.bmp,preprocessed_results\697\697_8.bmp,696,696,696,0.6623514294624329,697,0.01900056190788746,0.6433508675545454,696|697|761|810|683,0.66235143|0.01900056|0.00982027|0.00883225|0.00629995,1,0.6623514294624329,True,696,0.6623514294624329,True,696,0.6861755847930908,True,696,0.8179118037223816,True,696,0.7950625419616699,True,c12_correct
697,698,698_4.bmp,preprocessed_results\698\698_4.bmp,697,697,697,0.4723729193210602,651,0.033466365188360214,0.43890655413269997,697|651|811|696|594,0.47237292|0.03346637|0.03043418|0.02592751|0.01501062,1,0.4723729193210602,True,697,0.4723729193210602,True,697,0.6713472008705139,True,697,0.8263067007064819,True,697,0.8315950036048889,True,c12_correct
698,699,699_10.bmp,preprocessed_results\699\699_10.bmp,698,698,698,0.8670114278793335,700,0.0048087663017213345,0.8622026615776122,698|700|321|598|699,0.86701143|0.00480877|0.00427970|0.00303018|0.00288342,1,0.8670114278793335,True,698,0.8670114278793335,True,698,0.7658138275146484,True,698,0.8229856491088867,True,698,0.7955018281936646,True,c12_correct
699,700,700_9.bmp,preprocessed_results\700\700_9.bmp,699,699,699,0.8277037143707275,801,0.011670310981571674,0.8160334033891559,699|801|724|681|743,0.82770371|0.01167031|0.00877893|0.00550268|0.00540998,1,0.8277037143707275,True,699,0.8277037143707275,True,699,0.849251389503479,True,699,0.7855161428451538,True,699,0.7685827612876892,True,c12_correct
700,701,701_10.bmp,preprocessed_results\701\701_10.bmp,700,700,700,0.8790442943572998,701,0.008520391769707203,0.8705239025875926,700|701|619|698|647,0.87904429|0.00852039|0.00318751|0.00292174|0.00255594,1,0.8790442943572998,True,700,0.8790442943572998,True,700,0.9178433418273926,True,700,0.8476139307022095,True,700,0.8115937113761902,True,c12_correct
701,702,702_2.bmp,preprocessed_results\702\702_2.bmp,701,701,701,0.7546645998954773,142,0.024346638470888138,0.7303179614245892,701|142|679|699|246,0.75466460|0.02434664|0.02167859|0.01881717|0.00855541,1,0.7546645998954773,True,701,0.7546645998954773,True,701,0.8408625721931458,True,701,0.8187310099601746,True,701,0.7923184037208557,True,c12_correct
702,703,703_1.bmp,preprocessed_results\703\703_1.bmp,702,702,702,0.7672836780548096,144,0.005714804399758577,0.761568873655051,702|144|298|31|566,0.76728368|0.00571480|0.00469063|0.00460547|0.00449270,1,0.7672836780548096,True,702,0.7672836780548096,True,702,0.552041232585907,True,702,0.7955354452133179,True,702,0.7277166843414307,True,c12_correct
703,704,704_5.bmp,preprocessed_results\704\704_5.bmp,703,703,703,0.8322011232376099,717,0.0045448727905750275,0.8276562504470348,703|717|105|687|723,0.83220112|0.00454487|0.00425262|0.00376178|0.00320329,1,0.8322011232376099,True,703,0.8322011232376099,True,703,0.8759176135063171,True,703,0.8247318267822266,True,703,0.783637285232544,True,c12_correct
704,705,705_4.bmp,preprocessed_results\705\705_4.bmp,704,704,704,0.9178829789161682,705,0.003426121547818184,0.91445685736835,704|705|575|574|639,0.91788298|0.00342612|0.00264379|0.00252464|0.00218605,1,0.9178829789161682,True,704,0.9178829789161682,True,704,0.8916358351707458,True,704,0.8448039293289185,True,704,0.8487984538078308,True,c12_correct
705,706,706_8.bmp,preprocessed_results\706\706_8.bmp,705,705,705,0.6275029182434082,720,0.01634671539068222,0.611156202852726,705|720|43|639|144,0.62750292|0.01634672|0.01110630|0.01033544|0.00610922,1,0.6275029182434082,True,705,0.6275029182434082,True,705,0.7836349010467529,True,705,0.8529424667358398,True,705,0.781327486038208,True,c12_correct
706,707,707_6.bmp,preprocessed_results\707\707_6.bmp,706,706,706,0.7338114380836487,607,0.008834651671350002,0.7249767864122987,706|607|625|615|656,0.73381144|0.00883465|0.00726975|0.00673866|0.00563419,1,0.7338114380836487,True,706,0.7338114380836487,True,706,0.8988238573074341,True,706,0.8047617077827454,True,706,0.8251847624778748,True,c12_correct
707,708,708_5.bmp,preprocessed_results\708\708_5.bmp,707,707,707,0.8665361404418945,772,0.00624318141490221,0.8602929590269923,707|772|619|644|604,0.86653614|0.00624318|0.00356704|0.00338919|0.00235253,1,0.8665361404418945,True,707,0.8665361404418945,True,707,0.7795225381851196,True,707,0.8375548124313354,True,707,0.8175740242004395,True,c12_correct
708,709,709_9.bmp,preprocessed_results\709\709_9.bmp,708,708,708,0.7990357875823975,695,0.014547228813171387,0.7844885587692261,708|695|659|600|713,0.79903579|0.01454723|0.01373465|0.00785854|0.00746657,1,0.7990357875823975,True,708,0.7990357875823975,True,708,0.8112240433692932,True,708,0.8069322109222412,True,708,0.7324357032775879,True,c12_correct
709,710,710_9.bmp,preprocessed_results\710\710_9.bmp,709,709,709,0.845359742641449,708,0.010354476980865002,0.835005265660584,709|708|633|792|587,0.84535974|0.01035448|0.00502926|0.00455018|0.00316048,1,0.845359742641449,True,709,0.845359742641449,True,709,0.8625116348266602,True,709,0.8198668360710144,True,709,0.806826651096344,True,c12_correct
710,711,711_3.bmp,preprocessed_results\711\711_3.bmp,710,710,710,0.8957912921905518,788,0.01225216779857874,0.883539124391973,710|788|651|610|603,0.89579129|0.01225217|0.00238367|0.00200966|0.00192209,1,0.8957912921905518,True,710,0.8957912921905518,True,710,0.9016873836517334,True,710,0.8491073250770569,True,710,0.8474054336547852,True,c12_correct
711,712,712_10.bmp,preprocessed_results\712\712_10.bmp,711,711,711,0.5992295742034912,773,0.02820564992725849,0.5710239242762327,711|773|586|710|581,0.59922957|0.02820565|0.01302854|0.01143142|0.00943373,1,0.5992295742034912,True,711,0.5992295742034912,True,711,0.5008769631385803,True,711,0.815839946269989,True,711,0.7459145784378052,True,c12_correct
712,713,713_1.bmp,preprocessed_results\713\713_1.bmp,712,712,712,0.8091152906417847,833,0.009638970717787743,0.7994763199239969,712|833|584|585|161,0.80911529|0.00963897|0.00472081|0.00338373|0.00328040,1,0.8091152906417847,True,712,0.8091152906417847,True,712,0.7964853048324585,True,712,0.8216192722320557,True,712,0.7631890177726746,True,c12_correct
713,714,714_5.bmp,preprocessed_results\714\714_5.bmp,713,713,713,0.8464728593826294,763,0.007171600591391325,0.8393012587912381,713|763|604|695|717,0.84647286|0.00717160|0.00450521|0.00449708|0.00363394,1,0.8464728593826294,True,713,0.8464728593826294,True,713,0.7958324551582336,True,713,0.8662267327308655,True,713,0.819880485534668,True,c12_correct
714,715,715_7.bmp,preprocessed_results\715\715_7.bmp,714,714,714,0.8135277032852173,712,0.01180966291576624,0.801718040369451,714|712|701|800|715,0.81352770|0.01180966|0.01028173|0.00853268|0.00646487,1,0.8135277032852173,True,714,0.8135277032852173,True,714,0.8066099286079407,True,714,0.8299732804298401,True,714,0.8449108600616455,True,c12_correct
715,716,716_2.bmp,preprocessed_results\716\716_2.bmp,715,715,715,0.8291453719139099,781,0.005095850210636854,0.8240495217032731,715|781|595|592|812,0.82914537|0.00509585|0.00408907|0.00363490|0.00347607,1,0.8291453719139099,True,715,0.8291453719139099,True,715,0.8294448852539062,True,715,0.831108570098877,True,715,0.8237711191177368,True,c12_correct
716,717,717_6.bmp,preprocessed_results\717\717_6.bmp,716,716,716,0.527281641960144,780,0.011358886957168579,0.5159227550029755,716|780|5|69|146,0.52728164|0.01135889|0.00958304|0.00894849|0.00751445,1,0.527281641960144,True,716,0.527281641960144,True,716,0.5626362562179565,True,716,0.7956428527832031,True,716,0.70195072889328,True,c12_correct
717,718,718_9.bmp,preprocessed_results\718\718_9.bmp,717,717,717,0.7245581150054932,723,0.01784689538180828,0.7067112196236849,717|723|716|294|176,0.72455812|0.01784690|0.01012196|0.00809115|0.00678316,1,0.7245581150054932,True,717,0.7245581150054932,True,717,0.7832764983177185,True,717,0.8654016256332397,True,717,0.8547244668006897,True,c12_correct
718,719,719_3.bmp,preprocessed_results\719\719_3.bmp,718,718,718,0.7854552865028381,609,0.01151752844452858,0.7739377580583096,718|609|691|774|802,0.78545529|0.01151753|0.00749339|0.00639388|0.00634749,1,0.7854552865028381,True,718,0.7854552865028381,True,718,0.6867493391036987,True,718,0.8261821269989014,True,718,0.7831935882568359,True,c12_correct
719,720,720_8.bmp,preprocessed_results\720\720_8.bmp,719,719,719,0.8082083463668823,588,0.008796014823019505,0.7994123315438628,719|588|657|734|607,0.80820835|0.00879601|0.00750836|0.00485041|0.00466960,1,0.8082083463668823,True,719,0.8082083463668823,True,719,0.8718757629394531,True,719,0.8411716818809509,True,719,0.8633854985237122,True,c12_correct
720,721,721_5.bmp,preprocessed_results\721\721_5.bmp,720,720,720,0.8173733353614807,805,0.011195478960871696,0.806177856400609,720|805|635|667|721,0.81737334|0.01119548|0.00632124|0.00465084|0.00363253,1,0.8173733353614807,True,720,0.8173733353614807,True,720,0.6558298468589783,True,720,0.8223745822906494,True,720,0.7489140629768372,True,c12_correct
721,722,722_8.bmp,preprocessed_results\722\722_8.bmp,721,721,721,0.8454545736312866,720,0.01042226329445839,0.8350323103368282,721|720|649|689|102,0.84545457|0.01042226|0.01026398|0.00612712|0.00350087,1,0.8454545736312866,True,721,0.8454545736312866,True,721,0.8522708415985107,True,721,0.8350260853767395,True,721,0.7737956643104553,True,c12_correct
722,723,723_5.bmp,preprocessed_results\723\723_5.bmp,722,722,722,0.9070936441421509,614,0.005203928332775831,0.901889715809375,722|614|107|354|245,0.90709364|0.00520393|0.00287878|0.00170208|0.00145840,1,0.9070936441421509,True,722,0.9070936441421509,True,722,0.7884635329246521,True,722,0.8220201730728149,True,722,0.8602184057235718,True,c12_correct
723,724,724_6.bmp,preprocessed_results\724\724_6.bmp,723,723,723,0.7154858708381653,575,0.008777223527431488,0.7067086473107338,723|575|156|407|406,0.71548587|0.00877722|0.00866692|0.00860354|0.00534921,1,0.7154858708381653,True,723,0.7154858708381653,True,723,0.6225326061248779,True,723,0.7992411255836487,True,723,0.6476049423217773,True,c12_correct
724,725,725_1.bmp,preprocessed_results\725\725_1.bmp,724,724,724,0.8891370296478271,212,0.008523358963429928,0.8806136706843972,724|212|198|690|725,0.88913703|0.00852336|0.00269316|0.00246789|0.00242165,1,0.8891370296478271,True,724,0.8891370296478271,True,724,0.826915979385376,True,724,0.8171414136886597,True,724,0.8406717777252197,True,c12_correct
725,726,726_10.bmp,preprocessed_results\726\726_10.bmp,725,725,725,0.7910131812095642,831,0.007707346696406603,0.7833058345131576,725|831|573|724|181,0.79101318|0.00770735|0.00472889|0.00350726|0.00248813,1,0.7910131812095642,True,725,0.7910131812095642,True,725,0.6343439817428589,True,725,0.8143738508224487,True,725,0.8659583926200867,True,c12_correct
726,727,727_4.bmp,preprocessed_results\727\727_4.bmp,726,726,726,0.25123873353004456,595,0.0755540058016777,0.17568472772836685,726|595|626|594|812,0.25123873|0.07555401|0.03836419|0.03320362|0.02775059,1,0.25123873353004456,True,726,0.25123873353004456,True,726,0.7094920873641968,True,726,0.799552321434021,True,726,0.5761816501617432,True,c12_correct
727,728,728_7.bmp,preprocessed_results\728\728_7.bmp,727,727,727,0.7317690849304199,85,0.012918227352201939,0.718850857578218,727|85|726|193|183,0.73176908|0.01291823|0.00853459|0.00707614|0.00700820,1,0.7317690849304199,True,727,0.7317690849304199,True,727,0.7832393050193787,True,727,0.8069332838058472,True,727,0.7975663542747498,True,c12_correct
728,729,729_5.bmp,preprocessed_results\729\729_5.bmp,728,728,728,0.8780409097671509,729,0.012936359271407127,0.8651045504957438,728|729|658|768|291,0.87804091|0.01293636|0.00558444|0.00385557|0.00254079,1,0.8780409097671509,True,728,0.8780409097671509,True,728,0.8730370402336121,True,728,0.8134559392929077,True,728,0.8519501686096191,True,c12_correct
729,730,730_7.bmp,preprocessed_results\730\730_7.bmp,729,729,729,0.6389071345329285,728,0.042337339371442795,0.5965697951614857,729|728|658|675|311,0.63890713|0.04233734|0.01774718|0.00955193|0.00715956,1,0.6389071345329285,True,729,0.6389071345329285,True,729,0.651513397693634,True,729,0.8108862042427063,True,729,0.745355486869812,True,c12_correct
730,731,731_10.bmp,preprocessed_results\731\731_10.bmp,730,730,730,0.19426646828651428,712,0.062456775456666946,0.13180969282984734,730|712|575|592|584,0.19426647|0.06245678|0.03082751|0.02187361|0.02154494,1,0.19426646828651428,True,730,0.19426646828651428,True,730,0.13370417058467865,True,730,0.7891611456871033,True,730,0.3374369442462921,True,c12_correct
731,732,732_6.bmp,preprocessed_results\732\732_6.bmp,731,731,731,0.7386239171028137,730,0.07726739346981049,0.6613565236330032,731|730|603|581|760,0.73862392|0.07726739|0.00777199|0.00531279|0.00396526,1,0.7386239171028137,True,731,0.7386239171028137,True,731,0.802076518535614,True,731,0.8301293253898621,True,731,0.8427202701568604,True,c12_correct
732,733,733_7.bmp,preprocessed_results\733\733_7.bmp,732,732,732,0.8606926202774048,638,0.00836988165974617,0.8523227386176586,732|638|691|7|749,0.86069262|0.00836988|0.00354142|0.00292861|0.00265188,1,0.8606926202774048,True,732,0.8606926202774048,True,732,0.8801876306533813,True,732,0.8160028457641602,True,732,0.7840685248374939,True,c12_correct
733,734,734_6.bmp,preprocessed_results\734\734_6.bmp,733,733,733,0.7707452178001404,781,0.005786217283457518,0.7649590005166829,733|781|691|28|647,0.77074522|0.00578622|0.00361603|0.00350197|0.00349141,1,0.7707452178001404,True,733,0.7707452178001404,True,733,0.3716263175010681,True,733,0.8069204688072205,True,733,0.5465685129165649,True,c12_correct
734,735,735_7.bmp,preprocessed_results\735\735_7.bmp,734,734,734,0.5781081914901733,758,0.025972913950681686,0.5521352775394917,734|758|820|572|761,0.57810819|0.02597291|0.02295800|0.01952127|0.01193962,1,0.5781081914901733,True,734,0.5781081914901733,True,734,0.7940828800201416,True,734,0.8314414620399475,True,734,0.8008023500442505,True,c12_correct
735,736,736_1.bmp,preprocessed_results\736\736_1.bmp,735,735,735,0.8627205491065979,777,0.008680717088282108,0.8540398320183158,735|777|573|827|825,0.86272055|0.00868072|0.00353384|0.00300799|0.00259994,1,0.8627205491065979,True,735,0.8627205491065979,True,735,0.8419012427330017,True,735,0.8397605419158936,True,735,0.7869759202003479,True,c12_correct
736,737,737_5.bmp,preprocessed_results\737\737_5.bmp,736,736,736,0.9158549904823303,285,0.0036246157251298428,0.9122303747572005,736|285|828|609|734,0.91585499|0.00362462|0.00228242|0.00178933|0.00124965,1,0.9158549904823303,True,736,0.9158549904823303,True,736,0.8102192282676697,True,736,0.8206385970115662,True,736,0.8199791312217712,True,c12_correct
737,738,738_1.bmp,preprocessed_results\738\738_1.bmp,737,737,737,0.828570544719696,642,0.0048658582381904125,0.8237046864815056,737|642|736|608|158,0.82857054|0.00486586|0.00457469|0.00424518|0.00316626,1,0.828570544719696,True,737,0.828570544719696,True,737,0.6827730536460876,True,737,0.8103747367858887,True,737,0.8601246476173401,True,c12_correct
738,739,739_10.bmp,preprocessed_results\739\739_10.bmp,738,738,738,0.579341471195221,815,0.033496033400297165,0.5458454377949238,738|815|6|638|353,0.57934147|0.03349603|0.00794615|0.00752930|0.00714496,1,0.579341471195221,True,738,0.579341471195221,True,738,0.6232466101646423,True,738,0.7946040630340576,True,738,0.6754065155982971,True,c12_correct
739,740,740_5.bmp,preprocessed_results\740\740_5.bmp,739,739,739,0.8689242601394653,738,0.006749812047928572,0.8621744480915368,739|738|775|180|639,0.86892426|0.00674981|0.00277999|0.00264935|0.00247977,1,0.8689242601394653,True,739,0.8689242601394653,True,739,0.6708300709724426,True,739,0.8389901518821716,True,739,0.8182113766670227,True,c12_correct
740,741,741_5.bmp,preprocessed_results\741\741_5.bmp,740,740,740,0.7753643989562988,582,0.00751181785017252,0.7678525811061263,740|582|638|745|686,0.77536440|0.00751182|0.00607554|0.00493881|0.00423494,1,0.7753643989562988,True,740,0.7753643989562988,True,740,0.7132567167282104,True,740,0.8359063863754272,True,740,0.786200225353241,True,c12_correct
741,742,742_3.bmp,preprocessed_results\742\742_3.bmp,741,741,741,0.7905396819114685,790,0.004480079282075167,0.7860596026293933,741|790|697|693|764,0.79053968|0.00448008|0.00306415|0.00274279|0.00257521,1,0.7905396819114685,True,741,0.7905396819114685,True,741,0.7002654671669006,True,741,0.8210167288780212,True,741,0.8347502946853638,True,c12_correct
742,743,743_3.bmp,preprocessed_results\743\743_3.bmp,742,742,742,0.7986353635787964,743,0.02040139026939869,0.7782339733093977,742|743|679|139|699,0.79863536|0.02040139|0.00651008|0.00496425|0.00456128,1,0.7986353635787964,True,742,0.7986353635787964,True,742,0.5366860628128052,True,742,0.8249933123588562,True,742,0.6989537477493286,True,c12_correct
743,744,744_9.bmp,preprocessed_results\744\744_9.bmp,743,743,743,0.789007842540741,803,0.008678629994392395,0.7803292125463486,743|803|742|649|689,0.78900784|0.00867863|0.00705124|0.00617562|0.00582254,1,0.789007842540741,True,743,0.789007842540741,True,743,0.8428818583488464,True,743,0.8203832507133484,True,743,0.83699631690979,True,c12_correct
744,745,745_4.bmp,preprocessed_results\745\745_4.bmp,744,744,744,0.8810656070709229,745,0.004088857211172581,0.8769767498597503,744|745|587|547|76,0.88106561|0.00408886|0.00278702|0.00232182|0.00192113,1,0.8810656070709229,True,744,0.8810656070709229,True,744,0.8404918313026428,True,744,0.835802435874939,True,744,0.8406144976615906,True,c12_correct
745,746,746_6.bmp,preprocessed_results\746\746_6.bmp,745,745,745,0.7249800562858582,744,0.025215381756424904,0.6997646745294333,745|744|628|615|192,0.72498006|0.02521538|0.00937649|0.00570136|0.00420317,1,0.7249800562858582,True,745,0.7249800562858582,True,745,0.8211878538131714,True,745,0.8045864701271057,True,745,0.8436995148658752,True,c12_correct
746,747,747_5.bmp,preprocessed_results\747\747_5.bmp,746,746,746,0.5892078280448914,47,0.009492355398833752,0.5797154726460576,746|47|823|822|275,0.58920783|0.00949236|0.00790124|0.00613136|0.00608808,1,0.5892078280448914,True,746,0.5892078280448914,True,746,0.8934510946273804,True,746,0.816819429397583,True,746,0.789045512676239,True,c12_correct
747,748,748_10.bmp,preprocessed_results\748\748_10.bmp,747,747,747,0.3283845782279968,817,0.01390879601240158,0.31447578221559525,747|817|815|99|327,0.32838458|0.01390880|0.00964681|0.00941606|0.00919097,1,0.3283845782279968,True,747,0.3283845782279968,True,747,0.5942050814628601,True,747,0.822374165058136,True,747,0.7030231356620789,True,c12_correct
748,749,749_4.bmp,preprocessed_results\749\749_4.bmp,748,748,748,0.7110565900802612,339,0.0060732108540833,0.7049833792261779,748|339|732|728|110,0.71105659|0.00607321|0.00556392|0.00469287|0.00458665,1,0.7110565900802612,True,748,0.7110565900802612,True,748,0.6167593002319336,True,748,0.8198447227478027,True,748,0.7673811912536621,True,c12_correct
749,750,750_3.bmp,preprocessed_results\750\750_3.bmp,749,749,749,0.19023439288139343,769,0.03423376753926277,0.15600062534213066,749|769|341|733|669,0.19023439|0.03423377|0.03421114|0.02267050|0.01977965,1,0.19023439288139343,True,749,0.19023439288139343,True,749,0.05390109866857529,True,749,0.7678540945053101,True,749,0.27677640318870544,True,c12_correct
750,751,751_10.bmp,preprocessed_results\751\751_10.bmp,750,750,750,0.5254316926002502,636,0.08240678906440735,0.4430249035358429,750|636|685|827|637,0.52543169|0.08240679|0.04205041|0.01806114|0.01326814,1,0.5254316926002502,True,750,0.5254316926002502,True,750,0.425139844417572,True,750,0.806046187877655,True,750,0.5551028251647949,True,c12_correct
751,752,752_1.bmp,preprocessed_results\752\752_1.bmp,751,751,751,0.849685549736023,685,0.012932239100337029,0.8367533106356859,751|685|800|750|809,0.84968555|0.01293224|0.00872566|0.00463927|0.00335707,1,0.849685549736023,True,751,0.849685549736023,True,751,0.8482720255851746,True,751,0.8352059125900269,True,751,0.8272689580917358,True,c12_correct
752,753,753_9.bmp,preprocessed_results\753\753_9.bmp,752,752,752,0.5938814878463745,753,0.04138755798339844,0.5524939298629761,752|753|613|163|92,0.59388149|0.04138756|0.01339213|0.01113765|0.00869662,1,0.5938814878463745,True,752,0.5938814878463745,True,752,0.8024954795837402,True,752,0.8090261816978455,True,752,0.7966165542602539,True,c12_correct
753,754,754_7.bmp,preprocessed_results\754\754_7.bmp,753,753,753,0.6746801137924194,752,0.0104067362844944,0.664273377507925,753|752|663|627|785,0.67468011|0.01040674|0.00920629|0.00549208|0.00529963,1,0.6746801137924194,True,753,0.6746801137924194,True,753,0.8344249129295349,True,753,0.8393559455871582,True,753,0.8602154850959778,True,c12_correct
754,755,755_4.bmp,preprocessed_results\755\755_4.bmp,754,754,754,0.7424300312995911,755,0.01009589247405529,0.7323341388255358,754|755|784|779|806,0.74243003|0.01009589|0.00821281|0.00816009|0.00587063,1,0.7424300312995911,True,754,0.7424300312995911,True,754,0.8089666366577148,True,754,0.8204677700996399,True,754,0.7471224069595337,True,c12_correct
755,756,756_7.bmp,preprocessed_results\756\756_7.bmp,755,755,755,0.4951207935810089,829,0.02343401312828064,0.47168678045272827,755|829|821|762|754,0.49512079|0.02343401|0.01708955|0.01094795|0.00987596,1,0.4951207935810089,True,755,0.4951207935810089,True,755,0.4699784219264984,True,755,0.8088878393173218,True,755,0.6238556504249573,True,c12_correct
756,757,757_5.bmp,preprocessed_results\757\757_5.bmp,756,756,756,0.4661288559436798,757,0.033878110349178314,0.4322507455945015,756|757|802|734|608,0.46612886|0.03387811|0.03227749|0.02570687|0.01892596,1,0.4661288559436798,True,756,0.4661288559436798,True,756,0.42578789591789246,True,756,0.7739802002906799,True,756,0.5101516842842102,True,c12_correct
757,758,758_10.bmp,preprocessed_results\758\758_10.bmp,757,757,757,0.8809974193572998,765,0.01280010025948286,0.8681973190978169,757|765|756|621|790,0.88099742|0.01280010|0.00436035|0.00343138|0.00334984,1,0.8809974193572998,True,757,0.8809974193572998,True,757,0.8131369948387146,True,757,0.8541081547737122,True,757,0.819161593914032,True,c12_correct
758,759,759_7.bmp,preprocessed_results\759\759_7.bmp,758,758,758,0.8721961379051208,612,0.0064017800614237785,0.8657943578436971,758|612|820|572|780,0.87219614|0.00640178|0.00394052|0.00315398|0.00306783,1,0.8721961379051208,True,758,0.8721961379051208,True,758,0.8703835010528564,True,758,0.8223780393600464,True,758,0.8737745881080627,True,c12_correct
759,760,760_7.bmp,preprocessed_results\760\760_7.bmp,759,759,759,0.525638222694397,825,0.025144176557660103,0.5004940461367369,759|825|597|661|758,0.52563822|0.02514418|0.01384387|0.01184481|0.01057393,1,0.525638222694397,True,759,0.525638222694397,True,759,0.46561285853385925,True,759,0.8187664747238159,True,759,0.7191508412361145,True,c12_correct
760,761,761_2.bmp,preprocessed_results\761\761_2.bmp,760,760,760,0.5957351326942444,163,0.017828652635216713,0.5779064800590277,760|163|607|799|706,0.59573513|0.01782865|0.00679871|0.00608202|0.00578286,1,0.5957351326942444,True,760,0.5957351326942444,True,760,0.3863924443721771,True,760,0.8248385190963745,True,760,0.6396490335464478,True,c12_correct
761,762,762_2.bmp,preprocessed_results\762\762_2.bmp,761,761,761,0.690301775932312,774,0.014055461622774601,0.6762463143095374,761|774|699|250|587,0.69030178|0.01405546|0.01334751|0.00575162|0.00570559,1,0.690301775932312,True,761,0.690301775932312,True,761,0.8449850082397461,True,761,0.8468576669692993,True,761,0.8162725567817688,True,c12_correct
762,763,763_5.bmp,preprocessed_results\763\763_5.bmp,762,762,762,0.8574998378753662,763,0.005337015725672245,0.852162822149694,762|763|726|806|595,0.85749984|0.00533702|0.00394951|0.00394443|0.00380786,1,0.8574998378753662,True,762,0.8574998378753662,True,762,0.8864448666572571,True,762,0.8141148686408997,True,762,0.9264835119247437,True,c12_correct
763,764,764_9.bmp,preprocessed_results\764\764_9.bmp,763,763,763,0.6040782928466797,179,0.010435410775244236,0.5936428820714355,763|179|695|59|295,0.60407829|0.01043541|0.00988023|0.00959378|0.00949274,1,0.6040782928466797,True,763,0.6040782928466797,True,763,0.4626695513725281,True,763,0.8256973028182983,True,763,0.7456676363945007,True,c12_correct
764,765,765_10.bmp,preprocessed_results\765\765_10.bmp,764,764,764,0.7864027619361877,780,0.015705231577157974,0.7706975303590298,764|780|570|658|752,0.78640276|0.01570523|0.00565215|0.00482597|0.00430140,1,0.7864027619361877,True,764,0.7864027619361877,True,764,0.8529503345489502,True,764,0.8475973010063171,True,764,0.8283530473709106,True,c12_correct
765,766,766_4.bmp,preprocessed_results\766\766_4.bmp,765,765,765,0.79258131980896,683,0.018793977797031403,0.7737873420119286,765|683|757|759|36,0.79258132|0.01879398|0.00988865|0.00593632|0.00483708,1,0.79258131980896,True,765,0.79258131980896,True,765,0.8672357797622681,True,765,0.8218420743942261,True,765,0.843184232711792,True,c12_correct
766,767,767_1.bmp,preprocessed_results\767\767_1.bmp,766,766,766,0.6564746499061584,241,0.02495320700109005,0.6315214429050684,766|241|240|811|242,0.65647465|0.02495321|0.02194965|0.00911791|0.00735406,1,0.6564746499061584,True,766,0.6564746499061584,True,766,0.8010082244873047,True,766,0.8330778479576111,True,766,0.7541123032569885,True,c12_correct
767,768,768_7.bmp,preprocessed_results\768\768_7.bmp,767,767,767,0.8784582614898682,766,0.009317019023001194,0.869141242466867,767|766|762|792|47,0.87845826|0.00931702|0.00545768|0.00296232|0.00206799,1,0.8784582614898682,True,767,0.8784582614898682,True,767,0.8669053912162781,True,767,0.8321184515953064,True,767,0.881009042263031,True,c12_correct
768,769,769_3.bmp,preprocessed_results\769\769_3.bmp,768,768,768,0.2903288006782532,643,0.032007522881031036,0.25832127779722214,768|643|658|728|620,0.29032880|0.03200752|0.03188569|0.02104537|0.01751737,1,0.2903288006782532,True,768,0.2903288006782532,True,768,0.6220777034759521,True,768,0.8202661871910095,True,768,0.6661307215690613,True,c12_correct
769,770,770_7.bmp,preprocessed_results\770\770_7.bmp,769,769,769,0.6232975721359253,768,0.05446383357048035,0.568833738565445,769|768|807|791|709,0.62329757|0.05446383|0.01415653|0.00763886|0.00759660,1,0.6232975721359253,True,769,0.6232975721359253,True,769,0.844516932964325,True,769,0.8198307156562805,True,769,0.7372100353240967,True,c12_correct
770,771,771_5.bmp,preprocessed_results\771\771_5.bmp,770,770,770,0.8789659738540649,825,0.0046003819443285465,0.8743655919097364,770|825|310|593|782,0.87896597|0.00460038|0.00376216|0.00362705|0.00340526,1,0.8789659738540649,True,770,0.8789659738540649,True,770,0.9242972135543823,True,770,0.8612874150276184,True,770,0.8671259880065918,True,c12_correct
771,772,772_2.bmp,preprocessed_results\772\772_2.bmp,771,771,771,0.826616108417511,770,0.00523204542696476,0.8213840629905462,771|770|324|421|825,0.82661611|0.00523205|0.00488198|0.00474300|0.00370496,1,0.826616108417511,True,771,0.826616108417511,True,771,0.8333413600921631,True,771,0.8263617753982544,True,771,0.8189568519592285,True,c12_correct
772,773,773_2.bmp,preprocessed_results\773\773_2.bmp,772,772,772,0.8492348194122314,773,0.013591961935162544,0.8356428574770689,772|773|709|707|706,0.84923482|0.01359196|0.00348780|0.00347602|0.00344152,1,0.8492348194122314,True,772,0.8492348194122314,True,772,0.7737786173820496,True,772,0.8130958080291748,True,772,0.802988588809967,True,c12_correct
773,774,774_10.bmp,preprocessed_results\774\774_10.bmp,773,773,773,0.707541823387146,327,0.026907946914434433,0.6806338764727116,773|327|772|607|799,0.70754182|0.02690795|0.02177184|0.01403272|0.00640677,1,0.707541823387146,True,773,0.707541823387146,True,773,0.2890675961971283,True,773,0.7663669586181641,True,773,0.5089797377586365,True,c12_correct
774,775,775_1.bmp,preprocessed_results\775\775_1.bmp,774,774,774,0.6474669575691223,718,0.016905739903450012,0.6305612176656723,774|718|678|356|738,0.64746696|0.01690574|0.01391422|0.00773135|0.00754864,1,0.6474669575691223,True,774,0.6474669575691223,True,774,0.6370245218276978,True,774,0.8085955381393433,True,774,0.6804124712944031,True,c12_correct
775,776,776_9.bmp,preprocessed_results\776\776_9.bmp,775,775,775,0.7186485528945923,774,0.012921218760311604,0.7057273341342807,775|774|630|243|709,0.71864855|0.01292122|0.00460870|0.00435236|0.00383649,1,0.7186485528945923,True,775,0.7186485528945923,True,775,0.7591488361358643,True,775,0.83292156457901,True,775,0.7964518070220947,True,c12_correct
776,777,777_7.bmp,preprocessed_results\777\777_7.bmp,776,776,776,0.5464774966239929,777,0.03222402185201645,0.5142534747719765,776|777|659|728|794,0.54647750|0.03222402|0.01820276|0.01377805|0.00868806,1,0.5464774966239929,True,776,0.5464774966239929,True,776,0.35153302550315857,True,776,0.8151620626449585,True,776,0.5621093511581421,True,c12_correct
777,778,778_3.bmp,preprocessed_results\778\778_3.bmp,777,777,777,0.8090946674346924,776,0.016708901152014732,0.7923857662826777,777|776|597|735|627,0.80909467|0.01670890|0.01258483|0.00672072|0.00506812,1,0.8090946674346924,True,777,0.8090946674346924,True,777,0.8554141521453857,True,777,0.8536622524261475,True,777,0.7581092715263367,True,c12_correct
778,779,779_2.bmp,preprocessed_results\779\779_2.bmp,778,778,778,0.7532094120979309,593,0.009058567695319653,0.7441508444026113,778|593|782|779|157,0.75320941|0.00905857|0.00656699|0.00634319|0.00511136,1,0.7532094120979309,True,778,0.7532094120979309,True,778,0.8275300860404968,True,778,0.7983047366142273,True,778,0.8338059186935425,True,c12_correct
779,780,780_7.bmp,preprocessed_results\780\780_7.bmp,779,779,779,0.7546542882919312,754,0.024890532717108727,0.7297637555748224,779|754|23|778|784,0.75465429|0.02489053|0.01615392|0.00722062|0.00445683,1,0.7546542882919312,True,779,0.7546542882919312,True,779,0.7505873441696167,True,779,0.8327327966690063,True,779,0.8817277550697327,True,c12_correct
780,781,781_4.bmp,preprocessed_results\781\781_4.bmp,780,780,780,0.7521613836288452,764,0.04536135494709015,0.7068000286817551,780|764|781|820|163,0.75216138|0.04536135|0.01075803|0.00750959|0.00614578,1,0.7521613836288452,True,780,0.7521613836288452,True,780,0.7823757529258728,True,780,0.8120697140693665,True,780,0.7439947128295898,True,c12_correct
781,782,782_8.bmp,preprocessed_results\782\782_8.bmp,781,781,781,0.4536997079849243,812,0.023774443194270134,0.4299252647906542,781|812|7|780|761,0.45369971|0.02377444|0.01829792|0.01574684|0.01334122,1,0.4536997079849243,True,781,0.4536997079849243,True,781,0.5130535364151001,True,781,0.809104859828949,True,781,0.7177642583847046,True,c12_correct
782,783,783_5.bmp,preprocessed_results\783\783_5.bmp,782,782,782,0.8302658200263977,783,0.007689937483519316,0.8225758825428784,782|783|675|311|729,0.83026582|0.00768994|0.00382561|0.00362560|0.00332972,1,0.8302658200263977,True,782,0.8302658200263977,True,782,0.8377717137336731,True,782,0.8274394869804382,True,782,0.8592616319656372,True,c12_correct
783,784,784_3.bmp,preprocessed_results\784\784_3.bmp,783,783,783,0.4524562656879425,788,0.01913807913661003,0.4333181865513325,783|788|715|611|710,0.45245627|0.01913808|0.01502512|0.01421783|0.01237922,1,0.4524562656879425,True,783,0.4524562656879425,True,783,0.682346522808075,True,783,0.823278546333313,True,783,0.701256513595581,True,c12_correct
784,785,785_5.bmp,preprocessed_results\785\785_5.bmp,784,784,784,0.9034311175346375,758,0.006673895288258791,0.8967572222463787,784|758|785|573|572,0.90343112|0.00667390|0.00446854|0.00419220|0.00418011,1,0.9034311175346375,True,784,0.9034311175346375,True,784,0.7829760313034058,True,784,0.8028006553649902,True,784,0.7331425547599792,True,c12_correct
785,786,786_5.bmp,preprocessed_results\786\786_5.bmp,785,785,785,0.5115078091621399,186,0.021108753979206085,0.4903990551829338,785|186|199|708|740,0.51150781|0.02110875|0.01745804|0.01448947|0.01289323,1,0.5115078091621399,True,785,0.5115078091621399,True,785,0.4986671805381775,True,785,0.8118979930877686,True,785,0.6348058581352234,True,c12_correct
786,787,787_7.bmp,preprocessed_results\787\787_7.bmp,786,786,786,0.8313060402870178,211,0.004842412192374468,0.8264636280946434,786|211|746|638|623,0.83130604|0.00484241|0.00481056|0.00427685|0.00329506,1,0.8313060402870178,True,786,0.8313060402870178,True,786,0.7983059287071228,True,786,0.8385656476020813,True,786,0.8324108719825745,True,c12_correct
787,788,788_4.bmp,preprocessed_results\788\788_4.bmp,787,787,787,0.6820091605186462,723,0.014415332116186619,0.6675938284024596,787|723|214|575|546,0.68200916|0.01441533|0.00525027|0.00496625|0.00444541,1,0.6820091605186462,True,787,0.6820091605186462,True,787,0.7396114468574524,True,787,0.8288825750350952,True,787,0.8266700506210327,True,c12_correct
788,789,789_3.bmp,preprocessed_results\789\789_3.bmp,788,788,788,0.7245866060256958,710,0.02989231050014496,0.6946942955255508,788|710|601|706|246,0.72458661|0.02989231|0.00760688|0.00751855|0.00520291,1,0.7245866060256958,True,788,0.7245866060256958,True,788,0.8578034043312073,True,788,0.8190180659294128,True,788,0.8522015810012817,True,c12_correct
789,790,790_6.bmp,preprocessed_results\790\790_6.bmp,789,789,789,0.6743572354316711,786,0.006378587335348129,0.667978648096323,789|786|747|695|254,0.67435724|0.00637859|0.00635213|0.00595459|0.00594173,1,0.6743572354316711,True,789,0.6743572354316711,True,789,0.8916593194007874,True,789,0.8339644074440002,True,789,0.8176243305206299,True,c12_correct
790,791,791_6.bmp,preprocessed_results\791\791_6.bmp,790,790,790,0.8671208024024963,757,0.004324423614889383,0.862796378787607,790|757|621|734|743,0.86712080|0.00432442|0.00285409|0.00251576|0.00236588,1,0.8671208024024963,True,790,0.8671208024024963,True,790,0.8379978537559509,True,790,0.8025386929512024,True,790,0.808245062828064,True,c12_correct
791,792,792_9.bmp,preprocessed_results\792\792_9.bmp,791,791,791,0.61334627866745,814,0.027881525456905365,0.5854647532105446,791|814|586|807|741,0.61334628|0.02788153|0.02032500|0.01219833|0.01039315,1,0.61334627866745,True,791,0.61334627866745,True,791,0.5546739101409912,True,791,0.8044087886810303,True,791,0.649776816368103,True,c12_correct
792,793,793_1.bmp,preprocessed_results\793\793_1.bmp,792,792,792,0.5712332725524902,791,0.03197459876537323,0.539258673787117,792|791|597|768|752,0.57123327|0.03197460|0.01588514|0.01347875|0.01208175,1,0.5712332725524902,True,792,0.5712332725524902,True,792,0.5016608238220215,True,792,0.8311678171157837,True,792,0.7395445704460144,True,c12_correct
793,794,794_2.bmp,preprocessed_results\794\794_2.bmp,793,793,793,0.7255095839500427,633,0.010044490918517113,0.7154650930315256,793|633|792|730|145,0.72550958|0.01004449|0.00694864|0.00537444|0.00490000,1,0.7255095839500427,True,793,0.7255095839500427,True,793,0.7918055653572083,True,793,0.8197426795959473,True,793,0.8239144682884216,True,c12_correct
794,795,795_7.bmp,preprocessed_results\795\795_7.bmp,794,794,794,0.8823787569999695,776,0.0024087948258966208,0.8799699621740729,794|776|798|64|771,0.88237876|0.00240879|0.00218490|0.00207605|0.00186449,1,0.8823787569999695,True,794,0.8823787569999695,True,794,0.8861412405967712,True,794,0.838858962059021,True,794,0.8409881591796875,True,c12_correct
795,796,796_5.bmp,preprocessed_results\796\796_5.bmp,795,795,795,0.8856916427612305,24,0.00745787238702178,0.8782337703742087,795|24|10|749|262,0.88569164|0.00745787|0.00322949|0.00242344|0.00235444,1,0.8856916427612305,True,795,0.8856916427612305,True,795,0.8512799739837646,True,795,0.809112548828125,True,795,0.7890259027481079,True,c12_correct
796,797,797_6.bmp,preprocessed_results\797\797_6.bmp,796,796,796,0.6657860279083252,797,0.013324863277375698,0.6524611646309495,796|797|633|60|817,0.66578603|0.01332486|0.00715818|0.00630312|0.00624467,1,0.6657860279083252,True,796,0.6657860279083252,True,796,0.7734987139701843,True,796,0.8278284072875977,True,796,0.7948226928710938,True,c12_correct
797,798,798_4.bmp,preprocessed_results\798\798_4.bmp,797,797,797,0.7395657300949097,796,0.021988701075315475,0.7175770290195942,797|796|816|771|749,0.73956573|0.02198870|0.01219691|0.00604760|0.00528410,1,0.7395657300949097,True,797,0.7395657300949097,True,797,0.8465627431869507,True,797,0.8372403979301453,True,797,0.861422061920166,True,c12_correct
798,799,799_7.bmp,preprocessed_results\799\799_7.bmp,798,798,798,0.7233904600143433,340,0.019323723390698433,0.7040667366236448,798|340|632|187|799,0.72339046|0.01932372|0.00871784|0.00624301|0.00617026,1,0.7233904600143433,True,798,0.7233904600143433,True,798,0.7958263158798218,True,798,0.8344866633415222,True,798,0.8338578939437866,True,c12_correct
799,800,800_9.bmp,preprocessed_results\800\800_9.bmp,799,799,799,0.6057354807853699,820,0.01963120512664318,0.5861042756587267,799|820|784|831|758,0.60573548|0.01963121|0.00939152|0.00847225|0.00814570,1,0.6057354807853699,True,799,0.6057354807853699,True,799,0.6425712704658508,True,799,0.7443276047706604,True,799,0.7117093801498413,True,c12_correct
800,801,801_9.bmp,preprocessed_results\801\801_9.bmp,800,800,800,0.6800779700279236,801,0.021023551002144814,0.6590544190257788,800|801|784|406|690,0.68007797|0.02102355|0.01307605|0.01278901|0.01261722,1,0.6800779700279236,True,800,0.6800779700279236,True,800,0.6927305459976196,True,800,0.8028324842453003,True,800,0.7952053546905518,True,c12_correct
801,802,802_10.bmp,preprocessed_results\802\802_10.bmp,801,801,801,0.8111756443977356,800,0.010488651692867279,0.8006869927048683,801|800|805|833|182,0.81117564|0.01048865|0.00834299|0.00513965|0.00380103,1,0.8111756443977356,True,801,0.8111756443977356,True,801,0.7864294052124023,True,801,0.8212141394615173,True,801,0.8285868167877197,True,c12_correct
802,803,803_6.bmp,preprocessed_results\803\803_6.bmp,802,802,802,0.5706503987312317,808,0.06050386279821396,0.5101465359330177,802|808|677|641|634,0.57065040|0.06050386|0.03086684|0.02793440|0.01885238,1,0.5706503987312317,True,802,0.5706503987312317,True,802,0.6579345464706421,True,802,0.8390828371047974,True,802,0.7771684527397156,True,c12_correct
803,804,804_5.bmp,preprocessed_results\804\804_5.bmp,803,803,803,0.82524573802948,802,0.020676573738455772,0.8045691642910242,803|802|677|678|679,0.82524574|0.02067657|0.01214224|0.00778076|0.00677425,1,0.82524573802948,True,803,0.82524573802948,True,803,0.8135547041893005,True,803,0.829255998134613,True,803,0.7941527962684631,True,c12_correct
804,805,805_6.bmp,preprocessed_results\805\805_6.bmp,804,804,804,0.8876344561576843,648,0.019976666197180748,0.8676577899605036,804|648|372|640|116,0.88763446|0.01997667|0.00486396|0.00370778|0.00200687,1,0.8876344561576843,True,804,0.8876344561576843,True,804,0.8623617887496948,True,804,0.8114106059074402,True,804,0.8332839012145996,True,c12_correct
805,806,806_2.bmp,preprocessed_results\806\806_2.bmp,805,805,805,0.7588850259780884,635,0.012665700167417526,0.7462193258106709,805|635|667|814|833,0.75888503|0.01266570|0.01178861|0.00706469|0.00684017,1,0.7588850259780884,True,805,0.7588850259780884,True,805,0.8003060817718506,True,805,0.8363927602767944,True,805,0.8092162013053894,True,c12_correct
806,807,807_10.bmp,preprocessed_results\807\807_10.bmp,806,806,806,0.8494159579277039,807,0.01058883499354124,0.8388271229341626,806|807|823|151|822,0.84941596|0.01058883|0.00612603|0.00507832|0.00391890,1,0.8494159579277039,True,806,0.8494159579277039,True,806,0.8478014469146729,True,806,0.8689967393875122,True,806,0.8691104650497437,True,c12_correct
807,808,808_9.bmp,preprocessed_results\808\808_9.bmp,807,807,807,0.8202050924301147,806,0.0070295995101332664,0.8131754929199815,807|806|327|724|801,0.82020509|0.00702960|0.00589792|0.00358890|0.00358195,1,0.8202050924301147,True,807,0.8202050924301147,True,807,0.665131688117981,True,807,0.8398054242134094,True,807,0.7523230314254761,True,c12_correct
808,809,809_9.bmp,preprocessed_results\809\809_9.bmp,808,808,808,0.7304506301879883,684,0.01246434636414051,0.7179862838238478,808|684|802|809|679,0.73045063|0.01246435|0.01139225|0.01021650|0.00814753,1,0.7304506301879883,True,808,0.7304506301879883,True,808,0.8457425236701965,True,808,0.8338132500648499,True,808,0.8517754077911377,True,c12_correct
809,810,810_2.bmp,preprocessed_results\810\810_2.bmp,809,809,809,0.8563372492790222,679,0.022329796105623245,0.834007453173399,809|679|678|714|826,0.85633725|0.02232980|0.01042420|0.00639575|0.00306430,1,0.8563372492790222,True,809,0.8563372492790222,True,809,0.9014624357223511,True,809,0.8320712447166443,True,809,0.8451311588287354,True,c12_correct
810,811,811_6.bmp,preprocessed_results\811\811_6.bmp,810,810,810,0.6631960868835449,830,0.018225286155939102,0.6449708007276058,810|830|650|806|287,0.66319609|0.01822529|0.01122503|0.01025961|0.00938012,1,0.6631960868835449,True,810,0.6631960868835449,True,810,0.6556991934776306,True,810,0.7777270078659058,True,810,0.7712095379829407,True,c12_correct
811,812,812_7.bmp,preprocessed_results\812\812_7.bmp,811,811,811,0.925513505935669,810,0.006078713573515415,0.9194347923621535,811|810|761|697|767,0.92551351|0.00607871|0.00313839|0.00191086|0.00158846,1,0.925513505935669,True,811,0.925513505935669,True,811,0.8971156477928162,True,811,0.8440882563591003,True,811,0.8868623971939087,True,c12_correct
812,813,813_10.bmp,preprocessed_results\813\813_10.bmp,812,812,812,0.7176443338394165,781,0.06994342803955078,0.6477009057998657,812|781|702|780|726,0.71764433|0.06994343|0.01532127|0.00689060|0.00513434,1,0.7176443338394165,True,812,0.7176443338394165,True,812,0.7530909180641174,True,812,0.8285841941833496,True,812,0.7057342529296875,True,c12_correct
813,814,814_7.bmp,preprocessed_results\814\814_7.bmp,813,813,813,0.8644386529922485,809,0.009568901732563972,0.8548697512596846,813|809|812|774|827,0.86443865|0.00956890|0.00574628|0.00371101|0.00365369,1,0.8644386529922485,True,813,0.8644386529922485,True,813,0.8159284591674805,True,813,0.8379573822021484,True,813,0.8712455034255981,True,c12_correct
814,815,815_1.bmp,preprocessed_results\815\815_1.bmp,814,814,814,0.8717140555381775,805,0.013821011409163475,0.857893044129014,814|805|815|833|679,0.87171406|0.01382101|0.00871230|0.00395588|0.00271063,1,0.8717140555381775,True,814,0.8717140555381775,True,814,0.9168203473091125,True,814,0.8445712924003601,True,814,0.8545490503311157,True,c12_correct
815,816,816_10.bmp,preprocessed_results\816\816_10.bmp,815,815,815,0.7894583344459534,814,0.00899722333997488,0.7804611111059785,815|814|712|738|805,0.78945833|0.00899722|0.00559339|0.00446485|0.00410279,1,0.7894583344459534,True,815,0.7894583344459534,True,815,0.8046196699142456,True,815,0.8444237112998962,True,815,0.7264080047607422,True,c12_correct
816,817,817_10.bmp,preprocessed_results\817\817_10.bmp,816,816,816,0.7707832455635071,796,0.01656140573322773,0.7542218398302794,816|796|340|797|37,0.77078325|0.01656141|0.01420303|0.01057578|0.00792776,1,0.7707832455635071,True,816,0.7707832455635071,True,816,0.7738312482833862,True,816,0.8452804684638977,True,816,0.8351038098335266,True,c12_correct
817,818,818_5.bmp,preprocessed_results\818\818_5.bmp,817,817,817,0.7613765597343445,110,0.01161416806280613,0.7497623916715384,817|110|602|183|792,0.76137656|0.01161417|0.01056463|0.00729030|0.00517553,1,0.7613765597343445,True,817,0.7613765597343445,True,817,0.8523483872413635,True,817,0.8392099738121033,True,817,0.8518121838569641,True,c12_correct
818,819,819_3.bmp,preprocessed_results\819\819_3.bmp,818,818,818,0.76993727684021,769,0.009085739962756634,0.7608515368774533,818|769|330|749|331,0.76993728|0.00908574|0.00668683|0.00495291|0.00417798,1,0.76993727684021,True,818,0.76993727684021,True,818,0.8573648929595947,True,818,0.8437612652778625,True,818,0.823134183883667,True,c12_correct
819,820,820_7.bmp,preprocessed_results\820\820_7.bmp,819,819,819,0.8426423072814941,739,0.0039436849765479565,0.8386986223049462,819|739|695|713|329,0.84264231|0.00394368|0.00378707|0.00287392|0.00216625,1,0.8426423072814941,True,819,0.8426423072814941,True,819,0.8287280201911926,True,819,0.8267502188682556,True,819,0.8885705471038818,True,c12_correct
820,821,821_2.bmp,preprocessed_results\821\821_2.bmp,820,820,820,0.7965020537376404,780,0.010770167224109173,0.7857318865135312,820|780|572|734|764,0.79650205|0.01077017|0.00735626|0.00732683|0.00687821,1,0.7965020537376404,True,820,0.7965020537376404,True,820,0.7628335952758789,True,820,0.8203697204589844,True,820,0.8466358184814453,True,c12_correct
821,822,822_3.bmp,preprocessed_results\822\822_3.bmp,821,821,821,0.7938025593757629,740,0.007621416822075844,0.7861811425536871,821|740|673|658|790,0.79380256|0.00762142|0.00716918|0.00386249|0.00373792,1,0.7938025593757629,True,821,0.7938025593757629,True,821,0.8118764758110046,True,821,0.8407095074653625,True,821,0.8323631882667542,True,c12_correct
822,823,823_10.bmp,preprocessed_results\823\823_10.bmp,822,822,822,0.891920268535614,752,0.004001907538622618,0.8879183609969914,822|752|596|780|823,0.89192027|0.00400191|0.00298193|0.00291664|0.00290872,1,0.891920268535614,True,822,0.891920268535614,True,822,0.8878539204597473,True,822,0.8384420871734619,True,822,0.8571101427078247,True,c12_correct
823,824,824_8.bmp,preprocessed_results\824\824_8.bmp,823,823,823,0.7298517823219299,588,0.009999904781579971,0.71985187754035,823|588|700|805|740,0.72985178|0.00999990|0.00581355|0.00548517|0.00438065,1,0.7298517823219299,True,823,0.7298517823219299,True,823,0.8278863430023193,True,823,0.8354722857475281,True,823,0.8636191487312317,True,c12_correct
824,825,825_10.bmp,preprocessed_results\825\825_10.bmp,824,824,824,0.8155839443206787,830,0.0061627645045518875,0.8094211798161268,824|830|570|571|93,0.81558394|0.00616276|0.00583560|0.00395291|0.00326162,1,0.8155839443206787,True,824,0.8155839443206787,True,824,0.7188448905944824,True,824,0.7918769717216492,True,824,0.6961085796356201,True,c12_correct
825,826,826_2.bmp,preprocessed_results\826\826_2.bmp,825,825,825,0.8320139646530151,573,0.006940898951143026,0.8250730657018721,825|573|759|668|770,0.83201396|0.00694090|0.00587273|0.00480761|0.00357981,1,0.8320139646530151,True,825,0.8320139646530151,True,825,0.9235658049583435,True,825,0.8366360068321228,True,825,0.8013372421264648,True,c12_correct
826,827,827_10.bmp,preprocessed_results\827\827_10.bmp,826,826,826,0.8133127093315125,827,0.024557853117585182,0.7887548562139273,826|827|644|809|162,0.81331271|0.02455785|0.01102036|0.00758274|0.00355580,1,0.8133127093315125,True,826,0.8133127093315125,True,826,0.8816589713096619,True,826,0.8449801206588745,True,826,0.780332088470459,True,c12_correct
827,828,828_10.bmp,preprocessed_results\828\828_10.bmp,827,827,827,0.8437351584434509,826,0.021029479801654816,0.8227056786417961,827|826|644|645|803,0.84373516|0.02102948|0.00942660|0.00493885|0.00353190,1,0.8437351584434509,True,827,0.8437351584434509,True,827,0.7068804502487183,True,827,0.8418859243392944,True,827,0.7859734296798706,True,c12_correct
828,829,829_2.bmp,preprocessed_results\829\829_2.bmp,828,828,828,0.8616471290588379,811,0.0056718760170042515,0.8559752530418336,828|811|580|829|692,0.86164713|0.00567188|0.00525819|0.00400356|0.00378101,1,0.8616471290588379,True,828,0.8616471290588379,True,828,0.6957080364227295,True,828,0.8078099489212036,True,828,0.5804144144058228,True,c12_correct
829,830,830_5.bmp,preprocessed_results\830\830_5.bmp,829,829,829,0.8567452430725098,99,0.006123512517660856,0.8506217305548489,829|99|588|809|665,0.85674524|0.00612351|0.00480528|0.00453990|0.00301816,1,0.8567452430725098,True,829,0.8567452430725098,True,829,0.8663713932037354,True,829,0.8249068260192871,True,829,0.8298493027687073,True,c12_correct
830,831,831_8.bmp,preprocessed_results\831\831_8.bmp,830,830,830,0.8315489888191223,620,0.012192336842417717,0.8193566519767046,830|620|831|824|287,0.83154899|0.01219234|0.01091961|0.00522901|0.00362321,1,0.8315489888191223,True,830,0.8315489888191223,True,830,0.8657361268997192,True,830,0.8167375922203064,True,830,0.8117547631263733,True,c12_correct
831,832,832_9.bmp,preprocessed_results\832\832_9.bmp,831,831,831,0.137173131108284,799,0.04330931231379509,0.0938638187944889,831|799|425|752|806,0.13717313|0.04330931|0.03644934|0.03606524|0.01658733,1,0.137173131108284,True,831,0.137173131108284,True,830,0.03701392188668251,False,831,0.794791579246521,True,831,0.29672980308532715,True,c12_correct
832,833,833_10.bmp,preprocessed_results\833\833_10.bmp,832,832,832,0.3170569837093353,564,0.01828274317085743,0.2987742405384779,832|564|282|77|606,0.31705698|0.01828274|0.01701473|0.01068800|0.00906379,1,0.3170569837093353,True,832,0.3170569837093353,True,832,0.8061517477035522,True,832,0.8294907808303833,True,832,0.8162710666656494,True,c12_correct
833,834,834_8.bmp,preprocessed_results\834\834_8.bmp,833,833,833,0.8204581141471863,563,0.007600423879921436,0.8128576902672648,833|563|712|832|584,0.82045811|0.00760042|0.00573855|0.00484306|0.00307400,1,0.8204581141471863,True,833,0.8204581141471863,True,833,0.8513408899307251,True,833,0.8211889863014221,True,833,0.8769004940986633,True,c12_correct
